module,syllabusRef,level,text,optionA,optionB,optionC,optionD,correctAnswer,difficulty,subTopic,aiSourceRef,aiConfidence,status,reviewNote,points,sourceFile,rawJson,isEssay
M1,M1.8.9,,1.   What is the tangent of 90(?,Positive infinity,Negative infinity,0,,Positive infinity,EASY,,,,DRAFT,Computed from question data,1,1.doc,"{""raw"": ""1.   What is the tangent of 90(?"", ""question"": ""1.   What is the tangent of 90(?"", ""options"": [""Positive infinity"", ""Negative infinity"", ""0""], ""correct"": ""Positive infinity"", ""answer_text"": null, ""category"": null, ""source_file"": ""1.doc"", ""source_module"": ""M1"", ""fmt"": ""csv"", ""module"": ""M1"", ""syllabusRef"": ""M1.8.9"", ""level"": """", ""difficulty"": ""EASY"", ""subTopic"": """", ""isEssay"": false}",False
M1,,,What  is its volume?,2.88 m3,0.028 m3,0.000288m3,,2.88 m3,EASY,"2.   A cuboid has dimensions of 4 cm, 6 cm and 12 cm.",,,DRAFT,Found in Suntech corpus,1,1.doc,"{""raw"": ""What  is its volume?"", ""question"": ""What  is its volume?"", ""options"": [""2.88 m3"", ""0.028 m3"", ""0.000288m3""], ""correct"": ""2.88 m3"", ""answer_text"": null, ""category"": null, ""source_file"": ""1.doc"", ""source_module"": ""M1"", ""fmt"": ""csv"", ""module"": ""M1"", ""syllabusRef"": """", ""level"": """", ""difficulty"": ""EASY"", ""subTopic"": ""2.   A cuboid has dimensions of 4 cm, 6 cm and 12 cm."", ""isEssay"": false}",False
M1,M1.8.9,,Work out the following sum:   4 (2 (5,37,28,54,,28,EASY,,,,DRAFT,Matched from 1.doc Exam 1 Q3 via answer key (score=0.81),1,1.doc,"{""raw"": ""Work out the following sum:   4 (2 (5"", ""question"": ""Work out the following sum:   4 (2 (5"", ""options"": [""37"", ""28"", ""54""], ""correct"": ""28"", ""answer_text"": null, ""category"": null, ""source_file"": ""1.doc"", ""source_module"": ""M1"", ""fmt"": ""csv"", ""module"": ""M1"", ""syllabusRef"": ""M1.8.9"", ""level"": """", ""difficulty"": ""EASY"", ""subTopic"": """", ""isEssay"": false}",False
M1,M1.8.9,,4.  100000 in binary is what number in decimal?,16,32,64,,32,EASY,,,,DRAFT,Computed from question data,1,1.doc,"{""raw"": ""4.  100000 in binary is what number in decimal?"", ""question"": ""4.  100000 in binary is what number in decimal?"", ""options"": [""16"", ""32"", ""64""], ""correct"": ""32"", ""answer_text"": null, ""category"": null, ""source_file"": ""1.doc"", ""source_module"": ""M1"", ""fmt"": ""csv"", ""module"": ""M1"", ""syllabusRef"": ""M1.8.9"", ""level"": """", ""difficulty"": ""EASY"", ""subTopic"": """", ""isEssay"": false}",False
M1,M1.8.9,,5.  D in hexadecimal is what number in decimal?,8,13,17,,13,EASY,,,,DRAFT,Matched from 1.doc Exam 1 Q5 via answer key (score=0.89),1,1.doc,"{""raw"": ""5.  D in hexadecimal is what number in decimal?"", ""question"": ""5.  D in hexadecimal is what number in decimal?"", ""options"": [""8"", ""13"", ""17""], ""correct"": ""13"", ""answer_text"": null, ""category"": null, ""source_file"": ""1.doc"", ""source_module"": ""M1"", ""fmt"": ""csv"", ""module"": ""M1"", ""syllabusRef"": ""M1.8.9"", ""level"": """", ""difficulty"": ""EASY"", ""subTopic"": """", ""isEssay"": false}",False
M1,M1.8.9,,6.  In the following equation what is the y-intercept?,4,2,8,,2,MEDIUM,,,,DRAFT,Matched from 1.doc Exam 1 Q8 via answer key (score=0.53),1,1.doc,"{""raw"": ""6.  In the following equation what is the y-intercept?"", ""question"": ""6.  In the following equation what is the y-intercept?"", ""options"": [""4"", ""2"", ""8""], ""correct"": ""2"", ""answer_text"": null, ""category"": null, ""source_file"": ""1.doc"", ""source_module"": ""M1"", ""fmt"": ""csv"", ""module"": ""M1"", ""syllabusRef"": ""M1.8.9"", ""level"": """", ""difficulty"": ""MEDIUM"", ""subTopic"": """", ""isEssay"": false}",False
M1,M1.8.9,,Solve the following equation to find x:,5,25,125,,25,EASY,,,,DRAFT,Matched from 1.doc Exam 1 Q8 via answer key (score=0.74),1,1.doc,"{""raw"": ""Solve the following equation to find x:"", ""question"": ""Solve the following equation to find x:"", ""options"": [""5"", ""25"", ""125""], ""correct"": ""25"", ""answer_text"": null, ""category"": null, ""source_file"": ""1.doc"", ""source_module"": ""M1"", ""fmt"": ""csv"", ""module"": ""M1"", ""syllabusRef"": ""M1.8.9"", ""level"": """", ""difficulty"": ""EASY"", ""subTopic"": """", ""isEssay"": false}",False
M1,M1.8.9,,Simplify the following,+1,-1,0,,+1,EASY,,,,DRAFT,Matched from 1.doc Exam 1 Q9 via answer key (score=0.59),1,1.doc,"{""raw"": ""Simplify the following"", ""question"": ""Simplify the following"", ""options"": [""+1"", ""-1"", ""0""], ""correct"": ""+1"", ""answer_text"": null, ""category"": null, ""source_file"": ""1.doc"", ""source_module"": ""M1"", ""fmt"": ""csv"", ""module"": ""M1"", ""syllabusRef"": ""M1.8.9"", ""level"": """", ""difficulty"": ""EASY"", ""subTopic"": """", ""isEssay"": false}",False
M1,,,101012  + 110012  =,462,468,4610,,4610,EASY,,,,DRAFT,Matched from 1.doc Exam 1 Q10 via answer key (score=0.51),1,1.doc,"{""raw"": ""101012  + 110012  ="", ""question"": ""101012  + 110012  ="", ""options"": [""462"", ""468"", ""4610""], ""correct"": ""4610"", ""answer_text"": null, ""category"": null, ""source_file"": ""1.doc"", ""source_module"": ""M1"", ""fmt"": ""csv"", ""module"": ""M1"", ""syllabusRef"": """", ""level"": """", ""difficulty"": ""EASY"", ""subTopic"": """", ""isEssay"": false}",False
M1,M1.11.2,,Which of the following formulae are correct for the,C2 = A2 + B2,B2 = C2 + A2,A2 = C2 + B2,,C2 = A2 + B2,MEDIUM,,,,DRAFT,Matched from 1.doc Exam 2 Q1 via answer key (score=0.71),1,1.doc,"{""raw"": ""Which of the following formulae are correct for the"", ""question"": ""Which of the following formulae are correct for the"", ""options"": [""C2 = A2 + B2"", ""B2 = C2 + A2"", ""A2 = C2 + B2""], ""correct"": ""C2 = A2 + B2"", ""answer_text"": null, ""category"": null, ""source_file"": ""1.doc"", ""source_module"": ""M1"", ""fmt"": ""csv"", ""module"": ""M1"", ""syllabusRef"": ""M1.11.2"", ""level"": """", ""difficulty"": ""MEDIUM"", ""subTopic"": """", ""isEssay"": false}",False
M1,,,A rectangle 11cm x 120cm.  What is its area in m2,1320,13.2,0.132,,1320,EASY,,,,DRAFT,Computed from question data,1,1.doc,"{""raw"": ""A rectangle 11cm x 120cm.  What is its area in m2"", ""question"": ""A rectangle 11cm x 120cm.  What is its area in m2"", ""options"": [""1320"", ""13.2"", ""0.132""], ""correct"": ""1320"", ""answer_text"": null, ""category"": null, ""source_file"": ""1.doc"", ""source_module"": ""M1"", ""fmt"": ""csv"", ""module"": ""M1"", ""syllabusRef"": """", ""level"": """", ""difficulty"": ""EASY"", ""subTopic"": """", ""isEssay"": false}",False
M1,M1.9.5,,3.   What is 738 in binary coded decimal?,111100010,1011110010,11100111000,,11100111000,EASY,,,,DRAFT,Matched from 1.doc Exam 2 Q3 via answer key (score=0.67),1,1.doc,"{""raw"": ""3.   What is 738 in binary coded decimal?"", ""question"": ""3.   What is 738 in binary coded decimal?"", ""options"": [""111100010"", ""1011110010"", ""11100111000""], ""correct"": ""11100111000"", ""answer_text"": null, ""category"": null, ""source_file"": ""1.doc"", ""source_module"": ""M1"", ""fmt"": ""csv"", ""module"": ""M1"", ""syllabusRef"": ""M1.9.5"", ""level"": """", ""difficulty"": ""EASY"", ""subTopic"": """", ""isEssay"": false}",False
M1,,,radians does it turn through?,2p radians,p radians,2R2 radians,,p radians,EASY,4.   If a wheel of radius R revolves,,,DRAFT,Found in Suntech corpus,1,1.doc,"{""raw"": ""radians does it turn through?"", ""question"": ""radians does it turn through?"", ""options"": [""2p radians"", ""p radians"", ""2R2 radians""], ""correct"": ""p radians"", ""answer_text"": null, ""category"": null, ""source_file"": ""1.doc"", ""source_module"": ""M1"", ""fmt"": ""csv"", ""module"": ""M1"", ""syllabusRef"": """", ""level"": """", ""difficulty"": ""EASY"", ""subTopic"": ""4.   If a wheel of radius R revolves"", ""isEssay"": false}",False
M1,,,"If there are two similar angles in a right triangle,",complementary,supplementary,subordinate,,complementary,MEDIUM,,,,DRAFT,Matched from 1.doc Exam 2 Q5 via answer key (score=0.64),1,1.doc,"{""raw"": ""If there are two similar angles in a right triangle,"", ""question"": ""If there are two similar angles in a right triangle,"", ""options"": [""complementary"", ""supplementary"", ""subordinate""], ""correct"": ""complementary"", ""answer_text"": null, ""category"": null, ""source_file"": ""1.doc"", ""source_module"": ""M1"", ""fmt"": ""csv"", ""module"": ""M1"", ""syllabusRef"": """", ""level"": """", ""difficulty"": ""MEDIUM"", ""subTopic"": """", ""isEssay"": false}",False
M1,M1.8.9,,The surface area of a cone whose flat is 10 cm and,80 p,40 p,120 p,,40 p,MEDIUM,,,,DRAFT,Matched from 1.doc Exam 2 Q6 via answer key (score=0.74),1,1.doc,"{""raw"": ""The surface area of a cone whose flat is 10 cm and"", ""question"": ""The surface area of a cone whose flat is 10 cm and"", ""options"": [""80 p"", ""40 p"", ""120 p""], ""correct"": ""40 p"", ""answer_text"": null, ""category"": null, ""source_file"": ""1.doc"", ""source_module"": ""M1"", ""fmt"": ""csv"", ""module"": ""M1"", ""syllabusRef"": ""M1.8.9"", ""level"": """", ""difficulty"": ""MEDIUM"", ""subTopic"": """", ""isEssay"": false}",False
M1,,,(A + B)4      is,(A + B)2,A + B,(A + B)6,,(A + B)2,EASY,,,,DRAFT,Found in Suntech corpus,1,1.doc,"{""raw"": ""(A + B)4      is"", ""question"": ""(A + B)4      is"", ""options"": [""(A + B)2"", ""A + B"", ""(A + B)6""], ""correct"": ""(A + B)2"", ""answer_text"": null, ""category"": null, ""source_file"": ""1.doc"", ""source_module"": ""M1"", ""fmt"": ""csv"", ""module"": ""M1"", ""syllabusRef"": """", ""level"": """", ""difficulty"": ""EASY"", ""subTopic"": """", ""isEssay"": false}",False
M1,,,An equilateral triangle has,2 equal sides,no equal sides,3 equal sides,,3 equal sides,EASY,,,,DRAFT,Matched from 1.doc Exam 2 Q8 via answer key (score=0.56),1,1.doc,"{""raw"": ""An equilateral triangle has"", ""question"": ""An equilateral triangle has"", ""options"": [""2 equal sides"", ""no equal sides"", ""3 equal sides""], ""correct"": ""3 equal sides"", ""answer_text"": null, ""category"": null, ""source_file"": ""1.doc"", ""source_module"": ""M1"", ""fmt"": ""csv"", ""module"": ""M1"", ""syllabusRef"": """", ""level"": """", ""difficulty"": ""EASY"", ""subTopic"": """", ""isEssay"": false}",False
M1,,,11/16  +  5/8  =,55/128,21/16,10/11,,10/11,EASY,,,,DRAFT,Found in Suntech corpus,1,1.doc,"{""raw"": ""11/16  +  5/8  ="", ""question"": ""11/16  +  5/8  ="", ""options"": [""55/128"", ""21/16"", ""10/11""], ""correct"": ""10/11"", ""answer_text"": null, ""category"": null, ""source_file"": ""1.doc"", ""source_module"": ""M1"", ""fmt"": ""csv"", ""module"": ""M1"", ""syllabusRef"": """", ""level"": """", ""difficulty"": ""EASY"", ""subTopic"": """", ""isEssay"": false}",False
M1,,,7/6 can be expressed as,2.6,1.6,1.166,,1.166,EASY,,,,DRAFT,Matched from 1.doc Exam 3 Q3 via answer key (score=0.77),1,1.doc,"{""raw"": ""7/6 can be expressed as"", ""question"": ""7/6 can be expressed as"", ""options"": [""2.6"", ""1.6"", ""1.166""], ""correct"": ""1.166"", ""answer_text"": null, ""category"": null, ""source_file"": ""1.doc"", ""source_module"": ""M1"", ""fmt"": ""csv"", ""module"": ""M1"", ""syllabusRef"": """", ""level"": """", ""difficulty"": ""EASY"", ""subTopic"": """", ""isEssay"": false}",False
M1,M1.8.9,,The ratio of 6:5 can be expressed as,20 : 25,24 : 20,10 : 16,,24 : 20,EASY,,,,DRAFT,Computed from question data,1,1.doc,"{""raw"": ""The ratio of 6:5 can be expressed as"", ""question"": ""The ratio of 6:5 can be expressed as"", ""options"": [""20 : 25"", ""24 : 20"", ""10 : 16""], ""correct"": ""24 : 20"", ""answer_text"": null, ""category"": null, ""source_file"": ""1.doc"", ""source_module"": ""M1"", ""fmt"": ""csv"", ""module"": ""M1"", ""syllabusRef"": ""M1.8.9"", ""level"": """", ""difficulty"": ""EASY"", ""subTopic"": """", ""isEssay"": false}",False
M1,,,143 can be expressed as,14 x 3,14 x 14 x 14,14 + 14 + 14,,14 + 14 + 14,EASY,,,,DRAFT,Matched from 1.doc Exam 3 Q3 via answer key (score=0.67),1,1.doc,"{""raw"": ""143 can be expressed as"", ""question"": ""143 can be expressed as"", ""options"": [""14 x 3"", ""14 x 14 x 14"", ""14 + 14 + 14""], ""correct"": ""14 + 14 + 14"", ""answer_text"": null, ""category"": null, ""source_file"": ""1.doc"", ""source_module"": ""M1"", ""fmt"": ""csv"", ""module"": ""M1"", ""syllabusRef"": """", ""level"": """", ""difficulty"": ""EASY"", ""subTopic"": """", ""isEssay"": false}",False
M1,,,0.0000413 can be written as,413 x 10-7,0.413 x 10-7,4.13 x 10-7,,413 x 10-7,EASY,,,,DRAFT,Matched from 1.doc Exam 3 Q6 via answer key (score=0.60),1,1.doc,"{""raw"": ""0.0000413 can be written as"", ""question"": ""0.0000413 can be written as"", ""options"": [""413 x 10-7"", ""0.413 x 10-7"", ""4.13 x 10-7""], ""correct"": ""413 x 10-7"", ""answer_text"": null, ""category"": null, ""source_file"": ""1.doc"", ""source_module"": ""M1"", ""fmt"": ""csv"", ""module"": ""M1"", ""syllabusRef"": """", ""level"": """", ""difficulty"": ""EASY"", ""subTopic"": """", ""isEssay"": false}",False
M1,,,5/8 + 3/4 =,11/4,11/8,8/8,,11/8,EASY,,,,DRAFT,Matched from 1.doc Exam 3 Q7 via answer key (score=0.50),1,1.doc,"{""raw"": ""5/8 + 3/4 ="", ""question"": ""5/8 + 3/4 ="", ""options"": [""11/4"", ""11/8"", ""8/8""], ""correct"": ""11/8"", ""answer_text"": null, ""category"": null, ""source_file"": ""1.doc"", ""source_module"": ""M1"", ""fmt"": ""csv"", ""module"": ""M1"", ""syllabusRef"": """", ""level"": """", ""difficulty"": ""EASY"", ""subTopic"": """", ""isEssay"": false}",False
M1,M1.8.9,,The LCD for the problem 1/6 + 1/5 + 1/17 + 1/2  is,1020,17,510,,510,MEDIUM,,,,DRAFT,Matched from 1.doc Exam 3 Q8 via answer key (score=0.88),1,1.doc,"{""raw"": ""The LCD for the problem 1/6 + 1/5 + 1/17 + 1/2  is"", ""question"": ""The LCD for the problem 1/6 + 1/5 + 1/17 + 1/2  is"", ""options"": [""1020"", ""17"", ""510""], ""correct"": ""510"", ""answer_text"": null, ""category"": null, ""source_file"": ""1.doc"", ""source_module"": ""M1"", ""fmt"": ""csv"", ""module"": ""M1"", ""syllabusRef"": ""M1.8.9"", ""level"": """", ""difficulty"": ""MEDIUM"", ""subTopic"": """", ""isEssay"": false}",False
M1,,,Area of a right circular cone is,p x r x l,(p x r x l) + 2  p x r x r,2/3 (p x r x l),,p x r x l,EASY,,,,DRAFT,Matched from 1.doc Exam 4 Q1 via answer key (score=0.58),1,1.doc,"{""raw"": ""Area of a right circular cone is"", ""question"": ""Area of a right circular cone is"", ""options"": [""p x r x l"", ""(p x r x l) + 2  p x r x r"", ""2/3 (p x r x l)""], ""correct"": ""p x r x l"", ""answer_text"": null, ""category"": null, ""source_file"": ""1.doc"", ""source_module"": ""M1"", ""fmt"": ""csv"", ""module"": ""M1"", ""syllabusRef"": """", ""level"": """", ""difficulty"": ""EASY"", ""subTopic"": """", ""isEssay"": false}",False
M1,,,log 9 - log 3 =,log 3,log 6,log 9,,log 3,EASY,,,,DRAFT,Matched from 1.doc Exam 4 Q2 via answer key (score=0.55),1,1.doc,"{""raw"": ""log 9 - log 3 ="", ""question"": ""log 9 - log 3 ="", ""options"": [""log 3"", ""log 6"", ""log 9""], ""correct"": ""log 3"", ""answer_text"": null, ""category"": null, ""source_file"": ""1.doc"", ""source_module"": ""M1"", ""fmt"": ""csv"", ""module"": ""M1"", ""syllabusRef"": """", ""level"": """", ""difficulty"": ""EASY"", ""subTopic"": """", ""isEssay"": false}",False
M1,M1.8.9,,The three angles of a triangle summed together equal,90,180,360,,180,MEDIUM,,,,DRAFT,Matched from 1.doc Exam 4 Q3 via answer key (score=0.90),1,1.doc,"{""raw"": ""The three angles of a triangle summed together equal"", ""question"": ""The three angles of a triangle summed together equal"", ""options"": [""90"", ""180"", ""360""], ""correct"": ""180"", ""answer_text"": null, ""category"": null, ""source_file"": ""1.doc"", ""source_module"": ""M1"", ""fmt"": ""csv"", ""module"": ""M1"", ""syllabusRef"": ""M1.8.9"", ""level"": """", ""difficulty"": ""MEDIUM"", ""subTopic"": """", ""isEssay"": false}",False
M1,,,"Given that a = X + B, what is y equal to",a + X,X - B,X + B,,X + B,EASY,,,,DRAFT,Matched from 1.doc Exam 4 Q5 via answer key (score=0.78),1,1.doc,"{""raw"": ""Given that a = X + B, what is y equal to"", ""question"": ""Given that a = X + B, what is y equal to"", ""options"": [""a + X"", ""X - B"", ""X + B""], ""correct"": ""X + B"", ""answer_text"": null, ""category"": null, ""source_file"": ""1.doc"", ""source_module"": ""M1"", ""fmt"": ""csv"", ""module"": ""M1"", ""syllabusRef"": """", ""level"": """", ""difficulty"": ""EASY"", ""subTopic"": """", ""isEssay"": false}",False
M1,,,Calculate (+ 3) - (- 4),-1,+7,-7,,+7,EASY,,,,DRAFT,Matched from 1.doc Exam 4 Q6 via answer key (score=0.81),1,1.doc,"{""raw"": ""Calculate (+ 3) - (- 4)"", ""question"": ""Calculate (+ 3) - (- 4)"", ""options"": [""-1"", ""+7"", ""-7""], ""correct"": ""+7"", ""answer_text"": null, ""category"": null, ""source_file"": ""1.doc"", ""source_module"": ""M1"", ""fmt"": ""csv"", ""module"": ""M1"", ""syllabusRef"": """", ""level"": """", ""difficulty"": ""EASY"", ""subTopic"": """", ""isEssay"": false}",False
M1,M1.8.9,,"To convert imperial gallons to litres, multiply by",4.5,5.4,4.7,,4.5,MEDIUM,,,,DRAFT,Matched from 1.doc Exam 4 Q7 via answer key (score=0.89),1,1.doc,"{""raw"": ""To convert imperial gallons to litres, multiply by"", ""question"": ""To convert imperial gallons to litres, multiply by"", ""options"": [""4.5"", ""5.4"", ""4.7""], ""correct"": ""4.5"", ""answer_text"": null, ""category"": null, ""source_file"": ""1.doc"", ""source_module"": ""M1"", ""fmt"": ""csv"", ""module"": ""M1"", ""syllabusRef"": ""M1.8.9"", ""level"": """", ""difficulty"": ""MEDIUM"", ""subTopic"": """", ""isEssay"": false}",False
M1,M1.8.9,,Express 9/20 as a percentage,45 %,40 %,47 %,,45 %,EASY,,,,DRAFT,Matched from 1.doc Exam 4 Q8 via answer key (score=0.86),1,1.doc,"{""raw"": ""Express 9/20 as a percentage"", ""question"": ""Express 9/20 as a percentage"", ""options"": [""45 %"", ""40 %"", ""47 %""], ""correct"": ""45 %"", ""answer_text"": null, ""category"": null, ""source_file"": ""1.doc"", ""source_module"": ""M1"", ""fmt"": ""csv"", ""module"": ""M1"", ""syllabusRef"": ""M1.8.9"", ""level"": """", ""difficulty"": ""EASY"", ""subTopic"": """", ""isEssay"": false}",False
M1,M1.8.9,,"To find the area of a circle, multiply",the square of the radius by p,the square of the circumference  by the radius,twice the radius by p,,the square of the radius by p,EASY,,,,DRAFT,Found in Suntech corpus,1,1.doc,"{""raw"": ""To find the area of a circle, multiply"", ""question"": ""To find the area of a circle, multiply"", ""options"": [""the square of the radius by p"", ""the square of the circumference  by the radius"", ""twice the radius by p""], ""correct"": ""the square of the radius by p"", ""answer_text"": null, ""category"": null, ""source_file"": ""1.doc"", ""source_module"": ""M1"", ""fmt"": ""csv"", ""module"": ""M1"", ""syllabusRef"": ""M1.8.9"", ""level"": """", ""difficulty"": ""EASY"", ""subTopic"": """", ""isEssay"": false}",False
M1,,,10.   How many centimetres is in an inch?,25.4,0.254,2.54,,25.4,EASY,,,,DRAFT,Found in Suntech corpus,1,1.doc,"{""raw"": ""10.   How many centimetres is in an inch?"", ""question"": ""10.   How many centimetres is in an inch?"", ""options"": [""25.4"", ""0.254"", ""2.54""], ""correct"": ""25.4"", ""answer_text"": null, ""category"": null, ""source_file"": ""1.doc"", ""source_module"": ""M1"", ""fmt"": ""csv"", ""module"": ""M1"", ""syllabusRef"": """", ""level"": """", ""difficulty"": ""EASY"", ""subTopic"": """", ""isEssay"": false}",False
M1,M1.9.5,,The decimal expansion of 22/7 is,"For some integer n, the odd integer is represented in the form of:",HCF of 26 and 91 is:,,,"For some integer n, the odd integer is represented in the form of:",MEDIUM,,,,DRAFT,Found in Suntech corpus,1,AEROJET M1 MATH MARATHON 1_230801_064301.pdf,"{""raw"": ""The decimal expansion of 22/7 is"", ""question"": ""The decimal expansion of 22/7 is"", ""options"": [""For some integer n, the odd integer is represented in the form of:"", ""HCF of 26 and 91 is:""], ""correct"": ""For some integer n, the odd integer is represented in the form of:"", ""answer_text"": null, ""category"": null, ""source_file"": ""AEROJET M1 MATH MARATHON 1_230801_064301.pdf"", ""source_module"": ""M1"", ""fmt"": ""csv"", ""module"": ""M1"", ""syllabusRef"": ""M1.9.5"", ""level"": """", ""difficulty"": ""MEDIUM"", ""subTopic"": """", ""isEssay"": false}",False
M1,M1.8.9,,Which of the following is not irrational?,The addition of a rational number and an irrational number is equal to:,The multiplication of two irrational numbers is:,"If set A = {1, 2, 3, 4, 5,…} is given, then it represents:",,,HARD,,,,DRAFT,Found in Suntech corpus,1,AEROJET M1 MATH MARATHON 1_230801_064301.pdf,"{""raw"": ""Which of the following is not irrational?"", ""question"": ""Which of the following is not irrational?"", ""options"": [""The addition of a rational number and an irrational number is equal to:"", ""The multiplication of two irrational numbers is:"", ""If set A = {1, 2, 3, 4, 5,…} is given, then it represents:""], ""correct"": """", ""answer_text"": null, ""category"": null, ""source_file"": ""AEROJET M1 MATH MARATHON 1_230801_064301.pdf"", ""source_module"": ""M1"", ""fmt"": ""csv"", ""module"": ""M1"", ""syllabusRef"": ""M1.8.9"", ""level"": """", ""difficulty"": ""HARD"", ""subTopic"": """", ""isEssay"": false}",False
M1,M1.8.9,,"If 77.95 – x = 22.05, find x",– 100,100,55.9,,,EASY,,,,NEEDS_ANSWER,NEEDS_ANSWER — answer not provided in source; solve via admin review,1,AEROJET M1  MOCK  AUG TT3 EXTRA 1_230817_091323.pdf,"{""raw"": ""If 77.95 – x = 22.05, find x"", ""question"": ""If 77.95 – x = 22.05, find x"", ""options"": [""– 100"", ""100"", ""55.9""], ""correct"": """", ""answer_text"": null, ""category"": null, ""source_file"": ""AEROJET M1  MOCK  AUG TT3 EXTRA 1_230817_091323.pdf"", ""source_module"": ""M1"", ""fmt"": ""csv"", ""module"": ""M1"", ""syllabusRef"": ""M1.8.9"", ""level"": """", ""difficulty"": ""EASY"", ""subTopic"": """", ""isEssay"": false}",False
M1,,,3/7 multiplied by 0.084 gives,0.036,0.36,3.6,,3.6,EASY,,,,DRAFT,Found in Suntech corpus,1,AEROJET M1  MOCK  AUG TT3 EXTRA 1_230817_091323.pdf,"{""raw"": ""3/7 multiplied by 0.084 gives"", ""question"": ""3/7 multiplied by 0.084 gives"", ""options"": [""0.036"", ""0.36"", ""3.6""], ""correct"": ""3.6"", ""answer_text"": null, ""category"": null, ""source_file"": ""AEROJET M1  MOCK  AUG TT3 EXTRA 1_230817_091323.pdf"", ""source_module"": ""M1"", ""fmt"": ""csv"", ""module"": ""M1"", ""syllabusRef"": """", ""level"": """", ""difficulty"": ""EASY"", ""subTopic"": """", ""isEssay"": false}",False
M1,,,Tan 90 degrees + Cos 0 degrees =,0,1,undefined,,undefined,EASY,,,,DRAFT,Computed from question data,1,AEROJET M1  MOCK  AUG TT3 EXTRA 1_230817_091323.pdf,"{""raw"": ""Tan 90 degrees + Cos 0 degrees ="", ""question"": ""Tan 90 degrees + Cos 0 degrees ="", ""options"": [""0"", ""1"", ""undefined""], ""correct"": ""undefined"", ""answer_text"": null, ""category"": null, ""source_file"": ""AEROJET M1  MOCK  AUG TT3 EXTRA 1_230817_091323.pdf"", ""source_module"": ""M1"", ""fmt"": ""csv"", ""module"": ""M1"", ""syllabusRef"": """", ""level"": """", ""difficulty"": ""EASY"", ""subTopic"": """", ""isEssay"": false}",False
M1,M1.8.9,,"Find the length of line BC in Fig. 1, given that OBC and EDC are straight lines, line DC is 6 m long,",14 cm,10 cm,2 cm,,,MEDIUM,,,,NEEDS_ANSWER,NEEDS_ANSWER — answer not provided in source; solve via admin review,1,AEROJET M1  MOCK  AUG TT3 EXTRA 1_230817_091323.pdf,"{""raw"": ""Find the length of line BC in Fig. 1, given that OBC and EDC are straight lines, line DC is 6 m long,"", ""question"": ""Find the length of line BC in Fig. 1, given that OBC and EDC are straight lines, line DC is 6 m long,"", ""options"": [""14 cm"", ""10 cm"", ""2 cm""], ""correct"": """", ""answer_text"": null, ""category"": null, ""source_file"": ""AEROJET M1  MOCK  AUG TT3 EXTRA 1_230817_091323.pdf"", ""source_module"": ""M1"", ""fmt"": ""csv"", ""module"": ""M1"", ""syllabusRef"": ""M1.8.9"", ""level"": """", ""difficulty"": ""MEDIUM"", ""subTopic"": """", ""isEssay"": false}",False
M1,M1.8.9,,Any number that can be expressed as the product of an integer and the reciprocal of an integer,a rational number,a fraction,an irrational number,,,MEDIUM,,,,NEEDS_ANSWER,NEEDS_ANSWER — answer not provided in source; solve via admin review,1,AEROJET M1  MOCK  AUG TT3 EXTRA 1_230817_091323.pdf,"{""raw"": ""Any number that can be expressed as the product of an integer and the reciprocal of an integer"", ""question"": ""Any number that can be expressed as the product of an integer and the reciprocal of an integer"", ""options"": [""a rational number"", ""a fraction"", ""an irrational number""], ""correct"": """", ""answer_text"": null, ""category"": null, ""source_file"": ""AEROJET M1  MOCK  AUG TT3 EXTRA 1_230817_091323.pdf"", ""source_module"": ""M1"", ""fmt"": ""csv"", ""module"": ""M1"", ""syllabusRef"": ""M1.8.9"", ""level"": """", ""difficulty"": ""MEDIUM"", ""subTopic"": """", ""isEssay"": false}",False
M1,,,(2+6)2×2−45×2 =,– 20,58,38,,– 20,EASY,,,,REVIEWED,Computed: 2 = 2,1,AEROJET M1  MOCK  AUG TT3 EXTRA 1_230817_091323.pdf,"{""raw"": ""(2+6)2×2−45×2 ="", ""question"": ""(2+6)2×2−45×2 ="", ""options"": [""– 20"", ""58"", ""38""], ""correct"": ""– 20"", ""answer_text"": null, ""category"": null, ""source_file"": ""AEROJET M1  MOCK  AUG TT3 EXTRA 1_230817_091323.pdf"", ""source_module"": ""M1"", ""fmt"": ""csv"", ""module"": ""M1"", ""syllabusRef"": """", ""level"": """", ""difficulty"": ""EASY"", ""subTopic"": """", ""isEssay"": false}",False
M1,,,Solve for y if ( 1 +𝑎)𝑏2 = 𝐶,y = −𝑎,y = −𝑎,y =,,,EASY,,,,NEEDS_ANSWER,NEEDS_ANSWER — answer not provided in source; solve via admin review,1,AEROJET M1  MOCK  AUG TT3 EXTRA 1_230817_091323.pdf,"{""raw"": ""Solve for y if ( 1 +𝑎)𝑏2 = 𝐶"", ""question"": ""Solve for y if ( 1 +𝑎)𝑏2 = 𝐶"", ""options"": [""y = −𝑎"", ""y = −𝑎"", ""y =""], ""correct"": """", ""answer_text"": null, ""category"": null, ""source_file"": ""AEROJET M1  MOCK  AUG TT3 EXTRA 1_230817_091323.pdf"", ""source_module"": ""M1"", ""fmt"": ""csv"", ""module"": ""M1"", ""syllabusRef"": """", ""level"": """", ""difficulty"": ""EASY"", ""subTopic"": """", ""isEssay"": false}",False
M1,M1.8.9,,"10. Find angle ABD in Fig. 2, given that triangle ABC is equilateral, BC = CD and angle BCD is 40°?",130°,70°,100°,,,MEDIUM,,,,NEEDS_ANSWER,NEEDS_ANSWER — answer not provided in source; solve via admin review,1,AEROJET M1  MOCK  AUG TT3 EXTRA 1_230817_091323.pdf,"{""raw"": ""10. Find angle ABD in Fig. 2, given that triangle ABC is equilateral, BC = CD and angle BCD is 40°?"", ""question"": ""10. Find angle ABD in Fig. 2, given that triangle ABC is equilateral, BC = CD and angle BCD is 40°?"", ""options"": [""130°"", ""70°"", ""100°""], ""correct"": """", ""answer_text"": null, ""category"": null, ""source_file"": ""AEROJET M1  MOCK  AUG TT3 EXTRA 1_230817_091323.pdf"", ""source_module"": ""M1"", ""fmt"": ""csv"", ""module"": ""M1"", ""syllabusRef"": ""M1.8.9"", ""level"": """", ""difficulty"": ""MEDIUM"", ""subTopic"": """", ""isEssay"": false}",False
M1,M1.8.9,,"If CD = 7 cm and BD = 5 cm, then find the perimeter of triangle ABC in Fig. 2.",19 cm,17 cm,21 cm,,,MEDIUM,,,,NEEDS_ANSWER,NEEDS_ANSWER — answer not provided in source; solve via admin review,1,AEROJET M1  MOCK  AUG TT3 EXTRA 1_230817_091323.pdf,"{""raw"": ""If CD = 7 cm and BD = 5 cm, then find the perimeter of triangle ABC in Fig. 2."", ""question"": ""If CD = 7 cm and BD = 5 cm, then find the perimeter of triangle ABC in Fig. 2."", ""options"": [""19 cm"", ""17 cm"", ""21 cm""], ""correct"": """", ""answer_text"": null, ""category"": null, ""source_file"": ""AEROJET M1  MOCK  AUG TT3 EXTRA 1_230817_091323.pdf"", ""source_module"": ""M1"", ""fmt"": ""csv"", ""module"": ""M1"", ""syllabusRef"": ""M1.8.9"", ""level"": """", ""difficulty"": ""MEDIUM"", ""subTopic"": """", ""isEssay"": false}",False
M1,,,Add 56° 47 minute 38 seconds to 31° 31 minutes 27 seconds,88 ° 19 minutes 5 seconds,87 ° 20 minutes 5 seconds,88 ° 18 minutes 5 seconds,,88 ° 19 minutes 5 seconds,MEDIUM,,,,DRAFT,Found in Suntech corpus,1,AEROJET M1  MOCK  AUG TT3 EXTRA 1_230817_091323.pdf,"{""raw"": ""Add 56° 47 minute 38 seconds to 31° 31 minutes 27 seconds"", ""question"": ""Add 56° 47 minute 38 seconds to 31° 31 minutes 27 seconds"", ""options"": [""88 ° 19 minutes 5 seconds"", ""87 ° 20 minutes 5 seconds"", ""88 ° 18 minutes 5 seconds""], ""correct"": ""88 ° 19 minutes 5 seconds"", ""answer_text"": null, ""category"": null, ""source_file"": ""AEROJET M1  MOCK  AUG TT3 EXTRA 1_230817_091323.pdf"", ""source_module"": ""M1"", ""fmt"": ""csv"", ""module"": ""M1"", ""syllabusRef"": """", ""level"": """", ""difficulty"": ""MEDIUM"", ""subTopic"": """", ""isEssay"": false}",False
M1,,,5(5((5−1)−1))+1 =,100,124,76,,,EASY,,,,NEEDS_ANSWER,NEEDS_ANSWER — answer not provided in source; solve via admin review,1,AEROJET M1  MOCK  AUG TT3 EXTRA 1_230817_091323.pdf,"{""raw"": ""5(5((5−1)−1))+1 ="", ""question"": ""5(5((5−1)−1))+1 ="", ""options"": [""100"", ""124"", ""76""], ""correct"": """", ""answer_text"": null, ""category"": null, ""source_file"": ""AEROJET M1  MOCK  AUG TT3 EXTRA 1_230817_091323.pdf"", ""source_module"": ""M1"", ""fmt"": ""csv"", ""module"": ""M1"", ""syllabusRef"": """", ""level"": """", ""difficulty"": ""EASY"", ""subTopic"": """", ""isEssay"": false}",False
M1,M1.11.2,,14. Which of the following does not contain parallel sides?,Kite,Rhombus,Trapezium,,,MEDIUM,,,,NEEDS_ANSWER,NEEDS_ANSWER — answer not provided in source; solve via admin review,1,AEROJET M1  MOCK  AUG TT3 EXTRA 1_230817_091323.pdf,"{""raw"": ""14. Which of the following does not contain parallel sides?"", ""question"": ""14. Which of the following does not contain parallel sides?"", ""options"": [""Kite"", ""Rhombus"", ""Trapezium""], ""correct"": """", ""answer_text"": null, ""category"": null, ""source_file"": ""AEROJET M1  MOCK  AUG TT3 EXTRA 1_230817_091323.pdf"", ""source_module"": ""M1"", ""fmt"": ""csv"", ""module"": ""M1"", ""syllabusRef"": ""M1.11.2"", ""level"": """", ""difficulty"": ""MEDIUM"", ""subTopic"": """", ""isEssay"": false}",False
M1,M1.8.9,,What is the y-intercept of the graph of - x = - 6y +16,– 8 /3,– 3/8,8/3,,– 8 /3,MEDIUM,,,,DRAFT,Found in Suntech corpus,1,AEROJET M1  MOCK  AUG TT3 EXTRA 1_230817_091323.pdf,"{""raw"": ""What is the y-intercept of the graph of - x = - 6y +16"", ""question"": ""What is the y-intercept of the graph of - x = - 6y +16"", ""options"": [""– 8 /3"", ""– 3/8"", ""8/3""], ""correct"": ""– 8 /3"", ""answer_text"": null, ""category"": null, ""source_file"": ""AEROJET M1  MOCK  AUG TT3 EXTRA 1_230817_091323.pdf"", ""source_module"": ""M1"", ""fmt"": ""csv"", ""module"": ""M1"", ""syllabusRef"": ""M1.8.9"", ""level"": """", ""difficulty"": ""MEDIUM"", ""subTopic"": """", ""isEssay"": false}",False
M1,M1.8.9,,"16. Excluding 1, what is the lowest common factor of 36, 54 and 162?",9,6,2,,,MEDIUM,,,,NEEDS_ANSWER,NEEDS_ANSWER — answer not provided in source; solve via admin review,1,AEROJET M1  MOCK  AUG TT3 EXTRA 1_230817_091323.pdf,"{""raw"": ""16. Excluding 1, what is the lowest common factor of 36, 54 and 162?"", ""question"": ""16. Excluding 1, what is the lowest common factor of 36, 54 and 162?"", ""options"": [""9"", ""6"", ""2""], ""correct"": """", ""answer_text"": null, ""category"": null, ""source_file"": ""AEROJET M1  MOCK  AUG TT3 EXTRA 1_230817_091323.pdf"", ""source_module"": ""M1"", ""fmt"": ""csv"", ""module"": ""M1"", ""syllabusRef"": ""M1.8.9"", ""level"": """", ""difficulty"": ""MEDIUM"", ""subTopic"": """", ""isEssay"": false}",False
M1,M1.8.9,,What is the gradient of the graph of – x = 6y +18,1/6,– 1/6,– x /6,,1/6,EASY,,,,DRAFT,Found in Suntech corpus,1,AEROJET M1  MOCK  AUG TT3 EXTRA 1_230817_091323.pdf,"{""raw"": ""What is the gradient of the graph of – x = 6y +18"", ""question"": ""What is the gradient of the graph of – x = 6y +18"", ""options"": [""1/6"", ""– 1/6"", ""– x /6""], ""correct"": ""1/6"", ""answer_text"": null, ""category"": null, ""source_file"": ""AEROJET M1  MOCK  AUG TT3 EXTRA 1_230817_091323.pdf"", ""source_module"": ""M1"", ""fmt"": ""csv"", ""module"": ""M1"", ""syllabusRef"": ""M1.8.9"", ""level"": """", ""difficulty"": ""EASY"", ""subTopic"": """", ""isEssay"": false}",False
M1,M1.9.5,,"18. Does the line 𝑦 = 3x + 3 pass through the point (−2,3)?",Yes,No,Cannot be determined,,,MEDIUM,,,,NEEDS_ANSWER,NEEDS_ANSWER — answer not provided in source; solve via admin review,1,AEROJET M1  MOCK  AUG TT3 EXTRA 1_230817_091323.pdf,"{""raw"": ""18. Does the line 𝑦 = 3x + 3 pass through the point (−2,3)?"", ""question"": ""18. Does the line 𝑦 = 3x + 3 pass through the point (−2,3)?"", ""options"": [""Yes"", ""No"", ""Cannot be determined""], ""correct"": """", ""answer_text"": null, ""category"": null, ""source_file"": ""AEROJET M1  MOCK  AUG TT3 EXTRA 1_230817_091323.pdf"", ""source_module"": ""M1"", ""fmt"": ""csv"", ""module"": ""M1"", ""syllabusRef"": ""M1.9.5"", ""level"": """", ""difficulty"": ""MEDIUM"", ""subTopic"": """", ""isEssay"": false}",False
M1,M1.8.9,,Rewrite octal 14 as a number in base 10,12,68,21,,12,EASY,,,,REVIEWED,Computed from question data,1,AEROJET M1  MOCK  AUG TT3 EXTRA 1_230817_091323.pdf,"{""raw"": ""Rewrite octal 14 as a number in base 10"", ""question"": ""Rewrite octal 14 as a number in base 10"", ""options"": [""12"", ""68"", ""21""], ""correct"": ""12"", ""answer_text"": null, ""category"": null, ""source_file"": ""AEROJET M1  MOCK  AUG TT3 EXTRA 1_230817_091323.pdf"", ""source_module"": ""M1"", ""fmt"": ""csv"", ""module"": ""M1"", ""syllabusRef"": ""M1.8.9"", ""level"": """", ""difficulty"": ""EASY"", ""subTopic"": """", ""isEssay"": false}",False
M1,M1.10.1,,20. What is the value of 0.11 base 2 in base 10?,3,1/2,¾,,1/2,EASY,,,,DRAFT,Found in Suntech corpus,1,AEROJET M1  MOCK  AUG TT3 EXTRA 1_230817_091323.pdf,"{""raw"": ""20. What is the value of 0.11 base 2 in base 10?"", ""question"": ""20. What is the value of 0.11 base 2 in base 10?"", ""options"": [""3"", ""1/2"", ""¾""], ""correct"": ""1/2"", ""answer_text"": null, ""category"": null, ""source_file"": ""AEROJET M1  MOCK  AUG TT3 EXTRA 1_230817_091323.pdf"", ""source_module"": ""M1"", ""fmt"": ""csv"", ""module"": ""M1"", ""syllabusRef"": ""M1.10.1"", ""level"": """", ""difficulty"": ""EASY"", ""subTopic"": """", ""isEssay"": false}",False
M1,M1.8.9,,Find the volume of a cuboid with dimensions 5 cm by 6 m by 10 cm.,300 cubic metres,0.003 cubic metres,0.0003 cubic metres,,300 cubic metres,MEDIUM,,,,DRAFT,Computed from question data,1,AEROJET M1  MOCK  AUG TT3 EXTRA 1_230817_091323.pdf,"{""raw"": ""Find the volume of a cuboid with dimensions 5 cm by 6 m by 10 cm."", ""question"": ""Find the volume of a cuboid with dimensions 5 cm by 6 m by 10 cm."", ""options"": [""300 cubic metres"", ""0.003 cubic metres"", ""0.0003 cubic metres""], ""correct"": ""300 cubic metres"", ""answer_text"": null, ""category"": null, ""source_file"": ""AEROJET M1  MOCK  AUG TT3 EXTRA 1_230817_091323.pdf"", ""source_module"": ""M1"", ""fmt"": ""csv"", ""module"": ""M1"", ""syllabusRef"": ""M1.8.9"", ""level"": """", ""difficulty"": ""MEDIUM"", ""subTopic"": """", ""isEssay"": false}",False
M1,,,Evaluate 4(2(5 – 8) – 3) +4(5 – 7),– 44,44,158,,,EASY,,,,NEEDS_ANSWER,NEEDS_ANSWER — answer not provided in source; solve via admin review,1,AEROJET M1  MOCK  AUG TT3 EXTRA 1_230817_091323.pdf,"{""raw"": ""Evaluate 4(2(5 – 8) – 3) +4(5 – 7)"", ""question"": ""Evaluate 4(2(5 – 8) – 3) +4(5 – 7)"", ""options"": [""– 44"", ""44"", ""158""], ""correct"": """", ""answer_text"": null, ""category"": null, ""source_file"": ""AEROJET M1  MOCK  AUG TT3 EXTRA 1_230817_091323.pdf"", ""source_module"": ""M1"", ""fmt"": ""csv"", ""module"": ""M1"", ""syllabusRef"": """", ""level"": """", ""difficulty"": ""EASY"", ""subTopic"": """", ""isEssay"": false}",False
M1,,,Division of an integer by zero is,0,1,at infinity,,,EASY,,,,NEEDS_ANSWER,NEEDS_ANSWER — answer not provided in source; solve via admin review,1,AEROJET M1  MOCK  AUG TT3 EXTRA 1_230817_091323.pdf,"{""raw"": ""Division of an integer by zero is"", ""question"": ""Division of an integer by zero is"", ""options"": [""0"", ""1"", ""at infinity""], ""correct"": """", ""answer_text"": null, ""category"": null, ""source_file"": ""AEROJET M1  MOCK  AUG TT3 EXTRA 1_230817_091323.pdf"", ""source_module"": ""M1"", ""fmt"": ""csv"", ""module"": ""M1"", ""syllabusRef"": """", ""level"": """", ""difficulty"": ""EASY"", ""subTopic"": """", ""isEssay"": false}",False
M1,M1.8.9,,To covert imperial gallons to litres,Multiply by 4.5,Multiply by 4.6,Multiply by 4.7,,Multiply by 4.5,EASY,,,,DRAFT,Found in Suntech corpus,1,AEROJET M1  MOCK  AUG TT3 EXTRA 1_230817_091323.pdf,"{""raw"": ""To covert imperial gallons to litres"", ""question"": ""To covert imperial gallons to litres"", ""options"": [""Multiply by 4.5"", ""Multiply by 4.6"", ""Multiply by 4.7""], ""correct"": ""Multiply by 4.5"", ""answer_text"": null, ""category"": null, ""source_file"": ""AEROJET M1  MOCK  AUG TT3 EXTRA 1_230817_091323.pdf"", ""source_module"": ""M1"", ""fmt"": ""csv"", ""module"": ""M1"", ""syllabusRef"": ""M1.8.9"", ""level"": """", ""difficulty"": ""EASY"", ""subTopic"": """", ""isEssay"": false}",False
M1,M1.8.9,,26. What is the supplement of 14 degrees 14 minutes and 39 seconds?,76 degrees 47 minutes 21 seconds,165 degrees 47 minutes 21 seconds,166 degrees 47 minutes 21 seconds,,166 degrees 47 minutes 21 seconds,MEDIUM,,,,NEEDS_ANSWER,Computed (supplement): 166,1,AEROJET M1  MOCK  AUG TT3 EXTRA 1_230817_091323.pdf,"{""raw"": ""26. What is the supplement of 14 degrees 14 minutes and 39 seconds?"", ""question"": ""26. What is the supplement of 14 degrees 14 minutes and 39 seconds?"", ""options"": [""76 degrees 47 minutes 21 seconds"", ""165 degrees 47 minutes 21 seconds"", ""166 degrees 47 minutes 21 seconds""], ""correct"": ""166 degrees 47 minutes 21 seconds"", ""answer_text"": null, ""category"": null, ""source_file"": ""AEROJET M1  MOCK  AUG TT3 EXTRA 1_230817_091323.pdf"", ""source_module"": ""M1"", ""fmt"": ""csv"", ""module"": ""M1"", ""syllabusRef"": ""M1.8.9"", ""level"": """", ""difficulty"": ""MEDIUM"", ""subTopic"": """", ""isEssay"": false}",False
M1,M1.8.9,,28. What is the angle between the hands of the clock at 3:15 pm?,30 degrees,15 degrees,7.5 degrees,,7.5 degrees,MEDIUM,,,,DRAFT,Found in Suntech corpus,1,AEROJET M1  MOCK  AUG TT3 EXTRA 1_230817_091323.pdf,"{""raw"": ""28. What is the angle between the hands of the clock at 3:15 pm?"", ""question"": ""28. What is the angle between the hands of the clock at 3:15 pm?"", ""options"": [""30 degrees"", ""15 degrees"", ""7.5 degrees""], ""correct"": ""7.5 degrees"", ""answer_text"": null, ""category"": null, ""source_file"": ""AEROJET M1  MOCK  AUG TT3 EXTRA 1_230817_091323.pdf"", ""source_module"": ""M1"", ""fmt"": ""csv"", ""module"": ""M1"", ""syllabusRef"": ""M1.8.9"", ""level"": """", ""difficulty"": ""MEDIUM"", ""subTopic"": """", ""isEssay"": false}",False
M1,,,Factorise −6+𝑥2−𝑥,x = 3 and x = - 2,x = - 3 and x = 2,(x -3)(x + 2),,x = 3 and x = - 2,EASY,,,,DRAFT,Found in Suntech corpus,1,AEROJET M1  MOCK  AUG TT3 EXTRA 1_230817_091323.pdf,"{""raw"": ""Factorise −6+𝑥2−𝑥"", ""question"": ""Factorise −6+𝑥2−𝑥"", ""options"": [""x = 3 and x = - 2"", ""x = - 3 and x = 2"", ""(x -3)(x + 2)""], ""correct"": ""x = 3 and x = - 2"", ""answer_text"": null, ""category"": null, ""source_file"": ""AEROJET M1  MOCK  AUG TT3 EXTRA 1_230817_091323.pdf"", ""source_module"": ""M1"", ""fmt"": ""csv"", ""module"": ""M1"", ""syllabusRef"": """", ""level"": """", ""difficulty"": ""EASY"", ""subTopic"": """", ""isEssay"": false}",False
M1,M1.10.1,,30. What is the value of 210 degrees in radians?,6/7 pi,7/6 pi,1.61 pi,,6/7 pi,EASY,,,,DRAFT,Found in Suntech corpus,1,AEROJET M1  MOCK  AUG TT3 EXTRA 1_230817_091323.pdf,"{""raw"": ""30. What is the value of 210 degrees in radians?"", ""question"": ""30. What is the value of 210 degrees in radians?"", ""options"": [""6/7 pi"", ""7/6 pi"", ""1.61 pi""], ""correct"": ""6/7 pi"", ""answer_text"": null, ""category"": null, ""source_file"": ""AEROJET M1  MOCK  AUG TT3 EXTRA 1_230817_091323.pdf"", ""source_module"": ""M1"", ""fmt"": ""csv"", ""module"": ""M1"", ""syllabusRef"": ""M1.10.1"", ""level"": """", ""difficulty"": ""EASY"", ""subTopic"": """", ""isEssay"": false}",False
M1,,,Solve x/4 +3/5 = 3x/2 – 2,25/52,52/25,– 52/25,,,EASY,,,,NEEDS_ANSWER,NEEDS_ANSWER — answer not provided in source; solve via admin review,1,AEROJET M1  MOCK  AUG TT3 EXTRA 1_230817_091323.pdf,"{""raw"": ""Solve x/4 +3/5 = 3x/2 – 2"", ""question"": ""Solve x/4 +3/5 = 3x/2 – 2"", ""options"": [""25/52"", ""52/25"", ""– 52/25""], ""correct"": """", ""answer_text"": null, ""category"": null, ""source_file"": ""AEROJET M1  MOCK  AUG TT3 EXTRA 1_230817_091323.pdf"", ""source_module"": ""M1"", ""fmt"": ""csv"", ""module"": ""M1"", ""syllabusRef"": """", ""level"": """", ""difficulty"": ""EASY"", ""subTopic"": """", ""isEssay"": false}",False
M1,M1.8.9,,"Find u if, − = 4",7.25,– 72.5,– 7.25,,7.25,EASY,,,,DRAFT,Found in Suntech corpus,1,AEROJET M1  MOCK  AUG TT3 EXTRA 1_230817_091323.pdf,"{""raw"": ""Find u if, − = 4"", ""question"": ""Find u if, − = 4"", ""options"": [""7.25"", ""– 72.5"", ""– 7.25""], ""correct"": ""7.25"", ""answer_text"": null, ""category"": null, ""source_file"": ""AEROJET M1  MOCK  AUG TT3 EXTRA 1_230817_091323.pdf"", ""source_module"": ""M1"", ""fmt"": ""csv"", ""module"": ""M1"", ""syllabusRef"": ""M1.8.9"", ""level"": """", ""difficulty"": ""EASY"", ""subTopic"": """", ""isEssay"": false}",False
M1,M1.8.9,,Make r the subject of the relation 2√ = 𝑏,𝑟 =,𝑟 =,𝑟 =,,,EASY,,,,NEEDS_ANSWER,NEEDS_ANSWER — answer not provided in source; solve via admin review,1,AEROJET M1  MOCK  AUG TT3 EXTRA 1_230817_091323.pdf,"{""raw"": ""Make r the subject of the relation 2√ = 𝑏"", ""question"": ""Make r the subject of the relation 2√ = 𝑏"", ""options"": [""𝑟 ="", ""𝑟 ="", ""𝑟 =""], ""correct"": """", ""answer_text"": null, ""category"": null, ""source_file"": ""AEROJET M1  MOCK  AUG TT3 EXTRA 1_230817_091323.pdf"", ""source_module"": ""M1"", ""fmt"": ""csv"", ""module"": ""M1"", ""syllabusRef"": ""M1.8.9"", ""level"": """", ""difficulty"": ""EASY"", ""subTopic"": """", ""isEssay"": false}",False
M1,,,A certain type of motor car cost seven times as much as a certain make of motor cycle. If two,£3500,£500,£3000,,,MEDIUM,,,,NEEDS_ANSWER,NEEDS_ANSWER — answer not provided in source; solve via admin review,1,AEROJET M1  MOCK  AUG TT3 EXTRA 1_230817_091323.pdf,"{""raw"": ""A certain type of motor car cost seven times as much as a certain make of motor cycle. If two"", ""question"": ""A certain type of motor car cost seven times as much as a certain make of motor cycle. If two"", ""options"": [""£3500"", ""£500"", ""£3000""], ""correct"": """", ""answer_text"": null, ""category"": null, ""source_file"": ""AEROJET M1  MOCK  AUG TT3 EXTRA 1_230817_091323.pdf"", ""source_module"": ""M1"", ""fmt"": ""csv"", ""module"": ""M1"", ""syllabusRef"": """", ""level"": """", ""difficulty"": ""MEDIUM"", ""subTopic"": """", ""isEssay"": false}",False
M1,,,Solve simultaneously,"(5 , 4)","(- 4 , 5)","(4 , 5)",,"(5 , 4)",EASY,,,,DRAFT,Found in Suntech corpus,1,AEROJET M1  MOCK  AUG TT3 EXTRA 1_230817_091323.pdf,"{""raw"": ""Solve simultaneously"", ""question"": ""Solve simultaneously"", ""options"": [""(5 , 4)"", ""(- 4 , 5)"", ""(4 , 5)""], ""correct"": ""(5 , 4)"", ""answer_text"": null, ""category"": null, ""source_file"": ""AEROJET M1  MOCK  AUG TT3 EXTRA 1_230817_091323.pdf"", ""source_module"": ""M1"", ""fmt"": ""csv"", ""module"": ""M1"", ""syllabusRef"": """", ""level"": """", ""difficulty"": ""EASY"", ""subTopic"": """", ""isEssay"": false}",False
M1,M1.8.9,,Find a quadratic equation whose roots are − and 1 .,6x2 - 5x – 6,6x2 -+5x – 6,6x2 - 5x = 6,,6x2 - 5x – 6,MEDIUM,,,,DRAFT,Found in Suntech corpus,1,AEROJET M1  MOCK  AUG TT3 EXTRA 1_230817_091323.pdf,"{""raw"": ""Find a quadratic equation whose roots are − and 1 ."", ""question"": ""Find a quadratic equation whose roots are − and 1 ."", ""options"": [""6x2 - 5x – 6"", ""6x2 -+5x – 6"", ""6x2 - 5x = 6""], ""correct"": ""6x2 - 5x – 6"", ""answer_text"": null, ""category"": null, ""source_file"": ""AEROJET M1  MOCK  AUG TT3 EXTRA 1_230817_091323.pdf"", ""source_module"": ""M1"", ""fmt"": ""csv"", ""module"": ""M1"", ""syllabusRef"": ""M1.8.9"", ""level"": """", ""difficulty"": ""MEDIUM"", ""subTopic"": """", ""isEssay"": false}",False
M1,M1.9.5,,Write octal 37·13 in decimal,31·140625,31·146025,31·140605,,31·140625,EASY,,,,DRAFT,Found in Suntech corpus,1,AEROJET M1  MOCK  AUG TT3 EXTRA 1_230817_091323.pdf,"{""raw"": ""Write octal 37·13 in decimal"", ""question"": ""Write octal 37·13 in decimal"", ""options"": [""31·140625"", ""31·146025"", ""31·140605""], ""correct"": ""31·140625"", ""answer_text"": null, ""category"": null, ""source_file"": ""AEROJET M1  MOCK  AUG TT3 EXTRA 1_230817_091323.pdf"", ""source_module"": ""M1"", ""fmt"": ""csv"", ""module"": ""M1"", ""syllabusRef"": ""M1.9.5"", ""level"": """", ""difficulty"": ""EASY"", ""subTopic"": """", ""isEssay"": false}",False
M1,,,Convert A7 to binary.,1 1 1 0 0 1 1 1,1 0 1 10 1 1 1,1 0 1 0 0 1 1 1,,1 1 1 0 0 1 1 1,EASY,,,,DRAFT,Found in Suntech corpus,1,AEROJET M1  MOCK  AUG TT3 EXTRA 1_230817_091323.pdf,"{""raw"": ""Convert A7 to binary."", ""question"": ""Convert A7 to binary."", ""options"": [""1 1 1 0 0 1 1 1"", ""1 0 1 10 1 1 1"", ""1 0 1 0 0 1 1 1""], ""correct"": ""1 1 1 0 0 1 1 1"", ""answer_text"": null, ""category"": null, ""source_file"": ""AEROJET M1  MOCK  AUG TT3 EXTRA 1_230817_091323.pdf"", ""source_module"": ""M1"", ""fmt"": ""csv"", ""module"": ""M1"", ""syllabusRef"": """", ""level"": """", ""difficulty"": ""EASY"", ""subTopic"": """", ""isEssay"": false}",False
M1,M1.8.9,,A quadrilateral with the following properties best fits a,square,trapezoid,parallelogram,,parallelogram,MEDIUM,,,,NEEDS_ANSWER,Found in Suntech corpus (score=1),1,AEROJET M1  MOCK  AUG TT3 EXTRA 1_230817_091323.pdf,"{""raw"": ""A quadrilateral with the following properties best fits a"", ""question"": ""A quadrilateral with the following properties best fits a"", ""options"": [""square"", ""trapezoid"", ""parallelogram""], ""correct"": ""parallelogram"", ""answer_text"": null, ""category"": null, ""source_file"": ""AEROJET M1  MOCK  AUG TT3 EXTRA 1_230817_091323.pdf"", ""source_module"": ""M1"", ""fmt"": ""csv"", ""module"": ""M1"", ""syllabusRef"": ""M1.8.9"", ""level"": """", ""difficulty"": ""MEDIUM"", ""subTopic"": """", ""isEssay"": false}",False
M1,M1.8.9,,"40. What is the cubic capacity of a 2 cylinder engine, with a bore of 77mm and a stroke of 89mm?",414440 mm3,828880 mm3,828880 L,,414440 mm3,MEDIUM,,,,DRAFT,Found in Suntech corpus,1,AEROJET M1  MOCK  AUG TT3 EXTRA 1_230817_091323.pdf,"{""raw"": ""40. What is the cubic capacity of a 2 cylinder engine, with a bore of 77mm and a stroke of 89mm?"", ""question"": ""40. What is the cubic capacity of a 2 cylinder engine, with a bore of 77mm and a stroke of 89mm?"", ""options"": [""414440 mm3"", ""828880 mm3"", ""828880 L""], ""correct"": ""414440 mm3"", ""answer_text"": null, ""category"": null, ""source_file"": ""AEROJET M1  MOCK  AUG TT3 EXTRA 1_230817_091323.pdf"", ""source_module"": ""M1"", ""fmt"": ""csv"", ""module"": ""M1"", ""syllabusRef"": ""M1.8.9"", ""level"": """", ""difficulty"": ""MEDIUM"", ""subTopic"": """", ""isEssay"": false}",False
M1,M1.8.9,,discounted price of the watch at Store B ?,$1.75,$5.00,$5.25,,,EASY,"1. Two stores each advertise a discount on the same type of watch. At both stores, the original price of",,,NEEDS_ANSWER,NEEDS_ANSWER — answer not provided in source; solve via admin review,1,AEROJET M1 SAMPLE SET 3 WITHOUT ANSWERS_230824_114532.pdf,"{""raw"": ""discounted price of the watch at Store B ?"", ""question"": ""discounted price of the watch at Store B ?"", ""options"": [""$1.75"", ""$5.00"", ""$5.25""], ""correct"": """", ""answer_text"": null, ""category"": null, ""source_file"": ""AEROJET M1 SAMPLE SET 3 WITHOUT ANSWERS_230824_114532.pdf"", ""source_module"": ""M1"", ""fmt"": ""csv"", ""module"": ""M1"", ""syllabusRef"": ""M1.8.9"", ""level"": """", ""difficulty"": ""EASY"", ""subTopic"": ""1. Two stores each advertise a discount on the same type of watch. At both stores, the original price of"", ""isEssay"": false}",False
M1,M1.11.2,,2. Which expression is equivalent to −3(2x − 8) + 4x ?,-2x +24,-2x -8,-10x -8,,-2x +24,MEDIUM,,,,DRAFT,Found in Suntech corpus,1,AEROJET M1 SAMPLE SET 3 WITHOUT ANSWERS_230824_114532.pdf,"{""raw"": ""2. Which expression is equivalent to −3(2x − 8) + 4x ?"", ""question"": ""2. Which expression is equivalent to −3(2x − 8) + 4x ?"", ""options"": [""-2x +24"", ""-2x -8"", ""-10x -8""], ""correct"": ""-2x +24"", ""answer_text"": null, ""category"": null, ""source_file"": ""AEROJET M1 SAMPLE SET 3 WITHOUT ANSWERS_230824_114532.pdf"", ""source_module"": ""M1"", ""fmt"": ""csv"", ""module"": ""M1"", ""syllabusRef"": ""M1.11.2"", ""level"": """", ""difficulty"": ""MEDIUM"", ""subTopic"": """", ""isEssay"": false}",False
M1,M1.8.9,,"The following numbers represent temperatures in Kelvin 79, 73, 72, 70, 72, 66, 81, 75. Find the",70,72.5,73,,72.5,MEDIUM,,,,DRAFT,Found in Suntech corpus,1,AEROJET M1 SAMPLE SET 3 WITHOUT ANSWERS_230824_114532.pdf,"{""raw"": ""The following numbers represent temperatures in Kelvin 79, 73, 72, 70, 72, 66, 81, 75. Find the"", ""question"": ""The following numbers represent temperatures in Kelvin 79, 73, 72, 70, 72, 66, 81, 75. Find the"", ""options"": [""70"", ""72.5"", ""73""], ""correct"": ""72.5"", ""answer_text"": null, ""category"": null, ""source_file"": ""AEROJET M1 SAMPLE SET 3 WITHOUT ANSWERS_230824_114532.pdf"", ""source_module"": ""M1"", ""fmt"": ""csv"", ""module"": ""M1"", ""syllabusRef"": ""M1.8.9"", ""level"": """", ""difficulty"": ""MEDIUM"", ""subTopic"": """", ""isEssay"": false}",False
M1,M1.11.2,,"in dollars, for ounces of organic blueberries?",10/2.7 = x/30,2.7/10 = 30/x,10/2.7 = 30/x,,,EASY,"4. The cost for ounces of organic oranges $2.70 . Which equation can be used to determine , the cost,",,,NEEDS_ANSWER,NEEDS_ANSWER — answer not provided in source; solve via admin review,1,AEROJET M1 SAMPLE SET 3 WITHOUT ANSWERS_230824_114532.pdf,"{""raw"": ""in dollars, for ounces of organic blueberries?"", ""question"": ""in dollars, for ounces of organic blueberries?"", ""options"": [""10/2.7 = x/30"", ""2.7/10 = 30/x"", ""10/2.7 = 30/x""], ""correct"": """", ""answer_text"": null, ""category"": null, ""source_file"": ""AEROJET M1 SAMPLE SET 3 WITHOUT ANSWERS_230824_114532.pdf"", ""source_module"": ""M1"", ""fmt"": ""csv"", ""module"": ""M1"", ""syllabusRef"": ""M1.11.2"", ""level"": """", ""difficulty"": ""EASY"", ""subTopic"": ""4. The cost for ounces of organic oranges $2.70 . Which equation can be used to determine , the cost,"", ""isEssay"": false}",False
M1,M1.11.2,,5. Which expression has the same value as the expression shown below?,3/8 + 7/8,– 3/8 + 7/8,– 3/8 + - 7/8,,3/8 + 7/8,MEDIUM,,,,DRAFT,Found in Suntech corpus,1,AEROJET M1 SAMPLE SET 3 WITHOUT ANSWERS_230824_114532.pdf,"{""raw"": ""5. Which expression has the same value as the expression shown below?"", ""question"": ""5. Which expression has the same value as the expression shown below?"", ""options"": [""3/8 + 7/8"", ""– 3/8 + 7/8"", ""– 3/8 + - 7/8""], ""correct"": ""3/8 + 7/8"", ""answer_text"": null, ""category"": null, ""source_file"": ""AEROJET M1 SAMPLE SET 3 WITHOUT ANSWERS_230824_114532.pdf"", ""source_module"": ""M1"", ""fmt"": ""csv"", ""module"": ""M1"", ""syllabusRef"": ""M1.11.2"", ""level"": """", ""difficulty"": ""MEDIUM"", ""subTopic"": """", ""isEssay"": false}",False
M1,M1.11.2,,of chili were sold?,36,54,90,,,EASY,6. A chef made cups of chili and sold 60% of it. A serving size of the chili is 1 cups. How many servings,,,NEEDS_ANSWER,NEEDS_ANSWER — answer not provided in source; solve via admin review,1,AEROJET M1 SAMPLE SET 3 WITHOUT ANSWERS_230824_114532.pdf,"{""raw"": ""of chili were sold?"", ""question"": ""of chili were sold?"", ""options"": [""36"", ""54"", ""90""], ""correct"": """", ""answer_text"": null, ""category"": null, ""source_file"": ""AEROJET M1 SAMPLE SET 3 WITHOUT ANSWERS_230824_114532.pdf"", ""source_module"": ""M1"", ""fmt"": ""csv"", ""module"": ""M1"", ""syllabusRef"": ""M1.11.2"", ""level"": """", ""difficulty"": ""EASY"", ""subTopic"": ""6. A chef made cups of chili and sold 60% of it. A serving size of the chili is 1 cups. How many servings"", ""isEssay"": false}",False
M1,M1.11.2,,thermometer to read 0°F ?,4 °F,11 °F,15 °F,,4 °F,EASY,"7. At sunset, a thermometer had a reading of 4°F. During the night, the temperature decreased 15°F.",,,DRAFT,Found in Suntech corpus,1,AEROJET M1 SAMPLE SET 3 WITHOUT ANSWERS_230824_114532.pdf,"{""raw"": ""thermometer to read 0°F ?"", ""question"": ""thermometer to read 0°F ?"", ""options"": [""4 °F"", ""11 °F"", ""15 °F""], ""correct"": ""4 °F"", ""answer_text"": null, ""category"": null, ""source_file"": ""AEROJET M1 SAMPLE SET 3 WITHOUT ANSWERS_230824_114532.pdf"", ""source_module"": ""M1"", ""fmt"": ""csv"", ""module"": ""M1"", ""syllabusRef"": ""M1.11.2"", ""level"": """", ""difficulty"": ""EASY"", ""subTopic"": ""7. At sunset, a thermometer had a reading of 4°F. During the night, the temperature decreased 15°F."", ""isEssay"": false}",False
M1,M1.8.9,,mowers in the one month?,12.3,24.6,36.9,,,EASY,"8. A gardener uses a total of 61.5 gallons of gasoline in one month. Of the total amount of gasoline,",,,NEEDS_ANSWER,NEEDS_ANSWER — answer not provided in source; solve via admin review,1,AEROJET M1 SAMPLE SET 3 WITHOUT ANSWERS_230824_114532.pdf,"{""raw"": ""mowers in the one month?"", ""question"": ""mowers in the one month?"", ""options"": [""12.3"", ""24.6"", ""36.9""], ""correct"": """", ""answer_text"": null, ""category"": null, ""source_file"": ""AEROJET M1 SAMPLE SET 3 WITHOUT ANSWERS_230824_114532.pdf"", ""source_module"": ""M1"", ""fmt"": ""csv"", ""module"": ""M1"", ""syllabusRef"": ""M1.8.9"", ""level"": """", ""difficulty"": ""EASY"", ""subTopic"": ""8. A gardener uses a total of 61.5 gallons of gasoline in one month. Of the total amount of gasoline,"", ""isEssay"": false}",False
M1,M1.11.2,,does the machine make nails?,2/3,3 ¾,1 ½,,,EASY,"9. A machine in a factory makes 2 pounds of nails in 1 ½ hours. At what rate, in pounds per hour,",,,NEEDS_ANSWER,NEEDS_ANSWER — answer not provided in source; solve via admin review,1,AEROJET M1 SAMPLE SET 3 WITHOUT ANSWERS_230824_114532.pdf,"{""raw"": ""does the machine make nails?"", ""question"": ""does the machine make nails?"", ""options"": [""2/3"", ""3 ¾"", ""1 ½""], ""correct"": """", ""answer_text"": null, ""category"": null, ""source_file"": ""AEROJET M1 SAMPLE SET 3 WITHOUT ANSWERS_230824_114532.pdf"", ""source_module"": ""M1"", ""fmt"": ""csv"", ""module"": ""M1"", ""syllabusRef"": ""M1.11.2"", ""level"": """", ""difficulty"": ""EASY"", ""subTopic"": ""9. A machine in a factory makes 2 pounds of nails in 1 ½ hours. At what rate, in pounds per hour,"", ""isEssay"": false}",False
M1,M1.10.1,,10. What is the value of 12.5 – 31/2 + 1 ¼ ?,– 20.25,– 17/4,– 7/4,,– 20.25,EASY,,,,DRAFT,Found in Suntech corpus,1,AEROJET M1 SAMPLE SET 3 WITHOUT ANSWERS_230824_114532.pdf,"{""raw"": ""10. What is the value of 12.5 – 31/2 + 1 ¼ ?"", ""question"": ""10. What is the value of 12.5 – 31/2 + 1 ¼ ?"", ""options"": [""– 20.25"", ""– 17/4"", ""– 7/4""], ""correct"": ""– 20.25"", ""answer_text"": null, ""category"": null, ""source_file"": ""AEROJET M1 SAMPLE SET 3 WITHOUT ANSWERS_230824_114532.pdf"", ""source_module"": ""M1"", ""fmt"": ""csv"", ""module"": ""M1"", ""syllabusRef"": ""M1.10.1"", ""level"": """", ""difficulty"": ""EASY"", ""subTopic"": """", ""isEssay"": false}",False
M1,M1.8.9,,"inches, would the same two cities be on a map that has a scale of 1 inch to 40 miles?",1.2,1.6,1.75,,1.2,MEDIUM,"11. On a map, two cities are 2.8 inches apart. The map has a scale of 1 inch to 25 miles. How far apart, in",,,DRAFT,Found in Suntech corpus,1,AEROJET M1 SAMPLE SET 3 WITHOUT ANSWERS_230824_114532.pdf,"{""raw"": ""inches, would the same two cities be on a map that has a scale of 1 inch to 40 miles?"", ""question"": ""inches, would the same two cities be on a map that has a scale of 1 inch to 40 miles?"", ""options"": [""1.2"", ""1.6"", ""1.75""], ""correct"": ""1.2"", ""answer_text"": null, ""category"": null, ""source_file"": ""AEROJET M1 SAMPLE SET 3 WITHOUT ANSWERS_230824_114532.pdf"", ""source_module"": ""M1"", ""fmt"": ""csv"", ""module"": ""M1"", ""syllabusRef"": ""M1.8.9"", ""level"": """", ""difficulty"": ""MEDIUM"", ""subTopic"": ""11. On a map, two cities are 2.8 inches apart. The map has a scale of 1 inch to 25 miles. How far apart, in"", ""isEssay"": false}",False
M1,M1.10.1,,12. What is the value of the expression - 36/9 + 3( - 7 ) + 2?,– 23,– 19,9,,,MEDIUM,,,,NEEDS_ANSWER,NEEDS_ANSWER — answer not provided in source; solve via admin review,1,AEROJET M1 SAMPLE SET 3 WITHOUT ANSWERS_230824_114532.pdf,"{""raw"": ""12. What is the value of the expression - 36/9 + 3( - 7 ) + 2?"", ""question"": ""12. What is the value of the expression - 36/9 + 3( - 7 ) + 2?"", ""options"": [""– 23"", ""– 19"", ""9""], ""correct"": """", ""answer_text"": null, ""category"": null, ""source_file"": ""AEROJET M1 SAMPLE SET 3 WITHOUT ANSWERS_230824_114532.pdf"", ""source_module"": ""M1"", ""fmt"": ""csv"", ""module"": ""M1"", ""syllabusRef"": ""M1.10.1"", ""level"": """", ""difficulty"": ""MEDIUM"", ""subTopic"": """", ""isEssay"": false}",False
M1,M1.11.2,,"per pound, at which the cook uses salt to make pasta?",½,1,1 ¾,,,MEDIUM,"13. A cook uses 1 ¾ teaspoons of salt to make 3 ½ pounds of pasta. What is the unit rate, in teaspoons",,,NEEDS_ANSWER,NEEDS_ANSWER — answer not provided in source; solve via admin review,1,AEROJET M1 SAMPLE SET 3 WITHOUT ANSWERS_230824_114532.pdf,"{""raw"": ""per pound, at which the cook uses salt to make pasta?"", ""question"": ""per pound, at which the cook uses salt to make pasta?"", ""options"": [""½"", ""1"", ""1 ¾""], ""correct"": """", ""answer_text"": null, ""category"": null, ""source_file"": ""AEROJET M1 SAMPLE SET 3 WITHOUT ANSWERS_230824_114532.pdf"", ""source_module"": ""M1"", ""fmt"": ""csv"", ""module"": ""M1"", ""syllabusRef"": ""M1.11.2"", ""level"": """", ""difficulty"": ""MEDIUM"", ""subTopic"": ""13. A cook uses 1 ¾ teaspoons of salt to make 3 ½ pounds of pasta. What is the unit rate, in teaspoons"", ""isEssay"": false}",False
M1,M1.11.2,,"the length, in feet, of each side of the square?",12p – 4,12p -16,24p – 8,,,EASY,"14. The expression 48p – 16 represents the perimeter, in feet, of a square. Which expression represents",,,NEEDS_ANSWER,NEEDS_ANSWER — answer not provided in source; solve via admin review,1,AEROJET M1 SAMPLE SET 3 WITHOUT ANSWERS_230824_114532.pdf,"{""raw"": ""the length, in feet, of each side of the square?"", ""question"": ""the length, in feet, of each side of the square?"", ""options"": [""12p – 4"", ""12p -16"", ""24p – 8""], ""correct"": """", ""answer_text"": null, ""category"": null, ""source_file"": ""AEROJET M1 SAMPLE SET 3 WITHOUT ANSWERS_230824_114532.pdf"", ""source_module"": ""M1"", ""fmt"": ""csv"", ""module"": ""M1"", ""syllabusRef"": ""M1.11.2"", ""level"": """", ""difficulty"": ""EASY"", ""subTopic"": ""14. The expression 48p – 16 represents the perimeter, in feet, of a square. Which expression represents"", ""isEssay"": false}",False
M1,M1.8.9,,What does the number 4.3 represent in the equation?,Number of apples in 1 pound,Number of apples in x pounds,Cost of 1 pound of apples,,Number of apples in 1 pound,MEDIUM,"15. The equation y = 4.3x can be used to determine the total cost, y , in dollars, of x pounds of apples.",,,DRAFT,Found in Suntech corpus,1,AEROJET M1 SAMPLE SET 3 WITHOUT ANSWERS_230824_114532.pdf,"{""raw"": ""What does the number 4.3 represent in the equation?"", ""question"": ""What does the number 4.3 represent in the equation?"", ""options"": [""Number of apples in 1 pound"", ""Number of apples in x pounds"", ""Cost of 1 pound of apples""], ""correct"": ""Number of apples in 1 pound"", ""answer_text"": null, ""category"": null, ""source_file"": ""AEROJET M1 SAMPLE SET 3 WITHOUT ANSWERS_230824_114532.pdf"", ""source_module"": ""M1"", ""fmt"": ""csv"", ""module"": ""M1"", ""syllabusRef"": ""M1.8.9"", ""level"": """", ""difficulty"": ""MEDIUM"", ""subTopic"": ""15. The equation y = 4.3x can be used to determine the total cost, y , in dollars, of x pounds of apples."", ""isEssay"": false}",False
M1,M1.11.2,,16. Which expression is equivalent to the expression shown below?,7 + 6x,17 + 2x,17 + 6x,,,MEDIUM,,,,NEEDS_ANSWER,NEEDS_ANSWER — answer not provided in source; solve via admin review,1,AEROJET M1 SAMPLE SET 3 WITHOUT ANSWERS_230824_114532.pdf,"{""raw"": ""16. Which expression is equivalent to the expression shown below?"", ""question"": ""16. Which expression is equivalent to the expression shown below?"", ""options"": [""7 + 6x"", ""17 + 2x"", ""17 + 6x""], ""correct"": """", ""answer_text"": null, ""category"": null, ""source_file"": ""AEROJET M1 SAMPLE SET 3 WITHOUT ANSWERS_230824_114532.pdf"", ""source_module"": ""M1"", ""fmt"": ""csv"", ""module"": ""M1"", ""syllabusRef"": ""M1.11.2"", ""level"": """", ""difficulty"": ""MEDIUM"", ""subTopic"": """", ""isEssay"": false}",False
M1,M1.8.9,,17. John eats 3:5 of a candy bar. What percent of the candy bar does he eat?,6%,35%,60%,,,MEDIUM,,,,NEEDS_ANSWER,NEEDS_ANSWER — answer not provided in source; solve via admin review,1,AEROJET M1 SAMPLE SET 3 WITHOUT ANSWERS_230824_114532.pdf,"{""raw"": ""17. John eats 3:5 of a candy bar. What percent of the candy bar does he eat?"", ""question"": ""17. John eats 3:5 of a candy bar. What percent of the candy bar does he eat?"", ""options"": [""6%"", ""35%"", ""60%""], ""correct"": """", ""answer_text"": null, ""category"": null, ""source_file"": ""AEROJET M1 SAMPLE SET 3 WITHOUT ANSWERS_230824_114532.pdf"", ""source_module"": ""M1"", ""fmt"": ""csv"", ""module"": ""M1"", ""syllabusRef"": ""M1.8.9"", ""level"": """", ""difficulty"": ""MEDIUM"", ""subTopic"": """", ""isEssay"": false}",False
M1,M1.11.2,,represents the submarine’s depth after seven minutes?,–210 feet,–23 feet,210 feet,,,MEDIUM,18. A small submarine started its dive at sea level and descended 30 feet per minute. Which integer,,,NEEDS_ANSWER,NEEDS_ANSWER — answer not provided in source; solve via admin review,1,AEROJET M1 SAMPLE SET 3 WITHOUT ANSWERS_230824_114532.pdf,"{""raw"": ""represents the submarine’s depth after seven minutes?"", ""question"": ""represents the submarine’s depth after seven minutes?"", ""options"": [""–210 feet"", ""–23 feet"", ""210 feet""], ""correct"": """", ""answer_text"": null, ""category"": null, ""source_file"": ""AEROJET M1 SAMPLE SET 3 WITHOUT ANSWERS_230824_114532.pdf"", ""source_module"": ""M1"", ""fmt"": ""csv"", ""module"": ""M1"", ""syllabusRef"": ""M1.11.2"", ""level"": """", ""difficulty"": ""MEDIUM"", ""subTopic"": ""18. A small submarine started its dive at sea level and descended 30 feet per minute. Which integer"", ""isEssay"": false}",False
M1,,,19. What is 6.43 × 107 in standard notation?,643 × 105,"64,300,000","6,430,000,000",,"64,300,000",EASY,,,,DRAFT,Found in Suntech corpus,1,AEROJET M1 SAMPLE SET 3 WITHOUT ANSWERS_230824_114532.pdf,"{""raw"": ""19. What is 6.43 × 107 in standard notation?"", ""question"": ""19. What is 6.43 × 107 in standard notation?"", ""options"": [""643 × 105"", ""64,300,000"", ""6,430,000,000""], ""correct"": ""64,300,000"", ""answer_text"": null, ""category"": null, ""source_file"": ""AEROJET M1 SAMPLE SET 3 WITHOUT ANSWERS_230824_114532.pdf"", ""source_module"": ""M1"", ""fmt"": ""csv"", ""module"": ""M1"", ""syllabusRef"": """", ""level"": """", ""difficulty"": ""EASY"", ""subTopic"": """", ""isEssay"": false}",False
M1,M1.11.2,,the total attendance at the concerts?,800 + 600 + 800,900 + 700 + 900,900 + 600 + 900,,,EASY,"20. The attendance at three concerts was 876, 647, and 856. Which expression shows how to estimate",,,NEEDS_ANSWER,NEEDS_ANSWER — answer not provided in source; solve via admin review,1,AEROJET M1 SAMPLE SET 3 WITHOUT ANSWERS_230824_114532.pdf,"{""raw"": ""the total attendance at the concerts?"", ""question"": ""the total attendance at the concerts?"", ""options"": [""800 + 600 + 800"", ""900 + 700 + 900"", ""900 + 600 + 900""], ""correct"": """", ""answer_text"": null, ""category"": null, ""source_file"": ""AEROJET M1 SAMPLE SET 3 WITHOUT ANSWERS_230824_114532.pdf"", ""source_module"": ""M1"", ""fmt"": ""csv"", ""module"": ""M1"", ""syllabusRef"": ""M1.11.2"", ""level"": """", ""difficulty"": ""EASY"", ""subTopic"": ""20. The attendance at three concerts was 876, 647, and 856. Which expression shows how to estimate"", ""isEssay"": false}",False
M1,M1.8.9,,21. Which rational number is the greatest?,0.55,0.6,9/20,,0.6,EASY,,,,DRAFT,Found in Suntech corpus,1,AEROJET M1 SAMPLE SET 3 WITHOUT ANSWERS_230824_114532.pdf,"{""raw"": ""21. Which rational number is the greatest?"", ""question"": ""21. Which rational number is the greatest?"", ""options"": [""0.55"", ""0.6"", ""9/20""], ""correct"": ""0.6"", ""answer_text"": null, ""category"": null, ""source_file"": ""AEROJET M1 SAMPLE SET 3 WITHOUT ANSWERS_230824_114532.pdf"", ""source_module"": ""M1"", ""fmt"": ""csv"", ""module"": ""M1"", ""syllabusRef"": ""M1.8.9"", ""level"": """", ""difficulty"": ""EASY"", ""subTopic"": """", ""isEssay"": false}",False
M1,M1.11.2,,22. Mawuli walks down 5 flights of stairs. Each flight has 8 steps. Which describes Mawuli’s descent?,–5 + 8 = 3,(–5) + (–8) = –13,(–5)(–8) = 40,,–5 + 8 = 3,MEDIUM,,,,DRAFT,Found in Suntech corpus,1,AEROJET M1 SAMPLE SET 3 WITHOUT ANSWERS_230824_114532.pdf,"{""raw"": ""22. Mawuli walks down 5 flights of stairs. Each flight has 8 steps. Which describes Mawuli’s descent?"", ""question"": ""22. Mawuli walks down 5 flights of stairs. Each flight has 8 steps. Which describes Mawuli’s descent?"", ""options"": [""–5 + 8 = 3"", ""(–5) + (–8) = –13"", ""(–5)(–8) = 40""], ""correct"": ""–5 + 8 = 3"", ""answer_text"": null, ""category"": null, ""source_file"": ""AEROJET M1 SAMPLE SET 3 WITHOUT ANSWERS_230824_114532.pdf"", ""source_module"": ""M1"", ""fmt"": ""csv"", ""module"": ""M1"", ""syllabusRef"": ""M1.11.2"", ""level"": """", ""difficulty"": ""MEDIUM"", ""subTopic"": """", ""isEssay"": false}",False
M1,M1.8.9,,number of cookies they sold on the second day?,12(2x),12(x + 2),12(x – 2),,12(x + 2),EASY,"23. Aerojet academy students sold cookies in packages of 12. On the first day, they sold x packages. On",,,DRAFT,Found in Suntech corpus,1,AEROJET M1 SAMPLE SET 3 WITHOUT ANSWERS_230824_114532.pdf,"{""raw"": ""number of cookies they sold on the second day?"", ""question"": ""number of cookies they sold on the second day?"", ""options"": [""12(2x)"", ""12(x + 2)"", ""12(x – 2)""], ""correct"": ""12(x + 2)"", ""answer_text"": null, ""category"": null, ""source_file"": ""AEROJET M1 SAMPLE SET 3 WITHOUT ANSWERS_230824_114532.pdf"", ""source_module"": ""M1"", ""fmt"": ""csv"", ""module"": ""M1"", ""syllabusRef"": ""M1.8.9"", ""level"": """", ""difficulty"": ""EASY"", ""subTopic"": ""23. Aerojet academy students sold cookies in packages of 12. On the first day, they sold x packages. On"", ""isEssay"": false}",False
M1,M1.8.9,,money to buy the DVD player. How many weeks before Chrismond has enough for the DVD player?,6 weeks,8 weeks,10 weeks,,,MEDIUM,24. Chrismond has saved $24 to buy a DVD player that costs $96. he plans on saving $12 each week. The,,,NEEDS_ANSWER,NEEDS_ANSWER — answer not provided in source; solve via admin review,1,AEROJET M1 SAMPLE SET 3 WITHOUT ANSWERS_230824_114532.pdf,"{""raw"": ""money to buy the DVD player. How many weeks before Chrismond has enough for the DVD player?"", ""question"": ""money to buy the DVD player. How many weeks before Chrismond has enough for the DVD player?"", ""options"": [""6 weeks"", ""8 weeks"", ""10 weeks""], ""correct"": """", ""answer_text"": null, ""category"": null, ""source_file"": ""AEROJET M1 SAMPLE SET 3 WITHOUT ANSWERS_230824_114532.pdf"", ""source_module"": ""M1"", ""fmt"": ""csv"", ""module"": ""M1"", ""syllabusRef"": ""M1.8.9"", ""level"": """", ""difficulty"": ""MEDIUM"", ""subTopic"": ""24. Chrismond has saved $24 to buy a DVD player that costs $96. he plans on saving $12 each week. The"", ""isEssay"": false}",False
M1,M1.11.2,,temperature at the end of 3 hours?,–26° F,–10° F,5° F,,–10° F,EASY,"25. The temperature is 8° F. As a cold front moves in, the temperature drops 6° F per hour. What is the",,,DRAFT,Found in Suntech corpus,1,AEROJET M1 SAMPLE SET 3 WITHOUT ANSWERS_230824_114532.pdf,"{""raw"": ""temperature at the end of 3 hours?"", ""question"": ""temperature at the end of 3 hours?"", ""options"": [""–26° F"", ""–10° F"", ""5° F""], ""correct"": ""–10° F"", ""answer_text"": null, ""category"": null, ""source_file"": ""AEROJET M1 SAMPLE SET 3 WITHOUT ANSWERS_230824_114532.pdf"", ""source_module"": ""M1"", ""fmt"": ""csv"", ""module"": ""M1"", ""syllabusRef"": ""M1.11.2"", ""level"": """", ""difficulty"": ""EASY"", ""subTopic"": ""25. The temperature is 8° F. As a cold front moves in, the temperature drops 6° F per hour. What is the"", ""isEssay"": false}",False
M1,M1.10.1,,26. What is the value of the expression 8x – 10 when x = y – 3 and y = 8?,3,4,30,,,MEDIUM,,,,NEEDS_ANSWER,NEEDS_ANSWER — answer not provided in source; solve via admin review,1,AEROJET M1 SAMPLE SET 3 WITHOUT ANSWERS_230824_114532.pdf,"{""raw"": ""26. What is the value of the expression 8x – 10 when x = y – 3 and y = 8?"", ""question"": ""26. What is the value of the expression 8x – 10 when x = y – 3 and y = 8?"", ""options"": [""3"", ""4"", ""30""], ""correct"": """", ""answer_text"": null, ""category"": null, ""source_file"": ""AEROJET M1 SAMPLE SET 3 WITHOUT ANSWERS_230824_114532.pdf"", ""source_module"": ""M1"", ""fmt"": ""csv"", ""module"": ""M1"", ""syllabusRef"": ""M1.10.1"", ""level"": """", ""difficulty"": ""MEDIUM"", ""subTopic"": """", ""isEssay"": false}",False
M1,M1.8.9,,A shopper spent $100 at the store. How many dollars did the shopper spend on dinner?,$10,$18,$42 Money spent on food,,,MEDIUM,27. Use the chart to answer the following question.,,,NEEDS_ANSWER,NEEDS_ANSWER — answer not provided in source; solve via admin review,1,AEROJET M1 SAMPLE SET 3 WITHOUT ANSWERS_230824_114532.pdf,"{""raw"": ""A shopper spent $100 at the store. How many dollars did the shopper spend on dinner?"", ""question"": ""A shopper spent $100 at the store. How many dollars did the shopper spend on dinner?"", ""options"": [""$10"", ""$18"", ""$42 Money spent on food""], ""correct"": """", ""answer_text"": null, ""category"": null, ""source_file"": ""AEROJET M1 SAMPLE SET 3 WITHOUT ANSWERS_230824_114532.pdf"", ""source_module"": ""M1"", ""fmt"": ""csv"", ""module"": ""M1"", ""syllabusRef"": ""M1.8.9"", ""level"": """", ""difficulty"": ""MEDIUM"", ""subTopic"": ""27. Use the chart to answer the following question."", ""isEssay"": false}",False
M1,M1.8.9,,28. What is the circumference of the circle?,12.56,25.13,50.24,,12.56,EASY,,,,DRAFT,Found in Suntech corpus,1,AEROJET M1 SAMPLE SET 3 WITHOUT ANSWERS_230824_114532.pdf,"{""raw"": ""28. What is the circumference of the circle?"", ""question"": ""28. What is the circumference of the circle?"", ""options"": [""12.56"", ""25.13"", ""50.24""], ""correct"": ""12.56"", ""answer_text"": null, ""category"": null, ""source_file"": ""AEROJET M1 SAMPLE SET 3 WITHOUT ANSWERS_230824_114532.pdf"", ""source_module"": ""M1"", ""fmt"": ""csv"", ""module"": ""M1"", ""syllabusRef"": ""M1.8.9"", ""level"": """", ""difficulty"": ""EASY"", ""subTopic"": """", ""isEssay"": false}",False
M1,M1.8.9,,Find the difference between the mean and mode of the data,45,65,20,,,MEDIUM,,,,NEEDS_ANSWER,NEEDS_ANSWER — answer not provided in source; solve via admin review,1,AEROJET M1 SAMPLE SET 3 WITHOUT ANSWERS_230824_114532.pdf,"{""raw"": ""Find the difference between the mean and mode of the data"", ""question"": ""Find the difference between the mean and mode of the data"", ""options"": [""45"", ""65"", ""20""], ""correct"": """", ""answer_text"": null, ""category"": null, ""source_file"": ""AEROJET M1 SAMPLE SET 3 WITHOUT ANSWERS_230824_114532.pdf"", ""source_module"": ""M1"", ""fmt"": ""csv"", ""module"": ""M1"", ""syllabusRef"": ""M1.8.9"", ""level"": """", ""difficulty"": ""MEDIUM"", ""subTopic"": """", ""isEssay"": false}",False
M1,M1.8.9,,30. What id the distance between the points in the graph?,81,9,√99,,,MEDIUM,,,,NEEDS_ANSWER,NEEDS_ANSWER — answer not provided in source; solve via admin review,1,AEROJET M1 SAMPLE SET 3 WITHOUT ANSWERS_230824_114532.pdf,"{""raw"": ""30. What id the distance between the points in the graph?"", ""question"": ""30. What id the distance between the points in the graph?"", ""options"": [""81"", ""9"", ""√99""], ""correct"": """", ""answer_text"": null, ""category"": null, ""source_file"": ""AEROJET M1 SAMPLE SET 3 WITHOUT ANSWERS_230824_114532.pdf"", ""source_module"": ""M1"", ""fmt"": ""csv"", ""module"": ""M1"", ""syllabusRef"": ""M1.8.9"", ""level"": """", ""difficulty"": ""MEDIUM"", ""subTopic"": """", ""isEssay"": false}",False
M1,M1.8.9,,31. What is the equation of the line joining the two points?,Y = 0,X = 0,Y + X = 9,,Y = 0,MEDIUM,,,,DRAFT,Found in Suntech corpus,1,AEROJET M1 SAMPLE SET 3 WITHOUT ANSWERS_230824_114532.pdf,"{""raw"": ""31. What is the equation of the line joining the two points?"", ""question"": ""31. What is the equation of the line joining the two points?"", ""options"": [""Y = 0"", ""X = 0"", ""Y + X = 9""], ""correct"": ""Y = 0"", ""answer_text"": null, ""category"": null, ""source_file"": ""AEROJET M1 SAMPLE SET 3 WITHOUT ANSWERS_230824_114532.pdf"", ""source_module"": ""M1"", ""fmt"": ""csv"", ""module"": ""M1"", ""syllabusRef"": ""M1.8.9"", ""level"": """", ""difficulty"": ""MEDIUM"", ""subTopic"": """", ""isEssay"": false}",False
M1,M1.8.9,,"these today, how many days will pass before Corwin gets to do them both on the same day again?",It will be 20 days.,It will be 10 days.,It will be 7 days.,,It will be 20 days.,MEDIUM,32. Corwin visits the park every 2 days and goes to the library every 5 days. If Corwin gets to do both of,,,DRAFT,Found in Suntech corpus,1,AEROJET M1 SAMPLE SET 3 WITHOUT ANSWERS_230824_114532.pdf,"{""raw"": ""these today, how many days will pass before Corwin gets to do them both on the same day again?"", ""question"": ""these today, how many days will pass before Corwin gets to do them both on the same day again?"", ""options"": [""It will be 20 days."", ""It will be 10 days."", ""It will be 7 days.""], ""correct"": ""It will be 20 days."", ""answer_text"": null, ""category"": null, ""source_file"": ""AEROJET M1 SAMPLE SET 3 WITHOUT ANSWERS_230824_114532.pdf"", ""source_module"": ""M1"", ""fmt"": ""csv"", ""module"": ""M1"", ""syllabusRef"": ""M1.8.9"", ""level"": """", ""difficulty"": ""MEDIUM"", ""subTopic"": ""32. Corwin visits the park every 2 days and goes to the library every 5 days. If Corwin gets to do both of"", ""isEssay"": false}",False
M1,M1.8.9,,"The sum of 12,000 and 1200 is:","24,200","13,200","23,200",,"24,200",EASY,,,,DRAFT,Found in Suntech corpus,1,AEROJET M1 SAMPLE SET 4 WITHOUT ANSWERS_230828_082029.pdf,"{""raw"": ""The sum of 12,000 and 1200 is:"", ""question"": ""The sum of 12,000 and 1200 is:"", ""options"": [""24,200"", ""13,200"", ""23,200""], ""correct"": ""24,200"", ""answer_text"": null, ""category"": null, ""source_file"": ""AEROJET M1 SAMPLE SET 4 WITHOUT ANSWERS_230828_082029.pdf"", ""source_module"": ""M1"", ""fmt"": ""csv"", ""module"": ""M1"", ""syllabusRef"": ""M1.8.9"", ""level"": """", ""difficulty"": ""EASY"", ""subTopic"": """", ""isEssay"": false}",False
M1,M1.11.2,,"The equivalent of 326 × 12.82/0.62 , correct to two decimal places is:",6740.84,674.08,67.41,,,MEDIUM,,,,NEEDS_ANSWER,NEEDS_ANSWER — answer not provided in source; solve via admin review,1,AEROJET M1 SAMPLE SET 4 WITHOUT ANSWERS_230828_082029.pdf,"{""raw"": ""The equivalent of 326 × 12.82/0.62 , correct to two decimal places is:"", ""question"": ""The equivalent of 326 × 12.82/0.62 , correct to two decimal places is:"", ""options"": [""6740.84"", ""674.08"", ""67.41""], ""correct"": """", ""answer_text"": null, ""category"": null, ""source_file"": ""AEROJET M1 SAMPLE SET 4 WITHOUT ANSWERS_230828_082029.pdf"", ""source_module"": ""M1"", ""fmt"": ""csv"", ""module"": ""M1"", ""syllabusRef"": ""M1.11.2"", ""level"": """", ""difficulty"": ""MEDIUM"", ""subTopic"": """", ""isEssay"": false}",False
M1,M1.9.5,,2 written in decimal form is:,2.2,2.01,2.02,,2.02,EASY,,,,DRAFT,Found in Suntech corpus,1,AEROJET M1 SAMPLE SET 4 WITHOUT ANSWERS_230828_082029.pdf,"{""raw"": ""2 written in decimal form is:"", ""question"": ""2 written in decimal form is:"", ""options"": [""2.2"", ""2.01"", ""2.02""], ""correct"": ""2.02"", ""answer_text"": null, ""category"": null, ""source_file"": ""AEROJET M1 SAMPLE SET 4 WITHOUT ANSWERS_230828_082029.pdf"", ""source_module"": ""M1"", ""fmt"": ""csv"", ""module"": ""M1"", ""syllabusRef"": ""M1.9.5"", ""level"": """", ""difficulty"": ""EASY"", ""subTopic"": """", ""isEssay"": false}",False
M1,M1.8.9,,"The number 0.00009307, expressed in standard form is:",9.307 × 10−5,9.307 × 10−4,9.307 × 104,,9.307 × 10−5,MEDIUM,,,,DRAFT,Found in Suntech corpus,1,AEROJET M1 SAMPLE SET 4 WITHOUT ANSWERS_230828_082029.pdf,"{""raw"": ""The number 0.00009307, expressed in standard form is:"", ""question"": ""The number 0.00009307, expressed in standard form is:"", ""options"": [""9.307 × 10−5"", ""9.307 × 10−4"", ""9.307 × 104""], ""correct"": ""9.307 × 10−5"", ""answer_text"": null, ""category"": null, ""source_file"": ""AEROJET M1 SAMPLE SET 4 WITHOUT ANSWERS_230828_082029.pdf"", ""source_module"": ""M1"", ""fmt"": ""csv"", ""module"": ""M1"", ""syllabusRef"": ""M1.8.9"", ""level"": """", ""difficulty"": ""MEDIUM"", ""subTopic"": """", ""isEssay"": false}",False
M1,,,An aircraft supplier buys 200 packs of rivets for £100.00 and sells them for 70 pence a pack. His,30%,40%,59%,,,MEDIUM,,,,NEEDS_ANSWER,NEEDS_ANSWER — answer not provided in source; solve via admin review,1,AEROJET M1 SAMPLE SET 4 WITHOUT ANSWERS_230828_082029.pdf,"{""raw"": ""An aircraft supplier buys 200 packs of rivets for £100.00 and sells them for 70 pence a pack. His"", ""question"": ""An aircraft supplier buys 200 packs of rivets for £100.00 and sells them for 70 pence a pack. His"", ""options"": [""30%"", ""40%"", ""59%""], ""correct"": """", ""answer_text"": null, ""category"": null, ""source_file"": ""AEROJET M1 SAMPLE SET 4 WITHOUT ANSWERS_230828_082029.pdf"", ""source_module"": ""M1"", ""fmt"": ""csv"", ""module"": ""M1"", ""syllabusRef"": """", ""level"": """", ""difficulty"": ""MEDIUM"", ""subTopic"": """", ""isEssay"": false}",False
M1,M1.8.9,,"it take to complete the total journey of 2800 km, assuming constant velocity?",3.5 h,5.25 h,6.25 h,,3.5 h,MEDIUM,6. An aircraft travelling at constant velocity covers the first 800 km of a journey in 1.5 h. How long does,,,DRAFT,Found in Suntech corpus,1,AEROJET M1 SAMPLE SET 4 WITHOUT ANSWERS_230828_082029.pdf,"{""raw"": ""it take to complete the total journey of 2800 km, assuming constant velocity?"", ""question"": ""it take to complete the total journey of 2800 km, assuming constant velocity?"", ""options"": [""3.5 h"", ""5.25 h"", ""6.25 h""], ""correct"": ""3.5 h"", ""answer_text"": null, ""category"": null, ""source_file"": ""AEROJET M1 SAMPLE SET 4 WITHOUT ANSWERS_230828_082029.pdf"", ""source_module"": ""M1"", ""fmt"": ""csv"", ""module"": ""M1"", ""syllabusRef"": ""M1.8.9"", ""level"": """", ""difficulty"": ""MEDIUM"", ""subTopic"": ""6. An aircraft travelling at constant velocity covers the first 800 km of a journey in 1.5 h. How long does"", ""isEssay"": false}",False
M1,M1.8.9,,"The mass of an electrical part is 23 g, so the total mass, in kg, of 80 such parts is:",1840,184,1.84,,,MEDIUM,,,,NEEDS_ANSWER,NEEDS_ANSWER — answer not provided in source; solve via admin review,1,AEROJET M1 SAMPLE SET 4 WITHOUT ANSWERS_230828_082029.pdf,"{""raw"": ""The mass of an electrical part is 23 g, so the total mass, in kg, of 80 such parts is:"", ""question"": ""The mass of an electrical part is 23 g, so the total mass, in kg, of 80 such parts is:"", ""options"": [""1840"", ""184"", ""1.84""], ""correct"": """", ""answer_text"": null, ""category"": null, ""source_file"": ""AEROJET M1 SAMPLE SET 4 WITHOUT ANSWERS_230828_082029.pdf"", ""source_module"": ""M1"", ""fmt"": ""csv"", ""module"": ""M1"", ""syllabusRef"": ""M1.8.9"", ""level"": """", ""difficulty"": ""MEDIUM"", ""subTopic"": """", ""isEssay"": false}",False
M1,M1.8.9,,"The product of 3x, x, −2x2, is:",−6x4,−5x4,4x − 2x2,,,EASY,,,,NEEDS_ANSWER,NEEDS_ANSWER — answer not provided in source; solve via admin review,1,AEROJET M1 SAMPLE SET 4 WITHOUT ANSWERS_230828_082029.pdf,"{""raw"": ""The product of 3x, x, −2x2, is:"", ""question"": ""The product of 3x, x, −2x2, is:"", ""options"": [""−6x4"", ""−5x4"", ""4x − 2x2""], ""correct"": """", ""answer_text"": null, ""category"": null, ""source_file"": ""AEROJET M1 SAMPLE SET 4 WITHOUT ANSWERS_230828_082029.pdf"", ""source_module"": ""M1"", ""fmt"": ""csv"", ""module"": ""M1"", ""syllabusRef"": ""M1.8.9"", ""level"": """", ""difficulty"": ""EASY"", ""subTopic"": """", ""isEssay"": false}",False
M1,M1.11.2,,When simplified is equivalent to:,4x2 − 9x4,4x2 − 2x4,3 + 4x2 − 6x4,,,EASY,,,,NEEDS_ANSWER,NEEDS_ANSWER — answer not provided in source; solve via admin review,1,AEROJET M1 SAMPLE SET 4 WITHOUT ANSWERS_230828_082029.pdf,"{""raw"": ""When simplified is equivalent to:"", ""question"": ""When simplified is equivalent to:"", ""options"": [""4x2 − 9x4"", ""4x2 − 2x4"", ""3 + 4x2 − 6x4""], ""correct"": """", ""answer_text"": null, ""category"": null, ""source_file"": ""AEROJET M1 SAMPLE SET 4 WITHOUT ANSWERS_230828_082029.pdf"", ""source_module"": ""M1"", ""fmt"": ""csv"", ""module"": ""M1"", ""syllabusRef"": ""M1.11.2"", ""level"": """", ""difficulty"": ""EASY"", ""subTopic"": """", ""isEssay"": false}",False
M1,M1.8.9,,The expression simplified −[ ]+1,−1,0,1,,,EASY,,,,NEEDS_ANSWER,NEEDS_ANSWER — answer not provided in source; solve via admin review,1,AEROJET M1 SAMPLE SET 4 WITHOUT ANSWERS_230828_082029.pdf,"{""raw"": ""The expression simplified −[ ]+1"", ""question"": ""The expression simplified −[ ]+1"", ""options"": [""−1"", ""0"", ""1""], ""correct"": """", ""answer_text"": null, ""category"": null, ""source_file"": ""AEROJET M1 SAMPLE SET 4 WITHOUT ANSWERS_230828_082029.pdf"", ""source_module"": ""M1"", ""fmt"": ""csv"", ""module"": ""M1"", ""syllabusRef"": ""M1.8.9"", ""level"": """", ""difficulty"": ""EASY"", ""subTopic"": """", ""isEssay"": false}",False
M1,M1.8.9,,"The formula, 𝑋 = √𝑍2−𝑅2, correctly transposed for 𝑅 is:",𝑅 = √𝑍2−𝑋2,𝑅 = √𝑍2+𝑋2,𝑅 = 𝑍−𝑋,,,MEDIUM,,,,NEEDS_ANSWER,NEEDS_ANSWER — answer not provided in source; solve via admin review,1,AEROJET M1 SAMPLE SET 4 WITHOUT ANSWERS_230828_082029.pdf,"{""raw"": ""The formula, 𝑋 = √𝑍2−𝑅2, correctly transposed for 𝑅 is:"", ""question"": ""The formula, 𝑋 = √𝑍2−𝑅2, correctly transposed for 𝑅 is:"", ""options"": [""𝑅 = √𝑍2−𝑋2"", ""𝑅 = √𝑍2+𝑋2"", ""𝑅 = 𝑍−𝑋""], ""correct"": """", ""answer_text"": null, ""category"": null, ""source_file"": ""AEROJET M1 SAMPLE SET 4 WITHOUT ANSWERS_230828_082029.pdf"", ""source_module"": ""M1"", ""fmt"": ""csv"", ""module"": ""M1"", ""syllabusRef"": ""M1.8.9"", ""level"": """", ""difficulty"": ""MEDIUM"", ""subTopic"": """", ""isEssay"": false}",False
M1,M1.10.1,,"If a is a positive integer and a2 + a − 30 = 0, then the value of a is:",6,5,4,,,MEDIUM,,,,NEEDS_ANSWER,NEEDS_ANSWER — answer not provided in source; solve via admin review,1,AEROJET M1 SAMPLE SET 4 WITHOUT ANSWERS_230828_082029.pdf,"{""raw"": ""If a is a positive integer and a2 + a − 30 = 0, then the value of a is:"", ""question"": ""If a is a positive integer and a2 + a − 30 = 0, then the value of a is:"", ""options"": [""6"", ""5"", ""4""], ""correct"": """", ""answer_text"": null, ""category"": null, ""source_file"": ""AEROJET M1 SAMPLE SET 4 WITHOUT ANSWERS_230828_082029.pdf"", ""source_module"": ""M1"", ""fmt"": ""csv"", ""module"": ""M1"", ""syllabusRef"": ""M1.10.1"", ""level"": """", ""difficulty"": ""MEDIUM"", ""subTopic"": """", ""isEssay"": false}",False
M1,M1.8.9,,"From the tables, the antilogarithm of 2̅..4177 is:",0.02617,0.02607,0.2607,,,MEDIUM,,,,NEEDS_ANSWER,NEEDS_ANSWER — answer not provided in source; solve via admin review,1,AEROJET M1 SAMPLE SET 4 WITHOUT ANSWERS_230828_082029.pdf,"{""raw"": ""From the tables, the antilogarithm of 2̅..4177 is:"", ""question"": ""From the tables, the antilogarithm of 2̅..4177 is:"", ""options"": [""0.02617"", ""0.02607"", ""0.2607""], ""correct"": """", ""answer_text"": null, ""category"": null, ""source_file"": ""AEROJET M1 SAMPLE SET 4 WITHOUT ANSWERS_230828_082029.pdf"", ""source_module"": ""M1"", ""fmt"": ""csv"", ""module"": ""M1"", ""syllabusRef"": ""M1.8.9"", ""level"": """", ""difficulty"": ""MEDIUM"", ""subTopic"": """", ""isEssay"": false}",False
M1,,,"A circle of radius = 15 cm, will have an area of:",707.14 cm2,1414.28 cm2,94.25 cm2,,,EASY,,,,NEEDS_ANSWER,NEEDS_ANSWER — answer not provided in source; solve via admin review,1,AEROJET M1 SAMPLE SET 4 WITHOUT ANSWERS_230828_082029.pdf,"{""raw"": ""A circle of radius = 15 cm, will have an area of:"", ""question"": ""A circle of radius = 15 cm, will have an area of:"", ""options"": [""707.14 cm2"", ""1414.28 cm2"", ""94.25 cm2""], ""correct"": """", ""answer_text"": null, ""category"": null, ""source_file"": ""AEROJET M1 SAMPLE SET 4 WITHOUT ANSWERS_230828_082029.pdf"", ""source_module"": ""M1"", ""fmt"": ""csv"", ""module"": ""M1"", ""syllabusRef"": """", ""level"": """", ""difficulty"": ""EASY"", ""subTopic"": """", ""isEssay"": false}",False
M1,M1.11.2,,"15. In the equation of the straight line graph y = mx + c, which of the following statements is true?",y is the independent variable,m is the gradient of the line,c is the dependent variable,,m is the gradient of the line,MEDIUM,,,,DRAFT,Found in Suntech corpus,1,AEROJET M1 SAMPLE SET 4 WITHOUT ANSWERS_230828_082029.pdf,"{""raw"": ""15. In the equation of the straight line graph y = mx + c, which of the following statements is true?"", ""question"": ""15. In the equation of the straight line graph y = mx + c, which of the following statements is true?"", ""options"": [""y is the independent variable"", ""m is the gradient of the line"", ""c is the dependent variable""], ""correct"": ""m is the gradient of the line"", ""answer_text"": null, ""category"": null, ""source_file"": ""AEROJET M1 SAMPLE SET 4 WITHOUT ANSWERS_230828_082029.pdf"", ""source_module"": ""M1"", ""fmt"": ""csv"", ""module"": ""M1"", ""syllabusRef"": ""M1.11.2"", ""level"": """", ""difficulty"": ""MEDIUM"", ""subTopic"": """", ""isEssay"": false}",False
M1,M1.10.1,,"The straight line graph shown in Figure 1.10 takes the form y = mx + c, the value of m will be",40,−30,1.5,,1.5,MEDIUM,,,,DRAFT,Found in Suntech corpus,1,AEROJET M1 SAMPLE SET 4 WITHOUT ANSWERS_230828_082029.pdf,"{""raw"": ""The straight line graph shown in Figure 1.10 takes the form y = mx + c, the value of m will be"", ""question"": ""The straight line graph shown in Figure 1.10 takes the form y = mx + c, the value of m will be"", ""options"": [""40"", ""−30"", ""1.5""], ""correct"": ""1.5"", ""answer_text"": null, ""category"": null, ""source_file"": ""AEROJET M1 SAMPLE SET 4 WITHOUT ANSWERS_230828_082029.pdf"", ""source_module"": ""M1"", ""fmt"": ""csv"", ""module"": ""M1"", ""syllabusRef"": ""M1.10.1"", ""level"": """", ""difficulty"": ""MEDIUM"", ""subTopic"": """", ""isEssay"": false}",False
M1,M1.8.9,,From tables the cos 57◦ 50/ is:,0.5324,0.5334,0.5319,,,EASY,,,,NEEDS_ANSWER,NEEDS_ANSWER — answer not provided in source; solve via admin review,1,AEROJET M1 SAMPLE SET 4 WITHOUT ANSWERS_230828_082029.pdf,"{""raw"": ""From tables the cos 57◦ 50/ is:"", ""question"": ""From tables the cos 57◦ 50/ is:"", ""options"": [""0.5324"", ""0.5334"", ""0.5319""], ""correct"": """", ""answer_text"": null, ""category"": null, ""source_file"": ""AEROJET M1 SAMPLE SET 4 WITHOUT ANSWERS_230828_082029.pdf"", ""source_module"": ""M1"", ""fmt"": ""csv"", ""module"": ""M1"", ""syllabusRef"": ""M1.8.9"", ""level"": """", ""difficulty"": ""EASY"", ""subTopic"": """", ""isEssay"": false}",False
M1,M1.8.9,,"The rectangular co-ordinates (5, 12) in polar form are:","(13 , ∠ 67.4°)","(11.79 , ∠ 67.4°)","(12 , ∠ 112.6°)",,"(13 , ∠ 67.4°)",MEDIUM,,,,DRAFT,Found in Suntech corpus,1,AEROJET M1 SAMPLE SET 4 WITHOUT ANSWERS_230828_082029.pdf,"{""raw"": ""The rectangular co-ordinates (5, 12) in polar form are:"", ""question"": ""The rectangular co-ordinates (5, 12) in polar form are:"", ""options"": [""(13 , ∠ 67.4°)"", ""(11.79 , ∠ 67.4°)"", ""(12 , ∠ 112.6°)""], ""correct"": ""(13 , ∠ 67.4°)"", ""answer_text"": null, ""category"": null, ""source_file"": ""AEROJET M1 SAMPLE SET 4 WITHOUT ANSWERS_230828_082029.pdf"", ""source_module"": ""M1"", ""fmt"": ""csv"", ""module"": ""M1"", ""syllabusRef"": ""M1.8.9"", ""level"": """", ""difficulty"": ""MEDIUM"", ""subTopic"": """", ""isEssay"": false}",False
M1,,,Natural numbers are known as:,positive integers,positive whole numbers,positive rational numbers,,,EASY,,,,NEEDS_ANSWER,NEEDS_ANSWER — answer not provided in source; solve via admin review,1,AEROJET M1 SAMPLE SET 4 WITHOUT ANSWERS_230828_082029.pdf,"{""raw"": ""Natural numbers are known as:"", ""question"": ""Natural numbers are known as:"", ""options"": [""positive integers"", ""positive whole numbers"", ""positive rational numbers""], ""correct"": """", ""answer_text"": null, ""category"": null, ""source_file"": ""AEROJET M1 SAMPLE SET 4 WITHOUT ANSWERS_230828_082029.pdf"", ""source_module"": ""M1"", ""fmt"": ""csv"", ""module"": ""M1"", ""syllabusRef"": """", ""level"": """", ""difficulty"": ""EASY"", ""subTopic"": """", ""isEssay"": false}",False
M1,M1.8.9,,"Find the value of a(b + c − d), where a = 3, b = −4, c = 6 and d = −1",3,– 27,9,,,MEDIUM,,,,NEEDS_ANSWER,NEEDS_ANSWER — answer not provided in source; solve via admin review,1,AEROJET M1 SAMPLE SET 4 WITHOUT ANSWERS_230828_082029.pdf,"{""raw"": ""Find the value of a(b + c − d), where a = 3, b = −4, c = 6 and d = −1"", ""question"": ""Find the value of a(b + c − d), where a = 3, b = −4, c = 6 and d = −1"", ""options"": [""3"", ""– 27"", ""9""], ""correct"": """", ""answer_text"": null, ""category"": null, ""source_file"": ""AEROJET M1 SAMPLE SET 4 WITHOUT ANSWERS_230828_082029.pdf"", ""source_module"": ""M1"", ""fmt"": ""csv"", ""module"": ""M1"", ""syllabusRef"": ""M1.8.9"", ""level"": """", ""difficulty"": ""MEDIUM"", ""subTopic"": """", ""isEssay"": false}",False
M1,,,0.0000000234876 in standard form to two significant figures is :,2.35 x 10 -8,2.3 x 10 8,2.3 x 10 -8,,2.35 x 10 -8,MEDIUM,,,,DRAFT,Found in Suntech corpus,1,AEROJET M1 SAMPLE SET 4 WITHOUT ANSWERS_230828_082029.pdf,"{""raw"": ""0.0000000234876 in standard form to two significant figures is :"", ""question"": ""0.0000000234876 in standard form to two significant figures is :"", ""options"": [""2.35 x 10 -8"", ""2.3 x 10 8"", ""2.3 x 10 -8""], ""correct"": ""2.35 x 10 -8"", ""answer_text"": null, ""category"": null, ""source_file"": ""AEROJET M1 SAMPLE SET 4 WITHOUT ANSWERS_230828_082029.pdf"", ""source_module"": ""M1"", ""fmt"": ""csv"", ""module"": ""M1"", ""syllabusRef"": """", ""level"": """", ""difficulty"": ""MEDIUM"", ""subTopic"": """", ""isEssay"": false}",False
M1,M1.8.9,,"reaching the end of its shelf life, he must sell it for £1400.00. What is the supplier’s percentage loss?",17.7%,17.6%,17%,,,MEDIUM,23. A contract supplier buys an undercarriage door retraction actuator for £1700.00 and because it is,,,NEEDS_ANSWER,NEEDS_ANSWER — answer not provided in source; solve via admin review,1,AEROJET M1 SAMPLE SET 4 WITHOUT ANSWERS_230828_082029.pdf,"{""raw"": ""reaching the end of its shelf life, he must sell it for £1400.00. What is the supplier’s percentage loss?"", ""question"": ""reaching the end of its shelf life, he must sell it for £1400.00. What is the supplier’s percentage loss?"", ""options"": [""17.7%"", ""17.6%"", ""17%""], ""correct"": """", ""answer_text"": null, ""category"": null, ""source_file"": ""AEROJET M1 SAMPLE SET 4 WITHOUT ANSWERS_230828_082029.pdf"", ""source_module"": ""M1"", ""fmt"": ""csv"", ""module"": ""M1"", ""syllabusRef"": ""M1.8.9"", ""level"": """", ""difficulty"": ""MEDIUM"", ""subTopic"": ""23. A contract supplier buys an undercarriage door retraction actuator for £1700.00 and because it is"", ""isEssay"": false}",False
M1,M1.11.2,,"gear wheel, in rpm?",18 rpm,200 rpm,45 rpm,,18 rpm,EASY,"24. Two gear wheels mesh together as shown in Figure 2.1. One has 60 teeth, the other has 45 teeth. If",,,DRAFT,Found in Suntech corpus,1,AEROJET M1 SAMPLE SET 4 WITHOUT ANSWERS_230828_082029.pdf,"{""raw"": ""gear wheel, in rpm?"", ""question"": ""gear wheel, in rpm?"", ""options"": [""18 rpm"", ""200 rpm"", ""45 rpm""], ""correct"": ""18 rpm"", ""answer_text"": null, ""category"": null, ""source_file"": ""AEROJET M1 SAMPLE SET 4 WITHOUT ANSWERS_230828_082029.pdf"", ""source_module"": ""M1"", ""fmt"": ""csv"", ""module"": ""M1"", ""syllabusRef"": ""M1.11.2"", ""level"": """", ""difficulty"": ""EASY"", ""subTopic"": ""24. Two gear wheels mesh together as shown in Figure 2.1. One has 60 teeth, the other has 45 teeth. If"", ""isEssay"": false}",False
M1,M1.8.9,,Convert the denary number 23 to binary,10111,11011,10011,,10111,EASY,,,,REVIEWED,Computed from question data,1,AEROJET M1 SAMPLE SET 4 WITHOUT ANSWERS_230828_082029.pdf,"{""raw"": ""Convert the denary number 23 to binary"", ""question"": ""Convert the denary number 23 to binary"", ""options"": [""10111"", ""11011"", ""10011""], ""correct"": ""10111"", ""answer_text"": null, ""category"": null, ""source_file"": ""AEROJET M1 SAMPLE SET 4 WITHOUT ANSWERS_230828_082029.pdf"", ""source_module"": ""M1"", ""fmt"": ""csv"", ""module"": ""M1"", ""syllabusRef"": ""M1.8.9"", ""level"": """", ""difficulty"": ""EASY"", ""subTopic"": """", ""isEssay"": false}",False
M1,M1.8.9,,Convert the hexadecimal number 6E to denary.,120,110,100,,120,EASY,,,,DRAFT,Computed from question data,1,AEROJET M1 SAMPLE SET 4 WITHOUT ANSWERS_230828_082029.pdf,"{""raw"": ""Convert the hexadecimal number 6E to denary."", ""question"": ""Convert the hexadecimal number 6E to denary."", ""options"": [""120"", ""110"", ""100""], ""correct"": ""120"", ""answer_text"": null, ""category"": null, ""source_file"": ""AEROJET M1 SAMPLE SET 4 WITHOUT ANSWERS_230828_082029.pdf"", ""source_module"": ""M1"", ""fmt"": ""csv"", ""module"": ""M1"", ""syllabusRef"": ""M1.8.9"", ""level"": """", ""difficulty"": ""EASY"", ""subTopic"": """", ""isEssay"": false}",False
M1,,,Factorise y2 – 3y − 18,(y – 3)( y + 6),"y = 6, y = - 3",(y – 6)( y + 3),,(y – 3)( y + 6),EASY,,,,DRAFT,Found in Suntech corpus,1,AEROJET M1 SAMPLE SET 4 WITHOUT ANSWERS_230828_082029.pdf,"{""raw"": ""Factorise y2 – 3y − 18"", ""question"": ""Factorise y2 – 3y − 18"", ""options"": [""(y – 3)( y + 6)"", ""y = 6, y = - 3"", ""(y – 6)( y + 3)""], ""correct"": ""(y – 3)( y + 6)"", ""answer_text"": null, ""category"": null, ""source_file"": ""AEROJET M1 SAMPLE SET 4 WITHOUT ANSWERS_230828_082029.pdf"", ""source_module"": ""M1"", ""fmt"": ""csv"", ""module"": ""M1"", ""syllabusRef"": """", ""level"": """", ""difficulty"": ""EASY"", ""subTopic"": """", ""isEssay"": false}",False
M1,M1.8.9,,"Transpose the formula F= for v,",v =,v = √,v = ±√,,,EASY,,,,NEEDS_ANSWER,NEEDS_ANSWER — answer not provided in source; solve via admin review,1,AEROJET M1 SAMPLE SET 4 WITHOUT ANSWERS_230828_082029.pdf,"{""raw"": ""Transpose the formula F= for v,"", ""question"": ""Transpose the formula F= for v,"", ""options"": [""v ="", ""v = √"", ""v = ±√""], ""correct"": """", ""answer_text"": null, ""category"": null, ""source_file"": ""AEROJET M1 SAMPLE SET 4 WITHOUT ANSWERS_230828_082029.pdf"", ""source_module"": ""M1"", ""fmt"": ""csv"", ""module"": ""M1"", ""syllabusRef"": ""M1.8.9"", ""level"": """", ""difficulty"": ""EASY"", ""subTopic"": """", ""isEssay"": false}",False
M1,M1.8.9,,Use logarithms to find the value of: 192.5 × 0.714,152.4,132.4,142.4,,,MEDIUM,,,,NEEDS_ANSWER,NEEDS_ANSWER — answer not provided in source; solve via admin review,1,AEROJET M1 SAMPLE SET 4 WITHOUT ANSWERS_230828_082029.pdf,"{""raw"": ""Use logarithms to find the value of: 192.5 × 0.714"", ""question"": ""Use logarithms to find the value of: 192.5 × 0.714"", ""options"": [""152.4"", ""132.4"", ""142.4""], ""correct"": """", ""answer_text"": null, ""category"": null, ""source_file"": ""AEROJET M1 SAMPLE SET 4 WITHOUT ANSWERS_230828_082029.pdf"", ""source_module"": ""M1"", ""fmt"": ""csv"", ""module"": ""M1"", ""syllabusRef"": ""M1.8.9"", ""level"": """", ""difficulty"": ""MEDIUM"", ""subTopic"": """", ""isEssay"": false}",False
M1,M1.8.9,,A pipe of thickness 5 mm has an external diameter of 120 mm. Find the volume of 2.4 m of pipe.,0.0043 m3,0.0022 m3,0.0089 m3,,,MEDIUM,,,,NEEDS_ANSWER,NEEDS_ANSWER — answer not provided in source; solve via admin review,1,AEROJET M1 SAMPLE SET 4 WITHOUT ANSWERS_230828_082029.pdf,"{""raw"": ""A pipe of thickness 5 mm has an external diameter of 120 mm. Find the volume of 2.4 m of pipe."", ""question"": ""A pipe of thickness 5 mm has an external diameter of 120 mm. Find the volume of 2.4 m of pipe."", ""options"": [""0.0043 m3"", ""0.0022 m3"", ""0.0089 m3""], ""correct"": """", ""answer_text"": null, ""category"": null, ""source_file"": ""AEROJET M1 SAMPLE SET 4 WITHOUT ANSWERS_230828_082029.pdf"", ""source_module"": ""M1"", ""fmt"": ""csv"", ""module"": ""M1"", ""syllabusRef"": ""M1.8.9"", ""level"": """", ""difficulty"": ""MEDIUM"", ""subTopic"": """", ""isEssay"": false}",False
M1,,,3(x − 2) = 2(x − 1),x = 2,x = - 2,x = 4,,x = 2,EASY,,,,DRAFT,Found in Suntech corpus,1,AEROJET M1 SAMPLE SET 4 WITHOUT ANSWERS_230828_082029.pdf,"{""raw"": ""3(x − 2) = 2(x − 1)"", ""question"": ""3(x − 2) = 2(x − 1)"", ""options"": [""x = 2"", ""x = - 2"", ""x = 4""], ""correct"": ""x = 2"", ""answer_text"": null, ""category"": null, ""source_file"": ""AEROJET M1 SAMPLE SET 4 WITHOUT ANSWERS_230828_082029.pdf"", ""source_module"": ""M1"", ""fmt"": ""csv"", ""module"": ""M1"", ""syllabusRef"": """", ""level"": """", ""difficulty"": ""EASY"", ""subTopic"": """", ""isEssay"": false}",False
M1,M1.8.9,,"In the equation x = m /M, solve for the first variable, assuming that the second and third variables are equal to 15",3,5,1/5,,1/5,MEDIUM,,,,DRAFT,Found in Suntech corpus,1,AEROJET M1 SAMPLE TEST 1 WITHOUT ANSWERS_230822_081651.pdf,"{""raw"": ""In the equation x = m /M, solve for the first variable, assuming that the second and third variables are equal to 15"", ""question"": ""In the equation x = m /M, solve for the first variable, assuming that the second and third variables are equal to 15"", ""options"": [""3"", ""5"", ""1/5""], ""correct"": ""1/5"", ""answer_text"": null, ""category"": null, ""source_file"": ""AEROJET M1 SAMPLE TEST 1 WITHOUT ANSWERS_230822_081651.pdf"", ""source_module"": ""M1"", ""fmt"": ""csv"", ""module"": ""M1"", ""syllabusRef"": ""M1.8.9"", ""level"": """", ""difficulty"": ""MEDIUM"", ""subTopic"": """", ""isEssay"": false}",False
M1,,,"Solve for F in terms of T, =",T+32,T−32,T+32,,,EASY,,,,NEEDS_ANSWER,NEEDS_ANSWER — answer not provided in source; solve via admin review,1,AEROJET M1 SAMPLE TEST 1 WITHOUT ANSWERS_230822_081651.pdf,"{""raw"": ""Solve for F in terms of T, ="", ""question"": ""Solve for F in terms of T, ="", ""options"": [""T+32"", ""T−32"", ""T+32""], ""correct"": """", ""answer_text"": null, ""category"": null, ""source_file"": ""AEROJET M1 SAMPLE TEST 1 WITHOUT ANSWERS_230822_081651.pdf"", ""source_module"": ""M1"", ""fmt"": ""csv"", ""module"": ""M1"", ""syllabusRef"": """", ""level"": """", ""difficulty"": ""EASY"", ""subTopic"": """", ""isEssay"": false}",False
M1,M1.8.9,,"Using the equation in question 2 above, find F, when T = 55",131,67,63,,,MEDIUM,,,,NEEDS_ANSWER,NEEDS_ANSWER — answer not provided in source; solve via admin review,1,AEROJET M1 SAMPLE TEST 1 WITHOUT ANSWERS_230822_081651.pdf,"{""raw"": ""Using the equation in question 2 above, find F, when T = 55"", ""question"": ""Using the equation in question 2 above, find F, when T = 55"", ""options"": [""131"", ""67"", ""63""], ""correct"": """", ""answer_text"": null, ""category"": null, ""source_file"": ""AEROJET M1 SAMPLE TEST 1 WITHOUT ANSWERS_230822_081651.pdf"", ""source_module"": ""M1"", ""fmt"": ""csv"", ""module"": ""M1"", ""syllabusRef"": ""M1.8.9"", ""level"": """", ""difficulty"": ""MEDIUM"", ""subTopic"": """", ""isEssay"": false}",False
M1,M1.8.9,,Find the area of one box in the diagram.,4 sq. yd. Diagram for question 4,9 sq. ft.,1 yd.,,4 sq. yd. Diagram for question 4,EASY,,,,DRAFT,Found in Suntech corpus,1,AEROJET M1 SAMPLE TEST 1 WITHOUT ANSWERS_230822_081651.pdf,"{""raw"": ""Find the area of one box in the diagram."", ""question"": ""Find the area of one box in the diagram."", ""options"": [""4 sq. yd. Diagram for question 4"", ""9 sq. ft."", ""1 yd.""], ""correct"": ""4 sq. yd. Diagram for question 4"", ""answer_text"": null, ""category"": null, ""source_file"": ""AEROJET M1 SAMPLE TEST 1 WITHOUT ANSWERS_230822_081651.pdf"", ""source_module"": ""M1"", ""fmt"": ""csv"", ""module"": ""M1"", ""syllabusRef"": ""M1.8.9"", ""level"": """", ""difficulty"": ""EASY"", ""subTopic"": """", ""isEssay"": false}",False
M1,M1.8.9,,5. What is the unit of the volume of a cubic box whose edge measures 3.00 ft?,27 cubic ft.,3 square ft.,Cubic ft.,,3 square ft.,MEDIUM,,,,DRAFT,Found in Suntech corpus,1,AEROJET M1 SAMPLE TEST 1 WITHOUT ANSWERS_230822_081651.pdf,"{""raw"": ""5. What is the unit of the volume of a cubic box whose edge measures 3.00 ft?"", ""question"": ""5. What is the unit of the volume of a cubic box whose edge measures 3.00 ft?"", ""options"": [""27 cubic ft."", ""3 square ft."", ""Cubic ft.""], ""correct"": ""3 square ft."", ""answer_text"": null, ""category"": null, ""source_file"": ""AEROJET M1 SAMPLE TEST 1 WITHOUT ANSWERS_230822_081651.pdf"", ""source_module"": ""M1"", ""fmt"": ""csv"", ""module"": ""M1"", ""syllabusRef"": ""M1.8.9"", ""level"": """", ""difficulty"": ""MEDIUM"", ""subTopic"": """", ""isEssay"": false}",False
M1,M1.8.9,,"Determine the values of a, b, and c in the equation x 2 + 3x = 10, when compared with the standard quadratic","1, 3, and 10","1, 3, and – 10","x 2, 3 and – 10",,"1, 3, and 10",MEDIUM,,,,DRAFT,Found in Suntech corpus,1,AEROJET M1 SAMPLE TEST 1 WITHOUT ANSWERS_230822_081651.pdf,"{""raw"": ""Determine the values of a, b, and c in the equation x 2 + 3x = 10, when compared with the standard quadratic"", ""question"": ""Determine the values of a, b, and c in the equation x 2 + 3x = 10, when compared with the standard quadratic"", ""options"": [""1, 3, and 10"", ""1, 3, and – 10"", ""x 2, 3 and – 10""], ""correct"": ""1, 3, and 10"", ""answer_text"": null, ""category"": null, ""source_file"": ""AEROJET M1 SAMPLE TEST 1 WITHOUT ANSWERS_230822_081651.pdf"", ""source_module"": ""M1"", ""fmt"": ""csv"", ""module"": ""M1"", ""syllabusRef"": ""M1.8.9"", ""level"": """", ""difficulty"": ""MEDIUM"", ""subTopic"": """", ""isEssay"": false}",False
M1,M1.8.9,,"Use your answer in question 6, above to calculate the values of x, using the formula 𝑥 =",2,– 5,"2, - 5",,"2, - 5",MEDIUM,,,,DRAFT,Found in Suntech corpus,1,AEROJET M1 SAMPLE TEST 1 WITHOUT ANSWERS_230822_081651.pdf,"{""raw"": ""Use your answer in question 6, above to calculate the values of x, using the formula 𝑥 ="", ""question"": ""Use your answer in question 6, above to calculate the values of x, using the formula 𝑥 ="", ""options"": [""2"", ""– 5"", ""2, - 5""], ""correct"": ""2, - 5"", ""answer_text"": null, ""category"": null, ""source_file"": ""AEROJET M1 SAMPLE TEST 1 WITHOUT ANSWERS_230822_081651.pdf"", ""source_module"": ""M1"", ""fmt"": ""csv"", ""module"": ""M1"", ""syllabusRef"": ""M1.8.9"", ""level"": """", ""difficulty"": ""MEDIUM"", ""subTopic"": """", ""isEssay"": false}",False
M1,M1.11.2,,Which pair of rational fractions sum to ?,",",",",",",,,EASY,,,,NEEDS_ANSWER,NEEDS_ANSWER — answer not provided in source; solve via admin review,1,AEROJET M1 SAMPLE TEST 1 WITHOUT ANSWERS_230822_081651.pdf,"{""raw"": ""Which pair of rational fractions sum to ?"", ""question"": ""Which pair of rational fractions sum to ?"", ""options"": ["","", "","", "",""], ""correct"": """", ""answer_text"": null, ""category"": null, ""source_file"": ""AEROJET M1 SAMPLE TEST 1 WITHOUT ANSWERS_230822_081651.pdf"", ""source_module"": ""M1"", ""fmt"": ""csv"", ""module"": ""M1"", ""syllabusRef"": ""M1.11.2"", ""level"": """", ""difficulty"": ""EASY"", ""subTopic"": """", ""isEssay"": false}",False
M1,M1.8.9,,9. What result will be shown on the calculator for the following sequence of keystrokes below?,35,12,19,,,MEDIUM,,,,NEEDS_ANSWER,NEEDS_ANSWER — answer not provided in source; solve via admin review,1,AEROJET M1 SAMPLE TEST 1 WITHOUT ANSWERS_230822_081651.pdf,"{""raw"": ""9. What result will be shown on the calculator for the following sequence of keystrokes below?"", ""question"": ""9. What result will be shown on the calculator for the following sequence of keystrokes below?"", ""options"": [""35"", ""12"", ""19""], ""correct"": """", ""answer_text"": null, ""category"": null, ""source_file"": ""AEROJET M1 SAMPLE TEST 1 WITHOUT ANSWERS_230822_081651.pdf"", ""source_module"": ""M1"", ""fmt"": ""csv"", ""module"": ""M1"", ""syllabusRef"": ""M1.8.9"", ""level"": """", ""difficulty"": ""MEDIUM"", ""subTopic"": """", ""isEssay"": false}",False
M1,,,Simplify (x + 9) − (2x - 1),10 – x,8 – x,10 – x,,10 – x,HARD,,,,DRAFT,Found in Suntech corpus,1,AEROJET M1 SAMPLE TEST 1 WITHOUT ANSWERS_230822_081651.pdf,"{""raw"": ""Simplify (x + 9) − (2x - 1)"", ""question"": ""Simplify (x + 9) − (2x - 1)"", ""options"": [""10 – x"", ""8 – x"", ""10 – x""], ""correct"": ""10 – x"", ""answer_text"": null, ""category"": null, ""source_file"": ""AEROJET M1 SAMPLE TEST 1 WITHOUT ANSWERS_230822_081651.pdf"", ""source_module"": ""M1"", ""fmt"": ""csv"", ""module"": ""M1"", ""syllabusRef"": """", ""level"": """", ""difficulty"": ""HARD"", ""subTopic"": """", ""isEssay"": false}",False
M1,,,Given that a = 4 and b = 3,+ <,+ >,+ =,,,EASY,,,,NEEDS_ANSWER,NEEDS_ANSWER — answer not provided in source; solve via admin review,1,AEROJET M1 SAMPLE TEST 1 WITHOUT ANSWERS_230822_081651.pdf,"{""raw"": ""Given that a = 4 and b = 3"", ""question"": ""Given that a = 4 and b = 3"", ""options"": [""+ <"", ""+ >"", ""+ =""], ""correct"": """", ""answer_text"": null, ""category"": null, ""source_file"": ""AEROJET M1 SAMPLE TEST 1 WITHOUT ANSWERS_230822_081651.pdf"", ""source_module"": ""M1"", ""fmt"": ""csv"", ""module"": ""M1"", ""syllabusRef"": """", ""level"": """", ""difficulty"": ""EASY"", ""subTopic"": """", ""isEssay"": false}",False
M1,,,14. What units are obtained when a mass in grams is divided by a volume in milliliters?,g/mL,g/cm3,g/m3,,,MEDIUM,,,,NEEDS_ANSWER,NEEDS_ANSWER — answer not provided in source; solve via admin review,1,AEROJET M1 SAMPLE TEST 1 WITHOUT ANSWERS_230822_081651.pdf,"{""raw"": ""14. What units are obtained when a mass in grams is divided by a volume in milliliters?"", ""question"": ""14. What units are obtained when a mass in grams is divided by a volume in milliliters?"", ""options"": [""g/mL"", ""g/cm3"", ""g/m3""], ""correct"": """", ""answer_text"": null, ""category"": null, ""source_file"": ""AEROJET M1 SAMPLE TEST 1 WITHOUT ANSWERS_230822_081651.pdf"", ""source_module"": ""M1"", ""fmt"": ""csv"", ""module"": ""M1"", ""syllabusRef"": """", ""level"": """", ""difficulty"": ""MEDIUM"", ""subTopic"": """", ""isEssay"": false}",False
M1,M1.8.9,,Calculate the reciprocal of 4.00 × 10 −8 m.,2.5 x 10 7 m,2.5 x 10 7/m,2.5 x 10 -9/m,,2.5 x 10 7 m,EASY,,,,DRAFT,Found in Suntech corpus,1,AEROJET M1 SAMPLE TEST 1 WITHOUT ANSWERS_230822_081651.pdf,"{""raw"": ""Calculate the reciprocal of 4.00 × 10 −8 m."", ""question"": ""Calculate the reciprocal of 4.00 × 10 −8 m."", ""options"": [""2.5 x 10 7 m"", ""2.5 x 10 7/m"", ""2.5 x 10 -9/m""], ""correct"": ""2.5 x 10 7 m"", ""answer_text"": null, ""category"": null, ""source_file"": ""AEROJET M1 SAMPLE TEST 1 WITHOUT ANSWERS_230822_081651.pdf"", ""source_module"": ""M1"", ""fmt"": ""csv"", ""module"": ""M1"", ""syllabusRef"": ""M1.8.9"", ""level"": """", ""difficulty"": ""EASY"", ""subTopic"": """", ""isEssay"": false}",False
M1,,,Work out 12.8 − 6.02 to 2 significant figures.,68,6.8,0.68,,6.8,EASY,,,,DRAFT,Found in Suntech corpus,1,AEROJET M1 SAMPLE TEST 1 WITHOUT ANSWERS_230822_081651.pdf,"{""raw"": ""Work out 12.8 − 6.02 to 2 significant figures."", ""question"": ""Work out 12.8 − 6.02 to 2 significant figures."", ""options"": [""68"", ""6.8"", ""0.68""], ""correct"": ""6.8"", ""answer_text"": null, ""category"": null, ""source_file"": ""AEROJET M1 SAMPLE TEST 1 WITHOUT ANSWERS_230822_081651.pdf"", ""source_module"": ""M1"", ""fmt"": ""csv"", ""module"": ""M1"", ""syllabusRef"": """", ""level"": """", ""difficulty"": ""EASY"", ""subTopic"": """", ""isEssay"": false}",False
M1,M1.8.9,,Subtract and round the answer to the nearest hundreds: 3835 – 1278,2600,2700,3000,,,MEDIUM,,,,NEEDS_ANSWER,NEEDS_ANSWER — answer not provided in source; solve via admin review,1,AEROJET M1 SAMPLE TEST 1 WITHOUT ANSWERS_230822_081651.pdf,"{""raw"": ""Subtract and round the answer to the nearest hundreds: 3835 – 1278"", ""question"": ""Subtract and round the answer to the nearest hundreds: 3835 – 1278"", ""options"": [""2600"", ""2700"", ""3000""], ""correct"": """", ""answer_text"": null, ""category"": null, ""source_file"": ""AEROJET M1 SAMPLE TEST 1 WITHOUT ANSWERS_230822_081651.pdf"", ""source_module"": ""M1"", ""fmt"": ""csv"", ""module"": ""M1"", ""syllabusRef"": ""M1.8.9"", ""level"": """", ""difficulty"": ""MEDIUM"", ""subTopic"": """", ""isEssay"": false}",False
M1,M1.11.2,,20. Which is the largest?,0.00576,0.02010,0.04006,,,EASY,,,,NEEDS_ANSWER,NEEDS_ANSWER — answer not provided in source; solve via admin review,1,AEROJET M1 SAMPLE TEST 1 WITHOUT ANSWERS_230822_081651.pdf,"{""raw"": ""20. Which is the largest?"", ""question"": ""20. Which is the largest?"", ""options"": [""0.00576"", ""0.02010"", ""0.04006""], ""correct"": """", ""answer_text"": null, ""category"": null, ""source_file"": ""AEROJET M1 SAMPLE TEST 1 WITHOUT ANSWERS_230822_081651.pdf"", ""source_module"": ""M1"", ""fmt"": ""csv"", ""module"": ""M1"", ""syllabusRef"": ""M1.11.2"", ""level"": """", ""difficulty"": ""EASY"", ""subTopic"": """", ""isEssay"": false}",False
M1,M1.8.9,,Multiply 7 ÷,20,21,,,,MEDIUM,,,,NEEDS_ANSWER,NEEDS_ANSWER — answer not provided in source; solve via admin review,1,AEROJET M1 SAMPLE TEST 1 WITHOUT ANSWERS_230822_081651.pdf,"{""raw"": ""Multiply 7 ÷"", ""question"": ""Multiply 7 ÷"", ""options"": [""20"", ""21""], ""correct"": """", ""answer_text"": null, ""category"": null, ""source_file"": ""AEROJET M1 SAMPLE TEST 1 WITHOUT ANSWERS_230822_081651.pdf"", ""source_module"": ""M1"", ""fmt"": ""csv"", ""module"": ""M1"", ""syllabusRef"": ""M1.8.9"", ""level"": """", ""difficulty"": ""MEDIUM"", ""subTopic"": """", ""isEssay"": false}",False
M1,,,"Subtract 37’ 3 ""−8’ 10 """,26’ 6 ”,27’ 6 ”,28’ 6 ”,,26’ 6 ”,EASY,,,,DRAFT,Found in Suntech corpus,1,AEROJET M1 SAMPLE TEST 1 WITHOUT ANSWERS_230822_081651.pdf,"{""raw"": ""Subtract 37’ 3 \""−8’ 10 \"""", ""question"": ""Subtract 37’ 3 \""−8’ 10 \"""", ""options"": [""26’ 6 ”"", ""27’ 6 ”"", ""28’ 6 ”""], ""correct"": ""26’ 6 ”"", ""answer_text"": null, ""category"": null, ""source_file"": ""AEROJET M1 SAMPLE TEST 1 WITHOUT ANSWERS_230822_081651.pdf"", ""source_module"": ""M1"", ""fmt"": ""csv"", ""module"": ""M1"", ""syllabusRef"": """", ""level"": """", ""difficulty"": ""EASY"", ""subTopic"": """", ""isEssay"": false}",False
M1,M1.8.9,,At the beginning of January the parts department at aerojet had 458 plugs in stock. It is estimated that they will,698,780,802,,,MEDIUM,,,,NEEDS_ANSWER,NEEDS_ANSWER — answer not provided in source; solve via admin review,1,AEROJET M1 SAMPLE TEST 1 WITHOUT ANSWERS_230822_081651.pdf,"{""raw"": ""At the beginning of January the parts department at aerojet had 458 plugs in stock. It is estimated that they will"", ""question"": ""At the beginning of January the parts department at aerojet had 458 plugs in stock. It is estimated that they will"", ""options"": [""698"", ""780"", ""802""], ""correct"": """", ""answer_text"": null, ""category"": null, ""source_file"": ""AEROJET M1 SAMPLE TEST 1 WITHOUT ANSWERS_230822_081651.pdf"", ""source_module"": ""M1"", ""fmt"": ""csv"", ""module"": ""M1"", ""syllabusRef"": ""M1.8.9"", ""level"": """", ""difficulty"": ""MEDIUM"", ""subTopic"": """", ""isEssay"": false}",False
M1,M1.10.1,,"f x=a and y=2 is a solution of the equation x + ay – 3 = 0, then the value of a is:",2,1,– 1,,,MEDIUM,,,,NEEDS_ANSWER,NEEDS_ANSWER — answer not provided in source; solve via admin review,1,AEROJET M1 SAMPLE TEST 1 WITHOUT ANSWERS_230822_081651.pdf,"{""raw"": ""f x=a and y=2 is a solution of the equation x + ay – 3 = 0, then the value of a is:"", ""question"": ""f x=a and y=2 is a solution of the equation x + ay – 3 = 0, then the value of a is:"", ""options"": [""2"", ""1"", ""– 1""], ""correct"": """", ""answer_text"": null, ""category"": null, ""source_file"": ""AEROJET M1 SAMPLE TEST 1 WITHOUT ANSWERS_230822_081651.pdf"", ""source_module"": ""M1"", ""fmt"": ""csv"", ""module"": ""M1"", ""syllabusRef"": ""M1.10.1"", ""level"": """", ""difficulty"": ""MEDIUM"", ""subTopic"": """", ""isEssay"": false}",False
M1,,,Solve simultaneously x + y = 60 and x – y = 2.,"x = 29, y = 31","x = 31, y = 30","x = 31, y = 29",,"x = 29, y = 31",EASY,,,,DRAFT,Found in Suntech corpus,1,AEROJET M1 SAMPLE TEST 1 WITHOUT ANSWERS_230822_081651.pdf,"{""raw"": ""Solve simultaneously x + y = 60 and x – y = 2."", ""question"": ""Solve simultaneously x + y = 60 and x – y = 2."", ""options"": [""x = 29, y = 31"", ""x = 31, y = 30"", ""x = 31, y = 29""], ""correct"": ""x = 29, y = 31"", ""answer_text"": null, ""category"": null, ""source_file"": ""AEROJET M1 SAMPLE TEST 1 WITHOUT ANSWERS_230822_081651.pdf"", ""source_module"": ""M1"", ""fmt"": ""csv"", ""module"": ""M1"", ""syllabusRef"": """", ""level"": """", ""difficulty"": ""EASY"", ""subTopic"": """", ""isEssay"": false}",False
M1,M1.8.9,,The gradient of the red line in graph 2 is,positive,negative,zero,,,EASY,,,,NEEDS_ANSWER,NEEDS_ANSWER — answer not provided in source; solve via admin review,1,AEROJET M1 SAMPLE TEST 1 WITHOUT ANSWERS_230822_081651.pdf,"{""raw"": ""The gradient of the red line in graph 2 is"", ""question"": ""The gradient of the red line in graph 2 is"", ""options"": [""positive"", ""negative"", ""zero""], ""correct"": """", ""answer_text"": null, ""category"": null, ""source_file"": ""AEROJET M1 SAMPLE TEST 1 WITHOUT ANSWERS_230822_081651.pdf"", ""source_module"": ""M1"", ""fmt"": ""csv"", ""module"": ""M1"", ""syllabusRef"": ""M1.8.9"", ""level"": """", ""difficulty"": ""EASY"", ""subTopic"": """", ""isEssay"": false}",False
M1,M1.8.9,,Find the simultaneous solutions of the lines in graph 2,"(2 , 3)","(- 3 , 2)","(2 , - 3) for questions 29, 30 and 31.",,"(2 , 3)",MEDIUM,,,,DRAFT,Found in Suntech corpus,1,AEROJET M1 SAMPLE TEST 1 WITHOUT ANSWERS_230822_081651.pdf,"{""raw"": ""Find the simultaneous solutions of the lines in graph 2"", ""question"": ""Find the simultaneous solutions of the lines in graph 2"", ""options"": [""(2 , 3)"", ""(- 3 , 2)"", ""(2 , - 3) for questions 29, 30 and 31.""], ""correct"": ""(2 , 3)"", ""answer_text"": null, ""category"": null, ""source_file"": ""AEROJET M1 SAMPLE TEST 1 WITHOUT ANSWERS_230822_081651.pdf"", ""source_module"": ""M1"", ""fmt"": ""csv"", ""module"": ""M1"", ""syllabusRef"": ""M1.8.9"", ""level"": """", ""difficulty"": ""MEDIUM"", ""subTopic"": """", ""isEssay"": false}",False
M1,M1.8.9,,Calculate the twice the length of side BC in the diagram below,17.5 cm,35 cm,70 cm,,,MEDIUM,,,,NEEDS_ANSWER,NEEDS_ANSWER — answer not provided in source; solve via admin review,1,AEROJET M1 SAMPLE TEST 1 WITHOUT ANSWERS_230822_081651.pdf,"{""raw"": ""Calculate the twice the length of side BC in the diagram below"", ""question"": ""Calculate the twice the length of side BC in the diagram below"", ""options"": [""17.5 cm"", ""35 cm"", ""70 cm""], ""correct"": """", ""answer_text"": null, ""category"": null, ""source_file"": ""AEROJET M1 SAMPLE TEST 1 WITHOUT ANSWERS_230822_081651.pdf"", ""source_module"": ""M1"", ""fmt"": ""csv"", ""module"": ""M1"", ""syllabusRef"": ""M1.8.9"", ""level"": """", ""difficulty"": ""MEDIUM"", ""subTopic"": """", ""isEssay"": false}",False
M1,M1.9.5,,When you divide by 1000 the decimal point moves two places,three places to the right,three places to the left,two places to the right,,three places to the right,MEDIUM,,,,DRAFT,Found in Suntech corpus,1,AEROJET M1 SAMPLE TEST 2 WITHOUT ANSWERS (1)_230822_094249.pdf,"{""raw"": ""When you divide by 1000 the decimal point moves two places"", ""question"": ""When you divide by 1000 the decimal point moves two places"", ""options"": [""three places to the right"", ""three places to the left"", ""two places to the right""], ""correct"": ""three places to the right"", ""answer_text"": null, ""category"": null, ""source_file"": ""AEROJET M1 SAMPLE TEST 2 WITHOUT ANSWERS (1)_230822_094249.pdf"", ""source_module"": ""M1"", ""fmt"": ""csv"", ""module"": ""M1"", ""syllabusRef"": ""M1.9.5"", ""level"": """", ""difficulty"": ""MEDIUM"", ""subTopic"": """", ""isEssay"": false}",False
M1,M1.10.1,,What is the value of 4−−22×(−5)2,0,104,400,,,EASY,,,,NEEDS_ANSWER,NEEDS_ANSWER — answer not provided in source; solve via admin review,1,AEROJET M1 SAMPLE TEST 2 WITHOUT ANSWERS (1)_230822_094249.pdf,"{""raw"": ""What is the value of 4−−22×(−5)2"", ""question"": ""What is the value of 4−−22×(−5)2"", ""options"": [""0"", ""104"", ""400""], ""correct"": """", ""answer_text"": null, ""category"": null, ""source_file"": ""AEROJET M1 SAMPLE TEST 2 WITHOUT ANSWERS (1)_230822_094249.pdf"", ""source_module"": ""M1"", ""fmt"": ""csv"", ""module"": ""M1"", ""syllabusRef"": ""M1.10.1"", ""level"": """", ""difficulty"": ""EASY"", ""subTopic"": """", ""isEssay"": false}",False
M1,M1.8.9,,The sign of the number −21000 is,positive,too big to be determined,negative,,too big to be determined,EASY,,,,DRAFT,Found in Suntech corpus,1,AEROJET M1 SAMPLE TEST 2 WITHOUT ANSWERS (1)_230822_094249.pdf,"{""raw"": ""The sign of the number −21000 is"", ""question"": ""The sign of the number −21000 is"", ""options"": [""positive"", ""too big to be determined"", ""negative""], ""correct"": ""too big to be determined"", ""answer_text"": null, ""category"": null, ""source_file"": ""AEROJET M1 SAMPLE TEST 2 WITHOUT ANSWERS (1)_230822_094249.pdf"", ""source_module"": ""M1"", ""fmt"": ""csv"", ""module"": ""M1"", ""syllabusRef"": ""M1.8.9"", ""level"": """", ""difficulty"": ""EASY"", ""subTopic"": """", ""isEssay"": false}",False
M1,M1.8.9,,The M in BIDMAS represents,Minus,Multiple,Product,,,EASY,,,,NEEDS_ANSWER,NEEDS_ANSWER — answer not provided in source; solve via admin review,1,AEROJET M1 SAMPLE TEST 2 WITHOUT ANSWERS (1)_230822_094249.pdf,"{""raw"": ""The M in BIDMAS represents"", ""question"": ""The M in BIDMAS represents"", ""options"": [""Minus"", ""Multiple"", ""Product""], ""correct"": """", ""answer_text"": null, ""category"": null, ""source_file"": ""AEROJET M1 SAMPLE TEST 2 WITHOUT ANSWERS (1)_230822_094249.pdf"", ""source_module"": ""M1"", ""fmt"": ""csv"", ""module"": ""M1"", ""syllabusRef"": ""M1.8.9"", ""level"": """", ""difficulty"": ""EASY"", ""subTopic"": """", ""isEssay"": false}",False
M1,M1.8.9,,5. A set of safety masks cost $8.96. What is the cost of 5 sets?,$44.80 Diagram for question 4,$8.96..,$8.96.,,$44.80 Diagram for question 4,MEDIUM,,,,DRAFT,Found in Suntech corpus,1,AEROJET M1 SAMPLE TEST 2 WITHOUT ANSWERS (1)_230822_094249.pdf,"{""raw"": ""5. A set of safety masks cost $8.96. What is the cost of 5 sets?"", ""question"": ""5. A set of safety masks cost $8.96. What is the cost of 5 sets?"", ""options"": [""$44.80 Diagram for question 4"", ""$8.96.."", ""$8.96.""], ""correct"": ""$44.80 Diagram for question 4"", ""answer_text"": null, ""category"": null, ""source_file"": ""AEROJET M1 SAMPLE TEST 2 WITHOUT ANSWERS (1)_230822_094249.pdf"", ""source_module"": ""M1"", ""fmt"": ""csv"", ""module"": ""M1"", ""syllabusRef"": ""M1.8.9"", ""level"": """", ""difficulty"": ""MEDIUM"", ""subTopic"": """", ""isEssay"": false}",False
M1,M1.10.1,,"6. If 58x962 = 55 796, what is the value of 5.8x96.2?",557.96,55.796,5579.6,,,MEDIUM,,,,NEEDS_ANSWER,NEEDS_ANSWER — answer not provided in source; solve via admin review,1,AEROJET M1 SAMPLE TEST 2 WITHOUT ANSWERS (1)_230822_094249.pdf,"{""raw"": ""6. If 58x962 = 55 796, what is the value of 5.8x96.2?"", ""question"": ""6. If 58x962 = 55 796, what is the value of 5.8x96.2?"", ""options"": [""557.96"", ""55.796"", ""5579.6""], ""correct"": """", ""answer_text"": null, ""category"": null, ""source_file"": ""AEROJET M1 SAMPLE TEST 2 WITHOUT ANSWERS (1)_230822_094249.pdf"", ""source_module"": ""M1"", ""fmt"": ""csv"", ""module"": ""M1"", ""syllabusRef"": ""M1.10.1"", ""level"": """", ""difficulty"": ""MEDIUM"", ""subTopic"": """", ""isEssay"": false}",False
M1,M1.10.1,,"7. If 10𝑛 = 10 000×103, what is the value of n?",5,6,7,,7,EASY,,,,REVIEWED,Computed from question data,1,AEROJET M1 SAMPLE TEST 2 WITHOUT ANSWERS (1)_230822_094249.pdf,"{""raw"": ""7. If 10𝑛 = 10 000×103, what is the value of n?"", ""question"": ""7. If 10𝑛 = 10 000×103, what is the value of n?"", ""options"": [""5"", ""6"", ""7""], ""correct"": ""7"", ""answer_text"": null, ""category"": null, ""source_file"": ""AEROJET M1 SAMPLE TEST 2 WITHOUT ANSWERS (1)_230822_094249.pdf"", ""source_module"": ""M1"", ""fmt"": ""csv"", ""module"": ""M1"", ""syllabusRef"": ""M1.10.1"", ""level"": """", ""difficulty"": ""EASY"", ""subTopic"": """", ""isEssay"": false}",False
M1,,,8. How many did each person get?,12.5,12,10,,12.5,EASY,,,,DRAFT,Found in Suntech corpus,1,AEROJET M1 SAMPLE TEST 2 WITHOUT ANSWERS (1)_230822_094249.pdf,"{""raw"": ""8. How many did each person get?"", ""question"": ""8. How many did each person get?"", ""options"": [""12.5"", ""12"", ""10""], ""correct"": ""12.5"", ""answer_text"": null, ""category"": null, ""source_file"": ""AEROJET M1 SAMPLE TEST 2 WITHOUT ANSWERS (1)_230822_094249.pdf"", ""source_module"": ""M1"", ""fmt"": ""csv"", ""module"": ""M1"", ""syllabusRef"": """", ""level"": """", ""difficulty"": ""EASY"", ""subTopic"": """", ""isEssay"": false}",False
M1,,,Work out 19 – (42 – 16) + 32,25,39,– 39,,,EASY,,,,NEEDS_ANSWER,NEEDS_ANSWER — answer not provided in source; solve via admin review,1,AEROJET M1 SAMPLE TEST 2 WITHOUT ANSWERS (1)_230822_094249.pdf,"{""raw"": ""Work out 19 – (42 – 16) + 32"", ""question"": ""Work out 19 – (42 – 16) + 32"", ""options"": [""25"", ""39"", ""– 39""], ""correct"": """", ""answer_text"": null, ""category"": null, ""source_file"": ""AEROJET M1 SAMPLE TEST 2 WITHOUT ANSWERS (1)_230822_094249.pdf"", ""source_module"": ""M1"", ""fmt"": ""csv"", ""module"": ""M1"", ""syllabusRef"": """", ""level"": """", ""difficulty"": ""EASY"", ""subTopic"": """", ""isEssay"": false}",False
M1,,,Calculate 36 ÷9+3−54 ÷9+2,– 1,3,2,,,EASY,,,,NEEDS_ANSWER,NEEDS_ANSWER — answer not provided in source; solve via admin review,1,AEROJET M1 SAMPLE TEST 2 WITHOUT ANSWERS (1)_230822_094249.pdf,"{""raw"": ""Calculate 36 ÷9+3−54 ÷9+2"", ""question"": ""Calculate 36 ÷9+3−54 ÷9+2"", ""options"": [""– 1"", ""3"", ""2""], ""correct"": """", ""answer_text"": null, ""category"": null, ""source_file"": ""AEROJET M1 SAMPLE TEST 2 WITHOUT ANSWERS (1)_230822_094249.pdf"", ""source_module"": ""M1"", ""fmt"": ""csv"", ""module"": ""M1"", ""syllabusRef"": """", ""level"": """", ""difficulty"": ""EASY"", ""subTopic"": """", ""isEssay"": false}",False
M1,M1.11.2,,Approximately 76 000 fans watched Manchester United play Wrexham. This is the attendance to the,hundreds,thousands,ten thousands,,,MEDIUM,,,,NEEDS_ANSWER,NEEDS_ANSWER — answer not provided in source; solve via admin review,1,AEROJET M1 SAMPLE TEST 2 WITHOUT ANSWERS (1)_230822_094249.pdf,"{""raw"": ""Approximately 76 000 fans watched Manchester United play Wrexham. This is the attendance to the"", ""question"": ""Approximately 76 000 fans watched Manchester United play Wrexham. This is the attendance to the"", ""options"": [""hundreds"", ""thousands"", ""ten thousands""], ""correct"": """", ""answer_text"": null, ""category"": null, ""source_file"": ""AEROJET M1 SAMPLE TEST 2 WITHOUT ANSWERS (1)_230822_094249.pdf"", ""source_module"": ""M1"", ""fmt"": ""csv"", ""module"": ""M1"", ""syllabusRef"": ""M1.11.2"", ""level"": """", ""difficulty"": ""MEDIUM"", ""subTopic"": """", ""isEssay"": false}",False
M1,M1.8.9,,Write $48.63 to the nearest tenth,$48.60,$49.00,$50.00,,$48.60,EASY,,,,DRAFT,Found in Suntech corpus,1,AEROJET M1 SAMPLE TEST 2 WITHOUT ANSWERS (1)_230822_094249.pdf,"{""raw"": ""Write $48.63 to the nearest tenth"", ""question"": ""Write $48.63 to the nearest tenth"", ""options"": [""$48.60"", ""$49.00"", ""$50.00""], ""correct"": ""$48.60"", ""answer_text"": null, ""category"": null, ""source_file"": ""AEROJET M1 SAMPLE TEST 2 WITHOUT ANSWERS (1)_230822_094249.pdf"", ""source_module"": ""M1"", ""fmt"": ""csv"", ""module"": ""M1"", ""syllabusRef"": ""M1.8.9"", ""level"": """", ""difficulty"": ""EASY"", ""subTopic"": """", ""isEssay"": false}",False
M1,,,Sum 50% of $210 + 20% of $1100,105,220,325,,,EASY,,,,NEEDS_ANSWER,NEEDS_ANSWER — answer not provided in source; solve via admin review,1,AEROJET M1 SAMPLE TEST 2 WITHOUT ANSWERS (1)_230822_094249.pdf,"{""raw"": ""Sum 50% of $210 + 20% of $1100"", ""question"": ""Sum 50% of $210 + 20% of $1100"", ""options"": [""105"", ""220"", ""325""], ""correct"": """", ""answer_text"": null, ""category"": null, ""source_file"": ""AEROJET M1 SAMPLE TEST 2 WITHOUT ANSWERS (1)_230822_094249.pdf"", ""source_module"": ""M1"", ""fmt"": ""csv"", ""module"": ""M1"", ""syllabusRef"": """", ""level"": """", ""difficulty"": ""EASY"", ""subTopic"": """", ""isEssay"": false}",False
M1,M1.8.9,,14. What is the amount paid for a fan priced at 30 euros with a VAT rate of 15%?,$4.50,$34.50,$35.50,,$4.50,MEDIUM,,,,DRAFT,Found in Suntech corpus,1,AEROJET M1 SAMPLE TEST 2 WITHOUT ANSWERS (1)_230822_094249.pdf,"{""raw"": ""14. What is the amount paid for a fan priced at 30 euros with a VAT rate of 15%?"", ""question"": ""14. What is the amount paid for a fan priced at 30 euros with a VAT rate of 15%?"", ""options"": [""$4.50"", ""$34.50"", ""$35.50""], ""correct"": ""$4.50"", ""answer_text"": null, ""category"": null, ""source_file"": ""AEROJET M1 SAMPLE TEST 2 WITHOUT ANSWERS (1)_230822_094249.pdf"", ""source_module"": ""M1"", ""fmt"": ""csv"", ""module"": ""M1"", ""syllabusRef"": ""M1.8.9"", ""level"": """", ""difficulty"": ""MEDIUM"", ""subTopic"": """", ""isEssay"": false}",False
M1,M1.8.9,,The prototype of a UAV has a scale of 1 : 20. Find the actual length of the UAV if the length of the,10 m,1000 m,2.5 m,,10 m,MEDIUM,,,,DRAFT,Found in Suntech corpus,1,AEROJET M1 SAMPLE TEST 2 WITHOUT ANSWERS (1)_230822_094249.pdf,"{""raw"": ""The prototype of a UAV has a scale of 1 : 20. Find the actual length of the UAV if the length of the"", ""question"": ""The prototype of a UAV has a scale of 1 : 20. Find the actual length of the UAV if the length of the"", ""options"": [""10 m"", ""1000 m"", ""2.5 m""], ""correct"": ""10 m"", ""answer_text"": null, ""category"": null, ""source_file"": ""AEROJET M1 SAMPLE TEST 2 WITHOUT ANSWERS (1)_230822_094249.pdf"", ""source_module"": ""M1"", ""fmt"": ""csv"", ""module"": ""M1"", ""syllabusRef"": ""M1.8.9"", ""level"": """", ""difficulty"": ""MEDIUM"", ""subTopic"": """", ""isEssay"": false}",False
M1,,,Expand and simplify (x + 3)(x + 2),x2+6x+5,x2+3x+2x+6,x2+5x+6,,,EASY,,,,NEEDS_ANSWER,NEEDS_ANSWER — answer not provided in source; solve via admin review,1,AEROJET M1 SAMPLE TEST 2 WITHOUT ANSWERS (1)_230822_094249.pdf,"{""raw"": ""Expand and simplify (x + 3)(x + 2)"", ""question"": ""Expand and simplify (x + 3)(x + 2)"", ""options"": [""x2+6x+5"", ""x2+3x+2x+6"", ""x2+5x+6""], ""correct"": """", ""answer_text"": null, ""category"": null, ""source_file"": ""AEROJET M1 SAMPLE TEST 2 WITHOUT ANSWERS (1)_230822_094249.pdf"", ""source_module"": ""M1"", ""fmt"": ""csv"", ""module"": ""M1"", ""syllabusRef"": """", ""level"": """", ""difficulty"": ""EASY"", ""subTopic"": """", ""isEssay"": false}",False
M1,,,Expand (m – 6)2,m2 - 36,m2 – 12m + 36,m2 - -12m -36,,,EASY,,,,NEEDS_ANSWER,NEEDS_ANSWER — answer not provided in source; solve via admin review,1,AEROJET M1 SAMPLE TEST 2 WITHOUT ANSWERS (1)_230822_094249.pdf,"{""raw"": ""Expand (m – 6)2"", ""question"": ""Expand (m – 6)2"", ""options"": [""m2 - 36"", ""m2 – 12m + 36"", ""m2 - -12m -36""], ""correct"": """", ""answer_text"": null, ""category"": null, ""source_file"": ""AEROJET M1 SAMPLE TEST 2 WITHOUT ANSWERS (1)_230822_094249.pdf"", ""source_module"": ""M1"", ""fmt"": ""csv"", ""module"": ""M1"", ""syllabusRef"": """", ""level"": """", ""difficulty"": ""EASY"", ""subTopic"": """", ""isEssay"": false}",False
M1,,,Work out (7 ) −(2 ),5,50,55,,,EASY,,,,NEEDS_ANSWER,NEEDS_ANSWER — answer not provided in source; solve via admin review,1,AEROJET M1 SAMPLE TEST 2 WITHOUT ANSWERS (1)_230822_094249.pdf,"{""raw"": ""Work out (7 ) −(2 )"", ""question"": ""Work out (7 ) −(2 )"", ""options"": [""5"", ""50"", ""55""], ""correct"": """", ""answer_text"": null, ""category"": null, ""source_file"": ""AEROJET M1 SAMPLE TEST 2 WITHOUT ANSWERS (1)_230822_094249.pdf"", ""source_module"": ""M1"", ""fmt"": ""csv"", ""module"": ""M1"", ""syllabusRef"": """", ""level"": """", ""difficulty"": ""EASY"", ""subTopic"": """", ""isEssay"": false}",False
M1,M1.8.9,,64002−𝑡2 = (𝑝−𝑡)(𝑝+𝑡).Find 𝑝.,8,64,80,,,EASY,,,,NEEDS_ANSWER,NEEDS_ANSWER — answer not provided in source; solve via admin review,1,AEROJET M1 SAMPLE TEST 2 WITHOUT ANSWERS (1)_230822_094249.pdf,"{""raw"": ""64002−𝑡2 = (𝑝−𝑡)(𝑝+𝑡).Find 𝑝."", ""question"": ""64002−𝑡2 = (𝑝−𝑡)(𝑝+𝑡).Find 𝑝."", ""options"": [""8"", ""64"", ""80""], ""correct"": """", ""answer_text"": null, ""category"": null, ""source_file"": ""AEROJET M1 SAMPLE TEST 2 WITHOUT ANSWERS (1)_230822_094249.pdf"", ""source_module"": ""M1"", ""fmt"": ""csv"", ""module"": ""M1"", ""syllabusRef"": ""M1.8.9"", ""level"": """", ""difficulty"": ""EASY"", ""subTopic"": """", ""isEssay"": false}",False
M1,M1.8.9,,Find angle c For questions 21 and 22,135 degrees,45 degrees,35 degrees,,,EASY,,,,NEEDS_ANSWER,NEEDS_ANSWER — answer not provided in source; solve via admin review,1,AEROJET M1 SAMPLE TEST 2 WITHOUT ANSWERS (1)_230822_094249.pdf,"{""raw"": ""Find angle c For questions 21 and 22"", ""question"": ""Find angle c For questions 21 and 22"", ""options"": [""135 degrees"", ""45 degrees"", ""35 degrees""], ""correct"": """", ""answer_text"": null, ""category"": null, ""source_file"": ""AEROJET M1 SAMPLE TEST 2 WITHOUT ANSWERS (1)_230822_094249.pdf"", ""source_module"": ""M1"", ""fmt"": ""csv"", ""module"": ""M1"", ""syllabusRef"": ""M1.8.9"", ""level"": """", ""difficulty"": ""EASY"", ""subTopic"": """", ""isEssay"": false}",False
M1,,,Angles a and c are,alternate,co-interior,corresponding,,,EASY,,,,NEEDS_ANSWER,NEEDS_ANSWER — answer not provided in source; solve via admin review,1,AEROJET M1 SAMPLE TEST 2 WITHOUT ANSWERS (1)_230822_094249.pdf,"{""raw"": ""Angles a and c are"", ""question"": ""Angles a and c are"", ""options"": [""alternate"", ""co-interior"", ""corresponding""], ""correct"": """", ""answer_text"": null, ""category"": null, ""source_file"": ""AEROJET M1 SAMPLE TEST 2 WITHOUT ANSWERS (1)_230822_094249.pdf"", ""source_module"": ""M1"", ""fmt"": ""csv"", ""module"": ""M1"", ""syllabusRef"": """", ""level"": """", ""difficulty"": ""EASY"", ""subTopic"": """", ""isEssay"": false}",False
M1,M1.8.9,,23. What is the name of figure FAC in the diagram?,triangle,isosceles,right triangle,,right triangle,MEDIUM,,,,DRAFT,Found in Suntech corpus,1,AEROJET M1 SAMPLE TEST 2 WITHOUT ANSWERS (1)_230822_094249.pdf,"{""raw"": ""23. What is the name of figure FAC in the diagram?"", ""question"": ""23. What is the name of figure FAC in the diagram?"", ""options"": [""triangle"", ""isosceles"", ""right triangle""], ""correct"": ""right triangle"", ""answer_text"": null, ""category"": null, ""source_file"": ""AEROJET M1 SAMPLE TEST 2 WITHOUT ANSWERS (1)_230822_094249.pdf"", ""source_module"": ""M1"", ""fmt"": ""csv"", ""module"": ""M1"", ""syllabusRef"": ""M1.8.9"", ""level"": """", ""difficulty"": ""MEDIUM"", ""subTopic"": """", ""isEssay"": false}",False
M1,M1.8.9,,24. What is the geometrical name of figure ABCDEF in the diagram?,Pentagon,Hexagon,Regular hexagon,,,MEDIUM,,,,NEEDS_ANSWER,NEEDS_ANSWER — answer not provided in source; solve via admin review,1,AEROJET M1 SAMPLE TEST 2 WITHOUT ANSWERS (1)_230822_094249.pdf,"{""raw"": ""24. What is the geometrical name of figure ABCDEF in the diagram?"", ""question"": ""24. What is the geometrical name of figure ABCDEF in the diagram?"", ""options"": [""Pentagon"", ""Hexagon"", ""Regular hexagon""], ""correct"": """", ""answer_text"": null, ""category"": null, ""source_file"": ""AEROJET M1 SAMPLE TEST 2 WITHOUT ANSWERS (1)_230822_094249.pdf"", ""source_module"": ""M1"", ""fmt"": ""csv"", ""module"": ""M1"", ""syllabusRef"": ""M1.8.9"", ""level"": """", ""difficulty"": ""MEDIUM"", ""subTopic"": """", ""isEssay"": false}",False
M1,M1.8.9,,"What is the size of angle c from the diagram? For questions 23, 24 and 25.",30 degrees,60 degrees,90 degrees,,,MEDIUM,,,,NEEDS_ANSWER,NEEDS_ANSWER — answer not provided in source; solve via admin review,1,AEROJET M1 SAMPLE TEST 2 WITHOUT ANSWERS (1)_230822_094249.pdf,"{""raw"": ""What is the size of angle c from the diagram? For questions 23, 24 and 25."", ""question"": ""What is the size of angle c from the diagram? For questions 23, 24 and 25."", ""options"": [""30 degrees"", ""60 degrees"", ""90 degrees""], ""correct"": """", ""answer_text"": null, ""category"": null, ""source_file"": ""AEROJET M1 SAMPLE TEST 2 WITHOUT ANSWERS (1)_230822_094249.pdf"", ""source_module"": ""M1"", ""fmt"": ""csv"", ""module"": ""M1"", ""syllabusRef"": ""M1.8.9"", ""level"": """", ""difficulty"": ""MEDIUM"", ""subTopic"": """", ""isEssay"": false}",False
M1,M1.8.9,,26. What is the bearing from B to A in diagram for Q26?,050 degrees For Q26,320 degrees,40 degrees,,,MEDIUM,,,,NEEDS_ANSWER,NEEDS_ANSWER — answer not provided in source; solve via admin review,1,AEROJET M1 SAMPLE TEST 2 WITHOUT ANSWERS (1)_230822_094249.pdf,"{""raw"": ""26. What is the bearing from B to A in diagram for Q26?"", ""question"": ""26. What is the bearing from B to A in diagram for Q26?"", ""options"": [""050 degrees For Q26"", ""320 degrees"", ""40 degrees""], ""correct"": """", ""answer_text"": null, ""category"": null, ""source_file"": ""AEROJET M1 SAMPLE TEST 2 WITHOUT ANSWERS (1)_230822_094249.pdf"", ""source_module"": ""M1"", ""fmt"": ""csv"", ""module"": ""M1"", ""syllabusRef"": ""M1.8.9"", ""level"": """", ""difficulty"": ""MEDIUM"", ""subTopic"": """", ""isEssay"": false}",False
M1,M1.8.9,,Find the area of the washer in diagram X,65.94 sq. mm,65.49 sq. mm,56.94 sq. mm,,,EASY,,,,NEEDS_ANSWER,NEEDS_ANSWER — answer not provided in source; solve via admin review,1,AEROJET M1 SAMPLE TEST 2 WITHOUT ANSWERS (1)_230822_094249.pdf,"{""raw"": ""Find the area of the washer in diagram X"", ""question"": ""Find the area of the washer in diagram X"", ""options"": [""65.94 sq. mm"", ""65.49 sq. mm"", ""56.94 sq. mm""], ""correct"": """", ""answer_text"": null, ""category"": null, ""source_file"": ""AEROJET M1 SAMPLE TEST 2 WITHOUT ANSWERS (1)_230822_094249.pdf"", ""source_module"": ""M1"", ""fmt"": ""csv"", ""module"": ""M1"", ""syllabusRef"": ""M1.8.9"", ""level"": """", ""difficulty"": ""EASY"", ""subTopic"": """", ""isEssay"": false}",False
M1,M1.8.9,,Find the sum of the missing numbers in the tally table,4,3 DIAGRAM X,7,,3 DIAGRAM X,MEDIUM,,,,DRAFT,Found in Suntech corpus,1,AEROJET M1 SAMPLE TEST 2 WITHOUT ANSWERS (1)_230822_094249.pdf,"{""raw"": ""Find the sum of the missing numbers in the tally table"", ""question"": ""Find the sum of the missing numbers in the tally table"", ""options"": [""4"", ""3 DIAGRAM X"", ""7""], ""correct"": ""3 DIAGRAM X"", ""answer_text"": null, ""category"": null, ""source_file"": ""AEROJET M1 SAMPLE TEST 2 WITHOUT ANSWERS (1)_230822_094249.pdf"", ""source_module"": ""M1"", ""fmt"": ""csv"", ""module"": ""M1"", ""syllabusRef"": ""M1.8.9"", ""level"": """", ""difficulty"": ""MEDIUM"", ""subTopic"": """", ""isEssay"": false}",False
M1,M1.11.2,,What time did it reach Leeming Bar?,11.15 am,11.30 am,11.45 am,,11.15 am,EASY,29. The graph is the journey of a car.,,,DRAFT,Found in Suntech corpus,1,AEROJET M1 SAMPLE TEST 2 WITHOUT ANSWERS (1)_230822_094249.pdf,"{""raw"": ""What time did it reach Leeming Bar?"", ""question"": ""What time did it reach Leeming Bar?"", ""options"": [""11.15 am"", ""11.30 am"", ""11.45 am""], ""correct"": ""11.15 am"", ""answer_text"": null, ""category"": null, ""source_file"": ""AEROJET M1 SAMPLE TEST 2 WITHOUT ANSWERS (1)_230822_094249.pdf"", ""source_module"": ""M1"", ""fmt"": ""csv"", ""module"": ""M1"", ""syllabusRef"": ""M1.11.2"", ""level"": """", ""difficulty"": ""EASY"", ""subTopic"": ""29. The graph is the journey of a car."", ""isEssay"": false}",False
M1,M1.8.9,,When did the car reach Aycliff? TALLY TABLE Tally table for,11.15,11.30,11.45,,11.15,MEDIUM,,,,DRAFT,Found in Suntech corpus,1,AEROJET M1 SAMPLE TEST 2 WITHOUT ANSWERS (1)_230822_094249.pdf,"{""raw"": ""When did the car reach Aycliff? TALLY TABLE Tally table for"", ""question"": ""When did the car reach Aycliff? TALLY TABLE Tally table for"", ""options"": [""11.15"", ""11.30"", ""11.45""], ""correct"": ""11.15"", ""answer_text"": null, ""category"": null, ""source_file"": ""AEROJET M1 SAMPLE TEST 2 WITHOUT ANSWERS (1)_230822_094249.pdf"", ""source_module"": ""M1"", ""fmt"": ""csv"", ""module"": ""M1"", ""syllabusRef"": ""M1.8.9"", ""level"": """", ""difficulty"": ""MEDIUM"", ""subTopic"": """", ""isEssay"": false}",False
M1,M1.8.9,,"31. What is the place of the digit 8 in the number 45,805?",eight,eighty,hundreds,,,MEDIUM,,,,NEEDS_ANSWER,NEEDS_ANSWER — answer not provided in source; solve via admin review,1,AEROJET M1 SAMPLE TEST 2 WITHOUT ANSWERS (1)_230822_094249.pdf,"{""raw"": ""31. What is the place of the digit 8 in the number 45,805?"", ""question"": ""31. What is the place of the digit 8 in the number 45,805?"", ""options"": [""eight"", ""eighty"", ""hundreds""], ""correct"": """", ""answer_text"": null, ""category"": null, ""source_file"": ""AEROJET M1 SAMPLE TEST 2 WITHOUT ANSWERS (1)_230822_094249.pdf"", ""source_module"": ""M1"", ""fmt"": ""csv"", ""module"": ""M1"", ""syllabusRef"": ""M1.8.9"", ""level"": """", ""difficulty"": ""MEDIUM"", ""subTopic"": """", ""isEssay"": false}",False
M1,M1.8.9,,Doubling a number means the same as adding 2 to it.,never,sometimes,always JOURNEY OF CAR,,,MEDIUM,,,,NEEDS_ANSWER,NEEDS_ANSWER — answer not provided in source; solve via admin review,1,AEROJET M1 SAMPLE TEST 2 WITHOUT ANSWERS (1)_230822_094249.pdf,"{""raw"": ""Doubling a number means the same as adding 2 to it."", ""question"": ""Doubling a number means the same as adding 2 to it."", ""options"": [""never"", ""sometimes"", ""always JOURNEY OF CAR""], ""correct"": """", ""answer_text"": null, ""category"": null, ""source_file"": ""AEROJET M1 SAMPLE TEST 2 WITHOUT ANSWERS (1)_230822_094249.pdf"", ""source_module"": ""M1"", ""fmt"": ""csv"", ""module"": ""M1"", ""syllabusRef"": ""M1.8.9"", ""level"": """", ""difficulty"": ""MEDIUM"", ""subTopic"": """", ""isEssay"": false}",False
M1,M1.8.9,,Any number that can be expressed as the ratio of two integers is,a fraction,a rational number,an irrational number,,,MEDIUM,,,,NEEDS_ANSWER,NEEDS_ANSWER — answer not provided in source; solve via admin review,1,AEROJET MOCK M1 EXTRA 2 TT3_230817_112709.pdf,"{""raw"": ""Any number that can be expressed as the ratio of two integers is"", ""question"": ""Any number that can be expressed as the ratio of two integers is"", ""options"": [""a fraction"", ""a rational number"", ""an irrational number""], ""correct"": """", ""answer_text"": null, ""category"": null, ""source_file"": ""AEROJET MOCK M1 EXTRA 2 TT3_230817_112709.pdf"", ""source_module"": ""M1"", ""fmt"": ""csv"", ""module"": ""M1"", ""syllabusRef"": ""M1.8.9"", ""level"": """", ""difficulty"": ""MEDIUM"", ""subTopic"": """", ""isEssay"": false}",False
M1,,,Solve for y if ( 1 +2)32 = 36,y = 2,y =,y = −2,,y = 2,EASY,,,,DRAFT,Found in Suntech corpus,1,AEROJET MOCK M1 EXTRA 2 TT3_230817_112709.pdf,"{""raw"": ""Solve for y if ( 1 +2)32 = 36"", ""question"": ""Solve for y if ( 1 +2)32 = 36"", ""options"": [""y = 2"", ""y ="", ""y = −2""], ""correct"": ""y = 2"", ""answer_text"": null, ""category"": null, ""source_file"": ""AEROJET MOCK M1 EXTRA 2 TT3_230817_112709.pdf"", ""source_module"": ""M1"", ""fmt"": ""csv"", ""module"": ""M1"", ""syllabusRef"": """", ""level"": """", ""difficulty"": ""EASY"", ""subTopic"": """", ""isEssay"": false}",False
M1,M1.11.2,,13. Which of the following has all sides equal?,Kite,Rhombus,Trapezium,,,EASY,,,,NEEDS_ANSWER,NEEDS_ANSWER — answer not provided in source; solve via admin review,1,AEROJET MOCK M1 EXTRA 2 TT3_230817_112709.pdf,"{""raw"": ""13. Which of the following has all sides equal?"", ""question"": ""13. Which of the following has all sides equal?"", ""options"": [""Kite"", ""Rhombus"", ""Trapezium""], ""correct"": """", ""answer_text"": null, ""category"": null, ""source_file"": ""AEROJET MOCK M1 EXTRA 2 TT3_230817_112709.pdf"", ""source_module"": ""M1"", ""fmt"": ""csv"", ""module"": ""M1"", ""syllabusRef"": ""M1.11.2"", ""level"": """", ""difficulty"": ""EASY"", ""subTopic"": """", ""isEssay"": false}",False
M1,M1.8.9,,32. What is the area of a semi-circle where the diameter is 30cm?,353.43,335.34,353.34,,353.43,MEDIUM,,,,DRAFT,Found in Suntech corpus,1,AEROJET MOCK M1 EXTRA 2 TT3_230817_112709.pdf,"{""raw"": ""32. What is the area of a semi-circle where the diameter is 30cm?"", ""question"": ""32. What is the area of a semi-circle where the diameter is 30cm?"", ""options"": [""353.43"", ""335.34"", ""353.34""], ""correct"": ""353.43"", ""answer_text"": null, ""category"": null, ""source_file"": ""AEROJET MOCK M1 EXTRA 2 TT3_230817_112709.pdf"", ""source_module"": ""M1"", ""fmt"": ""csv"", ""module"": ""M1"", ""syllabusRef"": ""M1.8.9"", ""level"": """", ""difficulty"": ""MEDIUM"", ""subTopic"": """", ""isEssay"": false}",False
M1,M1.11.2,,2 is a member of this set.,Even numbers,Prime numbers,Both A and B,,Prime numbers,EASY,,,,DRAFT,Found in Suntech corpus,1,AEROJET REVISION M1 1_230808_091651.pdf,"{""raw"": ""2 is a member of this set."", ""question"": ""2 is a member of this set."", ""options"": [""Even numbers"", ""Prime numbers"", ""Both A and B""], ""correct"": ""Prime numbers"", ""answer_text"": null, ""category"": null, ""source_file"": ""AEROJET REVISION M1 1_230808_091651.pdf"", ""source_module"": ""M1"", ""fmt"": ""csv"", ""module"": ""M1"", ""syllabusRef"": ""M1.11.2"", ""level"": """", ""difficulty"": ""EASY"", ""subTopic"": """", ""isEssay"": false}",False
M1,,,They are positive integers and have at least one positive divisor other than one and themselves.,Prime numbers,Integers,Composite numbers,,,MEDIUM,,,,NEEDS_ANSWER,NEEDS_ANSWER — answer not provided in source; solve via admin review,1,AEROJET REVISION M1 1_230808_091651.pdf,"{""raw"": ""They are positive integers and have at least one positive divisor other than one and themselves."", ""question"": ""They are positive integers and have at least one positive divisor other than one and themselves."", ""options"": [""Prime numbers"", ""Integers"", ""Composite numbers""], ""correct"": """", ""answer_text"": null, ""category"": null, ""source_file"": ""AEROJET REVISION M1 1_230808_091651.pdf"", ""source_module"": ""M1"", ""fmt"": ""csv"", ""module"": ""M1"", ""syllabusRef"": """", ""level"": """", ""difficulty"": ""MEDIUM"", ""subTopic"": """", ""isEssay"": false}",False
M1,M1.8.9,,The difference between them is 0,Natural numbers and integers,Whole numbers and integers,Whole numbers and natural numbers,,Natural numbers and integers,EASY,,,,DRAFT,Found in Suntech corpus,1,AEROJET REVISION M1 1_230808_091651.pdf,"{""raw"": ""The difference between them is 0"", ""question"": ""The difference between them is 0"", ""options"": [""Natural numbers and integers"", ""Whole numbers and integers"", ""Whole numbers and natural numbers""], ""correct"": ""Natural numbers and integers"", ""answer_text"": null, ""category"": null, ""source_file"": ""AEROJET REVISION M1 1_230808_091651.pdf"", ""source_module"": ""M1"", ""fmt"": ""csv"", ""module"": ""M1"", ""syllabusRef"": ""M1.8.9"", ""level"": """", ""difficulty"": ""EASY"", ""subTopic"": """", ""isEssay"": false}",False
M1,M1.8.9,,"It is not one of the following numbers 7.89, 7½, √5",Irrational number,Integer,Rational number,,,MEDIUM,,,,NEEDS_ANSWER,NEEDS_ANSWER — answer not provided in source; solve via admin review,1,AEROJET REVISION M1 1_230808_091651.pdf,"{""raw"": ""It is not one of the following numbers 7.89, 7½, √5"", ""question"": ""It is not one of the following numbers 7.89, 7½, √5"", ""options"": [""Irrational number"", ""Integer"", ""Rational number""], ""correct"": """", ""answer_text"": null, ""category"": null, ""source_file"": ""AEROJET REVISION M1 1_230808_091651.pdf"", ""source_module"": ""M1"", ""fmt"": ""csv"", ""module"": ""M1"", ""syllabusRef"": ""M1.8.9"", ""level"": """", ""difficulty"": ""MEDIUM"", ""subTopic"": """", ""isEssay"": false}",False
M1,M1.8.9,,If a number is not real then it is ….,a complex number,a rational number,an integer,,,EASY,,,,NEEDS_ANSWER,NEEDS_ANSWER — answer not provided in source; solve via admin review,1,AEROJET REVISION M1 1_230808_091651.pdf,"{""raw"": ""If a number is not real then it is …."", ""question"": ""If a number is not real then it is …."", ""options"": [""a complex number"", ""a rational number"", ""an integer""], ""correct"": """", ""answer_text"": null, ""category"": null, ""source_file"": ""AEROJET REVISION M1 1_230808_091651.pdf"", ""source_module"": ""M1"", ""fmt"": ""csv"", ""module"": ""M1"", ""syllabusRef"": ""M1.8.9"", ""level"": """", ""difficulty"": ""EASY"", ""subTopic"": """", ""isEssay"": false}",False
M1,M1.8.9,,"In multiplying two numbers, if the signs of the factors are the same, then the sign of the product is",Positive,Negative,Unknown,,,MEDIUM,,,,NEEDS_ANSWER,NEEDS_ANSWER — answer not provided in source; solve via admin review,1,AEROJET REVISION M1 1_230808_091651.pdf,"{""raw"": ""In multiplying two numbers, if the signs of the factors are the same, then the sign of the product is"", ""question"": ""In multiplying two numbers, if the signs of the factors are the same, then the sign of the product is"", ""options"": [""Positive"", ""Negative"", ""Unknown""], ""correct"": """", ""answer_text"": null, ""category"": null, ""source_file"": ""AEROJET REVISION M1 1_230808_091651.pdf"", ""source_module"": ""M1"", ""fmt"": ""csv"", ""module"": ""M1"", ""syllabusRef"": ""M1.8.9"", ""level"": """", ""difficulty"": ""MEDIUM"", ""subTopic"": """", ""isEssay"": false}",False
M1,M1.8.9,,"In the division = 3, the 24 is the",Divisor,Dividend,number,,,EASY,,,,NEEDS_ANSWER,NEEDS_ANSWER — answer not provided in source; solve via admin review,1,AEROJET REVISION M1 1_230808_091651.pdf,"{""raw"": ""In the division = 3, the 24 is the"", ""question"": ""In the division = 3, the 24 is the"", ""options"": [""Divisor"", ""Dividend"", ""number""], ""correct"": """", ""answer_text"": null, ""category"": null, ""source_file"": ""AEROJET REVISION M1 1_230808_091651.pdf"", ""source_module"": ""M1"", ""fmt"": ""csv"", ""module"": ""M1"", ""syllabusRef"": ""M1.8.9"", ""level"": """", ""difficulty"": ""EASY"", ""subTopic"": """", ""isEssay"": false}",False
M1,,,Solve 2 + 5 – 3 × 6 ÷ 2(3 – 1),14,6,-11,,,EASY,,,,NEEDS_ANSWER,NEEDS_ANSWER — answer not provided in source; solve via admin review,1,AEROJET REVISION M1 1_230808_091651.pdf,"{""raw"": ""Solve 2 + 5 – 3 × 6 ÷ 2(3 – 1)"", ""question"": ""Solve 2 + 5 – 3 × 6 ÷ 2(3 – 1)"", ""options"": [""14"", ""6"", ""-11""], ""correct"": """", ""answer_text"": null, ""category"": null, ""source_file"": ""AEROJET REVISION M1 1_230808_091651.pdf"", ""source_module"": ""M1"", ""fmt"": ""csv"", ""module"": ""M1"", ""syllabusRef"": """", ""level"": """", ""difficulty"": ""EASY"", ""subTopic"": """", ""isEssay"": false}",False
M1,M1.11.2,,"Which remainder is larger,",I,II,Cannot be determined,,,EASY,,,,NEEDS_ANSWER,NEEDS_ANSWER — answer not provided in source; solve via admin review,1,AEROJET REVISION M1 1_230808_091651.pdf,"{""raw"": ""Which remainder is larger,"", ""question"": ""Which remainder is larger,"", ""options"": [""I"", ""II"", ""Cannot be determined""], ""correct"": """", ""answer_text"": null, ""category"": null, ""source_file"": ""AEROJET REVISION M1 1_230808_091651.pdf"", ""source_module"": ""M1"", ""fmt"": ""csv"", ""module"": ""M1"", ""syllabusRef"": ""M1.11.2"", ""level"": """", ""difficulty"": ""EASY"", ""subTopic"": """", ""isEssay"": false}",False
M1,M1.8.9,,Rama puts a 2-digit whole number into her calculator. She multiplies the number by 10. State one,Cannot be determined,10,0,,,MEDIUM,,,,NEEDS_ANSWER,NEEDS_ANSWER — answer not provided in source; solve via admin review,1,AEROJET REVISION M1 1_230808_091651.pdf,"{""raw"": ""Rama puts a 2-digit whole number into her calculator. She multiplies the number by 10. State one"", ""question"": ""Rama puts a 2-digit whole number into her calculator. She multiplies the number by 10. State one"", ""options"": [""Cannot be determined"", ""10"", ""0""], ""correct"": """", ""answer_text"": null, ""category"": null, ""source_file"": ""AEROJET REVISION M1 1_230808_091651.pdf"", ""source_module"": ""M1"", ""fmt"": ""csv"", ""module"": ""M1"", ""syllabusRef"": ""M1.8.9"", ""level"": """", ""difficulty"": ""MEDIUM"", ""subTopic"": """", ""isEssay"": false}",False
M1,M1.8.9,,Given that 2 − 3 = . find the numerical value of A – B,1,– 1,17/18,,,MEDIUM,,,,NEEDS_ANSWER,NEEDS_ANSWER — answer not provided in source; solve via admin review,1,AEROJET REVISION M1 1_230808_091651.pdf,"{""raw"": ""Given that 2 − 3 = . find the numerical value of A – B"", ""question"": ""Given that 2 − 3 = . find the numerical value of A – B"", ""options"": [""1"", ""– 1"", ""17/18""], ""correct"": """", ""answer_text"": null, ""category"": null, ""source_file"": ""AEROJET REVISION M1 1_230808_091651.pdf"", ""source_module"": ""M1"", ""fmt"": ""csv"", ""module"": ""M1"", ""syllabusRef"": ""M1.8.9"", ""level"": """", ""difficulty"": ""MEDIUM"", ""subTopic"": """", ""isEssay"": false}",False
M1,M1.9.5,,14. What is the value of the digit 6 in the decimal 75.876 ?,6,3/500,1/1000,,1/1000,MEDIUM,,,,DRAFT,Found in Suntech corpus,1,AEROJET REVISION M1 1_230808_091651.pdf,"{""raw"": ""14. What is the value of the digit 6 in the decimal 75.876 ?"", ""question"": ""14. What is the value of the digit 6 in the decimal 75.876 ?"", ""options"": [""6"", ""3/500"", ""1/1000""], ""correct"": ""1/1000"", ""answer_text"": null, ""category"": null, ""source_file"": ""AEROJET REVISION M1 1_230808_091651.pdf"", ""source_module"": ""M1"", ""fmt"": ""csv"", ""module"": ""M1"", ""syllabusRef"": ""M1.9.5"", ""level"": """", ""difficulty"": ""MEDIUM"", ""subTopic"": """", ""isEssay"": false}",False
M1,,,15. Apples cost $2.37 for 3 kg. How much did Abdul pay for 5 kg ?,$3.95,$1.42,$39.50,,,MEDIUM,,,,NEEDS_ANSWER,NEEDS_ANSWER — answer not provided in source; solve via admin review,1,AEROJET REVISION M1 1_230808_091651.pdf,"{""raw"": ""15. Apples cost $2.37 for 3 kg. How much did Abdul pay for 5 kg ?"", ""question"": ""15. Apples cost $2.37 for 3 kg. How much did Abdul pay for 5 kg ?"", ""options"": [""$3.95"", ""$1.42"", ""$39.50""], ""correct"": """", ""answer_text"": null, ""category"": null, ""source_file"": ""AEROJET REVISION M1 1_230808_091651.pdf"", ""source_module"": ""M1"", ""fmt"": ""csv"", ""module"": ""M1"", ""syllabusRef"": """", ""level"": """", ""difficulty"": ""MEDIUM"", ""subTopic"": """", ""isEssay"": false}",False
M1,,,Evaluate 225.62 ÷ 2.1,107.4,107.43,107,,107.4,EASY,,,,DRAFT,Found in Suntech corpus,1,AEROJET REVISION M1 1_230808_091651.pdf,"{""raw"": ""Evaluate 225.62 ÷ 2.1"", ""question"": ""Evaluate 225.62 ÷ 2.1"", ""options"": [""107.4"", ""107.43"", ""107""], ""correct"": ""107.4"", ""answer_text"": null, ""category"": null, ""source_file"": ""AEROJET REVISION M1 1_230808_091651.pdf"", ""source_module"": ""M1"", ""fmt"": ""csv"", ""module"": ""M1"", ""syllabusRef"": """", ""level"": """", ""difficulty"": ""EASY"", ""subTopic"": """", ""isEssay"": false}",False
M1,M1.8.9,,Find 24.784 up to one decimal place plus 34.4425 rounded down to two decimal places.,59.24,59.14,59.22,,,MEDIUM,,,,NEEDS_ANSWER,NEEDS_ANSWER — answer not provided in source; solve via admin review,1,AEROJET REVISION M1 1_230808_091651.pdf,"{""raw"": ""Find 24.784 up to one decimal place plus 34.4425 rounded down to two decimal places."", ""question"": ""Find 24.784 up to one decimal place plus 34.4425 rounded down to two decimal places."", ""options"": [""59.24"", ""59.14"", ""59.22""], ""correct"": """", ""answer_text"": null, ""category"": null, ""source_file"": ""AEROJET REVISION M1 1_230808_091651.pdf"", ""source_module"": ""M1"", ""fmt"": ""csv"", ""module"": ""M1"", ""syllabusRef"": ""M1.8.9"", ""level"": """", ""difficulty"": ""MEDIUM"", ""subTopic"": """", ""isEssay"": false}",False
M1,M1.8.9,,18. Which of the following is true about factors?,Any whole number ending with 0 has a factor of 5,"Any whole number greater than 0, which ends with 0 has 2 and 5 as factors",Both A and B above,,Any whole number ending with 0 has a factor of 5,EASY,,,,DRAFT,Found in Suntech corpus,1,AEROJET REVISION M1 1_230808_091651.pdf,"{""raw"": ""18. Which of the following is true about factors?"", ""question"": ""18. Which of the following is true about factors?"", ""options"": [""Any whole number ending with 0 has a factor of 5"", ""Any whole number greater than 0, which ends with 0 has 2 and 5 as factors"", ""Both A and B above""], ""correct"": ""Any whole number ending with 0 has a factor of 5"", ""answer_text"": null, ""category"": null, ""source_file"": ""AEROJET REVISION M1 1_230808_091651.pdf"", ""source_module"": ""M1"", ""fmt"": ""csv"", ""module"": ""M1"", ""syllabusRef"": ""M1.8.9"", ""level"": """", ""difficulty"": ""EASY"", ""subTopic"": """", ""isEssay"": false}",False
M1,M1.10.1,,"19. Given that 112 = 2𝐴×𝐵1, What is the value of B – A ?",– 3,3,7,,,MEDIUM,,,,NEEDS_ANSWER,NEEDS_ANSWER — answer not provided in source; solve via admin review,1,AEROJET REVISION M1 1_230808_091651.pdf,"{""raw"": ""19. Given that 112 = 2𝐴×𝐵1, What is the value of B – A ?"", ""question"": ""19. Given that 112 = 2𝐴×𝐵1, What is the value of B – A ?"", ""options"": [""– 3"", ""3"", ""7""], ""correct"": """", ""answer_text"": null, ""category"": null, ""source_file"": ""AEROJET REVISION M1 1_230808_091651.pdf"", ""source_module"": ""M1"", ""fmt"": ""csv"", ""module"": ""M1"", ""syllabusRef"": ""M1.10.1"", ""level"": """", ""difficulty"": ""MEDIUM"", ""subTopic"": """", ""isEssay"": false}",False
M1,M1.8.9,,"The prime Factorization of 5940 is xa × yb × c × d. State the values of a, b, c and d.","a = 2, b = 3, c = 7, d = 11","a = 2, b = 3, c = 5, d = 13","a = 2, b = 3, c = 5, d = 11",,"a = 2, b = 3, c = 7, d = 11",MEDIUM,,,,DRAFT,Found in Suntech corpus,1,AEROJET REVISION M1 1_230808_091651.pdf,"{""raw"": ""The prime Factorization of 5940 is xa × yb × c × d. State the values of a, b, c and d."", ""question"": ""The prime Factorization of 5940 is xa × yb × c × d. State the values of a, b, c and d."", ""options"": [""a = 2, b = 3, c = 7, d = 11"", ""a = 2, b = 3, c = 5, d = 13"", ""a = 2, b = 3, c = 5, d = 11""], ""correct"": ""a = 2, b = 3, c = 7, d = 11"", ""answer_text"": null, ""category"": null, ""source_file"": ""AEROJET REVISION M1 1_230808_091651.pdf"", ""source_module"": ""M1"", ""fmt"": ""csv"", ""module"": ""M1"", ""syllabusRef"": ""M1.8.9"", ""level"": """", ""difficulty"": ""MEDIUM"", ""subTopic"": """", ""isEssay"": false}",False
M1,M1.11.2,,In a basket there are 12 red balls and 4 blue balls. Which of the ratios below is/are true concerning,3:1,1:3,Either A or B,,3:1,MEDIUM,,,,DRAFT,Found in Suntech corpus,1,AEROJET REVISION M1 1_230808_091651.pdf,"{""raw"": ""In a basket there are 12 red balls and 4 blue balls. Which of the ratios below is/are true concerning"", ""question"": ""In a basket there are 12 red balls and 4 blue balls. Which of the ratios below is/are true concerning"", ""options"": [""3:1"", ""1:3"", ""Either A or B""], ""correct"": ""3:1"", ""answer_text"": null, ""category"": null, ""source_file"": ""AEROJET REVISION M1 1_230808_091651.pdf"", ""source_module"": ""M1"", ""fmt"": ""csv"", ""module"": ""M1"", ""syllabusRef"": ""M1.11.2"", ""level"": """", ""difficulty"": ""MEDIUM"", ""subTopic"": """", ""isEssay"": false}",False
M1,M1.8.9,,"22. Given that x:y = 2:3 and y:t = 4:7, what is the ratio x:t?",8:21,2:7,6:28,,2:7,MEDIUM,,,,DRAFT,Found in Suntech corpus,1,AEROJET REVISION M1 1_230808_091651.pdf,"{""raw"": ""22. Given that x:y = 2:3 and y:t = 4:7, what is the ratio x:t?"", ""question"": ""22. Given that x:y = 2:3 and y:t = 4:7, what is the ratio x:t?"", ""options"": [""8:21"", ""2:7"", ""6:28""], ""correct"": ""2:7"", ""answer_text"": null, ""category"": null, ""source_file"": ""AEROJET REVISION M1 1_230808_091651.pdf"", ""source_module"": ""M1"", ""fmt"": ""csv"", ""module"": ""M1"", ""syllabusRef"": ""M1.8.9"", ""level"": """", ""difficulty"": ""MEDIUM"", ""subTopic"": """", ""isEssay"": false}",False
M1,M1.11.2,,to propellers to engines?,6:10:17,10:6:17,6:17:10,,,EASY,"23. In a hangar there are 24 Helicopters, 40 Engines and 68 Propellers. What is the ratio of helicopters",,,NEEDS_ANSWER,NEEDS_ANSWER — answer not provided in source; solve via admin review,1,AEROJET REVISION M1 1_230808_091651.pdf,"{""raw"": ""to propellers to engines?"", ""question"": ""to propellers to engines?"", ""options"": [""6:10:17"", ""10:6:17"", ""6:17:10""], ""correct"": """", ""answer_text"": null, ""category"": null, ""source_file"": ""AEROJET REVISION M1 1_230808_091651.pdf"", ""source_module"": ""M1"", ""fmt"": ""csv"", ""module"": ""M1"", ""syllabusRef"": ""M1.11.2"", ""level"": """", ""difficulty"": ""EASY"", ""subTopic"": ""23. In a hangar there are 24 Helicopters, 40 Engines and 68 Propellers. What is the ratio of helicopters"", ""isEssay"": false}",False
M1,M1.8.9,,Simplify the ratio 2 hour 30 min to 1 hour 15 min,2:1,1:2,2:3,,2:1,EASY,,,,DRAFT,Found in Suntech corpus,1,AEROJET REVISION M1 1_230808_091651.pdf,"{""raw"": ""Simplify the ratio 2 hour 30 min to 1 hour 15 min"", ""question"": ""Simplify the ratio 2 hour 30 min to 1 hour 15 min"", ""options"": [""2:1"", ""1:2"", ""2:3""], ""correct"": ""2:1"", ""answer_text"": null, ""category"": null, ""source_file"": ""AEROJET REVISION M1 1_230808_091651.pdf"", ""source_module"": ""M1"", ""fmt"": ""csv"", ""module"": ""M1"", ""syllabusRef"": ""M1.8.9"", ""level"": """", ""difficulty"": ""EASY"", ""subTopic"": """", ""isEssay"": false}",False
M1,M1.8.9,,Express 15:86 in the form 1:n,1 : 5.7,1 : 5.73,1 : 0.174,,1 : 5.7,EASY,,,,DRAFT,Found in Suntech corpus,1,AEROJET REVISION M1 1_230808_091651.pdf,"{""raw"": ""Express 15:86 in the form 1:n"", ""question"": ""Express 15:86 in the form 1:n"", ""options"": [""1 : 5.7"", ""1 : 5.73"", ""1 : 0.174""], ""correct"": ""1 : 5.7"", ""answer_text"": null, ""category"": null, ""source_file"": ""AEROJET REVISION M1 1_230808_091651.pdf"", ""source_module"": ""M1"", ""fmt"": ""csv"", ""module"": ""M1"", ""syllabusRef"": ""M1.8.9"", ""level"": """", ""difficulty"": ""EASY"", ""subTopic"": """", ""isEssay"": false}",False
M1,M1.8.9,,The ratio of nails to hammer in a toolbox is 2:5. How many nails would be there if there are total of,24,60,33,,24,MEDIUM,,,,REVIEWED,Computed from question data,1,AEROJET REVISION M1 1_230808_091651.pdf,"{""raw"": ""The ratio of nails to hammer in a toolbox is 2:5. How many nails would be there if there are total of"", ""question"": ""The ratio of nails to hammer in a toolbox is 2:5. How many nails would be there if there are total of"", ""options"": [""24"", ""60"", ""33""], ""correct"": ""24"", ""answer_text"": null, ""category"": null, ""source_file"": ""AEROJET REVISION M1 1_230808_091651.pdf"", ""source_module"": ""M1"", ""fmt"": ""csv"", ""module"": ""M1"", ""syllabusRef"": ""M1.8.9"", ""level"": """", ""difficulty"": ""MEDIUM"", ""subTopic"": """", ""isEssay"": false}",False
M1,,,132. Determine how many engines are serviceable?,84,48,77,,,EASY,,,,NEEDS_ANSWER,NEEDS_ANSWER — answer not provided in source; solve via admin review,1,AEROJET REVISION M1 1_230808_091651.pdf,"{""raw"": ""132. Determine how many engines are serviceable?"", ""question"": ""132. Determine how many engines are serviceable?"", ""options"": [""84"", ""48"", ""77""], ""correct"": """", ""answer_text"": null, ""category"": null, ""source_file"": ""AEROJET REVISION M1 1_230808_091651.pdf"", ""source_module"": ""M1"", ""fmt"": ""csv"", ""module"": ""M1"", ""syllabusRef"": """", ""level"": """", ""difficulty"": ""EASY"", ""subTopic"": """", ""isEssay"": false}",False
M1,M1.8.9,,"15 in, what is the actual length of the aircraft’s wingspan?",750 in,750 ft.,899 in,,750 ft.,MEDIUM,28. The scale for the prototype of an aircraft is 1 to 600. If the length of the wingspan of the prototype is,,,DRAFT,Found in Suntech corpus,1,AEROJET REVISION M1 1_230808_091651.pdf,"{""raw"": ""15 in, what is the actual length of the aircraft’s wingspan?"", ""question"": ""15 in, what is the actual length of the aircraft’s wingspan?"", ""options"": [""750 in"", ""750 ft."", ""899 in""], ""correct"": ""750 ft."", ""answer_text"": null, ""category"": null, ""source_file"": ""AEROJET REVISION M1 1_230808_091651.pdf"", ""source_module"": ""M1"", ""fmt"": ""csv"", ""module"": ""M1"", ""syllabusRef"": ""M1.8.9"", ""level"": """", ""difficulty"": ""MEDIUM"", ""subTopic"": ""28. The scale for the prototype of an aircraft is 1 to 600. If the length of the wingspan of the prototype is"", ""isEssay"": false}",False
M1,M1.8.9,,The voltage across three loads is distributed in the ratio 2:3:6. If the difference between the least,12 V,22 V,33 V,,12 V,MEDIUM,,,,DRAFT,Found in Suntech corpus,1,AEROJET REVISION M1 1_230808_091651.pdf,"{""raw"": ""The voltage across three loads is distributed in the ratio 2:3:6. If the difference between the least"", ""question"": ""The voltage across three loads is distributed in the ratio 2:3:6. If the difference between the least"", ""options"": [""12 V"", ""22 V"", ""33 V""], ""correct"": ""12 V"", ""answer_text"": null, ""category"": null, ""source_file"": ""AEROJET REVISION M1 1_230808_091651.pdf"", ""source_module"": ""M1"", ""fmt"": ""csv"", ""module"": ""M1"", ""syllabusRef"": ""M1.8.9"", ""level"": """", ""difficulty"": ""MEDIUM"", ""subTopic"": """", ""isEssay"": false}",False
M1,,,It is not an average.,Range of a data set,Mean age of a group engineers,Speed of a car,,,EASY,,,,NEEDS_ANSWER,NEEDS_ANSWER — answer not provided in source; solve via admin review,1,AEROJET REVISION M1 1_230808_091651.pdf,"{""raw"": ""It is not an average."", ""question"": ""It is not an average."", ""options"": [""Range of a data set"", ""Mean age of a group engineers"", ""Speed of a car""], ""correct"": """", ""answer_text"": null, ""category"": null, ""source_file"": ""AEROJET REVISION M1 1_230808_091651.pdf"", ""source_module"": ""M1"", ""fmt"": ""csv"", ""module"": ""M1"", ""syllabusRef"": """", ""level"": """", ""difficulty"": ""EASY"", ""subTopic"": """", ""isEssay"": false}",False
M1,M1.8.9,,minutes; Running 4km in 30 minutes. What was Kents’ average speed in completing the triathlon?,12 kph,0.2 kph,0.5 kph,,0.2 kph,MEDIUM,34. A Kents participated in triathlon competition: Swimming 2km in 20 minutes; Cycling 16km in 60,,,DRAFT,Found in Suntech corpus,1,AEROJET REVISION M1 1_230808_091651.pdf,"{""raw"": ""minutes; Running 4km in 30 minutes. What was Kents’ average speed in completing the triathlon?"", ""question"": ""minutes; Running 4km in 30 minutes. What was Kents’ average speed in completing the triathlon?"", ""options"": [""12 kph"", ""0.2 kph"", ""0.5 kph""], ""correct"": ""0.2 kph"", ""answer_text"": null, ""category"": null, ""source_file"": ""AEROJET REVISION M1 1_230808_091651.pdf"", ""source_module"": ""M1"", ""fmt"": ""csv"", ""module"": ""M1"", ""syllabusRef"": ""M1.8.9"", ""level"": """", ""difficulty"": ""MEDIUM"", ""subTopic"": ""34. A Kents participated in triathlon competition: Swimming 2km in 20 minutes; Cycling 16km in 60"", ""isEssay"": false}",False
M1,M1.11.2,,12.5 % is equivalent to,1.25,0.0125,1.25/10,,1.25,EASY,,,,DRAFT,Found in Suntech corpus,1,AEROJET REVISION M1 1_230808_091651.pdf,"{""raw"": ""12.5 % is equivalent to"", ""question"": ""12.5 % is equivalent to"", ""options"": [""1.25"", ""0.0125"", ""1.25/10""], ""correct"": ""1.25"", ""answer_text"": null, ""category"": null, ""source_file"": ""AEROJET REVISION M1 1_230808_091651.pdf"", ""source_module"": ""M1"", ""fmt"": ""csv"", ""module"": ""M1"", ""syllabusRef"": ""M1.11.2"", ""level"": """", ""difficulty"": ""EASY"", ""subTopic"": """", ""isEssay"": false}",False
M1,M1.8.9,,can hold 45%. How many gallons of fuel can the mid tank hold?,7200 US gallons,4000 US gallons,1800 US gallons,,7200 US gallons,MEDIUM,36. Total capacity of an aircraft fuel tank is 9000 US gallons. Left tank can hold 35% and the right tank,,,DRAFT,Found in Suntech corpus,1,AEROJET REVISION M1 1_230808_091651.pdf,"{""raw"": ""can hold 45%. How many gallons of fuel can the mid tank hold?"", ""question"": ""can hold 45%. How many gallons of fuel can the mid tank hold?"", ""options"": [""7200 US gallons"", ""4000 US gallons"", ""1800 US gallons""], ""correct"": ""7200 US gallons"", ""answer_text"": null, ""category"": null, ""source_file"": ""AEROJET REVISION M1 1_230808_091651.pdf"", ""source_module"": ""M1"", ""fmt"": ""csv"", ""module"": ""M1"", ""syllabusRef"": ""M1.8.9"", ""level"": """", ""difficulty"": ""MEDIUM"", ""subTopic"": ""36. Total capacity of an aircraft fuel tank is 9000 US gallons. Left tank can hold 35% and the right tank"", ""isEssay"": false}",False
M1,M1.8.9,,37. What percentage is 20 minutes of 1 hour?,33%,33.3%,,,33.3%,MEDIUM,,,,DRAFT,Found in Suntech corpus,1,AEROJET REVISION M1 1_230808_091651.pdf,"{""raw"": ""37. What percentage is 20 minutes of 1 hour?"", ""question"": ""37. What percentage is 20 minutes of 1 hour?"", ""options"": [""33%"", ""33.3%""], ""correct"": ""33.3%"", ""answer_text"": null, ""category"": null, ""source_file"": ""AEROJET REVISION M1 1_230808_091651.pdf"", ""source_module"": ""M1"", ""fmt"": ""csv"", ""module"": ""M1"", ""syllabusRef"": ""M1.8.9"", ""level"": """", ""difficulty"": ""MEDIUM"", ""subTopic"": """", ""isEssay"": false}",False
M1,M1.11.2,,company did the highest sales in terms of percentage?,Airbus,Boeing,Same percentage sales,,,MEDIUM,"38. In a certain, Boeing sold 25 out of 100 aircrafts and Airbus sold 35 out of 130 aircrafts. Which",,,NEEDS_ANSWER,NEEDS_ANSWER — answer not provided in source; solve via admin review,1,AEROJET REVISION M1 1_230808_091651.pdf,"{""raw"": ""company did the highest sales in terms of percentage?"", ""question"": ""company did the highest sales in terms of percentage?"", ""options"": [""Airbus"", ""Boeing"", ""Same percentage sales""], ""correct"": """", ""answer_text"": null, ""category"": null, ""source_file"": ""AEROJET REVISION M1 1_230808_091651.pdf"", ""source_module"": ""M1"", ""fmt"": ""csv"", ""module"": ""M1"", ""syllabusRef"": ""M1.11.2"", ""level"": """", ""difficulty"": ""MEDIUM"", ""subTopic"": ""38. In a certain, Boeing sold 25 out of 100 aircrafts and Airbus sold 35 out of 130 aircrafts. Which"", ""isEssay"": false}",False
M1,,,A bag of sugar contains 420g. A special offer packet contains an extra 15%. Work out how much,36 g,63 g,483 g,,,MEDIUM,,,,NEEDS_ANSWER,NEEDS_ANSWER — answer not provided in source; solve via admin review,1,AEROJET REVISION M1 1_230808_091651.pdf,"{""raw"": ""A bag of sugar contains 420g. A special offer packet contains an extra 15%. Work out how much"", ""question"": ""A bag of sugar contains 420g. A special offer packet contains an extra 15%. Work out how much"", ""options"": [""36 g"", ""63 g"", ""483 g""], ""correct"": """", ""answer_text"": null, ""category"": null, ""source_file"": ""AEROJET REVISION M1 1_230808_091651.pdf"", ""source_module"": ""M1"", ""fmt"": ""csv"", ""module"": ""M1"", ""syllabusRef"": """", ""level"": """", ""difficulty"": ""MEDIUM"", ""subTopic"": """", ""isEssay"": false}",False
M1,,,Engineer Nana Akua wants to buy a specialist multimeter that costs GHC600. She saves 30% of her,7 months,6 months,5 months,,,MEDIUM,,,,NEEDS_ANSWER,NEEDS_ANSWER — answer not provided in source; solve via admin review,1,AEROJET REVISION M1 1_230808_091651.pdf,"{""raw"": ""Engineer Nana Akua wants to buy a specialist multimeter that costs GHC600. She saves 30% of her"", ""question"": ""Engineer Nana Akua wants to buy a specialist multimeter that costs GHC600. She saves 30% of her"", ""options"": [""7 months"", ""6 months"", ""5 months""], ""correct"": """", ""answer_text"": null, ""category"": null, ""source_file"": ""AEROJET REVISION M1 1_230808_091651.pdf"", ""source_module"": ""M1"", ""fmt"": ""csv"", ""module"": ""M1"", ""syllabusRef"": """", ""level"": """", ""difficulty"": ""MEDIUM"", ""subTopic"": """", ""isEssay"": false}",False
M1,M1.8.9,,"Rexford claims if he increases a number by 10% and increases his answer by 10%, that would be an",Rexford is correct,Rexford is wrong,Not enough information to decides,,,MEDIUM,,,,NEEDS_ANSWER,NEEDS_ANSWER — answer not provided in source; solve via admin review,1,AEROJET REVISION M1 1_230808_091651.pdf,"{""raw"": ""Rexford claims if he increases a number by 10% and increases his answer by 10%, that would be an"", ""question"": ""Rexford claims if he increases a number by 10% and increases his answer by 10%, that would be an"", ""options"": [""Rexford is correct"", ""Rexford is wrong"", ""Not enough information to decides""], ""correct"": """", ""answer_text"": null, ""category"": null, ""source_file"": ""AEROJET REVISION M1 1_230808_091651.pdf"", ""source_module"": ""M1"", ""fmt"": ""csv"", ""module"": ""M1"", ""syllabusRef"": ""M1.8.9"", ""level"": """", ""difficulty"": ""MEDIUM"", ""subTopic"": """", ""isEssay"": false}",False
M1,M1.8.9,,Some aviation students sit an exam. The pass mark is 80%. There are 40 marks in the exam.,Godsable passed,Godsable failed,Godsable neither passed nor failed,,,MEDIUM,,,,NEEDS_ANSWER,NEEDS_ANSWER — answer not provided in source; solve via admin review,1,AEROJET REVISION M1 1_230808_091651.pdf,"{""raw"": ""Some aviation students sit an exam. The pass mark is 80%. There are 40 marks in the exam."", ""question"": ""Some aviation students sit an exam. The pass mark is 80%. There are 40 marks in the exam."", ""options"": [""Godsable passed"", ""Godsable failed"", ""Godsable neither passed nor failed""], ""correct"": """", ""answer_text"": null, ""category"": null, ""source_file"": ""AEROJET REVISION M1 1_230808_091651.pdf"", ""source_module"": ""M1"", ""fmt"": ""csv"", ""module"": ""M1"", ""syllabusRef"": ""M1.8.9"", ""level"": """", ""difficulty"": ""MEDIUM"", ""subTopic"": """", ""isEssay"": false}",False
M1,M1.11.2,,contains less orange juice?,Neither,400ml,300ml,,,EASY,43. Two glasses contain orange juice. A 400ml glass is 40% full and a 300ml glass is half full. Which glass,,,NEEDS_ANSWER,NEEDS_ANSWER — answer not provided in source; solve via admin review,1,AEROJET REVISION M1 1_230808_091651.pdf,"{""raw"": ""contains less orange juice?"", ""question"": ""contains less orange juice?"", ""options"": [""Neither"", ""400ml"", ""300ml""], ""correct"": """", ""answer_text"": null, ""category"": null, ""source_file"": ""AEROJET REVISION M1 1_230808_091651.pdf"", ""source_module"": ""M1"", ""fmt"": ""csv"", ""module"": ""M1"", ""syllabusRef"": ""M1.11.2"", ""level"": """", ""difficulty"": ""EASY"", ""subTopic"": ""43. Two glasses contain orange juice. A 400ml glass is 40% full and a 300ml glass is half full. Which glass"", ""isEssay"": false}",False
M1,M1.11.2,,when a weight of 16 000 lb. is placed on it?,4800 kg,3000 kg,1800 kg,,,EASY,44. An specialized scale displays 30% of all weights over 10 000 lb. placed on it. What will be the display,,,NEEDS_ANSWER,NEEDS_ANSWER — answer not provided in source; solve via admin review,1,AEROJET REVISION M1 1_230808_091651.pdf,"{""raw"": ""when a weight of 16 000 lb. is placed on it?"", ""question"": ""when a weight of 16 000 lb. is placed on it?"", ""options"": [""4800 kg"", ""3000 kg"", ""1800 kg""], ""correct"": """", ""answer_text"": null, ""category"": null, ""source_file"": ""AEROJET REVISION M1 1_230808_091651.pdf"", ""source_module"": ""M1"", ""fmt"": ""csv"", ""module"": ""M1"", ""syllabusRef"": ""M1.11.2"", ""level"": """", ""difficulty"": ""EASY"", ""subTopic"": ""44. An specialized scale displays 30% of all weights over 10 000 lb. placed on it. What will be the display"", ""isEssay"": false}",False
M1,,,Evaluate 32 – 22 + 23,13,9,7,,,EASY,,,,NEEDS_ANSWER,NEEDS_ANSWER — answer not provided in source; solve via admin review,1,AEROJET REVISION M1 1_230808_091651.pdf,"{""raw"": ""Evaluate 32 – 22 + 23"", ""question"": ""Evaluate 32 – 22 + 23"", ""options"": [""13"", ""9"", ""7""], ""correct"": """", ""answer_text"": null, ""category"": null, ""source_file"": ""AEROJET REVISION M1 1_230808_091651.pdf"", ""source_module"": ""M1"", ""fmt"": ""csv"", ""module"": ""M1"", ""syllabusRef"": """", ""level"": """", ""difficulty"": ""EASY"", ""subTopic"": """", ""isEssay"": false}",False
M1,M1.8.9,,"Find x, if 64 2/3 + 64 1/6 - 641/2",10,2,0,,,EASY,,,,NEEDS_ANSWER,NEEDS_ANSWER — answer not provided in source; solve via admin review,1,AEROJET REVISION M1 1_230808_091651.pdf,"{""raw"": ""Find x, if 64 2/3 + 64 1/6 - 641/2"", ""question"": ""Find x, if 64 2/3 + 64 1/6 - 641/2"", ""options"": [""10"", ""2"", ""0""], ""correct"": """", ""answer_text"": null, ""category"": null, ""source_file"": ""AEROJET REVISION M1 1_230808_091651.pdf"", ""source_module"": ""M1"", ""fmt"": ""csv"", ""module"": ""M1"", ""syllabusRef"": ""M1.8.9"", ""level"": """", ""difficulty"": ""EASY"", ""subTopic"": """", ""isEssay"": false}",False
M1,M1.8.9,,"Find y, given that 3 y = 18. – 3 y",– 2,0,2,,,EASY,,,,NEEDS_ANSWER,NEEDS_ANSWER — answer not provided in source; solve via admin review,1,AEROJET REVISION M1 1_230808_091651.pdf,"{""raw"": ""Find y, given that 3 y = 18. – 3 y"", ""question"": ""Find y, given that 3 y = 18. – 3 y"", ""options"": [""– 2"", ""0"", ""2""], ""correct"": """", ""answer_text"": null, ""category"": null, ""source_file"": ""AEROJET REVISION M1 1_230808_091651.pdf"", ""source_module"": ""M1"", ""fmt"": ""csv"", ""module"": ""M1"", ""syllabusRef"": ""M1.8.9"", ""level"": """", ""difficulty"": ""EASY"", ""subTopic"": """", ""isEssay"": false}",False
M1,M1.8.9,,"Find x, given that = 0.1",40,20,2,,,EASY,,,,NEEDS_ANSWER,NEEDS_ANSWER — answer not provided in source; solve via admin review,1,AEROJET REVISION M1 1_230808_091651.pdf,"{""raw"": ""Find x, given that = 0.1"", ""question"": ""Find x, given that = 0.1"", ""options"": [""40"", ""20"", ""2""], ""correct"": """", ""answer_text"": null, ""category"": null, ""source_file"": ""AEROJET REVISION M1 1_230808_091651.pdf"", ""source_module"": ""M1"", ""fmt"": ""csv"", ""module"": ""M1"", ""syllabusRef"": ""M1.8.9"", ""level"": """", ""difficulty"": ""EASY"", ""subTopic"": """", ""isEssay"": false}",False
M1,M1.9.5,,Logarithm to base ten is also called,natural logarithm,common logarithm,decimal logarithm,,natural logarithm,EASY,,,,DRAFT,Found in Suntech corpus,1,AEROJET REVISION M1 1_230808_091651.pdf,"{""raw"": ""Logarithm to base ten is also called"", ""question"": ""Logarithm to base ten is also called"", ""options"": [""natural logarithm"", ""common logarithm"", ""decimal logarithm""], ""correct"": ""natural logarithm"", ""answer_text"": null, ""category"": null, ""source_file"": ""AEROJET REVISION M1 1_230808_091651.pdf"", ""source_module"": ""M1"", ""fmt"": ""csv"", ""module"": ""M1"", ""syllabusRef"": ""M1.9.5"", ""level"": """", ""difficulty"": ""EASY"", ""subTopic"": """", ""isEssay"": false}",False
M1,,,logarithm to base ten is made up of two parts namely;,standard form and base ten,characteristic and base,mantissa and characteristic,,standard form and base ten,MEDIUM,,,,DRAFT,Found in Suntech corpus,1,AEROJET REVISION M1 1_230808_091651.pdf,"{""raw"": ""logarithm to base ten is made up of two parts namely;"", ""question"": ""logarithm to base ten is made up of two parts namely;"", ""options"": [""standard form and base ten"", ""characteristic and base"", ""mantissa and characteristic""], ""correct"": ""standard form and base ten"", ""answer_text"": null, ""category"": null, ""source_file"": ""AEROJET REVISION M1 1_230808_091651.pdf"", ""source_module"": ""M1"", ""fmt"": ""csv"", ""module"": ""M1"", ""syllabusRef"": """", ""level"": """", ""difficulty"": ""MEDIUM"", ""subTopic"": """", ""isEssay"": false}",False
M1,M1.8.9,,In Log 0.06 = 2̅.778; the mantissa is,2̅,0.778,10 – 2,,0.778,EASY,,,,DRAFT,Found in Suntech corpus,1,AEROJET REVISION  M1  PART 2_230808_115224.pdf,"{""raw"": ""In Log 0.06 = 2̅.778; the mantissa is"", ""question"": ""In Log 0.06 = 2̅.778; the mantissa is"", ""options"": [""2̅"", ""0.778"", ""10 – 2""], ""correct"": ""0.778"", ""answer_text"": null, ""category"": null, ""source_file"": ""AEROJET REVISION  M1  PART 2_230808_115224.pdf"", ""source_module"": ""M1"", ""fmt"": ""csv"", ""module"": ""M1"", ""syllabusRef"": ""M1.8.9"", ""level"": """", ""difficulty"": ""EASY"", ""subTopic"": """", ""isEssay"": false}",False
M1,M1.8.9,,"52. In the UK, stamps are 19p. Peter wants to buy 9 stamps. How much does he have to pay less than £2 ?",£1.71,£9,£0.09,,,MEDIUM,,,,NEEDS_ANSWER,NEEDS_ANSWER — answer not provided in source; solve via admin review,1,AEROJET REVISION  M1  PART 2_230808_115224.pdf,"{""raw"": ""52. In the UK, stamps are 19p. Peter wants to buy 9 stamps. How much does he have to pay less than £2 ?"", ""question"": ""52. In the UK, stamps are 19p. Peter wants to buy 9 stamps. How much does he have to pay less than £2 ?"", ""options"": [""£1.71"", ""£9"", ""£0.09""], ""correct"": """", ""answer_text"": null, ""category"": null, ""source_file"": ""AEROJET REVISION  M1  PART 2_230808_115224.pdf"", ""source_module"": ""M1"", ""fmt"": ""csv"", ""module"": ""M1"", ""syllabusRef"": ""M1.8.9"", ""level"": """", ""difficulty"": ""MEDIUM"", ""subTopic"": """", ""isEssay"": false}",False
M1,M1.8.9,,the funfair and have 9 horse rides?,£14.40,£6.30,£10.00,,£6.30,EASY,53. Entry into a funfair is £3.70 gate fee plus 70p for each horse ride. How much money does Fred need to enter,,,DRAFT,Found in Suntech corpus,1,AEROJET REVISION  M1  PART 2_230808_115224.pdf,"{""raw"": ""the funfair and have 9 horse rides?"", ""question"": ""the funfair and have 9 horse rides?"", ""options"": [""£14.40"", ""£6.30"", ""£10.00""], ""correct"": ""£6.30"", ""answer_text"": null, ""category"": null, ""source_file"": ""AEROJET REVISION  M1  PART 2_230808_115224.pdf"", ""source_module"": ""M1"", ""fmt"": ""csv"", ""module"": ""M1"", ""syllabusRef"": ""M1.8.9"", ""level"": """", ""difficulty"": ""EASY"", ""subTopic"": ""53. Entry into a funfair is £3.70 gate fee plus 70p for each horse ride. How much money does Fred need to enter"", ""isEssay"": false}",False
M1,M1.8.9,,What percentage of 600 is the same as 40% of 1200,80%,60%,40%,,,EASY,,,,NEEDS_ANSWER,NEEDS_ANSWER — answer not provided in source; solve via admin review,1,AEROJET REVISION  M1  PART 2_230808_115224.pdf,"{""raw"": ""What percentage of 600 is the same as 40% of 1200"", ""question"": ""What percentage of 600 is the same as 40% of 1200"", ""options"": [""80%"", ""60%"", ""40%""], ""correct"": """", ""answer_text"": null, ""category"": null, ""source_file"": ""AEROJET REVISION  M1  PART 2_230808_115224.pdf"", ""source_module"": ""M1"", ""fmt"": ""csv"", ""module"": ""M1"", ""syllabusRef"": ""M1.8.9"", ""level"": """", ""difficulty"": ""EASY"", ""subTopic"": """", ""isEssay"": false}",False
M1,M1.11.2,,"discount of 30% off the marked price, while shop is giving 1/3 off. Which shop is selling the tool cheaper?",Shop A,Shop B,The discounts are the same,,,MEDIUM,55. A particular designer tool has been marked for sale at the same price in shop A and shop B. Shop A is giving a,,,NEEDS_ANSWER,NEEDS_ANSWER — answer not provided in source; solve via admin review,1,AEROJET REVISION  M1  PART 2_230808_115224.pdf,"{""raw"": ""discount of 30% off the marked price, while shop is giving 1/3 off. Which shop is selling the tool cheaper?"", ""question"": ""discount of 30% off the marked price, while shop is giving 1/3 off. Which shop is selling the tool cheaper?"", ""options"": [""Shop A"", ""Shop B"", ""The discounts are the same""], ""correct"": """", ""answer_text"": null, ""category"": null, ""source_file"": ""AEROJET REVISION  M1  PART 2_230808_115224.pdf"", ""source_module"": ""M1"", ""fmt"": ""csv"", ""module"": ""M1"", ""syllabusRef"": ""M1.11.2"", ""level"": """", ""difficulty"": ""MEDIUM"", ""subTopic"": ""55. A particular designer tool has been marked for sale at the same price in shop A and shop B. Shop A is giving a"", ""isEssay"": false}",False
M1,M1.8.9,,Find Log (XY),1.6001,2.6001,1̅.6001,,,EASY,,,,NEEDS_ANSWER,NEEDS_ANSWER — answer not provided in source; solve via admin review,1,AEROJET REVISION  M1  PART 2_230808_115224.pdf,"{""raw"": ""Find Log (XY)"", ""question"": ""Find Log (XY)"", ""options"": [""1.6001"", ""2.6001"", ""1̅.6001""], ""correct"": """", ""answer_text"": null, ""category"": null, ""source_file"": ""AEROJET REVISION  M1  PART 2_230808_115224.pdf"", ""source_module"": ""M1"", ""fmt"": ""csv"", ""module"": ""M1"", ""syllabusRef"": ""M1.8.9"", ""level"": """", ""difficulty"": ""EASY"", ""subTopic"": """", ""isEssay"": false}",False
M1,M1.8.9,,If the number formed by the last two digits of a number is divisible by 4 then the number is,Divisible by 4,Divisible by 8,Divisible by 6,,Divisible by 4,MEDIUM,,,,DRAFT,Found in Suntech corpus,1,AEROJET REVISION  M1  PART 2_230808_115224.pdf,"{""raw"": ""If the number formed by the last two digits of a number is divisible by 4 then the number is"", ""question"": ""If the number formed by the last two digits of a number is divisible by 4 then the number is"", ""options"": [""Divisible by 4"", ""Divisible by 8"", ""Divisible by 6""], ""correct"": ""Divisible by 4"", ""answer_text"": null, ""category"": null, ""source_file"": ""AEROJET REVISION  M1  PART 2_230808_115224.pdf"", ""source_module"": ""M1"", ""fmt"": ""csv"", ""module"": ""M1"", ""syllabusRef"": ""M1.8.9"", ""level"": """", ""difficulty"": ""MEDIUM"", ""subTopic"": """", ""isEssay"": false}",False
M1,M1.8.9,,"Find the LCM of the three numbers 1764, 2100 and 2940",44 100,40 410,44 200,,44 100,MEDIUM,,,,DRAFT,Found in Suntech corpus,1,AEROJET REVISION  M1  PART 2_230808_115224.pdf,"{""raw"": ""Find the LCM of the three numbers 1764, 2100 and 2940"", ""question"": ""Find the LCM of the three numbers 1764, 2100 and 2940"", ""options"": [""44 100"", ""40 410"", ""44 200""], ""correct"": ""44 100"", ""answer_text"": null, ""category"": null, ""source_file"": ""AEROJET REVISION  M1  PART 2_230808_115224.pdf"", ""source_module"": ""M1"", ""fmt"": ""csv"", ""module"": ""M1"", ""syllabusRef"": ""M1.8.9"", ""level"": """", ""difficulty"": ""MEDIUM"", ""subTopic"": """", ""isEssay"": false}",False
M1,,,"62. When working with fractions, what does LCD stand for?",Lowest Common Divider,Lowest Common Denominator,Lowest Common Divisor,,Lowest Common Divider,MEDIUM,,,,DRAFT,Found in Suntech corpus,1,AEROJET REVISION  M1  PART 2_230808_115224.pdf,"{""raw"": ""62. When working with fractions, what does LCD stand for?"", ""question"": ""62. When working with fractions, what does LCD stand for?"", ""options"": [""Lowest Common Divider"", ""Lowest Common Denominator"", ""Lowest Common Divisor""], ""correct"": ""Lowest Common Divider"", ""answer_text"": null, ""category"": null, ""source_file"": ""AEROJET REVISION  M1  PART 2_230808_115224.pdf"", ""source_module"": ""M1"", ""fmt"": ""csv"", ""module"": ""M1"", ""syllabusRef"": """", ""level"": """", ""difficulty"": ""MEDIUM"", ""subTopic"": """", ""isEssay"": false}",False
M1,,,Convert 1500 miles into kilometres,24319 km,21439 km,24139 km,,24139 km,EASY,,,,DRAFT,Found in Suntech corpus,1,AEROJET REVISION  M1  PART 2_230808_115224.pdf,"{""raw"": ""Convert 1500 miles into kilometres"", ""question"": ""Convert 1500 miles into kilometres"", ""options"": [""24319 km"", ""21439 km"", ""24139 km""], ""correct"": ""24139 km"", ""answer_text"": null, ""category"": null, ""source_file"": ""AEROJET REVISION  M1  PART 2_230808_115224.pdf"", ""source_module"": ""M1"", ""fmt"": ""csv"", ""module"": ""M1"", ""syllabusRef"": """", ""level"": """", ""difficulty"": ""EASY"", ""subTopic"": """", ""isEssay"": false}",False
M1,M1.8.9,,The sum of the interior angles of a pentagon are divided up in the ratio 4:5:11:15:13. What is the size of the,146.25 degrees,168.75 degree,123.75 degrees,,,MEDIUM,,,,NEEDS_ANSWER,NEEDS_ANSWER — answer not provided in source; solve via admin review,1,AEROJET REVISION  M1  PART 2_230808_115224.pdf,"{""raw"": ""The sum of the interior angles of a pentagon are divided up in the ratio 4:5:11:15:13. What is the size of the"", ""question"": ""The sum of the interior angles of a pentagon are divided up in the ratio 4:5:11:15:13. What is the size of the"", ""options"": [""146.25 degrees"", ""168.75 degree"", ""123.75 degrees""], ""correct"": """", ""answer_text"": null, ""category"": null, ""source_file"": ""AEROJET REVISION  M1  PART 2_230808_115224.pdf"", ""source_module"": ""M1"", ""fmt"": ""csv"", ""module"": ""M1"", ""syllabusRef"": ""M1.8.9"", ""level"": """", ""difficulty"": ""MEDIUM"", ""subTopic"": """", ""isEssay"": false}",False
M1,M1.8.9,,An aircraft travels a total distance of 750 km in a time of 3 hours 45 minutes. What is the average speed in,200 km/h,55.6 m/s,50 m/s,,200 km/h,MEDIUM,,,,DRAFT,Found in Suntech corpus,1,AEROJET REVISION  M1  PART 2_230808_115224.pdf,"{""raw"": ""An aircraft travels a total distance of 750 km in a time of 3 hours 45 minutes. What is the average speed in"", ""question"": ""An aircraft travels a total distance of 750 km in a time of 3 hours 45 minutes. What is the average speed in"", ""options"": [""200 km/h"", ""55.6 m/s"", ""50 m/s""], ""correct"": ""200 km/h"", ""answer_text"": null, ""category"": null, ""source_file"": ""AEROJET REVISION  M1  PART 2_230808_115224.pdf"", ""source_module"": ""M1"", ""fmt"": ""csv"", ""module"": ""M1"", ""syllabusRef"": ""M1.8.9"", ""level"": """", ""difficulty"": ""MEDIUM"", ""subTopic"": """", ""isEssay"": false}",False
M1,M1.10.1,,consumption is 75 gallons / hour?,4 h,3 h,2 h,,4 h,EASY,67. An aircraft uses 300 gallons of fuel for a flight of duration x hours. What is the value of x if its average fuel,,,DRAFT,Found in Suntech corpus,1,AEROJET REVISION  M1  PART 2_230808_115224.pdf,"{""raw"": ""consumption is 75 gallons / hour?"", ""question"": ""consumption is 75 gallons / hour?"", ""options"": [""4 h"", ""3 h"", ""2 h""], ""correct"": ""4 h"", ""answer_text"": null, ""category"": null, ""source_file"": ""AEROJET REVISION  M1  PART 2_230808_115224.pdf"", ""source_module"": ""M1"", ""fmt"": ""csv"", ""module"": ""M1"", ""syllabusRef"": ""M1.10.1"", ""level"": """", ""difficulty"": ""EASY"", ""subTopic"": ""67. An aircraft uses 300 gallons of fuel for a flight of duration x hours. What is the value of x if its average fuel"", ""isEssay"": false}",False
M1,M1.8.9,,"The weight of six items are as follows: w kg, 10.3 kg, 8.9 kg, 9.4 kg, 11.2 kg and 10.1 kg is 9.9 kg. Find w.",9.0 kg,9.3 kg,9.5 kg,,9.0 kg,MEDIUM,,,,DRAFT,Found in Suntech corpus,1,AEROJET REVISION  M1  PART 2_230808_115224.pdf,"{""raw"": ""The weight of six items are as follows: w kg, 10.3 kg, 8.9 kg, 9.4 kg, 11.2 kg and 10.1 kg is 9.9 kg. Find w."", ""question"": ""The weight of six items are as follows: w kg, 10.3 kg, 8.9 kg, 9.4 kg, 11.2 kg and 10.1 kg is 9.9 kg. Find w."", ""options"": [""9.0 kg"", ""9.3 kg"", ""9.5 kg""], ""correct"": ""9.0 kg"", ""answer_text"": null, ""category"": null, ""source_file"": ""AEROJET REVISION  M1  PART 2_230808_115224.pdf"", ""source_module"": ""M1"", ""fmt"": ""csv"", ""module"": ""M1"", ""syllabusRef"": ""M1.8.9"", ""level"": """", ""difficulty"": ""MEDIUM"", ""subTopic"": """", ""isEssay"": false}",False
M1,M1.8.9,,"Insert one of >, < or = into the space. 1024 1/10 ______ 128 3/7",>,<,=,,,MEDIUM,,,,NEEDS_ANSWER,NEEDS_ANSWER — answer not provided in source; solve via admin review,1,AEROJET REVISION  M1  PART 2_230808_115224.pdf,"{""raw"": ""Insert one of >, < or = into the space. 1024 1/10 ______ 128 3/7"", ""question"": ""Insert one of >, < or = into the space. 1024 1/10 ______ 128 3/7"", ""options"": ["">"", ""<"", ""=""], ""correct"": """", ""answer_text"": null, ""category"": null, ""source_file"": ""AEROJET REVISION  M1  PART 2_230808_115224.pdf"", ""source_module"": ""M1"", ""fmt"": ""csv"", ""module"": ""M1"", ""syllabusRef"": ""M1.8.9"", ""level"": """", ""difficulty"": ""MEDIUM"", ""subTopic"": """", ""isEssay"": false}",False
M1,M1.8.9,,A pinion gear with 10 teeth is driving a spur gear with 40 teeth. The spur gear is rotating at 160 revolutions,640 rpm,460 rpm,604 rpm,,,MEDIUM,,,,NEEDS_ANSWER,NEEDS_ANSWER — answer not provided in source; solve via admin review,1,AEROJET REVISION  M1  PART 2_230808_115224.pdf,"{""raw"": ""A pinion gear with 10 teeth is driving a spur gear with 40 teeth. The spur gear is rotating at 160 revolutions"", ""question"": ""A pinion gear with 10 teeth is driving a spur gear with 40 teeth. The spur gear is rotating at 160 revolutions"", ""options"": [""640 rpm"", ""460 rpm"", ""604 rpm""], ""correct"": """", ""answer_text"": null, ""category"": null, ""source_file"": ""AEROJET REVISION  M1  PART 2_230808_115224.pdf"", ""source_module"": ""M1"", ""fmt"": ""csv"", ""module"": ""M1"", ""syllabusRef"": ""M1.8.9"", ""level"": """", ""difficulty"": ""MEDIUM"", ""subTopic"": """", ""isEssay"": false}",False
M1,,,An airplane flying a distance of 300 kilometers used 20 liters of gasoline. How many liters will it need to travel,10 L,30 L,40 L,,30 L,MEDIUM,,,,DRAFT,Found in Suntech corpus,1,AEROJET REVISION  M1  PART 2_230808_115224.pdf,"{""raw"": ""An airplane flying a distance of 300 kilometers used 20 liters of gasoline. How many liters will it need to travel"", ""question"": ""An airplane flying a distance of 300 kilometers used 20 liters of gasoline. How many liters will it need to travel"", ""options"": [""10 L"", ""30 L"", ""40 L""], ""correct"": ""30 L"", ""answer_text"": null, ""category"": null, ""source_file"": ""AEROJET REVISION  M1  PART 2_230808_115224.pdf"", ""source_module"": ""M1"", ""fmt"": ""csv"", ""module"": ""M1"", ""syllabusRef"": """", ""level"": """", ""difficulty"": ""MEDIUM"", ""subTopic"": """", ""isEssay"": false}",False
M1,M1.8.9,,"In a shipment of 80 wingtip lights, 15% of the lights were defective. How many of the lights were non",12,68,78,,,MEDIUM,,,,NEEDS_ANSWER,NEEDS_ANSWER — answer not provided in source; solve via admin review,1,AEROJET REVISION  M1  PART 2_230808_115224.pdf,"{""raw"": ""In a shipment of 80 wingtip lights, 15% of the lights were defective. How many of the lights were non"", ""question"": ""In a shipment of 80 wingtip lights, 15% of the lights were defective. How many of the lights were non"", ""options"": [""12"", ""68"", ""78""], ""correct"": """", ""answer_text"": null, ""category"": null, ""source_file"": ""AEROJET REVISION  M1  PART 2_230808_115224.pdf"", ""source_module"": ""M1"", ""fmt"": ""csv"", ""module"": ""M1"", ""syllabusRef"": ""M1.8.9"", ""level"": """", ""difficulty"": ""MEDIUM"", ""subTopic"": """", ""isEssay"": false}",False
M1,M1.11.2,,efficiency expressed as a percent?,89%,90%,112%,,,EASY,73. A small engine rated at 12 horsepower is found to be delivering only 10.75 horsepower. What is the motor,,,NEEDS_ANSWER,NEEDS_ANSWER — answer not provided in source; solve via admin review,1,AEROJET REVISION  M1  PART 2_230808_115224.pdf,"{""raw"": ""efficiency expressed as a percent?"", ""question"": ""efficiency expressed as a percent?"", ""options"": [""89%"", ""90%"", ""112%""], ""correct"": """", ""answer_text"": null, ""category"": null, ""source_file"": ""AEROJET REVISION  M1  PART 2_230808_115224.pdf"", ""source_module"": ""M1"", ""fmt"": ""csv"", ""module"": ""M1"", ""syllabusRef"": ""M1.11.2"", ""level"": """", ""difficulty"": ""EASY"", ""subTopic"": ""73. A small engine rated at 12 horsepower is found to be delivering only 10.75 horsepower. What is the motor"", ""isEssay"": false}",False
M1,M1.8.9,,Two hundred and thirty-four ohms represents 52% of a microphone's total resistance. Find the total resistance,450 mΩ,450 MΩ,0.45 kΩ,,,MEDIUM,,,,NEEDS_ANSWER,NEEDS_ANSWER — answer not provided in source; solve via admin review,1,AEROJET REVISION  M1  PART 2_230808_115224.pdf,"{""raw"": ""Two hundred and thirty-four ohms represents 52% of a microphone's total resistance. Find the total resistance"", ""question"": ""Two hundred and thirty-four ohms represents 52% of a microphone's total resistance. Find the total resistance"", ""options"": [""450 mΩ"", ""450 MΩ"", ""0.45 kΩ""], ""correct"": """", ""answer_text"": null, ""category"": null, ""source_file"": ""AEROJET REVISION  M1  PART 2_230808_115224.pdf"", ""source_module"": ""M1"", ""fmt"": ""csv"", ""module"": ""M1"", ""syllabusRef"": ""M1.8.9"", ""level"": """", ""difficulty"": ""MEDIUM"", ""subTopic"": """", ""isEssay"": false}",False
M1,M1.8.9,,Find the square root of 31.,5,5.6,6,,5.6,EASY,,,,DRAFT,Found in Suntech corpus,1,AEROJET REVISION  M1  PART 2_230808_115224.pdf,"{""raw"": ""Find the square root of 31."", ""question"": ""Find the square root of 31."", ""options"": [""5"", ""5.6"", ""6""], ""correct"": ""5.6"", ""answer_text"": null, ""category"": null, ""source_file"": ""AEROJET REVISION  M1  PART 2_230808_115224.pdf"", ""source_module"": ""M1"", ""fmt"": ""csv"", ""module"": ""M1"", ""syllabusRef"": ""M1.8.9"", ""level"": """", ""difficulty"": ""EASY"", ""subTopic"": """", ""isEssay"": false}",False
M1,,,Convert 7154.3 × 10 – 10 to scientific notation,7.1543 × 10 – 13,71.543 × 10 – 7,7.1543 × 10 – 7,,7.1543 × 10 – 13,EASY,,,,DRAFT,Found in Suntech corpus,1,AEROJET REVISION  M1  PART 2_230808_115224.pdf,"{""raw"": ""Convert 7154.3 × 10 – 10 to scientific notation"", ""question"": ""Convert 7154.3 × 10 – 10 to scientific notation"", ""options"": [""7.1543 × 10 – 13"", ""71.543 × 10 – 7"", ""7.1543 × 10 – 7""], ""correct"": ""7.1543 × 10 – 13"", ""answer_text"": null, ""category"": null, ""source_file"": ""AEROJET REVISION  M1  PART 2_230808_115224.pdf"", ""source_module"": ""M1"", ""fmt"": ""csv"", ""module"": ""M1"", ""syllabusRef"": """", ""level"": """", ""difficulty"": ""EASY"", ""subTopic"": """", ""isEssay"": false}",False
M1,M1.8.9,,6 ft. 8 in. plus a ft. b in. is equal to 11 ft. 1 in. Find a and b.,4 and 5,5 and 4,4 and 7,,4 and 5,MEDIUM,,,,DRAFT,Found in Suntech corpus,1,AEROJET REVISION  M1  PART 2_230808_115224.pdf,"{""raw"": ""6 ft. 8 in. plus a ft. b in. is equal to 11 ft. 1 in. Find a and b."", ""question"": ""6 ft. 8 in. plus a ft. b in. is equal to 11 ft. 1 in. Find a and b."", ""options"": [""4 and 5"", ""5 and 4"", ""4 and 7""], ""correct"": ""4 and 5"", ""answer_text"": null, ""category"": null, ""source_file"": ""AEROJET REVISION  M1  PART 2_230808_115224.pdf"", ""source_module"": ""M1"", ""fmt"": ""csv"", ""module"": ""M1"", ""syllabusRef"": ""M1.8.9"", ""level"": """", ""difficulty"": ""MEDIUM"", ""subTopic"": """", ""isEssay"": false}",False
M1,,,Subtract 14 ° 5 / 5 // from 39 ° 9 / 3 //,24 ° 56 / 2 //,25 ° 56 / 2 //,24 ° 57 / 2 //,,24 ° 56 / 2 //,EASY,,,,DRAFT,Found in Suntech corpus,1,AEROJET REVISION  M1  PART 2_230808_115224.pdf,"{""raw"": ""Subtract 14 ° 5 / 5 // from 39 ° 9 / 3 //"", ""question"": ""Subtract 14 ° 5 / 5 // from 39 ° 9 / 3 //"", ""options"": [""24 ° 56 / 2 //"", ""25 ° 56 / 2 //"", ""24 ° 57 / 2 //""], ""correct"": ""24 ° 56 / 2 //"", ""answer_text"": null, ""category"": null, ""source_file"": ""AEROJET REVISION  M1  PART 2_230808_115224.pdf"", ""source_module"": ""M1"", ""fmt"": ""csv"", ""module"": ""M1"", ""syllabusRef"": """", ""level"": """", ""difficulty"": ""EASY"", ""subTopic"": """", ""isEssay"": false}",False
M1,,,Add 7.8 pF + 22 x 10 – 11 F,10 pF,10 x 10 – 11 F,1 pF,,10 x 10 – 11 F,EASY,,,,DRAFT,Found in Suntech corpus,1,AEROJET REVISION  M1  PART 2_230808_115224.pdf,"{""raw"": ""Add 7.8 pF + 22 x 10 – 11 F"", ""question"": ""Add 7.8 pF + 22 x 10 – 11 F"", ""options"": [""10 pF"", ""10 x 10 – 11 F"", ""1 pF""], ""correct"": ""10 x 10 – 11 F"", ""answer_text"": null, ""category"": null, ""source_file"": ""AEROJET REVISION  M1  PART 2_230808_115224.pdf"", ""source_module"": ""M1"", ""fmt"": ""csv"", ""module"": ""M1"", ""syllabusRef"": """", ""level"": """", ""difficulty"": ""EASY"", ""subTopic"": """", ""isEssay"": false}",False
M1,M1.8.9,,"Find the sum 3.5 A + 0.42 kA + 81.3 mA, giving your answer in the basic unit.",42.35813 A,423.5813 A,4.235813 A,,,MEDIUM,,,,NEEDS_ANSWER,NEEDS_ANSWER — answer not provided in source; solve via admin review,1,AEROJET REVISION  M1  PART 2_230808_115224.pdf,"{""raw"": ""Find the sum 3.5 A + 0.42 kA + 81.3 mA, giving your answer in the basic unit."", ""question"": ""Find the sum 3.5 A + 0.42 kA + 81.3 mA, giving your answer in the basic unit."", ""options"": [""42.35813 A"", ""423.5813 A"", ""4.235813 A""], ""correct"": """", ""answer_text"": null, ""category"": null, ""source_file"": ""AEROJET REVISION  M1  PART 2_230808_115224.pdf"", ""source_module"": ""M1"", ""fmt"": ""csv"", ""module"": ""M1"", ""syllabusRef"": ""M1.8.9"", ""level"": """", ""difficulty"": ""MEDIUM"", ""subTopic"": """", ""isEssay"": false}",False
M1,,,Solve 3500 Hz + 6 GHz + 39 MHz,3 456 000 Hz,3 456 000 MHz,3 456 000 kHz,,,EASY,,,,NEEDS_ANSWER,NEEDS_ANSWER — answer not provided in source; solve via admin review,1,AEROJET REVISION  M1  PART 2_230808_115224.pdf,"{""raw"": ""Solve 3500 Hz + 6 GHz + 39 MHz"", ""question"": ""Solve 3500 Hz + 6 GHz + 39 MHz"", ""options"": [""3 456 000 Hz"", ""3 456 000 MHz"", ""3 456 000 kHz""], ""correct"": """", ""answer_text"": null, ""category"": null, ""source_file"": ""AEROJET REVISION  M1  PART 2_230808_115224.pdf"", ""source_module"": ""M1"", ""fmt"": ""csv"", ""module"": ""M1"", ""syllabusRef"": """", ""level"": """", ""difficulty"": ""EASY"", ""subTopic"": """", ""isEssay"": false}",False
M1,M1.8.9,,Multiply 4 yd. 2 ft. × 3 yd. 2 ft.,12 sq.yd.4 ft.,17 sq.yd.,16 sq.yd,,12 sq.yd.4 ft.,EASY,,,,DRAFT,Found in Suntech corpus,1,AEROJET REVISION  M1  PART 2_230808_115224.pdf,"{""raw"": ""Multiply 4 yd. 2 ft. × 3 yd. 2 ft."", ""question"": ""Multiply 4 yd. 2 ft. × 3 yd. 2 ft."", ""options"": [""12 sq.yd.4 ft."", ""17 sq.yd."", ""16 sq.yd""], ""correct"": ""12 sq.yd.4 ft."", ""answer_text"": null, ""category"": null, ""source_file"": ""AEROJET REVISION  M1  PART 2_230808_115224.pdf"", ""source_module"": ""M1"", ""fmt"": ""csv"", ""module"": ""M1"", ""syllabusRef"": ""M1.8.9"", ""level"": """", ""difficulty"": ""EASY"", ""subTopic"": """", ""isEssay"": false}",False
M1,,,"Divide 4 litres , 400 millilitres by 2","2 litres, 20 millilitres",2. Litres,2.2 litres,,"2 litres, 20 millilitres",EASY,,,,DRAFT,Found in Suntech corpus,1,AEROJET REVISION  M1  PART 2_230808_115224.pdf,"{""raw"": ""Divide 4 litres , 400 millilitres by 2"", ""question"": ""Divide 4 litres , 400 millilitres by 2"", ""options"": [""2 litres, 20 millilitres"", ""2. Litres"", ""2.2 litres""], ""correct"": ""2 litres, 20 millilitres"", ""answer_text"": null, ""category"": null, ""source_file"": ""AEROJET REVISION  M1  PART 2_230808_115224.pdf"", ""source_module"": ""M1"", ""fmt"": ""csv"", ""module"": ""M1"", ""syllabusRef"": """", ""level"": """", ""difficulty"": ""EASY"", ""subTopic"": """", ""isEssay"": false}",False
M1,M1.8.9,,85. What is the definition of proportion?,A statement of equality between two or more ratios.,A statement of inequity between two or more ratios.,All ratios are proportionate.,,,EASY,,,,NEEDS_ANSWER,NEEDS_ANSWER — answer not provided in source; solve via admin review,1,AEROJET REVISION  M1  PART 2_230808_115224.pdf,"{""raw"": ""85. What is the definition of proportion?"", ""question"": ""85. What is the definition of proportion?"", ""options"": [""A statement of equality between two or more ratios."", ""A statement of inequity between two or more ratios."", ""All ratios are proportionate.""], ""correct"": """", ""answer_text"": null, ""category"": null, ""source_file"": ""AEROJET REVISION  M1  PART 2_230808_115224.pdf"", ""source_module"": ""M1"", ""fmt"": ""csv"", ""module"": ""M1"", ""syllabusRef"": ""M1.8.9"", ""level"": """", ""difficulty"": ""EASY"", ""subTopic"": """", ""isEssay"": false}",False
M1,M1.8.9,,Captain Leonard flies his aircraft 0 .71 of the way to his destination before he stops to refuel. How much is left,Cannot be determined,29 miles,29%,,Cannot be determined,MEDIUM,,,,DRAFT,Found in Suntech corpus,1,AEROJET REVISION  M1  PART 2_230808_115224.pdf,"{""raw"": ""Captain Leonard flies his aircraft 0 .71 of the way to his destination before he stops to refuel. How much is left"", ""question"": ""Captain Leonard flies his aircraft 0 .71 of the way to his destination before he stops to refuel. How much is left"", ""options"": [""Cannot be determined"", ""29 miles"", ""29%""], ""correct"": ""Cannot be determined"", ""answer_text"": null, ""category"": null, ""source_file"": ""AEROJET REVISION  M1  PART 2_230808_115224.pdf"", ""source_module"": ""M1"", ""fmt"": ""csv"", ""module"": ""M1"", ""syllabusRef"": ""M1.8.9"", ""level"": """", ""difficulty"": ""MEDIUM"", ""subTopic"": """", ""isEssay"": false}",False
M1,M1.8.9,,Some examples of units used in the Imperial measurement system include:,"inch, foot, yard.","inch, yard, litre","inch, kilometer, pound",,"inch, yard, litre",MEDIUM,,,,DRAFT,Found in Suntech corpus,1,AEROJET REVISION  M1  PART 2_230808_115224.pdf,"{""raw"": ""Some examples of units used in the Imperial measurement system include:"", ""question"": ""Some examples of units used in the Imperial measurement system include:"", ""options"": [""inch, foot, yard."", ""inch, yard, litre"", ""inch, kilometer, pound""], ""correct"": ""inch, yard, litre"", ""answer_text"": null, ""category"": null, ""source_file"": ""AEROJET REVISION  M1  PART 2_230808_115224.pdf"", ""source_module"": ""M1"", ""fmt"": ""csv"", ""module"": ""M1"", ""syllabusRef"": ""M1.8.9"", ""level"": """", ""difficulty"": ""MEDIUM"", ""subTopic"": """", ""isEssay"": false}",False
M1,M1.8.9,,88. What is the speed of a spur gear with 42 teeth driven by a pinion gear with 14 teeth turning 420 RPM?,588 RPM,160 RPM,140 RPM,,,MEDIUM,,,,NEEDS_ANSWER,NEEDS_ANSWER — answer not provided in source; solve via admin review,1,AEROJET REVISION  M1  PART 2_230808_115224.pdf,"{""raw"": ""88. What is the speed of a spur gear with 42 teeth driven by a pinion gear with 14 teeth turning 420 RPM?"", ""question"": ""88. What is the speed of a spur gear with 42 teeth driven by a pinion gear with 14 teeth turning 420 RPM?"", ""options"": [""588 RPM"", ""160 RPM"", ""140 RPM""], ""correct"": """", ""answer_text"": null, ""category"": null, ""source_file"": ""AEROJET REVISION  M1  PART 2_230808_115224.pdf"", ""source_module"": ""M1"", ""fmt"": ""csv"", ""module"": ""M1"", ""syllabusRef"": ""M1.8.9"", ""level"": """", ""difficulty"": ""MEDIUM"", ""subTopic"": """", ""isEssay"": false}",False
M1,,,89. 56% of T is 182. What is T?,350,364,325,,,EASY,,,,NEEDS_ANSWER,NEEDS_ANSWER — answer not provided in source; solve via admin review,1,AEROJET REVISION  M1  PART 2_230808_115224.pdf,"{""raw"": ""89. 56% of T is 182. What is T?"", ""question"": ""89. 56% of T is 182. What is T?"", ""options"": [""350"", ""364"", ""325""], ""correct"": """", ""answer_text"": null, ""category"": null, ""source_file"": ""AEROJET REVISION  M1  PART 2_230808_115224.pdf"", ""source_module"": ""M1"", ""fmt"": ""csv"", ""module"": ""M1"", ""syllabusRef"": """", ""level"": """", ""difficulty"": ""EASY"", ""subTopic"": """", ""isEssay"": false}",False
M1,M1.8.9,,maximum marks of the exam?,100,200,150,,,EASY,90. Abodo hs to score 40% to pass an exam. He obtains 20 marks and fails the exam by 40 marks. What is the,,,NEEDS_ANSWER,NEEDS_ANSWER — answer not provided in source; solve via admin review,1,AEROJET REVISION  M1  PART 2_230808_115224.pdf,"{""raw"": ""maximum marks of the exam?"", ""question"": ""maximum marks of the exam?"", ""options"": [""100"", ""200"", ""150""], ""correct"": """", ""answer_text"": null, ""category"": null, ""source_file"": ""AEROJET REVISION  M1  PART 2_230808_115224.pdf"", ""source_module"": ""M1"", ""fmt"": ""csv"", ""module"": ""M1"", ""syllabusRef"": ""M1.8.9"", ""level"": """", ""difficulty"": ""EASY"", ""subTopic"": ""90. Abodo hs to score 40% to pass an exam. He obtains 20 marks and fails the exam by 40 marks. What is the"", ""isEssay"": false}",False
M1,M1.11.2,,"91. Which is the greater ratio, 10:11 or 17:18?",17:18,10:11,They are equal,,17:18,EASY,,,,DRAFT,Found in Suntech corpus,1,AEROJET REVISION  M1  PART 2_230808_115224.pdf,"{""raw"": ""91. Which is the greater ratio, 10:11 or 17:18?"", ""question"": ""91. Which is the greater ratio, 10:11 or 17:18?"", ""options"": [""17:18"", ""10:11"", ""They are equal""], ""correct"": ""17:18"", ""answer_text"": null, ""category"": null, ""source_file"": ""AEROJET REVISION  M1  PART 2_230808_115224.pdf"", ""source_module"": ""M1"", ""fmt"": ""csv"", ""module"": ""M1"", ""syllabusRef"": ""M1.11.2"", ""level"": """", ""difficulty"": ""EASY"", ""subTopic"": """", ""isEssay"": false}",False
M1,M1.8.9,,"The sum of three numbers is 285. The ratio between the second and third numbers is 6:5, while the ratio",150,105,124,,,MEDIUM,,,,NEEDS_ANSWER,NEEDS_ANSWER — answer not provided in source; solve via admin review,1,AEROJET REVISION  M1  PART 2_230808_115224.pdf,"{""raw"": ""The sum of three numbers is 285. The ratio between the second and third numbers is 6:5, while the ratio"", ""question"": ""The sum of three numbers is 285. The ratio between the second and third numbers is 6:5, while the ratio"", ""options"": [""150"", ""105"", ""124""], ""correct"": """", ""answer_text"": null, ""category"": null, ""source_file"": ""AEROJET REVISION  M1  PART 2_230808_115224.pdf"", ""source_module"": ""M1"", ""fmt"": ""csv"", ""module"": ""M1"", ""syllabusRef"": ""M1.8.9"", ""level"": """", ""difficulty"": ""MEDIUM"", ""subTopic"": """", ""isEssay"": false}",False
M1,M1.1.3(a),1,"Dorina got $130 less as simple interest, when she invested $2 000 for 4 years as compared to investing $2250",12%,13%,10.50%,,10.50%,MEDIUM,,,,DRAFT,Found in Suntech corpus,1,AEROJET REVISION  M1  PART 2_230808_115224.pdf,"{""raw"": ""Dorina got $130 less as simple interest, when she invested $2 000 for 4 years as compared to investing $2250"", ""question"": ""Dorina got $130 less as simple interest, when she invested $2 000 for 4 years as compared to investing $2250"", ""options"": [""12%"", ""13%"", ""10.50%""], ""correct"": ""10.50%"", ""answer_text"": null, ""category"": null, ""source_file"": ""AEROJET REVISION  M1  PART 2_230808_115224.pdf"", ""source_module"": ""M1"", ""fmt"": ""csv"", ""module"": ""M1"", ""syllabusRef"": ""M1.1.3(a)"", ""level"": ""1"", ""difficulty"": ""MEDIUM"", ""subTopic"": """", ""isEssay"": false}",False
M1,M1.8.9,,"$612. If the first discount was 10%, what was the second discount?",10%,!5%,20%,,,MEDIUM,94. The marked price of a watch is $800. A shop keeper gave two successive discounts and sold the watch for,,,NEEDS_ANSWER,NEEDS_ANSWER — answer not provided in source; solve via admin review,1,AEROJET REVISION  M1  PART 2_230808_115224.pdf,"{""raw"": ""$612. If the first discount was 10%, what was the second discount?"", ""question"": ""$612. If the first discount was 10%, what was the second discount?"", ""options"": [""10%"", ""!5%"", ""20%""], ""correct"": """", ""answer_text"": null, ""category"": null, ""source_file"": ""AEROJET REVISION  M1  PART 2_230808_115224.pdf"", ""source_module"": ""M1"", ""fmt"": ""csv"", ""module"": ""M1"", ""syllabusRef"": ""M1.8.9"", ""level"": """", ""difficulty"": ""MEDIUM"", ""subTopic"": ""94. The marked price of a watch is $800. A shop keeper gave two successive discounts and sold the watch for"", ""isEssay"": false}",False
M1,M1.11.2,,95. A tricycle moves with a speed of 180km/h. What is this speed in m/s?,5,30,50,,,MEDIUM,,,,NEEDS_ANSWER,NEEDS_ANSWER — answer not provided in source; solve via admin review,1,AEROJET REVISION  M1  PART 2_230808_115224.pdf,"{""raw"": ""95. A tricycle moves with a speed of 180km/h. What is this speed in m/s?"", ""question"": ""95. A tricycle moves with a speed of 180km/h. What is this speed in m/s?"", ""options"": [""5"", ""30"", ""50""], ""correct"": """", ""answer_text"": null, ""category"": null, ""source_file"": ""AEROJET REVISION  M1  PART 2_230808_115224.pdf"", ""source_module"": ""M1"", ""fmt"": ""csv"", ""module"": ""M1"", ""syllabusRef"": ""M1.11.2"", ""level"": """", ""difficulty"": ""MEDIUM"", ""subTopic"": """", ""isEssay"": false}",False
M1,M1.8.9,,actual speed of the car?,25 km/h,30 km/h,35 km/h,,,EASY,"96. A car travelling with ( )th of its actual speed, covered a 42 km distance in 1 h 40 min 48 sec. Calculate the",,,NEEDS_ANSWER,NEEDS_ANSWER — answer not provided in source; solve via admin review,1,AEROJET REVISION  M1  PART 2_230808_115224.pdf,"{""raw"": ""actual speed of the car?"", ""question"": ""actual speed of the car?"", ""options"": [""25 km/h"", ""30 km/h"", ""35 km/h""], ""correct"": """", ""answer_text"": null, ""category"": null, ""source_file"": ""AEROJET REVISION  M1  PART 2_230808_115224.pdf"", ""source_module"": ""M1"", ""fmt"": ""csv"", ""module"": ""M1"", ""syllabusRef"": ""M1.8.9"", ""level"": """", ""difficulty"": ""EASY"", ""subTopic"": ""96. A car travelling with ( )th of its actual speed, covered a 42 km distance in 1 h 40 min 48 sec. Calculate the"", ""isEssay"": false}",False
M1,M1.8.9,,97. A trailer 120 m long passes an electric pole in 6 seconds. What is the speed of the trailer?,60 KM/H,80 KM/H,72 KM/H,,60 KM/H,MEDIUM,,,,DRAFT,Found in Suntech corpus,1,AEROJET REVISION  M1  PART 2_230808_115224.pdf,"{""raw"": ""97. A trailer 120 m long passes an electric pole in 6 seconds. What is the speed of the trailer?"", ""question"": ""97. A trailer 120 m long passes an electric pole in 6 seconds. What is the speed of the trailer?"", ""options"": [""60 KM/H"", ""80 KM/H"", ""72 KM/H""], ""correct"": ""60 KM/H"", ""answer_text"": null, ""category"": null, ""source_file"": ""AEROJET REVISION  M1  PART 2_230808_115224.pdf"", ""source_module"": ""M1"", ""fmt"": ""csv"", ""module"": ""M1"", ""syllabusRef"": ""M1.8.9"", ""level"": """", ""difficulty"": ""MEDIUM"", ""subTopic"": """", ""isEssay"": false}",False
M1,,,of of × of 1008 is,200,END,64,,,EASY,,,,NEEDS_ANSWER,NEEDS_ANSWER — answer not provided in source; solve via admin review,1,AEROJET REVISION  M1  PART 2_230808_115224.pdf,"{""raw"": ""of of × of 1008 is"", ""question"": ""of of × of 1008 is"", ""options"": [""200"", ""END"", ""64""], ""correct"": """", ""answer_text"": null, ""category"": null, ""source_file"": ""AEROJET REVISION  M1  PART 2_230808_115224.pdf"", ""source_module"": ""M1"", ""fmt"": ""csv"", ""module"": ""M1"", ""syllabusRef"": """", ""level"": """", ""difficulty"": ""EASY"", ""subTopic"": """", ""isEssay"": false}",False
M1,M1.8.9,,The ratio of two numbers is 5:6 and the LCM of the two number is 480. Find the HCF of the numbers.,12,16,24,,12,MEDIUM,,,,REVIEWED,Computed from question data,1,AEROJET REVISION  M1  PART 2_230808_115224.pdf,"{""raw"": ""The ratio of two numbers is 5:6 and the LCM of the two number is 480. Find the HCF of the numbers."", ""question"": ""The ratio of two numbers is 5:6 and the LCM of the two number is 480. Find the HCF of the numbers."", ""options"": [""12"", ""16"", ""24""], ""correct"": ""12"", ""answer_text"": null, ""category"": null, ""source_file"": ""AEROJET REVISION  M1  PART 2_230808_115224.pdf"", ""source_module"": ""M1"", ""fmt"": ""csv"", ""module"": ""M1"", ""syllabusRef"": ""M1.8.9"", ""level"": """", ""difficulty"": ""MEDIUM"", ""subTopic"": """", ""isEssay"": false}",False
M1,,,Simplify ((3x3x3x3x3x3) 6 ÷ (3x3x3x3) 7 × 3 4),27 9,27 4,3 15,,,EASY,,,,NEEDS_ANSWER,NEEDS_ANSWER — answer not provided in source; solve via admin review,1,AEROJET REVISION  M1  PART 2_230808_115224.pdf,"{""raw"": ""Simplify ((3x3x3x3x3x3) 6 ÷ (3x3x3x3) 7 × 3 4)"", ""question"": ""Simplify ((3x3x3x3x3x3) 6 ÷ (3x3x3x3) 7 × 3 4)"", ""options"": [""27 9"", ""27 4"", ""3 15""], ""correct"": """", ""answer_text"": null, ""category"": null, ""source_file"": ""AEROJET REVISION  M1  PART 2_230808_115224.pdf"", ""source_module"": ""M1"", ""fmt"": ""csv"", ""module"": ""M1"", ""syllabusRef"": """", ""level"": """", ""difficulty"": ""EASY"", ""subTopic"": """", ""isEssay"": false}",False
M1,M1.11.2,,WHICH OF THE FOLLOWING SYSTEM OF LINEAR EQUATIONS HAS NO SOLUTION?,𝑦 = 5𝑥+7,𝑦 = 18𝑥+1,𝑦 = 6𝑥+2,,,MEDIUM,,,,NEEDS_ANSWER,NEEDS_ANSWER — answer not provided in source; solve via admin review,1,AEROJET REVISION M1 WRITTEN_230815_093529.pdf,"{""raw"": ""WHICH OF THE FOLLOWING SYSTEM OF LINEAR EQUATIONS HAS NO SOLUTION?"", ""question"": ""WHICH OF THE FOLLOWING SYSTEM OF LINEAR EQUATIONS HAS NO SOLUTION?"", ""options"": [""𝑦 = 5𝑥+7"", ""𝑦 = 18𝑥+1"", ""𝑦 = 6𝑥+2""], ""correct"": """", ""answer_text"": null, ""category"": null, ""source_file"": ""AEROJET REVISION M1 WRITTEN_230815_093529.pdf"", ""source_module"": ""M1"", ""fmt"": ""csv"", ""module"": ""M1"", ""syllabusRef"": ""M1.11.2"", ""level"": """", ""difficulty"": ""MEDIUM"", ""subTopic"": """", ""isEssay"": false}",False
M1,M1.8.9,,5. WHAT IS THE EQUATION OF THE SLOPING LINE IN THE GRAPH BELOW?,"THE RANGE,","MODE,","MEDIAN,",,,MEDIUM,,,,NEEDS_ANSWER,NEEDS_ANSWER — answer not provided in source; solve via admin review,1,AEROJET REVISION M1 WRITTEN_230815_093529.pdf,"{""raw"": ""5. WHAT IS THE EQUATION OF THE SLOPING LINE IN THE GRAPH BELOW?"", ""question"": ""5. WHAT IS THE EQUATION OF THE SLOPING LINE IN THE GRAPH BELOW?"", ""options"": [""THE RANGE,"", ""MODE,"", ""MEDIAN,""], ""correct"": """", ""answer_text"": null, ""category"": null, ""source_file"": ""AEROJET REVISION M1 WRITTEN_230815_093529.pdf"", ""source_module"": ""M1"", ""fmt"": ""csv"", ""module"": ""M1"", ""syllabusRef"": ""M1.8.9"", ""level"": """", ""difficulty"": ""MEDIUM"", ""subTopic"": """", ""isEssay"": false}",False
M1,M1.8.9,,DATA SET B IS GENERATED BY ADDING 26 TO EACH OF THE VALUES IN DATA SET A. FIND,THE RANGE.,"MEAN,","MEDIAN,",,,MEDIUM,,,,DRAFT,Found in Suntech corpus,1,AEROJET REVISION M1 WRITTEN_230815_093529.pdf,"{""raw"": ""DATA SET B IS GENERATED BY ADDING 26 TO EACH OF THE VALUES IN DATA SET A. FIND"", ""question"": ""DATA SET B IS GENERATED BY ADDING 26 TO EACH OF THE VALUES IN DATA SET A. FIND"", ""options"": [""THE RANGE."", ""MEAN,"", ""MEDIAN,""], ""correct"": """", ""answer_text"": null, ""category"": null, ""source_file"": ""AEROJET REVISION M1 WRITTEN_230815_093529.pdf"", ""source_module"": ""M1"", ""fmt"": ""csv"", ""module"": ""M1"", ""syllabusRef"": ""M1.8.9"", ""level"": """", ""difficulty"": ""MEDIUM"", ""subTopic"": """", ""isEssay"": false}",False
M1,M1.8.9,,DATA SET X CONSISTS OF AGES OF 75 PEOPLE AND HAS A MEAN OF 32 YEARS. DATA SET Y CONSISTS OF AGEAS,HOW MANY PEOPLE ARE IN DATA SET Z?,WHAT IS THE MEAN IN YEARS OF DATA SET Z?,,,HOW MANY PEOPLE ARE IN DATA SET Z?,MEDIUM,,,,DRAFT,Found in Suntech corpus,1,AEROJET REVISION M1 WRITTEN_230815_093529.pdf,"{""raw"": ""DATA SET X CONSISTS OF AGES OF 75 PEOPLE AND HAS A MEAN OF 32 YEARS. DATA SET Y CONSISTS OF AGEAS"", ""question"": ""DATA SET X CONSISTS OF AGES OF 75 PEOPLE AND HAS A MEAN OF 32 YEARS. DATA SET Y CONSISTS OF AGEAS"", ""options"": [""HOW MANY PEOPLE ARE IN DATA SET Z?"", ""WHAT IS THE MEAN IN YEARS OF DATA SET Z?""], ""correct"": ""HOW MANY PEOPLE ARE IN DATA SET Z?"", ""answer_text"": null, ""category"": null, ""source_file"": ""AEROJET REVISION M1 WRITTEN_230815_093529.pdf"", ""source_module"": ""M1"", ""fmt"": ""csv"", ""module"": ""M1"", ""syllabusRef"": ""M1.8.9"", ""level"": """", ""difficulty"": ""MEDIUM"", ""subTopic"": """", ""isEssay"": false}",False
M1,M1.8.9,,What is the,(a+b)+(a'+b')i.,(a+a')i+(b+b').,(a+a')+(b+b')i.,,(a+a')i+(b+b').,EASY,,,,REVIEWED,Computed from question data,1,DGCA MODULE 01 GEOMETRI 03 2023-06-02 16_30_10.pdf,"{""raw"": ""What is the"", ""question"": ""What is the"", ""options"": [""(a+b)+(a'+b')i."", ""(a+a')i+(b+b')."", ""(a+a')+(b+b')i.""], ""correct"": ""(a+a')i+(b+b')."", ""answer_text"": null, ""category"": null, ""source_file"": ""DGCA MODULE 01 GEOMETRI 03 2023-06-02 16_30_10.pdf"", ""source_module"": ""M1"", ""fmt"": ""csv"", ""module"": ""M1"", ""syllabusRef"": ""M1.8.9"", ""level"": """", ""difficulty"": ""EASY"", ""subTopic"": """", ""isEssay"": false}",False
M1,M1.8.9,,Solve the following equation: 5x = 3x + 2.,0.25.,25.,2.5.,,2.5.,EASY,,,,DRAFT,Found in Suntech corpus,1,DGCA MODULE 1 ALJEBRA -2 2023-06-02 16_30_12.pdf,"{""raw"": ""Solve the following equation: 5x = 3x + 2."", ""question"": ""Solve the following equation: 5x = 3x + 2."", ""options"": [""0.25."", ""25."", ""2.5.""], ""correct"": ""2.5."", ""answer_text"": null, ""category"": null, ""source_file"": ""DGCA MODULE 1 ALJEBRA -2 2023-06-02 16_30_12.pdf"", ""source_module"": ""M1"", ""fmt"": ""csv"", ""module"": ""M1"", ""syllabusRef"": ""M1.8.9"", ""level"": """", ""difficulty"": ""EASY"", ""subTopic"": """", ""isEssay"": false}",False
M1,,,A car travels 24 Correct Answer is. 2.88 m3 .,nothing.,infinity.,twenty four.,,,EASY,,,,NEEDS_ANSWER,NEEDS_ANSWER — answer not provided in source; solve via admin review,1,DGCA MODULE 1 MATHS  -1 2023-06-02 16_30_09.pdf,"{""raw"": ""A car travels 24 Correct Answer is. 2.88 m3 ."", ""question"": ""A car travels 24 Correct Answer is. 2.88 m3 ."", ""options"": [""nothing."", ""infinity."", ""twenty four.""], ""correct"": """", ""answer_text"": null, ""category"": null, ""source_file"": ""DGCA MODULE 1 MATHS  -1 2023-06-02 16_30_09.pdf"", ""source_module"": ""M1"", ""fmt"": ""csv"", ""module"": ""M1"", ""syllabusRef"": """", ""level"": """", ""difficulty"": ""EASY"", ""subTopic"": """", ""isEssay"": false}",False
M1,M1.9.5,,as a recurring decimal is:,0.1̅̅4̅̅2̅̅8̅,0.1̅̅4̅̅2̅̅8̅̅5̅,0.1̅̅4̅̅2̅̅8̅5̅̅7̅,,0.1̅̅4̅̅2̅̅8̅,EASY,,,,DRAFT,Found in Suntech corpus,1,DOC-20230901-WA0018_230901_121931.pdf,"{""raw"": ""as a recurring decimal is:"", ""question"": ""as a recurring decimal is:"", ""options"": [""0.1̅̅4̅̅2̅̅8̅"", ""0.1̅̅4̅̅2̅̅8̅̅5̅"", ""0.1̅̅4̅̅2̅̅8̅5̅̅7̅""], ""correct"": ""0.1̅̅4̅̅2̅̅8̅"", ""answer_text"": null, ""category"": null, ""source_file"": ""DOC-20230901-WA0018_230901_121931.pdf"", ""source_module"": ""M1"", ""fmt"": ""csv"", ""module"": ""M1"", ""syllabusRef"": ""M1.9.5"", ""level"": """", ""difficulty"": ""EASY"", ""subTopic"": """", ""isEssay"": false}",False
M1,M1.9.5,,8762.87412355 in standard form with three decimal place accuracy is:,8.762 x 10 3,8.763 x 10 -3,8.763 x 10 3,,8.762 x 10 3,MEDIUM,,,,DRAFT,Found in Suntech corpus,1,DOC-20230901-WA0018_230901_121931.pdf,"{""raw"": ""8762.87412355 in standard form with three decimal place accuracy is:"", ""question"": ""8762.87412355 in standard form with three decimal place accuracy is:"", ""options"": [""8.762 x 10 3"", ""8.763 x 10 -3"", ""8.763 x 10 3""], ""correct"": ""8.762 x 10 3"", ""answer_text"": null, ""category"": null, ""source_file"": ""DOC-20230901-WA0018_230901_121931.pdf"", ""source_module"": ""M1"", ""fmt"": ""csv"", ""module"": ""M1"", ""syllabusRef"": ""M1.9.5"", ""level"": """", ""difficulty"": ""MEDIUM"", ""subTopic"": """", ""isEssay"": false}",False
M1,M1.8.9,,pence each. What percentage profit does the supplier make?,33%,33.3%,30%,,33.3%,MEDIUM,3. ×( + − )=∶,,,REVIEWED,Computed from question data,1,DOC-20230901-WA0018_230901_121931.pdf,"{""raw"": ""pence each. What percentage profit does the supplier make?"", ""question"": ""pence each. What percentage profit does the supplier make?"", ""options"": [""33%"", ""33.3%"", ""30%""], ""correct"": ""33.3%"", ""answer_text"": null, ""category"": null, ""source_file"": ""DOC-20230901-WA0018_230901_121931.pdf"", ""source_module"": ""M1"", ""fmt"": ""csv"", ""module"": ""M1"", ""syllabusRef"": ""M1.8.9"", ""level"": """", ""difficulty"": ""MEDIUM"", ""subTopic"": ""3. ×( + − )=∶"", ""isEssay"": false}",False
M1,,,"Solve for x, if 200 : 4 :: 350 : x",7,6,5,,5,EASY,,,,REVIEWED,Computed from question data,1,DOC-20230901-WA0018_230901_121931.pdf,"{""raw"": ""Solve for x, if 200 : 4 :: 350 : x"", ""question"": ""Solve for x, if 200 : 4 :: 350 : x"", ""options"": [""7"", ""6"", ""5""], ""correct"": ""5"", ""answer_text"": null, ""category"": null, ""source_file"": ""DOC-20230901-WA0018_230901_121931.pdf"", ""source_module"": ""M1"", ""fmt"": ""csv"", ""module"": ""M1"", ""syllabusRef"": """", ""level"": """", ""difficulty"": ""EASY"", ""subTopic"": """", ""isEssay"": false}",False
M1,,,6. A car travels 50 km at 50 km/h and 70 km at 70 km/h. What is its average speed?,60 km/h,120 km/h,75 km/h,,60 km/h,MEDIUM,,,,DRAFT,Found in Suntech corpus,1,DOC-20230901-WA0018_230901_121931.pdf,"{""raw"": ""6. A car travels 50 km at 50 km/h and 70 km at 70 km/h. What is its average speed?"", ""question"": ""6. A car travels 50 km at 50 km/h and 70 km at 70 km/h. What is its average speed?"", ""options"": [""60 km/h"", ""120 km/h"", ""75 km/h""], ""correct"": ""60 km/h"", ""answer_text"": null, ""category"": null, ""source_file"": ""DOC-20230901-WA0018_230901_121931.pdf"", ""source_module"": ""M1"", ""fmt"": ""csv"", ""module"": ""M1"", ""syllabusRef"": """", ""level"": """", ""difficulty"": ""MEDIUM"", ""subTopic"": """", ""isEssay"": false}",False
M1,,,7. A car travels 205 km on 20 L of petrol. How much petrol is needed for a journey of 340 km?,33.2 L,33 L,32.9 L,,33.2 L,MEDIUM,,,,DRAFT,Found in Suntech corpus,1,DOC-20230901-WA0018_230901_121931.pdf,"{""raw"": ""7. A car travels 205 km on 20 L of petrol. How much petrol is needed for a journey of 340 km?"", ""question"": ""7. A car travels 205 km on 20 L of petrol. How much petrol is needed for a journey of 340 km?"", ""options"": [""33.2 L"", ""33 L"", ""32.9 L""], ""correct"": ""33.2 L"", ""answer_text"": null, ""category"": null, ""source_file"": ""DOC-20230901-WA0018_230901_121931.pdf"", ""source_module"": ""M1"", ""fmt"": ""csv"", ""module"": ""M1"", ""syllabusRef"": """", ""level"": """", ""difficulty"": ""MEDIUM"", ""subTopic"": """", ""isEssay"": false}",False
M1,M1.8.9,,Convert the denary number 40 to an octal number.,5,50,500,,,EASY,,,,NEEDS_ANSWER,NEEDS_ANSWER — answer not provided in source; solve via admin review,1,DOC-20230901-WA0018_230901_121931.pdf,"{""raw"": ""Convert the denary number 40 to an octal number."", ""question"": ""Convert the denary number 40 to an octal number."", ""options"": [""5"", ""50"", ""500""], ""correct"": """", ""answer_text"": null, ""category"": null, ""source_file"": ""DOC-20230901-WA0018_230901_121931.pdf"", ""source_module"": ""M1"", ""fmt"": ""csv"", ""module"": ""M1"", ""syllabusRef"": ""M1.8.9"", ""level"": """", ""difficulty"": ""EASY"", ""subTopic"": """", ""isEssay"": false}",False
M1,M1.8.9,,Evaluate the expression: (6)(20)−36 − 2+16 − 4,5,5,−42,,,EASY,,,,NEEDS_ANSWER,NEEDS_ANSWER — answer not provided in source; solve via admin review,1,DOC-20230901-WA0018_230901_121931.pdf,"{""raw"": ""Evaluate the expression: (6)(20)−36 − 2+16 − 4"", ""question"": ""Evaluate the expression: (6)(20)−36 − 2+16 − 4"", ""options"": [""5"", ""5"", ""−42""], ""correct"": """", ""answer_text"": null, ""category"": null, ""source_file"": ""DOC-20230901-WA0018_230901_121931.pdf"", ""source_module"": ""M1"", ""fmt"": ""csv"", ""module"": ""M1"", ""syllabusRef"": ""M1.8.9"", ""level"": """", ""difficulty"": ""EASY"", ""subTopic"": """", ""isEssay"": false}",False
M1,,,Simplify: (12a2 − 2)(2ab2)2,48a4b4 – 8a2b4,48a4b3 – 8a2b4,48a4b4 – 8a3b4,,,EASY,,,,NEEDS_ANSWER,NEEDS_ANSWER — answer not provided in source; solve via admin review,1,DOC-20230901-WA0018_230901_121931.pdf,"{""raw"": ""Simplify: (12a2 − 2)(2ab2)2"", ""question"": ""Simplify: (12a2 − 2)(2ab2)2"", ""options"": [""48a4b4 – 8a2b4"", ""48a4b3 – 8a2b4"", ""48a4b4 – 8a3b4""], ""correct"": """", ""answer_text"": null, ""category"": null, ""source_file"": ""DOC-20230901-WA0018_230901_121931.pdf"", ""source_module"": ""M1"", ""fmt"": ""csv"", ""module"": ""M1"", ""syllabusRef"": """", ""level"": """", ""difficulty"": ""EASY"", ""subTopic"": """", ""isEssay"": false}",False
M1,M1.8.9,,Factorize the expression : x 2 + 2x – 3,(x – 3)(x + 1),"x = - 3, x = 1",(x – 1)(x + 3),,(x – 3)(x + 1),EASY,,,,DRAFT,Found in Suntech corpus,1,DOC-20230901-WA0018_230901_121931.pdf,"{""raw"": ""Factorize the expression : x 2 + 2x – 3"", ""question"": ""Factorize the expression : x 2 + 2x – 3"", ""options"": [""(x – 3)(x + 1)"", ""x = - 3, x = 1"", ""(x – 1)(x + 3)""], ""correct"": ""(x – 3)(x + 1)"", ""answer_text"": null, ""category"": null, ""source_file"": ""DOC-20230901-WA0018_230901_121931.pdf"", ""source_module"": ""M1"", ""fmt"": ""csv"", ""module"": ""M1"", ""syllabusRef"": ""M1.8.9"", ""level"": """", ""difficulty"": ""EASY"", ""subTopic"": """", ""isEssay"": false}",False
M1,M1.10.1,,"What is the value of (g − h)(g 2 + gh + h 2), when g = 0.7, h = 0.4",0.279,2.79,0.0279,,,MEDIUM,,,,NEEDS_ANSWER,NEEDS_ANSWER — answer not provided in source; solve via admin review,1,DOC-20230901-WA0018_230901_121931.pdf,"{""raw"": ""What is the value of (g − h)(g 2 + gh + h 2), when g = 0.7, h = 0.4"", ""question"": ""What is the value of (g − h)(g 2 + gh + h 2), when g = 0.7, h = 0.4"", ""options"": [""0.279"", ""2.79"", ""0.0279""], ""correct"": """", ""answer_text"": null, ""category"": null, ""source_file"": ""DOC-20230901-WA0018_230901_121931.pdf"", ""source_module"": ""M1"", ""fmt"": ""csv"", ""module"": ""M1"", ""syllabusRef"": ""M1.10.1"", ""level"": """", ""difficulty"": ""MEDIUM"", ""subTopic"": """", ""isEssay"": false}",False
M1,M1.8.9,,Make a the subject of the formula s = [2a + (n − 1)d].,a =,a =,a = − +,,,MEDIUM,,,,NEEDS_ANSWER,NEEDS_ANSWER — answer not provided in source; solve via admin review,1,DOC-20230901-WA0018_230901_121931.pdf,"{""raw"": ""Make a the subject of the formula s = [2a + (n − 1)d]."", ""question"": ""Make a the subject of the formula s = [2a + (n − 1)d]."", ""options"": [""a ="", ""a ="", ""a = − +""], ""correct"": """", ""answer_text"": null, ""category"": null, ""source_file"": ""DOC-20230901-WA0018_230901_121931.pdf"", ""source_module"": ""M1"", ""fmt"": ""csv"", ""module"": ""M1"", ""syllabusRef"": ""M1.8.9"", ""level"": """", ""difficulty"": ""MEDIUM"", ""subTopic"": """", ""isEssay"": false}",False
M1,M1.8.9,,The cross-section of a tube is shown in the diagram. Find the area correct to four significant figures.,5241.7 mm2,5241 mm2,5242 mm2,,,MEDIUM,,,,NEEDS_ANSWER,NEEDS_ANSWER — answer not provided in source; solve via admin review,1,DOC-20230901-WA0018_230901_121931.pdf,"{""raw"": ""The cross-section of a tube is shown in the diagram. Find the area correct to four significant figures."", ""question"": ""The cross-section of a tube is shown in the diagram. Find the area correct to four significant figures."", ""options"": [""5241.7 mm2"", ""5241 mm2"", ""5242 mm2""], ""correct"": """", ""answer_text"": null, ""category"": null, ""source_file"": ""DOC-20230901-WA0018_230901_121931.pdf"", ""source_module"": ""M1"", ""fmt"": ""csv"", ""module"": ""M1"", ""syllabusRef"": ""M1.8.9"", ""level"": """", ""difficulty"": ""MEDIUM"", ""subTopic"": """", ""isEssay"": false}",False
M1,M1.8.9,,Determine the area of the annulus shown in the diagram with inner radius 5 cm and outer diameter,123,122,121,,,MEDIUM,,,,NEEDS_ANSWER,NEEDS_ANSWER — answer not provided in source; solve via admin review,1,DOC-20230901-WA0018_230901_121931.pdf,"{""raw"": ""Determine the area of the annulus shown in the diagram with inner radius 5 cm and outer diameter"", ""question"": ""Determine the area of the annulus shown in the diagram with inner radius 5 cm and outer diameter"", ""options"": [""123"", ""122"", ""121""], ""correct"": """", ""answer_text"": null, ""category"": null, ""source_file"": ""DOC-20230901-WA0018_230901_121931.pdf"", ""source_module"": ""M1"", ""fmt"": ""csv"", ""module"": ""M1"", ""syllabusRef"": ""M1.8.9"", ""level"": """", ""difficulty"": ""MEDIUM"", ""subTopic"": """", ""isEssay"": false}",False
M1,M1.8.9,,Solve the following quadratic equations: 6x2 + x − 2 = 0,(2x – 1)(3x+2),"x = , x = −","x = − , x =",,(2x – 1)(3x+2),MEDIUM,,,,DRAFT,Found in Suntech corpus,1,DOC-20230901-WA0018_230901_121931.pdf,"{""raw"": ""Solve the following quadratic equations: 6x2 + x − 2 = 0"", ""question"": ""Solve the following quadratic equations: 6x2 + x − 2 = 0"", ""options"": [""(2x – 1)(3x+2)"", ""x = , x = −"", ""x = − , x =""], ""correct"": ""(2x – 1)(3x+2)"", ""answer_text"": null, ""category"": null, ""source_file"": ""DOC-20230901-WA0018_230901_121931.pdf"", ""source_module"": ""M1"", ""fmt"": ""csv"", ""module"": ""M1"", ""syllabusRef"": ""M1.8.9"", ""level"": """", ""difficulty"": ""MEDIUM"", ""subTopic"": """", ""isEssay"": false}",False
M1,M1.8.9,,"Find the angles marked θ, in the right-angled triangle shown in Figure 10.3",0.57°,45°,60° 2 m,,60° 2 m,MEDIUM,,,,DRAFT,Found in Suntech corpus,1,DOC-20230901-WA0018_230901_121931.pdf,"{""raw"": ""Find the angles marked θ, in the right-angled triangle shown in Figure 10.3"", ""question"": ""Find the angles marked θ, in the right-angled triangle shown in Figure 10.3"", ""options"": [""0.57°"", ""45°"", ""60° 2 m""], ""correct"": ""60° 2 m"", ""answer_text"": null, ""category"": null, ""source_file"": ""DOC-20230901-WA0018_230901_121931.pdf"", ""source_module"": ""M1"", ""fmt"": ""csv"", ""module"": ""M1"", ""syllabusRef"": ""M1.8.9"", ""level"": """", ""difficulty"": ""MEDIUM"", ""subTopic"": """", ""isEssay"": false}",False
M1,M1.8.9,,Reduce the following fraction to its lowest term: (21𝑥3𝑦4)÷(28𝑥9𝑦2),"(75 , - 130)","(- 130 , 75)","(75 , 130)",,,MEDIUM,,,,NEEDS_ANSWER,NEEDS_ANSWER — answer not provided in source; solve via admin review,1,DOC-20230901-WA0018_230901_121931.pdf,"{""raw"": ""Reduce the following fraction to its lowest term: (21𝑥3𝑦4)÷(28𝑥9𝑦2)"", ""question"": ""Reduce the following fraction to its lowest term: (21𝑥3𝑦4)÷(28𝑥9𝑦2)"", ""options"": [""(75 , - 130)"", ""(- 130 , 75)"", ""(75 , 130)""], ""correct"": """", ""answer_text"": null, ""category"": null, ""source_file"": ""DOC-20230901-WA0018_230901_121931.pdf"", ""source_module"": ""M1"", ""fmt"": ""csv"", ""module"": ""M1"", ""syllabusRef"": ""M1.8.9"", ""level"": """", ""difficulty"": ""MEDIUM"", ""subTopic"": """", ""isEssay"": false}",False
M1,M1.8.9,,"Put brackets in the following statement to make it true, 6 x 7 + 3 – 8 = 52",(6 x 7 + 3) – 8 = 52,6 x 7 + (3 – 8) = 52,6 x (7 + 3) – 8 = 52,,(6 x 7 + 3) – 8 = 52,MEDIUM,,,,DRAFT,Found in Suntech corpus,1,DOC-20230901-WA0018_230901_121931.pdf,"{""raw"": ""Put brackets in the following statement to make it true, 6 x 7 + 3 – 8 = 52"", ""question"": ""Put brackets in the following statement to make it true, 6 x 7 + 3 – 8 = 52"", ""options"": [""(6 x 7 + 3) – 8 = 52"", ""6 x 7 + (3 – 8) = 52"", ""6 x (7 + 3) – 8 = 52""], ""correct"": ""(6 x 7 + 3) – 8 = 52"", ""answer_text"": null, ""category"": null, ""source_file"": ""DOC-20230901-WA0018_230901_121931.pdf"", ""source_module"": ""M1"", ""fmt"": ""csv"", ""module"": ""M1"", ""syllabusRef"": ""M1.8.9"", ""level"": """", ""difficulty"": ""MEDIUM"", ""subTopic"": """", ""isEssay"": false}",False
M1,M1.8.9,,Find using the appropriate table: cos(270 14/),0.8829,0.8892,0.8886,,0.8829,EASY,,,,DRAFT,Found in Suntech corpus,1,DOC-20230901-WA0018_230901_121931.pdf,"{""raw"": ""Find using the appropriate table: cos(270 14/)"", ""question"": ""Find using the appropriate table: cos(270 14/)"", ""options"": [""0.8829"", ""0.8892"", ""0.8886""], ""correct"": ""0.8829"", ""answer_text"": null, ""category"": null, ""source_file"": ""DOC-20230901-WA0018_230901_121931.pdf"", ""source_module"": ""M1"", ""fmt"": ""csv"", ""module"": ""M1"", ""syllabusRef"": ""M1.8.9"", ""level"": """", ""difficulty"": ""EASY"", ""subTopic"": """", ""isEssay"": false}",False
M1,M1.8.9,,The factors of 3x2 − 2x − 8 are:,(3x − 2)(x + 4),(3x + 4)(x − 2),(3x + 2)(x − 4),,(3x − 2)(x + 4),EASY,,,,DRAFT,Found in Suntech corpus,1,DOC-20230901-WA0018_230901_121931.pdf,"{""raw"": ""The factors of 3x2 − 2x − 8 are:"", ""question"": ""The factors of 3x2 − 2x − 8 are:"", ""options"": [""(3x − 2)(x + 4)"", ""(3x + 4)(x − 2)"", ""(3x + 2)(x − 4)""], ""correct"": ""(3x − 2)(x + 4)"", ""answer_text"": null, ""category"": null, ""source_file"": ""DOC-20230901-WA0018_230901_121931.pdf"", ""source_module"": ""M1"", ""fmt"": ""csv"", ""module"": ""M1"", ""syllabusRef"": ""M1.8.9"", ""level"": """", ""difficulty"": ""EASY"", ""subTopic"": """", ""isEssay"": false}",False
M1,M1.8.9,,Determine the product of : (3u − 1)(2u + 2),3u + 4u - 2,3u2 – 4u - 2,3u2 + 4u - 2,,3u + 4u - 2,EASY,,,,DRAFT,Found in Suntech corpus,1,DOC-20230901-WA0018_230901_121931.pdf,"{""raw"": ""Determine the product of : (3u − 1)(2u + 2)"", ""question"": ""Determine the product of : (3u − 1)(2u + 2)"", ""options"": [""3u + 4u - 2"", ""3u2 – 4u - 2"", ""3u2 + 4u - 2""], ""correct"": ""3u + 4u - 2"", ""answer_text"": null, ""category"": null, ""source_file"": ""DOC-20230901-WA0018_230901_121931.pdf"", ""source_module"": ""M1"", ""fmt"": ""csv"", ""module"": ""M1"", ""syllabusRef"": ""M1.8.9"", ""level"": """", ""difficulty"": ""EASY"", ""subTopic"": """", ""isEssay"": false}",False
M1,M1.8.9,,"If the area of a circle is 80 mm2, its diameter to two significant figures is:",5 mm,10 mm,25 mm,,5 mm,MEDIUM,,,,DRAFT,Found in Suntech corpus,1,DOC-20230901-WA0018_230901_121931.pdf,"{""raw"": ""If the area of a circle is 80 mm2, its diameter to two significant figures is:"", ""question"": ""If the area of a circle is 80 mm2, its diameter to two significant figures is:"", ""options"": [""5 mm"", ""10 mm"", ""25 mm""], ""correct"": ""5 mm"", ""answer_text"": null, ""category"": null, ""source_file"": ""DOC-20230901-WA0018_230901_121931.pdf"", ""source_module"": ""M1"", ""fmt"": ""csv"", ""module"": ""M1"", ""syllabusRef"": ""M1.8.9"", ""level"": """", ""difficulty"": ""MEDIUM"", ""subTopic"": """", ""isEssay"": false}",False
M1,M1.8.9,,The denary number 37 is the binary number:,101001,10101,100101,,,EASY,,,,NEEDS_ANSWER,NEEDS_ANSWER — answer not provided in source; solve via admin review,1,DOC-20230901-WA0018_230901_121931.pdf,"{""raw"": ""The denary number 37 is the binary number:"", ""question"": ""The denary number 37 is the binary number:"", ""options"": [""101001"", ""10101"", ""100101""], ""correct"": """", ""answer_text"": null, ""category"": null, ""source_file"": ""DOC-20230901-WA0018_230901_121931.pdf"", ""source_module"": ""M1"", ""fmt"": ""csv"", ""module"": ""M1"", ""syllabusRef"": ""M1.8.9"", ""level"": """", ""difficulty"": ""EASY"", ""subTopic"": """", ""isEssay"": false}",False
M1,M1.8.9,,Use logarithm tables to find the value of Log (986.78) :,2.9939,2.9943,2̅.9939,,,MEDIUM,,,,NEEDS_ANSWER,NEEDS_ANSWER — answer not provided in source; solve via admin review,1,DOC-20230901-WA0018_230901_121931.pdf,"{""raw"": ""Use logarithm tables to find the value of Log (986.78) :"", ""question"": ""Use logarithm tables to find the value of Log (986.78) :"", ""options"": [""2.9939"", ""2.9943"", ""2̅.9939""], ""correct"": """", ""answer_text"": null, ""category"": null, ""source_file"": ""DOC-20230901-WA0018_230901_121931.pdf"", ""source_module"": ""M1"", ""fmt"": ""csv"", ""module"": ""M1"", ""syllabusRef"": ""M1.8.9"", ""level"": """", ""difficulty"": ""MEDIUM"", ""subTopic"": """", ""isEssay"": false}",False
M1,M1.8.9,,The area of the curved surface of a cone whose base radius is 3 cm and whose vertical height is 4 cm,47 cm2,46 cm2,45 cm2,,,MEDIUM,,,,NEEDS_ANSWER,NEEDS_ANSWER — answer not provided in source; solve via admin review,1,DOC-20230901-WA0018_230901_121931.pdf,"{""raw"": ""The area of the curved surface of a cone whose base radius is 3 cm and whose vertical height is 4 cm"", ""question"": ""The area of the curved surface of a cone whose base radius is 3 cm and whose vertical height is 4 cm"", ""options"": [""47 cm2"", ""46 cm2"", ""45 cm2""], ""correct"": """", ""answer_text"": null, ""category"": null, ""source_file"": ""DOC-20230901-WA0018_230901_121931.pdf"", ""source_module"": ""M1"", ""fmt"": ""csv"", ""module"": ""M1"", ""syllabusRef"": ""M1.8.9"", ""level"": """", ""difficulty"": ""MEDIUM"", ""subTopic"": """", ""isEssay"": false}",False
M1,M1.8.9,,The y solution of the simultaneous equations 5x + 4y = 22; 3x + 5y = 21 is :,3,2,– 3,,,MEDIUM,,,,NEEDS_ANSWER,NEEDS_ANSWER — answer not provided in source; solve via admin review,1,DOC-20230901-WA0018_230901_121931.pdf,"{""raw"": ""The y solution of the simultaneous equations 5x + 4y = 22; 3x + 5y = 21 is :"", ""question"": ""The y solution of the simultaneous equations 5x + 4y = 22; 3x + 5y = 21 is :"", ""options"": [""3"", ""2"", ""– 3""], ""correct"": """", ""answer_text"": null, ""category"": null, ""source_file"": ""DOC-20230901-WA0018_230901_121931.pdf"", ""source_module"": ""M1"", ""fmt"": ""csv"", ""module"": ""M1"", ""syllabusRef"": ""M1.8.9"", ""level"": """", ""difficulty"": ""MEDIUM"", ""subTopic"": """", ""isEssay"": false}",False
M1,M1.8.9,,An isosceles triangle has a base of 5.0 cm and the equal sides are each 6.5 cm long. Find the base,67.40,65.20.,66.40,,,MEDIUM,,,,NEEDS_ANSWER,NEEDS_ANSWER — answer not provided in source; solve via admin review,1,DOC-20230901-WA0018_230901_121931.pdf,"{""raw"": ""An isosceles triangle has a base of 5.0 cm and the equal sides are each 6.5 cm long. Find the base"", ""question"": ""An isosceles triangle has a base of 5.0 cm and the equal sides are each 6.5 cm long. Find the base"", ""options"": [""67.40"", ""65.20."", ""66.40""], ""correct"": """", ""answer_text"": null, ""category"": null, ""source_file"": ""DOC-20230901-WA0018_230901_121931.pdf"", ""source_module"": ""M1"", ""fmt"": ""csv"", ""module"": ""M1"", ""syllabusRef"": ""M1.8.9"", ""level"": """", ""difficulty"": ""MEDIUM"", ""subTopic"": """", ""isEssay"": false}",False
M1,M1.8.9,,A man stands on the top of a hill 80 m high in line with a traffic cone in the road below. If the angle of,125 m,40 m,46 m,,,MEDIUM,,,,NEEDS_ANSWER,NEEDS_ANSWER — answer not provided in source; solve via admin review,1,DOC-20230901-WA0018_230901_121931.pdf,"{""raw"": ""A man stands on the top of a hill 80 m high in line with a traffic cone in the road below. If the angle of"", ""question"": ""A man stands on the top of a hill 80 m high in line with a traffic cone in the road below. If the angle of"", ""options"": [""125 m"", ""40 m"", ""46 m""], ""correct"": """", ""answer_text"": null, ""category"": null, ""source_file"": ""DOC-20230901-WA0018_230901_121931.pdf"", ""source_module"": ""M1"", ""fmt"": ""csv"", ""module"": ""M1"", ""syllabusRef"": ""M1.8.9"", ""level"": """", ""difficulty"": ""MEDIUM"", ""subTopic"": """", ""isEssay"": false}",False
M1,M1.9.5,,5 88) What is 30% of 0.01?,0003,5 m^3 9,5 m^3 Convert into decimal the fraction 5/8 of 60.,,5 m^3 9,EASY,,,,DRAFT,Found in Suntech corpus,1,EASA PART66 MODULE 01 NEW PART 1 (1) 2023-06-02 16_30_11.pdf,"{""raw"": ""5 88) What is 30% of 0.01?"", ""question"": ""5 88) What is 30% of 0.01?"", ""options"": [""0003"", ""5 m^3 9"", ""5 m^3 Convert into decimal the fraction 5/8 of 60.""], ""correct"": ""5 m^3 9"", ""answer_text"": null, ""category"": null, ""source_file"": ""EASA PART66 MODULE 01 NEW PART 1 (1) 2023-06-02 16_30_11.pdf"", ""source_module"": ""M1"", ""fmt"": ""csv"", ""module"": ""M1"", ""syllabusRef"": ""M1.9.5"", ""level"": """", ""difficulty"": ""EASY"", ""subTopic"": """", ""isEssay"": false}",False
M1,M1.8.9,,"If 42% = 15000, what is 100%?","001 inch, when using the dial gauge, you",000006 volts can be written a should,,,000006 volts can be written a should,MEDIUM,,,,DRAFT,Found in Suntech corpus,1,EASA PART66 MODULE 01 NEW PART 1 (1) 2023-06-02 16_30_11.pdf,"{""raw"": ""If 42% = 15000, what is 100%?"", ""question"": ""If 42% = 15000, what is 100%?"", ""options"": [""001 inch, when using the dial gauge, you"", ""000006 volts can be written a should""], ""correct"": ""000006 volts can be written a should"", ""answer_text"": null, ""category"": null, ""source_file"": ""EASA PART66 MODULE 01 NEW PART 1 (1) 2023-06-02 16_30_11.pdf"", ""source_module"": ""M1"", ""fmt"": ""csv"", ""module"": ""M1"", ""syllabusRef"": ""M1.8.9"", ""level"": """", ""difficulty"": ""MEDIUM"", ""subTopic"": """", ""isEssay"": false}",False
M1,M1.8.9,,What is the ratio of 5 feet to 30 inches?,14 x 10^-4,08m 240 gallons,092 litres gear with 48 teeth at 120 RPM. Find the speed,,14 x 10^-4,MEDIUM,,,,DRAFT,Found in Suntech corpus,1,EASA PART66 MODULE 01 NEW PART 1 (1) 2023-06-02 16_30_11.pdf,"{""raw"": ""What is the ratio of 5 feet to 30 inches?"", ""question"": ""What is the ratio of 5 feet to 30 inches?"", ""options"": [""14 x 10^-4"", ""08m 240 gallons"", ""092 litres gear with 48 teeth at 120 RPM. Find the speed""], ""correct"": ""14 x 10^-4"", ""answer_text"": null, ""category"": null, ""source_file"": ""EASA PART66 MODULE 01 NEW PART 1 (1) 2023-06-02 16_30_11.pdf"", ""source_module"": ""M1"", ""fmt"": ""csv"", ""module"": ""M1"", ""syllabusRef"": ""M1.8.9"", ""level"": """", ""difficulty"": ""MEDIUM"", ""subTopic"": """", ""isEssay"": false}",False
M1,,,"If 20% of 120 is 24, what is 24% of 20?",8,.,,,,MEDIUM,,,,NEEDS_ANSWER,NEEDS_ANSWER — answer not provided in source; solve via admin review,1,EASA PART66 MODULE 01 NEW PART 1 (1) 2023-06-02 16_30_11.pdf,"{""raw"": ""If 20% of 120 is 24, what is 24% of 20?"", ""question"": ""If 20% of 120 is 24, what is 24% of 20?"", ""options"": [""8"", "".""], ""correct"": """", ""answer_text"": null, ""category"": null, ""source_file"": ""EASA PART66 MODULE 01 NEW PART 1 (1) 2023-06-02 16_30_11.pdf"", ""source_module"": ""M1"", ""fmt"": ""csv"", ""module"": ""M1"", ""syllabusRef"": """", ""level"": """", ""difficulty"": ""MEDIUM"", ""subTopic"": """", ""isEssay"": false}",False
M1,M1.8.9,,Which of these has the greatest value?,The number 5012 is reflected in the mirror-line shown.,Think of any number. Add five; multiply by two; add ten; divide by two; subtract your original,,,Think of any number. Add five; multiply by two; add ten; divide by two; subtract your original,MEDIUM,,,,NEEDS_ANSWER,Found in Suntech corpus (score=5),1,JMC_2022_Paper.pdf,"{""raw"": ""Which of these has the greatest value?"", ""question"": ""Which of these has the greatest value?"", ""options"": [""The number 5012 is reflected in the mirror-line shown."", ""Think of any number. Add five; multiply by two; add ten; divide by two; subtract your original""], ""correct"": ""Think of any number. Add five; multiply by two; add ten; divide by two; subtract your original"", ""answer_text"": null, ""category"": null, ""source_file"": ""JMC_2022_Paper.pdf"", ""source_module"": ""M1"", ""fmt"": ""csv"", ""module"": ""M1"", ""syllabusRef"": ""M1.8.9"", ""level"": """", ""difficulty"": ""MEDIUM"", ""subTopic"": """", ""isEssay"": false}",False
M1,M1.8.9,,How many of the following take integer values?,"The diagram shows the square 𝑅𝑆𝑇𝑈 and two equilateral triangles, 𝑃𝑈𝑇",Kiwi fruit contain roughly two and a half times as much vitamin C as the same weight of oranges.,,,,MEDIUM,,,,NEEDS_ANSWER,NEEDS_ANSWER — answer not provided in source; solve via admin review,1,JMC_2022_Paper.pdf,"{""raw"": ""How many of the following take integer values?"", ""question"": ""How many of the following take integer values?"", ""options"": [""The diagram shows the square 𝑅𝑆𝑇𝑈 and two equilateral triangles, 𝑃𝑈𝑇"", ""Kiwi fruit contain roughly two and a half times as much vitamin C as the same weight of oranges.""], ""correct"": """", ""answer_text"": null, ""category"": null, ""source_file"": ""JMC_2022_Paper.pdf"", ""source_module"": ""M1"", ""fmt"": ""csv"", ""module"": ""M1"", ""syllabusRef"": ""M1.8.9"", ""level"": """", ""difficulty"": ""MEDIUM"", ""subTopic"": """", ""isEssay"": false}",False
M1,M1.11.2,,What is the value of ?,One of these is the largest two-digit positive integer that is divisible by the product of its digits.,The record for travelling 100m on a skateboard by a dog is 19.65 seconds. This was achieved by,"When this prime number square is completed, the eight circles contain eight",,,MEDIUM,,,,NEEDS_ANSWER,NEEDS_ANSWER — answer not provided in source; solve via admin review,1,Junior Mathematical Challenge 2023.pdf,"{""raw"": ""What is the value of ?"", ""question"": ""What is the value of ?"", ""options"": [""One of these is the largest two-digit positive integer that is divisible by the product of its digits."", ""The record for travelling 100m on a skateboard by a dog is 19.65 seconds. This was achieved by"", ""When this prime number square is completed, the eight circles contain eight""], ""correct"": """", ""answer_text"": null, ""category"": null, ""source_file"": ""Junior Mathematical Challenge 2023.pdf"", ""source_module"": ""M1"", ""fmt"": ""csv"", ""module"": ""M1"", ""syllabusRef"": ""M1.11.2"", ""level"": """", ""difficulty"": ""MEDIUM"", ""subTopic"": """", ""isEssay"": false}",False
M1,M1.8.9,,What is the sum of the four marked angles in the diagram?,A cube 1. A prime 2,A square,,,A cube 1. A prime 2,MEDIUM,,,,DRAFT,Found in Suntech corpus,1,Junior Mathematical Challenge 2023.pdf,"{""raw"": ""What is the sum of the four marked angles in the diagram?"", ""question"": ""What is the sum of the four marked angles in the diagram?"", ""options"": [""A cube 1. A prime 2"", ""A square""], ""correct"": ""A cube 1. A prime 2"", ""answer_text"": null, ""category"": null, ""source_file"": ""Junior Mathematical Challenge 2023.pdf"", ""source_module"": ""M1"", ""fmt"": ""csv"", ""module"": ""M1"", ""syllabusRef"": ""M1.8.9"", ""level"": """", ""difficulty"": ""MEDIUM"", ""subTopic"": """", ""isEssay"": false}",False
M1,M1.8.9,,Find the correct conversion number (see Conversion Charts),"Multiply by that number So, the length conversion is “multiply by 0.6214”:",3048 on the metre ruler.,What fraction of the squares are red? 4. The ratio of black cars to coloured cars in the car park is,,"Multiply by that number So, the length conversion is “multiply by 0.6214”:",MEDIUM,,,,DRAFT,Found in Suntech corpus,1,M1 learning Material(links) 2023-05-11 22_37_26.pdf,"{""raw"": ""Find the correct conversion number (see Conversion Charts)"", ""question"": ""Find the correct conversion number (see Conversion Charts)"", ""options"": [""Multiply by that number So, the length conversion is “multiply by 0.6214”:"", ""3048 on the metre ruler."", ""What fraction of the squares are red? 4. The ratio of black cars to coloured cars in the car park is""], ""correct"": ""Multiply by that number So, the length conversion is “multiply by 0.6214”:"", ""answer_text"": null, ""category"": null, ""source_file"": ""M1 learning Material(links) 2023-05-11 22_37_26.pdf"", ""source_module"": ""M1"", ""fmt"": ""csv"", ""module"": ""M1"", ""syllabusRef"": ""M1.8.9"", ""level"": """", ""difficulty"": ""MEDIUM"", ""subTopic"": """", ""isEssay"": false}",False
M1,M1.8.9,,Two angles of a triangle are 68( and 32(.  Therefore the third angle,63(,114(,80(,,80(,MEDIUM,,,,DRAFT,"Matched from Module 1 Answers.txt (Test 1 Q7, score=0.88)",1,Module 1 Questions.doc,"{""raw"": ""Two angles of a triangle are 68( and 32(.  Therefore the third angle"", ""question"": ""Two angles of a triangle are 68( and 32(.  Therefore the third angle"", ""options"": [""63("", ""114("", ""80(""], ""correct"": ""80("", ""answer_text"": null, ""category"": null, ""source_file"": ""Module 1 Questions.doc"", ""source_module"": ""M1"", ""fmt"": ""csv"", ""module"": ""M1"", ""syllabusRef"": ""M1.8.9"", ""level"": """", ""difficulty"": ""MEDIUM"", ""subTopic"": """", ""isEssay"": false}",False
M1,M1.11.2,,1.   Which of the following formulae are correct for the triangle shown?,C2 = A2 + B2,B2 = C2 + A2,A2 = C2 + B2,,C2 = A2 + B2,MEDIUM,,,,DRAFT,"Matched from Module 1 Answers.txt (Test 2 Q1, score=0.82)",1,Module 1 Questions.doc,"{""raw"": ""1.   Which of the following formulae are correct for the triangle shown?"", ""question"": ""1.   Which of the following formulae are correct for the triangle shown?"", ""options"": [""C2 = A2 + B2"", ""B2 = C2 + A2"", ""A2 = C2 + B2""], ""correct"": ""C2 = A2 + B2"", ""answer_text"": null, ""category"": null, ""source_file"": ""Module 1 Questions.doc"", ""source_module"": ""M1"", ""fmt"": ""csv"", ""module"": ""M1"", ""syllabusRef"": ""M1.11.2"", ""level"": """", ""difficulty"": ""MEDIUM"", ""subTopic"": """", ""isEssay"": false}",False
M1,,,If a wheel of radius R revolves,2p radians,p radians,2R2 radians,,2p radians,EASY,,,,DRAFT,"Matched from Module 1 Answers.txt (Test 20 Q2, score=0.54)",1,Module 1 Questions.doc,"{""raw"": ""If a wheel of radius R revolves"", ""question"": ""If a wheel of radius R revolves"", ""options"": [""2p radians"", ""p radians"", ""2R2 radians""], ""correct"": ""2p radians"", ""answer_text"": null, ""category"": null, ""source_file"": ""Module 1 Questions.doc"", ""source_module"": ""M1"", ""fmt"": ""csv"", ""module"": ""M1"", ""syllabusRef"": """", ""level"": """", ""difficulty"": ""EASY"", ""subTopic"": """", ""isEssay"": false}",False
M1,M1.8.9,,Make L the subject of the formulae 2pfL = x,L = 2pf,L = 2pf,L =  x,,L =  x,EASY,,,,DRAFT,"Matched from Module 1 Answers.txt (Test 5 Q1, score=0.79)",1,Module 1 Questions.doc,"{""raw"": ""Make L the subject of the formulae 2pfL = x"", ""question"": ""Make L the subject of the formulae 2pfL = x"", ""options"": [""L = 2pf"", ""L = 2pf"", ""L =  x""], ""correct"": ""L =  x"", ""answer_text"": null, ""category"": null, ""source_file"": ""Module 1 Questions.doc"", ""source_module"": ""M1"", ""fmt"": ""csv"", ""module"": ""M1"", ""syllabusRef"": ""M1.8.9"", ""level"": """", ""difficulty"": ""EASY"", ""subTopic"": """", ""isEssay"": false}",False
M1,M1.8.9,,Find the lowest common denominator of 6; 7; 8,84,168,336,,168,EASY,,,,DRAFT,"Matched from Module 1 Answers.txt (Test 5 Q2, score=0.89)",1,Module 1 Questions.doc,"{""raw"": ""Find the lowest common denominator of 6; 7; 8"", ""question"": ""Find the lowest common denominator of 6; 7; 8"", ""options"": [""84"", ""168"", ""336""], ""correct"": ""168"", ""answer_text"": null, ""category"": null, ""source_file"": ""Module 1 Questions.doc"", ""source_module"": ""M1"", ""fmt"": ""csv"", ""module"": ""M1"", ""syllabusRef"": ""M1.8.9"", ""level"": """", ""difficulty"": ""EASY"", ""subTopic"": """", ""isEssay"": false}",False
M1,M1.11.2,,exerted 2 feet from its axis?,100 lbs./ft,251 lbs./ft,600 lbs.ft,,,EASY,"4.   What torque loading would you apply to a nut if the force were 50 lbs.,",,,NEEDS_ANSWER,NEEDS_ANSWER — answer not provided in source; solve via admin review,1,Module 1 Questions.doc,"{""raw"": ""exerted 2 feet from its axis?"", ""question"": ""exerted 2 feet from its axis?"", ""options"": [""100 lbs./ft"", ""251 lbs./ft"", ""600 lbs.ft""], ""correct"": """", ""answer_text"": null, ""category"": null, ""source_file"": ""Module 1 Questions.doc"", ""source_module"": ""M1"", ""fmt"": ""csv"", ""module"": ""M1"", ""syllabusRef"": ""M1.11.2"", ""level"": """", ""difficulty"": ""EASY"", ""subTopic"": ""4.   What torque loading would you apply to a nut if the force were 50 lbs.,"", ""isEssay"": false}",False
M1,,,67 divided by 127 is equal to,1/20,1/128,,,1/128,MEDIUM,,,,DRAFT,"Matched from Module 1 Answers.txt (Test 5 Q5, score=0.82)",1,Module 1 Questions.doc,"{""raw"": ""67 divided by 127 is equal to"", ""question"": ""67 divided by 127 is equal to"", ""options"": [""1/20"", ""1/128""], ""correct"": ""1/128"", ""answer_text"": null, ""category"": null, ""source_file"": ""Module 1 Questions.doc"", ""source_module"": ""M1"", ""fmt"": ""csv"", ""module"": ""M1"", ""syllabusRef"": """", ""level"": """", ""difficulty"": ""MEDIUM"", ""subTopic"": """", ""isEssay"": false}",False
M1,M1.11.2,,The formula for calculating the torque loading on a nut or bolt is,Force used x diameter of the bolt,Force used x lever length of the spanner,Lever length of the spanner x Threads per inch,,Lever length of the spanner x Threads per inch,MEDIUM,,,,DRAFT,"Matched from Module 1 Answers.txt (Test 3 Q9, score=0.55)",1,Module 1 Questions.doc,"{""raw"": ""The formula for calculating the torque loading on a nut or bolt is"", ""question"": ""The formula for calculating the torque loading on a nut or bolt is"", ""options"": [""Force used x diameter of the bolt"", ""Force used x lever length of the spanner"", ""Lever length of the spanner x Threads per inch""], ""correct"": ""Lever length of the spanner x Threads per inch"", ""answer_text"": null, ""category"": null, ""source_file"": ""Module 1 Questions.doc"", ""source_module"": ""M1"", ""fmt"": ""csv"", ""module"": ""M1"", ""syllabusRef"": ""M1.11.2"", ""level"": """", ""difficulty"": ""MEDIUM"", ""subTopic"": """", ""isEssay"": false}",False
M1,M1.8.9,,Calculate the height of an obtuse triangle whose base is X cm and the,Y x 2 x X,Y + X,Y x 2,,Y x 2,MEDIUM,,,,DRAFT,"Matched from Module 1 Answers.txt (Test 5 Q7, score=0.76)",1,Module 1 Questions.doc,"{""raw"": ""Calculate the height of an obtuse triangle whose base is X cm and the"", ""question"": ""Calculate the height of an obtuse triangle whose base is X cm and the"", ""options"": [""Y x 2 x X"", ""Y + X"", ""Y x 2""], ""correct"": ""Y x 2"", ""answer_text"": null, ""category"": null, ""source_file"": ""Module 1 Questions.doc"", ""source_module"": ""M1"", ""fmt"": ""csv"", ""module"": ""M1"", ""syllabusRef"": ""M1.8.9"", ""level"": """", ""difficulty"": ""MEDIUM"", ""subTopic"": """", ""isEssay"": false}",False
M1,M1.8.9,,8.   How is the area of a circle calculated?,r2 x 3.142,d2 x 3.142,2 x 3.142 x r,,r2 x 3.142,EASY,,,,DRAFT,"Matched from Module 1 Answers.txt (Test 5 Q8, score=0.67)",1,Module 1 Questions.doc,"{""raw"": ""8.   How is the area of a circle calculated?"", ""question"": ""8.   How is the area of a circle calculated?"", ""options"": [""r2 x 3.142"", ""d2 x 3.142"", ""2 x 3.142 x r""], ""correct"": ""r2 x 3.142"", ""answer_text"": null, ""category"": null, ""source_file"": ""Module 1 Questions.doc"", ""source_module"": ""M1"", ""fmt"": ""csv"", ""module"": ""M1"", ""syllabusRef"": ""M1.8.9"", ""level"": """", ""difficulty"": ""EASY"", ""subTopic"": """", ""isEssay"": false}",False
M1,M1.8.9,,Solve the following,4   1/24,2   25/24,4   1/12,,2   25/24,EASY,,,,DRAFT,"Matched from Module 1 Answers.txt (Test 7 Q2, score=0.55)",1,Module 1 Questions.doc,"{""raw"": ""Solve the following"", ""question"": ""Solve the following"", ""options"": [""4   1/24"", ""2   25/24"", ""4   1/12""], ""correct"": ""2   25/24"", ""answer_text"": null, ""category"": null, ""source_file"": ""Module 1 Questions.doc"", ""source_module"": ""M1"", ""fmt"": ""csv"", ""module"": ""M1"", ""syllabusRef"": ""M1.8.9"", ""level"": """", ""difficulty"": ""EASY"", ""subTopic"": """", ""isEssay"": false}",False
M1,M1.8.9,,wrench. What will the actual reading?,54 lbs./ins,40 lbs./ins,60 lbs./ins,,,EASY,10.   The specific torque loading for a bolt is 50 lbs./ins but an,,,NEEDS_ANSWER,NEEDS_ANSWER — answer not provided in source; solve via admin review,1,Module 1 Questions.doc,"{""raw"": ""wrench. What will the actual reading?"", ""question"": ""wrench. What will the actual reading?"", ""options"": [""54 lbs./ins"", ""40 lbs./ins"", ""60 lbs./ins""], ""correct"": """", ""answer_text"": null, ""category"": null, ""source_file"": ""Module 1 Questions.doc"", ""source_module"": ""M1"", ""fmt"": ""csv"", ""module"": ""M1"", ""syllabusRef"": ""M1.8.9"", ""level"": """", ""difficulty"": ""EASY"", ""subTopic"": ""10.   The specific torque loading for a bolt is 50 lbs./ins but an"", ""isEssay"": false}",False
M1,M1.9.5,,Express the fraction 7/ 8 as a decimal,0.875,0.785,0.878,,0.875,EASY,,,,DRAFT,"Matched from Module 1 Answers.txt (Test 6 Q1, score=0.80)",1,Module 1 Questions.doc,"{""raw"": ""Express the fraction 7/ 8 as a decimal"", ""question"": ""Express the fraction 7/ 8 as a decimal"", ""options"": [""0.875"", ""0.785"", ""0.878""], ""correct"": ""0.875"", ""answer_text"": null, ""category"": null, ""source_file"": ""Module 1 Questions.doc"", ""source_module"": ""M1"", ""fmt"": ""csv"", ""module"": ""M1"", ""syllabusRef"": ""M1.9.5"", ""level"": """", ""difficulty"": ""EASY"", ""subTopic"": """", ""isEssay"": false}",False
M1,,,Solve 0.75 X 0.003,0.225,0.0225,0.00225,,0.00225,EASY,,,,DRAFT,"Matched from Module 1 Answers.txt (Test 6 Q2, score=0.63)",1,Module 1 Questions.doc,"{""raw"": ""Solve 0.75 X 0.003"", ""question"": ""Solve 0.75 X 0.003"", ""options"": [""0.225"", ""0.0225"", ""0.00225""], ""correct"": ""0.00225"", ""answer_text"": null, ""category"": null, ""source_file"": ""Module 1 Questions.doc"", ""source_module"": ""M1"", ""fmt"": ""csv"", ""module"": ""M1"", ""syllabusRef"": """", ""level"": """", ""difficulty"": ""EASY"", ""subTopic"": """", ""isEssay"": false}",False
M1,,,Convert 162 knots to mph.,186 mph,176 mph,196 mph,,186 mph,EASY,,,,DRAFT,"Matched from Module 1 Answers.txt (Test 6 Q3, score=0.67)",1,Module 1 Questions.doc,"{""raw"": ""Convert 162 knots to mph."", ""question"": ""Convert 162 knots to mph."", ""options"": [""186 mph"", ""176 mph"", ""196 mph""], ""correct"": ""186 mph"", ""answer_text"": null, ""category"": null, ""source_file"": ""Module 1 Questions.doc"", ""source_module"": ""M1"", ""fmt"": ""csv"", ""module"": ""M1"", ""syllabusRef"": """", ""level"": """", ""difficulty"": ""EASY"", ""subTopic"": """", ""isEssay"": false}",False
M1,,,what is their angular relationship?,51.50(,51.43(,52(,,51.43(,EASY,"6.   A circular patch is held together by seven equally spaced rivets,",,,DRAFT,"Matched from Module 1 Answers.txt (Test 16 Q2, score=0.49)",1,Module 1 Questions.doc,"{""raw"": ""what is their angular relationship?"", ""question"": ""what is their angular relationship?"", ""options"": [""51.50("", ""51.43("", ""52(""], ""correct"": ""51.43("", ""answer_text"": null, ""category"": null, ""source_file"": ""Module 1 Questions.doc"", ""source_module"": ""M1"", ""fmt"": ""csv"", ""module"": ""M1"", ""syllabusRef"": """", ""level"": """", ""difficulty"": ""EASY"", ""subTopic"": ""6.   A circular patch is held together by seven equally spaced rivets,"", ""isEssay"": false}",False
M1,,,"Add together; 3/4, 5/16, 7/8 and 0.375",2 1/8,2,2 5/16,,2 5/16,EASY,,,,DRAFT,"Matched from Module 1 Answers.txt (Test 6 Q7, score=0.82)",1,Module 1 Questions.doc,"{""raw"": ""Add together; 3/4, 5/16, 7/8 and 0.375"", ""question"": ""Add together; 3/4, 5/16, 7/8 and 0.375"", ""options"": [""2 1/8"", ""2"", ""2 5/16""], ""correct"": ""2 5/16"", ""answer_text"": null, ""category"": null, ""source_file"": ""Module 1 Questions.doc"", ""source_module"": ""M1"", ""fmt"": ""csv"", ""module"": ""M1"", ""syllabusRef"": """", ""level"": """", ""difficulty"": ""EASY"", ""subTopic"": """", ""isEssay"": false}",False
M1,M1.8.9,,the third side be?,6 inches,5 inches,5.5 inches,,,EASY,"9.   A right-angled triangle has sides of 3 inches and 4 inches, what will",,,NEEDS_ANSWER,NEEDS_ANSWER — answer not provided in source; solve via admin review,1,Module 1 Questions.doc,"{""raw"": ""the third side be?"", ""question"": ""the third side be?"", ""options"": [""6 inches"", ""5 inches"", ""5.5 inches""], ""correct"": """", ""answer_text"": null, ""category"": null, ""source_file"": ""Module 1 Questions.doc"", ""source_module"": ""M1"", ""fmt"": ""csv"", ""module"": ""M1"", ""syllabusRef"": ""M1.8.9"", ""level"": """", ""difficulty"": ""EASY"", ""subTopic"": ""9.   A right-angled triangle has sides of 3 inches and 4 inches, what will"", ""isEssay"": false}",False
M1,M1.8.9,,"To convert pounds of fuel into kilograms, it is necessary to",Multiply by 4536,Multiply by 0.4536,Divide by 0.4536,,Multiply by 0.4536,MEDIUM,,,,DRAFT,"Matched from Module 1 Answers.txt (Test 6 Q10, score=0.64)",1,Module 1 Questions.doc,"{""raw"": ""To convert pounds of fuel into kilograms, it is necessary to"", ""question"": ""To convert pounds of fuel into kilograms, it is necessary to"", ""options"": [""Multiply by 4536"", ""Multiply by 0.4536"", ""Divide by 0.4536""], ""correct"": ""Multiply by 0.4536"", ""answer_text"": null, ""category"": null, ""source_file"": ""Module 1 Questions.doc"", ""source_module"": ""M1"", ""fmt"": ""csv"", ""module"": ""M1"", ""syllabusRef"": ""M1.8.9"", ""level"": """", ""difficulty"": ""MEDIUM"", ""subTopic"": """", ""isEssay"": false}",False
M1,M1.8.9,,"If resin to hardener is used in the ratio of 1000:45, how much",47 grams,2.7 grams,145 grams,,2.7 grams,MEDIUM,,,,DRAFT,"Matched from Module 1 Answers.txt (Test 7 Q1, score=0.64)",1,Module 1 Questions.doc,"{""raw"": ""If resin to hardener is used in the ratio of 1000:45, how much"", ""question"": ""If resin to hardener is used in the ratio of 1000:45, how much"", ""options"": [""47 grams"", ""2.7 grams"", ""145 grams""], ""correct"": ""2.7 grams"", ""answer_text"": null, ""category"": null, ""source_file"": ""Module 1 Questions.doc"", ""source_module"": ""M1"", ""fmt"": ""csv"", ""module"": ""M1"", ""syllabusRef"": ""M1.8.9"", ""level"": """", ""difficulty"": ""MEDIUM"", ""subTopic"": """", ""isEssay"": false}",False
M1,M1.8.9,,Solve the following:     11/16 + 5/8,55/128,1 5/16,1 1/10,,1 5/16,EASY,,,,DRAFT,"Matched from Module 1 Answers.txt (Test 7 Q2, score=0.73)",1,Module 1 Questions.doc,"{""raw"": ""Solve the following:     11/16 + 5/8"", ""question"": ""Solve the following:     11/16 + 5/8"", ""options"": [""55/128"", ""1 5/16"", ""1 1/10""], ""correct"": ""1 5/16"", ""answer_text"": null, ""category"": null, ""source_file"": ""Module 1 Questions.doc"", ""source_module"": ""M1"", ""fmt"": ""csv"", ""module"": ""M1"", ""syllabusRef"": ""M1.8.9"", ""level"": """", ""difficulty"": ""EASY"", ""subTopic"": """", ""isEssay"": false}",False
M1,,,6 mm is equal to,0.625,0.375,0.236,,0.236,EASY,,,,DRAFT,"Matched from Module 1 Answers.txt (Test 7 Q3, score=0.64)",1,Module 1 Questions.doc,"{""raw"": ""6 mm is equal to"", ""question"": ""6 mm is equal to"", ""options"": [""0.625"", ""0.375"", ""0.236""], ""correct"": ""0.236"", ""answer_text"": null, ""category"": null, ""source_file"": ""Module 1 Questions.doc"", ""source_module"": ""M1"", ""fmt"": ""csv"", ""module"": ""M1"", ""syllabusRef"": """", ""level"": """", ""difficulty"": ""EASY"", ""subTopic"": """", ""isEssay"": false}",False
M1,,,Weight is equal to,Volume x gravity,Mass x acceleration,Mass x gravity,,Mass x acceleration,EASY,,,,DRAFT,"Matched from Module 1 Answers.txt (Test 16 Q2, score=0.49)",1,Module 1 Questions.doc,"{""raw"": ""Weight is equal to"", ""question"": ""Weight is equal to"", ""options"": [""Volume x gravity"", ""Mass x acceleration"", ""Mass x gravity""], ""correct"": ""Mass x acceleration"", ""answer_text"": null, ""category"": null, ""source_file"": ""Module 1 Questions.doc"", ""source_module"": ""M1"", ""fmt"": ""csv"", ""module"": ""M1"", ""syllabusRef"": """", ""level"": """", ""difficulty"": ""EASY"", ""subTopic"": """", ""isEssay"": false}",False
M1,,,8 + 4[5 x 2 (5,Eighty Eight,Forty Eight,Twelve,,Forty Eight,EASY,,,,DRAFT,"Matched from Module 1 Answers.txt (Test 15 Q8, score=0.53)",1,Module 1 Questions.doc,"{""raw"": ""8 + 4[5 x 2 (5"", ""question"": ""8 + 4[5 x 2 (5"", ""options"": [""Eighty Eight"", ""Forty Eight"", ""Twelve""], ""correct"": ""Forty Eight"", ""answer_text"": null, ""category"": null, ""source_file"": ""Module 1 Questions.doc"", ""source_module"": ""M1"", ""fmt"": ""csv"", ""module"": ""M1"", ""syllabusRef"": """", ""level"": """", ""difficulty"": ""EASY"", ""subTopic"": """", ""isEssay"": false}",False
M1,,,If y / x = 4 and y = 5 then x =,20,1,4 / 5,,1,EASY,,,,DRAFT,"Matched from Module 1 Answers.txt (Test 8 Q3, score=0.84)",1,Module 1 Questions.doc,"{""raw"": ""If y / x = 4 and y = 5 then x ="", ""question"": ""If y / x = 4 and y = 5 then x ="", ""options"": [""20"", ""1"", ""4 / 5""], ""correct"": ""1"", ""answer_text"": null, ""category"": null, ""source_file"": ""Module 1 Questions.doc"", ""source_module"": ""M1"", ""fmt"": ""csv"", ""module"": ""M1"", ""syllabusRef"": """", ""level"": """", ""difficulty"": ""EASY"", ""subTopic"": """", ""isEssay"": false}",False
M1,M1.8.9,,V = (a + b) r2        Find a,V,(V,/ r2,,/ r2,MEDIUM,,,,DRAFT,"Matched from Module 1 Answers.txt (Test 8 Q4, score=0.59)",1,Module 1 Questions.doc,"{""raw"": ""V = (a + b) r2        Find a"", ""question"": ""V = (a + b) r2        Find a"", ""options"": [""V"", ""(V"", ""/ r2""], ""correct"": ""/ r2"", ""answer_text"": null, ""category"": null, ""source_file"": ""Module 1 Questions.doc"", ""source_module"": ""M1"", ""fmt"": ""csv"", ""module"": ""M1"", ""syllabusRef"": ""M1.8.9"", ""level"": """", ""difficulty"": ""MEDIUM"", ""subTopic"": """", ""isEssay"": false}",False
M1,,,A quadrilateral with only two parallel sides is a,Trapezoid,Trapezium,Rhombus,,Trapezoid,EASY,,,,DRAFT,"Matched from Module 1 Answers.txt (Test 8 Q5, score=0.78)",1,Module 1 Questions.doc,"{""raw"": ""A quadrilateral with only two parallel sides is a"", ""question"": ""A quadrilateral with only two parallel sides is a"", ""options"": [""Trapezoid"", ""Trapezium"", ""Rhombus""], ""correct"": ""Trapezoid"", ""answer_text"": null, ""category"": null, ""source_file"": ""Module 1 Questions.doc"", ""source_module"": ""M1"", ""fmt"": ""csv"", ""module"": ""M1"", ""syllabusRef"": """", ""level"": """", ""difficulty"": ""EASY"", ""subTopic"": """", ""isEssay"": false}",False
M1,,,"7.   A cylinder has a diameter of 20 cm and a length of 20 cm, what is its volume?",400cm3,1240cm3,6200cm3,,6200cm3,MEDIUM,,,,DRAFT,"Matched from Module 1 Answers.txt (Test 8 Q7, score=0.86)",1,Module 1 Questions.doc,"{""raw"": ""7.   A cylinder has a diameter of 20 cm and a length of 20 cm, what is its volume?"", ""question"": ""7.   A cylinder has a diameter of 20 cm and a length of 20 cm, what is its volume?"", ""options"": [""400cm3"", ""1240cm3"", ""6200cm3""], ""correct"": ""6200cm3"", ""answer_text"": null, ""category"": null, ""source_file"": ""Module 1 Questions.doc"", ""source_module"": ""M1"", ""fmt"": ""csv"", ""module"": ""M1"", ""syllabusRef"": """", ""level"": """", ""difficulty"": ""MEDIUM"", ""subTopic"": """", ""isEssay"": false}",False
M1,M1.8.9,,Make m the subject of the formula     y = mx + c,y - c,y - x,y - c,,y - x,EASY,,,,DRAFT,"Matched from Module 1 Answers.txt (Test 9 Q1, score=0.82)",1,Module 1 Questions.doc,"{""raw"": ""Make m the subject of the formula     y = mx + c"", ""question"": ""Make m the subject of the formula     y = mx + c"", ""options"": [""y - c"", ""y - x"", ""y - c""], ""correct"": ""y - x"", ""answer_text"": null, ""category"": null, ""source_file"": ""Module 1 Questions.doc"", ""source_module"": ""M1"", ""fmt"": ""csv"", ""module"": ""M1"", ""syllabusRef"": ""M1.8.9"", ""level"": """", ""difficulty"": ""EASY"", ""subTopic"": """", ""isEssay"": false}",False
M1,M1.8.9,,2.   What is the formula for calculating the curved area of a cone?,p x radius2 x height,p x radius x height,2/3 x p x radius x height,,p x radius x height,MEDIUM,,,,DRAFT,"Matched from Module 1 Answers.txt (Test 9 Q2, score=0.64)",1,Module 1 Questions.doc,"{""raw"": ""2.   What is the formula for calculating the curved area of a cone?"", ""question"": ""2.   What is the formula for calculating the curved area of a cone?"", ""options"": [""p x radius2 x height"", ""p x radius x height"", ""2/3 x p x radius x height""], ""correct"": ""p x radius x height"", ""answer_text"": null, ""category"": null, ""source_file"": ""Module 1 Questions.doc"", ""source_module"": ""M1"", ""fmt"": ""csv"", ""module"": ""M1"", ""syllabusRef"": ""M1.8.9"", ""level"": """", ""difficulty"": ""MEDIUM"", ""subTopic"": """", ""isEssay"": false}",False
M1,,,A triangle with equal angles is called,isosceles,equilateral,right-angled,,equilateral,EASY,,,,DRAFT,"Matched from Module 1 Answers.txt (Test 9 Q3, score=0.68)",1,Module 1 Questions.doc,"{""raw"": ""A triangle with equal angles is called"", ""question"": ""A triangle with equal angles is called"", ""options"": [""isosceles"", ""equilateral"", ""right-angled""], ""correct"": ""equilateral"", ""answer_text"": null, ""category"": null, ""source_file"": ""Module 1 Questions.doc"", ""source_module"": ""M1"", ""fmt"": ""csv"", ""module"": ""M1"", ""syllabusRef"": """", ""level"": """", ""difficulty"": ""EASY"", ""subTopic"": """", ""isEssay"": false}",False
M1,M1.8.9,,"Two gears are in mesh, one is larger than the other, the smaller gear rotates",at the same speed,at a lower speed,at a faster speed,,at a faster speed,MEDIUM,,,,DRAFT,"Matched from Module 1 Answers.txt (Test 9 Q4, score=0.74)",1,Module 1 Questions.doc,"{""raw"": ""Two gears are in mesh, one is larger than the other, the smaller gear rotates"", ""question"": ""Two gears are in mesh, one is larger than the other, the smaller gear rotates"", ""options"": [""at the same speed"", ""at a lower speed"", ""at a faster speed""], ""correct"": ""at a faster speed"", ""answer_text"": null, ""category"": null, ""source_file"": ""Module 1 Questions.doc"", ""source_module"": ""M1"", ""fmt"": ""csv"", ""module"": ""M1"", ""syllabusRef"": ""M1.8.9"", ""level"": """", ""difficulty"": ""MEDIUM"", ""subTopic"": """", ""isEssay"": false}",False
M1,,,Calculate 10 x 23 + 10 x 25,"32,008,000",520,400,,400,EASY,,,,DRAFT,"Matched from Module 1 Answers.txt (Test 9 Q5, score=0.72)",1,Module 1 Questions.doc,"{""raw"": ""Calculate 10 x 23 + 10 x 25"", ""question"": ""Calculate 10 x 23 + 10 x 25"", ""options"": [""32,008,000"", ""520"", ""400""], ""correct"": ""400"", ""answer_text"": null, ""category"": null, ""source_file"": ""Module 1 Questions.doc"", ""source_module"": ""M1"", ""fmt"": ""csv"", ""module"": ""M1"", ""syllabusRef"": """", ""level"": """", ""difficulty"": ""EASY"", ""subTopic"": """", ""isEssay"": false}",False
M1,M1.8.9,,"In a right angle triangle, the sine of an angle is",opposite divided by hypotenuse,adjacent divided by hypotenuse,opposite divided by adjacent,,opposite divided by hypotenuse,MEDIUM,,,,DRAFT,"Matched from Module 1 Answers.txt (Test 9 Q6, score=0.52)",1,Module 1 Questions.doc,"{""raw"": ""In a right angle triangle, the sine of an angle is"", ""question"": ""In a right angle triangle, the sine of an angle is"", ""options"": [""opposite divided by hypotenuse"", ""adjacent divided by hypotenuse"", ""opposite divided by adjacent""], ""correct"": ""opposite divided by hypotenuse"", ""answer_text"": null, ""category"": null, ""source_file"": ""Module 1 Questions.doc"", ""source_module"": ""M1"", ""fmt"": ""csv"", ""module"": ""M1"", ""syllabusRef"": ""M1.8.9"", ""level"": """", ""difficulty"": ""MEDIUM"", ""subTopic"": """", ""isEssay"": false}",False
M1,M1.8.9,,Octal is to the base of,2,16,8,,8,EASY,,,,DRAFT,"Matched from Module 1 Answers.txt (Test 9 Q9, score=0.87)",1,Module 1 Questions.doc,"{""raw"": ""Octal is to the base of"", ""question"": ""Octal is to the base of"", ""options"": [""2"", ""16"", ""8""], ""correct"": ""8"", ""answer_text"": null, ""category"": null, ""source_file"": ""Module 1 Questions.doc"", ""source_module"": ""M1"", ""fmt"": ""csv"", ""module"": ""M1"", ""syllabusRef"": ""M1.8.9"", ""level"": """", ""difficulty"": ""EASY"", ""subTopic"": """", ""isEssay"": false}",False
M1,,,One radian is equal to,57.5(,90(,75(,,57.5(,EASY,,,,DRAFT,"Matched from Module 1 Answers.txt (Test 9 Q10, score=0.66)",1,Module 1 Questions.doc,"{""raw"": ""One radian is equal to"", ""question"": ""One radian is equal to"", ""options"": [""57.5("", ""90("", ""75(""], ""correct"": ""57.5("", ""answer_text"": null, ""category"": null, ""source_file"": ""Module 1 Questions.doc"", ""source_module"": ""M1"", ""fmt"": ""csv"", ""module"": ""M1"", ""syllabusRef"": """", ""level"": """", ""difficulty"": ""EASY"", ""subTopic"": """", ""isEssay"": false}",False
M1,M1.8.9,,"The surface area of a cylinder of diameter 10 cm and height 10cm, is",100p,50p,80p,,100p,MEDIUM,,,,DRAFT,"Matched from Module 1 Answers.txt (Test 10 Q1, score=0.91)",1,Module 1 Questions.doc,"{""raw"": ""The surface area of a cylinder of diameter 10 cm and height 10cm, is"", ""question"": ""The surface area of a cylinder of diameter 10 cm and height 10cm, is"", ""options"": [""100p"", ""50p"", ""80p""], ""correct"": ""100p"", ""answer_text"": null, ""category"": null, ""source_file"": ""Module 1 Questions.doc"", ""source_module"": ""M1"", ""fmt"": ""csv"", ""module"": ""M1"", ""syllabusRef"": ""M1.8.9"", ""level"": """", ""difficulty"": ""MEDIUM"", ""subTopic"": """", ""isEssay"": false}",False
M1,M1.8.9,,2.   A parallelogram has a base 120cm and height 11 cm. What is the area?,1.32 m2,0.132 m2,0.0132 m2,,0.132 m2,MEDIUM,,,,DRAFT,"Matched from Module 1 Answers.txt (Test 10 Q2, score=0.82)",1,Module 1 Questions.doc,"{""raw"": ""2.   A parallelogram has a base 120cm and height 11 cm. What is the area?"", ""question"": ""2.   A parallelogram has a base 120cm and height 11 cm. What is the area?"", ""options"": [""1.32 m2"", ""0.132 m2"", ""0.0132 m2""], ""correct"": ""0.132 m2"", ""answer_text"": null, ""category"": null, ""source_file"": ""Module 1 Questions.doc"", ""source_module"": ""M1"", ""fmt"": ""csv"", ""module"": ""M1"", ""syllabusRef"": ""M1.8.9"", ""level"": """", ""difficulty"": ""MEDIUM"", ""subTopic"": """", ""isEssay"": false}",False
M1,M1.11.2,,The name given to this shape is,Parallelogram,Trapezoid,Rhombus,,Parallelogram,EASY,,,,DRAFT,"Matched from Module 1 Answers.txt (Test 10 Q3, score=0.66)",1,Module 1 Questions.doc,"{""raw"": ""The name given to this shape is"", ""question"": ""The name given to this shape is"", ""options"": [""Parallelogram"", ""Trapezoid"", ""Rhombus""], ""correct"": ""Parallelogram"", ""answer_text"": null, ""category"": null, ""source_file"": ""Module 1 Questions.doc"", ""source_module"": ""M1"", ""fmt"": ""csv"", ""module"": ""M1"", ""syllabusRef"": ""M1.11.2"", ""level"": """", ""difficulty"": ""EASY"", ""subTopic"": """", ""isEssay"": false}",False
M1,M1.11.2,,The area of this shape is calculated by,Base x Height,Perimeter squared,,,Base x Height,EASY,,,,DRAFT,"Matched from Module 1 Answers.txt (Test 10 Q4, score=0.63)",1,Module 1 Questions.doc,"{""raw"": ""The area of this shape is calculated by"", ""question"": ""The area of this shape is calculated by"", ""options"": [""Base x Height"", ""Perimeter squared""], ""correct"": ""Base x Height"", ""answer_text"": null, ""category"": null, ""source_file"": ""Module 1 Questions.doc"", ""source_module"": ""M1"", ""fmt"": ""csv"", ""module"": ""M1"", ""syllabusRef"": ""M1.11.2"", ""level"": """", ""difficulty"": ""EASY"", ""subTopic"": """", ""isEssay"": false}",False
M1,M1.8.9,,"Two gears are in mesh, one has twice the number of teeth as the other",the gear with fewer teeth rotates slower than the other,the gear with fewer teeth rotates faster than the other,the two gears rotate at the same speed,,the gear with fewer teeth rotates faster than the other,MEDIUM,,,,DRAFT,"Matched from Module 1 Answers.txt (Test 10 Q8, score=0.47)",1,Module 1 Questions.doc,"{""raw"": ""Two gears are in mesh, one has twice the number of teeth as the other"", ""question"": ""Two gears are in mesh, one has twice the number of teeth as the other"", ""options"": [""the gear with fewer teeth rotates slower than the other"", ""the gear with fewer teeth rotates faster than the other"", ""the two gears rotate at the same speed""], ""correct"": ""the gear with fewer teeth rotates faster than the other"", ""answer_text"": null, ""category"": null, ""source_file"": ""Module 1 Questions.doc"", ""source_module"": ""M1"", ""fmt"": ""csv"", ""module"": ""M1"", ""syllabusRef"": ""M1.8.9"", ""level"": """", ""difficulty"": ""MEDIUM"", ""subTopic"": """", ""isEssay"": false}",False
M1,M1.8.9,,The area of the curved surface area of a cone is,1/3(r2h,(r2h,(rl,,(rl,EASY,,,,DRAFT,"Matched from Module 1 Answers.txt (Test 10 Q9, score=0.59)",1,Module 1 Questions.doc,"{""raw"": ""The area of the curved surface area of a cone is"", ""question"": ""The area of the curved surface area of a cone is"", ""options"": [""1/3(r2h"", ""(r2h"", ""(rl""], ""correct"": ""(rl"", ""answer_text"": null, ""category"": null, ""source_file"": ""Module 1 Questions.doc"", ""source_module"": ""M1"", ""fmt"": ""csv"", ""module"": ""M1"", ""syllabusRef"": ""M1.8.9"", ""level"": """", ""difficulty"": ""EASY"", ""subTopic"": """", ""isEssay"": false}",False
M1,M1.8.9,,10.   What is the area of a cuboid?,height x length x width,height x,,,height x,MEDIUM,,,,DRAFT,"Matched from Module 1 Answers.txt (Test 16 Q2, score=0.61)",1,Module 1 Questions.doc,"{""raw"": ""10.   What is the area of a cuboid?"", ""question"": ""10.   What is the area of a cuboid?"", ""options"": [""height x length x width"", ""height x""], ""correct"": ""height x"", ""answer_text"": null, ""category"": null, ""source_file"": ""Module 1 Questions.doc"", ""source_module"": ""M1"", ""fmt"": ""csv"", ""module"": ""M1"", ""syllabusRef"": ""M1.8.9"", ""level"": """", ""difficulty"": ""MEDIUM"", ""subTopic"": """", ""isEssay"": false}",False
M1,,,Locus points plotted equidistant from a central points represent,diameter,radius,circumference,,circumference,MEDIUM,,,,DRAFT,"Matched from Module 1 Answers.txt (Test 11 Q4, score=0.81)",1,Module 1 Questions.doc,"{""raw"": ""Locus points plotted equidistant from a central points represent"", ""question"": ""Locus points plotted equidistant from a central points represent"", ""options"": [""diameter"", ""radius"", ""circumference""], ""correct"": ""circumference"", ""answer_text"": null, ""category"": null, ""source_file"": ""Module 1 Questions.doc"", ""source_module"": ""M1"", ""fmt"": ""csv"", ""module"": ""M1"", ""syllabusRef"": """", ""level"": """", ""difficulty"": ""MEDIUM"", ""subTopic"": """", ""isEssay"": false}",False
M1,,,A circle contains,4p radians,2p radians,2pr radians,,2p radians,EASY,,,,DRAFT,"Matched from Module 1 Answers.txt (Test 11 Q5, score=0.50)",1,Module 1 Questions.doc,"{""raw"": ""A circle contains"", ""question"": ""A circle contains"", ""options"": [""4p radians"", ""2p radians"", ""2pr radians""], ""correct"": ""2p radians"", ""answer_text"": null, ""category"": null, ""source_file"": ""Module 1 Questions.doc"", ""source_module"": ""M1"", ""fmt"": ""csv"", ""module"": ""M1"", ""syllabusRef"": """", ""level"": """", ""difficulty"": ""EASY"", ""subTopic"": """", ""isEssay"": false}",False
M1,M1.11.2,,An oblique pyramid is one which has its axis,not perpendicular to its base,perpendicular to its base,parallel to its base,,not perpendicular to its base,EASY,,,,DRAFT,"Matched from Module 1 Answers.txt (Test 11 Q7, score=0.53)",1,Module 1 Questions.doc,"{""raw"": ""An oblique pyramid is one which has its axis"", ""question"": ""An oblique pyramid is one which has its axis"", ""options"": [""not perpendicular to its base"", ""perpendicular to its base"", ""parallel to its base""], ""correct"": ""not perpendicular to its base"", ""answer_text"": null, ""category"": null, ""source_file"": ""Module 1 Questions.doc"", ""source_module"": ""M1"", ""fmt"": ""csv"", ""module"": ""M1"", ""syllabusRef"": ""M1.11.2"", ""level"": """", ""difficulty"": ""EASY"", ""subTopic"": """", ""isEssay"": false}",False
M1,M1.8.9,,"An input gear has 20 teeth and the output gear has 120 teeth.  If the input gear rotates 360 degrees, the output             gear will rotate",90 degrees,45 degrees,60 degrees,,60 degrees,MEDIUM,,,,DRAFT,"Matched from Module 1 Answers.txt (Test 11 Q8, score=0.88)",1,Module 1 Questions.doc,"{""raw"": ""An input gear has 20 teeth and the output gear has 120 teeth.  If the input gear rotates 360 degrees, the output             gear will rotate"", ""question"": ""An input gear has 20 teeth and the output gear has 120 teeth.  If the input gear rotates 360 degrees, the output             gear will rotate"", ""options"": [""90 degrees"", ""45 degrees"", ""60 degrees""], ""correct"": ""60 degrees"", ""answer_text"": null, ""category"": null, ""source_file"": ""Module 1 Questions.doc"", ""source_module"": ""M1"", ""fmt"": ""csv"", ""module"": ""M1"", ""syllabusRef"": ""M1.8.9"", ""level"": """", ""difficulty"": ""MEDIUM"", ""subTopic"": """", ""isEssay"": false}",False
M1,M1.8.9,,A line from the centre of a circle is called,its segment,diameter,radius,,radius,EASY,,,,DRAFT,"Matched from Module 1 Answers.txt (Test 11 Q9, score=0.76)",1,Module 1 Questions.doc,"{""raw"": ""A line from the centre of a circle is called"", ""question"": ""A line from the centre of a circle is called"", ""options"": [""its segment"", ""diameter"", ""radius""], ""correct"": ""radius"", ""answer_text"": null, ""category"": null, ""source_file"": ""Module 1 Questions.doc"", ""source_module"": ""M1"", ""fmt"": ""csv"", ""module"": ""M1"", ""syllabusRef"": ""M1.8.9"", ""level"": """", ""difficulty"": ""EASY"", ""subTopic"": """", ""isEssay"": false}",False
M1,,,Four percent of 0.01 is,0.04,0.004,0.0004,,0.0004,EASY,,,,DRAFT,"Matched from Module 1 Answers.txt (Test 11 Q10, score=0.61)",1,Module 1 Questions.doc,"{""raw"": ""Four percent of 0.01 is"", ""question"": ""Four percent of 0.01 is"", ""options"": [""0.04"", ""0.004"", ""0.0004""], ""correct"": ""0.0004"", ""answer_text"": null, ""category"": null, ""source_file"": ""Module 1 Questions.doc"", ""source_module"": ""M1"", ""fmt"": ""csv"", ""module"": ""M1"", ""syllabusRef"": """", ""level"": """", ""difficulty"": ""EASY"", ""subTopic"": """", ""isEssay"": false}",False
M1,,,(x - 3)(x + 5) =,x2 - 15,x2 + 2x - 15,x2 + 2x,,x2 - 15,EASY,,,,DRAFT,"Matched from Module 1 Answers.txt (Test 8 Q2, score=0.58)",1,Module 1 Questions.doc,"{""raw"": ""(x - 3)(x + 5) ="", ""question"": ""(x - 3)(x + 5) ="", ""options"": [""x2 - 15"", ""x2 + 2x - 15"", ""x2 + 2x""], ""correct"": ""x2 - 15"", ""answer_text"": null, ""category"": null, ""source_file"": ""Module 1 Questions.doc"", ""source_module"": ""M1"", ""fmt"": ""csv"", ""module"": ""M1"", ""syllabusRef"": """", ""level"": """", ""difficulty"": ""EASY"", ""subTopic"": """", ""isEssay"": false}",False
M1,M1.11.2,,"Give the names of a triangle, which has two sides equal in length and two equal angles.",Equilateral,Isosceles,Obtuse,,Isosceles,MEDIUM,,,,DRAFT,"Matched from Module 1 Answers.txt (Test 12 Q4, score=0.85)",1,Module 1 Questions.doc,"{""raw"": ""Give the names of a triangle, which has two sides equal in length and two equal angles."", ""question"": ""Give the names of a triangle, which has two sides equal in length and two equal angles."", ""options"": [""Equilateral"", ""Isosceles"", ""Obtuse""], ""correct"": ""Isosceles"", ""answer_text"": null, ""category"": null, ""source_file"": ""Module 1 Questions.doc"", ""source_module"": ""M1"", ""fmt"": ""csv"", ""module"": ""M1"", ""syllabusRef"": ""M1.11.2"", ""level"": """", ""difficulty"": ""MEDIUM"", ""subTopic"": """", ""isEssay"": false}",False
M1,,,"17 degrees 49 minutes and 10 seconds added to 22 degrees 22 minutes and 59 seconds, equal",40 degrees 11 minutes and 69 seconds,39 degrees 11 minutes and 9 seconds,40 degrees 12 minutes and 9 seconds,,40 degrees 12 minutes and 9 seconds,MEDIUM,,,,DRAFT,"Matched from Module 1 Answers.txt (Test 12 Q5, score=0.62)",1,Module 1 Questions.doc,"{""raw"": ""17 degrees 49 minutes and 10 seconds added to 22 degrees 22 minutes and 59 seconds, equal"", ""question"": ""17 degrees 49 minutes and 10 seconds added to 22 degrees 22 minutes and 59 seconds, equal"", ""options"": [""40 degrees 11 minutes and 69 seconds"", ""39 degrees 11 minutes and 9 seconds"", ""40 degrees 12 minutes and 9 seconds""], ""correct"": ""40 degrees 12 minutes and 9 seconds"", ""answer_text"": null, ""category"": null, ""source_file"": ""Module 1 Questions.doc"", ""source_module"": ""M1"", ""fmt"": ""csv"", ""module"": ""M1"", ""syllabusRef"": """", ""level"": """", ""difficulty"": ""MEDIUM"", ""subTopic"": """", ""isEssay"": false}",False
M1,M1.8.9,,"In an equilateral triangle, all of the angles are equal to",p divided by 3,p divided by 2,p divided by 4,,p divided by 3,MEDIUM,,,,DRAFT,"Matched from Module 1 Answers.txt (Test 12 Q7, score=0.72)",1,Module 1 Questions.doc,"{""raw"": ""In an equilateral triangle, all of the angles are equal to"", ""question"": ""In an equilateral triangle, all of the angles are equal to"", ""options"": [""p divided by 3"", ""p divided by 2"", ""p divided by 4""], ""correct"": ""p divided by 3"", ""answer_text"": null, ""category"": null, ""source_file"": ""Module 1 Questions.doc"", ""source_module"": ""M1"", ""fmt"": ""csv"", ""module"": ""M1"", ""syllabusRef"": ""M1.8.9"", ""level"": """", ""difficulty"": ""MEDIUM"", ""subTopic"": """", ""isEssay"": false}",False
M1,,,8.   What is an obtuse angle?,"one greater than 90(, but less than 180(",one less than 90(,one greater than 180(,,one less than 90(,EASY,,,,DRAFT,"Matched from Module 1 Answers.txt (Test 18 Q1, score=0.52)",1,Module 1 Questions.doc,"{""raw"": ""8.   What is an obtuse angle?"", ""question"": ""8.   What is an obtuse angle?"", ""options"": [""one greater than 90(, but less than 180("", ""one less than 90("", ""one greater than 180(""], ""correct"": ""one less than 90("", ""answer_text"": null, ""category"": null, ""source_file"": ""Module 1 Questions.doc"", ""source_module"": ""M1"", ""fmt"": ""csv"", ""module"": ""M1"", ""syllabusRef"": """", ""level"": """", ""difficulty"": ""EASY"", ""subTopic"": """", ""isEssay"": false}",False
M1,,,What is tan,+ve infinity,0,,,0,EASY,,,,DRAFT,"Matched from Module 1 Answers.txt (Test 18 Q1, score=0.56)",1,Module 1 Questions.doc,"{""raw"": ""What is tan"", ""question"": ""What is tan"", ""options"": [""+ve infinity"", ""0""], ""correct"": ""0"", ""answer_text"": null, ""category"": null, ""source_file"": ""Module 1 Questions.doc"", ""source_module"": ""M1"", ""fmt"": ""csv"", ""module"": ""M1"", ""syllabusRef"": """", ""level"": """", ""difficulty"": ""EASY"", ""subTopic"": """", ""isEssay"": false}",False
M1,,,2x2z2 (2x2 -  22)=,2x2z2 -  22,4x2z2 -  44x2z2,4x4z2 -  44x2z2,,4x2z2 -  44x2z2,EASY,,,,DRAFT,"Matched from Module 1 Answers.txt (Test 12 Q1, score=0.45)",1,Module 1 Questions.doc,"{""raw"": ""2x2z2 (2x2 -  22)="", ""question"": ""2x2z2 (2x2 -  22)="", ""options"": [""2x2z2 -  22"", ""4x2z2 -  44x2z2"", ""4x4z2 -  44x2z2""], ""correct"": ""4x2z2 -  44x2z2"", ""answer_text"": null, ""category"": null, ""source_file"": ""Module 1 Questions.doc"", ""source_module"": ""M1"", ""fmt"": ""csv"", ""module"": ""M1"", ""syllabusRef"": """", ""level"": """", ""difficulty"": ""EASY"", ""subTopic"": """", ""isEssay"": false}",False
M1,,,In    21 = 43,43,43 + 21,21 - 43,,43 + 21,EASY,,,,DRAFT,Found in Suntech corpus,1,Module 1 Questions.doc,"{""raw"": ""In    21 = 43"", ""question"": ""In    21 = 43"", ""options"": [""43"", ""43 + 21"", ""21 - 43""], ""correct"": ""43 + 21"", ""answer_text"": null, ""category"": null, ""source_file"": ""Module 1 Questions.doc"", ""source_module"": ""M1"", ""fmt"": ""csv"", ""module"": ""M1"", ""syllabusRef"": """", ""level"": """", ""difficulty"": ""EASY"", ""subTopic"": """", ""isEssay"": false}",False
M1,M1.8.9,,The comparison of the power input to the power output of an inverter is expressed as a,ratio,loss,gain,,ratio,MEDIUM,,,,DRAFT,"Matched from Module 1 Answers.txt (Test 13 Q2, score=0.91)",1,Module 1 Questions.doc,"{""raw"": ""The comparison of the power input to the power output of an inverter is expressed as a"", ""question"": ""The comparison of the power input to the power output of an inverter is expressed as a"", ""options"": [""ratio"", ""loss"", ""gain""], ""correct"": ""ratio"", ""answer_text"": null, ""category"": null, ""source_file"": ""Module 1 Questions.doc"", ""source_module"": ""M1"", ""fmt"": ""csv"", ""module"": ""M1"", ""syllabusRef"": ""M1.8.9"", ""level"": """", ""difficulty"": ""MEDIUM"", ""subTopic"": """", ""isEssay"": false}",False
M1,,,200 kilo volts can be expressed as,2 x 103 volts,2 x 10-4 volts,2 x 105 volts,,2 x 105 volts,EASY,,,,DRAFT,"Matched from Module 1 Answers.txt (Test 13 Q4, score=0.61)",1,Module 1 Questions.doc,"{""raw"": ""200 kilo volts can be expressed as"", ""question"": ""200 kilo volts can be expressed as"", ""options"": [""2 x 103 volts"", ""2 x 10-4 volts"", ""2 x 105 volts""], ""correct"": ""2 x 105 volts"", ""answer_text"": null, ""category"": null, ""source_file"": ""Module 1 Questions.doc"", ""source_module"": ""M1"", ""fmt"": ""csv"", ""module"": ""M1"", ""syllabusRef"": """", ""level"": """", ""difficulty"": ""EASY"", ""subTopic"": """", ""isEssay"": false}",False
M1,M1.8.9,,How many times does the X axis get crossed when y = x2,1,2,3,,2,MEDIUM,,,,DRAFT,"Matched from Module 1 Answers.txt (Test 13 Q8, score=0.93)",1,Module 1 Questions.doc,"{""raw"": ""How many times does the X axis get crossed when y = x2"", ""question"": ""How many times does the X axis get crossed when y = x2"", ""options"": [""1"", ""2"", ""3""], ""correct"": ""2"", ""answer_text"": null, ""category"": null, ""source_file"": ""Module 1 Questions.doc"", ""source_module"": ""M1"", ""fmt"": ""csv"", ""module"": ""M1"", ""syllabusRef"": ""M1.8.9"", ""level"": """", ""difficulty"": ""MEDIUM"", ""subTopic"": """", ""isEssay"": false}",False
M1,,,A congruent triangle has,same size different shape,same shape different size,same shape and size,,same shape and size,EASY,,,,NEEDS_ANSWER,Found in Suntech corpus (score=3),1,Module 1 Questions.doc,"{""raw"": ""A congruent triangle has"", ""question"": ""A congruent triangle has"", ""options"": [""same size different shape"", ""same shape different size"", ""same shape and size""], ""correct"": ""same shape and size"", ""answer_text"": null, ""category"": null, ""source_file"": ""Module 1 Questions.doc"", ""source_module"": ""M1"", ""fmt"": ""csv"", ""module"": ""M1"", ""syllabusRef"": """", ""level"": """", ""difficulty"": ""EASY"", ""subTopic"": """", ""isEssay"": false}",False
M1,M1.11.2,,3.   Which shape has no parallel sides?,Rhombus,Kite,Trapezoid,,Kite,EASY,,,,DRAFT,"Matched from Module 1 Answers.txt (Test 14 Q3, score=0.73)",1,Module 1 Questions.doc,"{""raw"": ""3.   Which shape has no parallel sides?"", ""question"": ""3.   Which shape has no parallel sides?"", ""options"": [""Rhombus"", ""Kite"", ""Trapezoid""], ""correct"": ""Kite"", ""answer_text"": null, ""category"": null, ""source_file"": ""Module 1 Questions.doc"", ""source_module"": ""M1"", ""fmt"": ""csv"", ""module"": ""M1"", ""syllabusRef"": ""M1.11.2"", ""level"": """", ""difficulty"": ""EASY"", ""subTopic"": """", ""isEssay"": false}",False
M1,M1.8.9,,"Which number is the lowest common factor  of 36, 66 and 126",23,6,12,,6,MEDIUM,,,,DRAFT,"Matched from Module 1 Answers.txt (Test 14 Q5, score=0.93)",1,Module 1 Questions.doc,"{""raw"": ""Which number is the lowest common factor  of 36, 66 and 126"", ""question"": ""Which number is the lowest common factor  of 36, 66 and 126"", ""options"": [""23"", ""6"", ""12""], ""correct"": ""6"", ""answer_text"": null, ""category"": null, ""source_file"": ""Module 1 Questions.doc"", ""source_module"": ""M1"", ""fmt"": ""csv"", ""module"": ""M1"", ""syllabusRef"": ""M1.8.9"", ""level"": """", ""difficulty"": ""MEDIUM"", ""subTopic"": """", ""isEssay"": false}",False
M1,,,What is 3% of 0.001,0.3,0.003,0.00003,,0.00003,EASY,,,,DRAFT,"Matched from Module 1 Answers.txt (Test 14 Q6, score=0.67)",1,Module 1 Questions.doc,"{""raw"": ""What is 3% of 0.001"", ""question"": ""What is 3% of 0.001"", ""options"": [""0.3"", ""0.003"", ""0.00003""], ""correct"": ""0.00003"", ""answer_text"": null, ""category"": null, ""source_file"": ""Module 1 Questions.doc"", ""source_module"": ""M1"", ""fmt"": ""csv"", ""module"": ""M1"", ""syllabusRef"": """", ""level"": """", ""difficulty"": ""EASY"", ""subTopic"": """", ""isEssay"": false}",False
M1,,,101110 binary is,462,468,4610,,4610,EASY,,,,DRAFT,"Matched from Module 1 Answers.txt (Test 14 Q8, score=0.71)",1,Module 1 Questions.doc,"{""raw"": ""101110 binary is"", ""question"": ""101110 binary is"", ""options"": [""462"", ""468"", ""4610""], ""correct"": ""4610"", ""answer_text"": null, ""category"": null, ""source_file"": ""Module 1 Questions.doc"", ""source_module"": ""M1"", ""fmt"": ""csv"", ""module"": ""M1"", ""syllabusRef"": """", ""level"": """", ""difficulty"": ""EASY"", ""subTopic"": """", ""isEssay"": false}",False
M1,M1.8.9,,"10.   An aircraft uses 1680 gallons of fuel, the left tank uses 45%, the right  tank uses 32.5%, how much was used by the centre tank?",21 gallons,210 gallons,378 gallons,,378 gallons,MEDIUM,,,,DRAFT,"Matched from Module 1 Answers.txt (Test 14 Q10, score=0.83)",1,Module 1 Questions.doc,"{""raw"": ""10.   An aircraft uses 1680 gallons of fuel, the left tank uses 45%, the right  tank uses 32.5%, how much was used by the centre tank?"", ""question"": ""10.   An aircraft uses 1680 gallons of fuel, the left tank uses 45%, the right  tank uses 32.5%, how much was used by the centre tank?"", ""options"": [""21 gallons"", ""210 gallons"", ""378 gallons""], ""correct"": ""378 gallons"", ""answer_text"": null, ""category"": null, ""source_file"": ""Module 1 Questions.doc"", ""source_module"": ""M1"", ""fmt"": ""csv"", ""module"": ""M1"", ""syllabusRef"": ""M1.8.9"", ""level"": """", ""difficulty"": ""MEDIUM"", ""subTopic"": """", ""isEssay"": false}",False
M1,M1.8.9,,The supplement of 13 degrees is,76,243,167,,167,EASY,,,,DRAFT,"Matched from Module 1 Answers.txt (Test 15 Q2, score=0.85)",1,Module 1 Questions.doc,"{""raw"": ""The supplement of 13 degrees is"", ""question"": ""The supplement of 13 degrees is"", ""options"": [""76"", ""243"", ""167""], ""correct"": ""167"", ""answer_text"": null, ""category"": null, ""source_file"": ""Module 1 Questions.doc"", ""source_module"": ""M1"", ""fmt"": ""csv"", ""module"": ""M1"", ""syllabusRef"": ""M1.8.9"", ""level"": """", ""difficulty"": ""EASY"", ""subTopic"": """", ""isEssay"": false}",False
M1,M1.8.9,,The properties of a scalene triangle are,all sides are equal,acute angle,all sides different lengths,,all sides different lengths,EASY,,,,DRAFT,"Matched from Module 1 Answers.txt (Test 15 Q3, score=0.57)",1,Module 1 Questions.doc,"{""raw"": ""The properties of a scalene triangle are"", ""question"": ""The properties of a scalene triangle are"", ""options"": [""all sides are equal"", ""acute angle"", ""all sides different lengths""], ""correct"": ""all sides different lengths"", ""answer_text"": null, ""category"": null, ""source_file"": ""Module 1 Questions.doc"", ""source_module"": ""M1"", ""fmt"": ""csv"", ""module"": ""M1"", ""syllabusRef"": ""M1.8.9"", ""level"": """", ""difficulty"": ""EASY"", ""subTopic"": """", ""isEssay"": false}",False
M1,,,4.   What is octal 13 in base 10?,4,11,5,,11,EASY,,,,DRAFT,"Matched from Module 1 Answers.txt (Test 15 Q4, score=0.86)",1,Module 1 Questions.doc,"{""raw"": ""4.   What is octal 13 in base 10?"", ""question"": ""4.   What is octal 13 in base 10?"", ""options"": [""4"", ""11"", ""5""], ""correct"": ""11"", ""answer_text"": null, ""category"": null, ""source_file"": ""Module 1 Questions.doc"", ""source_module"": ""M1"", ""fmt"": ""csv"", ""module"": ""M1"", ""syllabusRef"": """", ""level"": """", ""difficulty"": ""EASY"", ""subTopic"": """", ""isEssay"": false}",False
M1,M1.8.9,,5.   What is the area of a ring with an outer diameter of 90 inches and an inner diameter of 80 inches?,p325,425p,p435,,425p,MEDIUM,,,,DRAFT,"Matched from Module 1 Answers.txt (Test 15 Q5, score=0.92)",1,Module 1 Questions.doc,"{""raw"": ""5.   What is the area of a ring with an outer diameter of 90 inches and an inner diameter of 80 inches?"", ""question"": ""5.   What is the area of a ring with an outer diameter of 90 inches and an inner diameter of 80 inches?"", ""options"": [""p325"", ""425p"", ""p435""], ""correct"": ""425p"", ""answer_text"": null, ""category"": null, ""source_file"": ""Module 1 Questions.doc"", ""source_module"": ""M1"", ""fmt"": ""csv"", ""module"": ""M1"", ""syllabusRef"": ""M1.8.9"", ""level"": """", ""difficulty"": ""MEDIUM"", ""subTopic"": """", ""isEssay"": false}",False
M1,M1.8.9,,6.   What is the height of an oblique pyramid?,The height is perpendicular to the base,The height is angled to the base,The height is parallel to the sides,,The height is parallel to the sides,EASY,,,,DRAFT,"Matched from Module 1 Answers.txt (Test 22 Q4, score=0.57)",1,Module 1 Questions.doc,"{""raw"": ""6.   What is the height of an oblique pyramid?"", ""question"": ""6.   What is the height of an oblique pyramid?"", ""options"": [""The height is perpendicular to the base"", ""The height is angled to the base"", ""The height is parallel to the sides""], ""correct"": ""The height is parallel to the sides"", ""answer_text"": null, ""category"": null, ""source_file"": ""Module 1 Questions.doc"", ""source_module"": ""M1"", ""fmt"": ""csv"", ""module"": ""M1"", ""syllabusRef"": ""M1.8.9"", ""level"": """", ""difficulty"": ""EASY"", ""subTopic"": """", ""isEssay"": false}",False
M1,M1.8.9,,7.   What is the area of the shape below in centimetres?,1130,1000,1225,,1225,MEDIUM,,,,DRAFT,"Matched from Module 1 Answers.txt (Test 15 Q7, score=0.85)",1,Module 1 Questions.doc,"{""raw"": ""7.   What is the area of the shape below in centimetres?"", ""question"": ""7.   What is the area of the shape below in centimetres?"", ""options"": [""1130"", ""1000"", ""1225""], ""correct"": ""1225"", ""answer_text"": null, ""category"": null, ""source_file"": ""Module 1 Questions.doc"", ""source_module"": ""M1"", ""fmt"": ""csv"", ""module"": ""M1"", ""syllabusRef"": ""M1.8.9"", ""level"": """", ""difficulty"": ""MEDIUM"", ""subTopic"": """", ""isEssay"": false}",False
M1,,,Calculate x,9.029,8.971,9.570,,8.971,EASY,,,,DRAFT,"Matched from Module 1 Answers.txt (Test 4 Q6, score=0.67)",1,Module 1 Questions.doc,"{""raw"": ""Calculate x"", ""question"": ""Calculate x"", ""options"": [""9.029"", ""8.971"", ""9.570""], ""correct"": ""8.971"", ""answer_text"": null, ""category"": null, ""source_file"": ""Module 1 Questions.doc"", ""source_module"": ""M1"", ""fmt"": ""csv"", ""module"": ""M1"", ""syllabusRef"": """", ""level"": """", ""difficulty"": ""EASY"", ""subTopic"": """", ""isEssay"": false}",False
M1,M1.8.9,,10.   What is the equation of the line shown?,y = 2 - x,y = x - 2,y = 2x + 2,,y = 2 - x,EASY,,,,DRAFT,"Matched from Module 1 Answers.txt (Test 15 Q10, score=0.69)",1,Module 1 Questions.doc,"{""raw"": ""10.   What is the equation of the line shown?"", ""question"": ""10.   What is the equation of the line shown?"", ""options"": [""y = 2 - x"", ""y = x - 2"", ""y = 2x + 2""], ""correct"": ""y = 2 - x"", ""answer_text"": null, ""category"": null, ""source_file"": ""Module 1 Questions.doc"", ""source_module"": ""M1"", ""fmt"": ""csv"", ""module"": ""M1"", ""syllabusRef"": ""M1.8.9"", ""level"": """", ""difficulty"": ""EASY"", ""subTopic"": """", ""isEssay"": false}",False
M1,M1.8.9,,"3.   On a right angle triangle, the longest side is 20 cm and the shortest is 12 cm. What is the other side?",13 cm,16 cm,18 cm,,16 cm,MEDIUM,,,,DRAFT,"Matched from Module 1 Answers.txt (Test 16 Q3, score=0.91)",1,Module 1 Questions.doc,"{""raw"": ""3.   On a right angle triangle, the longest side is 20 cm and the shortest is 12 cm. What is the other side?"", ""question"": ""3.   On a right angle triangle, the longest side is 20 cm and the shortest is 12 cm. What is the other side?"", ""options"": [""13 cm"", ""16 cm"", ""18 cm""], ""correct"": ""16 cm"", ""answer_text"": null, ""category"": null, ""source_file"": ""Module 1 Questions.doc"", ""source_module"": ""M1"", ""fmt"": ""csv"", ""module"": ""M1"", ""syllabusRef"": ""M1.8.9"", ""level"": """", ""difficulty"": ""MEDIUM"", ""subTopic"": """", ""isEssay"": false}",False
M1,M1.8.9,,"How many degrees are there in one the smaller of the segments, where AB is one sixth of AC",14.5(,15(,10(,,15(,MEDIUM,,,,DRAFT,"Matched from Module 1 Answers.txt (Test 16 Q4, score=0.94)",1,Module 1 Questions.doc,"{""raw"": ""How many degrees are there in one the smaller of the segments, where AB is one sixth of AC"", ""question"": ""How many degrees are there in one the smaller of the segments, where AB is one sixth of AC"", ""options"": [""14.5("", ""15("", ""10(""], ""correct"": ""15("", ""answer_text"": null, ""category"": null, ""source_file"": ""Module 1 Questions.doc"", ""source_module"": ""M1"", ""fmt"": ""csv"", ""module"": ""M1"", ""syllabusRef"": ""M1.8.9"", ""level"": """", ""difficulty"": ""MEDIUM"", ""subTopic"": """", ""isEssay"": false}",False
M1,M1.8.9,,Find L in the following expression,Q2C / R2,Q2C2/ R,Q2R2C,,Q2R2C,EASY,,,,DRAFT,"Matched from Module 1 Answers.txt (Test 16 Q5, score=0.77)",1,Module 1 Questions.doc,"{""raw"": ""Find L in the following expression"", ""question"": ""Find L in the following expression"", ""options"": [""Q2C / R2"", ""Q2C2/ R"", ""Q2R2C""], ""correct"": ""Q2R2C"", ""answer_text"": null, ""category"": null, ""source_file"": ""Module 1 Questions.doc"", ""source_module"": ""M1"", ""fmt"": ""csv"", ""module"": ""M1"", ""syllabusRef"": ""M1.8.9"", ""level"": """", ""difficulty"": ""EASY"", ""subTopic"": """", ""isEssay"": false}",False
M1,M1.11.2,,"6.   ax2 + bx + c = 0, what type of equation is this?",Quadratic equation,Polynomic equation,Gradient of the line,,Quadratic equation,MEDIUM,,,,DRAFT,"Matched from Module 1 Answers.txt (Test 16 Q6, score=0.57)",1,Module 1 Questions.doc,"{""raw"": ""6.   ax2 + bx + c = 0, what type of equation is this?"", ""question"": ""6.   ax2 + bx + c = 0, what type of equation is this?"", ""options"": [""Quadratic equation"", ""Polynomic equation"", ""Gradient of the line""], ""correct"": ""Quadratic equation"", ""answer_text"": null, ""category"": null, ""source_file"": ""Module 1 Questions.doc"", ""source_module"": ""M1"", ""fmt"": ""csv"", ""module"": ""M1"", ""syllabusRef"": ""M1.11.2"", ""level"": """", ""difficulty"": ""MEDIUM"", ""subTopic"": """", ""isEssay"": false}",False
M1,M1.8.9,,"7.   The graph points (9, 3) and (3, 1) what is the slope?",1/3,3/1,9/5,,1/3,MEDIUM,,,,DRAFT,"Matched from Module 1 Answers.txt (Test 16 Q7, score=0.87)",1,Module 1 Questions.doc,"{""raw"": ""7.   The graph points (9, 3) and (3, 1) what is the slope?"", ""question"": ""7.   The graph points (9, 3) and (3, 1) what is the slope?"", ""options"": [""1/3"", ""3/1"", ""9/5""], ""correct"": ""1/3"", ""answer_text"": null, ""category"": null, ""source_file"": ""Module 1 Questions.doc"", ""source_module"": ""M1"", ""fmt"": ""csv"", ""module"": ""M1"", ""syllabusRef"": ""M1.8.9"", ""level"": """", ""difficulty"": ""MEDIUM"", ""subTopic"": """", ""isEssay"": false}",False
M1,M1.8.9,,Calculate the area,42.41p,6.75p,17.5p,,6.75p,EASY,,,,DRAFT,"Matched from Module 1 Answers.txt (Test 16 Q8, score=0.65)",1,Module 1 Questions.doc,"{""raw"": ""Calculate the area"", ""question"": ""Calculate the area"", ""options"": [""42.41p"", ""6.75p"", ""17.5p""], ""correct"": ""6.75p"", ""answer_text"": null, ""category"": null, ""source_file"": ""Module 1 Questions.doc"", ""source_module"": ""M1"", ""fmt"": ""csv"", ""module"": ""M1"", ""syllabusRef"": ""M1.8.9"", ""level"": """", ""difficulty"": ""EASY"", ""subTopic"": """", ""isEssay"": false}",False
M1,,,What is (X2 x X3)3,x15,x36,x10,,x15,EASY,,,,DRAFT,"Matched from Module 1 Answers.txt (Test 16 Q9, score=0.74)",1,Module 1 Questions.doc,"{""raw"": ""What is (X2 x X3)3"", ""question"": ""What is (X2 x X3)3"", ""options"": [""x15"", ""x36"", ""x10""], ""correct"": ""x15"", ""answer_text"": null, ""category"": null, ""source_file"": ""Module 1 Questions.doc"", ""source_module"": ""M1"", ""fmt"": ""csv"", ""module"": ""M1"", ""syllabusRef"": """", ""level"": """", ""difficulty"": ""EASY"", ""subTopic"": """", ""isEssay"": false}",False
M1,,,Solve (a + b)(a - b),a2 - b2,a2 + 2ab - b2,a2 + b2,,a2 - b2,EASY,,,,DRAFT,"Matched from Module 1 Answers.txt (Test 17 Q1, score=0.54)",1,Module 1 Questions.doc,"{""raw"": ""Solve (a + b)(a - b)"", ""question"": ""Solve (a + b)(a - b)"", ""options"": [""a2 - b2"", ""a2 + 2ab - b2"", ""a2 + b2""], ""correct"": ""a2 - b2"", ""answer_text"": null, ""category"": null, ""source_file"": ""Module 1 Questions.doc"", ""source_module"": ""M1"", ""fmt"": ""csv"", ""module"": ""M1"", ""syllabusRef"": """", ""level"": """", ""difficulty"": ""EASY"", ""subTopic"": """", ""isEssay"": false}",False
M1,M1.8.9,,2.   Two gear wheels one with 20 teeth and one with 120 teeth meshed together.  The  small gear turns one revolution.  How far does the large gear move?,40(,60(,90(,,60(,MEDIUM,,,,DRAFT,"Matched from Module 1 Answers.txt (Test 17 Q2, score=0.96)",1,Module 1 Questions.doc,"{""raw"": ""2.   Two gear wheels one with 20 teeth and one with 120 teeth meshed together.  The  small gear turns one revolution.  How far does the large gear move?"", ""question"": ""2.   Two gear wheels one with 20 teeth and one with 120 teeth meshed together.  The  small gear turns one revolution.  How far does the large gear move?"", ""options"": [""40("", ""60("", ""90(""], ""correct"": ""60("", ""answer_text"": null, ""category"": null, ""source_file"": ""Module 1 Questions.doc"", ""source_module"": ""M1"", ""fmt"": ""csv"", ""module"": ""M1"", ""syllabusRef"": ""M1.8.9"", ""level"": """", ""difficulty"": ""MEDIUM"", ""subTopic"": """", ""isEssay"": false}",False
M1,M1.8.9,,3.   An aircraft flies 1350nm in 2 hrs 15 minutes. What is the average speed?,650kts,600kts,850kts,,600kts,MEDIUM,,,,DRAFT,"Matched from Module 1 Answers.txt (Test 17 Q3, score=0.86)",1,Module 1 Questions.doc,"{""raw"": ""3.   An aircraft flies 1350nm in 2 hrs 15 minutes. What is the average speed?"", ""question"": ""3.   An aircraft flies 1350nm in 2 hrs 15 minutes. What is the average speed?"", ""options"": [""650kts"", ""600kts"", ""850kts""], ""correct"": ""600kts"", ""answer_text"": null, ""category"": null, ""source_file"": ""Module 1 Questions.doc"", ""source_module"": ""M1"", ""fmt"": ""csv"", ""module"": ""M1"", ""syllabusRef"": ""M1.8.9"", ""level"": """", ""difficulty"": ""MEDIUM"", ""subTopic"": """", ""isEssay"": false}",False
M1,M1.8.9,,The straight line from the centre to a circle is known as the,chord,radius,diameter,,radius,MEDIUM,,,,DRAFT,"Matched from Module 1 Answers.txt (Test 17 Q4, score=0.85)",1,Module 1 Questions.doc,"{""raw"": ""The straight line from the centre to a circle is known as the"", ""question"": ""The straight line from the centre to a circle is known as the"", ""options"": [""chord"", ""radius"", ""diameter""], ""correct"": ""radius"", ""answer_text"": null, ""category"": null, ""source_file"": ""Module 1 Questions.doc"", ""source_module"": ""M1"", ""fmt"": ""csv"", ""module"": ""M1"", ""syllabusRef"": ""M1.8.9"", ""level"": """", ""difficulty"": ""MEDIUM"", ""subTopic"": """", ""isEssay"": false}",False
M1,,,Hexadecimal is base,2,8,16,,16,EASY,,,,DRAFT,"Matched from Module 1 Answers.txt (Test 17 Q5, score=0.84)",1,Module 1 Questions.doc,"{""raw"": ""Hexadecimal is base"", ""question"": ""Hexadecimal is base"", ""options"": [""2"", ""8"", ""16""], ""correct"": ""16"", ""answer_text"": null, ""category"": null, ""source_file"": ""Module 1 Questions.doc"", ""source_module"": ""M1"", ""fmt"": ""csv"", ""module"": ""M1"", ""syllabusRef"": """", ""level"": """", ""difficulty"": ""EASY"", ""subTopic"": """", ""isEssay"": false}",False
M1,,,y = mx + c can also be written,x = y/m - c,x = (y - c)/m,x = y/(m + c),,x = (y - c)/m,EASY,,,,DRAFT,"Matched from Module 1 Answers.txt (Test 17 Q6, score=0.68)",1,Module 1 Questions.doc,"{""raw"": ""y = mx + c can also be written"", ""question"": ""y = mx + c can also be written"", ""options"": [""x = y/m - c"", ""x = (y - c)/m"", ""x = y/(m + c)""], ""correct"": ""x = (y - c)/m"", ""answer_text"": null, ""category"": null, ""source_file"": ""Module 1 Questions.doc"", ""source_module"": ""M1"", ""fmt"": ""csv"", ""module"": ""M1"", ""syllabusRef"": """", ""level"": """", ""difficulty"": ""EASY"", ""subTopic"": """", ""isEssay"": false}",False
M1,M1.8.9,,7.   What is the supplement of 13 degrees 13 minutes 13 seconds?,167 degrees 46 minutes 47 seconds,166 degree 46 minutes 47 seconds,266 degrees 87 minutes 87 seconds,,266 degrees 87 minutes 87 seconds,MEDIUM,,,,DRAFT,"Matched from Module 1 Answers.txt (Test 15 Q2, score=0.63)",1,Module 1 Questions.doc,"{""raw"": ""7.   What is the supplement of 13 degrees 13 minutes 13 seconds?"", ""question"": ""7.   What is the supplement of 13 degrees 13 minutes 13 seconds?"", ""options"": [""167 degrees 46 minutes 47 seconds"", ""166 degree 46 minutes 47 seconds"", ""266 degrees 87 minutes 87 seconds""], ""correct"": ""266 degrees 87 minutes 87 seconds"", ""answer_text"": null, ""category"": null, ""source_file"": ""Module 1 Questions.doc"", ""source_module"": ""M1"", ""fmt"": ""csv"", ""module"": ""M1"", ""syllabusRef"": ""M1.8.9"", ""level"": """", ""difficulty"": ""MEDIUM"", ""subTopic"": """", ""isEssay"": false}",False
M1,,,"In a right triangle, sin theta =",opposite divided by hypotenuse,adjacent divided by hypotenuse,opposite divided by adjacent,,opposite divided by hypotenuse,EASY,,,,DRAFT,Found in Suntech corpus,1,Module 1 Questions.doc,"{""raw"": ""In a right triangle, sin theta ="", ""question"": ""In a right triangle, sin theta ="", ""options"": [""opposite divided by hypotenuse"", ""adjacent divided by hypotenuse"", ""opposite divided by adjacent""], ""correct"": ""opposite divided by hypotenuse"", ""answer_text"": null, ""category"": null, ""source_file"": ""Module 1 Questions.doc"", ""source_module"": ""M1"", ""fmt"": ""csv"", ""module"": ""M1"", ""syllabusRef"": """", ""level"": """", ""difficulty"": ""EASY"", ""subTopic"": """", ""isEssay"": false}",False
M1,M1.8.9,,In right-angled triangle the longest side is 20 and the other side is 12.  The remaining side is,22,16,10,,16,MEDIUM,,,,DRAFT,"Matched from Module 1 Answers.txt (Test 17 Q9, score=0.95)",1,Module 1 Questions.doc,"{""raw"": ""In right-angled triangle the longest side is 20 and the other side is 12.  The remaining side is"", ""question"": ""In right-angled triangle the longest side is 20 and the other side is 12.  The remaining side is"", ""options"": [""22"", ""16"", ""10""], ""correct"": ""16"", ""answer_text"": null, ""category"": null, ""source_file"": ""Module 1 Questions.doc"", ""source_module"": ""M1"", ""fmt"": ""csv"", ""module"": ""M1"", ""syllabusRef"": ""M1.8.9"", ""level"": """", ""difficulty"": ""MEDIUM"", ""subTopic"": """", ""isEssay"": false}",False
M1,,,Solve 15.4/2  - 2(6.2 - 15.6),26.5,4.5,11.1,,26.5,EASY,,,,DRAFT,"Matched from Module 1 Answers.txt (Test 17 Q10, score=0.64)",1,Module 1 Questions.doc,"{""raw"": ""Solve 15.4/2  - 2(6.2 - 15.6)"", ""question"": ""Solve 15.4/2  - 2(6.2 - 15.6)"", ""options"": [""26.5"", ""4.5"", ""11.1""], ""correct"": ""26.5"", ""answer_text"": null, ""category"": null, ""source_file"": ""Module 1 Questions.doc"", ""source_module"": ""M1"", ""fmt"": ""csv"", ""module"": ""M1"", ""syllabusRef"": """", ""level"": """", ""difficulty"": ""EASY"", ""subTopic"": """", ""isEssay"": false}",False
M1,,,What is angle x,120(,60(,30(,,60(,EASY,,,,DRAFT,"Matched from Module 1 Answers.txt (Test 18 Q1, score=0.75)",1,Module 1 Questions.doc,"{""raw"": ""What is angle x"", ""question"": ""What is angle x"", ""options"": [""120("", ""60("", ""30(""], ""correct"": ""60("", ""answer_text"": null, ""category"": null, ""source_file"": ""Module 1 Questions.doc"", ""source_module"": ""M1"", ""fmt"": ""csv"", ""module"": ""M1"", ""syllabusRef"": """", ""level"": """", ""difficulty"": ""EASY"", ""subTopic"": """", ""isEssay"": false}",False
M1,M1.8.9,,3.   A mound of soil is piled up into a cone of base diameter 1.8m and height 0.6 m.  What is the volume of soil?,0.5 m3,1.5 m3,1.0 m3,,0.5 m3,MEDIUM,,,,DRAFT,"Matched from Module 1 Answers.txt (Test 18 Q3, score=0.90)",1,Module 1 Questions.doc,"{""raw"": ""3.   A mound of soil is piled up into a cone of base diameter 1.8m and height 0.6 m.  What is the volume of soil?"", ""question"": ""3.   A mound of soil is piled up into a cone of base diameter 1.8m and height 0.6 m.  What is the volume of soil?"", ""options"": [""0.5 m3"", ""1.5 m3"", ""1.0 m3""], ""correct"": ""0.5 m3"", ""answer_text"": null, ""category"": null, ""source_file"": ""Module 1 Questions.doc"", ""source_module"": ""M1"", ""fmt"": ""csv"", ""module"": ""M1"", ""syllabusRef"": ""M1.8.9"", ""level"": """", ""difficulty"": ""MEDIUM"", ""subTopic"": """", ""isEssay"": false}",False
M1,M1.8.9,,The heat of a resistor is given by the equation h = I2 RT.  Find the current I.,,,,,,MEDIUM,,,,DRAFT,"Matched from Module 1 Answers.txt (Test 18 Q4, score=0.96)",1,Module 1 Questions.doc,"{""raw"": ""The heat of a resistor is given by the equation h = I2 RT.  Find the current I."", ""question"": ""The heat of a resistor is given by the equation h = I2 RT.  Find the current I."", ""options"": [], ""correct"": """", ""answer_text"": null, ""category"": null, ""source_file"": ""Module 1 Questions.doc"", ""source_module"": ""M1"", ""fmt"": ""csv"", ""module"": ""M1"", ""syllabusRef"": ""M1.8.9"", ""level"": """", ""difficulty"": ""MEDIUM"", ""subTopic"": """", ""isEssay"": true}",True
M1,M1.8.9,,5.   What is the area of the shape below?,220 square inches,200 square inches,196 square inches,,196 square inches,EASY,,,,DRAFT,"Matched from Module 1 Answers.txt (Test 15 Q7, score=0.69)",1,Module 1 Questions.doc,"{""raw"": ""5.   What is the area of the shape below?"", ""question"": ""5.   What is the area of the shape below?"", ""options"": [""220 square inches"", ""200 square inches"", ""196 square inches""], ""correct"": ""196 square inches"", ""answer_text"": null, ""category"": null, ""source_file"": ""Module 1 Questions.doc"", ""source_module"": ""M1"", ""fmt"": ""csv"", ""module"": ""M1"", ""syllabusRef"": ""M1.8.9"", ""level"": """", ""difficulty"": ""EASY"", ""subTopic"": """", ""isEssay"": false}",False
M1,M1.8.9,,Factorise the following:,(x - 2)(x - 3),(x - 2)(x + 3),(x + 2)(x - 3),,(x + 2)(x - 3),EASY,,,,DRAFT,"Matched from Module 1 Answers.txt (Test 18 Q6, score=0.58)",1,Module 1 Questions.doc,"{""raw"": ""Factorise the following:"", ""question"": ""Factorise the following:"", ""options"": [""(x - 2)(x - 3)"", ""(x - 2)(x + 3)"", ""(x + 2)(x - 3)""], ""correct"": ""(x + 2)(x - 3)"", ""answer_text"": null, ""category"": null, ""source_file"": ""Module 1 Questions.doc"", ""source_module"": ""M1"", ""fmt"": ""csv"", ""module"": ""M1"", ""syllabusRef"": ""M1.8.9"", ""level"": """", ""difficulty"": ""EASY"", ""subTopic"": """", ""isEssay"": false}",False
M1,,,5/8 ths of 60 is,0.01,37 1/2,96,,37 1/2,EASY,,,,DRAFT,"Matched from Module 1 Answers.txt (Test 18 Q7, score=0.68)",1,Module 1 Questions.doc,"{""raw"": ""5/8 ths of 60 is"", ""question"": ""5/8 ths of 60 is"", ""options"": [""0.01"", ""37 1/2"", ""96""], ""correct"": ""37 1/2"", ""answer_text"": null, ""category"": null, ""source_file"": ""Module 1 Questions.doc"", ""source_module"": ""M1"", ""fmt"": ""csv"", ""module"": ""M1"", ""syllabusRef"": """", ""level"": """", ""difficulty"": ""EASY"", ""subTopic"": """", ""isEssay"": false}",False
M1,M1.8.9,,"8.   What is the supplement of 13( 13' 13""?","166( 66' 67""","276( 66' 67""","76( 66' 67""",,"166( 66' 67""",EASY,,,,DRAFT,"Matched from Module 1 Answers.txt (Test 18 Q8, score=0.69)",1,Module 1 Questions.doc,"{""raw"": ""8.   What is the supplement of 13( 13' 13\""?"", ""question"": ""8.   What is the supplement of 13( 13' 13\""?"", ""options"": [""166( 66' 67\"""", ""276( 66' 67\"""", ""76( 66' 67\""""], ""correct"": ""166( 66' 67\"""", ""answer_text"": null, ""category"": null, ""source_file"": ""Module 1 Questions.doc"", ""source_module"": ""M1"", ""fmt"": ""csv"", ""module"": ""M1"", ""syllabusRef"": ""M1.8.9"", ""level"": """", ""difficulty"": ""EASY"", ""subTopic"": """", ""isEssay"": false}",False
M1,,,9.   How many pairs of parallel sides has a trapezium?,0 pairs of parallel sides,1 pair of parallel sides,2 pairs of parallel sides,,1 pair of parallel sides,MEDIUM,,,,DRAFT,"Matched from Module 1 Answers.txt (Test 14 Q3, score=0.62)",1,Module 1 Questions.doc,"{""raw"": ""9.   How many pairs of parallel sides has a trapezium?"", ""question"": ""9.   How many pairs of parallel sides has a trapezium?"", ""options"": [""0 pairs of parallel sides"", ""1 pair of parallel sides"", ""2 pairs of parallel sides""], ""correct"": ""1 pair of parallel sides"", ""answer_text"": null, ""category"": null, ""source_file"": ""Module 1 Questions.doc"", ""source_module"": ""M1"", ""fmt"": ""csv"", ""module"": ""M1"", ""syllabusRef"": """", ""level"": """", ""difficulty"": ""MEDIUM"", ""subTopic"": """", ""isEssay"": false}",False
M1,M1.8.9,,"In a parallelogram, if all the sides are of equal length and 1 angle is 90(, it is a",rhomboid,quadrilateral,square,,square,MEDIUM,,,,DRAFT,"Matched from Module 1 Answers.txt (Test 18 Q10, score=0.79)",1,Module 1 Questions.doc,"{""raw"": ""In a parallelogram, if all the sides are of equal length and 1 angle is 90(, it is a"", ""question"": ""In a parallelogram, if all the sides are of equal length and 1 angle is 90(, it is a"", ""options"": [""rhomboid"", ""quadrilateral"", ""square""], ""correct"": ""square"", ""answer_text"": null, ""category"": null, ""source_file"": ""Module 1 Questions.doc"", ""source_module"": ""M1"", ""fmt"": ""csv"", ""module"": ""M1"", ""syllabusRef"": ""M1.8.9"", ""level"": """", ""difficulty"": ""MEDIUM"", ""subTopic"": """", ""isEssay"": false}",False
M1,,,In a rhombus,all sides are equal length with no angles 90(,adjacent sides are different lengths with no angles 90(,all sides are different length with no angles 90(,,,EASY,,,,NEEDS_ANSWER,NEEDS_ANSWER — answer not provided in source; solve via admin review,1,Module 1 Questions.doc,"{""raw"": ""In a rhombus"", ""question"": ""In a rhombus"", ""options"": [""all sides are equal length with no angles 90("", ""adjacent sides are different lengths with no angles 90("", ""all sides are different length with no angles 90(""], ""correct"": """", ""answer_text"": null, ""category"": null, ""source_file"": ""Module 1 Questions.doc"", ""source_module"": ""M1"", ""fmt"": ""csv"", ""module"": ""M1"", ""syllabusRef"": """", ""level"": """", ""difficulty"": ""EASY"", ""subTopic"": """", ""isEssay"": false}",False
M1,,,2.   What is 1 radian in degrees?,57(,270(,66(,,57(,EASY,,,,DRAFT,"Matched from Module 1 Answers.txt (Test 19 Q2, score=0.82)",1,Module 1 Questions.doc,"{""raw"": ""2.   What is 1 radian in degrees?"", ""question"": ""2.   What is 1 radian in degrees?"", ""options"": [""57("", ""270("", ""66(""], ""correct"": ""57("", ""answer_text"": null, ""category"": null, ""source_file"": ""Module 1 Questions.doc"", ""source_module"": ""M1"", ""fmt"": ""csv"", ""module"": ""M1"", ""syllabusRef"": """", ""level"": """", ""difficulty"": ""EASY"", ""subTopic"": """", ""isEssay"": false}",False
M1,M1.8.9,,What is the gradient?,1/4,3/4,4/1,,3/4,EASY,3.   A straight line graph has the equation,,,DRAFT,"Matched from Module 1 Answers.txt (Test 16 Q2, score=0.55)",1,Module 1 Questions.doc,"{""raw"": ""What is the gradient?"", ""question"": ""What is the gradient?"", ""options"": [""1/4"", ""3/4"", ""4/1""], ""correct"": ""3/4"", ""answer_text"": null, ""category"": null, ""source_file"": ""Module 1 Questions.doc"", ""source_module"": ""M1"", ""fmt"": ""csv"", ""module"": ""M1"", ""syllabusRef"": ""M1.8.9"", ""level"": """", ""difficulty"": ""EASY"", ""subTopic"": ""3.   A straight line graph has the equation"", ""isEssay"": false}",False
M1,,,(52 x 53)2 is,512,510,57,,510,EASY,,,,DRAFT,"Matched from Module 1 Answers.txt (Test 19 Q4, score=0.69)",1,Module 1 Questions.doc,"{""raw"": ""(52 x 53)2 is"", ""question"": ""(52 x 53)2 is"", ""options"": [""512"", ""510"", ""57""], ""correct"": ""510"", ""answer_text"": null, ""category"": null, ""source_file"": ""Module 1 Questions.doc"", ""source_module"": ""M1"", ""fmt"": ""csv"", ""module"": ""M1"", ""syllabusRef"": """", ""level"": """", ""difficulty"": ""EASY"", ""subTopic"": """", ""isEssay"": false}",False
M1,,,(x + y)2           has a base and exponent of,(x + y)- 6,(x + y)1/4,(x + y)10,,(x + y)- 6,EASY,,,,DRAFT,"Matched from Module 1 Answers.txt (Test 19 Q5, score=0.70)",1,Module 1 Questions.doc,"{""raw"": ""(x + y)2           has a base and exponent of"", ""question"": ""(x + y)2           has a base and exponent of"", ""options"": [""(x + y)- 6"", ""(x + y)1/4"", ""(x + y)10""], ""correct"": ""(x + y)- 6"", ""answer_text"": null, ""category"": null, ""source_file"": ""Module 1 Questions.doc"", ""source_module"": ""M1"", ""fmt"": ""csv"", ""module"": ""M1"", ""syllabusRef"": """", ""level"": """", ""difficulty"": ""EASY"", ""subTopic"": """", ""isEssay"": false}",False
M1,M1.8.9,,An isosceles triangle has the following properties:,Two sides parallel,Two sides the same length,Three sides the same length,,Two sides the same length,MEDIUM,,,,DRAFT,"Matched from Module 1 Answers.txt (Test 19 Q7, score=0.58)",1,Module 1 Questions.doc,"{""raw"": ""An isosceles triangle has the following properties:"", ""question"": ""An isosceles triangle has the following properties:"", ""options"": [""Two sides parallel"", ""Two sides the same length"", ""Three sides the same length""], ""correct"": ""Two sides the same length"", ""answer_text"": null, ""category"": null, ""source_file"": ""Module 1 Questions.doc"", ""source_module"": ""M1"", ""fmt"": ""csv"", ""module"": ""M1"", ""syllabusRef"": ""M1.8.9"", ""level"": """", ""difficulty"": ""MEDIUM"", ""subTopic"": """", ""isEssay"": false}",False
M1,M1.8.9,,In an oblique triangle the axis is,at a slant to the base,parallel to the base,perpendicular to the base,,at a slant to the base,EASY,,,,DRAFT,"Matched from Module 1 Answers.txt (Test 19 Q8, score=0.49)",1,Module 1 Questions.doc,"{""raw"": ""In an oblique triangle the axis is"", ""question"": ""In an oblique triangle the axis is"", ""options"": [""at a slant to the base"", ""parallel to the base"", ""perpendicular to the base""], ""correct"": ""at a slant to the base"", ""answer_text"": null, ""category"": null, ""source_file"": ""Module 1 Questions.doc"", ""source_module"": ""M1"", ""fmt"": ""csv"", ""module"": ""M1"", ""syllabusRef"": ""M1.8.9"", ""level"": """", ""difficulty"": ""EASY"", ""subTopic"": """", ""isEssay"": false}",False
M1,M1.8.9,,Factorise the following:     4x2 - 6x - 28 = 0,(2x + 7) (x - 2),(4x - 14) (x + 2),(2x2 +7) (x + 2),,(4x - 14) (x + 2),EASY,,,,DRAFT,"Matched from Module 1 Answers.txt (Test 19 Q9, score=0.71)",1,Module 1 Questions.doc,"{""raw"": ""Factorise the following:     4x2 - 6x - 28 = 0"", ""question"": ""Factorise the following:     4x2 - 6x - 28 = 0"", ""options"": [""(2x + 7) (x - 2)"", ""(4x - 14) (x + 2)"", ""(2x2 +7) (x + 2)""], ""correct"": ""(4x - 14) (x + 2)"", ""answer_text"": null, ""category"": null, ""source_file"": ""Module 1 Questions.doc"", ""source_module"": ""M1"", ""fmt"": ""csv"", ""module"": ""M1"", ""syllabusRef"": ""M1.8.9"", ""level"": """", ""difficulty"": ""EASY"", ""subTopic"": """", ""isEssay"": false}",False
M1,M1.8.9,,Rewrite the following with a positive index:     Z-2 and X-3,1/Z2 and 1/X3,(ZX2)2; and (X)3,Z/22; and 1/X,,1/Z2 and 1/X3,MEDIUM,,,,DRAFT,"Matched from Module 1 Answers.txt (Test 20 Q1, score=0.73)",1,Module 1 Questions.doc,"{""raw"": ""Rewrite the following with a positive index:     Z-2 and X-3"", ""question"": ""Rewrite the following with a positive index:     Z-2 and X-3"", ""options"": [""1/Z2 and 1/X3"", ""(ZX2)2; and (X)3"", ""Z/22; and 1/X""], ""correct"": ""1/Z2 and 1/X3"", ""answer_text"": null, ""category"": null, ""source_file"": ""Module 1 Questions.doc"", ""source_module"": ""M1"", ""fmt"": ""csv"", ""module"": ""M1"", ""syllabusRef"": ""M1.8.9"", ""level"": """", ""difficulty"": ""MEDIUM"", ""subTopic"": """", ""isEssay"": false}",False
M1,,,2.   How far does a wheel of 7m radius travel in one revolution?,44m,22m,14,,44m,MEDIUM,,,,DRAFT,"Matched from Module 1 Answers.txt (Test 20 Q2, score=0.90)",1,Module 1 Questions.doc,"{""raw"": ""2.   How far does a wheel of 7m radius travel in one revolution?"", ""question"": ""2.   How far does a wheel of 7m radius travel in one revolution?"", ""options"": [""44m"", ""22m"", ""14""], ""correct"": ""44m"", ""answer_text"": null, ""category"": null, ""source_file"": ""Module 1 Questions.doc"", ""source_module"": ""M1"", ""fmt"": ""csv"", ""module"": ""M1"", ""syllabusRef"": """", ""level"": """", ""difficulty"": ""MEDIUM"", ""subTopic"": """", ""isEssay"": false}",False
M1,M1.8.9,,For an equation 2y = 5x + 3 what is the gradient,5x+3,3,5,,5,EASY,,,,DRAFT,"Matched from Module 1 Answers.txt (Test 20 Q3, score=0.85)",1,Module 1 Questions.doc,"{""raw"": ""For an equation 2y = 5x + 3 what is the gradient"", ""question"": ""For an equation 2y = 5x + 3 what is the gradient"", ""options"": [""5x+3"", ""3"", ""5""], ""correct"": ""5"", ""answer_text"": null, ""category"": null, ""source_file"": ""Module 1 Questions.doc"", ""source_module"": ""M1"", ""fmt"": ""csv"", ""module"": ""M1"", ""syllabusRef"": ""M1.8.9"", ""level"": """", ""difficulty"": ""EASY"", ""subTopic"": """", ""isEssay"": false}",False
M1,M1.11.2,,4.   For a scalene triangle which is true?,No 2 sides are equal,One angle is acute,2 sides are equal,,No 2 sides are equal,EASY,,,,DRAFT,"Matched from Module 1 Answers.txt (Test 20 Q4, score=0.55)",1,Module 1 Questions.doc,"{""raw"": ""4.   For a scalene triangle which is true?"", ""question"": ""4.   For a scalene triangle which is true?"", ""options"": [""No 2 sides are equal"", ""One angle is acute"", ""2 sides are equal""], ""correct"": ""No 2 sides are equal"", ""answer_text"": null, ""category"": null, ""source_file"": ""Module 1 Questions.doc"", ""source_module"": ""M1"", ""fmt"": ""csv"", ""module"": ""M1"", ""syllabusRef"": ""M1.11.2"", ""level"": """", ""difficulty"": ""EASY"", ""subTopic"": """", ""isEssay"": false}",False
M1,,,Evaluate (a+b)(a-b),a2 - b2,a + ab + b,ab,,a2 - b2,EASY,,,,DRAFT,"Matched from Module 1 Answers.txt (Test 20 Q5, score=0.67)",1,Module 1 Questions.doc,"{""raw"": ""Evaluate (a+b)(a-b)"", ""question"": ""Evaluate (a+b)(a-b)"", ""options"": [""a2 - b2"", ""a + ab + b"", ""ab""], ""correct"": ""a2 - b2"", ""answer_text"": null, ""category"": null, ""source_file"": ""Module 1 Questions.doc"", ""source_module"": ""M1"", ""fmt"": ""csv"", ""module"": ""M1"", ""syllabusRef"": """", ""level"": """", ""difficulty"": ""EASY"", ""subTopic"": """", ""isEssay"": false}",False
M1,M1.8.9,,"6.   Using cosine to find the angle of a triangle, which statement is true?",Adj. / hyp,Opp / adj,Opp / hyp,,Adj. / hyp,MEDIUM,,,,DRAFT,"Matched from Module 1 Answers.txt (Test 20 Q6, score=0.84)",1,Module 1 Questions.doc,"{""raw"": ""6.   Using cosine to find the angle of a triangle, which statement is true?"", ""question"": ""6.   Using cosine to find the angle of a triangle, which statement is true?"", ""options"": [""Adj. / hyp"", ""Opp / adj"", ""Opp / hyp""], ""correct"": ""Adj. / hyp"", ""answer_text"": null, ""category"": null, ""source_file"": ""Module 1 Questions.doc"", ""source_module"": ""M1"", ""fmt"": ""csv"", ""module"": ""M1"", ""syllabusRef"": ""M1.8.9"", ""level"": """", ""difficulty"": ""MEDIUM"", ""subTopic"": """", ""isEssay"": false}",False
M1,,,What is 30% of 0.01,0.03,0.0003,0.003,,0.003,EASY,,,,DRAFT,"Matched from Module 1 Answers.txt (Test 20 Q8, score=0.67)",1,Module 1 Questions.doc,"{""raw"": ""What is 30% of 0.01"", ""question"": ""What is 30% of 0.01"", ""options"": [""0.03"", ""0.0003"", ""0.003""], ""correct"": ""0.003"", ""answer_text"": null, ""category"": null, ""source_file"": ""Module 1 Questions.doc"", ""source_module"": ""M1"", ""fmt"": ""csv"", ""module"": ""M1"", ""syllabusRef"": """", ""level"": """", ""difficulty"": ""EASY"", ""subTopic"": """", ""isEssay"": false}",False
M1,,,Evaluate   15.4 / 2,29.9,26.5,,,,MEDIUM,,,,DRAFT,"Matched from Module 1 Answers.txt (Test 21 Q2, score=0.60)",1,Module 1 Questions.doc,"{""raw"": ""Evaluate   15.4 / 2"", ""question"": ""Evaluate   15.4 / 2"", ""options"": [""29.9"", ""26.5""], ""correct"": """", ""answer_text"": null, ""category"": null, ""source_file"": ""Module 1 Questions.doc"", ""source_module"": ""M1"", ""fmt"": ""csv"", ""module"": ""M1"", ""syllabusRef"": """", ""level"": """", ""difficulty"": ""MEDIUM"", ""subTopic"": """", ""isEssay"": false}",False
M1,,,2x = 4(x - 3)         evaluate,0.5,2,6,,6,EASY,,,,DRAFT,"Matched from Module 1 Answers.txt (Test 21 Q2, score=0.81)",1,Module 1 Questions.doc,"{""raw"": ""2x = 4(x - 3)         evaluate"", ""question"": ""2x = 4(x - 3)         evaluate"", ""options"": [""0.5"", ""2"", ""6""], ""correct"": ""6"", ""answer_text"": null, ""category"": null, ""source_file"": ""Module 1 Questions.doc"", ""source_module"": ""M1"", ""fmt"": ""csv"", ""module"": ""M1"", ""syllabusRef"": """", ""level"": """", ""difficulty"": ""EASY"", ""subTopic"": """", ""isEssay"": false}",False
M1,,,A shape with 4 equal sides and one 90,parallelogram,rhombus,square,,square,EASY,,,,DRAFT,"Matched from Module 1 Answers.txt (Test 21 Q3, score=0.65)",1,Module 1 Questions.doc,"{""raw"": ""A shape with 4 equal sides and one 90"", ""question"": ""A shape with 4 equal sides and one 90"", ""options"": [""parallelogram"", ""rhombus"", ""square""], ""correct"": ""square"", ""answer_text"": null, ""category"": null, ""source_file"": ""Module 1 Questions.doc"", ""source_module"": ""M1"", ""fmt"": ""csv"", ""module"": ""M1"", ""syllabusRef"": """", ""level"": """", ""difficulty"": ""EASY"", ""subTopic"": """", ""isEssay"": false}",False
M1,,,"12x  +  14  =  50    When y = 2, solve x",14,12,11.6,,12,EASY,,,,DRAFT,"Matched from Module 1 Answers.txt (Test 21 Q4, score=0.79)",1,Module 1 Questions.doc,"{""raw"": ""12x  +  14  =  50    When y = 2, solve x"", ""question"": ""12x  +  14  =  50    When y = 2, solve x"", ""options"": [""14"", ""12"", ""11.6""], ""correct"": ""12"", ""answer_text"": null, ""category"": null, ""source_file"": ""Module 1 Questions.doc"", ""source_module"": ""M1"", ""fmt"": ""csv"", ""module"": ""M1"", ""syllabusRef"": """", ""level"": """", ""difficulty"": ""EASY"", ""subTopic"": """", ""isEssay"": false}",False
M1,,,5.   What type of equation is y = x2 + 9x + 14?,Quadratic,Exponential,Circular,,Quadratic,EASY,,,,DRAFT,"Matched from Module 1 Answers.txt (Test 21 Q5, score=0.68)",1,Module 1 Questions.doc,"{""raw"": ""5.   What type of equation is y = x2 + 9x + 14?"", ""question"": ""5.   What type of equation is y = x2 + 9x + 14?"", ""options"": [""Quadratic"", ""Exponential"", ""Circular""], ""correct"": ""Quadratic"", ""answer_text"": null, ""category"": null, ""source_file"": ""Module 1 Questions.doc"", ""source_module"": ""M1"", ""fmt"": ""csv"", ""module"": ""M1"", ""syllabusRef"": """", ""level"": """", ""difficulty"": ""EASY"", ""subTopic"": """", ""isEssay"": false}",False
M1,,,6.   How many radians are in 360(?,2pi,4pi,65,,2pi,EASY,,,,DRAFT,"Matched from Module 1 Answers.txt (Test 21 Q6, score=0.81)",1,Module 1 Questions.doc,"{""raw"": ""6.   How many radians are in 360(?"", ""question"": ""6.   How many radians are in 360(?"", ""options"": [""2pi"", ""4pi"", ""65""], ""correct"": ""2pi"", ""answer_text"": null, ""category"": null, ""source_file"": ""Module 1 Questions.doc"", ""source_module"": ""M1"", ""fmt"": ""csv"", ""module"": ""M1"", ""syllabusRef"": """", ""level"": """", ""difficulty"": ""EASY"", ""subTopic"": """", ""isEssay"": false}",False
M1,M1.8.9,,Complete the following: sin a =,opposite side divided by the hypotenuse side,adjacent side divided by the opposite side,a squared times b squared,,adjacent side divided by the opposite side,EASY,,,,DRAFT,"Matched from Module 1 Answers.txt (Test 1 Q3, score=0.51)",1,Module 1 Questions.doc,"{""raw"": ""Complete the following: sin a ="", ""question"": ""Complete the following: sin a ="", ""options"": [""opposite side divided by the hypotenuse side"", ""adjacent side divided by the opposite side"", ""a squared times b squared""], ""correct"": ""adjacent side divided by the opposite side"", ""answer_text"": null, ""category"": null, ""source_file"": ""Module 1 Questions.doc"", ""source_module"": ""M1"", ""fmt"": ""csv"", ""module"": ""M1"", ""syllabusRef"": ""M1.8.9"", ""level"": """", ""difficulty"": ""EASY"", ""subTopic"": """", ""isEssay"": false}",False
M1,M1.8.9,,The sum of the internal angles of a triangle is,360(,2pi radians,180(,,180(,EASY,,,,DRAFT,"Matched from Module 1 Answers.txt (Test 21 Q10, score=0.75)",1,Module 1 Questions.doc,"{""raw"": ""The sum of the internal angles of a triangle is"", ""question"": ""The sum of the internal angles of a triangle is"", ""options"": [""360("", ""2pi radians"", ""180(""], ""correct"": ""180("", ""answer_text"": null, ""category"": null, ""source_file"": ""Module 1 Questions.doc"", ""source_module"": ""M1"", ""fmt"": ""csv"", ""module"": ""M1"", ""syllabusRef"": ""M1.8.9"", ""level"": """", ""difficulty"": ""EASY"", ""subTopic"": """", ""isEssay"": false}",False
M1,,,What is 0111000012 in Octal,324,452,341,,341,EASY,,,,DRAFT,"Matched from Module 1 Answers.txt (Test 22 Q2, score=0.82)",1,Module 1 Questions.doc,"{""raw"": ""What is 0111000012 in Octal"", ""question"": ""What is 0111000012 in Octal"", ""options"": [""324"", ""452"", ""341""], ""correct"": ""341"", ""answer_text"": null, ""category"": null, ""source_file"": ""Module 1 Questions.doc"", ""source_module"": ""M1"", ""fmt"": ""csv"", ""module"": ""M1"", ""syllabusRef"": """", ""level"": """", ""difficulty"": ""EASY"", ""subTopic"": """", ""isEssay"": false}",False
M1,M1.8.9,,4.   What is the highest factor of 153?,3,6,9,,9,EASY,,,,DRAFT,"Matched from Module 1 Answers.txt (Test 22 Q4, score=0.89)",1,Module 1 Questions.doc,"{""raw"": ""4.   What is the highest factor of 153?"", ""question"": ""4.   What is the highest factor of 153?"", ""options"": [""3"", ""6"", ""9""], ""correct"": ""9"", ""answer_text"": null, ""category"": null, ""source_file"": ""Module 1 Questions.doc"", ""source_module"": ""M1"", ""fmt"": ""csv"", ""module"": ""M1"", ""syllabusRef"": ""M1.8.9"", ""level"": """", ""difficulty"": ""EASY"", ""subTopic"": """", ""isEssay"": false}",False
M1,,,BCD format of numbering system having base of,10,8,2,,2,EASY,,,,DRAFT,"Matched from Module 1 Answers.txt (Test 22 Q6, score=0.93)",1,Module 1 Questions.doc,"{""raw"": ""BCD format of numbering system having base of"", ""question"": ""BCD format of numbering system having base of"", ""options"": [""10"", ""8"", ""2""], ""correct"": ""2"", ""answer_text"": null, ""category"": null, ""source_file"": ""Module 1 Questions.doc"", ""source_module"": ""M1"", ""fmt"": ""csv"", ""module"": ""M1"", ""syllabusRef"": """", ""level"": """", ""difficulty"": ""EASY"", ""subTopic"": """", ""isEssay"": false}",False
M1,,,27y = 3 so y is equal to:,1/9,1/3,9/1,,1/9,EASY,,,,DRAFT,"Matched from Module 1 Answers.txt (Test 22 Q7, score=0.79)",1,Module 1 Questions.doc,"{""raw"": ""27y = 3 so y is equal to:"", ""question"": ""27y = 3 so y is equal to:"", ""options"": [""1/9"", ""1/3"", ""9/1""], ""correct"": ""1/9"", ""answer_text"": null, ""category"": null, ""source_file"": ""Module 1 Questions.doc"", ""source_module"": ""M1"", ""fmt"": ""csv"", ""module"": ""M1"", ""syllabusRef"": """", ""level"": """", ""difficulty"": ""EASY"", ""subTopic"": """", ""isEssay"": false}",False
M1,M1.8.9,,8.   An aeroplane has 1800 gallons of fuel on board. 35% in the left wing 42.5% in the right wing how much fuel is in the centre tank?,405 gallons,183 gallons,545 gallons,,545 gallons,MEDIUM,,,,DRAFT,"Matched from Module 1 Answers.txt (Test 14 Q10, score=0.54)",1,Module 1 Questions.doc,"{""raw"": ""8.   An aeroplane has 1800 gallons of fuel on board. 35% in the left wing 42.5% in the right wing how much fuel is in the centre tank?"", ""question"": ""8.   An aeroplane has 1800 gallons of fuel on board. 35% in the left wing 42.5% in the right wing how much fuel is in the centre tank?"", ""options"": [""405 gallons"", ""183 gallons"", ""545 gallons""], ""correct"": ""545 gallons"", ""answer_text"": null, ""category"": null, ""source_file"": ""Module 1 Questions.doc"", ""source_module"": ""M1"", ""fmt"": ""csv"", ""module"": ""M1"", ""syllabusRef"": ""M1.8.9"", ""level"": """", ""difficulty"": ""MEDIUM"", ""subTopic"": """", ""isEssay"": false}",False
