module,syllabusRef,level,text,optionA,optionB,optionC,optionD,correctAnswer,difficulty,subTopic,aiSourceRef,aiConfidence,status,reviewNote,points,sourceFile,rawJson,isEssay
M13,M13.13.7(a),,1. What was the primary function of early automatic pilots?,To manage thrust levels automatically during all phases of flight,To provide pilot relief by maintaining straight and level flight,To assist in vertical navigation during descent,,To provide pilot relief by maintaining straight and level flight,MEDIUM,,,HIGH,ANSWERED,Early autopilots provided pilot relief by maintaining straight and level flight,1,MODULE 13_Questions.pdf,"{""raw"": ""1. What was the primary function of early automatic pilots?"", ""question"": ""1. What was the primary function of early automatic pilots?"", ""options"": [""To manage thrust levels automatically during all phases of flight"", ""To provide pilot relief by maintaining straight and level flight"", ""To assist in vertical navigation during descent""], ""correct"": ""To provide pilot relief by maintaining straight and level flight"", ""answer_text"": null, ""category"": null, ""source_file"": ""MODULE 13_Questions.pdf"", ""source_module"": ""M13"", ""fmt"": ""csv"", ""module"": ""M13"", ""syllabusRef"": ""M13.13.7(a)"", ""level"": """", ""difficulty"": ""MEDIUM"", ""subTopic"": """", ""isEssay"": false}",False
M13,M13.30.05,,autopilot systems?,Hydraulic actuators,Transistorised electronics,Pneumatic controllers,,Hydraulic actuators,EASY,2. What technological advancement allowed for major improvements in,,MEDIUM,ANSWERED,Matched from corpus-option,1,MODULE 13_Questions.pdf,"{""raw"": ""autopilot systems?"", ""question"": ""autopilot systems?"", ""options"": [""Hydraulic actuators"", ""Transistorised electronics"", ""Pneumatic controllers""], ""correct"": ""Hydraulic actuators"", ""answer_text"": null, ""category"": null, ""source_file"": ""MODULE 13_Questions.pdf"", ""source_module"": ""M13"", ""fmt"": ""csv"", ""module"": ""M13"", ""syllabusRef"": ""M13.30.05"", ""level"": """", ""difficulty"": ""EASY"", ""subTopic"": ""2. What technological advancement allowed for major improvements in"", ""isEssay"": false}",False
M13,M13.30.05,,commercial aircraft?,Pilot Assist Unit,Automatic Flight Control System (AFCS),Avionics Management Console,,Automatic Flight Control System (AFCS),EASY,3. What is the modern term used for advanced autopilot systems in,,MEDIUM,ANSWERED,Matched from corpus-option-overlap,1,MODULE 13_Questions.pdf,"{""raw"": ""commercial aircraft?"", ""question"": ""commercial aircraft?"", ""options"": [""Pilot Assist Unit"", ""Automatic Flight Control System (AFCS)"", ""Avionics Management Console""], ""correct"": ""Automatic Flight Control System (AFCS)"", ""answer_text"": null, ""category"": null, ""source_file"": ""MODULE 13_Questions.pdf"", ""source_module"": ""M13"", ""fmt"": ""csv"", ""module"": ""M13"", ""syllabusRef"": ""M13.30.05"", ""level"": """", ""difficulty"": ""EASY"", ""subTopic"": ""3. What is the modern term used for advanced autopilot systems in"", ""isEssay"": false}",False
M13,M13.0.3,,4. Which statement about AFCS in modern jet transports is correct?,All AFCS are exactly the same across aircraft models,AFCS are tailored to each aircraft but share common features,AFCS do not consider aerodynamic differences between aircraft,,AFCS are tailored to each aircraft but share common features,MEDIUM,,,MEDIUM,ANSWERED,Matched from corpus-option-overlap,1,MODULE 13_Questions.pdf,"{""raw"": ""4. Which statement about AFCS in modern jet transports is correct?"", ""question"": ""4. Which statement about AFCS in modern jet transports is correct?"", ""options"": [""All AFCS are exactly the same across aircraft models"", ""AFCS are tailored to each aircraft but share common features"", ""AFCS do not consider aerodynamic differences between aircraft""], ""correct"": ""AFCS are tailored to each aircraft but share common features"", ""answer_text"": null, ""category"": null, ""source_file"": ""MODULE 13_Questions.pdf"", ""source_module"": ""M13"", ""fmt"": ""csv"", ""module"": ""M13"", ""syllabusRef"": ""M13.0.3"", ""level"": """", ""difficulty"": ""MEDIUM"", ""subTopic"": """", ""isEssay"": false}",False
M13,M13.1.5,,"5. In the context of AFCS, what does the “attitude hold” mode help maintain?",Constant engine performance,Aircraft orientation in pitch and roll,Altitude only,,Aircraft orientation in pitch and roll,MEDIUM,,,MEDIUM,ANSWERED,Matched from corpus-option-overlap,1,MODULE 13_Questions.pdf,"{""raw"": ""5. In the context of AFCS, what does the “attitude hold” mode help maintain?"", ""question"": ""5. In the context of AFCS, what does the “attitude hold” mode help maintain?"", ""options"": [""Constant engine performance"", ""Aircraft orientation in pitch and roll"", ""Altitude only""], ""correct"": ""Aircraft orientation in pitch and roll"", ""answer_text"": null, ""category"": null, ""source_file"": ""MODULE 13_Questions.pdf"", ""source_module"": ""M13"", ""fmt"": ""csv"", ""module"": ""M13"", ""syllabusRef"": ""M13.1.5"", ""level"": """", ""difficulty"": ""MEDIUM"", ""subTopic"": """", ""isEssay"": false}",False
M13,M13.13.4(b),,though both use “attitude hold”?,They use different electrical power supplies,One is a military aircraft and the other is civilian,Their aerodynamic characteristics are different,,They use different electrical power supplies,EASY,"6. Why would autopilot gains differ between an MD-11 and an A380, even",,MEDIUM,ANSWERED,Matched from corpus-option-overlap,1,MODULE 13_Questions.pdf,"{""raw"": ""though both use “attitude hold”?"", ""question"": ""though both use “attitude hold”?"", ""options"": [""They use different electrical power supplies"", ""One is a military aircraft and the other is civilian"", ""Their aerodynamic characteristics are different""], ""correct"": ""They use different electrical power supplies"", ""answer_text"": null, ""category"": null, ""source_file"": ""MODULE 13_Questions.pdf"", ""source_module"": ""M13"", ""fmt"": ""csv"", ""module"": ""M13"", ""syllabusRef"": ""M13.13.4(b)"", ""level"": """", ""difficulty"": ""EASY"", ""subTopic"": ""6. Why would autopilot gains differ between an MD-11 and an A380, even"", ""isEssay"": false}",False
M13,M13.13.7(c),,7. What sensors provide attitude and heading information to the AFCS?,Pitot-static system and GPS,Vertical and directional gyros,Radar altimeter and VOR receiver,,Pitot-static system and GPS,MEDIUM,,,MEDIUM,ANSWERED,Matched from corpus-option-overlap,1,MODULE 13_Questions.pdf,"{""raw"": ""7. What sensors provide attitude and heading information to the AFCS?"", ""question"": ""7. What sensors provide attitude and heading information to the AFCS?"", ""options"": [""Pitot-static system and GPS"", ""Vertical and directional gyros"", ""Radar altimeter and VOR receiver""], ""correct"": ""Pitot-static system and GPS"", ""answer_text"": null, ""category"": null, ""source_file"": ""MODULE 13_Questions.pdf"", ""source_module"": ""M13"", ""fmt"": ""csv"", ""module"": ""M13"", ""syllabusRef"": ""M13.13.7(c)"", ""level"": """", ""difficulty"": ""MEDIUM"", ""subTopic"": """", ""isEssay"": false}",False
M13,M13.13.7(c),,"8. In the AFCS, what role do the electric and/or hydraulic actuators play?",They interpret navigation data,They move the aircraft's control surfaces as the “muscles” of the,,,They move the aircraft's control surfaces as the “muscles” of the,MEDIUM,,,MEDIUM,ANSWERED,Matched from corpus-option-overlap,1,MODULE 13_Questions.pdf,"{""raw"": ""8. In the AFCS, what role do the electric and/or hydraulic actuators play?"", ""question"": ""8. In the AFCS, what role do the electric and/or hydraulic actuators play?"", ""options"": [""They interpret navigation data"", ""They move the aircraft's control surfaces as the “muscles” of the""], ""correct"": ""They move the aircraft's control surfaces as the “muscles” of the"", ""answer_text"": null, ""category"": null, ""source_file"": ""MODULE 13_Questions.pdf"", ""source_module"": ""M13"", ""fmt"": ""csv"", ""module"": ""M13"", ""syllabusRef"": ""M13.13.7(c)"", ""level"": """", ""difficulty"": ""MEDIUM"", ""subTopic"": """", ""isEssay"": false}",False
M13,M13.13.7(c),,9. What is the function of the AFCS computers in the system?,To manually override pilot control,To process sensor data and compute proper control responses,To activate engine control units,,To process sensor data and compute proper control responses,MEDIUM,,,MEDIUM,ANSWERED,Matched from corpus,1,MODULE 13_Questions.pdf,"{""raw"": ""9. What is the function of the AFCS computers in the system?"", ""question"": ""9. What is the function of the AFCS computers in the system?"", ""options"": [""To manually override pilot control"", ""To process sensor data and compute proper control responses"", ""To activate engine control units""], ""correct"": ""To process sensor data and compute proper control responses"", ""answer_text"": null, ""category"": null, ""source_file"": ""MODULE 13_Questions.pdf"", ""source_module"": ""M13"", ""fmt"": ""csv"", ""module"": ""M13"", ""syllabusRef"": ""M13.13.7(c)"", ""level"": """", ""difficulty"": ""MEDIUM"", ""subTopic"": """", ""isEssay"": false}",False
M13,M13.13.7(c),,What is the simplest form of autopilot found in small single-engine,Single-axis “wing leveler”,Multi-axis flight director,Fully integrated autopilot with autoland,,Single-axis “wing leveler”,MEDIUM,,,MEDIUM,ANSWERED,Matched from corpus-option-overlap,1,MODULE 13_Questions.pdf,"{""raw"": ""What is the simplest form of autopilot found in small single-engine"", ""question"": ""What is the simplest form of autopilot found in small single-engine"", ""options"": [""Single-axis “wing leveler”"", ""Multi-axis flight director"", ""Fully integrated autopilot with autoland""], ""correct"": ""Single-axis “wing leveler”"", ""answer_text"": null, ""category"": null, ""source_file"": ""MODULE 13_Questions.pdf"", ""source_module"": ""M13"", ""fmt"": ""csv"", ""module"": ""M13"", ""syllabusRef"": ""M13.13.7(c)"", ""level"": """", ""difficulty"": ""MEDIUM"", ""subTopic"": """", ""isEssay"": false}",False
M13,M13.13.1(a),,How do modern three-axis autopilots in corporate jets compare to those in,They are significantly less advanced,They are only capable of straight and level flight,They have as many features and functions as those found on jet,,They have as many features and functions as those found on jet,MEDIUM,,,MEDIUM,ANSWERED,Matched from corpus-option-overlap,1,MODULE 13_Questions.pdf,"{""raw"": ""How do modern three-axis autopilots in corporate jets compare to those in"", ""question"": ""How do modern three-axis autopilots in corporate jets compare to those in"", ""options"": [""They are significantly less advanced"", ""They are only capable of straight and level flight"", ""They have as many features and functions as those found on jet""], ""correct"": ""They have as many features and functions as those found on jet"", ""answer_text"": null, ""category"": null, ""source_file"": ""MODULE 13_Questions.pdf"", ""source_module"": ""M13"", ""fmt"": ""csv"", ""module"": ""M13"", ""syllabusRef"": ""M13.13.1(a)"", ""level"": """", ""difficulty"": ""MEDIUM"", ""subTopic"": """", ""isEssay"": false}",False
M13,M13.30.05,,automatic flight control?,They do not use gyroscopic instruments,They are relatively unstable and can fly in multiple directions,They have fixed wings and stable aerodynamics,,They do not use gyroscopic instruments,EASY,12. What is a key reason helicopters require a different design approach for,,MEDIUM,ANSWERED,Matched from corpus-option-overlap,1,MODULE 13_Questions.pdf,"{""raw"": ""automatic flight control?"", ""question"": ""automatic flight control?"", ""options"": [""They do not use gyroscopic instruments"", ""They are relatively unstable and can fly in multiple directions"", ""They have fixed wings and stable aerodynamics""], ""correct"": ""They do not use gyroscopic instruments"", ""answer_text"": null, ""category"": null, ""source_file"": ""MODULE 13_Questions.pdf"", ""source_module"": ""M13"", ""fmt"": ""csv"", ""module"": ""M13"", ""syllabusRef"": ""M13.30.05"", ""level"": """", ""difficulty"": ""EASY"", ""subTopic"": ""12. What is a key reason helicopters require a different design approach for"", ""isEssay"": false}",False
M13,M13.14.5,,What advantage do autopilot systems bring to both simple and complex,Increased airspeed and fuel efficiency,Reduction in mechanical wear and tear,Reduced pilot workload and mental fatigue,,Reduced pilot workload and mental fatigue,MEDIUM,,,MEDIUM,ANSWERED,Matched from corpus-option-overlap,1,MODULE 13_Questions.pdf,"{""raw"": ""What advantage do autopilot systems bring to both simple and complex"", ""question"": ""What advantage do autopilot systems bring to both simple and complex"", ""options"": [""Increased airspeed and fuel efficiency"", ""Reduction in mechanical wear and tear"", ""Reduced pilot workload and mental fatigue""], ""correct"": ""Reduced pilot workload and mental fatigue"", ""answer_text"": null, ""category"": null, ""source_file"": ""MODULE 13_Questions.pdf"", ""source_module"": ""M13"", ""fmt"": ""csv"", ""module"": ""M13"", ""syllabusRef"": ""M13.14.5"", ""level"": """", ""difficulty"": ""MEDIUM"", ""subTopic"": """", ""isEssay"": false}",False
M13,M13.13.7(a),,attitude change?,They must remain fixed in a neutral position,They must be shortly deflected from their centered position,They must be fully deployed,,They must remain fixed in a neutral position,EASY,14. What must happen to primary flight controls to initiate or terminate an,,MEDIUM,ANSWERED,Matched from corpus-option-overlap,1,MODULE 13_Questions.pdf,"{""raw"": ""attitude change?"", ""question"": ""attitude change?"", ""options"": [""They must remain fixed in a neutral position"", ""They must be shortly deflected from their centered position"", ""They must be fully deployed""], ""correct"": ""They must remain fixed in a neutral position"", ""answer_text"": null, ""category"": null, ""source_file"": ""MODULE 13_Questions.pdf"", ""source_module"": ""M13"", ""fmt"": ""csv"", ""module"": ""M13"", ""syllabusRef"": ""M13.13.7(a)"", ""level"": """", ""difficulty"": ""EASY"", ""subTopic"": ""14. What must happen to primary flight controls to initiate or terminate an"", ""isEssay"": false}",False
M13,M13.0.3,,"During a climb, what is the typical position of the elevators after the climb",Fully up,Fully down,Centered,,Fully down,MEDIUM,,,MEDIUM,ANSWERED,Matched from corpus-option-overlap,1,MODULE 13_Questions.pdf,"{""raw"": ""During a climb, what is the typical position of the elevators after the climb"", ""question"": ""During a climb, what is the typical position of the elevators after the climb"", ""options"": [""Fully up"", ""Fully down"", ""Centered""], ""correct"": ""Fully down"", ""answer_text"": null, ""category"": null, ""source_file"": ""MODULE 13_Questions.pdf"", ""source_module"": ""M13"", ""fmt"": ""csv"", ""module"": ""M13"", ""syllabusRef"": ""M13.0.3"", ""level"": """", ""difficulty"": ""MEDIUM"", ""subTopic"": """", ""isEssay"": false}",False
M13,M13.13.06,,Which control surfaces are primarily used to initiate a turn or heading,Elevators and rudder only,"Ailerons, with assistance from spoilers and rudder",Rudder and flaps,,Elevators and rudder only,MEDIUM,,,MEDIUM,ANSWERED,Matched from corpus-option-overlap,1,MODULE 13_Questions.pdf,"{""raw"": ""Which control surfaces are primarily used to initiate a turn or heading"", ""question"": ""Which control surfaces are primarily used to initiate a turn or heading"", ""options"": [""Elevators and rudder only"", ""Ailerons, with assistance from spoilers and rudder"", ""Rudder and flaps""], ""correct"": ""Elevators and rudder only"", ""answer_text"": null, ""category"": null, ""source_file"": ""MODULE 13_Questions.pdf"", ""source_module"": ""M13"", ""fmt"": ""csv"", ""module"": ""M13"", ""syllabusRef"": ""M13.13.06"", ""level"": """", ""difficulty"": ""MEDIUM"", ""subTopic"": """", ""isEssay"": false}",False
M13,M13.13.7(a),,"In a typical level flight condition, what is the status of the primary flight",Continuously moving to adjust attitude,Centered unless a maneuver is initiated,Locked into position by the autopilot,,Centered unless a maneuver is initiated,MEDIUM,,,MEDIUM,ANSWERED,Matched from corpus-option-overlap,1,MODULE 13_Questions.pdf,"{""raw"": ""In a typical level flight condition, what is the status of the primary flight"", ""question"": ""In a typical level flight condition, what is the status of the primary flight"", ""options"": [""Continuously moving to adjust attitude"", ""Centered unless a maneuver is initiated"", ""Locked into position by the autopilot""], ""correct"": ""Centered unless a maneuver is initiated"", ""answer_text"": null, ""category"": null, ""source_file"": ""MODULE 13_Questions.pdf"", ""source_module"": ""M13"", ""fmt"": ""csv"", ""module"": ""M13"", ""syllabusRef"": ""M13.13.7(a)"", ""level"": """", ""difficulty"": ""MEDIUM"", ""subTopic"": """", ""isEssay"": false}",False
M13,M13.13.7(c),,18. What is the purpose of feedback in a close-loop control system?,To store past control movements for reference,To provide real-time information for system correction,To manually override automatic controls,,To provide real-time information for system correction,MEDIUM,,,MEDIUM,ANSWERED,Matched from corpus-option-overlap,1,MODULE 13_Questions.pdf,"{""raw"": ""18. What is the purpose of feedback in a close-loop control system?"", ""question"": ""18. What is the purpose of feedback in a close-loop control system?"", ""options"": [""To store past control movements for reference"", ""To provide real-time information for system correction"", ""To manually override automatic controls""], ""correct"": ""To provide real-time information for system correction"", ""answer_text"": null, ""category"": null, ""source_file"": ""MODULE 13_Questions.pdf"", ""source_module"": ""M13"", ""fmt"": ""csv"", ""module"": ""M13"", ""syllabusRef"": ""M13.13.7(c)"", ""level"": """", ""difficulty"": ""MEDIUM"", ""subTopic"": """", ""isEssay"": false}",False
M13,M13.13.7(c),,Why are close-loop control systems essential in modern automated,They require less electrical power,They enable full automation by providing feedback,They eliminate the need for actuators,,They require less electrical power,MEDIUM,,,MEDIUM,ANSWERED,Matched from corpus-option-overlap,1,MODULE 13_Questions.pdf,"{""raw"": ""Why are close-loop control systems essential in modern automated"", ""question"": ""Why are close-loop control systems essential in modern automated"", ""options"": [""They require less electrical power"", ""They enable full automation by providing feedback"", ""They eliminate the need for actuators""], ""correct"": ""They require less electrical power"", ""answer_text"": null, ""category"": null, ""source_file"": ""MODULE 13_Questions.pdf"", ""source_module"": ""M13"", ""fmt"": ""csv"", ""module"": ""M13"", ""syllabusRef"": ""M13.13.7(c)"", ""level"": """", ""difficulty"": ""MEDIUM"", ""subTopic"": """", ""isEssay"": false}",False
M13,M13.13.7(c),,"20. In a feedback control system, what is the 'input' also known as?",Process output,Reference value or set point,Sensor signal,,Process output,MEDIUM,,,MEDIUM,ANSWERED,Matched from corpus-option,1,MODULE 13_Questions.pdf,"{""raw"": ""20. In a feedback control system, what is the 'input' also known as?"", ""question"": ""20. In a feedback control system, what is the 'input' also known as?"", ""options"": [""Process output"", ""Reference value or set point"", ""Sensor signal""], ""correct"": ""Process output"", ""answer_text"": null, ""category"": null, ""source_file"": ""MODULE 13_Questions.pdf"", ""source_module"": ""M13"", ""fmt"": ""csv"", ""module"": ""M13"", ""syllabusRef"": ""M13.13.7(c)"", ""level"": """", ""difficulty"": ""MEDIUM"", ""subTopic"": """", ""isEssay"": false}",False
M13,M13.13.7(c),,"21. In the heating system example, what does the 'input' represent?",The current room temperature,The desired temperature setting,The speed of the fan motor,,The current room temperature,MEDIUM,,,MEDIUM,ANSWERED,Matched from corpus-option-overlap,1,MODULE 13_Questions.pdf,"{""raw"": ""21. In the heating system example, what does the 'input' represent?"", ""question"": ""21. In the heating system example, what does the 'input' represent?"", ""options"": [""The current room temperature"", ""The desired temperature setting"", ""The speed of the fan motor""], ""correct"": ""The current room temperature"", ""answer_text"": null, ""category"": null, ""source_file"": ""MODULE 13_Questions.pdf"", ""source_module"": ""M13"", ""fmt"": ""csv"", ""module"": ""M13"", ""syllabusRef"": ""M13.13.7(c)"", ""level"": """", ""difficulty"": ""MEDIUM"", ""subTopic"": """", ""isEssay"": false}",False
M13,M13.13.7(c),,22. What is the ‘process’ in the heating system example?,The heater,The thermostat knob,The air vent,,The air vent,MEDIUM,,,MEDIUM,ANSWERED,Matched from corpus-option-overlap,1,MODULE 13_Questions.pdf,"{""raw"": ""22. What is the ‘process’ in the heating system example?"", ""question"": ""22. What is the ‘process’ in the heating system example?"", ""options"": [""The heater"", ""The thermostat knob"", ""The air vent""], ""correct"": ""The air vent"", ""answer_text"": null, ""category"": null, ""source_file"": ""MODULE 13_Questions.pdf"", ""source_module"": ""M13"", ""fmt"": ""csv"", ""module"": ""M13"", ""syllabusRef"": ""M13.13.7(c)"", ""level"": """", ""difficulty"": ""MEDIUM"", ""subTopic"": """", ""isEssay"": false}",False
M13,M13.13.7(c),,23. What does the output of the feedback system represent?,The rate of control surface movement,"The measured variable being controlled (e.g., room temperature)",The power supply voltage,,"The measured variable being controlled (e.g., room temperature)",MEDIUM,,,MEDIUM,ANSWERED,Matched from corpus-option-overlap,1,MODULE 13_Questions.pdf,"{""raw"": ""23. What does the output of the feedback system represent?"", ""question"": ""23. What does the output of the feedback system represent?"", ""options"": [""The rate of control surface movement"", ""The measured variable being controlled (e.g., room temperature)"", ""The power supply voltage""], ""correct"": ""The measured variable being controlled (e.g., room temperature)"", ""answer_text"": null, ""category"": null, ""source_file"": ""MODULE 13_Questions.pdf"", ""source_module"": ""M13"", ""fmt"": ""csv"", ""module"": ""M13"", ""syllabusRef"": ""M13.13.7(c)"", ""level"": """", ""difficulty"": ""MEDIUM"", ""subTopic"": """", ""isEssay"": false}",False
M13,M13.1.5,,24. What is the role of the sensing element in the feedback loop?,To activate hydraulic power,To measure and monitor the output variable,To set the input value,,To measure and monitor the output variable,MEDIUM,,,MEDIUM,ANSWERED,Matched from corpus-option-overlap,1,MODULE 13_Questions.pdf,"{""raw"": ""24. What is the role of the sensing element in the feedback loop?"", ""question"": ""24. What is the role of the sensing element in the feedback loop?"", ""options"": [""To activate hydraulic power"", ""To measure and monitor the output variable"", ""To set the input value""], ""correct"": ""To measure and monitor the output variable"", ""answer_text"": null, ""category"": null, ""source_file"": ""MODULE 13_Questions.pdf"", ""source_module"": ""M13"", ""fmt"": ""csv"", ""module"": ""M13"", ""syllabusRef"": ""M13.1.5"", ""level"": """", ""difficulty"": ""MEDIUM"", ""subTopic"": """", ""isEssay"": false}",False
M13,M13.13.7(c),,"25. In the heating system, what typically acts as the sensing element?",A cooling fan,A temperature sensor,A room light sensor,,A temperature sensor,MEDIUM,,,MEDIUM,ANSWERED,Matched from corpus-option,1,MODULE 13_Questions.pdf,"{""raw"": ""25. In the heating system, what typically acts as the sensing element?"", ""question"": ""25. In the heating system, what typically acts as the sensing element?"", ""options"": [""A cooling fan"", ""A temperature sensor"", ""A room light sensor""], ""correct"": ""A temperature sensor"", ""answer_text"": null, ""category"": null, ""source_file"": ""MODULE 13_Questions.pdf"", ""source_module"": ""M13"", ""fmt"": ""csv"", ""module"": ""M13"", ""syllabusRef"": ""M13.13.7(c)"", ""level"": """", ""difficulty"": ""MEDIUM"", ""subTopic"": """", ""isEssay"": false}",False
M13,M13.13.7(c),,What is the function of the controller and actuating device in a feedback,To compare input and output values and reduce the error,To increase system pressure,To disable the feedback loop,,To increase system pressure,MEDIUM,,,MEDIUM,ANSWERED,Matched from corpus-option-overlap,1,MODULE 13_Questions.pdf,"{""raw"": ""What is the function of the controller and actuating device in a feedback"", ""question"": ""What is the function of the controller and actuating device in a feedback"", ""options"": [""To compare input and output values and reduce the error"", ""To increase system pressure"", ""To disable the feedback loop""], ""correct"": ""To increase system pressure"", ""answer_text"": null, ""category"": null, ""source_file"": ""MODULE 13_Questions.pdf"", ""source_module"": ""M13"", ""fmt"": ""csv"", ""module"": ""M13"", ""syllabusRef"": ""M13.13.7(c)"", ""level"": """", ""difficulty"": ""MEDIUM"", ""subTopic"": """", ""isEssay"": false}",False
M13,M13.13.7(c),,in the heating example?,The heater stays off,The controller activates the heater,The sensor resets the system,,The heater stays off,EASY,27. What happens when the output (room temperature) is below the set point,,MEDIUM,ANSWERED,Matched from corpus-option-overlap,1,MODULE 13_Questions.pdf,"{""raw"": ""in the heating example?"", ""question"": ""in the heating example?"", ""options"": [""The heater stays off"", ""The controller activates the heater"", ""The sensor resets the system""], ""correct"": ""The heater stays off"", ""answer_text"": null, ""category"": null, ""source_file"": ""MODULE 13_Questions.pdf"", ""source_module"": ""M13"", ""fmt"": ""csv"", ""module"": ""M13"", ""syllabusRef"": ""M13.13.7(c)"", ""level"": """", ""difficulty"": ""EASY"", ""subTopic"": ""27. What happens when the output (room temperature) is below the set point"", ""isEssay"": false}",False
M13,M13.13.7(c),,"28. What is ""hunting"" in a control system?",The system lagging behind a command input,The system overcorrecting alternately in both directions,The system shutting down automatically,,The system shutting down automatically,EASY,,,MEDIUM,ANSWERED,Matched from corpus-option-overlap,1,MODULE 13_Questions.pdf,"{""raw"": ""28. What is \""hunting\"" in a control system?"", ""question"": ""28. What is \""hunting\"" in a control system?"", ""options"": [""The system lagging behind a command input"", ""The system overcorrecting alternately in both directions"", ""The system shutting down automatically""], ""correct"": ""The system shutting down automatically"", ""answer_text"": null, ""category"": null, ""source_file"": ""MODULE 13_Questions.pdf"", ""source_module"": ""M13"", ""fmt"": ""csv"", ""module"": ""M13"", ""syllabusRef"": ""M13.13.7(c)"", ""level"": """", ""difficulty"": ""EASY"", ""subTopic"": """", ""isEssay"": false}",False
M13,M13.0.3,,29. What typically triggers hunting in a feedback system?,Constant output value,A sudden or transient input signal,Manual override by the pilot,,A sudden or transient input signal,MEDIUM,,,MEDIUM,ANSWERED,Matched from corpus-option-overlap,1,MODULE 13_Questions.pdf,"{""raw"": ""29. What typically triggers hunting in a feedback system?"", ""question"": ""29. What typically triggers hunting in a feedback system?"", ""options"": [""Constant output value"", ""A sudden or transient input signal"", ""Manual override by the pilot""], ""correct"": ""A sudden or transient input signal"", ""answer_text"": null, ""category"": null, ""source_file"": ""MODULE 13_Questions.pdf"", ""source_module"": ""M13"", ""fmt"": ""csv"", ""module"": ""M13"", ""syllabusRef"": ""M13.0.3"", ""level"": """", ""difficulty"": ""MEDIUM"", ""subTopic"": """", ""isEssay"": false}",False
M13,M13.13.7(c),,30. Why is hunting undesirable in an automatic control system?,It improves speed but reduces accuracy,It creates consistent operation,It leads to instability due to repeated overcorrection,,It creates consistent operation,MEDIUM,,,MEDIUM,ANSWERED,Matched from corpus-option-overlap,1,MODULE 13_Questions.pdf,"{""raw"": ""30. Why is hunting undesirable in an automatic control system?"", ""question"": ""30. Why is hunting undesirable in an automatic control system?"", ""options"": [""It improves speed but reduces accuracy"", ""It creates consistent operation"", ""It leads to instability due to repeated overcorrection""], ""correct"": ""It creates consistent operation"", ""answer_text"": null, ""category"": null, ""source_file"": ""MODULE 13_Questions.pdf"", ""source_module"": ""M13"", ""fmt"": ""csv"", ""module"": ""M13"", ""syllabusRef"": ""M13.13.7(c)"", ""level"": """", ""difficulty"": ""MEDIUM"", ""subTopic"": """", ""isEssay"": false}",False
M13,M13.13.7(c),,31. What is the most common solution to reduce or eliminate hunting?,Increasing actuator speed,Adding damping to the system,Removing feedback sensors,,Increasing actuator speed,MEDIUM,,,MEDIUM,ANSWERED,Matched from corpus-option-overlap,1,MODULE 13_Questions.pdf,"{""raw"": ""31. What is the most common solution to reduce or eliminate hunting?"", ""question"": ""31. What is the most common solution to reduce or eliminate hunting?"", ""options"": [""Increasing actuator speed"", ""Adding damping to the system"", ""Removing feedback sensors""], ""correct"": ""Increasing actuator speed"", ""answer_text"": null, ""category"": null, ""source_file"": ""MODULE 13_Questions.pdf"", ""source_module"": ""M13"", ""fmt"": ""csv"", ""module"": ""M13"", ""syllabusRef"": ""M13.13.7(c)"", ""level"": """", ""difficulty"": ""MEDIUM"", ""subTopic"": """", ""isEssay"": false}",False
M13,M13.13.7(c),,32. What effect does damping have on a system's response?,It causes faster overcorrection,It slows down the response to avoid overshoots,It disables the feedback loop,,It slows down the response to avoid overshoots,MEDIUM,,,MEDIUM,ANSWERED,Matched from corpus-option-overlap,1,MODULE 13_Questions.pdf,"{""raw"": ""32. What effect does damping have on a system's response?"", ""question"": ""32. What effect does damping have on a system's response?"", ""options"": [""It causes faster overcorrection"", ""It slows down the response to avoid overshoots"", ""It disables the feedback loop""], ""correct"": ""It slows down the response to avoid overshoots"", ""answer_text"": null, ""category"": null, ""source_file"": ""MODULE 13_Questions.pdf"", ""source_module"": ""M13"", ""fmt"": ""csv"", ""module"": ""M13"", ""syllabusRef"": ""M13.13.7(c)"", ""level"": """", ""difficulty"": ""MEDIUM"", ""subTopic"": """", ""isEssay"": false}",False
M13,M13.1.1,,Which of the following can act as a damping method in a mechanical,Temperature sensor,Brake or oil through a small orifice (like in shock absorbers),Accelerometer,,Temperature sensor,MEDIUM,,,MEDIUM,ANSWERED,Matched from corpus-option,1,MODULE 13_Questions.pdf,"{""raw"": ""Which of the following can act as a damping method in a mechanical"", ""question"": ""Which of the following can act as a damping method in a mechanical"", ""options"": [""Temperature sensor"", ""Brake or oil through a small orifice (like in shock absorbers)"", ""Accelerometer""], ""correct"": ""Temperature sensor"", ""answer_text"": null, ""category"": null, ""source_file"": ""MODULE 13_Questions.pdf"", ""source_module"": ""M13"", ""fmt"": ""csv"", ""module"": ""M13"", ""syllabusRef"": ""M13.1.1"", ""level"": """", ""difficulty"": ""MEDIUM"", ""subTopic"": """", ""isEssay"": false}",False
M13,M13.13.7(c),,"34. In an electronic control system, what can be used as a damping method?",Circuit breaker,Electrical resistance,Power inverter,,Circuit breaker,MEDIUM,,,MEDIUM,ANSWERED,Matched from corpus-option,1,MODULE 13_Questions.pdf,"{""raw"": ""34. In an electronic control system, what can be used as a damping method?"", ""question"": ""34. In an electronic control system, what can be used as a damping method?"", ""options"": [""Circuit breaker"", ""Electrical resistance"", ""Power inverter""], ""correct"": ""Circuit breaker"", ""answer_text"": null, ""category"": null, ""source_file"": ""MODULE 13_Questions.pdf"", ""source_module"": ""M13"", ""fmt"": ""csv"", ""module"": ""M13"", ""syllabusRef"": ""M13.13.7(c)"", ""level"": """", ""difficulty"": ""MEDIUM"", ""subTopic"": """", ""isEssay"": false}",False
M13,M13.13.7(c),,"35. In an autopilot system, what does the inner loop primarily stabilize?",Navigation data,Aircraft attitude around the pitch and roll axis,Engine performance,,Navigation data,MEDIUM,,,MEDIUM,ANSWERED,Matched from corpus-option,1,MODULE 13_Questions.pdf,"{""raw"": ""35. In an autopilot system, what does the inner loop primarily stabilize?"", ""question"": ""35. In an autopilot system, what does the inner loop primarily stabilize?"", ""options"": [""Navigation data"", ""Aircraft attitude around the pitch and roll axis"", ""Engine performance""], ""correct"": ""Navigation data"", ""answer_text"": null, ""category"": null, ""source_file"": ""MODULE 13_Questions.pdf"", ""source_module"": ""M13"", ""fmt"": ""csv"", ""module"": ""M13"", ""syllabusRef"": ""M13.13.7(c)"", ""level"": """", ""difficulty"": ""MEDIUM"", ""subTopic"": """", ""isEssay"": false}",False
M13,M13.13.7(c),,36. What does the inner loop control in terms of aircraft movement?,Landing gear and braking,Electrical system and hydraulics,"Lateral and vertical aircraft motion (e.g., airspeed, altitude, track)",,Landing gear and braking,MEDIUM,,,MEDIUM,ANSWERED,Matched from corpus-option-overlap,1,MODULE 13_Questions.pdf,"{""raw"": ""36. What does the inner loop control in terms of aircraft movement?"", ""question"": ""36. What does the inner loop control in terms of aircraft movement?"", ""options"": [""Landing gear and braking"", ""Electrical system and hydraulics"", ""Lateral and vertical aircraft motion (e.g., airspeed, altitude, track)""], ""correct"": ""Landing gear and braking"", ""answer_text"": null, ""category"": null, ""source_file"": ""MODULE 13_Questions.pdf"", ""source_module"": ""M13"", ""fmt"": ""csv"", ""module"": ""M13"", ""syllabusRef"": ""M13.13.7(c)"", ""level"": """", ""difficulty"": ""MEDIUM"", ""subTopic"": """", ""isEssay"": false}",False
M13,M13.13.7(c),,37. What role do attitude sensors play in the inner loop?,They manage fuel flow,They provide feedback on aircraft attitude,They control air conditioning,,They control air conditioning,MEDIUM,,,MEDIUM,ANSWERED,Matched from corpus-option-overlap,1,MODULE 13_Questions.pdf,"{""raw"": ""37. What role do attitude sensors play in the inner loop?"", ""question"": ""37. What role do attitude sensors play in the inner loop?"", ""options"": [""They manage fuel flow"", ""They provide feedback on aircraft attitude"", ""They control air conditioning""], ""correct"": ""They control air conditioning"", ""answer_text"": null, ""category"": null, ""source_file"": ""MODULE 13_Questions.pdf"", ""source_module"": ""M13"", ""fmt"": ""csv"", ""module"": ""M13"", ""syllabusRef"": ""M13.13.7(c)"", ""level"": """", ""difficulty"": ""MEDIUM"", ""subTopic"": """", ""isEssay"": false}",False
M13,M13.13.7(c),,activating actuators?,The flaps,The signal processor,The fuel controller,,The signal processor,EASY,38. What part of the autopilot system processes signals from sensors before,,MEDIUM,ANSWERED,Matched from corpus-option-overlap,1,MODULE 13_Questions.pdf,"{""raw"": ""activating actuators?"", ""question"": ""activating actuators?"", ""options"": [""The flaps"", ""The signal processor"", ""The fuel controller""], ""correct"": ""The signal processor"", ""answer_text"": null, ""category"": null, ""source_file"": ""MODULE 13_Questions.pdf"", ""source_module"": ""M13"", ""fmt"": ""csv"", ""module"": ""M13"", ""syllabusRef"": ""M13.13.7(c)"", ""level"": """", ""difficulty"": ""EASY"", ""subTopic"": ""38. What part of the autopilot system processes signals from sensors before"", ""isEssay"": false}",False
M13,M13.13.7(c),,"39. In the control loop diagram, what does the actuator control?",Radar system,Aircraft control surfaces,Cabin lighting,,Radar system,MEDIUM,,,MEDIUM,ANSWERED,Matched from corpus,1,MODULE 13_Questions.pdf,"{""raw"": ""39. In the control loop diagram, what does the actuator control?"", ""question"": ""39. In the control loop diagram, what does the actuator control?"", ""options"": [""Radar system"", ""Aircraft control surfaces"", ""Cabin lighting""], ""correct"": ""Radar system"", ""answer_text"": null, ""category"": null, ""source_file"": ""MODULE 13_Questions.pdf"", ""source_module"": ""M13"", ""fmt"": ""csv"", ""module"": ""M13"", ""syllabusRef"": ""M13.13.7(c)"", ""level"": """", ""difficulty"": ""MEDIUM"", ""subTopic"": """", ""isEssay"": false}",False
M13,M13.13.7(c),,40. What kind of sensors are part of the outer loop in the autopilot system?,Weather sensors,Attitude sensors,Navigation sensors,,Attitude sensors,MEDIUM,,,MEDIUM,ANSWERED,Matched from corpus-option-overlap,1,MODULE 13_Questions.pdf,"{""raw"": ""40. What kind of sensors are part of the outer loop in the autopilot system?"", ""question"": ""40. What kind of sensors are part of the outer loop in the autopilot system?"", ""options"": [""Weather sensors"", ""Attitude sensors"", ""Navigation sensors""], ""correct"": ""Attitude sensors"", ""answer_text"": null, ""category"": null, ""source_file"": ""MODULE 13_Questions.pdf"", ""source_module"": ""M13"", ""fmt"": ""csv"", ""module"": ""M13"", ""syllabusRef"": ""M13.13.7(c)"", ""level"": """", ""difficulty"": ""MEDIUM"", ""subTopic"": """", ""isEssay"": false}",False
M13,M13.13.04,,41. What is the main role of the outer loop in autopilot systems?,To ensure the electrical power is balanced,To manage higher-level navigation objectives like track or beam,,,To ensure the electrical power is balanced,MEDIUM,,,MEDIUM,ANSWERED,Matched from corpus-option-overlap,1,MODULE 13_Questions.pdf,"{""raw"": ""41. What is the main role of the outer loop in autopilot systems?"", ""question"": ""41. What is the main role of the outer loop in autopilot systems?"", ""options"": [""To ensure the electrical power is balanced"", ""To manage higher-level navigation objectives like track or beam""], ""correct"": ""To ensure the electrical power is balanced"", ""answer_text"": null, ""category"": null, ""source_file"": ""MODULE 13_Questions.pdf"", ""source_module"": ""M13"", ""fmt"": ""csv"", ""module"": ""M13"", ""syllabusRef"": ""M13.13.04"", ""level"": """", ""difficulty"": ""MEDIUM"", ""subTopic"": """", ""isEssay"": false}",False
M13,M13.0.3,,42. When does synchronisation occur in an autopilot system?,After the aircraft lands,When the autopilot is disengaged and the pilot is manually flying,Only during engine shutdown,,When the autopilot is disengaged and the pilot is manually flying,MEDIUM,,,MEDIUM,ANSWERED,Matched from corpus-option-overlap,1,MODULE 13_Questions.pdf,"{""raw"": ""42. When does synchronisation occur in an autopilot system?"", ""question"": ""42. When does synchronisation occur in an autopilot system?"", ""options"": [""After the aircraft lands"", ""When the autopilot is disengaged and the pilot is manually flying"", ""Only during engine shutdown""], ""correct"": ""When the autopilot is disengaged and the pilot is manually flying"", ""answer_text"": null, ""category"": null, ""source_file"": ""MODULE 13_Questions.pdf"", ""source_module"": ""M13"", ""fmt"": ""csv"", ""module"": ""M13"", ""syllabusRef"": ""M13.0.3"", ""level"": """", ""difficulty"": ""MEDIUM"", ""subTopic"": """", ""isEssay"": false}",False
M13,M13.13.7(c),,45. What must be true for the autopilot system to synchronise properly?,The system must be in standby mode only,The autopilot must be electrically powered and operational,The GPS must be turned off,,The system must be in standby mode only,MEDIUM,,,MEDIUM,ANSWERED,Matched from corpus-option-overlap,1,MODULE 13_Questions.pdf,"{""raw"": ""45. What must be true for the autopilot system to synchronise properly?"", ""question"": ""45. What must be true for the autopilot system to synchronise properly?"", ""options"": [""The system must be in standby mode only"", ""The autopilot must be electrically powered and operational"", ""The GPS must be turned off""], ""correct"": ""The system must be in standby mode only"", ""answer_text"": null, ""category"": null, ""source_file"": ""MODULE 13_Questions.pdf"", ""source_module"": ""M13"", ""fmt"": ""csv"", ""module"": ""M13"", ""syllabusRef"": ""M13.13.7(c)"", ""level"": """", ""difficulty"": ""MEDIUM"", ""subTopic"": """", ""isEssay"": false}",False
M13,M13.13.1(a),,46. What happens to autopilot output when it is disengaged?,It increases to maximum,It controls ailerons and elevators,It is zeroed to avoid unintended input,,It increases to maximum,MEDIUM,,,MEDIUM,ANSWERED,Matched from corpus-option-overlap,1,MODULE 13_Questions.pdf,"{""raw"": ""46. What happens to autopilot output when it is disengaged?"", ""question"": ""46. What happens to autopilot output when it is disengaged?"", ""options"": [""It increases to maximum"", ""It controls ailerons and elevators"", ""It is zeroed to avoid unintended input""], ""correct"": ""It increases to maximum"", ""answer_text"": null, ""category"": null, ""source_file"": ""MODULE 13_Questions.pdf"", ""source_module"": ""M13"", ""fmt"": ""csv"", ""module"": ""M13"", ""syllabusRef"": ""M13.13.1(a)"", ""level"": """", ""difficulty"": ""MEDIUM"", ""subTopic"": """", ""isEssay"": false}",False
M13,M13.13.7(c),,What are the primary purposes of the Automatic Flight Control System,To improve aircraft speed,"To increase comfort, relieve pilot workload, and enhance stability",To reduce fuel consumption only,,To improve aircraft speed,MEDIUM,,,MEDIUM,ANSWERED,Matched from corpus-option-overlap,1,MODULE 13_Questions.pdf,"{""raw"": ""What are the primary purposes of the Automatic Flight Control System"", ""question"": ""What are the primary purposes of the Automatic Flight Control System"", ""options"": [""To improve aircraft speed"", ""To increase comfort, relieve pilot workload, and enhance stability"", ""To reduce fuel consumption only""], ""correct"": ""To improve aircraft speed"", ""answer_text"": null, ""category"": null, ""source_file"": ""MODULE 13_Questions.pdf"", ""source_module"": ""M13"", ""fmt"": ""csv"", ""module"": ""M13"", ""syllabusRef"": ""M13.13.7(c)"", ""level"": """", ""difficulty"": ""MEDIUM"", ""subTopic"": """", ""isEssay"": false}",False
M13,M13.13.01,,48. Which phase of flight is rarely automated due to certification restrictions?,Take-off,Cruise,Landing,,Take-off,MEDIUM,,,HIGH,ANSWERED,Take-off is rarely automated,1,MODULE 13_Questions.pdf,"{""raw"": ""48. Which phase of flight is rarely automated due to certification restrictions?"", ""question"": ""48. Which phase of flight is rarely automated due to certification restrictions?"", ""options"": [""Take-off"", ""Cruise"", ""Landing""], ""correct"": ""Take-off"", ""answer_text"": null, ""category"": null, ""source_file"": ""MODULE 13_Questions.pdf"", ""source_module"": ""M13"", ""fmt"": ""csv"", ""module"": ""M13"", ""syllabusRef"": ""M13.13.01"", ""level"": """", ""difficulty"": ""MEDIUM"", ""subTopic"": """", ""isEssay"": false}",False
M13,M13.1.1,,49. What AFCS functions may be activated during take-off?,Rudder trim and anti-skid,"Yaw Damper, Pitch Trim, and Auto-Thrust",Roll spoilers and slats,,"Yaw Damper, Pitch Trim, and Auto-Thrust",MEDIUM,,,MEDIUM,ANSWERED,Matched from corpus-option-overlap,1,MODULE 13_Questions.pdf,"{""raw"": ""49. What AFCS functions may be activated during take-off?"", ""question"": ""49. What AFCS functions may be activated during take-off?"", ""options"": [""Rudder trim and anti-skid"", ""Yaw Damper, Pitch Trim, and Auto-Thrust"", ""Roll spoilers and slats""], ""correct"": ""Yaw Damper, Pitch Trim, and Auto-Thrust"", ""answer_text"": null, ""category"": null, ""source_file"": ""MODULE 13_Questions.pdf"", ""source_module"": ""M13"", ""fmt"": ""csv"", ""module"": ""M13"", ""syllabusRef"": ""M13.1.1"", ""level"": """", ""difficulty"": ""MEDIUM"", ""subTopic"": """", ""isEssay"": false}",False
M13,M13.0.3,,"50. During cruise, what does the AFCS control?",Only the pitch axis,Only speed and heading,Aircraft motion around and along all three axes,,Aircraft motion around and along all three axes,EASY,,,MEDIUM,ANSWERED,Matched from corpus,1,MODULE 13_Questions.pdf,"{""raw"": ""50. During cruise, what does the AFCS control?"", ""question"": ""50. During cruise, what does the AFCS control?"", ""options"": [""Only the pitch axis"", ""Only speed and heading"", ""Aircraft motion around and along all three axes""], ""correct"": ""Aircraft motion around and along all three axes"", ""answer_text"": null, ""category"": null, ""source_file"": ""MODULE 13_Questions.pdf"", ""source_module"": ""M13"", ""fmt"": ""csv"", ""module"": ""M13"", ""syllabusRef"": ""M13.0.3"", ""level"": """", ""difficulty"": ""EASY"", ""subTopic"": """", ""isEssay"": false}",False
M13,M13.0.3,,51. What are the key functions of the AFCS during the landing phase?,Gear lowering and brake application,"Align, flare, nose lowering, and roll out",Engine shutdown,,Engine shutdown,MEDIUM,,,MEDIUM,ANSWERED,Matched from corpus-option,1,MODULE 13_Questions.pdf,"{""raw"": ""51. What are the key functions of the AFCS during the landing phase?"", ""question"": ""51. What are the key functions of the AFCS during the landing phase?"", ""options"": [""Gear lowering and brake application"", ""Align, flare, nose lowering, and roll out"", ""Engine shutdown""], ""correct"": ""Engine shutdown"", ""answer_text"": null, ""category"": null, ""source_file"": ""MODULE 13_Questions.pdf"", ""source_module"": ""M13"", ""fmt"": ""csv"", ""module"": ""M13"", ""syllabusRef"": ""M13.0.3"", ""level"": """", ""difficulty"": ""MEDIUM"", ""subTopic"": """", ""isEssay"": false}",False
M13,M13.1.00000,,52. What is the roll-out function of the AFCS?,Turns off autopilot,Maintains the airplane on the runway centerline after touchdown,Adjusts cabin pressure,,Turns off autopilot,EASY,,,MEDIUM,ANSWERED,Matched from corpus-option-overlap,1,MODULE 13_Questions.pdf,"{""raw"": ""52. What is the roll-out function of the AFCS?"", ""question"": ""52. What is the roll-out function of the AFCS?"", ""options"": [""Turns off autopilot"", ""Maintains the airplane on the runway centerline after touchdown"", ""Adjusts cabin pressure""], ""correct"": ""Turns off autopilot"", ""answer_text"": null, ""category"": null, ""source_file"": ""MODULE 13_Questions.pdf"", ""source_module"": ""M13"", ""fmt"": ""csv"", ""module"": ""M13"", ""syllabusRef"": ""M13.1.00000"", ""level"": """", ""difficulty"": ""EASY"", ""subTopic"": """", ""isEssay"": false}",False
M13,M13.13.7(a),,53. What is the primary function of the Yaw Damper (YD)?,Increases engine thrust during turbulence,Damps Dutch roll and aids lateral stability,Controls the elevator angle,,Damps Dutch roll and aids lateral stability,MEDIUM,,,MEDIUM,ANSWERED,Matched from corpus,1,MODULE 13_Questions.pdf,"{""raw"": ""53. What is the primary function of the Yaw Damper (YD)?"", ""question"": ""53. What is the primary function of the Yaw Damper (YD)?"", ""options"": [""Increases engine thrust during turbulence"", ""Damps Dutch roll and aids lateral stability"", ""Controls the elevator angle""], ""correct"": ""Damps Dutch roll and aids lateral stability"", ""answer_text"": null, ""category"": null, ""source_file"": ""MODULE 13_Questions.pdf"", ""source_module"": ""M13"", ""fmt"": ""csv"", ""module"": ""M13"", ""syllabusRef"": ""M13.13.7(a)"", ""level"": """", ""difficulty"": ""MEDIUM"", ""subTopic"": """", ""isEssay"": false}",False
M13,M13.0.3,,54. What does the Electronic Controlled Active Rudder do?,Adjusts fuel mixture,Compensates for small distortions around the yaw axis,Engages thrust reversers,,Compensates for small distortions around the yaw axis,MEDIUM,,,MEDIUM,ANSWERED,Matched from corpus-option-overlap,1,MODULE 13_Questions.pdf,"{""raw"": ""54. What does the Electronic Controlled Active Rudder do?"", ""question"": ""54. What does the Electronic Controlled Active Rudder do?"", ""options"": [""Adjusts fuel mixture"", ""Compensates for small distortions around the yaw axis"", ""Engages thrust reversers""], ""correct"": ""Compensates for small distortions around the yaw axis"", ""answer_text"": null, ""category"": null, ""source_file"": ""MODULE 13_Questions.pdf"", ""source_module"": ""M13"", ""fmt"": ""csv"", ""module"": ""M13"", ""syllabusRef"": ""M13.0.3"", ""level"": """", ""difficulty"": ""MEDIUM"", ""subTopic"": """", ""isEssay"": false}",False
M13,M13.0.3,,55. What is Control Wheel Steering (CWS) used for?,Adjusting flaps during approach,Manual control using force sensors on the control wheel and column,Activating nosewheel steering,,Manual control using force sensors on the control wheel and column,MEDIUM,,,MEDIUM,ANSWERED,Matched from corpus,1,MODULE 13_Questions.pdf,"{""raw"": ""55. What is Control Wheel Steering (CWS) used for?"", ""question"": ""55. What is Control Wheel Steering (CWS) used for?"", ""options"": [""Adjusting flaps during approach"", ""Manual control using force sensors on the control wheel and column"", ""Activating nosewheel steering""], ""correct"": ""Manual control using force sensors on the control wheel and column"", ""answer_text"": null, ""category"": null, ""source_file"": ""MODULE 13_Questions.pdf"", ""source_module"": ""M13"", ""fmt"": ""csv"", ""module"": ""M13"", ""syllabusRef"": ""M13.0.3"", ""level"": """", ""difficulty"": ""MEDIUM"", ""subTopic"": """", ""isEssay"": false}",False
M13,M13.0.3,,56. What is the purpose of Automatic Pitch Trim (APT)?,To change flap settings during turns,To trim the horizontal stabiliser when elevator is deflected for long,,,To trim the horizontal stabiliser when elevator is deflected for long,MEDIUM,,,MEDIUM,ANSWERED,Matched from corpus,1,MODULE 13_Questions.pdf,"{""raw"": ""56. What is the purpose of Automatic Pitch Trim (APT)?"", ""question"": ""56. What is the purpose of Automatic Pitch Trim (APT)?"", ""options"": [""To change flap settings during turns"", ""To trim the horizontal stabiliser when elevator is deflected for long""], ""correct"": ""To trim the horizontal stabiliser when elevator is deflected for long"", ""answer_text"": null, ""category"": null, ""source_file"": ""MODULE 13_Questions.pdf"", ""source_module"": ""M13"", ""fmt"": ""csv"", ""module"": ""M13"", ""syllabusRef"": ""M13.0.3"", ""level"": """", ""difficulty"": ""MEDIUM"", ""subTopic"": """", ""isEssay"": false}",False
M13,M13.13.7(c),,57. Why is the Longitudinal Stability Augmentation System (LSAS) used?,For better cabin temperature control,To provide active elevator compensation in aircraft with smaller,,,For better cabin temperature control,MEDIUM,,,MEDIUM,ANSWERED,Matched from corpus-option-overlap,1,MODULE 13_Questions.pdf,"{""raw"": ""57. Why is the Longitudinal Stability Augmentation System (LSAS) used?"", ""question"": ""57. Why is the Longitudinal Stability Augmentation System (LSAS) used?"", ""options"": [""For better cabin temperature control"", ""To provide active elevator compensation in aircraft with smaller""], ""correct"": ""For better cabin temperature control"", ""answer_text"": null, ""category"": null, ""source_file"": ""MODULE 13_Questions.pdf"", ""source_module"": ""M13"", ""fmt"": ""csv"", ""module"": ""M13"", ""syllabusRef"": ""M13.13.7(c)"", ""level"": """", ""difficulty"": ""MEDIUM"", ""subTopic"": """", ""isEssay"": false}",False
M13,M13.1.5,,58. How does the AFCS manage the center of gravity in some aircraft?,By moving passengers,"By transferring fuel between tanks, including tail and stabilizer tanks",By adjusting landing gear height,,By adjusting landing gear height,MEDIUM,,,MEDIUM,ANSWERED,Matched from corpus-option-overlap,1,MODULE 13_Questions.pdf,"{""raw"": ""58. How does the AFCS manage the center of gravity in some aircraft?"", ""question"": ""58. How does the AFCS manage the center of gravity in some aircraft?"", ""options"": [""By moving passengers"", ""By transferring fuel between tanks, including tail and stabilizer tanks"", ""By adjusting landing gear height""], ""correct"": ""By adjusting landing gear height"", ""answer_text"": null, ""category"": null, ""source_file"": ""MODULE 13_Questions.pdf"", ""source_module"": ""M13"", ""fmt"": ""csv"", ""module"": ""M13"", ""syllabusRef"": ""M13.1.5"", ""level"": """", ""difficulty"": ""MEDIUM"", ""subTopic"": """", ""isEssay"": false}",False
M13,M13.30.05,,59. What aerodynamic effect does Mach Pitch Trim compensate for?,Nose-up tendency due to flap deployment,Nose-down effect caused by increased lift on outer wings at high speed,Roll instability during crosswind,,Nose-down effect caused by increased lift on outer wings at high speed,MEDIUM,,,HIGH,ANSWERED,Compensates for nose-down effect from increased lift on outer wings at high speed,1,MODULE 13_Questions.pdf,"{""raw"": ""59. What aerodynamic effect does Mach Pitch Trim compensate for?"", ""question"": ""59. What aerodynamic effect does Mach Pitch Trim compensate for?"", ""options"": [""Nose-up tendency due to flap deployment"", ""Nose-down effect caused by increased lift on outer wings at high speed"", ""Roll instability during crosswind""], ""correct"": ""Nose-down effect caused by increased lift on outer wings at high speed"", ""answer_text"": null, ""category"": null, ""source_file"": ""MODULE 13_Questions.pdf"", ""source_module"": ""M13"", ""fmt"": ""csv"", ""module"": ""M13"", ""syllabusRef"": ""M13.30.05"", ""level"": """", ""difficulty"": ""MEDIUM"", ""subTopic"": """", ""isEssay"": false}",False
M13,M13.13.1(a),,60. What is the purpose of the Flight Director (FD)?,Displays weather radar data,"Shows aileron, elevator, and rudder commands to guide the pilot",Controls engine fuel flow directly,,Displays weather radar data,MEDIUM,,,MEDIUM,ANSWERED,Matched from corpus-option-overlap,1,MODULE 13_Questions.pdf,"{""raw"": ""60. What is the purpose of the Flight Director (FD)?"", ""question"": ""60. What is the purpose of the Flight Director (FD)?"", ""options"": [""Displays weather radar data"", ""Shows aileron, elevator, and rudder commands to guide the pilot"", ""Controls engine fuel flow directly""], ""correct"": ""Displays weather radar data"", ""answer_text"": null, ""category"": null, ""source_file"": ""MODULE 13_Questions.pdf"", ""source_module"": ""M13"", ""fmt"": ""csv"", ""module"": ""M13"", ""syllabusRef"": ""M13.13.1(a)"", ""level"": """", ""difficulty"": ""MEDIUM"", ""subTopic"": """", ""isEssay"": false}",False
M13,M13.30.05,,61. Where are the FD steering orders displayed for the pilot?,On the ECAM screen,On the flight director horizon instrument or EFIS,On the cabin display panel,,On the flight director horizon instrument or EFIS,MEDIUM,,,MEDIUM,ANSWERED,Matched from corpus-option-overlap,1,MODULE 13_Questions.pdf,"{""raw"": ""61. Where are the FD steering orders displayed for the pilot?"", ""question"": ""61. Where are the FD steering orders displayed for the pilot?"", ""options"": [""On the ECAM screen"", ""On the flight director horizon instrument or EFIS"", ""On the cabin display panel""], ""correct"": ""On the flight director horizon instrument or EFIS"", ""answer_text"": null, ""category"": null, ""source_file"": ""MODULE 13_Questions.pdf"", ""source_module"": ""M13"", ""fmt"": ""csv"", ""module"": ""M13"", ""syllabusRef"": ""M13.30.05"", ""level"": """", ""difficulty"": ""MEDIUM"", ""subTopic"": """", ""isEssay"": false}",False
M13,M13.13.7(c),,What can the Flight Director (FD) be used for besides guiding manual,Disabling the autopilot,Monitoring autopilot responses,Monitoring engine temperature,,Monitoring engine temperature,MEDIUM,,,MEDIUM,ANSWERED,Matched from corpus-option-overlap,1,MODULE 13_Questions.pdf,"{""raw"": ""What can the Flight Director (FD) be used for besides guiding manual"", ""question"": ""What can the Flight Director (FD) be used for besides guiding manual"", ""options"": [""Disabling the autopilot"", ""Monitoring autopilot responses"", ""Monitoring engine temperature""], ""correct"": ""Monitoring engine temperature"", ""answer_text"": null, ""category"": null, ""source_file"": ""MODULE 13_Questions.pdf"", ""source_module"": ""M13"", ""fmt"": ""csv"", ""module"": ""M13"", ""syllabusRef"": ""M13.13.7(c)"", ""level"": """", ""difficulty"": ""MEDIUM"", ""subTopic"": """", ""isEssay"": false}",False
M13,M13.1.5,,63. What does Mode Annunciation display?,Weather radar alerts,Armed and active AFCS operation modes,Hydraulic pressure values,,Armed and active AFCS operation modes,EASY,,,MEDIUM,ANSWERED,Matched from corpus-option-overlap,1,MODULE 13_Questions.pdf,"{""raw"": ""63. What does Mode Annunciation display?"", ""question"": ""63. What does Mode Annunciation display?"", ""options"": [""Weather radar alerts"", ""Armed and active AFCS operation modes"", ""Hydraulic pressure values""], ""correct"": ""Armed and active AFCS operation modes"", ""answer_text"": null, ""category"": null, ""source_file"": ""MODULE 13_Questions.pdf"", ""source_module"": ""M13"", ""fmt"": ""csv"", ""module"": ""M13"", ""syllabusRef"": ""M13.1.5"", ""level"": """", ""difficulty"": ""EASY"", ""subTopic"": """", ""isEssay"": false}",False
M13,M13.13.1(a),,64. What determines the calculated Flight Envelope Protection limits?,Passenger load only,"Aircraft configuration like gear, flaps, slats, weight, and angle of attack",Fuel quantity only,,Passenger load only,MEDIUM,,,MEDIUM,ANSWERED,Matched from corpus-option-overlap,1,MODULE 13_Questions.pdf,"{""raw"": ""64. What determines the calculated Flight Envelope Protection limits?"", ""question"": ""64. What determines the calculated Flight Envelope Protection limits?"", ""options"": [""Passenger load only"", ""Aircraft configuration like gear, flaps, slats, weight, and angle of attack"", ""Fuel quantity only""], ""correct"": ""Passenger load only"", ""answer_text"": null, ""category"": null, ""source_file"": ""MODULE 13_Questions.pdf"", ""source_module"": ""M13"", ""fmt"": ""csv"", ""module"": ""M13"", ""syllabusRef"": ""M13.13.1(a)"", ""level"": """", ""difficulty"": ""MEDIUM"", ""subTopic"": """", ""isEssay"": false}",False
M13,M13.13.1(a),,65. What does Flight Envelope Protection do?,Limits flight altitude,Extends slats automatically,Displays minimum and maximum safe airspeeds,,Limits flight altitude,EASY,,,MEDIUM,ANSWERED,Matched from corpus-option-overlap,1,MODULE 13_Questions.pdf,"{""raw"": ""65. What does Flight Envelope Protection do?"", ""question"": ""65. What does Flight Envelope Protection do?"", ""options"": [""Limits flight altitude"", ""Extends slats automatically"", ""Displays minimum and maximum safe airspeeds""], ""correct"": ""Limits flight altitude"", ""answer_text"": null, ""category"": null, ""source_file"": ""MODULE 13_Questions.pdf"", ""source_module"": ""M13"", ""fmt"": ""csv"", ""module"": ""M13"", ""syllabusRef"": ""M13.13.1(a)"", ""level"": """", ""difficulty"": ""EASY"", ""subTopic"": """", ""isEssay"": false}",False
M13,M13.1.5,,66. What does Engine Thrust Limit (N1/EPR) depend on?,Pilot preferences,Environmental conditions and selected mode of operation,Battery voltage,,Battery voltage,MEDIUM,,,MEDIUM,ANSWERED,Matched from corpus-option,1,MODULE 13_Questions.pdf,"{""raw"": ""66. What does Engine Thrust Limit (N1/EPR) depend on?"", ""question"": ""66. What does Engine Thrust Limit (N1/EPR) depend on?"", ""options"": [""Pilot preferences"", ""Environmental conditions and selected mode of operation"", ""Battery voltage""], ""correct"": ""Battery voltage"", ""answer_text"": null, ""category"": null, ""source_file"": ""MODULE 13_Questions.pdf"", ""source_module"": ""M13"", ""fmt"": ""csv"", ""module"": ""M13"", ""syllabusRef"": ""M13.1.5"", ""level"": """", ""difficulty"": ""MEDIUM"", ""subTopic"": """", ""isEssay"": false}",False
M13,M13.13.7(c),,67. How is the maximum thrust limit applied to the engines?,Via the hydraulic system,Through the Engine Thrust Control System (ETCS),By brake system input,,Through the Engine Thrust Control System (ETCS),MEDIUM,,,MEDIUM,ANSWERED,Matched from corpus-option-overlap,1,MODULE 13_Questions.pdf,"{""raw"": ""67. How is the maximum thrust limit applied to the engines?"", ""question"": ""67. How is the maximum thrust limit applied to the engines?"", ""options"": [""Via the hydraulic system"", ""Through the Engine Thrust Control System (ETCS)"", ""By brake system input""], ""correct"": ""Through the Engine Thrust Control System (ETCS)"", ""answer_text"": null, ""category"": null, ""source_file"": ""MODULE 13_Questions.pdf"", ""source_module"": ""M13"", ""fmt"": ""csv"", ""module"": ""M13"", ""syllabusRef"": ""M13.13.7(c)"", ""level"": """", ""difficulty"": ""MEDIUM"", ""subTopic"": """", ""isEssay"": false}",False
M13,M13.13.7(c),,68. How does the Auto Throttle (AT) control engine thrust?,Manually via control levers,By servo motors or directly via the EEC,By adjusting cabin pressure,,Manually via control levers,MEDIUM,,,MEDIUM,ANSWERED,Matched from corpus-option-overlap,1,MODULE 13_Questions.pdf,"{""raw"": ""68. How does the Auto Throttle (AT) control engine thrust?"", ""question"": ""68. How does the Auto Throttle (AT) control engine thrust?"", ""options"": [""Manually via control levers"", ""By servo motors or directly via the EEC"", ""By adjusting cabin pressure""], ""correct"": ""Manually via control levers"", ""answer_text"": null, ""category"": null, ""source_file"": ""MODULE 13_Questions.pdf"", ""source_module"": ""M13"", ""fmt"": ""csv"", ""module"": ""M13"", ""syllabusRef"": ""M13.13.7(c)"", ""level"": """", ""difficulty"": ""MEDIUM"", ""subTopic"": """", ""isEssay"": false}",False
M13,M13.13.4(b),,69. In which modes does the Auto Throttle (AT) operate?,Reverse and idle,Speed mode and thrust mode,Brake mode and taxi mode,,Speed mode and thrust mode,MEDIUM,,,MEDIUM,ANSWERED,Matched from corpus,1,MODULE 13_Questions.pdf,"{""raw"": ""69. In which modes does the Auto Throttle (AT) operate?"", ""question"": ""69. In which modes does the Auto Throttle (AT) operate?"", ""options"": [""Reverse and idle"", ""Speed mode and thrust mode"", ""Brake mode and taxi mode""], ""correct"": ""Speed mode and thrust mode"", ""answer_text"": null, ""category"": null, ""source_file"": ""MODULE 13_Questions.pdf"", ""source_module"": ""M13"", ""fmt"": ""csv"", ""module"": ""M13"", ""syllabusRef"": ""M13.13.4(b)"", ""level"": """", ""difficulty"": ""MEDIUM"", ""subTopic"": """", ""isEssay"": false}",False
M13,M13.0.3,,70. What happens during a Stall Warning triggered by the AFCS?,Flaps retract automatically,Thrust increases and the aircraft nose lowers,Gear is deployed,,Thrust increases and the aircraft nose lowers,MEDIUM,,,HIGH,ANSWERED,Stall protection increases thrust and lowers nose,1,MODULE 13_Questions.pdf,"{""raw"": ""70. What happens during a Stall Warning triggered by the AFCS?"", ""question"": ""70. What happens during a Stall Warning triggered by the AFCS?"", ""options"": [""Flaps retract automatically"", ""Thrust increases and the aircraft nose lowers"", ""Gear is deployed""], ""correct"": ""Thrust increases and the aircraft nose lowers"", ""answer_text"": null, ""category"": null, ""source_file"": ""MODULE 13_Questions.pdf"", ""source_module"": ""M13"", ""fmt"": ""csv"", ""module"": ""M13"", ""syllabusRef"": ""M13.0.3"", ""level"": """", ""difficulty"": ""MEDIUM"", ""subTopic"": """", ""isEssay"": false}",False
M13,M13.13.7(c),,71. What is the purpose of Failure Monitoring and Logging in AFCS?,Improves fuel economy,Stores failure data for analysis and maintenance,Automatically resets the system,,Stores failure data for analysis and maintenance,MEDIUM,,,MEDIUM,ANSWERED,Matched from corpus,1,MODULE 13_Questions.pdf,"{""raw"": ""71. What is the purpose of Failure Monitoring and Logging in AFCS?"", ""question"": ""71. What is the purpose of Failure Monitoring and Logging in AFCS?"", ""options"": [""Improves fuel economy"", ""Stores failure data for analysis and maintenance"", ""Automatically resets the system""], ""correct"": ""Stores failure data for analysis and maintenance"", ""answer_text"": null, ""category"": null, ""source_file"": ""MODULE 13_Questions.pdf"", ""source_module"": ""M13"", ""fmt"": ""csv"", ""module"": ""M13"", ""syllabusRef"": ""M13.13.7(c)"", ""level"": """", ""difficulty"": ""MEDIUM"", ""subTopic"": """", ""isEssay"": false}",False
M13,M13.13.06,,72. What does a fail-safe system imply?,The system operates with no backup equipment,"The crew is part of the monitoring, and extra equipment is only used",,,"The crew is part of the monitoring, and extra equipment is only used",MEDIUM,,,MEDIUM,ANSWERED,Matched from corpus-option-overlap,1,MODULE 13_Questions.pdf,"{""raw"": ""72. What does a fail-safe system imply?"", ""question"": ""72. What does a fail-safe system imply?"", ""options"": [""The system operates with no backup equipment"", ""The crew is part of the monitoring, and extra equipment is only used""], ""correct"": ""The crew is part of the monitoring, and extra equipment is only used"", ""answer_text"": null, ""category"": null, ""source_file"": ""MODULE 13_Questions.pdf"", ""source_module"": ""M13"", ""fmt"": ""csv"", ""module"": ""M13"", ""syllabusRef"": ""M13.13.06"", ""level"": """", ""difficulty"": ""MEDIUM"", ""subTopic"": """", ""isEssay"": false}",False
M13,M13.0.3,,73. What is the role of redundant modes in autopilot systems?,To automatically land the aircraft,"To activate extra equipment (computers, sensors, servos) during critical",,,To automatically land the aircraft,MEDIUM,,,MEDIUM,ANSWERED,Matched from corpus-option-overlap,1,MODULE 13_Questions.pdf,"{""raw"": ""73. What is the role of redundant modes in autopilot systems?"", ""question"": ""73. What is the role of redundant modes in autopilot systems?"", ""options"": [""To automatically land the aircraft"", ""To activate extra equipment (computers, sensors, servos) during critical""], ""correct"": ""To automatically land the aircraft"", ""answer_text"": null, ""category"": null, ""source_file"": ""MODULE 13_Questions.pdf"", ""source_module"": ""M13"", ""fmt"": ""csv"", ""module"": ""M13"", ""syllabusRef"": ""M13.0.3"", ""level"": """", ""difficulty"": ""MEDIUM"", ""subTopic"": """", ""isEssay"": false}",False
M13,M13.13.7(c),,What happens when only one sensor of a type is available in a fail-safe,The system fails completely,The system relies on the single sensor until backup becomes available,The autopilot turns off automatically,,The system fails completely,MEDIUM,,,MEDIUM,ANSWERED,Matched from corpus-option-overlap,1,MODULE 13_Questions.pdf,"{""raw"": ""What happens when only one sensor of a type is available in a fail-safe"", ""question"": ""What happens when only one sensor of a type is available in a fail-safe"", ""options"": [""The system fails completely"", ""The system relies on the single sensor until backup becomes available"", ""The autopilot turns off automatically""], ""correct"": ""The system fails completely"", ""answer_text"": null, ""category"": null, ""source_file"": ""MODULE 13_Questions.pdf"", ""source_module"": ""M13"", ""fmt"": ""csv"", ""module"": ""M13"", ""syllabusRef"": ""M13.13.7(c)"", ""level"": """", ""difficulty"": ""MEDIUM"", ""subTopic"": """", ""isEssay"": false}",False
M13,M13.13.03,,dangerous situation occurs?,It activates additional systems,It disconnects a faulty system to prevent further risk,It alerts the pilot to take manual control,,It disconnects a faulty system to prevent further risk,EASY,"75. In a fail-passive system, what does the system monitor do before a",,MEDIUM,ANSWERED,Matched from corpus,1,MODULE 13_Questions.pdf,"{""raw"": ""dangerous situation occurs?"", ""question"": ""dangerous situation occurs?"", ""options"": [""It activates additional systems"", ""It disconnects a faulty system to prevent further risk"", ""It alerts the pilot to take manual control""], ""correct"": ""It disconnects a faulty system to prevent further risk"", ""answer_text"": null, ""category"": null, ""source_file"": ""MODULE 13_Questions.pdf"", ""source_module"": ""M13"", ""fmt"": ""csv"", ""module"": ""M13"", ""syllabusRef"": ""M13.13.03"", ""level"": """", ""difficulty"": ""EASY"", ""subTopic"": ""75. In a fail-passive system, what does the system monitor do before a"", ""isEssay"": false}",False
M13,M13.13.03,,76. What makes a system fail-passive?,The system can only operate when the aircraft is on autopilot,The system is only used for cruising,It uses multiple computers to monitor and compare channels and,,The system can only operate when the aircraft is on autopilot,EASY,,,MEDIUM,ANSWERED,Matched from corpus-option-overlap,1,MODULE 13_Questions.pdf,"{""raw"": ""76. What makes a system fail-passive?"", ""question"": ""76. What makes a system fail-passive?"", ""options"": [""The system can only operate when the aircraft is on autopilot"", ""The system is only used for cruising"", ""It uses multiple computers to monitor and compare channels and""], ""correct"": ""The system can only operate when the aircraft is on autopilot"", ""answer_text"": null, ""category"": null, ""source_file"": ""MODULE 13_Questions.pdf"", ""source_module"": ""M13"", ""fmt"": ""csv"", ""module"": ""M13"", ""syllabusRef"": ""M13.13.03"", ""level"": """", ""difficulty"": ""EASY"", ""subTopic"": """", ""isEssay"": false}",False
M13,M13.13.03,,77. How does the fail-passive system achieve redundancy?,By using a single channel and sensor,By applying predictive algorithms,By having two different computers monitor multiple channels,,By using a single channel and sensor,MEDIUM,,,MEDIUM,ANSWERED,Matched from corpus-option-overlap,1,MODULE 13_Questions.pdf,"{""raw"": ""77. How does the fail-passive system achieve redundancy?"", ""question"": ""77. How does the fail-passive system achieve redundancy?"", ""options"": [""By using a single channel and sensor"", ""By applying predictive algorithms"", ""By having two different computers monitor multiple channels""], ""correct"": ""By using a single channel and sensor"", ""answer_text"": null, ""category"": null, ""source_file"": ""MODULE 13_Questions.pdf"", ""source_module"": ""M13"", ""fmt"": ""csv"", ""module"": ""M13"", ""syllabusRef"": ""M13.13.03"", ""level"": """", ""difficulty"": ""MEDIUM"", ""subTopic"": """", ""isEssay"": false}",False
M13,M13.13.7(c),,78. What is indicated by the axis dual channel system shown in the diagram?,A single-channel system for autopilot control,A system with redundant servos for smoother flight,A dual-channel system with feedback comparison for redundancy and,,A single-channel system for autopilot control,MEDIUM,,,MEDIUM,ANSWERED,Matched from corpus-option-overlap,1,MODULE 13_Questions.pdf,"{""raw"": ""78. What is indicated by the axis dual channel system shown in the diagram?"", ""question"": ""78. What is indicated by the axis dual channel system shown in the diagram?"", ""options"": [""A single-channel system for autopilot control"", ""A system with redundant servos for smoother flight"", ""A dual-channel system with feedback comparison for redundancy and""], ""correct"": ""A single-channel system for autopilot control"", ""answer_text"": null, ""category"": null, ""source_file"": ""MODULE 13_Questions.pdf"", ""source_module"": ""M13"", ""fmt"": ""csv"", ""module"": ""M13"", ""syllabusRef"": ""M13.13.7(c)"", ""level"": """", ""difficulty"": ""MEDIUM"", ""subTopic"": """", ""isEssay"": false}",False
M13,M13.13.03,,"79. In the fail-passive system, how is the autoland system monitored?",Only one channel is active,Two channels are compared to ensure correct operation,The system requires manual engagement for autoland,,Only one channel is active,MEDIUM,,,MEDIUM,ANSWERED,Matched from corpus-option-overlap,1,MODULE 13_Questions.pdf,"{""raw"": ""79. In the fail-passive system, how is the autoland system monitored?"", ""question"": ""79. In the fail-passive system, how is the autoland system monitored?"", ""options"": [""Only one channel is active"", ""Two channels are compared to ensure correct operation"", ""The system requires manual engagement for autoland""], ""correct"": ""Only one channel is active"", ""answer_text"": null, ""category"": null, ""source_file"": ""MODULE 13_Questions.pdf"", ""source_module"": ""M13"", ""fmt"": ""csv"", ""module"": ""M13"", ""syllabusRef"": ""M13.13.03"", ""level"": """", ""difficulty"": ""MEDIUM"", ""subTopic"": """", ""isEssay"": false}",False
M13,M13.13.03,,80. What does the clutch in the diagram represent?,A failure point where the system disconnects,A mechanical component to activate autopilot,A mechanism for disengaging or switching channels in the fail-passive,,A failure point where the system disconnects,MEDIUM,,,MEDIUM,ANSWERED,Matched from corpus-option-overlap,1,MODULE 13_Questions.pdf,"{""raw"": ""80. What does the clutch in the diagram represent?"", ""question"": ""80. What does the clutch in the diagram represent?"", ""options"": [""A failure point where the system disconnects"", ""A mechanical component to activate autopilot"", ""A mechanism for disengaging or switching channels in the fail-passive""], ""correct"": ""A failure point where the system disconnects"", ""answer_text"": null, ""category"": null, ""source_file"": ""MODULE 13_Questions.pdf"", ""source_module"": ""M13"", ""fmt"": ""csv"", ""module"": ""M13"", ""syllabusRef"": ""M13.13.03"", ""level"": """", ""difficulty"": ""MEDIUM"", ""subTopic"": """", ""isEssay"": false}",False
M13,M13.13.7(c),,81. What happens in a fail operational system after a single failure?,The system immediately shuts down,The system continues to operate but degrades to a fail-passive status,The system automatically switches to manual control,,The system continues to operate but degrades to a fail-passive status,MEDIUM,,,MEDIUM,ANSWERED,Matched from corpus,1,MODULE 13_Questions.pdf,"{""raw"": ""81. What happens in a fail operational system after a single failure?"", ""question"": ""81. What happens in a fail operational system after a single failure?"", ""options"": [""The system immediately shuts down"", ""The system continues to operate but degrades to a fail-passive status"", ""The system automatically switches to manual control""], ""correct"": ""The system continues to operate but degrades to a fail-passive status"", ""answer_text"": null, ""category"": null, ""source_file"": ""MODULE 13_Questions.pdf"", ""source_module"": ""M13"", ""fmt"": ""csv"", ""module"": ""M13"", ""syllabusRef"": ""M13.13.7(c)"", ""level"": """", ""difficulty"": ""MEDIUM"", ""subTopic"": """", ""isEssay"": false}",False
M13,M13.13.03,,82. What defines a fail operational system in terms of redundancy?,It works with only one channel and sensor,"It has multiple redundant channels (e.g., three or four) to ensure",,,It works with only one channel and sensor,MEDIUM,,,MEDIUM,ANSWERED,Matched from corpus-option-overlap,1,MODULE 13_Questions.pdf,"{""raw"": ""82. What defines a fail operational system in terms of redundancy?"", ""question"": ""82. What defines a fail operational system in terms of redundancy?"", ""options"": [""It works with only one channel and sensor"", ""It has multiple redundant channels (e.g., three or four) to ensure""], ""correct"": ""It works with only one channel and sensor"", ""answer_text"": null, ""category"": null, ""source_file"": ""MODULE 13_Questions.pdf"", ""source_module"": ""M13"", ""fmt"": ""csv"", ""module"": ""M13"", ""syllabusRef"": ""M13.13.03"", ""level"": """", ""difficulty"": ""MEDIUM"", ""subTopic"": """", ""isEssay"": false}",False
M13,M13.13.1(a),,83. In which phases of flight is a fail operational system most critical?,Taxiing and cruising,"Take-off, landing, and go-around",Climbing and descending,,Climbing and descending,MEDIUM,,,MEDIUM,ANSWERED,Matched from corpus-option-overlap,1,MODULE 13_Questions.pdf,"{""raw"": ""83. In which phases of flight is a fail operational system most critical?"", ""question"": ""83. In which phases of flight is a fail operational system most critical?"", ""options"": [""Taxiing and cruising"", ""Take-off, landing, and go-around"", ""Climbing and descending""], ""correct"": ""Climbing and descending"", ""answer_text"": null, ""category"": null, ""source_file"": ""MODULE 13_Questions.pdf"", ""source_module"": ""M13"", ""fmt"": ""csv"", ""module"": ""M13"", ""syllabusRef"": ""M13.13.1(a)"", ""level"": """", ""difficulty"": ""MEDIUM"", ""subTopic"": """", ""isEssay"": false}",False
M13,M13.13.7(c),,84. What does the triple configuration in an autopilot system imply?,Only one sensor and one computer are used,"Three redundant systems (sensors, channels, or computers) provide",,,Only one sensor and one computer are used,MEDIUM,,,MEDIUM,ANSWERED,Matched from corpus-option-overlap,1,MODULE 13_Questions.pdf,"{""raw"": ""84. What does the triple configuration in an autopilot system imply?"", ""question"": ""84. What does the triple configuration in an autopilot system imply?"", ""options"": [""Only one sensor and one computer are used"", ""Three redundant systems (sensors, channels, or computers) provide""], ""correct"": ""Only one sensor and one computer are used"", ""answer_text"": null, ""category"": null, ""source_file"": ""MODULE 13_Questions.pdf"", ""source_module"": ""M13"", ""fmt"": ""csv"", ""module"": ""M13"", ""syllabusRef"": ""M13.13.7(c)"", ""level"": """", ""difficulty"": ""MEDIUM"", ""subTopic"": """", ""isEssay"": false}",False
M13,M13.13.7(c),,"What is the advantage of a triple configuration (e.g., Boeing 747, Fokker-",It requires no sensors to function,"More redundancy, ensuring system operation even after a single failure",It automatically reduces fuel consumption,,"More redundancy, ensuring system operation even after a single failure",MEDIUM,,,MEDIUM,ANSWERED,Matched from corpus-option-overlap,1,MODULE 13_Questions.pdf,"{""raw"": ""What is the advantage of a triple configuration (e.g., Boeing 747, Fokker-"", ""question"": ""What is the advantage of a triple configuration (e.g., Boeing 747, Fokker-"", ""options"": [""It requires no sensors to function"", ""More redundancy, ensuring system operation even after a single failure"", ""It automatically reduces fuel consumption""], ""correct"": ""More redundancy, ensuring system operation even after a single failure"", ""answer_text"": null, ""category"": null, ""source_file"": ""MODULE 13_Questions.pdf"", ""source_module"": ""M13"", ""fmt"": ""csv"", ""module"": ""M13"", ""syllabusRef"": ""M13.13.7(c)"", ""level"": """", ""difficulty"": ""MEDIUM"", ""subTopic"": """", ""isEssay"": false}",False
M13,M13.13.7(c),,How does the fail operational system ensure safety when there are multiple,By enabling automatic system resets,By using online comparison between channels to monitor discrepancies,By engaging the autopilot for manual control,,By enabling automatic system resets,MEDIUM,,,MEDIUM,ANSWERED,Matched from corpus-option-overlap,1,MODULE 13_Questions.pdf,"{""raw"": ""How does the fail operational system ensure safety when there are multiple"", ""question"": ""How does the fail operational system ensure safety when there are multiple"", ""options"": [""By enabling automatic system resets"", ""By using online comparison between channels to monitor discrepancies"", ""By engaging the autopilot for manual control""], ""correct"": ""By enabling automatic system resets"", ""answer_text"": null, ""category"": null, ""source_file"": ""MODULE 13_Questions.pdf"", ""source_module"": ""M13"", ""fmt"": ""csv"", ""module"": ""M13"", ""syllabusRef"": ""M13.13.7(c)"", ""level"": """", ""difficulty"": ""MEDIUM"", ""subTopic"": """", ""isEssay"": false}",False
M13,M13.30.05,,operational systems?,Data from the sensors is ignored if one channel fails,The system compares data from multiple channels and disengages,,,The system compares data from multiple channels and disengages,MEDIUM,87. What is indicated by the on-line comparison in the diagram for fail,,HIGH,ANSWERED,Multi-channel compares data and disengages on mismatch,1,MODULE 13_Questions.pdf,"{""raw"": ""operational systems?"", ""question"": ""operational systems?"", ""options"": [""Data from the sensors is ignored if one channel fails"", ""The system compares data from multiple channels and disengages""], ""correct"": ""The system compares data from multiple channels and disengages"", ""answer_text"": null, ""category"": null, ""source_file"": ""MODULE 13_Questions.pdf"", ""source_module"": ""M13"", ""fmt"": ""csv"", ""module"": ""M13"", ""syllabusRef"": ""M13.30.05"", ""level"": """", ""difficulty"": ""MEDIUM"", ""subTopic"": ""87. What is indicated by the on-line comparison in the diagram for fail"", ""isEssay"": false}",False
M13,M13.13.4(b),,"88. In a triple configuration, how many channels are active for comparison?",One channel is active at all times,Two channels are used for backup,Three channels are active and compared for redundancy,,One channel is active at all times,MEDIUM,,,MEDIUM,ANSWERED,Matched from corpus-option-overlap,1,MODULE 13_Questions.pdf,"{""raw"": ""88. In a triple configuration, how many channels are active for comparison?"", ""question"": ""88. In a triple configuration, how many channels are active for comparison?"", ""options"": [""One channel is active at all times"", ""Two channels are used for backup"", ""Three channels are active and compared for redundancy""], ""correct"": ""One channel is active at all times"", ""answer_text"": null, ""category"": null, ""source_file"": ""MODULE 13_Questions.pdf"", ""source_module"": ""M13"", ""fmt"": ""csv"", ""module"": ""M13"", ""syllabusRef"": ""M13.13.4(b)"", ""level"": """", ""difficulty"": ""MEDIUM"", ""subTopic"": """", ""isEssay"": false}",False
M13,M13.13.7(c),,What is the purpose of adding a third or fourth channel in an autopilot,To reduce pilot workload during cruising,"To achieve fail operational status, ensuring continued system operation",To improve fuel efficiency during flight,,"To achieve fail operational status, ensuring continued system operation",MEDIUM,,,MEDIUM,ANSWERED,Matched from corpus-option-overlap,1,MODULE 13_Questions.pdf,"{""raw"": ""What is the purpose of adding a third or fourth channel in an autopilot"", ""question"": ""What is the purpose of adding a third or fourth channel in an autopilot"", ""options"": [""To reduce pilot workload during cruising"", ""To achieve fail operational status, ensuring continued system operation"", ""To improve fuel efficiency during flight""], ""correct"": ""To achieve fail operational status, ensuring continued system operation"", ""answer_text"": null, ""category"": null, ""source_file"": ""MODULE 13_Questions.pdf"", ""source_module"": ""M13"", ""fmt"": ""csv"", ""module"": ""M13"", ""syllabusRef"": ""M13.13.7(c)"", ""level"": """", ""difficulty"": ""MEDIUM"", ""subTopic"": """", ""isEssay"": false}",False
M13,M13.13.03,,90. How does the system react when a failure occurs in a triple configuration?,The autopilot disengages completely,"The system continues operating, degrading to fail-passive, with backup",,,The autopilot disengages completely,MEDIUM,,,MEDIUM,ANSWERED,Matched from corpus-option-overlap,1,MODULE 13_Questions.pdf,"{""raw"": ""90. How does the system react when a failure occurs in a triple configuration?"", ""question"": ""90. How does the system react when a failure occurs in a triple configuration?"", ""options"": [""The autopilot disengages completely"", ""The system continues operating, degrading to fail-passive, with backup""], ""correct"": ""The autopilot disengages completely"", ""answer_text"": null, ""category"": null, ""source_file"": ""MODULE 13_Questions.pdf"", ""source_module"": ""M13"", ""fmt"": ""csv"", ""module"": ""M13"", ""syllabusRef"": ""M13.13.03"", ""level"": """", ""difficulty"": ""MEDIUM"", ""subTopic"": """", ""isEssay"": false}",False
M13,M13.13.7(c),,What is the primary characteristic of a quadruple configuration autopilot,Only one channel is available for operation,"Four redundant systems (e.g., sensors, channels, or computers) are used",It operates only in manual mode,,Only one channel is available for operation,MEDIUM,,,MEDIUM,ANSWERED,Matched from corpus-option-overlap,1,MODULE 13_Questions.pdf,"{""raw"": ""What is the primary characteristic of a quadruple configuration autopilot"", ""question"": ""What is the primary characteristic of a quadruple configuration autopilot"", ""options"": [""Only one channel is available for operation"", ""Four redundant systems (e.g., sensors, channels, or computers) are used"", ""It operates only in manual mode""], ""correct"": ""Only one channel is available for operation"", ""answer_text"": null, ""category"": null, ""source_file"": ""MODULE 13_Questions.pdf"", ""source_module"": ""M13"", ""fmt"": ""csv"", ""module"": ""M13"", ""syllabusRef"": ""M13.13.7(c)"", ""level"": """", ""difficulty"": ""MEDIUM"", ""subTopic"": """", ""isEssay"": false}",False
M13,M13.13.4(b),,Which aircraft models are examples of quadruple configuration autopilot,"Boeing 737, MD-80","MD-11, Airbus A320, A330, A340","Fokker-100, Boeing 747",,"MD-11, Airbus A320, A330, A340",MEDIUM,,,MEDIUM,ANSWERED,Matched from corpus-option-overlap,1,MODULE 13_Questions.pdf,"{""raw"": ""Which aircraft models are examples of quadruple configuration autopilot"", ""question"": ""Which aircraft models are examples of quadruple configuration autopilot"", ""options"": [""Boeing 737, MD-80"", ""MD-11, Airbus A320, A330, A340"", ""Fokker-100, Boeing 747""], ""correct"": ""MD-11, Airbus A320, A330, A340"", ""answer_text"": null, ""category"": null, ""source_file"": ""MODULE 13_Questions.pdf"", ""source_module"": ""M13"", ""fmt"": ""csv"", ""module"": ""M13"", ""syllabusRef"": ""M13.13.4(b)"", ""level"": """", ""difficulty"": ""MEDIUM"", ""subTopic"": """", ""isEssay"": false}",False
M13,M13.13.03,,"In a dual channel fail passive system, how many flight control computers",One computer with multiple channels,One dual-channel flight control computer with duplex servo actuators,Two separate flight control computers,,One dual-channel flight control computer with duplex servo actuators,MEDIUM,,,MEDIUM,ANSWERED,Matched from corpus-option-overlap,1,MODULE 13_Questions.pdf,"{""raw"": ""In a dual channel fail passive system, how many flight control computers"", ""question"": ""In a dual channel fail passive system, how many flight control computers"", ""options"": [""One computer with multiple channels"", ""One dual-channel flight control computer with duplex servo actuators"", ""Two separate flight control computers""], ""correct"": ""One dual-channel flight control computer with duplex servo actuators"", ""answer_text"": null, ""category"": null, ""source_file"": ""MODULE 13_Questions.pdf"", ""source_module"": ""M13"", ""fmt"": ""csv"", ""module"": ""M13"", ""syllabusRef"": ""M13.13.03"", ""level"": """", ""difficulty"": ""MEDIUM"", ""subTopic"": """", ""isEssay"": false}",False
M13,M13.13.03,,94. What happens in a dual channel fail passive system if a failure occurs?,The system continues operating without any interruption,"The system disengages, and if available, the second autopilot must be",,,"The system disengages, and if available, the second autopilot must be",MEDIUM,,,MEDIUM,ANSWERED,Matched from corpus-option-overlap,1,MODULE 13_Questions.pdf,"{""raw"": ""94. What happens in a dual channel fail passive system if a failure occurs?"", ""question"": ""94. What happens in a dual channel fail passive system if a failure occurs?"", ""options"": [""The system continues operating without any interruption"", ""The system disengages, and if available, the second autopilot must be""], ""correct"": ""The system disengages, and if available, the second autopilot must be"", ""answer_text"": null, ""category"": null, ""source_file"": ""MODULE 13_Questions.pdf"", ""source_module"": ""M13"", ""fmt"": ""csv"", ""module"": ""M13"", ""syllabusRef"": ""M13.13.03"", ""level"": """", ""difficulty"": ""MEDIUM"", ""subTopic"": """", ""isEssay"": false}",False
M13,M13.13.03,,What is the purpose of on-line comparison in a fail-passive dual-channel,It triggers a full system reset,It compares data from multiple channels and automatically disconnects,It activates the backup autopilot immediately,,It triggers a full system reset,MEDIUM,,,MEDIUM,ANSWERED,Matched from corpus-option-overlap,1,MODULE 13_Questions.pdf,"{""raw"": ""What is the purpose of on-line comparison in a fail-passive dual-channel"", ""question"": ""What is the purpose of on-line comparison in a fail-passive dual-channel"", ""options"": [""It triggers a full system reset"", ""It compares data from multiple channels and automatically disconnects"", ""It activates the backup autopilot immediately""], ""correct"": ""It triggers a full system reset"", ""answer_text"": null, ""category"": null, ""source_file"": ""MODULE 13_Questions.pdf"", ""source_module"": ""M13"", ""fmt"": ""csv"", ""module"": ""M13"", ""syllabusRef"": ""M13.13.03"", ""level"": """", ""difficulty"": ""MEDIUM"", ""subTopic"": """", ""isEssay"": false}",False
M13,M13.13.03,,"In a dual channel fail passive system, how does the system respond if both",It activates a third autopilot automatically,"The system disengages, requiring manual selection of the second",The flight controls revert to manual operation,,The flight controls revert to manual operation,MEDIUM,,,MEDIUM,ANSWERED,Matched from corpus-option-overlap,1,MODULE 13_Questions.pdf,"{""raw"": ""In a dual channel fail passive system, how does the system respond if both"", ""question"": ""In a dual channel fail passive system, how does the system respond if both"", ""options"": [""It activates a third autopilot automatically"", ""The system disengages, requiring manual selection of the second"", ""The flight controls revert to manual operation""], ""correct"": ""The flight controls revert to manual operation"", ""answer_text"": null, ""category"": null, ""source_file"": ""MODULE 13_Questions.pdf"", ""source_module"": ""M13"", ""fmt"": ""csv"", ""module"": ""M13"", ""syllabusRef"": ""M13.13.03"", ""level"": """", ""difficulty"": ""MEDIUM"", ""subTopic"": """", ""isEssay"": false}",False
M13,M13.13.03,,97. How is redundancy achieved in a dual channel fail passive system?,By using only one active channel at a time,By using two channels with duplex servo actuators and automatic,,,By using only one active channel at a time,MEDIUM,,,MEDIUM,ANSWERED,Matched from corpus,1,MODULE 13_Questions.pdf,"{""raw"": ""97. How is redundancy achieved in a dual channel fail passive system?"", ""question"": ""97. How is redundancy achieved in a dual channel fail passive system?"", ""options"": [""By using only one active channel at a time"", ""By using two channels with duplex servo actuators and automatic""], ""correct"": ""By using only one active channel at a time"", ""answer_text"": null, ""category"": null, ""source_file"": ""MODULE 13_Questions.pdf"", ""source_module"": ""M13"", ""fmt"": ""csv"", ""module"": ""M13"", ""syllabusRef"": ""M13.13.03"", ""level"": """", ""difficulty"": ""MEDIUM"", ""subTopic"": """", ""isEssay"": false}",False
M13,M13.13.1(a),,What is the function of the duplex servo actuators in a dual channel fail,To manually adjust the flight controls during failure,To provide backup power to the autopilot,To actuate the flight controls through redundant channels and ensure,,To manually adjust the flight controls during failure,MEDIUM,,,MEDIUM,ANSWERED,Matched from corpus-option-overlap,1,MODULE 13_Questions.pdf,"{""raw"": ""What is the function of the duplex servo actuators in a dual channel fail"", ""question"": ""What is the function of the duplex servo actuators in a dual channel fail"", ""options"": [""To manually adjust the flight controls during failure"", ""To provide backup power to the autopilot"", ""To actuate the flight controls through redundant channels and ensure""], ""correct"": ""To manually adjust the flight controls during failure"", ""answer_text"": null, ""category"": null, ""source_file"": ""MODULE 13_Questions.pdf"", ""source_module"": ""M13"", ""fmt"": ""csv"", ""module"": ""M13"", ""syllabusRef"": ""M13.13.1(a)"", ""level"": """", ""difficulty"": ""MEDIUM"", ""subTopic"": """", ""isEssay"": false}",False
M13,M13.13.03,,How does the system handle failures in the dual channel fail passive,It alerts the pilot and automatically switches to manual controls,It performs online comparisons of signals and disconnects the faulty,It allows the autopilot to continue with no backup systems,,It performs online comparisons of signals and disconnects the faulty,MEDIUM,,,HIGH,ANSWERED,Performs online comparisons and disconnects faulty channel,1,MODULE 13_Questions.pdf,"{""raw"": ""How does the system handle failures in the dual channel fail passive"", ""question"": ""How does the system handle failures in the dual channel fail passive"", ""options"": [""It alerts the pilot and automatically switches to manual controls"", ""It performs online comparisons of signals and disconnects the faulty"", ""It allows the autopilot to continue with no backup systems""], ""correct"": ""It performs online comparisons of signals and disconnects the faulty"", ""answer_text"": null, ""category"": null, ""source_file"": ""MODULE 13_Questions.pdf"", ""source_module"": ""M13"", ""fmt"": ""csv"", ""module"": ""M13"", ""syllabusRef"": ""M13.13.03"", ""level"": """", ""difficulty"": ""MEDIUM"", ""subTopic"": """", ""isEssay"": false}",False
M13,M13.13.03,,used for comparison?,One channel and one manual input,"Channel 1a and 1b, as well as Channel 2a and 2b",Channel 1a and Channel 2a,,One channel and one manual input,EASY,"100. In the dual channel fail passive system, what are the two primary channels",,MEDIUM,ANSWERED,Matched from corpus-option-overlap,1,MODULE 13_Questions.pdf,"{""raw"": ""used for comparison?"", ""question"": ""used for comparison?"", ""options"": [""One channel and one manual input"", ""Channel 1a and 1b, as well as Channel 2a and 2b"", ""Channel 1a and Channel 2a""], ""correct"": ""One channel and one manual input"", ""answer_text"": null, ""category"": null, ""source_file"": ""MODULE 13_Questions.pdf"", ""source_module"": ""M13"", ""fmt"": ""csv"", ""module"": ""M13"", ""syllabusRef"": ""M13.13.03"", ""level"": """", ""difficulty"": ""EASY"", ""subTopic"": ""100. In the dual channel fail passive system, what are the two primary channels"", ""isEssay"": false}",False
M13,M13.13.7(c),,101. What is a key feature of a quadruple channel fail operational system?,The system disengages immediately after a failure,The system remains engaged and continues flight with the healthy,,,The system disengages immediately after a failure,MEDIUM,,,MEDIUM,ANSWERED,Matched from corpus-option-overlap,1,MODULE 13_Questions.pdf,"{""raw"": ""101. What is a key feature of a quadruple channel fail operational system?"", ""question"": ""101. What is a key feature of a quadruple channel fail operational system?"", ""options"": [""The system disengages immediately after a failure"", ""The system remains engaged and continues flight with the healthy""], ""correct"": ""The system disengages immediately after a failure"", ""answer_text"": null, ""category"": null, ""source_file"": ""MODULE 13_Questions.pdf"", ""source_module"": ""M13"", ""fmt"": ""csv"", ""module"": ""M13"", ""syllabusRef"": ""M13.13.7(c)"", ""level"": """", ""difficulty"": ""MEDIUM"", ""subTopic"": """", ""isEssay"": false}",False
M13,M13.13.03,,operation during a failure?,It automatically disables sensors when a failure occurs,The system switches to the healthy system (one of the dual-channel,,,It automatically disables sensors when a failure occurs,MEDIUM,103. How does the quadruple channel fail operational system ensure continuous,,MEDIUM,ANSWERED,Matched from corpus,1,MODULE 13_Questions.pdf,"{""raw"": ""operation during a failure?"", ""question"": ""operation during a failure?"", ""options"": [""It automatically disables sensors when a failure occurs"", ""The system switches to the healthy system (one of the dual-channel""], ""correct"": ""It automatically disables sensors when a failure occurs"", ""answer_text"": null, ""category"": null, ""source_file"": ""MODULE 13_Questions.pdf"", ""source_module"": ""M13"", ""fmt"": ""csv"", ""module"": ""M13"", ""syllabusRef"": ""M13.13.03"", ""level"": """", ""difficulty"": ""MEDIUM"", ""subTopic"": ""103. How does the quadruple channel fail operational system ensure continuous"", ""isEssay"": false}",False
M13,M13.13.03,,duplex servo actuators?,To monitor the aircraft's flight path,"To actuate the flight controls through redundant channels, ensuring",,,"To actuate the flight controls through redundant channels, ensuring",MEDIUM,"105. In a quadruple channel fail operational system, what is the function of the",,MEDIUM,ANSWERED,Matched from corpus-option-overlap,1,MODULE 13_Questions.pdf,"{""raw"": ""duplex servo actuators?"", ""question"": ""duplex servo actuators?"", ""options"": [""To monitor the aircraft's flight path"", ""To actuate the flight controls through redundant channels, ensuring""], ""correct"": ""To actuate the flight controls through redundant channels, ensuring"", ""answer_text"": null, ""category"": null, ""source_file"": ""MODULE 13_Questions.pdf"", ""source_module"": ""M13"", ""fmt"": ""csv"", ""module"": ""M13"", ""syllabusRef"": ""M13.13.03"", ""level"": """", ""difficulty"": ""MEDIUM"", ""subTopic"": ""105. In a quadruple channel fail operational system, what is the function of the"", ""isEssay"": false}",False
M13,M13.13.7(c),,What does the LVDT (Linear Variable Differential Transformer) do in the,It measures the altitude of the aircraft,It provides feedback on the position of the control surface,It controls the engine power,,It provides feedback on the position of the control surface,MEDIUM,,,MEDIUM,ANSWERED,Matched from corpus-option-overlap,1,MODULE 13_Questions.pdf,"{""raw"": ""What does the LVDT (Linear Variable Differential Transformer) do in the"", ""question"": ""What does the LVDT (Linear Variable Differential Transformer) do in the"", ""options"": [""It measures the altitude of the aircraft"", ""It provides feedback on the position of the control surface"", ""It controls the engine power""], ""correct"": ""It provides feedback on the position of the control surface"", ""answer_text"": null, ""category"": null, ""source_file"": ""MODULE 13_Questions.pdf"", ""source_module"": ""M13"", ""fmt"": ""csv"", ""module"": ""M13"", ""syllabusRef"": ""M13.13.7(c)"", ""level"": """", ""difficulty"": ""MEDIUM"", ""subTopic"": """", ""isEssay"": false}",False
M13,M13.13.03,,How many duplex servos are used in a quadruple channel fail operational,One duplex servo,Two duplex servos for redundancy,Four duplex servos for maximum backup,,One duplex servo,MEDIUM,,,MEDIUM,ANSWERED,Matched from corpus-option-overlap,1,MODULE 13_Questions.pdf,"{""raw"": ""How many duplex servos are used in a quadruple channel fail operational"", ""question"": ""How many duplex servos are used in a quadruple channel fail operational"", ""options"": [""One duplex servo"", ""Two duplex servos for redundancy"", ""Four duplex servos for maximum backup""], ""correct"": ""One duplex servo"", ""answer_text"": null, ""category"": null, ""source_file"": ""MODULE 13_Questions.pdf"", ""source_module"": ""M13"", ""fmt"": ""csv"", ""module"": ""M13"", ""syllabusRef"": ""M13.13.03"", ""level"": """", ""difficulty"": ""MEDIUM"", ""subTopic"": """", ""isEssay"": false}",False
M13,M13.13.03,,on control surface positions?,Through visual indicators on the control panel,By averaging the positions of the left and right control surfaces and,,,By averaging the positions of the left and right control surfaces and,MEDIUM,109. How does the quadruple channel fail operational system provide feedback,,MEDIUM,ANSWERED,Matched from corpus-option-overlap,1,MODULE 13_Questions.pdf,"{""raw"": ""on control surface positions?"", ""question"": ""on control surface positions?"", ""options"": [""Through visual indicators on the control panel"", ""By averaging the positions of the left and right control surfaces and""], ""correct"": ""By averaging the positions of the left and right control surfaces and"", ""answer_text"": null, ""category"": null, ""source_file"": ""MODULE 13_Questions.pdf"", ""source_module"": ""M13"", ""fmt"": ""csv"", ""module"": ""M13"", ""syllabusRef"": ""M13.13.03"", ""level"": """", ""difficulty"": ""MEDIUM"", ""subTopic"": ""109. How does the quadruple channel fail operational system provide feedback"", ""isEssay"": false}",False
M13,M13.13.1(a),,for different aircraft models?,1920s to 1930s,1960s to 2000s,2000s to present,,1960s to 2000s,EASY,111. When did the development of autopilot and flight director systems begin,,HIGH,ANSWERED,AFCS development spanned 1960s to 2000s,1,MODULE 13_Questions.pdf,"{""raw"": ""for different aircraft models?"", ""question"": ""for different aircraft models?"", ""options"": [""1920s to 1930s"", ""1960s to 2000s"", ""2000s to present""], ""correct"": ""1960s to 2000s"", ""answer_text"": null, ""category"": null, ""source_file"": ""MODULE 13_Questions.pdf"", ""source_module"": ""M13"", ""fmt"": ""csv"", ""module"": ""M13"", ""syllabusRef"": ""M13.13.1(a)"", ""level"": """", ""difficulty"": ""EASY"", ""subTopic"": ""111. When did the development of autopilot and flight director systems begin"", ""isEssay"": false}",False
M13,M13.1.1,,flight control systems?,Only the autopilot system,"Autopilot, Flight Director, Auto Throttle/Speed Command Computer,",,,"Autopilot, Flight Director, Auto Throttle/Speed Command Computer,",MEDIUM,112. Which of the following is a stand-alone system integrated into modern,,MEDIUM,ANSWERED,Matched from corpus-option-overlap,1,MODULE 13_Questions.pdf,"{""raw"": ""flight control systems?"", ""question"": ""flight control systems?"", ""options"": [""Only the autopilot system"", ""Autopilot, Flight Director, Auto Throttle/Speed Command Computer,""], ""correct"": ""Autopilot, Flight Director, Auto Throttle/Speed Command Computer,"", ""answer_text"": null, ""category"": null, ""source_file"": ""MODULE 13_Questions.pdf"", ""source_module"": ""M13"", ""fmt"": ""csv"", ""module"": ""M13"", ""syllabusRef"": ""M13.1.1"", ""level"": """", ""difficulty"": ""MEDIUM"", ""subTopic"": ""112. Which of the following is a stand-alone system integrated into modern"", ""isEssay"": false}",False
M13,M13.13.7(c),,113. What does AP stand for in the system layout?,Autopilot,Aircraft Pilot,Auto Thrust,,Auto Thrust,EASY,,,MEDIUM,ANSWERED,Matched from corpus-option,1,MODULE 13_Questions.pdf,"{""raw"": ""113. What does AP stand for in the system layout?"", ""question"": ""113. What does AP stand for in the system layout?"", ""options"": [""Autopilot"", ""Aircraft Pilot"", ""Auto Thrust""], ""correct"": ""Auto Thrust"", ""answer_text"": null, ""category"": null, ""source_file"": ""MODULE 13_Questions.pdf"", ""source_module"": ""M13"", ""fmt"": ""csv"", ""module"": ""M13"", ""syllabusRef"": ""M13.13.7(c)"", ""level"": """", ""difficulty"": ""EASY"", ""subTopic"": """", ""isEssay"": false}",False
M13,M13.13.7(c),,114. What does FD stand for in the system layout?,Flight Data,Flight Director,Fuel Delivery,,Fuel Delivery,EASY,,,MEDIUM,ANSWERED,Matched from corpus,1,MODULE 13_Questions.pdf,"{""raw"": ""114. What does FD stand for in the system layout?"", ""question"": ""114. What does FD stand for in the system layout?"", ""options"": [""Flight Data"", ""Flight Director"", ""Fuel Delivery""], ""correct"": ""Fuel Delivery"", ""answer_text"": null, ""category"": null, ""source_file"": ""MODULE 13_Questions.pdf"", ""source_module"": ""M13"", ""fmt"": ""csv"", ""module"": ""M13"", ""syllabusRef"": ""M13.13.7(c)"", ""level"": """", ""difficulty"": ""EASY"", ""subTopic"": """", ""isEssay"": false}",False
M13,M13.13.7(c),,What is the function of the AT/SC (Auto Throttle/Speed Command,To manage the aircraft's navigation systems,To control the aircraft's flight path,To control the throttle and speed management based on flight,,To manage the aircraft's navigation systems,MEDIUM,,,MEDIUM,ANSWERED,Matched from corpus-option-overlap,1,MODULE 13_Questions.pdf,"{""raw"": ""What is the function of the AT/SC (Auto Throttle/Speed Command"", ""question"": ""What is the function of the AT/SC (Auto Throttle/Speed Command"", ""options"": [""To manage the aircraft's navigation systems"", ""To control the aircraft's flight path"", ""To control the throttle and speed management based on flight""], ""correct"": ""To manage the aircraft's navigation systems"", ""answer_text"": null, ""category"": null, ""source_file"": ""MODULE 13_Questions.pdf"", ""source_module"": ""M13"", ""fmt"": ""csv"", ""module"": ""M13"", ""syllabusRef"": ""M13.13.7(c)"", ""level"": """", ""difficulty"": ""MEDIUM"", ""subTopic"": """", ""isEssay"": false}",False
M13,M13.13.7(c),,116. What does FCC stand for in the system layout?,Flight Control Command,Flight Control Computer,Flight Control Channel,,Flight Control Command,MEDIUM,,,MEDIUM,ANSWERED,Matched from corpus-option,1,MODULE 13_Questions.pdf,"{""raw"": ""116. What does FCC stand for in the system layout?"", ""question"": ""116. What does FCC stand for in the system layout?"", ""options"": [""Flight Control Command"", ""Flight Control Computer"", ""Flight Control Channel""], ""correct"": ""Flight Control Command"", ""answer_text"": null, ""category"": null, ""source_file"": ""MODULE 13_Questions.pdf"", ""source_module"": ""M13"", ""fmt"": ""csv"", ""module"": ""M13"", ""syllabusRef"": ""M13.13.7(c)"", ""level"": """", ""difficulty"": ""MEDIUM"", ""subTopic"": """", ""isEssay"": false}",False
M13,M13.13.7(c),,control systems?,To provide power to the autopilot,To regulate the aircraft's altitude,To control engine thrust and maintain the desired speed,,To control engine thrust and maintain the desired speed,EASY,117. What is the role of the TCC (Thrust Control Computer) in modern flight,,MEDIUM,ANSWERED,Matched from corpus-option-overlap,1,MODULE 13_Questions.pdf,"{""raw"": ""control systems?"", ""question"": ""control systems?"", ""options"": [""To provide power to the autopilot"", ""To regulate the aircraft's altitude"", ""To control engine thrust and maintain the desired speed""], ""correct"": ""To control engine thrust and maintain the desired speed"", ""answer_text"": null, ""category"": null, ""source_file"": ""MODULE 13_Questions.pdf"", ""source_module"": ""M13"", ""fmt"": ""csv"", ""module"": ""M13"", ""syllabusRef"": ""M13.13.7(c)"", ""level"": """", ""difficulty"": ""EASY"", ""subTopic"": ""117. What is the role of the TCC (Thrust Control Computer) in modern flight"", ""isEssay"": false}",False
M13,M13.13.7(c),,aircraft's systems?,A backup for manual control,A means to calculate fuel consumption,"It enhances the performance and stability of the aircraft, aiding in",,A backup for manual control,EASY,118. What does FAC (Flight Augmentation Computer) provide to the,,MEDIUM,ANSWERED,Matched from corpus-option-overlap,1,MODULE 13_Questions.pdf,"{""raw"": ""aircraft's systems?"", ""question"": ""aircraft's systems?"", ""options"": [""A backup for manual control"", ""A means to calculate fuel consumption"", ""It enhances the performance and stability of the aircraft, aiding in""], ""correct"": ""A backup for manual control"", ""answer_text"": null, ""category"": null, ""source_file"": ""MODULE 13_Questions.pdf"", ""source_module"": ""M13"", ""fmt"": ""csv"", ""module"": ""M13"", ""syllabusRef"": ""M13.13.7(c)"", ""level"": """", ""difficulty"": ""EASY"", ""subTopic"": ""118. What does FAC (Flight Augmentation Computer) provide to the"", ""isEssay"": false}",False
M13,M13.13.01,,119. What does FMGEC stand for?,Flight Management Guidance Electronic Computer,Flight Mode Guidance Envelope Computer,Flight Management Guidance Envelope Computer,,Flight Management Guidance Electronic Computer,EASY,,,MEDIUM,ANSWERED,Matched from corpus-option-overlap,1,MODULE 13_Questions.pdf,"{""raw"": ""119. What does FMGEC stand for?"", ""question"": ""119. What does FMGEC stand for?"", ""options"": [""Flight Management Guidance Electronic Computer"", ""Flight Mode Guidance Envelope Computer"", ""Flight Management Guidance Envelope Computer""], ""correct"": ""Flight Management Guidance Electronic Computer"", ""answer_text"": null, ""category"": null, ""source_file"": ""MODULE 13_Questions.pdf"", ""source_module"": ""M13"", ""fmt"": ""csv"", ""module"": ""M13"", ""syllabusRef"": ""M13.13.01"", ""level"": """", ""difficulty"": ""EASY"", ""subTopic"": """", ""isEssay"": false}",False
M13,M13.13.7(c),,What is the primary function of the FIDS (Fault Isolation Detection,To isolate fuel system issues,To detect and isolate faults within the autopilot or flight control systems,To monitor engine performance,,To monitor engine performance,MEDIUM,,,MEDIUM,ANSWERED,Matched from corpus-option-overlap,1,MODULE 13_Questions.pdf,"{""raw"": ""What is the primary function of the FIDS (Fault Isolation Detection"", ""question"": ""What is the primary function of the FIDS (Fault Isolation Detection"", ""options"": [""To isolate fuel system issues"", ""To detect and isolate faults within the autopilot or flight control systems"", ""To monitor engine performance""], ""correct"": ""To monitor engine performance"", ""answer_text"": null, ""category"": null, ""source_file"": ""MODULE 13_Questions.pdf"", ""source_module"": ""M13"", ""fmt"": ""csv"", ""module"": ""M13"", ""syllabusRef"": ""M13.13.7(c)"", ""level"": """", ""difficulty"": ""MEDIUM"", ""subTopic"": """", ""isEssay"": false}",False
M13,M13.13.7(a),,121. What is the primary function of the FMGS in the A320?,To provide manual control for the pilot,"To provide predictions of flight time, speed, mileage, and optimize flight",,,"To provide predictions of flight time, speed, mileage, and optimize flight",MEDIUM,,,MEDIUM,ANSWERED,Matched from corpus-option-overlap,1,MODULE 13_Questions.pdf,"{""raw"": ""121. What is the primary function of the FMGS in the A320?"", ""question"": ""121. What is the primary function of the FMGS in the A320?"", ""options"": [""To provide manual control for the pilot"", ""To provide predictions of flight time, speed, mileage, and optimize flight""], ""correct"": ""To provide predictions of flight time, speed, mileage, and optimize flight"", ""answer_text"": null, ""category"": null, ""source_file"": ""MODULE 13_Questions.pdf"", ""source_module"": ""M13"", ""fmt"": ""csv"", ""module"": ""M13"", ""syllabusRef"": ""M13.13.7(a)"", ""level"": """", ""difficulty"": ""MEDIUM"", ""subTopic"": """", ""isEssay"": false}",False
M13,M13.13.7(c),,"During cockpit preparation in the A320, how does the pilot input the",Through the autopilot panel,Via the Multifunction Control and Display Units (MCDUs),Through a manual flight plan entered on paper,,Via the Multifunction Control and Display Units (MCDUs),MEDIUM,,,MEDIUM,ANSWERED,Matched from corpus-option-overlap,1,MODULE 13_Questions.pdf,"{""raw"": ""During cockpit preparation in the A320, how does the pilot input the"", ""question"": ""During cockpit preparation in the A320, how does the pilot input the"", ""options"": [""Through the autopilot panel"", ""Via the Multifunction Control and Display Units (MCDUs)"", ""Through a manual flight plan entered on paper""], ""correct"": ""Via the Multifunction Control and Display Units (MCDUs)"", ""answer_text"": null, ""category"": null, ""source_file"": ""MODULE 13_Questions.pdf"", ""source_module"": ""M13"", ""fmt"": ""csv"", ""module"": ""M13"", ""syllabusRef"": ""M13.13.7(c)"", ""level"": """", ""difficulty"": ""MEDIUM"", ""subTopic"": """", ""isEssay"": false}",False
M13,M13.13.1(a),,"123. What does the FMGS provide predictions of, apart from flight time?",Engine maintenance schedules,"Speed, economy profiles, and altitude",Only the aircraft's fuel consumption,,"Speed, economy profiles, and altitude",MEDIUM,,,MEDIUM,ANSWERED,Matched from corpus-option-overlap,1,MODULE 13_Questions.pdf,"{""raw"": ""123. What does the FMGS provide predictions of, apart from flight time?"", ""question"": ""123. What does the FMGS provide predictions of, apart from flight time?"", ""options"": [""Engine maintenance schedules"", ""Speed, economy profiles, and altitude"", ""Only the aircraft's fuel consumption""], ""correct"": ""Speed, economy profiles, and altitude"", ""answer_text"": null, ""category"": null, ""source_file"": ""MODULE 13_Questions.pdf"", ""source_module"": ""M13"", ""fmt"": ""csv"", ""module"": ""M13"", ""syllabusRef"": ""M13.13.1(a)"", ""level"": """", ""difficulty"": ""MEDIUM"", ""subTopic"": """", ""isEssay"": false}",False
M13,M13.13.7(c),,"If one of the FMGC (Flight Management Guidance Computers) fails,",The flight data is lost,The other FMGC performs all operations,The aircraft enters manual flight mode,,The other FMGC performs all operations,MEDIUM,,,MEDIUM,ANSWERED,Matched from corpus,1,MODULE 13_Questions.pdf,"{""raw"": ""If one of the FMGC (Flight Management Guidance Computers) fails,"", ""question"": ""If one of the FMGC (Flight Management Guidance Computers) fails,"", ""options"": [""The flight data is lost"", ""The other FMGC performs all operations"", ""The aircraft enters manual flight mode""], ""correct"": ""The other FMGC performs all operations"", ""answer_text"": null, ""category"": null, ""source_file"": ""MODULE 13_Questions.pdf"", ""source_module"": ""M13"", ""fmt"": ""csv"", ""module"": ""M13"", ""syllabusRef"": ""M13.13.7(c)"", ""level"": """", ""difficulty"": ""MEDIUM"", ""subTopic"": """", ""isEssay"": false}",False
M13,M13.0.3,,What can the pilot modify during flight on a short-term basis in the,Only the aircraft's speed,"Speed, Vertical Speed (V/S), Heading (HDG)",Only the route waypoints,,"Speed, Vertical Speed (V/S), Heading (HDG)",MEDIUM,,,MEDIUM,ANSWERED,Matched from corpus-option-overlap,1,MODULE 13_Questions.pdf,"{""raw"": ""What can the pilot modify during flight on a short-term basis in the"", ""question"": ""What can the pilot modify during flight on a short-term basis in the"", ""options"": [""Only the aircraft's speed"", ""Speed, Vertical Speed (V/S), Heading (HDG)"", ""Only the route waypoints""], ""correct"": ""Speed, Vertical Speed (V/S), Heading (HDG)"", ""answer_text"": null, ""category"": null, ""source_file"": ""MODULE 13_Questions.pdf"", ""source_module"": ""M13"", ""fmt"": ""csv"", ""module"": ""M13"", ""syllabusRef"": ""M13.0.3"", ""level"": """", ""difficulty"": ""MEDIUM"", ""subTopic"": """", ""isEssay"": false}",False
M13,M13.13.1(a),,126. Which function does the FM part of the A320 FMGS provide?,Yaw and Wind Shear Protection,"Navigation, Performance Prediction, Flight Planning, and Information",,,Yaw and Wind Shear Protection,MEDIUM,,,MEDIUM,ANSWERED,Matched from corpus-option-overlap,1,MODULE 13_Questions.pdf,"{""raw"": ""126. Which function does the FM part of the A320 FMGS provide?"", ""question"": ""126. Which function does the FM part of the A320 FMGS provide?"", ""options"": [""Yaw and Wind Shear Protection"", ""Navigation, Performance Prediction, Flight Planning, and Information""], ""correct"": ""Yaw and Wind Shear Protection"", ""answer_text"": null, ""category"": null, ""source_file"": ""MODULE 13_Questions.pdf"", ""source_module"": ""M13"", ""fmt"": ""csv"", ""module"": ""M13"", ""syllabusRef"": ""M13.13.1(a)"", ""level"": """", ""difficulty"": ""MEDIUM"", ""subTopic"": """", ""isEssay"": false}",False
M13,M13.13.7(c),,127. What does the FG part of the A320 FMGS control?,Only the autopilot,"Autopilot Command (AP), Flight Director Command (FD), Auto",,,"Autopilot Command (AP), Flight Director Command (FD), Auto",MEDIUM,,,MEDIUM,ANSWERED,Matched from corpus-option-overlap,1,MODULE 13_Questions.pdf,"{""raw"": ""127. What does the FG part of the A320 FMGS control?"", ""question"": ""127. What does the FG part of the A320 FMGS control?"", ""options"": [""Only the autopilot"", ""Autopilot Command (AP), Flight Director Command (FD), Auto""], ""correct"": ""Autopilot Command (AP), Flight Director Command (FD), Auto"", ""answer_text"": null, ""category"": null, ""source_file"": ""MODULE 13_Questions.pdf"", ""source_module"": ""M13"", ""fmt"": ""csv"", ""module"": ""M13"", ""syllabusRef"": ""M13.13.7(c)"", ""level"": """", ""difficulty"": ""MEDIUM"", ""subTopic"": """", ""isEssay"": false}",False
M13,M13.1.1,,the A320's FMGS?,Manual route planning,"Yaw Functions, Flight Envelope Functions, Wind Shear Protection",Only low energy warnings,,"Yaw Functions, Flight Envelope Functions, Wind Shear Protection",EASY,128. What is one of the functions provided by the Flight Augmentation part of,,MEDIUM,ANSWERED,Matched from corpus-option-overlap,1,MODULE 13_Questions.pdf,"{""raw"": ""the A320's FMGS?"", ""question"": ""the A320's FMGS?"", ""options"": [""Manual route planning"", ""Yaw Functions, Flight Envelope Functions, Wind Shear Protection"", ""Only low energy warnings""], ""correct"": ""Yaw Functions, Flight Envelope Functions, Wind Shear Protection"", ""answer_text"": null, ""category"": null, ""source_file"": ""MODULE 13_Questions.pdf"", ""source_module"": ""M13"", ""fmt"": ""csv"", ""module"": ""M13"", ""syllabusRef"": ""M13.1.1"", ""level"": """", ""difficulty"": ""EASY"", ""subTopic"": ""128. What is one of the functions provided by the Flight Augmentation part of"", ""isEssay"": false}",False
M13,M13.1.1,,129. Which of the following is not a function of the FMGS in the A320?,Performance Prediction,Pilot manual navigation,Managed Guidance Computation,,Performance Prediction,MEDIUM,,,MEDIUM,ANSWERED,Matched from corpus-option,1,MODULE 13_Questions.pdf,"{""raw"": ""129. Which of the following is not a function of the FMGS in the A320?"", ""question"": ""129. Which of the following is not a function of the FMGS in the A320?"", ""options"": [""Performance Prediction"", ""Pilot manual navigation"", ""Managed Guidance Computation""], ""correct"": ""Performance Prediction"", ""answer_text"": null, ""category"": null, ""source_file"": ""MODULE 13_Questions.pdf"", ""source_module"": ""M13"", ""fmt"": ""csv"", ""module"": ""M13"", ""syllabusRef"": ""M13.1.1"", ""level"": """", ""difficulty"": ""MEDIUM"", ""subTopic"": """", ""isEssay"": false}",False
M13,M13.13.7(c),,designed to alert?,When the aircraft is approaching high speeds,When the aircraft is operating near or below safe energy levels,When the aircraft experiences turbulence,,When the aircraft is approaching high speeds,EASY,130. What is the Low Energy Warning part of the Flight Augmentation system,,MEDIUM,ANSWERED,Matched from corpus-option-overlap,1,MODULE 13_Questions.pdf,"{""raw"": ""designed to alert?"", ""question"": ""designed to alert?"", ""options"": [""When the aircraft is approaching high speeds"", ""When the aircraft is operating near or below safe energy levels"", ""When the aircraft experiences turbulence""], ""correct"": ""When the aircraft is approaching high speeds"", ""answer_text"": null, ""category"": null, ""source_file"": ""MODULE 13_Questions.pdf"", ""source_module"": ""M13"", ""fmt"": ""csv"", ""module"": ""M13"", ""syllabusRef"": ""M13.13.7(c)"", ""level"": """", ""difficulty"": ""EASY"", ""subTopic"": ""130. What is the Low Energy Warning part of the Flight Augmentation system"", ""isEssay"": false}",False
M13,M13.13.7(c),,What type of control loop does the autopilot represent in modern aircraft,Open Control Loop,Closed Control Loop,Feedback Control Loop,,Closed Control Loop,MEDIUM,,,MEDIUM,ANSWERED,Matched from corpus-option,1,MODULE 13_Questions.pdf,"{""raw"": ""What type of control loop does the autopilot represent in modern aircraft"", ""question"": ""What type of control loop does the autopilot represent in modern aircraft"", ""options"": [""Open Control Loop"", ""Closed Control Loop"", ""Feedback Control Loop""], ""correct"": ""Closed Control Loop"", ""answer_text"": null, ""category"": null, ""source_file"": ""MODULE 13_Questions.pdf"", ""source_module"": ""M13"", ""fmt"": ""csv"", ""module"": ""M13"", ""syllabusRef"": ""M13.13.7(c)"", ""level"": """", ""difficulty"": ""MEDIUM"", ""subTopic"": """", ""isEssay"": false}",False
M13,M13.13.7(c),,132. How does the autopilot control the aircraft?,Through associated servos to fly the aircraft in the right order,Through manual input only,By providing direct control of engine thrust,,Through associated servos to fly the aircraft in the right order,EASY,,,MEDIUM,ANSWERED,Matched from corpus-option-overlap,1,MODULE 13_Questions.pdf,"{""raw"": ""132. How does the autopilot control the aircraft?"", ""question"": ""132. How does the autopilot control the aircraft?"", ""options"": [""Through associated servos to fly the aircraft in the right order"", ""Through manual input only"", ""By providing direct control of engine thrust""], ""correct"": ""Through associated servos to fly the aircraft in the right order"", ""answer_text"": null, ""category"": null, ""source_file"": ""MODULE 13_Questions.pdf"", ""source_module"": ""M13"", ""fmt"": ""csv"", ""module"": ""M13"", ""syllabusRef"": ""M13.13.7(c)"", ""level"": """", ""difficulty"": ""EASY"", ""subTopic"": """", ""isEssay"": false}",False
M13,M13.13.7(c),,133. When is the autopilot engaged?,After a predetermined time has passed in flight,When the output of the servos is synchronized to zero,Immediately upon takeoff,,When the output of the servos is synchronized to zero,EASY,,,MEDIUM,ANSWERED,Matched from corpus-option-overlap,1,MODULE 13_Questions.pdf,"{""raw"": ""133. When is the autopilot engaged?"", ""question"": ""133. When is the autopilot engaged?"", ""options"": [""After a predetermined time has passed in flight"", ""When the output of the servos is synchronized to zero"", ""Immediately upon takeoff""], ""correct"": ""When the output of the servos is synchronized to zero"", ""answer_text"": null, ""category"": null, ""source_file"": ""MODULE 13_Questions.pdf"", ""source_module"": ""M13"", ""fmt"": ""csv"", ""module"": ""M13"", ""syllabusRef"": ""M13.13.7(c)"", ""level"": """", ""difficulty"": ""EASY"", ""subTopic"": """", ""isEssay"": false}",False
M13,M13.13.7(c),,134. What happens when the autopilot is not engaged?,"The clutches are open, and the pilot must manually control the aircraft",The aircraft flies in a straight line automatically,The autopilot engages immediately when needed,,"The clutches are open, and the pilot must manually control the aircraft",MEDIUM,,,MEDIUM,ANSWERED,Matched from corpus-option-overlap,1,MODULE 13_Questions.pdf,"{""raw"": ""134. What happens when the autopilot is not engaged?"", ""question"": ""134. What happens when the autopilot is not engaged?"", ""options"": [""The clutches are open, and the pilot must manually control the aircraft"", ""The aircraft flies in a straight line automatically"", ""The autopilot engages immediately when needed""], ""correct"": ""The clutches are open, and the pilot must manually control the aircraft"", ""answer_text"": null, ""category"": null, ""source_file"": ""MODULE 13_Questions.pdf"", ""source_module"": ""M13"", ""fmt"": ""csv"", ""module"": ""M13"", ""syllabusRef"": ""M13.13.7(c)"", ""level"": """", ""difficulty"": ""MEDIUM"", ""subTopic"": """", ""isEssay"": false}",False
M13,M13.13.7(c),,135. What is the role of the autopilot in response to aircraft movements?,To provide manual control during turbulent conditions,To synchronize aircraft movements for flight path control,To sense the aircraft’s response through sensors and apply this,,To synchronize aircraft movements for flight path control,MEDIUM,,,MEDIUM,ANSWERED,Matched from corpus-option-overlap,1,MODULE 13_Questions.pdf,"{""raw"": ""135. What is the role of the autopilot in response to aircraft movements?"", ""question"": ""135. What is the role of the autopilot in response to aircraft movements?"", ""options"": [""To provide manual control during turbulent conditions"", ""To synchronize aircraft movements for flight path control"", ""To sense the aircraft’s response through sensors and apply this""], ""correct"": ""To synchronize aircraft movements for flight path control"", ""answer_text"": null, ""category"": null, ""source_file"": ""MODULE 13_Questions.pdf"", ""source_module"": ""M13"", ""fmt"": ""csv"", ""module"": ""M13"", ""syllabusRef"": ""M13.13.7(c)"", ""level"": """", ""difficulty"": ""MEDIUM"", ""subTopic"": """", ""isEssay"": false}",False
M13,M13.13.7(c),,136. What is one of the pilot’s tasks related to autopilot operation?,Programming engine power settings,Mode Selection and Switching,Automatically managing cabin pressure,,Mode Selection and Switching,MEDIUM,,,MEDIUM,ANSWERED,Matched from corpus-option-overlap,1,MODULE 13_Questions.pdf,"{""raw"": ""136. What is one of the pilot’s tasks related to autopilot operation?"", ""question"": ""136. What is one of the pilot’s tasks related to autopilot operation?"", ""options"": [""Programming engine power settings"", ""Mode Selection and Switching"", ""Automatically managing cabin pressure""], ""correct"": ""Mode Selection and Switching"", ""answer_text"": null, ""category"": null, ""source_file"": ""MODULE 13_Questions.pdf"", ""source_module"": ""M13"", ""fmt"": ""csv"", ""module"": ""M13"", ""syllabusRef"": ""M13.13.7(c)"", ""level"": """", ""difficulty"": ""MEDIUM"", ""subTopic"": """", ""isEssay"": false}",False
M13,M13.13.1(a),,137. What types of parameters do pilots set when the autopilot is engaged?,Only navigation waypoints,"Speed, altitude, radio frequencies, and navigation parameters",Only the aircraft's flight path,,"Speed, altitude, radio frequencies, and navigation parameters",MEDIUM,,,MEDIUM,ANSWERED,Matched from corpus-option-overlap,1,MODULE 13_Questions.pdf,"{""raw"": ""137. What types of parameters do pilots set when the autopilot is engaged?"", ""question"": ""137. What types of parameters do pilots set when the autopilot is engaged?"", ""options"": [""Only navigation waypoints"", ""Speed, altitude, radio frequencies, and navigation parameters"", ""Only the aircraft's flight path""], ""correct"": ""Speed, altitude, radio frequencies, and navigation parameters"", ""answer_text"": null, ""category"": null, ""source_file"": ""MODULE 13_Questions.pdf"", ""source_module"": ""M13"", ""fmt"": ""csv"", ""module"": ""M13"", ""syllabusRef"": ""M13.13.1(a)"", ""level"": """", ""difficulty"": ""MEDIUM"", ""subTopic"": """", ""isEssay"": false}",False
M13,M13.0.3,,139. What does the autopilot do during the synchronization process?,Disconnects from the aircraft control surfaces,Synchronizes the servos to ensure smooth engagement without jerking,,,Disconnects from the aircraft control surfaces,MEDIUM,,,MEDIUM,ANSWERED,Matched from corpus-option-overlap,1,MODULE 13_Questions.pdf,"{""raw"": ""139. What does the autopilot do during the synchronization process?"", ""question"": ""139. What does the autopilot do during the synchronization process?"", ""options"": [""Disconnects from the aircraft control surfaces"", ""Synchronizes the servos to ensure smooth engagement without jerking""], ""correct"": ""Disconnects from the aircraft control surfaces"", ""answer_text"": null, ""category"": null, ""source_file"": ""MODULE 13_Questions.pdf"", ""source_module"": ""M13"", ""fmt"": ""csv"", ""module"": ""M13"", ""syllabusRef"": ""M13.0.3"", ""level"": """", ""difficulty"": ""MEDIUM"", ""subTopic"": """", ""isEssay"": false}",False
M13,M13.13.7(c),,What is the purpose of the autopilot’s mode selection and switching by,To control the aircraft’s altitude only,To manually control engine power,To switch between different autopilot modes and adjust flight settings,,To manually control engine power,MEDIUM,,,MEDIUM,ANSWERED,Matched from corpus-option-overlap,1,MODULE 13_Questions.pdf,"{""raw"": ""What is the purpose of the autopilot’s mode selection and switching by"", ""question"": ""What is the purpose of the autopilot’s mode selection and switching by"", ""options"": [""To control the aircraft’s altitude only"", ""To manually control engine power"", ""To switch between different autopilot modes and adjust flight settings""], ""correct"": ""To manually control engine power"", ""answer_text"": null, ""category"": null, ""source_file"": ""MODULE 13_Questions.pdf"", ""source_module"": ""M13"", ""fmt"": ""csv"", ""module"": ""M13"", ""syllabusRef"": ""M13.13.7(c)"", ""level"": """", ""difficulty"": ""MEDIUM"", ""subTopic"": """", ""isEssay"": false}",False
M13,M13.13.7(a),,autopilot and flight director modes?,Green (G),Blue (B),Red (R),,Green (G),EASY,"141. In the Primary Flight Display (PFD), what color represents engaged",,MEDIUM,ANSWERED,Matched from corpus,1,MODULE 13_Questions.pdf,"{""raw"": ""autopilot and flight director modes?"", ""question"": ""autopilot and flight director modes?"", ""options"": [""Green (G)"", ""Blue (B)"", ""Red (R)""], ""correct"": ""Green (G)"", ""answer_text"": null, ""category"": null, ""source_file"": ""MODULE 13_Questions.pdf"", ""source_module"": ""M13"", ""fmt"": ""csv"", ""module"": ""M13"", ""syllabusRef"": ""M13.13.7(a)"", ""level"": """", ""difficulty"": ""EASY"", ""subTopic"": ""141. In the Primary Flight Display (PFD), what color represents engaged"", ""isEssay"": false}",False
M13,M13.13.7(a),,What does the color Blue (B) indicate in the Primary Flight Display,Engaged active modes,Armed modes or specific messages,First priority caution messages,,Armed modes or specific messages,MEDIUM,,,MEDIUM,ANSWERED,Matched from corpus-option-overlap,1,MODULE 13_Questions.pdf,"{""raw"": ""What does the color Blue (B) indicate in the Primary Flight Display"", ""question"": ""What does the color Blue (B) indicate in the Primary Flight Display"", ""options"": [""Engaged active modes"", ""Armed modes or specific messages"", ""First priority caution messages""], ""correct"": ""Armed modes or specific messages"", ""answer_text"": null, ""category"": null, ""source_file"": ""MODULE 13_Questions.pdf"", ""source_module"": ""M13"", ""fmt"": ""csv"", ""module"": ""M13"", ""syllabusRef"": ""M13.13.7(a)"", ""level"": """", ""difficulty"": ""MEDIUM"", ""subTopic"": """", ""isEssay"": false}",False
M13,M13.13.7(c),,What color in the FMA (Flight Mode Annunciator) is used for caution,Green (G),Blue (B),White (W),,Green (G),MEDIUM,,,MEDIUM,ANSWERED,Matched from corpus-option-overlap,1,MODULE 13_Questions.pdf,"{""raw"": ""What color in the FMA (Flight Mode Annunciator) is used for caution"", ""question"": ""What color in the FMA (Flight Mode Annunciator) is used for caution"", ""options"": [""Green (G)"", ""Blue (B)"", ""White (W)""], ""correct"": ""Green (G)"", ""answer_text"": null, ""category"": null, ""source_file"": ""MODULE 13_Questions.pdf"", ""source_module"": ""M13"", ""fmt"": ""csv"", ""module"": ""M13"", ""syllabusRef"": ""M13.13.7(c)"", ""level"": """", ""difficulty"": ""MEDIUM"", ""subTopic"": """", ""isEssay"": false}",False
M13,M13.13.7(c),,Annunciator (FMA)?,Engaged modes,Armed modes,Approach capabilities,,Engaged modes,EASY,145. What is indicated by the magenta (M) color in the Flight Mode,,MEDIUM,ANSWERED,Matched from corpus-option,1,MODULE 13_Questions.pdf,"{""raw"": ""Annunciator (FMA)?"", ""question"": ""Annunciator (FMA)?"", ""options"": [""Engaged modes"", ""Armed modes"", ""Approach capabilities""], ""correct"": ""Engaged modes"", ""answer_text"": null, ""category"": null, ""source_file"": ""MODULE 13_Questions.pdf"", ""source_module"": ""M13"", ""fmt"": ""csv"", ""module"": ""M13"", ""syllabusRef"": ""M13.13.7(c)"", ""level"": """", ""difficulty"": ""EASY"", ""subTopic"": ""145. What is indicated by the magenta (M) color in the Flight Mode"", ""isEssay"": false}",False
M13,M13.13.7(c),,engage autothrust?,Speed mode,Altitude mode,Vertical speed mode,,Speed mode,EASY,"146. In the context of autothrust operation, which mode should be armed to",,MEDIUM,ANSWERED,Matched from corpus-option,1,MODULE 13_Questions.pdf,"{""raw"": ""engage autothrust?"", ""question"": ""engage autothrust?"", ""options"": [""Speed mode"", ""Altitude mode"", ""Vertical speed mode""], ""correct"": ""Speed mode"", ""answer_text"": null, ""category"": null, ""source_file"": ""MODULE 13_Questions.pdf"", ""source_module"": ""M13"", ""fmt"": ""csv"", ""module"": ""M13"", ""syllabusRef"": ""M13.13.7(c)"", ""level"": """", ""difficulty"": ""EASY"", ""subTopic"": ""146. In the context of autothrust operation, which mode should be armed to"", ""isEssay"": false}",False
M13,M13.1.1,,engaged in the Primary Flight Display (PFD)?,The autothrust disengages automatically after 10 minutes,It can only engage at a speed of 140 knots,The system is engaged when the correct mode is selected on the,,It can only engage at a speed of 140 knots,EASY,147. Which of the following is true when the autothrust (A/THR) system is,,MEDIUM,ANSWERED,Matched from corpus-option-overlap,1,MODULE 13_Questions.pdf,"{""raw"": ""engaged in the Primary Flight Display (PFD)?"", ""question"": ""engaged in the Primary Flight Display (PFD)?"", ""options"": [""The autothrust disengages automatically after 10 minutes"", ""It can only engage at a speed of 140 knots"", ""The system is engaged when the correct mode is selected on the""], ""correct"": ""It can only engage at a speed of 140 knots"", ""answer_text"": null, ""category"": null, ""source_file"": ""MODULE 13_Questions.pdf"", ""source_module"": ""M13"", ""fmt"": ""csv"", ""module"": ""M13"", ""syllabusRef"": ""M13.1.1"", ""level"": """", ""difficulty"": ""EASY"", ""subTopic"": ""147. Which of the following is true when the autothrust (A/THR) system is"", ""isEssay"": false}",False
M13,M13.13.7(c),,"(M), what does it signify in the PFD?",The system is in an armed mode,The aircraft is approaching a specified waypoint,"The approach is ready and can be executed, indicating the decision",,The system is in an armed mode,EASY,148. When the Approach Capabilities (DH or MDA) are displayed in magenta,,MEDIUM,ANSWERED,Matched from corpus-option-overlap,1,MODULE 13_Questions.pdf,"{""raw"": ""(M), what does it signify in the PFD?"", ""question"": ""(M), what does it signify in the PFD?"", ""options"": [""The system is in an armed mode"", ""The aircraft is approaching a specified waypoint"", ""The approach is ready and can be executed, indicating the decision""], ""correct"": ""The system is in an armed mode"", ""answer_text"": null, ""category"": null, ""source_file"": ""MODULE 13_Questions.pdf"", ""source_module"": ""M13"", ""fmt"": ""csv"", ""module"": ""M13"", ""syllabusRef"": ""M13.13.7(c)"", ""level"": """", ""difficulty"": ""EASY"", ""subTopic"": ""148. When the Approach Capabilities (DH or MDA) are displayed in magenta"", ""isEssay"": false}",False
M13,M13.0.3,,"In an autopilot engagement scenario, what does the amber (A) color",Armed modes,First priority caution messages,Caution messages,,Armed modes,MEDIUM,,,MEDIUM,ANSWERED,Matched from corpus-option,1,MODULE 13_Questions.pdf,"{""raw"": ""In an autopilot engagement scenario, what does the amber (A) color"", ""question"": ""In an autopilot engagement scenario, what does the amber (A) color"", ""options"": [""Armed modes"", ""First priority caution messages"", ""Caution messages""], ""correct"": ""Armed modes"", ""answer_text"": null, ""category"": null, ""source_file"": ""MODULE 13_Questions.pdf"", ""source_module"": ""M13"", ""fmt"": ""csv"", ""module"": ""M13"", ""syllabusRef"": ""M13.0.3"", ""level"": """", ""difficulty"": ""MEDIUM"", ""subTopic"": """", ""isEssay"": false}",False
M13,M13.30.05,,"When both AP1 and AP2 are engaged in autopilot mode, which condition","The aircraft is in a dual autopilot mode, providing redundancy for",Only one autopilot is engaged,The aircraft is operating in manual mode,,Only one autopilot is engaged,MEDIUM,,,MEDIUM,ANSWERED,Matched from corpus-option-overlap,1,MODULE 13_Questions.pdf,"{""raw"": ""When both AP1 and AP2 are engaged in autopilot mode, which condition"", ""question"": ""When both AP1 and AP2 are engaged in autopilot mode, which condition"", ""options"": [""The aircraft is in a dual autopilot mode, providing redundancy for"", ""Only one autopilot is engaged"", ""The aircraft is operating in manual mode""], ""correct"": ""Only one autopilot is engaged"", ""answer_text"": null, ""category"": null, ""source_file"": ""MODULE 13_Questions.pdf"", ""source_module"": ""M13"", ""fmt"": ""csv"", ""module"": ""M13"", ""syllabusRef"": ""M13.30.05"", ""level"": """", ""difficulty"": ""MEDIUM"", ""subTopic"": """", ""isEssay"": false}",False
M13,M13.0.3,,"In the PFD, what does the engaged status of A/THR (autothrust) indicate",The system is disengaged but waiting for pilot input,The autopilot system is controlling the engine thrust to maintain the set,The system is only engaged during climb or descent,,The autopilot system is controlling the engine thrust to maintain the set,MEDIUM,,,MEDIUM,ANSWERED,Matched from corpus-option-overlap,1,MODULE 13_Questions.pdf,"{""raw"": ""In the PFD, what does the engaged status of A/THR (autothrust) indicate"", ""question"": ""In the PFD, what does the engaged status of A/THR (autothrust) indicate"", ""options"": [""The system is disengaged but waiting for pilot input"", ""The autopilot system is controlling the engine thrust to maintain the set"", ""The system is only engaged during climb or descent""], ""correct"": ""The autopilot system is controlling the engine thrust to maintain the set"", ""answer_text"": null, ""category"": null, ""source_file"": ""MODULE 13_Questions.pdf"", ""source_module"": ""M13"", ""fmt"": ""csv"", ""module"": ""M13"", ""syllabusRef"": ""M13.0.3"", ""level"": """", ""difficulty"": ""MEDIUM"", ""subTopic"": """", ""isEssay"": false}",False
M13,M13.13.07,,for smaller aircraft?,Pneumatic servo,Electric servo,Hydraulic servo,,Pneumatic servo,EASY,152. What type of actuator is most commonly used in simple autopilot systems,,MEDIUM,ANSWERED,Matched from corpus-option,1,MODULE 13_Questions.pdf,"{""raw"": ""for smaller aircraft?"", ""question"": ""for smaller aircraft?"", ""options"": [""Pneumatic servo"", ""Electric servo"", ""Hydraulic servo""], ""correct"": ""Pneumatic servo"", ""answer_text"": null, ""category"": null, ""source_file"": ""MODULE 13_Questions.pdf"", ""source_module"": ""M13"", ""fmt"": ""csv"", ""module"": ""M13"", ""syllabusRef"": ""M13.13.07"", ""level"": """", ""difficulty"": ""EASY"", ""subTopic"": ""152. What type of actuator is most commonly used in simple autopilot systems"", ""isEssay"": false}",False
M13,M13.1.00000,,"In the case of a pneumatic servo actuator, how is the diaphragm typically",By a reversible DC motor,By either suction or positive air pressure from the gyro pick-off,By either suction or positive air pressure from the gyro pick-off,,By either suction or positive air pressure from the gyro pick-off,MEDIUM,,,MEDIUM,ANSWERED,Matched from corpus-option-overlap,1,MODULE 13_Questions.pdf,"{""raw"": ""In the case of a pneumatic servo actuator, how is the diaphragm typically"", ""question"": ""In the case of a pneumatic servo actuator, how is the diaphragm typically"", ""options"": [""By a reversible DC motor"", ""By either suction or positive air pressure from the gyro pick-off"", ""By either suction or positive air pressure from the gyro pick-off""], ""correct"": ""By either suction or positive air pressure from the gyro pick-off"", ""answer_text"": null, ""category"": null, ""source_file"": ""MODULE 13_Questions.pdf"", ""source_module"": ""M13"", ""fmt"": ""csv"", ""module"": ""M13"", ""syllabusRef"": ""M13.1.00000"", ""level"": """", ""difficulty"": ""MEDIUM"", ""subTopic"": """", ""isEssay"": false}",False
M13,M13.13.7(c),,154. What is the main role of the clutch in an electric servo actuator system?,To engage the control surface at a constant speed,To disconnect the autopilot from the control cables,To mechanically connect the servo motor gear train to the control,,To mechanically connect the servo motor gear train to the control,MEDIUM,,,MEDIUM,ANSWERED,Matched from corpus-option-overlap,1,MODULE 13_Questions.pdf,"{""raw"": ""154. What is the main role of the clutch in an electric servo actuator system?"", ""question"": ""154. What is the main role of the clutch in an electric servo actuator system?"", ""options"": [""To engage the control surface at a constant speed"", ""To disconnect the autopilot from the control cables"", ""To mechanically connect the servo motor gear train to the control""], ""correct"": ""To mechanically connect the servo motor gear train to the control"", ""answer_text"": null, ""category"": null, ""source_file"": ""MODULE 13_Questions.pdf"", ""source_module"": ""M13"", ""fmt"": ""csv"", ""module"": ""M13"", ""syllabusRef"": ""M13.13.7(c)"", ""level"": """", ""difficulty"": ""MEDIUM"", ""subTopic"": """", ""isEssay"": false}",False
M13,M13.1.1,,amplifier for speed limiting and smoothing?,Sine wave generator,Tachometer generator,Tachometer generator,,Tachometer generator,EASY,"155. In an electric servo actuator, what device provides inverse feedback to the",,MEDIUM,ANSWERED,Matched from corpus-option,1,MODULE 13_Questions.pdf,"{""raw"": ""amplifier for speed limiting and smoothing?"", ""question"": ""amplifier for speed limiting and smoothing?"", ""options"": [""Sine wave generator"", ""Tachometer generator"", ""Tachometer generator""], ""correct"": ""Tachometer generator"", ""answer_text"": null, ""category"": null, ""source_file"": ""MODULE 13_Questions.pdf"", ""source_module"": ""M13"", ""fmt"": ""csv"", ""module"": ""M13"", ""syllabusRef"": ""M13.1.1"", ""level"": """", ""difficulty"": ""EASY"", ""subTopic"": ""155. In an electric servo actuator, what device provides inverse feedback to the"", ""isEssay"": false}",False
M13,M13.13.05,,What is the purpose of the follow-up synchro in an electric servo actuator,To provide additional power to the control surface,To drive the null before engaging the autopilot,To calculate the required control surface speed,,To provide additional power to the control surface,MEDIUM,,,MEDIUM,ANSWERED,Matched from corpus-option-overlap,1,MODULE 13_Questions.pdf,"{""raw"": ""What is the purpose of the follow-up synchro in an electric servo actuator"", ""question"": ""What is the purpose of the follow-up synchro in an electric servo actuator"", ""options"": [""To provide additional power to the control surface"", ""To drive the null before engaging the autopilot"", ""To calculate the required control surface speed""], ""correct"": ""To provide additional power to the control surface"", ""answer_text"": null, ""category"": null, ""source_file"": ""MODULE 13_Questions.pdf"", ""source_module"": ""M13"", ""fmt"": ""csv"", ""module"": ""M13"", ""syllabusRef"": ""M13.13.05"", ""level"": """", ""difficulty"": ""MEDIUM"", ""subTopic"": """", ""isEssay"": false}",False
M13,M13.13.7(c),,actuator's connection to the control surfaces?,The control surface is permanently locked in place,The autopilot disengages all mechanical connections,The servo motor gear train is mechanically clutched to the control,,The control surface is permanently locked in place,EASY,158. What happens when the autopilot is engaged in terms of the electric servo,,MEDIUM,ANSWERED,Matched from corpus,1,MODULE 13_Questions.pdf,"{""raw"": ""actuator's connection to the control surfaces?"", ""question"": ""actuator's connection to the control surfaces?"", ""options"": [""The control surface is permanently locked in place"", ""The autopilot disengages all mechanical connections"", ""The servo motor gear train is mechanically clutched to the control""], ""correct"": ""The control surface is permanently locked in place"", ""answer_text"": null, ""category"": null, ""source_file"": ""MODULE 13_Questions.pdf"", ""source_module"": ""M13"", ""fmt"": ""csv"", ""module"": ""M13"", ""syllabusRef"": ""M13.13.7(c)"", ""level"": """", ""difficulty"": ""EASY"", ""subTopic"": ""158. What happens when the autopilot is engaged in terms of the electric servo"", ""isEssay"": false}",False
M13,M13.13.05,,larger aircraft?,DC motor only,Reversible DC or AC motor,Reversible DC or AC motor,,Reversible DC or AC motor,EASY,159. What type of motor is most commonly used in electric servo actuators for,,MEDIUM,ANSWERED,Matched from corpus-option,1,MODULE 13_Questions.pdf,"{""raw"": ""larger aircraft?"", ""question"": ""larger aircraft?"", ""options"": [""DC motor only"", ""Reversible DC or AC motor"", ""Reversible DC or AC motor""], ""correct"": ""Reversible DC or AC motor"", ""answer_text"": null, ""category"": null, ""source_file"": ""MODULE 13_Questions.pdf"", ""source_module"": ""M13"", ""fmt"": ""csv"", ""module"": ""M13"", ""syllabusRef"": ""M13.13.05"", ""level"": """", ""difficulty"": ""EASY"", ""subTopic"": ""159. What type of motor is most commonly used in electric servo actuators for"", ""isEssay"": false}",False
M13,M13.13.7(c),,and the computed command signals are equal?,The control surface will continue to move further,The control surface will move back to its original position,The control surface movement will stop,,The control surface will continue to move further,EASY,"160. In an electric servo actuator, what happens when the follow-up synchro",,MEDIUM,ANSWERED,Matched from corpus,1,MODULE 13_Questions.pdf,"{""raw"": ""and the computed command signals are equal?"", ""question"": ""and the computed command signals are equal?"", ""options"": [""The control surface will continue to move further"", ""The control surface will move back to its original position"", ""The control surface movement will stop""], ""correct"": ""The control surface will continue to move further"", ""answer_text"": null, ""category"": null, ""source_file"": ""MODULE 13_Questions.pdf"", ""source_module"": ""M13"", ""fmt"": ""csv"", ""module"": ""M13"", ""syllabusRef"": ""M13.13.7(c)"", ""level"": """", ""difficulty"": ""EASY"", ""subTopic"": ""160. In an electric servo actuator, what happens when the follow-up synchro"", ""isEssay"": false}",False
M13,M13.13.7(a),,161. What is the primary function of the rudder servo actuator?,To rotate the ailerons,To rotate the cable drum and control the rudder,To control the elevator,,To rotate the cable drum and control the rudder,MEDIUM,,,MEDIUM,ANSWERED,Matched from corpus-option-overlap,1,MODULE 13_Questions.pdf,"{""raw"": ""161. What is the primary function of the rudder servo actuator?"", ""question"": ""161. What is the primary function of the rudder servo actuator?"", ""options"": [""To rotate the ailerons"", ""To rotate the cable drum and control the rudder"", ""To control the elevator""], ""correct"": ""To rotate the cable drum and control the rudder"", ""answer_text"": null, ""category"": null, ""source_file"": ""MODULE 13_Questions.pdf"", ""source_module"": ""M13"", ""fmt"": ""csv"", ""module"": ""M13"", ""syllabusRef"": ""M13.13.7(a)"", ""level"": """", ""difficulty"": ""MEDIUM"", ""subTopic"": """", ""isEssay"": false}",False
M13,M13.0.3,,162. How does the rudder servo actuator provide redundancy in its system?,By using a backup manual system,By having multiple motors operating in parallel mode,By using multiple motors operating in parallel mode,,By using a backup manual system,MEDIUM,,,MEDIUM,ANSWERED,Matched from corpus-option-overlap,1,MODULE 13_Questions.pdf,"{""raw"": ""162. How does the rudder servo actuator provide redundancy in its system?"", ""question"": ""162. How does the rudder servo actuator provide redundancy in its system?"", ""options"": [""By using a backup manual system"", ""By having multiple motors operating in parallel mode"", ""By using multiple motors operating in parallel mode""], ""correct"": ""By using a backup manual system"", ""answer_text"": null, ""category"": null, ""source_file"": ""MODULE 13_Questions.pdf"", ""source_module"": ""M13"", ""fmt"": ""csv"", ""module"": ""M13"", ""syllabusRef"": ""M13.0.3"", ""level"": """", ""difficulty"": ""MEDIUM"", ""subTopic"": """", ""isEssay"": false}",False
M13,M13.0.3,,"163. In the rudder servo system, how are the rudder pedals controlled?",By electrical commands only,By mechanical movement linked to the rudder movements,By hydraulic systems,,By mechanical movement linked to the rudder movements,MEDIUM,,,MEDIUM,ANSWERED,Matched from corpus,1,MODULE 13_Questions.pdf,"{""raw"": ""163. In the rudder servo system, how are the rudder pedals controlled?"", ""question"": ""163. In the rudder servo system, how are the rudder pedals controlled?"", ""options"": [""By electrical commands only"", ""By mechanical movement linked to the rudder movements"", ""By hydraulic systems""], ""correct"": ""By mechanical movement linked to the rudder movements"", ""answer_text"": null, ""category"": null, ""source_file"": ""MODULE 13_Questions.pdf"", ""source_module"": ""M13"", ""fmt"": ""csv"", ""module"": ""M13"", ""syllabusRef"": ""M13.0.3"", ""level"": """", ""difficulty"": ""MEDIUM"", ""subTopic"": """", ""isEssay"": false}",False
M13,M13.0.3,,What is the typical deflection range for the rudder in a rudder servo,+/-10°,+/-25°,+/-50°,,+/-25°,MEDIUM,,,HIGH,ANSWERED,+/-25° per Suntech Fig 03.29,1,MODULE 13_Questions.pdf,"{""raw"": ""What is the typical deflection range for the rudder in a rudder servo"", ""question"": ""What is the typical deflection range for the rudder in a rudder servo"", ""options"": [""+/-10°"", ""+/-25°"", ""+/-50°""], ""correct"": ""+/-25°"", ""answer_text"": null, ""category"": null, ""source_file"": ""MODULE 13_Questions.pdf"", ""source_module"": ""M13"", ""fmt"": ""csv"", ""module"": ""M13"", ""syllabusRef"": ""M13.0.3"", ""level"": """", ""difficulty"": ""MEDIUM"", ""subTopic"": """", ""isEssay"": false}",False
M13,M13.13.7(c),,What type of control is used in the rudder servo actuator to move the,Purely electrical control,Parallel motor operation with mechanical linkage to the rudder pedals,Hydraulically controlled linkage,,Purely electrical control,MEDIUM,,,MEDIUM,ANSWERED,Matched from corpus-option-overlap,1,MODULE 13_Questions.pdf,"{""raw"": ""What type of control is used in the rudder servo actuator to move the"", ""question"": ""What type of control is used in the rudder servo actuator to move the"", ""options"": [""Purely electrical control"", ""Parallel motor operation with mechanical linkage to the rudder pedals"", ""Hydraulically controlled linkage""], ""correct"": ""Purely electrical control"", ""answer_text"": null, ""category"": null, ""source_file"": ""MODULE 13_Questions.pdf"", ""source_module"": ""M13"", ""fmt"": ""csv"", ""module"": ""M13"", ""syllabusRef"": ""M13.13.7(c)"", ""level"": """", ""difficulty"": ""MEDIUM"", ""subTopic"": """", ""isEssay"": false}",False
M13,M13.1.1,,166. What is the primary function of the Yaw Damper Servo actuator?,To move the elevator control surfaces,To move the output rod in a linear direction,To control the aileron movement,,To move the output rod in a linear direction,MEDIUM,,,MEDIUM,ANSWERED,Matched from corpus-option-overlap,1,MODULE 13_Questions.pdf,"{""raw"": ""166. What is the primary function of the Yaw Damper Servo actuator?"", ""question"": ""166. What is the primary function of the Yaw Damper Servo actuator?"", ""options"": [""To move the elevator control surfaces"", ""To move the output rod in a linear direction"", ""To control the aileron movement""], ""correct"": ""To move the output rod in a linear direction"", ""answer_text"": null, ""category"": null, ""source_file"": ""MODULE 13_Questions.pdf"", ""source_module"": ""M13"", ""fmt"": ""csv"", ""module"": ""M13"", ""syllabusRef"": ""M13.1.1"", ""level"": """", ""difficulty"": ""MEDIUM"", ""subTopic"": """", ""isEssay"": false}",False
M13,M13.1.1,,How does the Yaw Damper Servo input affect the rudder system?,The input is in parallel mode,The input is a direct feedback loop,,,The input is a direct feedback loop,MEDIUM,,,MEDIUM,ANSWERED,Matched from corpus,1,MODULE 13_Questions.pdf,"{""raw"": ""How does the Yaw Damper Servo input affect the rudder system?"", ""question"": ""How does the Yaw Damper Servo input affect the rudder system?"", ""options"": [""The input is in parallel mode"", ""The input is a direct feedback loop""], ""correct"": ""The input is a direct feedback loop"", ""answer_text"": null, ""category"": null, ""source_file"": ""MODULE 13_Questions.pdf"", ""source_module"": ""M13"", ""fmt"": ""csv"", ""module"": ""M13"", ""syllabusRef"": ""M13.1.1"", ""level"": """", ""difficulty"": ""MEDIUM"", ""subTopic"": """", ""isEssay"": false}",False
M13,M13.1.1,,"In the Yaw Damper Servo system, are there any movements at the rudder","Yes, the rudder pedals move to assist in control","No, there are no movements at the rudder pedals",The rudder pedals move only when engaged with the autopilot,,"Yes, the rudder pedals move to assist in control",MEDIUM,,,MEDIUM,ANSWERED,Matched from corpus-option-overlap,1,MODULE 13_Questions.pdf,"{""raw"": ""In the Yaw Damper Servo system, are there any movements at the rudder"", ""question"": ""In the Yaw Damper Servo system, are there any movements at the rudder"", ""options"": [""Yes, the rudder pedals move to assist in control"", ""No, there are no movements at the rudder pedals"", ""The rudder pedals move only when engaged with the autopilot""], ""correct"": ""Yes, the rudder pedals move to assist in control"", ""answer_text"": null, ""category"": null, ""source_file"": ""MODULE 13_Questions.pdf"", ""source_module"": ""M13"", ""fmt"": ""csv"", ""module"": ""M13"", ""syllabusRef"": ""M13.1.1"", ""level"": """", ""difficulty"": ""MEDIUM"", ""subTopic"": """", ""isEssay"": false}",False
M13,M13.1.1,,What is the typical rudder deflection range in a Yaw Damper Servo,+/- 1-2°,+/- 3-6°,+/- 10°,,+/- 3-6°,MEDIUM,,,HIGH,ANSWERED,+/-3-6° per Suntech Fig 03.30,1,MODULE 13_Questions.pdf,"{""raw"": ""What is the typical rudder deflection range in a Yaw Damper Servo"", ""question"": ""What is the typical rudder deflection range in a Yaw Damper Servo"", ""options"": [""+/- 1-2°"", ""+/- 3-6°"", ""+/- 10°""], ""correct"": ""+/- 3-6°"", ""answer_text"": null, ""category"": null, ""source_file"": ""MODULE 13_Questions.pdf"", ""source_module"": ""M13"", ""fmt"": ""csv"", ""module"": ""M13"", ""syllabusRef"": ""M13.1.1"", ""level"": """", ""difficulty"": ""MEDIUM"", ""subTopic"": """", ""isEssay"": false}",False
M13,M13.1.1,,What is the primary purpose of the Yaw Damper Servo system in aircraft,To assist with lateral stability,To control the elevator trim,To dampen yawing motions and enhance stability,,To assist with lateral stability,MEDIUM,,,MEDIUM,ANSWERED,Matched from corpus-option-overlap,1,MODULE 13_Questions.pdf,"{""raw"": ""What is the primary purpose of the Yaw Damper Servo system in aircraft"", ""question"": ""What is the primary purpose of the Yaw Damper Servo system in aircraft"", ""options"": [""To assist with lateral stability"", ""To control the elevator trim"", ""To dampen yawing motions and enhance stability""], ""correct"": ""To assist with lateral stability"", ""answer_text"": null, ""category"": null, ""source_file"": ""MODULE 13_Questions.pdf"", ""source_module"": ""M13"", ""fmt"": ""csv"", ""module"": ""M13"", ""syllabusRef"": ""M13.1.1"", ""level"": """", ""difficulty"": ""MEDIUM"", ""subTopic"": """", ""isEssay"": false}",False
M13,M13.13.7(c),,What is the primary function of the Hydraulic Servo in the autopilot,To power the rudder system,To operate the main control valve for the actuating cylinder,To control the flight director system,,To operate the main control valve for the actuating cylinder,MEDIUM,,,MEDIUM,ANSWERED,Matched from corpus-option-overlap,1,MODULE 13_Questions.pdf,"{""raw"": ""What is the primary function of the Hydraulic Servo in the autopilot"", ""question"": ""What is the primary function of the Hydraulic Servo in the autopilot"", ""options"": [""To power the rudder system"", ""To operate the main control valve for the actuating cylinder"", ""To control the flight director system""], ""correct"": ""To operate the main control valve for the actuating cylinder"", ""answer_text"": null, ""category"": null, ""source_file"": ""MODULE 13_Questions.pdf"", ""source_module"": ""M13"", ""fmt"": ""csv"", ""module"": ""M13"", ""syllabusRef"": ""M13.13.7(c)"", ""level"": """", ""difficulty"": ""MEDIUM"", ""subTopic"": """", ""isEssay"": false}",False
M13,M13.13.7(c),,in the Hydraulic Servo system?,It measures the speed of the autopilot actuator,It indicates the amount of movement of the autopilot actuator,It monitors the fuel flow rate to the hydraulic unit,,It indicates the amount of movement of the autopilot actuator,EASY,172. What is the role of the Linear Variable Differential Transformer (LVDT),,MEDIUM,ANSWERED,Matched from corpus-option-overlap,1,MODULE 13_Questions.pdf,"{""raw"": ""in the Hydraulic Servo system?"", ""question"": ""in the Hydraulic Servo system?"", ""options"": [""It measures the speed of the autopilot actuator"", ""It indicates the amount of movement of the autopilot actuator"", ""It monitors the fuel flow rate to the hydraulic unit""], ""correct"": ""It indicates the amount of movement of the autopilot actuator"", ""answer_text"": null, ""category"": null, ""source_file"": ""MODULE 13_Questions.pdf"", ""source_module"": ""M13"", ""fmt"": ""csv"", ""module"": ""M13"", ""syllabusRef"": ""M13.13.7(c)"", ""level"": """", ""difficulty"": ""EASY"", ""subTopic"": ""172. What is the role of the Linear Variable Differential Transformer (LVDT)"", ""isEssay"": false}",False
M13,M13.13.7(c),,Hydraulic Power Unit?,Reduces the need for manual inputs,Increases the complexity of the system,"Provides more sensitive and accurate control by bypassing cable slack,",,"Provides more sensitive and accurate control by bypassing cable slack,",EASY,173. What is the main advantage of the autopilot directly operating the,,MEDIUM,ANSWERED,Matched from corpus-option-overlap,1,MODULE 13_Questions.pdf,"{""raw"": ""Hydraulic Power Unit?"", ""question"": ""Hydraulic Power Unit?"", ""options"": [""Reduces the need for manual inputs"", ""Increases the complexity of the system"", ""Provides more sensitive and accurate control by bypassing cable slack,""], ""correct"": ""Provides more sensitive and accurate control by bypassing cable slack,"", ""answer_text"": null, ""category"": null, ""source_file"": ""MODULE 13_Questions.pdf"", ""source_module"": ""M13"", ""fmt"": ""csv"", ""module"": ""M13"", ""syllabusRef"": ""M13.13.7(c)"", ""level"": """", ""difficulty"": ""EASY"", ""subTopic"": ""173. What is the main advantage of the autopilot directly operating the"", ""isEssay"": false}",False
M13,M13.1.3,,How can the Hydraulic Servo actuator be operated besides by the,Only by autopilot inputs,Only manually by the pilot,It can be operated both manually from the cockpit or automatically by,,Only by autopilot inputs,MEDIUM,,,MEDIUM,ANSWERED,Matched from corpus,1,MODULE 13_Questions.pdf,"{""raw"": ""How can the Hydraulic Servo actuator be operated besides by the"", ""question"": ""How can the Hydraulic Servo actuator be operated besides by the"", ""options"": [""Only by autopilot inputs"", ""Only manually by the pilot"", ""It can be operated both manually from the cockpit or automatically by""], ""correct"": ""Only by autopilot inputs"", ""answer_text"": null, ""category"": null, ""source_file"": ""MODULE 13_Questions.pdf"", ""source_module"": ""M13"", ""fmt"": ""csv"", ""module"": ""M13"", ""syllabusRef"": ""M13.1.3"", ""level"": """", ""difficulty"": ""MEDIUM"", ""subTopic"": """", ""isEssay"": false}",False
M13,M13.0.3,,"In Parallel Mode, how is the servo movement applied to the rudder","The servo movement is directly applied to the pedal input, causing the",The servo movement is added to the input from the pedals without affecting the,The servo movement is not applied during critical modes,,"The servo movement is directly applied to the pedal input, causing the",MEDIUM,,,MEDIUM,ANSWERED,Matched from corpus,1,MODULE 13_Questions.pdf,"{""raw"": ""In Parallel Mode, how is the servo movement applied to the rudder"", ""question"": ""In Parallel Mode, how is the servo movement applied to the rudder"", ""options"": [""The servo movement is directly applied to the pedal input, causing the"", ""The servo movement is added to the input from the pedals without affecting the"", ""The servo movement is not applied during critical modes""], ""correct"": ""The servo movement is directly applied to the pedal input, causing the"", ""answer_text"": null, ""category"": null, ""source_file"": ""MODULE 13_Questions.pdf"", ""source_module"": ""M13"", ""fmt"": ""csv"", ""module"": ""M13"", ""syllabusRef"": ""M13.0.3"", ""level"": """", ""difficulty"": ""MEDIUM"", ""subTopic"": """", ""isEssay"": false}",False
M13,M13.0.3,,"Landing, and Go-around?",Series Mode,Parallel Mode,Normal Mode,,Series Mode,EASY,"177. Which of the following modes is active during Take-off, Approach,",,MEDIUM,ANSWERED,Matched from corpus-option,1,MODULE 13_Questions.pdf,"{""raw"": ""Landing, and Go-around?"", ""question"": ""Landing, and Go-around?"", ""options"": [""Series Mode"", ""Parallel Mode"", ""Normal Mode""], ""correct"": ""Series Mode"", ""answer_text"": null, ""category"": null, ""source_file"": ""MODULE 13_Questions.pdf"", ""source_module"": ""M13"", ""fmt"": ""csv"", ""module"": ""M13"", ""syllabusRef"": ""M13.0.3"", ""level"": """", ""difficulty"": ""EASY"", ""subTopic"": ""177. Which of the following modes is active during Take-off, Approach,"", ""isEssay"": false}",False
M13,M13.0.3,,What is the main characteristic of Series Mode in the autopilot system?,"The servo movement is added to the input from the pedals, and the rudder",The rudder deflection authority can reach up to 25°,The servo movement is added to the input from the pedals without,,"The servo movement is added to the input from the pedals, and the rudder",MEDIUM,,,MEDIUM,ANSWERED,Matched from corpus-option-overlap,1,MODULE 13_Questions.pdf,"{""raw"": ""What is the main characteristic of Series Mode in the autopilot system?"", ""question"": ""What is the main characteristic of Series Mode in the autopilot system?"", ""options"": [""The servo movement is added to the input from the pedals, and the rudder"", ""The rudder deflection authority can reach up to 25°"", ""The servo movement is added to the input from the pedals without""], ""correct"": ""The servo movement is added to the input from the pedals, and the rudder"", ""answer_text"": null, ""category"": null, ""source_file"": ""MODULE 13_Questions.pdf"", ""source_module"": ""M13"", ""fmt"": ""csv"", ""module"": ""M13"", ""syllabusRef"": ""M13.0.3"", ""level"": """", ""difficulty"": ""MEDIUM"", ""subTopic"": """", ""isEssay"": false}",False
M13,M13.0.3,,"179. In Series Mode, what is the maximum rudder deflection?",25°,+/-6°,10°,,+/-6°,MEDIUM,,,HIGH,ANSWERED,Series mode limits to +/-6 degrees,1,MODULE 13_Questions.pdf,"{""raw"": ""179. In Series Mode, what is the maximum rudder deflection?"", ""question"": ""179. In Series Mode, what is the maximum rudder deflection?"", ""options"": [""25°"", ""+/-6°"", ""10°""], ""correct"": ""+/-6°"", ""answer_text"": null, ""category"": null, ""source_file"": ""MODULE 13_Questions.pdf"", ""source_module"": ""M13"", ""fmt"": ""csv"", ""module"": ""M13"", ""syllabusRef"": ""M13.0.3"", ""level"": """", ""difficulty"": ""MEDIUM"", ""subTopic"": """", ""isEssay"": false}",False
M13,M13.0.3,,"pedal input, causing the pedals to move. What is the advantage of this mode?",It ensures very small rudder deflections,It is used only during cruising conditions,It allows for larger rudder deflections up to 25° in critical flight phases,,It ensures very small rudder deflections,MEDIUM,"180. In Parallel Mode, the servo directly applies movement to the rudder",,MEDIUM,ANSWERED,Matched from corpus-option-overlap,1,MODULE 13_Questions.pdf,"{""raw"": ""pedal input, causing the pedals to move. What is the advantage of this mode?"", ""question"": ""pedal input, causing the pedals to move. What is the advantage of this mode?"", ""options"": [""It ensures very small rudder deflections"", ""It is used only during cruising conditions"", ""It allows for larger rudder deflections up to 25° in critical flight phases""], ""correct"": ""It ensures very small rudder deflections"", ""answer_text"": null, ""category"": null, ""source_file"": ""MODULE 13_Questions.pdf"", ""source_module"": ""M13"", ""fmt"": ""csv"", ""module"": ""M13"", ""syllabusRef"": ""M13.0.3"", ""level"": """", ""difficulty"": ""MEDIUM"", ""subTopic"": ""180. In Parallel Mode, the servo directly applies movement to the rudder"", ""isEssay"": false}",False
M13,M13.0.3,,What is the primary function of Control Wheel Steering (CWS) in an,To provide lateral and vertical stability through electronic control of,To engage the autopilot system automatically,To provide rudder control during take-off,,To provide lateral and vertical stability through electronic control of,MEDIUM,,,MEDIUM,ANSWERED,Matched from corpus-option-overlap,1,MODULE 13_Questions.pdf,"{""raw"": ""What is the primary function of Control Wheel Steering (CWS) in an"", ""question"": ""What is the primary function of Control Wheel Steering (CWS) in an"", ""options"": [""To provide lateral and vertical stability through electronic control of"", ""To engage the autopilot system automatically"", ""To provide rudder control during take-off""], ""correct"": ""To provide lateral and vertical stability through electronic control of"", ""answer_text"": null, ""category"": null, ""source_file"": ""MODULE 13_Questions.pdf"", ""source_module"": ""M13"", ""fmt"": ""csv"", ""module"": ""M13"", ""syllabusRef"": ""M13.0.3"", ""level"": """", ""difficulty"": ""MEDIUM"", ""subTopic"": """", ""isEssay"": false}",False
M13,M13.1.5,,182. How does CWS simplify the steering of the aircraft?,By automatically controlling the aircraft’s speed,By making aircraft roll and pitch rates proportional to the applied,,,By making aircraft roll and pitch rates proportional to the applied,MEDIUM,,,HIGH,ANSWERED,CWS makes rates proportional to applied force,1,MODULE 13_Questions.pdf,"{""raw"": ""182. How does CWS simplify the steering of the aircraft?"", ""question"": ""182. How does CWS simplify the steering of the aircraft?"", ""options"": [""By automatically controlling the aircraft’s speed"", ""By making aircraft roll and pitch rates proportional to the applied""], ""correct"": ""By making aircraft roll and pitch rates proportional to the applied"", ""answer_text"": null, ""category"": null, ""source_file"": ""MODULE 13_Questions.pdf"", ""source_module"": ""M13"", ""fmt"": ""csv"", ""module"": ""M13"", ""syllabusRef"": ""M13.1.5"", ""level"": """", ""difficulty"": ""MEDIUM"", ""subTopic"": """", ""isEssay"": false}",False
M13,M13.13.7(c),,What happens when no force is applied to the control wheel in CWS,The aircraft holds its current attitude,The aircraft automatically changes its attitude,The autopilot engages automatically,,The aircraft holds its current attitude,MEDIUM,,,MEDIUM,ANSWERED,Matched from corpus-option-overlap,1,MODULE 13_Questions.pdf,"{""raw"": ""What happens when no force is applied to the control wheel in CWS"", ""question"": ""What happens when no force is applied to the control wheel in CWS"", ""options"": [""The aircraft holds its current attitude"", ""The aircraft automatically changes its attitude"", ""The autopilot engages automatically""], ""correct"": ""The aircraft holds its current attitude"", ""answer_text"": null, ""category"": null, ""source_file"": ""MODULE 13_Questions.pdf"", ""source_module"": ""M13"", ""fmt"": ""csv"", ""module"": ""M13"", ""syllabusRef"": ""M13.13.7(c)"", ""level"": """", ""difficulty"": ""MEDIUM"", ""subTopic"": """", ""isEssay"": false}",False
M13,M13.13.7(c),,184. When is Control Wheel Steering (CWS) available in an aircraft?,When the autopilot is fully engaged,When the Flight Control Computer is operational but not engaged,Only when the autopilot system fails,,When the Flight Control Computer is operational but not engaged,MEDIUM,,,MEDIUM,ANSWERED,Matched from corpus-option-overlap,1,MODULE 13_Questions.pdf,"{""raw"": ""184. When is Control Wheel Steering (CWS) available in an aircraft?"", ""question"": ""184. When is Control Wheel Steering (CWS) available in an aircraft?"", ""options"": [""When the autopilot is fully engaged"", ""When the Flight Control Computer is operational but not engaged"", ""Only when the autopilot system fails""], ""correct"": ""When the Flight Control Computer is operational but not engaged"", ""answer_text"": null, ""category"": null, ""source_file"": ""MODULE 13_Questions.pdf"", ""source_module"": ""M13"", ""fmt"": ""csv"", ""module"": ""M13"", ""syllabusRef"": ""M13.13.7(c)"", ""level"": """", ""difficulty"": ""MEDIUM"", ""subTopic"": """", ""isEssay"": false}",False
M13,M13.13.7(c),,What is the purpose of the force sensors in the Control Wheel Steering,To control the aircraft’s autopilot directly,To measure the altitude and speed of the aircraft,To sense the force applied by the pilot on the control wheel and send,,To control the aircraft’s autopilot directly,MEDIUM,,,MEDIUM,ANSWERED,Matched from corpus,1,MODULE 13_Questions.pdf,"{""raw"": ""What is the purpose of the force sensors in the Control Wheel Steering"", ""question"": ""What is the purpose of the force sensors in the Control Wheel Steering"", ""options"": [""To control the aircraft’s autopilot directly"", ""To measure the altitude and speed of the aircraft"", ""To sense the force applied by the pilot on the control wheel and send""], ""correct"": ""To control the aircraft’s autopilot directly"", ""answer_text"": null, ""category"": null, ""source_file"": ""MODULE 13_Questions.pdf"", ""source_module"": ""M13"", ""fmt"": ""csv"", ""module"": ""M13"", ""syllabusRef"": ""M13.13.7(c)"", ""level"": """", ""difficulty"": ""MEDIUM"", ""subTopic"": """", ""isEssay"": false}",False
M13,M13.30.05,,186. What makes landing in low visibility so demanding for pilots?,The aircraft can only land at a high speed,Pilots see the runway lights only a few seconds before touchdown,The aircraft must fly at higher altitudes,,Pilots see the runway lights only a few seconds before touchdown,MEDIUM,,,MEDIUM,ANSWERED,Matched from corpus-option-overlap,1,MODULE 13_Questions.pdf,"{""raw"": ""186. What makes landing in low visibility so demanding for pilots?"", ""question"": ""186. What makes landing in low visibility so demanding for pilots?"", ""options"": [""The aircraft can only land at a high speed"", ""Pilots see the runway lights only a few seconds before touchdown"", ""The aircraft must fly at higher altitudes""], ""correct"": ""Pilots see the runway lights only a few seconds before touchdown"", ""answer_text"": null, ""category"": null, ""source_file"": ""MODULE 13_Questions.pdf"", ""source_module"": ""M13"", ""fmt"": ""csv"", ""module"": ""M13"", ""syllabusRef"": ""M13.30.05"", ""level"": """", ""difficulty"": ""MEDIUM"", ""subTopic"": """", ""isEssay"": false}",False
M13,M13.13.06,,What is one of the key factors that enables Category II/III operations in,Increased aircraft speed,Pilots' ability to perform manual landings in all conditions,Improvements in aircraft control systems and airfield equipment,,Improvements in aircraft control systems and airfield equipment,MEDIUM,,,MEDIUM,ANSWERED,Matched from corpus-option-overlap,1,MODULE 13_Questions.pdf,"{""raw"": ""What is one of the key factors that enables Category II/III operations in"", ""question"": ""What is one of the key factors that enables Category II/III operations in"", ""options"": [""Increased aircraft speed"", ""Pilots' ability to perform manual landings in all conditions"", ""Improvements in aircraft control systems and airfield equipment""], ""correct"": ""Improvements in aircraft control systems and airfield equipment"", ""answer_text"": null, ""category"": null, ""source_file"": ""MODULE 13_Questions.pdf"", ""source_module"": ""M13"", ""fmt"": ""csv"", ""module"": ""M13"", ""syllabusRef"": ""M13.13.06"", ""level"": """", ""difficulty"": ""MEDIUM"", ""subTopic"": """", ""isEssay"": false}",False
M13,M13.30.05,,II/III operations?,80%,90%,Nearly 100%,,Nearly 100%,EASY,188. What is the approach success rate in actual in-line services for Category,,MEDIUM,ANSWERED,Matched from corpus-option-overlap,1,MODULE 13_Questions.pdf,"{""raw"": ""II/III operations?"", ""question"": ""II/III operations?"", ""options"": [""80%"", ""90%"", ""Nearly 100%""], ""correct"": ""Nearly 100%"", ""answer_text"": null, ""category"": null, ""source_file"": ""MODULE 13_Questions.pdf"", ""source_module"": ""M13"", ""fmt"": ""csv"", ""module"": ""M13"", ""syllabusRef"": ""M13.30.05"", ""level"": """", ""difficulty"": ""EASY"", ""subTopic"": ""188. What is the approach success rate in actual in-line services for Category"", ""isEssay"": false}",False
M13,M13.30.05,,see the runway lights just a few seconds before touchdown?,Category III,Category II,Category I,,Category I,MEDIUM,189. Which category of landing is most associated with the need for pilots to,,MEDIUM,ANSWERED,Matched from corpus,1,MODULE 13_Questions.pdf,"{""raw"": ""see the runway lights just a few seconds before touchdown?"", ""question"": ""see the runway lights just a few seconds before touchdown?"", ""options"": [""Category III"", ""Category II"", ""Category I""], ""correct"": ""Category I"", ""answer_text"": null, ""category"": null, ""source_file"": ""MODULE 13_Questions.pdf"", ""source_module"": ""M13"", ""fmt"": ""csv"", ""module"": ""M13"", ""syllabusRef"": ""M13.30.05"", ""level"": """", ""difficulty"": ""MEDIUM"", ""subTopic"": ""189. Which category of landing is most associated with the need for pilots to"", ""isEssay"": false}",False
M13,M13.13.7(c),,Which of the following is a primary function of an aircraft battery?,To supply power for engine operation,To provide power for the aircraft's entertainment system,,,To supply power for engine operation,MEDIUM,,,MEDIUM,ANSWERED,Matched from corpus-option-overlap,1,MODULE 13_Questions.pdf,"{""raw"": ""Which of the following is a primary function of an aircraft battery?"", ""question"": ""Which of the following is a primary function of an aircraft battery?"", ""options"": [""To supply power for engine operation"", ""To provide power for the aircraft's entertainment system""], ""correct"": ""To supply power for engine operation"", ""answer_text"": null, ""category"": null, ""source_file"": ""MODULE 13_Questions.pdf"", ""source_module"": ""M13"", ""fmt"": ""csv"", ""module"": ""M13"", ""syllabusRef"": ""M13.13.7(c)"", ""level"": """", ""difficulty"": ""MEDIUM"", ""subTopic"": """", ""isEssay"": false}",False
M13,M13.1.0,,What is the main purpose of a secondary battery cell in an aircraft?,To store energy permanently,To provide continuous power without any charging requirement,To be discharged and recharged throughout the battery's life,,To be discharged and recharged throughout the battery's life,MEDIUM,,,HIGH,ANSWERED,Verified from PDF answer key and FAA/EASA sources; secondary cells are rechargeable,1,MODULE 13_Questions.pdf,"{""raw"": ""What is the main purpose of a secondary battery cell in an aircraft?"", ""question"": ""What is the main purpose of a secondary battery cell in an aircraft?"", ""options"": [""To store energy permanently"", ""To provide continuous power without any charging requirement"", ""To be discharged and recharged throughout the battery's life""], ""correct"": ""To be discharged and recharged throughout the battery's life"", ""answer_text"": null, ""category"": null, ""source_file"": ""MODULE 13_Questions.pdf"", ""source_module"": ""M13"", ""fmt"": ""csv"", ""module"": ""M13"", ""syllabusRef"": ""M13.1.0"", ""level"": """", ""difficulty"": ""MEDIUM"", ""subTopic"": """", ""isEssay"": false}",False
M13,M13.13.7(a),,What is the main difference between primary and secondary cells in,"Primary cells can be recharged, while secondary cells cannot",There is no difference between primary and secondary cells,,,"Primary cells can be recharged, while secondary cells cannot",MEDIUM,,,MEDIUM,ANSWERED,Matched from corpus,1,MODULE 13_Questions.pdf,"{""raw"": ""What is the main difference between primary and secondary cells in"", ""question"": ""What is the main difference between primary and secondary cells in"", ""options"": [""Primary cells can be recharged, while secondary cells cannot"", ""There is no difference between primary and secondary cells""], ""correct"": ""Primary cells can be recharged, while secondary cells cannot"", ""answer_text"": null, ""category"": null, ""source_file"": ""MODULE 13_Questions.pdf"", ""source_module"": ""M13"", ""fmt"": ""csv"", ""module"": ""M13"", ""syllabusRef"": ""M13.13.7(a)"", ""level"": """", ""difficulty"": ""MEDIUM"", ""subTopic"": """", ""isEssay"": false}",False
M13,,,4. What type of battery is most commonly used in aircraft?,Lithium-ion,Zinc-carbon,Nickel-Cadmium (NiCd),,Nickel-Cadmium (NiCd),MEDIUM,,,HIGH,ANSWERED,Verified from PDF answer key and EASA SIB 2020-18; NiCd most common in traditional aircraft,1,MODULE 13_Questions.pdf,"{""raw"": ""4. What type of battery is most commonly used in aircraft?"", ""question"": ""4. What type of battery is most commonly used in aircraft?"", ""options"": [""Lithium-ion"", ""Zinc-carbon"", ""Nickel-Cadmium (NiCd)""], ""correct"": ""Nickel-Cadmium (NiCd)"", ""answer_text"": null, ""category"": null, ""source_file"": ""MODULE 13_Questions.pdf"", ""source_module"": ""M13"", ""fmt"": ""csv"", ""module"": ""M13"", ""syllabusRef"": """", ""level"": """", ""difficulty"": ""MEDIUM"", ""subTopic"": """", ""isEssay"": false}",False
M13,M13.13.7(c),,"In the case of an electrical system failure, what is the first priority for",To operate the aircraft's navigation systems,To provide power for non-essential services,,,To operate the aircraft's navigation systems,MEDIUM,,,MEDIUM,ANSWERED,Matched from corpus-option-overlap,1,MODULE 13_Questions.pdf,"{""raw"": ""In the case of an electrical system failure, what is the first priority for"", ""question"": ""In the case of an electrical system failure, what is the first priority for"", ""options"": [""To operate the aircraft's navigation systems"", ""To provide power for non-essential services""], ""correct"": ""To operate the aircraft's navigation systems"", ""answer_text"": null, ""category"": null, ""source_file"": ""MODULE 13_Questions.pdf"", ""source_module"": ""M13"", ""fmt"": ""csv"", ""module"": ""M13"", ""syllabusRef"": ""M13.13.7(c)"", ""level"": """", ""difficulty"": ""MEDIUM"", ""subTopic"": """", ""isEssay"": false}",False
M13,M13.1.0,,6. What happens when cells are connected in parallel?,The total voltage is the sum of each cell's voltage.,The total capacity is the sum of each cell's capacity.,,,The total voltage is the sum of each cell's voltage.,MEDIUM,,,MEDIUM,ANSWERED,Matched from corpus,1,MODULE 13_Questions.pdf,"{""raw"": ""6. What happens when cells are connected in parallel?"", ""question"": ""6. What happens when cells are connected in parallel?"", ""options"": [""The total voltage is the sum of each cell's voltage."", ""The total capacity is the sum of each cell's capacity.""], ""correct"": ""The total voltage is the sum of each cell's voltage."", ""answer_text"": null, ""category"": null, ""source_file"": ""MODULE 13_Questions.pdf"", ""source_module"": ""M13"", ""fmt"": ""csv"", ""module"": ""M13"", ""syllabusRef"": ""M13.1.0"", ""level"": """", ""difficulty"": ""MEDIUM"", ""subTopic"": """", ""isEssay"": false}",False
M13,M13.1.2,,7. What is the nominal voltage of a Lead-Acid (L/A) battery cell?,1.2 volts,1.5 volts,,,1.2 volts,MEDIUM,,,MEDIUM,ANSWERED,Matched from corpus,1,MODULE 13_Questions.pdf,"{""raw"": ""7. What is the nominal voltage of a Lead-Acid (L/A) battery cell?"", ""question"": ""7. What is the nominal voltage of a Lead-Acid (L/A) battery cell?"", ""options"": [""1.2 volts"", ""1.5 volts""], ""correct"": ""1.2 volts"", ""answer_text"": null, ""category"": null, ""source_file"": ""MODULE 13_Questions.pdf"", ""source_module"": ""M13"", ""fmt"": ""csv"", ""module"": ""M13"", ""syllabusRef"": ""M13.1.2"", ""level"": """", ""difficulty"": ""MEDIUM"", ""subTopic"": """", ""isEssay"": false}",False
M13,M13.1.0,,Which material is used in the negative plates of a lead-acid battery cell?,Lead peroxide paste (PbO₂),Lead-antimony alloy grid plates,,,Lead peroxide paste (PbO₂),MEDIUM,,,MEDIUM,ANSWERED,Matched from corpus-option-overlap,1,MODULE 13_Questions.pdf,"{""raw"": ""Which material is used in the negative plates of a lead-acid battery cell?"", ""question"": ""Which material is used in the negative plates of a lead-acid battery cell?"", ""options"": [""Lead peroxide paste (PbO₂)"", ""Lead-antimony alloy grid plates""], ""correct"": ""Lead peroxide paste (PbO₂)"", ""answer_text"": null, ""category"": null, ""source_file"": ""MODULE 13_Questions.pdf"", ""source_module"": ""M13"", ""fmt"": ""csv"", ""module"": ""M13"", ""syllabusRef"": ""M13.1.0"", ""level"": """", ""difficulty"": ""MEDIUM"", ""subTopic"": """", ""isEssay"": false}",False
M13,M13.30.05,,10. What happens when cells are connected in series?,The total capacity is the sum of each cell's capacity.,The total voltage remains the same as for one cell.,,,The total capacity is the sum of each cell's capacity.,MEDIUM,,,MEDIUM,ANSWERED,Matched from corpus,1,MODULE 13_Questions.pdf,"{""raw"": ""10. What happens when cells are connected in series?"", ""question"": ""10. What happens when cells are connected in series?"", ""options"": [""The total capacity is the sum of each cell's capacity."", ""The total voltage remains the same as for one cell.""], ""correct"": ""The total capacity is the sum of each cell's capacity."", ""answer_text"": null, ""category"": null, ""source_file"": ""MODULE 13_Questions.pdf"", ""source_module"": ""M13"", ""fmt"": ""csv"", ""module"": ""M13"", ""syllabusRef"": ""M13.30.05"", ""level"": """", ""difficulty"": ""MEDIUM"", ""subTopic"": """", ""isEssay"": false}",False
M13,M13.1.0,,11. What is the unit used to measure the capacity of a battery cell?,Volt-Hour (VH),Ampere-Volt (AV),Ampere-Hour (AH),,Ampere-Hour (AH),MEDIUM,,,HIGH,ANSWERED,Verified from PDF answer key and SUNTECH corpus; capacity measured in Ampere-Hours (AH),1,MODULE 13_Questions.pdf,"{""raw"": ""11. What is the unit used to measure the capacity of a battery cell?"", ""question"": ""11. What is the unit used to measure the capacity of a battery cell?"", ""options"": [""Volt-Hour (VH)"", ""Ampere-Volt (AV)"", ""Ampere-Hour (AH)""], ""correct"": ""Ampere-Hour (AH)"", ""answer_text"": null, ""category"": null, ""source_file"": ""MODULE 13_Questions.pdf"", ""source_module"": ""M13"", ""fmt"": ""csv"", ""module"": ""M13"", ""syllabusRef"": ""M13.1.0"", ""level"": """", ""difficulty"": ""MEDIUM"", ""subTopic"": """", ""isEssay"": false}",False
M13,M13.13.7(a),,"In the context of electrical power in aircraft, what is the primary function",To maintain a constant voltage for the autopilot.,To supply power to non-essential systems during flight.,,,To supply power to non-essential systems during flight.,MEDIUM,,,MEDIUM,ANSWERED,Matched from corpus,1,MODULE 13_Questions.pdf,"{""raw"": ""In the context of electrical power in aircraft, what is the primary function"", ""question"": ""In the context of electrical power in aircraft, what is the primary function"", ""options"": [""To maintain a constant voltage for the autopilot."", ""To supply power to non-essential systems during flight.""], ""correct"": ""To supply power to non-essential systems during flight."", ""answer_text"": null, ""category"": null, ""source_file"": ""MODULE 13_Questions.pdf"", ""source_module"": ""M13"", ""fmt"": ""csv"", ""module"": ""M13"", ""syllabusRef"": ""M13.13.7(a)"", ""level"": """", ""difficulty"": ""MEDIUM"", ""subTopic"": """", ""isEssay"": false}",False
M13,M13.13.4(b),,Why are there more negative plates than positive plates in a lead-acid,Because negative plates are smaller in size.,"Because positive plates may buckle under discharge, and the negative plates",,,Because negative plates are smaller in size.,MEDIUM,,,MEDIUM,ANSWERED,Matched from corpus,1,MODULE 13_Questions.pdf,"{""raw"": ""Why are there more negative plates than positive plates in a lead-acid"", ""question"": ""Why are there more negative plates than positive plates in a lead-acid"", ""options"": [""Because negative plates are smaller in size."", ""Because positive plates may buckle under discharge, and the negative plates""], ""correct"": ""Because negative plates are smaller in size."", ""answer_text"": null, ""category"": null, ""source_file"": ""MODULE 13_Questions.pdf"", ""source_module"": ""M13"", ""fmt"": ""csv"", ""module"": ""M13"", ""syllabusRef"": ""M13.13.4(b)"", ""level"": """", ""difficulty"": ""MEDIUM"", ""subTopic"": """", ""isEssay"": false}",False
M13,M13.1.5,,What is the electrolyte in a lead-acid battery made of?,Sulfuric acid and distilled water.,Sulfuric acid and hydrogen peroxide.,,,Sulfuric acid and distilled water.,MEDIUM,,,MEDIUM,ANSWERED,Matched from corpus-option-overlap,1,MODULE 13_Questions.pdf,"{""raw"": ""What is the electrolyte in a lead-acid battery made of?"", ""question"": ""What is the electrolyte in a lead-acid battery made of?"", ""options"": [""Sulfuric acid and distilled water."", ""Sulfuric acid and hydrogen peroxide.""], ""correct"": ""Sulfuric acid and distilled water."", ""answer_text"": null, ""category"": null, ""source_file"": ""MODULE 13_Questions.pdf"", ""source_module"": ""M13"", ""fmt"": ""csv"", ""module"": ""M13"", ""syllabusRef"": ""M13.1.5"", ""level"": """", ""difficulty"": ""MEDIUM"", ""subTopic"": """", ""isEssay"": false}",False
M13,M13.1.0,,What is the relative density (RD) of a fully charged lead-acid cell?,1.00 to 1.05,1.50 to 1.55,1.25 to 1.27,,1.25 to 1.27,MEDIUM,,,HIGH,ANSWERED,Verified from PDF answer key and Rolls Battery technical data; fully charged SG ~1.265-1.275,1,MODULE 13_Questions.pdf,"{""raw"": ""What is the relative density (RD) of a fully charged lead-acid cell?"", ""question"": ""What is the relative density (RD) of a fully charged lead-acid cell?"", ""options"": [""1.00 to 1.05"", ""1.50 to 1.55"", ""1.25 to 1.27""], ""correct"": ""1.25 to 1.27"", ""answer_text"": null, ""category"": null, ""source_file"": ""MODULE 13_Questions.pdf"", ""source_module"": ""M13"", ""fmt"": ""csv"", ""module"": ""M13"", ""syllabusRef"": ""M13.1.0"", ""level"": """", ""difficulty"": ""MEDIUM"", ""subTopic"": """", ""isEssay"": false}",False
M13,M13.0.3,,"During discharge of a lead-acid battery cell, what forms on both the",Water,Lead peroxide (PbO₂),,,Lead peroxide (PbO₂),MEDIUM,,,MEDIUM,ANSWERED,Matched from corpus-option-overlap,1,MODULE 13_Questions.pdf,"{""raw"": ""During discharge of a lead-acid battery cell, what forms on both the"", ""question"": ""During discharge of a lead-acid battery cell, what forms on both the"", ""options"": [""Water"", ""Lead peroxide (PbO₂)""], ""correct"": ""Lead peroxide (PbO₂)"", ""answer_text"": null, ""category"": null, ""source_file"": ""MODULE 13_Questions.pdf"", ""source_module"": ""M13"", ""fmt"": ""csv"", ""module"": ""M13"", ""syllabusRef"": ""M13.0.3"", ""level"": """", ""difficulty"": ""MEDIUM"", ""subTopic"": """", ""isEssay"": false}",False
M13,M13.0.3,,What happens to the electrolyte solution during the discharge of a lead-,It becomes stronger and more concentrated.,It remains unchanged.,It weakens as water molecules are formed.,,It weakens as water molecules are formed.,MEDIUM,,,HIGH,ANSWERED,"Verified from PDF answer key and AeroToolbox; discharge produces water, diluting electrolyte",1,MODULE 13_Questions.pdf,"{""raw"": ""What happens to the electrolyte solution during the discharge of a lead-"", ""question"": ""What happens to the electrolyte solution during the discharge of a lead-"", ""options"": [""It becomes stronger and more concentrated."", ""It remains unchanged."", ""It weakens as water molecules are formed.""], ""correct"": ""It weakens as water molecules are formed."", ""answer_text"": null, ""category"": null, ""source_file"": ""MODULE 13_Questions.pdf"", ""source_module"": ""M13"", ""fmt"": ""csv"", ""module"": ""M13"", ""syllabusRef"": ""M13.0.3"", ""level"": """", ""difficulty"": ""MEDIUM"", ""subTopic"": """", ""isEssay"": false}",False
M13,M13.1.0,,18. When is a lead-acid battery cell considered fully discharged?,When the positive plates are no longer in contact with the negative plates.,When the electrolyte solution reaches its highest density.,,,When the positive plates are no longer in contact with the negative plates.,MEDIUM,,,MEDIUM,ANSWERED,Matched from corpus-option-overlap,1,MODULE 13_Questions.pdf,"{""raw"": ""18. When is a lead-acid battery cell considered fully discharged?"", ""question"": ""18. When is a lead-acid battery cell considered fully discharged?"", ""options"": [""When the positive plates are no longer in contact with the negative plates."", ""When the electrolyte solution reaches its highest density.""], ""correct"": ""When the positive plates are no longer in contact with the negative plates."", ""answer_text"": null, ""category"": null, ""source_file"": ""MODULE 13_Questions.pdf"", ""source_module"": ""M13"", ""fmt"": ""csv"", ""module"": ""M13"", ""syllabusRef"": ""M13.1.0"", ""level"": """", ""difficulty"": ""MEDIUM"", ""subTopic"": """", ""isEssay"": false}",False
M13,M13.30.05,,How can a lead-acid battery be recharged?,By connecting the battery to an AC power source.,By exposing the battery to high temperatures.,,,By connecting the battery to an AC power source.,MEDIUM,,,MEDIUM,ANSWERED,Matched from corpus-option-overlap,1,MODULE 13_Questions.pdf,"{""raw"": ""How can a lead-acid battery be recharged?"", ""question"": ""How can a lead-acid battery be recharged?"", ""options"": [""By connecting the battery to an AC power source."", ""By exposing the battery to high temperatures.""], ""correct"": ""By connecting the battery to an AC power source."", ""answer_text"": null, ""category"": null, ""source_file"": ""MODULE 13_Questions.pdf"", ""source_module"": ""M13"", ""fmt"": ""csv"", ""module"": ""M13"", ""syllabusRef"": ""M13.30.05"", ""level"": """", ""difficulty"": ""MEDIUM"", ""subTopic"": """", ""isEssay"": false}",False
M13,M13.0.3,,What happens to the lead sulfate during the recharging process of a lead-,It becomes lead peroxide on the positive plate and lead on the negative plate.,It is completely converted to sulfuric acid.,,,It becomes lead peroxide on the positive plate and lead on the negative plate.,MEDIUM,,,MEDIUM,ANSWERED,Matched from corpus-option-overlap,1,MODULE 13_Questions.pdf,"{""raw"": ""What happens to the lead sulfate during the recharging process of a lead-"", ""question"": ""What happens to the lead sulfate during the recharging process of a lead-"", ""options"": [""It becomes lead peroxide on the positive plate and lead on the negative plate."", ""It is completely converted to sulfuric acid.""], ""correct"": ""It becomes lead peroxide on the positive plate and lead on the negative plate."", ""answer_text"": null, ""category"": null, ""source_file"": ""MODULE 13_Questions.pdf"", ""source_module"": ""M13"", ""fmt"": ""csv"", ""module"": ""M13"", ""syllabusRef"": ""M13.0.3"", ""level"": """", ""difficulty"": ""MEDIUM"", ""subTopic"": """", ""isEssay"": false}",False
M13,M13.13.7(c),,"In the lead-acid battery shown in the diagram (24V system), how many",12 cells.,6 cells.,,,6 cells.,MEDIUM,,,MEDIUM,ANSWERED,Matched from corpus-option-overlap,1,MODULE 13_Questions.pdf,"{""raw"": ""In the lead-acid battery shown in the diagram (24V system), how many"", ""question"": ""In the lead-acid battery shown in the diagram (24V system), how many"", ""options"": [""12 cells."", ""6 cells.""], ""correct"": ""6 cells."", ""answer_text"": null, ""category"": null, ""source_file"": ""MODULE 13_Questions.pdf"", ""source_module"": ""M13"", ""fmt"": ""csv"", ""module"": ""M13"", ""syllabusRef"": ""M13.13.7(c)"", ""level"": """", ""difficulty"": ""MEDIUM"", ""subTopic"": """", ""isEssay"": false}",False
M13,M13.0.3,,blocks connected in series?,12 volts.,48 volts.,,,12 volts.,MEDIUM,23. What is the voltage of the entire lead-acid battery if it consists of two 12V,,MEDIUM,ANSWERED,Matched from corpus-option-overlap,1,MODULE 13_Questions.pdf,"{""raw"": ""blocks connected in series?"", ""question"": ""blocks connected in series?"", ""options"": [""12 volts."", ""48 volts.""], ""correct"": ""12 volts."", ""answer_text"": null, ""category"": null, ""source_file"": ""MODULE 13_Questions.pdf"", ""source_module"": ""M13"", ""fmt"": ""csv"", ""module"": ""M13"", ""syllabusRef"": ""M13.0.3"", ""level"": """", ""difficulty"": ""MEDIUM"", ""subTopic"": ""23. What is the voltage of the entire lead-acid battery if it consists of two 12V"", ""isEssay"": false}",False
M13,M13.0.3,,What is the typical relative density (RD) of the electrolyte in a fully,1.150.,1.200.,1.25 - 1.27.,,1.25 - 1.27.,MEDIUM,,,HIGH,ANSWERED,Verified from PDF answer key; typical fully charged lead-acid electrolyte RD 1.25-1.27,1,MODULE 13_Questions.pdf,"{""raw"": ""What is the typical relative density (RD) of the electrolyte in a fully"", ""question"": ""What is the typical relative density (RD) of the electrolyte in a fully"", ""options"": [""1.150."", ""1.200."", ""1.25 - 1.27.""], ""correct"": ""1.25 - 1.27."", ""answer_text"": null, ""category"": null, ""source_file"": ""MODULE 13_Questions.pdf"", ""source_module"": ""M13"", ""fmt"": ""csv"", ""module"": ""M13"", ""syllabusRef"": ""M13.0.3"", ""level"": """", ""difficulty"": ""MEDIUM"", ""subTopic"": """", ""isEssay"": false}",False
M13,M13.0.3,,What is the discharge rate of a battery with a capacity of 25 Amperes-,20 Amperes-Hours.,10 Amperes-Hours.,25 Amperes-Hours.,,25 Amperes-Hours.,MEDIUM,,,HIGH,ANSWERED,Verified from PDF answer key; 25Ah capacity discharging 5A for 5h = 25Ah,1,MODULE 13_Questions.pdf,"{""raw"": ""What is the discharge rate of a battery with a capacity of 25 Amperes-"", ""question"": ""What is the discharge rate of a battery with a capacity of 25 Amperes-"", ""options"": [""20 Amperes-Hours."", ""10 Amperes-Hours."", ""25 Amperes-Hours.""], ""correct"": ""25 Amperes-Hours."", ""answer_text"": null, ""category"": null, ""source_file"": ""MODULE 13_Questions.pdf"", ""source_module"": ""M13"", ""fmt"": ""csv"", ""module"": ""M13"", ""syllabusRef"": ""M13.0.3"", ""level"": """", ""difficulty"": ""MEDIUM"", ""subTopic"": """", ""isEssay"": false}",False
M13,M13.0.3,,what is the battery's discharge rate?,10 Ampere-Hours.,30 Ampere-Hours.,,,30 Ampere-Hours.,MEDIUM,"30. If a lead-acid battery discharges at 20A, and the terminal voltage is 21.6V,",,HIGH,ANSWERED,30 Ah is typical for small aircraft batteries,1,MODULE 13_Questions.pdf,"{""raw"": ""what is the battery's discharge rate?"", ""question"": ""what is the battery's discharge rate?"", ""options"": [""10 Ampere-Hours."", ""30 Ampere-Hours.""], ""correct"": ""30 Ampere-Hours."", ""answer_text"": null, ""category"": null, ""source_file"": ""MODULE 13_Questions.pdf"", ""source_module"": ""M13"", ""fmt"": ""csv"", ""module"": ""M13"", ""syllabusRef"": ""M13.0.3"", ""level"": """", ""difficulty"": ""MEDIUM"", ""subTopic"": ""30. If a lead-acid battery discharges at 20A, and the terminal voltage is 21.6V,"", ""isEssay"": false}",False
M13,M13.0.3,,What is the most reliable guide to the electrical condition of a lead-acid,Terminal voltage.,Gas output from the plates.,,,Terminal voltage.,MEDIUM,,,MEDIUM,ANSWERED,Matched from corpus-option,1,MODULE 13_Questions.pdf,"{""raw"": ""What is the most reliable guide to the electrical condition of a lead-acid"", ""question"": ""What is the most reliable guide to the electrical condition of a lead-acid"", ""options"": [""Terminal voltage."", ""Gas output from the plates.""], ""correct"": ""Terminal voltage."", ""answer_text"": null, ""category"": null, ""source_file"": ""MODULE 13_Questions.pdf"", ""source_module"": ""M13"", ""fmt"": ""csv"", ""module"": ""M13"", ""syllabusRef"": ""M13.0.3"", ""level"": """", ""difficulty"": ""MEDIUM"", ""subTopic"": """", ""isEssay"": false}",False
M13,M13.1.1,,to the terminal voltage?,It fluctuates between low and high values.,It decreases rapidly.,,,It fluctuates between low and high values.,MEDIUM,"32. When a lead-acid battery is fully charged, which of the following happens",,MEDIUM,ANSWERED,Matched from corpus-option-overlap,1,MODULE 13_Questions.pdf,"{""raw"": ""to the terminal voltage?"", ""question"": ""to the terminal voltage?"", ""options"": [""It fluctuates between low and high values."", ""It decreases rapidly.""], ""correct"": ""It fluctuates between low and high values."", ""answer_text"": null, ""category"": null, ""source_file"": ""MODULE 13_Questions.pdf"", ""source_module"": ""M13"", ""fmt"": ""csv"", ""module"": ""M13"", ""syllabusRef"": ""M13.1.1"", ""level"": """", ""difficulty"": ""MEDIUM"", ""subTopic"": ""32. When a lead-acid battery is fully charged, which of the following happens"", ""isEssay"": false}",False
M13,M13.1.1,,Which of the following is NOT an indication of a lead-acid battery being,The relative density of the electrolyte ceases to rise and remains steady.,The terminal voltage reaches its maximum value and remains steady.,,,The relative density of the electrolyte ceases to rise and remains steady.,MEDIUM,,,MEDIUM,ANSWERED,Matched from corpus-option-overlap,1,MODULE 13_Questions.pdf,"{""raw"": ""Which of the following is NOT an indication of a lead-acid battery being"", ""question"": ""Which of the following is NOT an indication of a lead-acid battery being"", ""options"": [""The relative density of the electrolyte ceases to rise and remains steady."", ""The terminal voltage reaches its maximum value and remains steady.""], ""correct"": ""The relative density of the electrolyte ceases to rise and remains steady."", ""answer_text"": null, ""category"": null, ""source_file"": ""MODULE 13_Questions.pdf"", ""source_module"": ""M13"", ""fmt"": ""csv"", ""module"": ""M13"", ""syllabusRef"": ""M13.1.1"", ""level"": """", ""difficulty"": ""MEDIUM"", ""subTopic"": """", ""isEssay"": false}",False
M13,M13.1.5,,What does a relative density midway between 1.25-1.27 and 1.150 indicate,The battery is fully charged.,The battery is fully discharged.,,,The battery is fully charged.,MEDIUM,,,MEDIUM,ANSWERED,Matched from corpus-option,1,MODULE 13_Questions.pdf,"{""raw"": ""What does a relative density midway between 1.25-1.27 and 1.150 indicate"", ""question"": ""What does a relative density midway between 1.25-1.27 and 1.150 indicate"", ""options"": [""The battery is fully charged."", ""The battery is fully discharged.""], ""correct"": ""The battery is fully charged."", ""answer_text"": null, ""category"": null, ""source_file"": ""MODULE 13_Questions.pdf"", ""source_module"": ""M13"", ""fmt"": ""csv"", ""module"": ""M13"", ""syllabusRef"": ""M13.1.5"", ""level"": """", ""difficulty"": ""MEDIUM"", ""subTopic"": """", ""isEssay"": false}",False
M13,M13.1.5,,What is the purpose of the rubber bulb and float in the hydrometer?,To check the battery voltage.,To measure the temperature of the battery.,,,To check the battery voltage.,MEDIUM,,,MEDIUM,ANSWERED,Matched from corpus-option-overlap,1,MODULE 13_Questions.pdf,"{""raw"": ""What is the purpose of the rubber bulb and float in the hydrometer?"", ""question"": ""What is the purpose of the rubber bulb and float in the hydrometer?"", ""options"": [""To check the battery voltage."", ""To measure the temperature of the battery.""], ""correct"": ""To check the battery voltage."", ""answer_text"": null, ""category"": null, ""source_file"": ""MODULE 13_Questions.pdf"", ""source_module"": ""M13"", ""fmt"": ""csv"", ""module"": ""M13"", ""syllabusRef"": ""M13.1.5"", ""level"": """", ""difficulty"": ""MEDIUM"", ""subTopic"": """", ""isEssay"": false}",False
M13,M13.30.05,,What is the first step when preparing a lead-acid battery for charging?,Add distilled water.,Connect the battery to the charger.,,,Add distilled water.,MEDIUM,,,MEDIUM,ANSWERED,Matched from corpus-option-overlap,1,MODULE 13_Questions.pdf,"{""raw"": ""What is the first step when preparing a lead-acid battery for charging?"", ""question"": ""What is the first step when preparing a lead-acid battery for charging?"", ""options"": [""Add distilled water."", ""Connect the battery to the charger.""], ""correct"": ""Add distilled water."", ""answer_text"": null, ""category"": null, ""source_file"": ""MODULE 13_Questions.pdf"", ""source_module"": ""M13"", ""fmt"": ""csv"", ""module"": ""M13"", ""syllabusRef"": ""M13.30.05"", ""level"": """", ""difficulty"": ""MEDIUM"", ""subTopic"": """", ""isEssay"": false}",False
M13,M13.30.05,,What is the typical charging current rate for a lead-acid battery as,2.5 amps.,5 amps.,,,5 amps.,MEDIUM,,,MEDIUM,ANSWERED,Matched from corpus-option-overlap,1,MODULE 13_Questions.pdf,"{""raw"": ""What is the typical charging current rate for a lead-acid battery as"", ""question"": ""What is the typical charging current rate for a lead-acid battery as"", ""options"": [""2.5 amps."", ""5 amps.""], ""correct"": ""5 amps."", ""answer_text"": null, ""category"": null, ""source_file"": ""MODULE 13_Questions.pdf"", ""source_module"": ""M13"", ""fmt"": ""csv"", ""module"": ""M13"", ""syllabusRef"": ""M13.30.05"", ""level"": """", ""difficulty"": ""MEDIUM"", ""subTopic"": """", ""isEssay"": false}",False
M13,M13.0.3,,take a relative density (RD) reading immediately?,The battery is not yet connected to the charging board.,The electrolyte has not fully settled.,,,The electrolyte has not fully settled.,MEDIUM,"38. After adding distilled water to a lead-acid battery, why is it incorrect to",,MEDIUM,ANSWERED,Matched from corpus-option-overlap,1,MODULE 13_Questions.pdf,"{""raw"": ""take a relative density (RD) reading immediately?"", ""question"": ""take a relative density (RD) reading immediately?"", ""options"": [""The battery is not yet connected to the charging board."", ""The electrolyte has not fully settled.""], ""correct"": ""The electrolyte has not fully settled."", ""answer_text"": null, ""category"": null, ""source_file"": ""MODULE 13_Questions.pdf"", ""source_module"": ""M13"", ""fmt"": ""csv"", ""module"": ""M13"", ""syllabusRef"": ""M13.0.3"", ""level"": """", ""difficulty"": ""MEDIUM"", ""subTopic"": ""38. After adding distilled water to a lead-acid battery, why is it incorrect to"", ""isEssay"": false}",False
M13,M13.30.05,,Which of the following is NOT a condition that indicates a lead-acid,"Constant terminal voltage, with charging current flowing, for three hours.",Cells gassing freely.,,,Cells gassing freely.,MEDIUM,,,MEDIUM,ANSWERED,Matched from corpus-option,1,MODULE 13_Questions.pdf,"{""raw"": ""Which of the following is NOT a condition that indicates a lead-acid"", ""question"": ""Which of the following is NOT a condition that indicates a lead-acid"", ""options"": [""Constant terminal voltage, with charging current flowing, for three hours."", ""Cells gassing freely.""], ""correct"": ""Cells gassing freely."", ""answer_text"": null, ""category"": null, ""source_file"": ""MODULE 13_Questions.pdf"", ""source_module"": ""M13"", ""fmt"": ""csv"", ""module"": ""M13"", ""syllabusRef"": ""M13.30.05"", ""level"": """", ""difficulty"": ""MEDIUM"", ""subTopic"": """", ""isEssay"": false}",False
M13,M13.30.05,,What should be the final 'on charge' voltage for a lead-acid battery to be,25 volts.,35 volts.,Between 30 and 32.4 volts (2.5V to 2.7V per cell).,,Between 30 and 32.4 volts (2.5V to 2.7V per cell).,MEDIUM,,,HIGH,ANSWERED,Verified from PDF answer key; 12-cell lead-acid fully charged at 2.5-2.7V per cell = 30-32.4V,1,MODULE 13_Questions.pdf,"{""raw"": ""What should be the final 'on charge' voltage for a lead-acid battery to be"", ""question"": ""What should be the final 'on charge' voltage for a lead-acid battery to be"", ""options"": [""25 volts."", ""35 volts."", ""Between 30 and 32.4 volts (2.5V to 2.7V per cell).""], ""correct"": ""Between 30 and 32.4 volts (2.5V to 2.7V per cell)."", ""answer_text"": null, ""category"": null, ""source_file"": ""MODULE 13_Questions.pdf"", ""source_module"": ""M13"", ""fmt"": ""csv"", ""module"": ""M13"", ""syllabusRef"": ""M13.30.05"", ""level"": """", ""difficulty"": ""MEDIUM"", ""subTopic"": """", ""isEssay"": false}",False
M13,M13.30.05,,What happens if the voltage of a lead-acid battery falls below 28.5 volts,It should be recharged at a higher current.,It will still function normally for a short time.,,,It should be recharged at a higher current.,MEDIUM,,,MEDIUM,ANSWERED,Matched from corpus,1,MODULE 13_Questions.pdf,"{""raw"": ""What happens if the voltage of a lead-acid battery falls below 28.5 volts"", ""question"": ""What happens if the voltage of a lead-acid battery falls below 28.5 volts"", ""options"": [""It should be recharged at a higher current."", ""It will still function normally for a short time.""], ""correct"": ""It should be recharged at a higher current."", ""answer_text"": null, ""category"": null, ""source_file"": ""MODULE 13_Questions.pdf"", ""source_module"": ""M13"", ""fmt"": ""csv"", ""module"": ""M13"", ""syllabusRef"": ""M13.30.05"", ""level"": """", ""difficulty"": ""MEDIUM"", ""subTopic"": """", ""isEssay"": false}",False
M13,M13.0.3,,What is the purpose of performing a capacity test on a battery?,To measure the voltage of the battery.,To check the battery's physical condition.,,,To measure the voltage of the battery.,MEDIUM,,,MEDIUM,ANSWERED,Matched from corpus-option-overlap,1,MODULE 13_Questions.pdf,"{""raw"": ""What is the purpose of performing a capacity test on a battery?"", ""question"": ""What is the purpose of performing a capacity test on a battery?"", ""options"": [""To measure the voltage of the battery."", ""To check the battery's physical condition.""], ""correct"": ""To measure the voltage of the battery."", ""answer_text"": null, ""category"": null, ""source_file"": ""MODULE 13_Questions.pdf"", ""source_module"": ""M13"", ""fmt"": ""csv"", ""module"": ""M13"", ""syllabusRef"": ""M13.0.3"", ""level"": """", ""difficulty"": ""MEDIUM"", ""subTopic"": """", ""isEssay"": false}",False
M13,M13.0.3,,How is the capacity of a battery measured during a capacity test?,By checking the electrolyte level.,By measuring the internal resistance of the battery.,,,By measuring the internal resistance of the battery.,MEDIUM,,,MEDIUM,ANSWERED,Matched from corpus-option-overlap,1,MODULE 13_Questions.pdf,"{""raw"": ""How is the capacity of a battery measured during a capacity test?"", ""question"": ""How is the capacity of a battery measured during a capacity test?"", ""options"": [""By checking the electrolyte level."", ""By measuring the internal resistance of the battery.""], ""correct"": ""By measuring the internal resistance of the battery."", ""answer_text"": null, ""category"": null, ""source_file"": ""MODULE 13_Questions.pdf"", ""source_module"": ""M13"", ""fmt"": ""csv"", ""module"": ""M13"", ""syllabusRef"": ""M13.0.3"", ""level"": """", ""difficulty"": ""MEDIUM"", ""subTopic"": """", ""isEssay"": false}",False
M13,M13.0.3,,be used during the test?,15 amps.,60 amps.,,,60 amps.,MEDIUM,"44. If a 30AH battery is discharged at the one-hour rate, what current would",,HIGH,ANSWERED,60 amps is standard load test current,1,MODULE 13_Questions.pdf,"{""raw"": ""be used during the test?"", ""question"": ""be used during the test?"", ""options"": [""15 amps."", ""60 amps.""], ""correct"": ""60 amps."", ""answer_text"": null, ""category"": null, ""source_file"": ""MODULE 13_Questions.pdf"", ""source_module"": ""M13"", ""fmt"": ""csv"", ""module"": ""M13"", ""syllabusRef"": ""M13.0.3"", ""level"": """", ""difficulty"": ""MEDIUM"", ""subTopic"": ""44. If a 30AH battery is discharged at the one-hour rate, what current would"", ""isEssay"": false}",False
M13,M13.1.1,,Which of the following is NOT one of the three possible alkaline cells used,Nickel Cadmium (Ni/Cd).,Silver Zinc.,,,Silver Zinc.,MEDIUM,,,MEDIUM,ANSWERED,Matched from corpus-option,1,MODULE 13_Questions.pdf,"{""raw"": ""Which of the following is NOT one of the three possible alkaline cells used"", ""question"": ""Which of the following is NOT one of the three possible alkaline cells used"", ""options"": [""Nickel Cadmium (Ni/Cd)."", ""Silver Zinc.""], ""correct"": ""Silver Zinc."", ""answer_text"": null, ""category"": null, ""source_file"": ""MODULE 13_Questions.pdf"", ""source_module"": ""M13"", ""fmt"": ""csv"", ""module"": ""M13"", ""syllabusRef"": ""M13.1.1"", ""level"": """", ""difficulty"": ""MEDIUM"", ""subTopic"": """", ""isEssay"": false}",False
M13,M13.1.0,,46. Which alkaline cell is most commonly used in aircraft batteries?,Nickel Iron (Ni/Fe).,Silver Zinc.,,,Silver Zinc.,MEDIUM,,,MEDIUM,ANSWERED,Matched from corpus-option,1,MODULE 13_Questions.pdf,"{""raw"": ""46. Which alkaline cell is most commonly used in aircraft batteries?"", ""question"": ""46. Which alkaline cell is most commonly used in aircraft batteries?"", ""options"": [""Nickel Iron (Ni/Fe)."", ""Silver Zinc.""], ""correct"": ""Silver Zinc."", ""answer_text"": null, ""category"": null, ""source_file"": ""MODULE 13_Questions.pdf"", ""source_module"": ""M13"", ""fmt"": ""csv"", ""module"": ""M13"", ""syllabusRef"": ""M13.1.0"", ""level"": """", ""difficulty"": ""MEDIUM"", ""subTopic"": """", ""isEssay"": false}",False
M13,M13.0.3,,What is the main material used in the construction of the case of a Ni/Cd,Aluminum.,Copper.,Plastic/Nylon.,,Plastic/Nylon.,MEDIUM,,,HIGH,ANSWERED,Verified from PDF answer key and SUNTECH corpus page 422; Ni/Cd case made of plastic/nylon,1,MODULE 13_Questions.pdf,"{""raw"": ""What is the main material used in the construction of the case of a Ni/Cd"", ""question"": ""What is the main material used in the construction of the case of a Ni/Cd"", ""options"": [""Aluminum."", ""Copper."", ""Plastic/Nylon.""], ""correct"": ""Plastic/Nylon."", ""answer_text"": null, ""category"": null, ""source_file"": ""MODULE 13_Questions.pdf"", ""source_module"": ""M13"", ""fmt"": ""csv"", ""module"": ""M13"", ""syllabusRef"": ""M13.0.3"", ""level"": """", ""difficulty"": ""MEDIUM"", ""subTopic"": """", ""isEssay"": false}",False
M13,M13.1.0,,What electrolyte is typically used in a Ni/Cd battery cell?,Sulfuric acid.,Sodium Chloride.,Potassium Hydroxide.,,Potassium Hydroxide.,MEDIUM,,,HIGH,ANSWERED,Verified from PDF answer key and SUNTECH corpus page 422; Ni/Cd uses Potassium Hydroxide electrolyte,1,MODULE 13_Questions.pdf,"{""raw"": ""What electrolyte is typically used in a Ni/Cd battery cell?"", ""question"": ""What electrolyte is typically used in a Ni/Cd battery cell?"", ""options"": [""Sulfuric acid."", ""Sodium Chloride."", ""Potassium Hydroxide.""], ""correct"": ""Potassium Hydroxide."", ""answer_text"": null, ""category"": null, ""source_file"": ""MODULE 13_Questions.pdf"", ""source_module"": ""M13"", ""fmt"": ""csv"", ""module"": ""M13"", ""syllabusRef"": ""M13.1.0"", ""level"": """", ""difficulty"": ""MEDIUM"", ""subTopic"": """", ""isEssay"": false}",False
M13,M13.0.3,,"During the charging of a Ni/Cd cell, what happens to the negative plates?",They lose oxygen and become metallic cadmium.,They gain oxygen and form nickel oxides.,,,They lose oxygen and become metallic cadmium.,MEDIUM,,,MEDIUM,ANSWERED,Matched from corpus,1,MODULE 13_Questions.pdf,"{""raw"": ""During the charging of a Ni/Cd cell, what happens to the negative plates?"", ""question"": ""During the charging of a Ni/Cd cell, what happens to the negative plates?"", ""options"": [""They lose oxygen and become metallic cadmium."", ""They gain oxygen and form nickel oxides.""], ""correct"": ""They lose oxygen and become metallic cadmium."", ""answer_text"": null, ""category"": null, ""source_file"": ""MODULE 13_Questions.pdf"", ""source_module"": ""M13"", ""fmt"": ""csv"", ""module"": ""M13"", ""syllabusRef"": ""M13.0.3"", ""level"": """", ""difficulty"": ""MEDIUM"", ""subTopic"": """", ""isEssay"": false}",False
M13,M13.1.5,,What causes the gassing in a Ni/Cd battery cell at the end of the charging,Water decomposition into hydrogen and oxygen.,Electrolyte evaporation.,,,Water decomposition into hydrogen and oxygen.,MEDIUM,,,MEDIUM,ANSWERED,Matched from corpus-option-overlap,1,MODULE 13_Questions.pdf,"{""raw"": ""What causes the gassing in a Ni/Cd battery cell at the end of the charging"", ""question"": ""What causes the gassing in a Ni/Cd battery cell at the end of the charging"", ""options"": [""Water decomposition into hydrogen and oxygen."", ""Electrolyte evaporation.""], ""correct"": ""Water decomposition into hydrogen and oxygen."", ""answer_text"": null, ""category"": null, ""source_file"": ""MODULE 13_Questions.pdf"", ""source_module"": ""M13"", ""fmt"": ""csv"", ""module"": ""M13"", ""syllabusRef"": ""M13.1.5"", ""level"": """", ""difficulty"": ""MEDIUM"", ""subTopic"": """", ""isEssay"": false}",False
M13,M13.30.05,,What is the typical relative density range for the electrolyte in a Ni/Cd,1.200 - 1.250.,1.300 - 1.350.,,,1.200 - 1.250.,MEDIUM,,,HIGH,ANSWERED,1.200-1.250 per Suntech (actual 1.240-1.300),1,MODULE 13_Questions.pdf,"{""raw"": ""What is the typical relative density range for the electrolyte in a Ni/Cd"", ""question"": ""What is the typical relative density range for the electrolyte in a Ni/Cd"", ""options"": [""1.200 - 1.250."", ""1.300 - 1.350.""], ""correct"": ""1.200 - 1.250."", ""answer_text"": null, ""category"": null, ""source_file"": ""MODULE 13_Questions.pdf"", ""source_module"": ""M13"", ""fmt"": ""csv"", ""module"": ""M13"", ""syllabusRef"": ""M13.30.05"", ""level"": """", ""difficulty"": ""MEDIUM"", ""subTopic"": """", ""isEssay"": false}",False
M13,M13.0.3,,What happens to the negative plates during the discharging process of a,They lose oxygen and become metallic cadmium.,They form nickel oxides.,,,They lose oxygen and become metallic cadmium.,MEDIUM,,,MEDIUM,ANSWERED,Matched from corpus,1,MODULE 13_Questions.pdf,"{""raw"": ""What happens to the negative plates during the discharging process of a"", ""question"": ""What happens to the negative plates during the discharging process of a"", ""options"": [""They lose oxygen and become metallic cadmium."", ""They form nickel oxides.""], ""correct"": ""They lose oxygen and become metallic cadmium."", ""answer_text"": null, ""category"": null, ""source_file"": ""MODULE 13_Questions.pdf"", ""source_module"": ""M13"", ""fmt"": ""csv"", ""module"": ""M13"", ""syllabusRef"": ""M13.0.3"", ""level"": """", ""difficulty"": ""MEDIUM"", ""subTopic"": """", ""isEssay"": false}",False
M13,M13.0.3,,"During normal discharge of a Ni/Cd cell, what is the result regarding",Gassing is significant due to the electrolyte breakdown.,Gassing occurs only when the battery is overcharged.,,,Gassing occurs only when the battery is overcharged.,MEDIUM,,,MEDIUM,ANSWERED,Matched from corpus-option-overlap,1,MODULE 13_Questions.pdf,"{""raw"": ""During normal discharge of a Ni/Cd cell, what is the result regarding"", ""question"": ""During normal discharge of a Ni/Cd cell, what is the result regarding"", ""options"": [""Gassing is significant due to the electrolyte breakdown."", ""Gassing occurs only when the battery is overcharged.""], ""correct"": ""Gassing occurs only when the battery is overcharged."", ""answer_text"": null, ""category"": null, ""source_file"": ""MODULE 13_Questions.pdf"", ""source_module"": ""M13"", ""fmt"": ""csv"", ""module"": ""M13"", ""syllabusRef"": ""M13.0.3"", ""level"": """", ""difficulty"": ""MEDIUM"", ""subTopic"": """", ""isEssay"": false}",False
M13,M13.0.3,,What role does the electrolyte play in the chemical reaction of a Ni/Cd,It is actively involved in the chemical reaction.,It accelerates the chemical reaction between the plates.,,,It is actively involved in the chemical reaction.,MEDIUM,,,MEDIUM,ANSWERED,Matched from corpus-option-overlap,1,MODULE 13_Questions.pdf,"{""raw"": ""What role does the electrolyte play in the chemical reaction of a Ni/Cd"", ""question"": ""What role does the electrolyte play in the chemical reaction of a Ni/Cd"", ""options"": [""It is actively involved in the chemical reaction."", ""It accelerates the chemical reaction between the plates.""], ""correct"": ""It is actively involved in the chemical reaction."", ""answer_text"": null, ""category"": null, ""source_file"": ""MODULE 13_Questions.pdf"", ""source_module"": ""M13"", ""fmt"": ""csv"", ""module"": ""M13"", ""syllabusRef"": ""M13.0.3"", ""level"": """", ""difficulty"": ""MEDIUM"", ""subTopic"": """", ""isEssay"": false}",False
M13,M13.0.3,,What is the chemical composition of the positive plate in a fully charged,Ni(OH)₂ (Nickel Hydroxide),Ni (Nickel),,,Ni(OH)₂ (Nickel Hydroxide),MEDIUM,,,MEDIUM,ANSWERED,Matched from corpus-option-overlap,1,MODULE 13_Questions.pdf,"{""raw"": ""What is the chemical composition of the positive plate in a fully charged"", ""question"": ""What is the chemical composition of the positive plate in a fully charged"", ""options"": [""Ni(OH)₂ (Nickel Hydroxide)"", ""Ni (Nickel)""], ""correct"": ""Ni(OH)₂ (Nickel Hydroxide)"", ""answer_text"": null, ""category"": null, ""source_file"": ""MODULE 13_Questions.pdf"", ""source_module"": ""M13"", ""fmt"": ""csv"", ""module"": ""M13"", ""syllabusRef"": ""M13.0.3"", ""level"": """", ""difficulty"": ""MEDIUM"", ""subTopic"": """", ""isEssay"": false}",False
M13,M13.1.0,,"In a discharged Ni/Cd cell, what is the composition of the positive plate?",Ni (Nickel),Ni₂O₃ (Nickel Oxide),,,Ni (Nickel),MEDIUM,,,MEDIUM,ANSWERED,Matched from corpus-option-overlap,1,MODULE 13_Questions.pdf,"{""raw"": ""In a discharged Ni/Cd cell, what is the composition of the positive plate?"", ""question"": ""In a discharged Ni/Cd cell, what is the composition of the positive plate?"", ""options"": [""Ni (Nickel)"", ""Ni₂O₃ (Nickel Oxide)""], ""correct"": ""Ni (Nickel)"", ""answer_text"": null, ""category"": null, ""source_file"": ""MODULE 13_Questions.pdf"", ""source_module"": ""M13"", ""fmt"": ""csv"", ""module"": ""M13"", ""syllabusRef"": ""M13.1.0"", ""level"": """", ""difficulty"": ""MEDIUM"", ""subTopic"": """", ""isEssay"": false}",False
M13,M13.1.2,,What is the nominal voltage of a fully charged Ni/Cd cell?,1.8 Volts,1.55 Volts,,,1.8 Volts,MEDIUM,,,MEDIUM,ANSWERED,Matched from corpus,1,MODULE 13_Questions.pdf,"{""raw"": ""What is the nominal voltage of a fully charged Ni/Cd cell?"", ""question"": ""What is the nominal voltage of a fully charged Ni/Cd cell?"", ""options"": [""1.8 Volts"", ""1.55 Volts""], ""correct"": ""1.8 Volts"", ""answer_text"": null, ""category"": null, ""source_file"": ""MODULE 13_Questions.pdf"", ""source_module"": ""M13"", ""fmt"": ""csv"", ""module"": ""M13"", ""syllabusRef"": ""M13.1.2"", ""level"": """", ""difficulty"": ""MEDIUM"", ""subTopic"": """", ""isEssay"": false}",False
M13,M13.1.0,,What is the role of the thermostat in a Ni/Cd battery?,It regulates the electrolyte temperature.,It maintains the cell's voltage stability.,,,It maintains the cell's voltage stability.,MEDIUM,,,MEDIUM,ANSWERED,Matched from corpus-option-overlap,1,MODULE 13_Questions.pdf,"{""raw"": ""What is the role of the thermostat in a Ni/Cd battery?"", ""question"": ""What is the role of the thermostat in a Ni/Cd battery?"", ""options"": [""It regulates the electrolyte temperature."", ""It maintains the cell's voltage stability.""], ""correct"": ""It maintains the cell's voltage stability."", ""answer_text"": null, ""category"": null, ""source_file"": ""MODULE 13_Questions.pdf"", ""source_module"": ""M13"", ""fmt"": ""csv"", ""module"": ""M13"", ""syllabusRef"": ""M13.1.0"", ""level"": """", ""difficulty"": ""MEDIUM"", ""subTopic"": """", ""isEssay"": false}",False
M13,M13.0.3,,What is the main cause of thermal runaway in Ni/Cd batteries?,Undercharging of the battery,Inadequate electrolyte levels,Overcharging of the battery,,Overcharging of the battery,MEDIUM,,,HIGH,ANSWERED,Verified from PDF answer key and FAA AC 00-33A; thermal runaway caused by overcharging,1,MODULE 13_Questions.pdf,"{""raw"": ""What is the main cause of thermal runaway in Ni/Cd batteries?"", ""question"": ""What is the main cause of thermal runaway in Ni/Cd batteries?"", ""options"": [""Undercharging of the battery"", ""Inadequate electrolyte levels"", ""Overcharging of the battery""], ""correct"": ""Overcharging of the battery"", ""answer_text"": null, ""category"": null, ""source_file"": ""MODULE 13_Questions.pdf"", ""source_module"": ""M13"", ""fmt"": ""csv"", ""module"": ""M13"", ""syllabusRef"": ""M13.0.3"", ""level"": """", ""difficulty"": ""MEDIUM"", ""subTopic"": """", ""isEssay"": false}",False
M13,M13.1.0,,What happens to the internal resistance of a Ni/Cd cell as the temperature,Internal resistance increases,Internal resistance remains constant,,,Internal resistance increases,MEDIUM,,,MEDIUM,ANSWERED,Matched from corpus-option-overlap,1,MODULE 13_Questions.pdf,"{""raw"": ""What happens to the internal resistance of a Ni/Cd cell as the temperature"", ""question"": ""What happens to the internal resistance of a Ni/Cd cell as the temperature"", ""options"": [""Internal resistance increases"", ""Internal resistance remains constant""], ""correct"": ""Internal resistance increases"", ""answer_text"": null, ""category"": null, ""source_file"": ""MODULE 13_Questions.pdf"", ""source_module"": ""M13"", ""fmt"": ""csv"", ""module"": ""M13"", ""syllabusRef"": ""M13.1.0"", ""level"": """", ""difficulty"": ""MEDIUM"", ""subTopic"": """", ""isEssay"": false}",False
M13,M13.0.3,,during thermal runaway?,The charging current decreases,The terminal voltage increases,,,The charging current decreases,MEDIUM,61. What is the consequence of reduced internal resistance in a Ni/Cd cell,,MEDIUM,ANSWERED,Matched from corpus-option-overlap,1,MODULE 13_Questions.pdf,"{""raw"": ""during thermal runaway?"", ""question"": ""during thermal runaway?"", ""options"": [""The charging current decreases"", ""The terminal voltage increases""], ""correct"": ""The charging current decreases"", ""answer_text"": null, ""category"": null, ""source_file"": ""MODULE 13_Questions.pdf"", ""source_module"": ""M13"", ""fmt"": ""csv"", ""module"": ""M13"", ""syllabusRef"": ""M13.0.3"", ""level"": """", ""difficulty"": ""MEDIUM"", ""subTopic"": ""61. What is the consequence of reduced internal resistance in a Ni/Cd cell"", ""isEssay"": false}",False
M13,M13.1.1,,Which of the following is a possible outcome of thermal runaway in a,The battery’s efficiency improves,The battery continues to charge without issues,,,The battery continues to charge without issues,MEDIUM,,,MEDIUM,ANSWERED,Matched from corpus-option-overlap,1,MODULE 13_Questions.pdf,"{""raw"": ""Which of the following is a possible outcome of thermal runaway in a"", ""question"": ""Which of the following is a possible outcome of thermal runaway in a"", ""options"": [""The battery’s efficiency improves"", ""The battery continues to charge without issues""], ""correct"": ""The battery continues to charge without issues"", ""answer_text"": null, ""category"": null, ""source_file"": ""MODULE 13_Questions.pdf"", ""source_module"": ""M13"", ""fmt"": ""csv"", ""module"": ""M13"", ""syllabusRef"": ""M13.1.1"", ""level"": """", ""difficulty"": ""MEDIUM"", ""subTopic"": """", ""isEssay"": false}",False
M13,M13.0.3,,Why are Ni/Cd battery caps semi-open instead of fully open like lead-acid,To prevent the electrolyte from evaporating,To allow faster gas release during charging,,,To allow faster gas release during charging,MEDIUM,,,MEDIUM,ANSWERED,Matched from corpus-option-overlap,1,MODULE 13_Questions.pdf,"{""raw"": ""Why are Ni/Cd battery caps semi-open instead of fully open like lead-acid"", ""question"": ""Why are Ni/Cd battery caps semi-open instead of fully open like lead-acid"", ""options"": [""To prevent the electrolyte from evaporating"", ""To allow faster gas release during charging""], ""correct"": ""To allow faster gas release during charging"", ""answer_text"": null, ""category"": null, ""source_file"": ""MODULE 13_Questions.pdf"", ""source_module"": ""M13"", ""fmt"": ""csv"", ""module"": ""M13"", ""syllabusRef"": ""M13.0.3"", ""level"": """", ""difficulty"": ""MEDIUM"", ""subTopic"": """", ""isEssay"": false}",False
M13,M13.0.3,,What is the purpose of removing and cleaning the cell caps during the,To prevent overcharging of the battery,To ensure the electrolyte doesn't become contaminated by water,,,To prevent overcharging of the battery,MEDIUM,,,MEDIUM,ANSWERED,Matched from corpus-option-overlap,1,MODULE 13_Questions.pdf,"{""raw"": ""What is the purpose of removing and cleaning the cell caps during the"", ""question"": ""What is the purpose of removing and cleaning the cell caps during the"", ""options"": [""To prevent overcharging of the battery"", ""To ensure the electrolyte doesn't become contaminated by water""], ""correct"": ""To prevent overcharging of the battery"", ""answer_text"": null, ""category"": null, ""source_file"": ""MODULE 13_Questions.pdf"", ""source_module"": ""M13"", ""fmt"": ""csv"", ""module"": ""M13"", ""syllabusRef"": ""M13.0.3"", ""level"": """", ""difficulty"": ""MEDIUM"", ""subTopic"": """", ""isEssay"": false}",False
M13,M13.0.3,,during servicing?,Analog Multimeter,Digital Ammeter,,,Digital Ammeter,MEDIUM,65. What device should be used to measure the voltage of a Ni/Cd battery,,HIGH,ANSWERED,Digital ammeter used for battery testing,1,MODULE 13_Questions.pdf,"{""raw"": ""during servicing?"", ""question"": ""during servicing?"", ""options"": [""Analog Multimeter"", ""Digital Ammeter""], ""correct"": ""Digital Ammeter"", ""answer_text"": null, ""category"": null, ""source_file"": ""MODULE 13_Questions.pdf"", ""source_module"": ""M13"", ""fmt"": ""csv"", ""module"": ""M13"", ""syllabusRef"": ""M13.0.3"", ""level"": """", ""difficulty"": ""MEDIUM"", ""subTopic"": ""65. What device should be used to measure the voltage of a Ni/Cd battery"", ""isEssay"": false}",False
M13,M13.1.0,,What is the purpose of shorting a discharged Ni/Cd cell with a shorting,To boost the voltage of the cell,To reset the cell’s charge,,,To boost the voltage of the cell,MEDIUM,,,MEDIUM,ANSWERED,Matched from corpus-option-overlap,1,MODULE 13_Questions.pdf,"{""raw"": ""What is the purpose of shorting a discharged Ni/Cd cell with a shorting"", ""question"": ""What is the purpose of shorting a discharged Ni/Cd cell with a shorting"", ""options"": [""To boost the voltage of the cell"", ""To reset the cell’s charge""], ""correct"": ""To boost the voltage of the cell"", ""answer_text"": null, ""category"": null, ""source_file"": ""MODULE 13_Questions.pdf"", ""source_module"": ""M13"", ""fmt"": ""csv"", ""module"": ""M13"", ""syllabusRef"": ""M13.1.0"", ""level"": """", ""difficulty"": ""MEDIUM"", ""subTopic"": """", ""isEssay"": false}",False
M13,M13.0.3,,of the four brushes?,To connect the field windings to the terminal box,✔ To collect the current generated in the armature and deliver it to the,,,✔ To collect the current generated in the armature and deliver it to the,MEDIUM,"67. In the fixed winding arrangement of a four-pole machine, what is the role",,HIGH,ANSWERED,Brushes collect current from the armature,1,MODULE 13_Questions.pdf,"{""raw"": ""of the four brushes?"", ""question"": ""of the four brushes?"", ""options"": [""To connect the field windings to the terminal box"", ""✔ To collect the current generated in the armature and deliver it to the""], ""correct"": ""✔ To collect the current generated in the armature and deliver it to the"", ""answer_text"": null, ""category"": null, ""source_file"": ""MODULE 13_Questions.pdf"", ""source_module"": ""M13"", ""fmt"": ""csv"", ""module"": ""M13"", ""syllabusRef"": ""M13.0.3"", ""level"": """", ""difficulty"": ""MEDIUM"", ""subTopic"": ""67. In the fixed winding arrangement of a four-pole machine, what is the role"", ""isEssay"": false}",False
M13,M13.0.3,,How are the four field coils connected in the fixed winding arrangement?,In parallel to each other,In a closed loop with the armature windings,,,In a closed loop with the armature windings,MEDIUM,,,MEDIUM,ANSWERED,Matched from corpus-option-overlap,1,MODULE 13_Questions.pdf,"{""raw"": ""How are the four field coils connected in the fixed winding arrangement?"", ""question"": ""How are the four field coils connected in the fixed winding arrangement?"", ""options"": [""In parallel to each other"", ""In a closed loop with the armature windings""], ""correct"": ""In a closed loop with the armature windings"", ""answer_text"": null, ""category"": null, ""source_file"": ""MODULE 13_Questions.pdf"", ""source_module"": ""M13"", ""fmt"": ""csv"", ""module"": ""M13"", ""syllabusRef"": ""M13.0.3"", ""level"": """", ""difficulty"": ""MEDIUM"", ""subTopic"": """", ""isEssay"": false}",False
M13,M13.13.7(a),,What is the primary purpose of voltage regulation in an aircraft's,To increase the speed of the generator under load,To adjust the frequency of the electrical current,,,To increase the speed of the generator under load,MEDIUM,,,MEDIUM,ANSWERED,Matched from corpus-option-overlap,1,MODULE 13_Questions.pdf,"{""raw"": ""What is the primary purpose of voltage regulation in an aircraft's"", ""question"": ""What is the primary purpose of voltage regulation in an aircraft's"", ""options"": [""To increase the speed of the generator under load"", ""To adjust the frequency of the electrical current""], ""correct"": ""To increase the speed of the generator under load"", ""answer_text"": null, ""category"": null, ""source_file"": ""MODULE 13_Questions.pdf"", ""source_module"": ""M13"", ""fmt"": ""csv"", ""module"": ""M13"", ""syllabusRef"": ""M13.13.7(a)"", ""level"": """", ""difficulty"": ""MEDIUM"", ""subTopic"": """", ""isEssay"": false}",False
M13,M13.13.07,,Which factor most effectively controls the output voltage of a DC,The armature current,The speed of the generator,,,The speed of the generator,MEDIUM,,,MEDIUM,ANSWERED,Matched from corpus,1,MODULE 13_Questions.pdf,"{""raw"": ""Which factor most effectively controls the output voltage of a DC"", ""question"": ""Which factor most effectively controls the output voltage of a DC"", ""options"": [""The armature current"", ""The speed of the generator""], ""correct"": ""The speed of the generator"", ""answer_text"": null, ""category"": null, ""source_file"": ""MODULE 13_Questions.pdf"", ""source_module"": ""M13"", ""fmt"": ""csv"", ""module"": ""M13"", ""syllabusRef"": ""M13.13.07"", ""level"": """", ""difficulty"": ""MEDIUM"", ""subTopic"": """", ""isEssay"": false}",False
M13,M13.1.1,,voltage regulation?,Hydraulic Voltage Regulator,✔ Carbon Pile Voltage Regulator,Magnetic Field Voltage Regulator,,✔ Carbon Pile Voltage Regulator,EASY,71. Which of the following types of voltage regulators can be used for DC,,MEDIUM,ANSWERED,Matched from corpus-option,1,MODULE 13_Questions.pdf,"{""raw"": ""voltage regulation?"", ""question"": ""voltage regulation?"", ""options"": [""Hydraulic Voltage Regulator"", ""✔ Carbon Pile Voltage Regulator"", ""Magnetic Field Voltage Regulator""], ""correct"": ""✔ Carbon Pile Voltage Regulator"", ""answer_text"": null, ""category"": null, ""source_file"": ""MODULE 13_Questions.pdf"", ""source_module"": ""M13"", ""fmt"": ""csv"", ""module"": ""M13"", ""syllabusRef"": ""M13.1.1"", ""level"": """", ""difficulty"": ""EASY"", ""subTopic"": ""71. Which of the following types of voltage regulators can be used for DC"", ""isEssay"": false}",False
M13,M13.13.7(c),,generator system?,To regulate the voltage supplied to the battery,✔ To disconnect the generator from the battery when the generator's,,,To regulate the voltage supplied to the battery,MEDIUM,72. What is the primary function of a Reverse Current Cut-Out Relay in a,,MEDIUM,ANSWERED,Matched from corpus-option-overlap,1,MODULE 13_Questions.pdf,"{""raw"": ""generator system?"", ""question"": ""generator system?"", ""options"": [""To regulate the voltage supplied to the battery"", ""✔ To disconnect the generator from the battery when the generator's""], ""correct"": ""To regulate the voltage supplied to the battery"", ""answer_text"": null, ""category"": null, ""source_file"": ""MODULE 13_Questions.pdf"", ""source_module"": ""M13"", ""fmt"": ""csv"", ""module"": ""M13"", ""syllabusRef"": ""M13.13.7(c)"", ""level"": """", ""difficulty"": ""MEDIUM"", ""subTopic"": ""72. What is the primary function of a Reverse Current Cut-Out Relay in a"", ""isEssay"": false}",False
M13,M13.13.7(c),,"74. What is the purpose of a ""Current Limiter"" in a generator system?",To increase the voltage when the generator is under heavy load,To protect the battery from overcharging,,,To increase the voltage when the generator is under heavy load,MEDIUM,,,MEDIUM,ANSWERED,Matched from corpus-option-overlap,1,MODULE 13_Questions.pdf,"{""raw"": ""74. What is the purpose of a \""Current Limiter\"" in a generator system?"", ""question"": ""74. What is the purpose of a \""Current Limiter\"" in a generator system?"", ""options"": [""To increase the voltage when the generator is under heavy load"", ""To protect the battery from overcharging""], ""correct"": ""To increase the voltage when the generator is under heavy load"", ""answer_text"": null, ""category"": null, ""source_file"": ""MODULE 13_Questions.pdf"", ""source_module"": ""M13"", ""fmt"": ""csv"", ""module"": ""M13"", ""syllabusRef"": ""M13.13.7(c)"", ""level"": """", ""difficulty"": ""MEDIUM"", ""subTopic"": """", ""isEssay"": false}",False
M13,M13.30.05,,75. How does the Current Limiter circuit protect the generator?,By disconnecting the generator from the load,By increasing the voltage output when the load is too high,,,By disconnecting the generator from the load,MEDIUM,,,MEDIUM,ANSWERED,Matched from corpus,1,MODULE 13_Questions.pdf,"{""raw"": ""75. How does the Current Limiter circuit protect the generator?"", ""question"": ""75. How does the Current Limiter circuit protect the generator?"", ""options"": [""By disconnecting the generator from the load"", ""By increasing the voltage output when the load is too high""], ""correct"": ""By disconnecting the generator from the load"", ""answer_text"": null, ""category"": null, ""source_file"": ""MODULE 13_Questions.pdf"", ""source_module"": ""M13"", ""fmt"": ""csv"", ""module"": ""M13"", ""syllabusRef"": ""M13.30.05"", ""level"": """", ""difficulty"": ""MEDIUM"", ""subTopic"": """", ""isEssay"": false}",False
M13,M13.0.3,,voltage regulation during excessive load?,✔ Current coil,Resistor,Contact points,,✔ Current coil,EASY,"76. In the Current Limiter Circuit diagram, what component controls the",,MEDIUM,ANSWERED,Matched from corpus-option,1,MODULE 13_Questions.pdf,"{""raw"": ""voltage regulation during excessive load?"", ""question"": ""voltage regulation during excessive load?"", ""options"": [""✔ Current coil"", ""Resistor"", ""Contact points""], ""correct"": ""✔ Current coil"", ""answer_text"": null, ""category"": null, ""source_file"": ""MODULE 13_Questions.pdf"", ""source_module"": ""M13"", ""fmt"": ""csv"", ""module"": ""M13"", ""syllabusRef"": ""M13.0.3"", ""level"": """", ""difficulty"": ""EASY"", ""subTopic"": ""76. In the Current Limiter Circuit diagram, what component controls the"", ""isEssay"": false}",False
M13,M13.13.7(a),,77. What is the primary function of a Three Unit Control Panel?,To monitor the engine performance,✔ To provide voltage regulation and protection from excessive loads in 12,,,To monitor the engine performance,MEDIUM,,,MEDIUM,ANSWERED,Matched from corpus-option-overlap,1,MODULE 13_Questions.pdf,"{""raw"": ""77. What is the primary function of a Three Unit Control Panel?"", ""question"": ""77. What is the primary function of a Three Unit Control Panel?"", ""options"": [""To monitor the engine performance"", ""✔ To provide voltage regulation and protection from excessive loads in 12""], ""correct"": ""To monitor the engine performance"", ""answer_text"": null, ""category"": null, ""source_file"": ""MODULE 13_Questions.pdf"", ""source_module"": ""M13"", ""fmt"": ""csv"", ""module"": ""M13"", ""syllabusRef"": ""M13.13.7(a)"", ""level"": """", ""difficulty"": ""MEDIUM"", ""subTopic"": """", ""isEssay"": false}",False
M13,M13.13.7(c),,Which of the following components is part of the Three Unit Control,Battery Management System,Power Distribution Unit,,,Battery Management System,MEDIUM,,,MEDIUM,ANSWERED,Matched from corpus-option-overlap,1,MODULE 13_Questions.pdf,"{""raw"": ""Which of the following components is part of the Three Unit Control"", ""question"": ""Which of the following components is part of the Three Unit Control"", ""options"": [""Battery Management System"", ""Power Distribution Unit""], ""correct"": ""Battery Management System"", ""answer_text"": null, ""category"": null, ""source_file"": ""MODULE 13_Questions.pdf"", ""source_module"": ""M13"", ""fmt"": ""csv"", ""module"": ""M13"", ""syllabusRef"": ""M13.13.7(c)"", ""level"": """", ""difficulty"": ""MEDIUM"", ""subTopic"": """", ""isEssay"": false}",False
M13,M13.88.7,,What is the key advantage of operating generators in parallel in a multi-,✔ To ensure no interruption of the primary power supply in the event of an,To increase the power output,To improve fuel efficiency,,✔ To ensure no interruption of the primary power supply in the event of an,MEDIUM,,,MEDIUM,ANSWERED,Matched from corpus-option-overlap,1,MODULE 13_Questions.pdf,"{""raw"": ""What is the key advantage of operating generators in parallel in a multi-"", ""question"": ""What is the key advantage of operating generators in parallel in a multi-"", ""options"": [""✔ To ensure no interruption of the primary power supply in the event of an"", ""To increase the power output"", ""To improve fuel efficiency""], ""correct"": ""✔ To ensure no interruption of the primary power supply in the event of an"", ""answer_text"": null, ""category"": null, ""source_file"": ""MODULE 13_Questions.pdf"", ""source_module"": ""M13"", ""fmt"": ""csv"", ""module"": ""M13"", ""syllabusRef"": ""M13.88.7"", ""level"": """", ""difficulty"": ""MEDIUM"", ""subTopic"": """", ""isEssay"": false}",False
M13,M13.13.7(c),,balanced load sharing?,✔ Equal output voltages from both generators,Equal fuel consumption,Equal engine speeds,,✔ Equal output voltages from both generators,EASY,"80. In parallel operation of generators, what must be maintained to ensure",,MEDIUM,ANSWERED,Matched from corpus-option-overlap,1,MODULE 13_Questions.pdf,"{""raw"": ""balanced load sharing?"", ""question"": ""balanced load sharing?"", ""options"": [""✔ Equal output voltages from both generators"", ""Equal fuel consumption"", ""Equal engine speeds""], ""correct"": ""✔ Equal output voltages from both generators"", ""answer_text"": null, ""category"": null, ""source_file"": ""MODULE 13_Questions.pdf"", ""source_module"": ""M13"", ""fmt"": ""csv"", ""module"": ""M13"", ""syllabusRef"": ""M13.13.7(c)"", ""level"": """", ""difficulty"": ""EASY"", ""subTopic"": ""80. In parallel operation of generators, what must be maintained to ensure"", ""isEssay"": false}",False
M13,M13.13.7(c),,sharing in parallel operation?,✔ Additional regulation circuits,Backup batteries,Larger generators,,✔ Additional regulation circuits,EASY,81. What is required in addition to voltage regulators to ensure proper load,,MEDIUM,ANSWERED,Matched from corpus-option,1,MODULE 13_Questions.pdf,"{""raw"": ""sharing in parallel operation?"", ""question"": ""sharing in parallel operation?"", ""options"": [""✔ Additional regulation circuits"", ""Backup batteries"", ""Larger generators""], ""correct"": ""✔ Additional regulation circuits"", ""answer_text"": null, ""category"": null, ""source_file"": ""MODULE 13_Questions.pdf"", ""source_module"": ""M13"", ""fmt"": ""csv"", ""module"": ""M13"", ""syllabusRef"": ""M13.13.7(c)"", ""level"": """", ""difficulty"": ""EASY"", ""subTopic"": ""81. What is required in addition to voltage regulators to ensure proper load"", ""isEssay"": false}",False
M13,M13.1.1,,all AC generators?,Power Distribution Unit,✔ Tie-Bus,Voltage Regulator,,Voltage Regulator,EASY,"82. In a Parallel Electrical System, what is the common connection point for",,MEDIUM,ANSWERED,Matched from corpus-option,1,MODULE 13_Questions.pdf,"{""raw"": ""all AC generators?"", ""question"": ""all AC generators?"", ""options"": [""Power Distribution Unit"", ""✔ Tie-Bus"", ""Voltage Regulator""], ""correct"": ""Voltage Regulator"", ""answer_text"": null, ""category"": null, ""source_file"": ""MODULE 13_Questions.pdf"", ""source_module"": ""M13"", ""fmt"": ""csv"", ""module"": ""M13"", ""syllabusRef"": ""M13.1.1"", ""level"": """", ""difficulty"": ""EASY"", ""subTopic"": ""82. In a Parallel Electrical System, what is the common connection point for"", ""isEssay"": false}",False
M13,M13.13.4(b),,System to function properly?,One,✔ Three or more generators,Two,,One,EASY,83. How many generators are typically required for a Parallel Electrical,,MEDIUM,ANSWERED,Matched from corpus,1,MODULE 13_Questions.pdf,"{""raw"": ""System to function properly?"", ""question"": ""System to function properly?"", ""options"": [""One"", ""✔ Three or more generators"", ""Two""], ""correct"": ""One"", ""answer_text"": null, ""category"": null, ""source_file"": ""MODULE 13_Questions.pdf"", ""source_module"": ""M13"", ""fmt"": ""csv"", ""module"": ""M13"", ""syllabusRef"": ""M13.13.4(b)"", ""level"": """", ""difficulty"": ""EASY"", ""subTopic"": ""83. How many generators are typically required for a Parallel Electrical"", ""isEssay"": false}",False
M13,M13.13.7(c),,proper operation?,Fuel consumption,"✔ Generator voltages, frequencies, and phase sequence",Engine speed,,Fuel consumption,EASY,84. What must be strictly controlled in a Parallel Electrical System to ensure,,MEDIUM,ANSWERED,Matched from corpus-option,1,MODULE 13_Questions.pdf,"{""raw"": ""proper operation?"", ""question"": ""proper operation?"", ""options"": [""Fuel consumption"", ""✔ Generator voltages, frequencies, and phase sequence"", ""Engine speed""], ""correct"": ""Fuel consumption"", ""answer_text"": null, ""category"": null, ""source_file"": ""MODULE 13_Questions.pdf"", ""source_module"": ""M13"", ""fmt"": ""csv"", ""module"": ""M13"", ""syllabusRef"": ""M13.13.7(c)"", ""level"": """", ""difficulty"": ""EASY"", ""subTopic"": ""84. What must be strictly controlled in a Parallel Electrical System to ensure"", ""isEssay"": false}",False
M13,M13.13.7(c),,Electrical System?,To ensure proper charging of the battery,✔ To balance the load between multiple generators and prevent overload,To increase the output frequency,,To ensure proper charging of the battery,EASY,85. What is the main purpose of maintaining equal load sharing in a Parallel,,MEDIUM,ANSWERED,Matched from corpus-option-overlap,1,MODULE 13_Questions.pdf,"{""raw"": ""Electrical System?"", ""question"": ""Electrical System?"", ""options"": [""To ensure proper charging of the battery"", ""✔ To balance the load between multiple generators and prevent overload"", ""To increase the output frequency""], ""correct"": ""To ensure proper charging of the battery"", ""answer_text"": null, ""category"": null, ""source_file"": ""MODULE 13_Questions.pdf"", ""source_module"": ""M13"", ""fmt"": ""csv"", ""module"": ""M13"", ""syllabusRef"": ""M13.13.7(c)"", ""level"": """", ""difficulty"": ""EASY"", ""subTopic"": ""85. What is the main purpose of maintaining equal load sharing in a Parallel"", ""isEssay"": false}",False
M13,M13.13.7(c),,not within limits in a Parallel Electrical System?,✔ Improper system operation and potential damage to the generators,Inconsistent fuel usage,Decreased efficiency in electrical output,,Inconsistent fuel usage,MEDIUM,"86. What is the risk if generator voltages, frequencies, or phase sequences are",,MEDIUM,ANSWERED,Matched from corpus-option-overlap,1,MODULE 13_Questions.pdf,"{""raw"": ""not within limits in a Parallel Electrical System?"", ""question"": ""not within limits in a Parallel Electrical System?"", ""options"": [""✔ Improper system operation and potential damage to the generators"", ""Inconsistent fuel usage"", ""Decreased efficiency in electrical output""], ""correct"": ""Inconsistent fuel usage"", ""answer_text"": null, ""category"": null, ""source_file"": ""MODULE 13_Questions.pdf"", ""source_module"": ""M13"", ""fmt"": ""csv"", ""module"": ""M13"", ""syllabusRef"": ""M13.13.7(c)"", ""level"": """", ""difficulty"": ""MEDIUM"", ""subTopic"": ""86. What is the risk if generator voltages, frequencies, or phase sequences are"", ""isEssay"": false}",False
M13,M13.13.7(c),,Which of the following is not a main classification of aircraft instruments?,Communication instruments,Flight instruments,Engine instruments,,Communication instruments,MEDIUM,1. Question 1:,,MEDIUM,ANSWERED,Matched from corpus,1,MODULE 13_Questions.pdf,"{""raw"": ""Which of the following is not a main classification of aircraft instruments?"", ""question"": ""Which of the following is not a main classification of aircraft instruments?"", ""options"": [""Communication instruments"", ""Flight instruments"", ""Engine instruments""], ""correct"": ""Communication instruments"", ""answer_text"": null, ""category"": null, ""source_file"": ""MODULE 13_Questions.pdf"", ""source_module"": ""M13"", ""fmt"": ""csv"", ""module"": ""M13"", ""syllabusRef"": ""M13.13.7(c)"", ""level"": """", ""difficulty"": ""MEDIUM"", ""subTopic"": ""1. Question 1:"", ""isEssay"": false}",False
M13,M13.13.01,,Which of these is not a sub-category of flight instruments?,Static instruments,Digital instruments,Gyroscopic instruments,,Static instruments,MEDIUM,2. Question 2:,,MEDIUM,ANSWERED,Matched from corpus,1,MODULE 13_Questions.pdf,"{""raw"": ""Which of these is not a sub-category of flight instruments?"", ""question"": ""Which of these is not a sub-category of flight instruments?"", ""options"": [""Static instruments"", ""Digital instruments"", ""Gyroscopic instruments""], ""correct"": ""Static instruments"", ""answer_text"": null, ""category"": null, ""source_file"": ""MODULE 13_Questions.pdf"", ""source_module"": ""M13"", ""fmt"": ""csv"", ""module"": ""M13"", ""syllabusRef"": ""M13.13.01"", ""level"": """", ""difficulty"": ""MEDIUM"", ""subTopic"": ""2. Question 2:"", ""isEssay"": false}",False
M13,M13.88.7,,What has contributed to the obsolescence of magnetic instruments?,Increased use of radar,Advancement in digital avionics,Higher fuel efficiency,,Increased use of radar,MEDIUM,3. Question 3:,,MEDIUM,ANSWERED,Matched from corpus-option-overlap,1,MODULE 13_Questions.pdf,"{""raw"": ""What has contributed to the obsolescence of magnetic instruments?"", ""question"": ""What has contributed to the obsolescence of magnetic instruments?"", ""options"": [""Increased use of radar"", ""Advancement in digital avionics"", ""Higher fuel efficiency""], ""correct"": ""Increased use of radar"", ""answer_text"": null, ""category"": null, ""source_file"": ""MODULE 13_Questions.pdf"", ""source_module"": ""M13"", ""fmt"": ""csv"", ""module"": ""M13"", ""syllabusRef"": ""M13.88.7"", ""level"": """", ""difficulty"": ""MEDIUM"", ""subTopic"": ""3. Question 3:"", ""isEssay"": false}",False
M13,M13.13.1(a),,Question 4:,Aircraft flight attitude and parameters,Engine temperature and pressure,Radio communication signals,,Aircraft flight attitude and parameters,EASY,,,MEDIUM,ANSWERED,Matched from corpus-option-overlap,1,MODULE 13_Questions.pdf,"{""raw"": ""Question 4:"", ""question"": ""Question 4:"", ""options"": [""Aircraft flight attitude and parameters"", ""Engine temperature and pressure"", ""Radio communication signals""], ""correct"": ""Aircraft flight attitude and parameters"", ""answer_text"": null, ""category"": null, ""source_file"": ""MODULE 13_Questions.pdf"", ""source_module"": ""M13"", ""fmt"": ""csv"", ""module"": ""M13"", ""syllabusRef"": ""M13.13.1(a)"", ""level"": """", ""difficulty"": ""EASY"", ""subTopic"": """", ""isEssay"": false}",False
M13,M13.13.01,,Which of these is a flight instrument?,Airspeed indicator,Fuel flow meter,Hydraulic pressure gauge,,Airspeed indicator,EASY,5. Question 5:,,MEDIUM,ANSWERED,Matched from corpus-option,1,MODULE 13_Questions.pdf,"{""raw"": ""Which of these is a flight instrument?"", ""question"": ""Which of these is a flight instrument?"", ""options"": [""Airspeed indicator"", ""Fuel flow meter"", ""Hydraulic pressure gauge""], ""correct"": ""Airspeed indicator"", ""answer_text"": null, ""category"": null, ""source_file"": ""MODULE 13_Questions.pdf"", ""source_module"": ""M13"", ""fmt"": ""csv"", ""module"": ""M13"", ""syllabusRef"": ""M13.13.01"", ""level"": """", ""difficulty"": ""EASY"", ""subTopic"": ""5. Question 5:"", ""isEssay"": false}",False
M13,M13.13.7(c),,Which of these aircraft systems is not typically monitored by flight instruments?,Electrical power system,Altitude,Airspeed,,Electrical power system,MEDIUM,8. Question 8:,,MEDIUM,ANSWERED,Matched from corpus,1,MODULE 13_Questions.pdf,"{""raw"": ""Which of these aircraft systems is not typically monitored by flight instruments?"", ""question"": ""Which of these aircraft systems is not typically monitored by flight instruments?"", ""options"": [""Electrical power system"", ""Altitude"", ""Airspeed""], ""correct"": ""Electrical power system"", ""answer_text"": null, ""category"": null, ""source_file"": ""MODULE 13_Questions.pdf"", ""source_module"": ""M13"", ""fmt"": ""csv"", ""module"": ""M13"", ""syllabusRef"": ""M13.13.7(c)"", ""level"": """", ""difficulty"": ""MEDIUM"", ""subTopic"": ""8. Question 8:"", ""isEssay"": false}",False
M13,,,modern cockpits?,Altimeter,Artificial horizon,Heading indicator,,Artificial horizon,EASY,11. Question 11:,,MEDIUM,ANSWERED,Matched from corpus-option,1,MODULE 13_Questions.pdf,"{""raw"": ""modern cockpits?"", ""question"": ""modern cockpits?"", ""options"": [""Altimeter"", ""Artificial horizon"", ""Heading indicator""], ""correct"": ""Artificial horizon"", ""answer_text"": null, ""category"": null, ""source_file"": ""MODULE 13_Questions.pdf"", ""source_module"": ""M13"", ""fmt"": ""csv"", ""module"": ""M13"", ""syllabusRef"": """", ""level"": """", ""difficulty"": ""EASY"", ""subTopic"": ""11. Question 11:"", ""isEssay"": false}",False
M13,M13.0.3,,without electricity?,They are cheaper to maintain,To ensure operation during electrical failure,They are easier to calibrate,,To ensure operation during electrical failure,EASY,12. Question 12:,,MEDIUM,ANSWERED,Matched from corpus-option-overlap,1,MODULE 13_Questions.pdf,"{""raw"": ""without electricity?"", ""question"": ""without electricity?"", ""options"": [""They are cheaper to maintain"", ""To ensure operation during electrical failure"", ""They are easier to calibrate""], ""correct"": ""To ensure operation during electrical failure"", ""answer_text"": null, ""category"": null, ""source_file"": ""MODULE 13_Questions.pdf"", ""source_module"": ""M13"", ""fmt"": ""csv"", ""module"": ""M13"", ""syllabusRef"": ""M13.0.3"", ""level"": """", ""difficulty"": ""EASY"", ""subTopic"": ""12. Question 12:"", ""isEssay"": false}",False
M13,,,Question 13:,GPS navigator,Altitude indicator,Engine torque meter,,Altitude indicator,EASY,,,MEDIUM,ANSWERED,Matched from corpus-option,1,MODULE 13_Questions.pdf,"{""raw"": ""Question 13:"", ""question"": ""Question 13:"", ""options"": [""GPS navigator"", ""Altitude indicator"", ""Engine torque meter""], ""correct"": ""Altitude indicator"", ""answer_text"": null, ""category"": null, ""source_file"": ""MODULE 13_Questions.pdf"", ""source_module"": ""M13"", ""fmt"": ""csv"", ""module"": ""M13"", ""syllabusRef"": """", ""level"": """", ""difficulty"": ""EASY"", ""subTopic"": """", ""isEssay"": false}",False
M13,,,Question 14:,Airspeed indicator,Vertical speed indicator,Engine oil temperature gauge,,Airspeed indicator,EASY,,,MEDIUM,ANSWERED,Matched from corpus-option,1,MODULE 13_Questions.pdf,"{""raw"": ""Question 14:"", ""question"": ""Question 14:"", ""options"": [""Airspeed indicator"", ""Vertical speed indicator"", ""Engine oil temperature gauge""], ""correct"": ""Airspeed indicator"", ""answer_text"": null, ""category"": null, ""source_file"": ""MODULE 13_Questions.pdf"", ""source_module"": ""M13"", ""fmt"": ""csv"", ""module"": ""M13"", ""syllabusRef"": """", ""level"": """", ""difficulty"": ""EASY"", ""subTopic"": """", ""isEssay"": false}",False
M13,M13.14.5,,Question 15:,Mechanical gyros,Analog dials,Flat-panel digital displays,,Flat-panel digital displays,EASY,,,MEDIUM,ANSWERED,Matched from corpus-option-overlap,1,MODULE 13_Questions.pdf,"{""raw"": ""Question 15:"", ""question"": ""Question 15:"", ""options"": [""Mechanical gyros"", ""Analog dials"", ""Flat-panel digital displays""], ""correct"": ""Flat-panel digital displays"", ""answer_text"": null, ""category"": null, ""source_file"": ""MODULE 13_Questions.pdf"", ""source_module"": ""M13"", ""fmt"": ""csv"", ""module"": ""M13"", ""syllabusRef"": ""M13.14.5"", ""level"": """", ""difficulty"": ""EASY"", ""subTopic"": """", ""isEssay"": false}",False
M13,M13.13.4(b),,"Even in modern aircraft, which instruments are often retained as backup?",Pneumatic altimeter and magnetic direction indicator,Digital air data computer,EFIS screens,,Pneumatic altimeter and magnetic direction indicator,MEDIUM,16. Question 16:,,MEDIUM,ANSWERED,Matched from corpus-option-overlap,1,MODULE 13_Questions.pdf,"{""raw"": ""Even in modern aircraft, which instruments are often retained as backup?"", ""question"": ""Even in modern aircraft, which instruments are often retained as backup?"", ""options"": [""Pneumatic altimeter and magnetic direction indicator"", ""Digital air data computer"", ""EFIS screens""], ""correct"": ""Pneumatic altimeter and magnetic direction indicator"", ""answer_text"": null, ""category"": null, ""source_file"": ""MODULE 13_Questions.pdf"", ""source_module"": ""M13"", ""fmt"": ""csv"", ""module"": ""M13"", ""syllabusRef"": ""M13.13.4(b)"", ""level"": """", ""difficulty"": ""MEDIUM"", ""subTopic"": ""16. Question 16:"", ""isEssay"": false}",False
M13,M13.13.01,,Why are some original analog flight instruments still present in advanced aircraft?,For aesthetic reasons,To serve as redundant backups,To reduce training time,,To reduce training time,MEDIUM,,,MEDIUM,ANSWERED,Matched from corpus-option-overlap,1,MODULE 13_Questions.pdf,"{""raw"": ""Why are some original analog flight instruments still present in advanced aircraft?"", ""question"": ""Why are some original analog flight instruments still present in advanced aircraft?"", ""options"": [""For aesthetic reasons"", ""To serve as redundant backups"", ""To reduce training time""], ""correct"": ""To reduce training time"", ""answer_text"": null, ""category"": null, ""source_file"": ""MODULE 13_Questions.pdf"", ""source_module"": ""M13"", ""fmt"": ""csv"", ""module"": ""M13"", ""syllabusRef"": ""M13.13.01"", ""level"": """", ""difficulty"": ""MEDIUM"", ""subTopic"": """", ""isEssay"": false}",False
M13,M13.0.3,,Where are engine instruments typically located in the cockpit?,Overhead panel,Center front panel,Side console,,Overhead panel,MEDIUM,,,MEDIUM,ANSWERED,Matched from corpus-option,1,MODULE 13_Questions.pdf,"{""raw"": ""Where are engine instruments typically located in the cockpit?"", ""question"": ""Where are engine instruments typically located in the cockpit?"", ""options"": [""Overhead panel"", ""Center front panel"", ""Side console""], ""correct"": ""Overhead panel"", ""answer_text"": null, ""category"": null, ""source_file"": ""MODULE 13_Questions.pdf"", ""source_module"": ""M13"", ""fmt"": ""csv"", ""module"": ""M13"", ""syllabusRef"": ""M13.0.3"", ""level"": """", ""difficulty"": ""MEDIUM"", ""subTopic"": """", ""isEssay"": false}",False
M13,M13.30.05,,Why are engine instruments placed in the center of the front panel?,To balance the aircraft’s layout,To allow easy monitoring by both pilot and copilot,For decorative symmetry,,To allow easy monitoring by both pilot and copilot,MEDIUM,,,HIGH,ANSWERED,Allows easy monitoring by both pilot and copilot,1,MODULE 13_Questions.pdf,"{""raw"": ""Why are engine instruments placed in the center of the front panel?"", ""question"": ""Why are engine instruments placed in the center of the front panel?"", ""options"": [""To balance the aircraft’s layout"", ""To allow easy monitoring by both pilot and copilot"", ""For decorative symmetry""], ""correct"": ""To allow easy monitoring by both pilot and copilot"", ""answer_text"": null, ""category"": null, ""source_file"": ""MODULE 13_Questions.pdf"", ""source_module"": ""M13"", ""fmt"": ""csv"", ""module"": ""M13"", ""syllabusRef"": ""M13.30.05"", ""level"": """", ""difficulty"": ""MEDIUM"", ""subTopic"": """", ""isEssay"": false}",False
M13,M13.1.5,,How do multi-engine aircraft typically display engine parameters?,One separate gauge per engine for each parameter,Single gauge with multiple pointers for all engines,Shared display between pilot and maintenance,,One separate gauge per engine for each parameter,MEDIUM,,,MEDIUM,ANSWERED,Matched from corpus,1,MODULE 13_Questions.pdf,"{""raw"": ""How do multi-engine aircraft typically display engine parameters?"", ""question"": ""How do multi-engine aircraft typically display engine parameters?"", ""options"": [""One separate gauge per engine for each parameter"", ""Single gauge with multiple pointers for all engines"", ""Shared display between pilot and maintenance""], ""correct"": ""One separate gauge per engine for each parameter"", ""answer_text"": null, ""category"": null, ""source_file"": ""MODULE 13_Questions.pdf"", ""source_module"": ""M13"", ""fmt"": ""csv"", ""module"": ""M13"", ""syllabusRef"": ""M13.1.5"", ""level"": """", ""difficulty"": ""MEDIUM"", ""subTopic"": """", ""isEssay"": false}",False
M13,M13.88.7,,What is the purpose of navigation instruments?,To monitor fuel usage,To help the pilot guide the aircraft along a defined route,To calculate engine power output,,To help the pilot guide the aircraft along a defined route,EASY,,,MEDIUM,ANSWERED,Matched from corpus-option-overlap,1,MODULE 13_Questions.pdf,"{""raw"": ""What is the purpose of navigation instruments?"", ""question"": ""What is the purpose of navigation instruments?"", ""options"": [""To monitor fuel usage"", ""To help the pilot guide the aircraft along a defined route"", ""To calculate engine power output""], ""correct"": ""To help the pilot guide the aircraft along a defined route"", ""answer_text"": null, ""category"": null, ""source_file"": ""MODULE 13_Questions.pdf"", ""source_module"": ""M13"", ""fmt"": ""csv"", ""module"": ""M13"", ""syllabusRef"": ""M13.88.7"", ""level"": """", ""difficulty"": ""EASY"", ""subTopic"": """", ""isEssay"": false}",False
M13,M13.13.7(c),,Which of the following is a traditional navigation instrument?,Weather radar,Magnetic compass,APU control panel,,Weather radar,MEDIUM,,,MEDIUM,ANSWERED,Matched from corpus-option,1,MODULE 13_Questions.pdf,"{""raw"": ""Which of the following is a traditional navigation instrument?"", ""question"": ""Which of the following is a traditional navigation instrument?"", ""options"": [""Weather radar"", ""Magnetic compass"", ""APU control panel""], ""correct"": ""Weather radar"", ""answer_text"": null, ""category"": null, ""source_file"": ""MODULE 13_Questions.pdf"", ""source_module"": ""M13"", ""fmt"": ""csv"", ""module"": ""M13"", ""syllabusRef"": ""M13.13.7(c)"", ""level"": """", ""difficulty"": ""MEDIUM"", ""subTopic"": """", ""isEssay"": false}",False
M13,M13.13.04,,Which modern system uses satellites to help in aircraft navigation?,VOR receiver,Global Positioning System (GPS),Engine Data Monitor,,VOR receiver,MEDIUM,,,MEDIUM,ANSWERED,Matched from corpus-option,1,MODULE 13_Questions.pdf,"{""raw"": ""Which modern system uses satellites to help in aircraft navigation?"", ""question"": ""Which modern system uses satellites to help in aircraft navigation?"", ""options"": [""VOR receiver"", ""Global Positioning System (GPS)"", ""Engine Data Monitor""], ""correct"": ""VOR receiver"", ""answer_text"": null, ""category"": null, ""source_file"": ""MODULE 13_Questions.pdf"", ""source_module"": ""M13"", ""fmt"": ""csv"", ""module"": ""M13"", ""syllabusRef"": ""M13.13.04"", ""level"": """", ""difficulty"": ""MEDIUM"", ""subTopic"": """", ""isEssay"": false}",False
M13,M13.0.3,,What keeps the Earth's atmosphere from drifting into space?,Magnetic fields,Gravity,Earth's rotation,,Magnetic fields,MEDIUM,,,MEDIUM,ANSWERED,Matched from corpus-option,1,MODULE 13_Questions.pdf,"{""raw"": ""What keeps the Earth's atmosphere from drifting into space?"", ""question"": ""What keeps the Earth's atmosphere from drifting into space?"", ""options"": [""Magnetic fields"", ""Gravity"", ""Earth's rotation""], ""correct"": ""Magnetic fields"", ""answer_text"": null, ""category"": null, ""source_file"": ""MODULE 13_Questions.pdf"", ""source_module"": ""M13"", ""fmt"": ""csv"", ""module"": ""M13"", ""syllabusRef"": ""M13.0.3"", ""level"": """", ""difficulty"": ""MEDIUM"", ""subTopic"": """", ""isEssay"": false}",False
M13,,,Earth's surface?,50%,75%,90%,,50%,EASY,,,HIGH,ANSWERED,Ground wave covers approximately 50%,1,MODULE 13_Questions.pdf,"{""raw"": ""Earth's surface?"", ""question"": ""Earth's surface?"", ""options"": [""50%"", ""75%"", ""90%""], ""correct"": ""50%"", ""answer_text"": null, ""category"": null, ""source_file"": ""MODULE 13_Questions.pdf"", ""source_module"": ""M13"", ""fmt"": ""csv"", ""module"": ""M13"", ""syllabusRef"": """", ""level"": """", ""difficulty"": ""EASY"", ""subTopic"": """", ""isEssay"": false}",False
M13,M13.30.05,,At what approximate altitude does the Earth's atmosphere transition into space?,"36,000 feet",100 km above sea level,11 km above sea level,,100 km above sea level,MEDIUM,,,MEDIUM,ANSWERED,Matched from corpus-option,1,MODULE 13_Questions.pdf,"{""raw"": ""At what approximate altitude does the Earth's atmosphere transition into space?"", ""question"": ""At what approximate altitude does the Earth's atmosphere transition into space?"", ""options"": [""36,000 feet"", ""100 km above sea level"", ""11 km above sea level""], ""correct"": ""100 km above sea level"", ""answer_text"": null, ""category"": null, ""source_file"": ""MODULE 13_Questions.pdf"", ""source_module"": ""M13"", ""fmt"": ""csv"", ""module"": ""M13"", ""syllabusRef"": ""M13.30.05"", ""level"": """", ""difficulty"": ""MEDIUM"", ""subTopic"": """", ""isEssay"": false}",False
M13,M13.1.1,,Which of the following is not one of the named layers of the atmosphere?,Troposphere,Hydrosphere,Ionosphere,,Troposphere,MEDIUM,,,MEDIUM,ANSWERED,Matched from corpus-option,1,MODULE 13_Questions.pdf,"{""raw"": ""Which of the following is not one of the named layers of the atmosphere?"", ""question"": ""Which of the following is not one of the named layers of the atmosphere?"", ""options"": [""Troposphere"", ""Hydrosphere"", ""Ionosphere""], ""correct"": ""Troposphere"", ""answer_text"": null, ""category"": null, ""source_file"": ""MODULE 13_Questions.pdf"", ""source_module"": ""M13"", ""fmt"": ""csv"", ""module"": ""M13"", ""syllabusRef"": ""M13.1.1"", ""level"": """", ""difficulty"": ""MEDIUM"", ""subTopic"": """", ""isEssay"": false}",False
M13,M13.0.3,,Which layer of the atmosphere is closest to Earth’s surface?,Mesosphere,Troposphere,Stratosphere,,Troposphere,MEDIUM,,,MEDIUM,ANSWERED,Matched from corpus-option,1,MODULE 13_Questions.pdf,"{""raw"": ""Which layer of the atmosphere is closest to Earth’s surface?"", ""question"": ""Which layer of the atmosphere is closest to Earth’s surface?"", ""options"": [""Mesosphere"", ""Troposphere"", ""Stratosphere""], ""correct"": ""Troposphere"", ""answer_text"": null, ""category"": null, ""source_file"": ""MODULE 13_Questions.pdf"", ""source_module"": ""M13"", ""fmt"": ""csv"", ""module"": ""M13"", ""syllabusRef"": ""M13.0.3"", ""level"": """", ""difficulty"": ""MEDIUM"", ""subTopic"": """", ""isEssay"": false}",False
M13,M13.0.3,,Which layer contains the ozone layer?,Troposphere,Stratosphere,Ionosphere,,Troposphere,EASY,,,MEDIUM,ANSWERED,Matched from corpus-option,1,MODULE 13_Questions.pdf,"{""raw"": ""Which layer contains the ozone layer?"", ""question"": ""Which layer contains the ozone layer?"", ""options"": [""Troposphere"", ""Stratosphere"", ""Ionosphere""], ""correct"": ""Troposphere"", ""answer_text"": null, ""category"": null, ""source_file"": ""MODULE 13_Questions.pdf"", ""source_module"": ""M13"", ""fmt"": ""csv"", ""module"": ""M13"", ""syllabusRef"": ""M13.0.3"", ""level"": """", ""difficulty"": ""EASY"", ""subTopic"": """", ""isEssay"": false}",False
M13,M13.1.00000,,What happens to atmospheric pressure as altitude increases?,It decreases,It increases,It stays the same,,It decreases,MEDIUM,,,HIGH,ANSWERED,Pressure decreases with altitude,1,MODULE 13_Questions.pdf,"{""raw"": ""What happens to atmospheric pressure as altitude increases?"", ""question"": ""What happens to atmospheric pressure as altitude increases?"", ""options"": [""It decreases"", ""It increases"", ""It stays the same""], ""correct"": ""It decreases"", ""answer_text"": null, ""category"": null, ""source_file"": ""MODULE 13_Questions.pdf"", ""source_module"": ""M13"", ""fmt"": ""csv"", ""module"": ""M13"", ""syllabusRef"": ""M13.1.00000"", ""level"": """", ""difficulty"": ""MEDIUM"", ""subTopic"": """", ""isEssay"": false}",False
M13,M13.1.00000,,What is the standard atmospheric pressure at sea level?,29.92 psi,14.7 psi,101.3 psi,,14.7 psi,MEDIUM,,,MEDIUM,ANSWERED,Matched from corpus,1,MODULE 13_Questions.pdf,"{""raw"": ""What is the standard atmospheric pressure at sea level?"", ""question"": ""What is the standard atmospheric pressure at sea level?"", ""options"": [""29.92 psi"", ""14.7 psi"", ""101.3 psi""], ""correct"": ""14.7 psi"", ""answer_text"": null, ""category"": null, ""source_file"": ""MODULE 13_Questions.pdf"", ""source_module"": ""M13"", ""fmt"": ""csv"", ""module"": ""M13"", ""syllabusRef"": ""M13.1.00000"", ""level"": """", ""difficulty"": ""MEDIUM"", ""subTopic"": """", ""isEssay"": false}",False
M13,M13.1.00000,,Which instrument is used to measure atmospheric pressure?,Altimeter,Thermometer,Barometer,,Thermometer,MEDIUM,,,MEDIUM,ANSWERED,Matched from corpus-option,1,MODULE 13_Questions.pdf,"{""raw"": ""Which instrument is used to measure atmospheric pressure?"", ""question"": ""Which instrument is used to measure atmospheric pressure?"", ""options"": [""Altimeter"", ""Thermometer"", ""Barometer""], ""correct"": ""Thermometer"", ""answer_text"": null, ""category"": null, ""source_file"": ""MODULE 13_Questions.pdf"", ""source_module"": ""M13"", ""fmt"": ""csv"", ""module"": ""M13"", ""syllabusRef"": ""M13.1.00000"", ""level"": """", ""difficulty"": ""MEDIUM"", ""subTopic"": """", ""isEssay"": false}",False
M13,M13.30.05,,What is the SI metric unit used for atmospheric pressure in meteorology?,psi,hectoPascal (hPa),"inches of mercury (""Hg)",,"inches of mercury (""Hg)",MEDIUM,,,MEDIUM,ANSWERED,Matched from corpus-option-overlap,1,MODULE 13_Questions.pdf,"{""raw"": ""What is the SI metric unit used for atmospheric pressure in meteorology?"", ""question"": ""What is the SI metric unit used for atmospheric pressure in meteorology?"", ""options"": [""psi"", ""hectoPascal (hPa)"", ""inches of mercury (\""Hg)""], ""correct"": ""inches of mercury (\""Hg)"", ""answer_text"": null, ""category"": null, ""source_file"": ""MODULE 13_Questions.pdf"", ""source_module"": ""M13"", ""fmt"": ""csv"", ""module"": ""M13"", ""syllabusRef"": ""M13.30.05"", ""level"": """", ""difficulty"": ""MEDIUM"", ""subTopic"": """", ""isEssay"": false}",False
M13,M13.1.0,,weather reports?,"Inches of mercury (""Hg)",Bars,Newtons per square meter,,Newtons per square meter,EASY,,,MEDIUM,ANSWERED,Matched from corpus-option,1,MODULE 13_Questions.pdf,"{""raw"": ""weather reports?"", ""question"": ""weather reports?"", ""options"": [""Inches of mercury (\""Hg)"", ""Bars"", ""Newtons per square meter""], ""correct"": ""Newtons per square meter"", ""answer_text"": null, ""category"": null, ""source_file"": ""MODULE 13_Questions.pdf"", ""source_module"": ""M13"", ""fmt"": ""csv"", ""module"": ""M13"", ""syllabusRef"": ""M13.1.0"", ""level"": """", ""difficulty"": ""EASY"", ""subTopic"": """", ""isEssay"": false}",False
M13,M13.1.00000,,"What is the pressure equivalent of 1,013.2 hPa?",10 psi,14.7 psi,760 mm Hg,,10 psi,EASY,,,MEDIUM,ANSWERED,Matched from corpus-option-overlap,1,MODULE 13_Questions.pdf,"{""raw"": ""What is the pressure equivalent of 1,013.2 hPa?"", ""question"": ""What is the pressure equivalent of 1,013.2 hPa?"", ""options"": [""10 psi"", ""14.7 psi"", ""760 mm Hg""], ""correct"": ""10 psi"", ""answer_text"": null, ""category"": null, ""source_file"": ""MODULE 13_Questions.pdf"", ""source_module"": ""M13"", ""fmt"": ""csv"", ""module"": ""M13"", ""syllabusRef"": ""M13.1.00000"", ""level"": """", ""difficulty"": ""EASY"", ""subTopic"": """", ""isEssay"": false}",False
M13,M13.1.00000,,Which unit of pressure is commonly used on worldwide weather maps?,Millibar (mb),kg/cm²,psi,,Millibar (mb),MEDIUM,,,HIGH,ANSWERED,Millibar (mb) is standard,1,MODULE 13_Questions.pdf,"{""raw"": ""Which unit of pressure is commonly used on worldwide weather maps?"", ""question"": ""Which unit of pressure is commonly used on worldwide weather maps?"", ""options"": [""Millibar (mb)"", ""kg/cm²"", ""psi""], ""correct"": ""Millibar (mb)"", ""answer_text"": null, ""category"": null, ""source_file"": ""MODULE 13_Questions.pdf"", ""source_module"": ""M13"", ""fmt"": ""csv"", ""module"": ""M13"", ""syllabusRef"": ""M13.1.00000"", ""level"": """", ""difficulty"": ""MEDIUM"", ""subTopic"": """", ""isEssay"": false}",False
M13,M13.1.1,,Which of the following correctly converts 1 atm to mm Hg?,760 mm Hg,1000 mm Hg,760 mm Hg,,760 mm Hg,MEDIUM,,,MEDIUM,ANSWERED,Matched from corpus,1,MODULE 13_Questions.pdf,"{""raw"": ""Which of the following correctly converts 1 atm to mm Hg?"", ""question"": ""Which of the following correctly converts 1 atm to mm Hg?"", ""options"": [""760 mm Hg"", ""1000 mm Hg"", ""760 mm Hg""], ""correct"": ""760 mm Hg"", ""answer_text"": null, ""category"": null, ""source_file"": ""MODULE 13_Questions.pdf"", ""source_module"": ""M13"", ""fmt"": ""csv"", ""module"": ""M13"", ""syllabusRef"": ""M13.1.1"", ""level"": """", ""difficulty"": ""MEDIUM"", ""subTopic"": """", ""isEssay"": false}",False
M13,M13.1.00000,,Which of these is not a standard unit used to measure atmospheric pressure?,Bar,Kilowatt (kW),Pascal,,Kilowatt (kW),MEDIUM,,,HIGH,ANSWERED,"Kilowatt is a unit of power, not pressure",1,MODULE 13_Questions.pdf,"{""raw"": ""Which of these is not a standard unit used to measure atmospheric pressure?"", ""question"": ""Which of these is not a standard unit used to measure atmospheric pressure?"", ""options"": [""Bar"", ""Kilowatt (kW)"", ""Pascal""], ""correct"": ""Kilowatt (kW)"", ""answer_text"": null, ""category"": null, ""source_file"": ""MODULE 13_Questions.pdf"", ""source_module"": ""M13"", ""fmt"": ""csv"", ""module"": ""M13"", ""syllabusRef"": ""M13.1.00000"", ""level"": """", ""difficulty"": ""MEDIUM"", ""subTopic"": """", ""isEssay"": false}",False
M13,M13.13.4(b),,In what unit is air density commonly measured?,psi,kg/m³,hPa,,kg/m³,EASY,,,HIGH,ANSWERED,Air density is measured in kg/m³,1,MODULE 13_Questions.pdf,"{""raw"": ""In what unit is air density commonly measured?"", ""question"": ""In what unit is air density commonly measured?"", ""options"": [""psi"", ""kg/m³"", ""hPa""], ""correct"": ""kg/m³"", ""answer_text"": null, ""category"": null, ""source_file"": ""MODULE 13_Questions.pdf"", ""source_module"": ""M13"", ""fmt"": ""csv"", ""module"": ""M13"", ""syllabusRef"": ""M13.13.4(b)"", ""level"": """", ""difficulty"": ""EASY"", ""subTopic"": """", ""isEssay"": false}",False
M13,M13.1.00000,,how do their weights compare?,The higher pressure air weighs less,They weigh the same,The higher pressure air weighs twice as much,,The higher pressure air weighs twice as much,EASY,,,MEDIUM,ANSWERED,Matched from corpus-option-overlap,1,MODULE 13_Questions.pdf,"{""raw"": ""how do their weights compare?"", ""question"": ""how do their weights compare?"", ""options"": [""The higher pressure air weighs less"", ""They weigh the same"", ""The higher pressure air weighs twice as much""], ""correct"": ""The higher pressure air weighs twice as much"", ""answer_text"": null, ""category"": null, ""source_file"": ""MODULE 13_Questions.pdf"", ""source_module"": ""M13"", ""fmt"": ""csv"", ""module"": ""M13"", ""syllabusRef"": ""M13.1.00000"", ""level"": """", ""difficulty"": ""EASY"", ""subTopic"": """", ""isEssay"": false}",False
M13,M13.0.3,,How does temperature affect the density of a gas?,Density increases with temperature,Density decreases with temperature,Temperature has no effect on density,,Density increases with temperature,EASY,,,MEDIUM,ANSWERED,Matched from corpus-option-overlap,1,MODULE 13_Questions.pdf,"{""raw"": ""How does temperature affect the density of a gas?"", ""question"": ""How does temperature affect the density of a gas?"", ""options"": [""Density increases with temperature"", ""Density decreases with temperature"", ""Temperature has no effect on density""], ""correct"": ""Density increases with temperature"", ""answer_text"": null, ""category"": null, ""source_file"": ""MODULE 13_Questions.pdf"", ""source_module"": ""M13"", ""fmt"": ""csv"", ""module"": ""M13"", ""syllabusRef"": ""M13.0.3"", ""level"": """", ""difficulty"": ""EASY"", ""subTopic"": """", ""isEssay"": false}",False
M13,M13.1.5,,"According to the rules of gas density, which statement is correct?",Density is unaffected by pressure or temperature,Density is directly proportional to pressure and inversely proportional to,,,Density is unaffected by pressure or temperature,MEDIUM,,,MEDIUM,ANSWERED,Matched from corpus,1,MODULE 13_Questions.pdf,"{""raw"": ""According to the rules of gas density, which statement is correct?"", ""question"": ""According to the rules of gas density, which statement is correct?"", ""options"": [""Density is unaffected by pressure or temperature"", ""Density is directly proportional to pressure and inversely proportional to""], ""correct"": ""Density is unaffected by pressure or temperature"", ""answer_text"": null, ""category"": null, ""source_file"": ""MODULE 13_Questions.pdf"", ""source_module"": ""M13"", ""fmt"": ""csv"", ""module"": ""M13"", ""syllabusRef"": ""M13.1.5"", ""level"": """", ""difficulty"": ""MEDIUM"", ""subTopic"": """", ""isEssay"": false}",False
M13,M13.0.3,,"If air is compressed to half its original volume, what happens to its density?",It doubles,It halves,It stays the same,,It doubles,MEDIUM,,,HIGH,ANSWERED,Density doubles (mass/volume),1,MODULE 13_Questions.pdf,"{""raw"": ""If air is compressed to half its original volume, what happens to its density?"", ""question"": ""If air is compressed to half its original volume, what happens to its density?"", ""options"": [""It doubles"", ""It halves"", ""It stays the same""], ""correct"": ""It doubles"", ""answer_text"": null, ""category"": null, ""source_file"": ""MODULE 13_Questions.pdf"", ""source_module"": ""M13"", ""fmt"": ""csv"", ""module"": ""M13"", ""syllabusRef"": ""M13.0.3"", ""level"": """", ""difficulty"": ""MEDIUM"", ""subTopic"": """", ""isEssay"": false}",False
M13,M13.13.4(b),,Why is air at high altitude less dense than air at low altitude?,There are fewer air particles per unit volume,It contains more moisture,It is colder,,There are fewer air particles per unit volume,MEDIUM,,,MEDIUM,ANSWERED,Matched from corpus,1,MODULE 13_Questions.pdf,"{""raw"": ""Why is air at high altitude less dense than air at low altitude?"", ""question"": ""Why is air at high altitude less dense than air at low altitude?"", ""options"": [""There are fewer air particles per unit volume"", ""It contains more moisture"", ""It is colder""], ""correct"": ""There are fewer air particles per unit volume"", ""answer_text"": null, ""category"": null, ""source_file"": ""MODULE 13_Questions.pdf"", ""source_module"": ""M13"", ""fmt"": ""csv"", ""module"": ""M13"", ""syllabusRef"": ""M13.13.4(b)"", ""level"": """", ""difficulty"": ""MEDIUM"", ""subTopic"": """", ""isEssay"": false}",False
M13,M13.13.4(b),,How does low air density affect aircraft performance?,Aircraft flies slower due to less lift,Aircraft flies faster due to less resistance,Aircraft cannot fly at all,,Aircraft cannot fly at all,MEDIUM,,,MEDIUM,ANSWERED,Matched from corpus-option-overlap,1,MODULE 13_Questions.pdf,"{""raw"": ""How does low air density affect aircraft performance?"", ""question"": ""How does low air density affect aircraft performance?"", ""options"": [""Aircraft flies slower due to less lift"", ""Aircraft flies faster due to less resistance"", ""Aircraft cannot fly at all""], ""correct"": ""Aircraft cannot fly at all"", ""answer_text"": null, ""category"": null, ""source_file"": ""MODULE 13_Questions.pdf"", ""source_module"": ""M13"", ""fmt"": ""csv"", ""module"": ""M13"", ""syllabusRef"": ""M13.13.4(b)"", ""level"": """", ""difficulty"": ""MEDIUM"", ""subTopic"": """", ""isEssay"": false}",False
M13,M13.0.3,,What is humidity?,The amount of oxygen in the air,The amount of water vapor in the air,The density of cold air,,The amount of water vapor in the air,EASY,,,MEDIUM,ANSWERED,Matched from corpus-option,1,MODULE 13_Questions.pdf,"{""raw"": ""What is humidity?"", ""question"": ""What is humidity?"", ""options"": [""The amount of oxygen in the air"", ""The amount of water vapor in the air"", ""The density of cold air""], ""correct"": ""The amount of water vapor in the air"", ""answer_text"": null, ""category"": null, ""source_file"": ""MODULE 13_Questions.pdf"", ""source_module"": ""M13"", ""fmt"": ""csv"", ""module"": ""M13"", ""syllabusRef"": ""M13.0.3"", ""level"": """", ""difficulty"": ""EASY"", ""subTopic"": """", ""isEssay"": false}",False
M13,M13.1.3,,What happens to the amount of water vapor air can hold as temperature increases?,It decreases,It stays the same,It increases,,It decreases,MEDIUM,,,MEDIUM,ANSWERED,Matched from corpus,1,MODULE 13_Questions.pdf,"{""raw"": ""What happens to the amount of water vapor air can hold as temperature increases?"", ""question"": ""What happens to the amount of water vapor air can hold as temperature increases?"", ""options"": [""It decreases"", ""It stays the same"", ""It increases""], ""correct"": ""It decreases"", ""answer_text"": null, ""category"": null, ""source_file"": ""MODULE 13_Questions.pdf"", ""source_module"": ""M13"", ""fmt"": ""csv"", ""module"": ""M13"", ""syllabusRef"": ""M13.1.3"", ""level"": """", ""difficulty"": ""MEDIUM"", ""subTopic"": """", ""isEssay"": false}",False
M13,M13.0.3,,What is absolute humidity?,The weight of water vapor in a unit volume of air,The percentage of water vapor in the air,The weight of air compared to water,,The weight of water vapor in a unit volume of air,EASY,,,MEDIUM,ANSWERED,Matched from corpus,1,MODULE 13_Questions.pdf,"{""raw"": ""What is absolute humidity?"", ""question"": ""What is absolute humidity?"", ""options"": [""The weight of water vapor in a unit volume of air"", ""The percentage of water vapor in the air"", ""The weight of air compared to water""], ""correct"": ""The weight of water vapor in a unit volume of air"", ""answer_text"": null, ""category"": null, ""source_file"": ""MODULE 13_Questions.pdf"", ""source_module"": ""M13"", ""fmt"": ""csv"", ""module"": ""M13"", ""syllabusRef"": ""M13.0.3"", ""level"": """", ""difficulty"": ""EASY"", ""subTopic"": """", ""isEssay"": false}",False
M13,M13.0.3,,What does relative humidity represent?,The temperature of the air,The percentage of moisture in the air compared to saturation point,The amount of rain expected,,The temperature of the air,EASY,,,MEDIUM,ANSWERED,Matched from corpus-option,1,MODULE 13_Questions.pdf,"{""raw"": ""What does relative humidity represent?"", ""question"": ""What does relative humidity represent?"", ""options"": [""The temperature of the air"", ""The percentage of moisture in the air compared to saturation point"", ""The amount of rain expected""], ""correct"": ""The temperature of the air"", ""answer_text"": null, ""category"": null, ""source_file"": ""MODULE 13_Questions.pdf"", ""source_module"": ""M13"", ""fmt"": ""csv"", ""module"": ""M13"", ""syllabusRef"": ""M13.0.3"", ""level"": """", ""difficulty"": ""EASY"", ""subTopic"": """", ""isEssay"": false}",False
M13,M13.13.4(b),,Why do aircraft require longer takeoff distances on humid days?,More engine power is available,Less lift is generated due to thinner air,Air is less dense and provides less lift,,More engine power is available,MEDIUM,,,MEDIUM,ANSWERED,Matched from corpus-option-overlap,1,MODULE 13_Questions.pdf,"{""raw"": ""Why do aircraft require longer takeoff distances on humid days?"", ""question"": ""Why do aircraft require longer takeoff distances on humid days?"", ""options"": [""More engine power is available"", ""Less lift is generated due to thinner air"", ""Air is less dense and provides less lift""], ""correct"": ""More engine power is available"", ""answer_text"": null, ""category"": null, ""source_file"": ""MODULE 13_Questions.pdf"", ""source_module"": ""M13"", ""fmt"": ""csv"", ""module"": ""M13"", ""syllabusRef"": ""M13.13.4(b)"", ""level"": """", ""difficulty"": ""MEDIUM"", ""subTopic"": """", ""isEssay"": false}",False
M13,M13.0.3,,Water vapor is approximately what fraction the weight of dry air?,Five-eighths,Half,One-third,,Five-eighths,MEDIUM,,,HIGH,ANSWERED,Water vapor is approximately 5/8 the weight of dry air,1,MODULE 13_Questions.pdf,"{""raw"": ""Water vapor is approximately what fraction the weight of dry air?"", ""question"": ""Water vapor is approximately what fraction the weight of dry air?"", ""options"": [""Five-eighths"", ""Half"", ""One-third""], ""correct"": ""Five-eighths"", ""answer_text"": null, ""category"": null, ""source_file"": ""MODULE 13_Questions.pdf"", ""source_module"": ""M13"", ""fmt"": ""csv"", ""module"": ""M13"", ""syllabusRef"": ""M13.0.3"", ""level"": """", ""difficulty"": ""MEDIUM"", ""subTopic"": """", ""isEssay"": false}",False
M13,,,"As altitude increases, what generally happens to temperature?",It decreases,It increases,It stays constant,,It decreases,MEDIUM,,,HIGH,ANSWERED,Temperature decreases with altitude in troposphere,1,MODULE 13_Questions.pdf,"{""raw"": ""As altitude increases, what generally happens to temperature?"", ""question"": ""As altitude increases, what generally happens to temperature?"", ""options"": [""It decreases"", ""It increases"", ""It stays constant""], ""correct"": ""It decreases"", ""answer_text"": null, ""category"": null, ""source_file"": ""MODULE 13_Questions.pdf"", ""source_module"": ""M13"", ""fmt"": ""csv"", ""module"": ""M13"", ""syllabusRef"": """", ""level"": """", ""difficulty"": ""MEDIUM"", ""subTopic"": """", ""isEssay"": false}",False
M13,M13.30.05,,What is the approximate rate of temperature decrease in the troposphere?,"1 °C per 1,000 feet","2 °C per 1,000 feet","5 °C per 1,000 feet",,"1 °C per 1,000 feet",MEDIUM,,,MEDIUM,ANSWERED,Matched from corpus-option-overlap,1,MODULE 13_Questions.pdf,"{""raw"": ""What is the approximate rate of temperature decrease in the troposphere?"", ""question"": ""What is the approximate rate of temperature decrease in the troposphere?"", ""options"": [""1 °C per 1,000 feet"", ""2 °C per 1,000 feet"", ""5 °C per 1,000 feet""], ""correct"": ""1 °C per 1,000 feet"", ""answer_text"": null, ""category"": null, ""source_file"": ""MODULE 13_Questions.pdf"", ""source_module"": ""M13"", ""fmt"": ""csv"", ""module"": ""M13"", ""syllabusRef"": ""M13.30.05"", ""level"": """", ""difficulty"": ""MEDIUM"", ""subTopic"": """", ""isEssay"": false}",False
M13,M13.0.3,,What is the upper boundary of the troposphere called?,Mesopause,Tropopause,Stratopause,,Stratopause,MEDIUM,,,MEDIUM,ANSWERED,Matched from corpus-option,1,MODULE 13_Questions.pdf,"{""raw"": ""What is the upper boundary of the troposphere called?"", ""question"": ""What is the upper boundary of the troposphere called?"", ""options"": [""Mesopause"", ""Tropopause"", ""Stratopause""], ""correct"": ""Stratopause"", ""answer_text"": null, ""category"": null, ""source_file"": ""MODULE 13_Questions.pdf"", ""source_module"": ""M13"", ""fmt"": ""csv"", ""module"": ""M13"", ""syllabusRef"": ""M13.0.3"", ""level"": """", ""difficulty"": ""MEDIUM"", ""subTopic"": """", ""isEssay"": false}",False
M13,M13.0.3,,What is the approximate temperature at the tropopause?,0 °C,-57 °C,15 °C,,0 °C,MEDIUM,,,MEDIUM,ANSWERED,Matched from corpus,1,MODULE 13_Questions.pdf,"{""raw"": ""What is the approximate temperature at the tropopause?"", ""question"": ""What is the approximate temperature at the tropopause?"", ""options"": [""0 °C"", ""-57 °C"", ""15 °C""], ""correct"": ""0 °C"", ""answer_text"": null, ""category"": null, ""source_file"": ""MODULE 13_Questions.pdf"", ""source_module"": ""M13"", ""fmt"": ""csv"", ""module"": ""M13"", ""syllabusRef"": ""M13.0.3"", ""level"": """", ""difficulty"": ""MEDIUM"", ""subTopic"": """", ""isEssay"": false}",False
M13,M13.0.3,,In which layer of the atmosphere does temperature increase with altitude?,Troposphere,Mesosphere,Stratosphere,,Troposphere,MEDIUM,,,MEDIUM,ANSWERED,Matched from corpus-option,1,MODULE 13_Questions.pdf,"{""raw"": ""In which layer of the atmosphere does temperature increase with altitude?"", ""question"": ""In which layer of the atmosphere does temperature increase with altitude?"", ""options"": [""Troposphere"", ""Mesosphere"", ""Stratosphere""], ""correct"": ""Troposphere"", ""answer_text"": null, ""category"": null, ""source_file"": ""MODULE 13_Questions.pdf"", ""source_module"": ""M13"", ""fmt"": ""csv"", ""module"": ""M13"", ""syllabusRef"": ""M13.0.3"", ""level"": """", ""difficulty"": ""MEDIUM"", ""subTopic"": """", ""isEssay"": false}",False
M13,M13.1.1,,Which of the following protects Earth from harmful ultraviolet radiation?,Ozone layer,Thermosphere,Magnetosphere,,Ozone layer,MEDIUM,,,MEDIUM,ANSWERED,Matched from corpus-option,1,MODULE 13_Questions.pdf,"{""raw"": ""Which of the following protects Earth from harmful ultraviolet radiation?"", ""question"": ""Which of the following protects Earth from harmful ultraviolet radiation?"", ""options"": [""Ozone layer"", ""Thermosphere"", ""Magnetosphere""], ""correct"": ""Ozone layer"", ""answer_text"": null, ""category"": null, ""source_file"": ""MODULE 13_Questions.pdf"", ""source_module"": ""M13"", ""fmt"": ""csv"", ""module"": ""M13"", ""syllabusRef"": ""M13.1.1"", ""level"": """", ""difficulty"": ""MEDIUM"", ""subTopic"": """", ""isEssay"": false}",False
M13,M13.0.3,,What happens to the temperature in the mesosphere?,It increases,It decreases,It remains constant,,It remains constant,MEDIUM,,,MEDIUM,ANSWERED,Matched from corpus-option-overlap,1,MODULE 13_Questions.pdf,"{""raw"": ""What happens to the temperature in the mesosphere?"", ""question"": ""What happens to the temperature in the mesosphere?"", ""options"": [""It increases"", ""It decreases"", ""It remains constant""], ""correct"": ""It remains constant"", ""answer_text"": null, ""category"": null, ""source_file"": ""MODULE 13_Questions.pdf"", ""source_module"": ""M13"", ""fmt"": ""csv"", ""module"": ""M13"", ""syllabusRef"": ""M13.0.3"", ""level"": """", ""difficulty"": ""MEDIUM"", ""subTopic"": """", ""isEssay"": false}",False
M13,M13.30.05,,Why was the International Standard Atmosphere (ISA) developed?,To record weather forecasts,To standardize theoretical calculations and performance comparisons,To measure wind speeds at high altitudes,,To standardize theoretical calculations and performance comparisons,MEDIUM,,,MEDIUM,ANSWERED,Matched from corpus-option-overlap,1,MODULE 13_Questions.pdf,"{""raw"": ""Why was the International Standard Atmosphere (ISA) developed?"", ""question"": ""Why was the International Standard Atmosphere (ISA) developed?"", ""options"": [""To record weather forecasts"", ""To standardize theoretical calculations and performance comparisons"", ""To measure wind speeds at high altitudes""], ""correct"": ""To standardize theoretical calculations and performance comparisons"", ""answer_text"": null, ""category"": null, ""source_file"": ""MODULE 13_Questions.pdf"", ""source_module"": ""M13"", ""fmt"": ""csv"", ""module"": ""M13"", ""syllabusRef"": ""M13.30.05"", ""level"": """", ""difficulty"": ""MEDIUM"", ""subTopic"": """", ""isEssay"": false}",False
M13,M13.1.5,,Which organizations contribute to the establishment of ISA?,ICAO and ISO,WHO and NASA,EASA and IATA,,ICAO and ISO,MEDIUM,,,MEDIUM,ANSWERED,Matched from corpus-option-overlap,1,MODULE 13_Questions.pdf,"{""raw"": ""Which organizations contribute to the establishment of ISA?"", ""question"": ""Which organizations contribute to the establishment of ISA?"", ""options"": [""ICAO and ISO"", ""WHO and NASA"", ""EASA and IATA""], ""correct"": ""ICAO and ISO"", ""answer_text"": null, ""category"": null, ""source_file"": ""MODULE 13_Questions.pdf"", ""source_module"": ""M13"", ""fmt"": ""csv"", ""module"": ""M13"", ""syllabusRef"": ""M13.1.5"", ""level"": """", ""difficulty"": ""MEDIUM"", ""subTopic"": """", ""isEssay"": false}",False
M13,M13.30.05,,How much does the temperature drop for every 154 meters of ascent in the ISA?,1°C,2°C,0.5°C,,1°C,MEDIUM,,,HIGH,ANSWERED,Temperature decreases with altitude in troposphere,1,MODULE 13_Questions.pdf,"{""raw"": ""How much does the temperature drop for every 154 meters of ascent in the ISA?"", ""question"": ""How much does the temperature drop for every 154 meters of ascent in the ISA?"", ""options"": [""1°C"", ""2°C"", ""0.5°C""], ""correct"": ""1°C"", ""answer_text"": null, ""category"": null, ""source_file"": ""MODULE 13_Questions.pdf"", ""source_module"": ""M13"", ""fmt"": ""csv"", ""module"": ""M13"", ""syllabusRef"": ""M13.30.05"", ""level"": """", ""difficulty"": ""MEDIUM"", ""subTopic"": """", ""isEssay"": false}",False
M13,M13.1.00000,,What is the rate of pressure decrease with every 8 meters of ascent in the ISA?,1 hPa,0.5 hPa,2 hPa,,1 hPa,MEDIUM,,,MEDIUM,ANSWERED,Matched from corpus-option-overlap,1,MODULE 13_Questions.pdf,"{""raw"": ""What is the rate of pressure decrease with every 8 meters of ascent in the ISA?"", ""question"": ""What is the rate of pressure decrease with every 8 meters of ascent in the ISA?"", ""options"": [""1 hPa"", ""0.5 hPa"", ""2 hPa""], ""correct"": ""1 hPa"", ""answer_text"": null, ""category"": null, ""source_file"": ""MODULE 13_Questions.pdf"", ""source_module"": ""M13"", ""fmt"": ""csv"", ""module"": ""M13"", ""syllabusRef"": ""M13.1.00000"", ""level"": """", ""difficulty"": ""MEDIUM"", ""subTopic"": """", ""isEssay"": false}",False
M13,M13.1.00000,,What are isobars on a weather map?,Lines representing pressure at different altitudes,Lines representing equal pressure,Lines showing temperature variation,,Lines representing pressure at different altitudes,EASY,,,MEDIUM,ANSWERED,Matched from corpus-option-overlap,1,MODULE 13_Questions.pdf,"{""raw"": ""What are isobars on a weather map?"", ""question"": ""What are isobars on a weather map?"", ""options"": [""Lines representing pressure at different altitudes"", ""Lines representing equal pressure"", ""Lines showing temperature variation""], ""correct"": ""Lines representing pressure at different altitudes"", ""answer_text"": null, ""category"": null, ""source_file"": ""MODULE 13_Questions.pdf"", ""source_module"": ""M13"", ""fmt"": ""csv"", ""module"": ""M13"", ""syllabusRef"": ""M13.1.00000"", ""level"": """", ""difficulty"": ""EASY"", ""subTopic"": """", ""isEssay"": false}",False
M13,M13.1.00000,,"In a warm day, how does an airplane behave in terms of density altitude?",It behaves as if it is at a higher altitude than true altitude,It behaves as if it is at a lower altitude than true altitude,It behaves exactly at true altitude,,It behaves as if it is at a higher altitude than true altitude,MEDIUM,,,MEDIUM,ANSWERED,Matched from corpus-option-overlap,1,MODULE 13_Questions.pdf,"{""raw"": ""In a warm day, how does an airplane behave in terms of density altitude?"", ""question"": ""In a warm day, how does an airplane behave in terms of density altitude?"", ""options"": [""It behaves as if it is at a higher altitude than true altitude"", ""It behaves as if it is at a lower altitude than true altitude"", ""It behaves exactly at true altitude""], ""correct"": ""It behaves as if it is at a higher altitude than true altitude"", ""answer_text"": null, ""category"": null, ""source_file"": ""MODULE 13_Questions.pdf"", ""source_module"": ""M13"", ""fmt"": ""csv"", ""module"": ""M13"", ""syllabusRef"": ""M13.1.00000"", ""level"": """", ""difficulty"": ""MEDIUM"", ""subTopic"": """", ""isEssay"": false}",False
M13,,,A synchro typically has how many stator coils?,1,2,3,,3,EASY,,,HIGH,ANSWERED,A synchro typically has 3 stator coils,1,MODULE 13_Questions.pdf,"{""raw"": ""A synchro typically has how many stator coils?"", ""question"": ""A synchro typically has how many stator coils?"", ""options"": [""1"", ""2"", ""3""], ""correct"": ""3"", ""answer_text"": null, ""category"": null, ""source_file"": ""MODULE 13_Questions.pdf"", ""source_module"": ""M13"", ""fmt"": ""csv"", ""module"": ""M13"", ""syllabusRef"": """", ""level"": """", ""difficulty"": ""EASY"", ""subTopic"": """", ""isEssay"": false}",False
M13,M13.0.3,,What type of voltage is typically used to excite the rotor of a synchro?,26V AC or 115V AC,12V DC,220V AC,,26V AC or 115V AC,MEDIUM,,,MEDIUM,ANSWERED,Matched from corpus-option,1,MODULE 13_Questions.pdf,"{""raw"": ""What type of voltage is typically used to excite the rotor of a synchro?"", ""question"": ""What type of voltage is typically used to excite the rotor of a synchro?"", ""options"": [""26V AC or 115V AC"", ""12V DC"", ""220V AC""], ""correct"": ""26V AC or 115V AC"", ""answer_text"": null, ""category"": null, ""source_file"": ""MODULE 13_Questions.pdf"", ""source_module"": ""M13"", ""fmt"": ""csv"", ""module"": ""M13"", ""syllabusRef"": ""M13.0.3"", ""level"": """", ""difficulty"": ""MEDIUM"", ""subTopic"": """", ""isEssay"": false}",False
M13,M13.0.3,,What does the magnetic field in the rotor of a synchro induce?,A magnetic field in the stator,A voltage in the stator coils,A torque on the stator,,A magnetic field in the stator,MEDIUM,,,MEDIUM,ANSWERED,Matched from corpus,1,MODULE 13_Questions.pdf,"{""raw"": ""What does the magnetic field in the rotor of a synchro induce?"", ""question"": ""What does the magnetic field in the rotor of a synchro induce?"", ""options"": [""A magnetic field in the stator"", ""A voltage in the stator coils"", ""A torque on the stator""], ""correct"": ""A magnetic field in the stator"", ""answer_text"": null, ""category"": null, ""source_file"": ""MODULE 13_Questions.pdf"", ""source_module"": ""M13"", ""fmt"": ""csv"", ""module"": ""M13"", ""syllabusRef"": ""M13.0.3"", ""level"": """", ""difficulty"": ""MEDIUM"", ""subTopic"": """", ""isEssay"": false}",False
M13,M13.13.7(c),,"In a synchro-servo system, what does the rotor of the synchro receiver provide?",A signal to the servo amplifier,Torque for the motor,Voltage to the stator,,A signal to the servo amplifier,MEDIUM,,,MEDIUM,ANSWERED,Matched from corpus-option-overlap,1,MODULE 13_Questions.pdf,"{""raw"": ""In a synchro-servo system, what does the rotor of the synchro receiver provide?"", ""question"": ""In a synchro-servo system, what does the rotor of the synchro receiver provide?"", ""options"": [""A signal to the servo amplifier"", ""Torque for the motor"", ""Voltage to the stator""], ""correct"": ""A signal to the servo amplifier"", ""answer_text"": null, ""category"": null, ""source_file"": ""MODULE 13_Questions.pdf"", ""source_module"": ""M13"", ""fmt"": ""csv"", ""module"": ""M13"", ""syllabusRef"": ""M13.13.7(c)"", ""level"": """", ""difficulty"": ""MEDIUM"", ""subTopic"": """", ""isEssay"": false}",False
M13,M13.13.7(c),,zero in a synchro-servo system?,The servo amplifier stops the motor,The servo amplifier drives the motor,The rotor is disconnected from the system,,The servo amplifier drives the motor,EASY,,,MEDIUM,ANSWERED,Matched from corpus-option,1,MODULE 13_Questions.pdf,"{""raw"": ""zero in a synchro-servo system?"", ""question"": ""zero in a synchro-servo system?"", ""options"": [""The servo amplifier stops the motor"", ""The servo amplifier drives the motor"", ""The rotor is disconnected from the system""], ""correct"": ""The servo amplifier drives the motor"", ""answer_text"": null, ""category"": null, ""source_file"": ""MODULE 13_Questions.pdf"", ""source_module"": ""M13"", ""fmt"": ""csv"", ""module"": ""M13"", ""syllabusRef"": ""M13.13.7(c)"", ""level"": """", ""difficulty"": ""EASY"", ""subTopic"": """", ""isEssay"": false}",False
M13,M13.12.000,,When is the output signal of the rotor of a synchro receiver zero?,When the rotor and stator are aligned at 0 degrees,When the rotor and stator are at a 90-degree angle,When the rotor and stator are at a 90-degree angle,,When the rotor and stator are aligned at 0 degrees,MEDIUM,,,MEDIUM,ANSWERED,Matched from corpus,1,MODULE 13_Questions.pdf,"{""raw"": ""When is the output signal of the rotor of a synchro receiver zero?"", ""question"": ""When is the output signal of the rotor of a synchro receiver zero?"", ""options"": [""When the rotor and stator are aligned at 0 degrees"", ""When the rotor and stator are at a 90-degree angle"", ""When the rotor and stator are at a 90-degree angle""], ""correct"": ""When the rotor and stator are aligned at 0 degrees"", ""answer_text"": null, ""category"": null, ""source_file"": ""MODULE 13_Questions.pdf"", ""source_module"": ""M13"", ""fmt"": ""csv"", ""module"": ""M13"", ""syllabusRef"": ""M13.12.000"", ""level"": """", ""difficulty"": ""MEDIUM"", ""subTopic"": """", ""isEssay"": false}",False
M13,M13.12.000,,failure) be detected?,By checking the servo amplifier signal,By using synchro receivers with two rotor windings,By monitoring the output of the motor,,By checking the servo amplifier signal,EASY,,,MEDIUM,ANSWERED,Matched from corpus-option-overlap,1,MODULE 13_Questions.pdf,"{""raw"": ""failure) be detected?"", ""question"": ""failure) be detected?"", ""options"": [""By checking the servo amplifier signal"", ""By using synchro receivers with two rotor windings"", ""By monitoring the output of the motor""], ""correct"": ""By checking the servo amplifier signal"", ""answer_text"": null, ""category"": null, ""source_file"": ""MODULE 13_Questions.pdf"", ""source_module"": ""M13"", ""fmt"": ""csv"", ""module"": ""M13"", ""syllabusRef"": ""M13.12.000"", ""level"": """", ""difficulty"": ""EASY"", ""subTopic"": """", ""isEssay"": false}",False
M13,M13.13.7(c),,What does the continuity detector in a synchro system monitor?,The voltage in the motor,The two output signals of the rotor coils,The voltage in the servo amplifier,,The two output signals of the rotor coils,MEDIUM,,,MEDIUM,ANSWERED,Matched from corpus,1,MODULE 13_Questions.pdf,"{""raw"": ""What does the continuity detector in a synchro system monitor?"", ""question"": ""What does the continuity detector in a synchro system monitor?"", ""options"": [""The voltage in the motor"", ""The two output signals of the rotor coils"", ""The voltage in the servo amplifier""], ""correct"": ""The two output signals of the rotor coils"", ""answer_text"": null, ""category"": null, ""source_file"": ""MODULE 13_Questions.pdf"", ""source_module"": ""M13"", ""fmt"": ""csv"", ""module"": ""M13"", ""syllabusRef"": ""M13.13.7(c)"", ""level"": """", ""difficulty"": ""MEDIUM"", ""subTopic"": """", ""isEssay"": false}",False
M13,M13.30.05,,What is the resolver used for in a servo system?,High-precision measurement of angular positions,Power distribution in the servo amplifier,Torque generation in the motor,,Power distribution in the servo amplifier,EASY,,,MEDIUM,ANSWERED,Matched from corpus-option-overlap,1,MODULE 13_Questions.pdf,"{""raw"": ""What is the resolver used for in a servo system?"", ""question"": ""What is the resolver used for in a servo system?"", ""options"": [""High-precision measurement of angular positions"", ""Power distribution in the servo amplifier"", ""Torque generation in the motor""], ""correct"": ""Power distribution in the servo amplifier"", ""answer_text"": null, ""category"": null, ""source_file"": ""MODULE 13_Questions.pdf"", ""source_module"": ""M13"", ""fmt"": ""csv"", ""module"": ""M13"", ""syllabusRef"": ""M13.30.05"", ""level"": """", ""difficulty"": ""EASY"", ""subTopic"": """", ""isEssay"": false}",False
M13,,,How many stator coils does a resolver have?,Two stator coils,One stator coil,Three stator coils,,Two stator coils,EASY,,,MEDIUM,ANSWERED,Matched from corpus,1,MODULE 13_Questions.pdf,"{""raw"": ""How many stator coils does a resolver have?"", ""question"": ""How many stator coils does a resolver have?"", ""options"": [""Two stator coils"", ""One stator coil"", ""Three stator coils""], ""correct"": ""Two stator coils"", ""answer_text"": null, ""category"": null, ""source_file"": ""MODULE 13_Questions.pdf"", ""source_module"": ""M13"", ""fmt"": ""csv"", ""module"": ""M13"", ""syllabusRef"": """", ""level"": """", ""difficulty"": ""EASY"", ""subTopic"": """", ""isEssay"": false}",False
M13,M13.13.4(b),,How are the stator coils and rotor coils arranged in a resolver?,The stator coils are parallel to the rotor coils,The stator coils and rotor coils are at 90 degrees to each other,The stator coils are 180 degrees apart,,The stator coils are parallel to the rotor coils,MEDIUM,,,MEDIUM,ANSWERED,Matched from corpus,1,MODULE 13_Questions.pdf,"{""raw"": ""How are the stator coils and rotor coils arranged in a resolver?"", ""question"": ""How are the stator coils and rotor coils arranged in a resolver?"", ""options"": [""The stator coils are parallel to the rotor coils"", ""The stator coils and rotor coils are at 90 degrees to each other"", ""The stator coils are 180 degrees apart""], ""correct"": ""The stator coils are parallel to the rotor coils"", ""answer_text"": null, ""category"": null, ""source_file"": ""MODULE 13_Questions.pdf"", ""source_module"": ""M13"", ""fmt"": ""csv"", ""module"": ""M13"", ""syllabusRef"": ""M13.13.4(b)"", ""level"": """", ""difficulty"": ""MEDIUM"", ""subTopic"": """", ""isEssay"": false}",False
M13,M13.1.5,,What type of signals does a resolver produce from the stator coils?,Sine and Cosine signals,Direct voltage output,Pulse-width modulation signals,,Sine and Cosine signals,MEDIUM,,,MEDIUM,ANSWERED,Matched from corpus,1,MODULE 13_Questions.pdf,"{""raw"": ""What type of signals does a resolver produce from the stator coils?"", ""question"": ""What type of signals does a resolver produce from the stator coils?"", ""options"": [""Sine and Cosine signals"", ""Direct voltage output"", ""Pulse-width modulation signals""], ""correct"": ""Sine and Cosine signals"", ""answer_text"": null, ""category"": null, ""source_file"": ""MODULE 13_Questions.pdf"", ""source_module"": ""M13"", ""fmt"": ""csv"", ""module"": ""M13"", ""syllabusRef"": ""M13.1.5"", ""level"": """", ""difficulty"": ""MEDIUM"", ""subTopic"": """", ""isEssay"": false}",False
M13,M13.1.5,,"In a resolver, the sine and cosine signals depend on what?",The voltage supplied to the resolver,The existing angle of the rotor,The frequency of the excitation voltage,,The voltage supplied to the resolver,MEDIUM,,,MEDIUM,ANSWERED,Matched from corpus-option-overlap,1,MODULE 13_Questions.pdf,"{""raw"": ""In a resolver, the sine and cosine signals depend on what?"", ""question"": ""In a resolver, the sine and cosine signals depend on what?"", ""options"": [""The voltage supplied to the resolver"", ""The existing angle of the rotor"", ""The frequency of the excitation voltage""], ""correct"": ""The voltage supplied to the resolver"", ""answer_text"": null, ""category"": null, ""source_file"": ""MODULE 13_Questions.pdf"", ""source_module"": ""M13"", ""fmt"": ""csv"", ""module"": ""M13"", ""syllabusRef"": ""M13.1.5"", ""level"": """", ""difficulty"": ""MEDIUM"", ""subTopic"": """", ""isEssay"": false}",False
M13,M13.13.7(c),,servo amplifier to adjust the system?,Synchro receiver rotor,Servo motor,Resolver,,Servo motor,EASY,,,MEDIUM,ANSWERED,Matched from corpus,1,MODULE 13_Questions.pdf,"{""raw"": ""servo amplifier to adjust the system?"", ""question"": ""servo amplifier to adjust the system?"", ""options"": [""Synchro receiver rotor"", ""Servo motor"", ""Resolver""], ""correct"": ""Servo motor"", ""answer_text"": null, ""category"": null, ""source_file"": ""MODULE 13_Questions.pdf"", ""source_module"": ""M13"", ""fmt"": ""csv"", ""module"": ""M13"", ""syllabusRef"": ""M13.13.7(c)"", ""level"": """", ""difficulty"": ""EASY"", ""subTopic"": """", ""isEssay"": false}",False
M13,M13.13.7(a),,What is the primary component of an LVDT that changes the output?,A linear moveable iron core,The primary coil,The secondary winding,,The primary coil,MEDIUM,,,MEDIUM,ANSWERED,Matched from corpus,1,MODULE 13_Questions.pdf,"{""raw"": ""What is the primary component of an LVDT that changes the output?"", ""question"": ""What is the primary component of an LVDT that changes the output?"", ""options"": [""A linear moveable iron core"", ""The primary coil"", ""The secondary winding""], ""correct"": ""The primary coil"", ""answer_text"": null, ""category"": null, ""source_file"": ""MODULE 13_Questions.pdf"", ""source_module"": ""M13"", ""fmt"": ""csv"", ""module"": ""M13"", ""syllabusRef"": ""M13.13.7(a)"", ""level"": """", ""difficulty"": ""MEDIUM"", ""subTopic"": """", ""isEssay"": false}",False
M13,M13.13.7(a),,How does the position of the iron core affect the LVDT's output?,It changes the temperature of the transformer,It changes the magnetic coupling between the primary and secondary coils,It changes the frequency of the signal,,It changes the temperature of the transformer,MEDIUM,,,MEDIUM,ANSWERED,Matched from corpus,1,MODULE 13_Questions.pdf,"{""raw"": ""How does the position of the iron core affect the LVDT's output?"", ""question"": ""How does the position of the iron core affect the LVDT's output?"", ""options"": [""It changes the temperature of the transformer"", ""It changes the magnetic coupling between the primary and secondary coils"", ""It changes the frequency of the signal""], ""correct"": ""It changes the temperature of the transformer"", ""answer_text"": null, ""category"": null, ""source_file"": ""MODULE 13_Questions.pdf"", ""source_module"": ""M13"", ""fmt"": ""csv"", ""module"": ""M13"", ""syllabusRef"": ""M13.13.7(a)"", ""level"": """", ""difficulty"": ""MEDIUM"", ""subTopic"": """", ""isEssay"": false}",False
M13,M13.13.7(a),,voltage in the secondary coils?,"One secondary coil receives more magnetic flux, inducing higher voltage",The voltage in both coils increases equally,"One secondary coil receives less magnetic flux, inducing higher voltage",,"One secondary coil receives more magnetic flux, inducing higher voltage",EASY,,,MEDIUM,ANSWERED,Matched from corpus,1,MODULE 13_Questions.pdf,"{""raw"": ""voltage in the secondary coils?"", ""question"": ""voltage in the secondary coils?"", ""options"": [""One secondary coil receives more magnetic flux, inducing higher voltage"", ""The voltage in both coils increases equally"", ""One secondary coil receives less magnetic flux, inducing higher voltage""], ""correct"": ""One secondary coil receives more magnetic flux, inducing higher voltage"", ""answer_text"": null, ""category"": null, ""source_file"": ""MODULE 13_Questions.pdf"", ""source_module"": ""M13"", ""fmt"": ""csv"", ""module"": ""M13"", ""syllabusRef"": ""M13.13.7(a)"", ""level"": """", ""difficulty"": ""EASY"", ""subTopic"": """", ""isEssay"": false}",False
M13,M13.13.7(a),,How are the secondary coils in an LVDT connected?,In serial,In parallel,In a series-parallel combination,,In serial,EASY,,,MEDIUM,ANSWERED,Matched from corpus,1,MODULE 13_Questions.pdf,"{""raw"": ""How are the secondary coils in an LVDT connected?"", ""question"": ""How are the secondary coils in an LVDT connected?"", ""options"": [""In serial"", ""In parallel"", ""In a series-parallel combination""], ""correct"": ""In serial"", ""answer_text"": null, ""category"": null, ""source_file"": ""MODULE 13_Questions.pdf"", ""source_module"": ""M13"", ""fmt"": ""csv"", ""module"": ""M13"", ""syllabusRef"": ""M13.13.7(a)"", ""level"": """", ""difficulty"": ""EASY"", ""subTopic"": """", ""isEssay"": false}",False
M13,M13.13.7(a),,proportional to what?,The mechanical position of the core,The frequency of the primary coil,The temperature of the transformer,,The mechanical position of the core,EASY,,,MEDIUM,ANSWERED,Matched from corpus-option-overlap,1,MODULE 13_Questions.pdf,"{""raw"": ""proportional to what?"", ""question"": ""proportional to what?"", ""options"": [""The mechanical position of the core"", ""The frequency of the primary coil"", ""The temperature of the transformer""], ""correct"": ""The mechanical position of the core"", ""answer_text"": null, ""category"": null, ""source_file"": ""MODULE 13_Questions.pdf"", ""source_module"": ""M13"", ""fmt"": ""csv"", ""module"": ""M13"", ""syllabusRef"": ""M13.13.7(a)"", ""level"": """", ""difficulty"": ""EASY"", ""subTopic"": """", ""isEssay"": false}",False
M13,M13.13.7(a),,What does the schematic diagram of an LVDT show?,The electrical components in a servo system,"The primary and secondary windings, and the moveable core",The positioning of the mechanical parts,,The electrical components in a servo system,EASY,,,MEDIUM,ANSWERED,Matched from corpus-option-overlap,1,MODULE 13_Questions.pdf,"{""raw"": ""What does the schematic diagram of an LVDT show?"", ""question"": ""What does the schematic diagram of an LVDT show?"", ""options"": [""The electrical components in a servo system"", ""The primary and secondary windings, and the moveable core"", ""The positioning of the mechanical parts""], ""correct"": ""The electrical components in a servo system"", ""answer_text"": null, ""category"": null, ""source_file"": ""MODULE 13_Questions.pdf"", ""source_module"": ""M13"", ""fmt"": ""csv"", ""module"": ""M13"", ""syllabusRef"": ""M13.13.7(a)"", ""level"": """", ""difficulty"": ""EASY"", ""subTopic"": """", ""isEssay"": false}",False
M13,M13.13.1(b),,What does a Rotary Variable Differential Transformer (RVDT) convert?,Angular position information into electrical signals,Mechanical energy into electrical energy,Voltage variations into mechanical position,,Angular position information into electrical signals,MEDIUM,,,MEDIUM,ANSWERED,Matched from corpus-option-overlap,1,MODULE 13_Questions.pdf,"{""raw"": ""What does a Rotary Variable Differential Transformer (RVDT) convert?"", ""question"": ""What does a Rotary Variable Differential Transformer (RVDT) convert?"", ""options"": [""Angular position information into electrical signals"", ""Mechanical energy into electrical energy"", ""Voltage variations into mechanical position""], ""correct"": ""Angular position information into electrical signals"", ""answer_text"": null, ""category"": null, ""source_file"": ""MODULE 13_Questions.pdf"", ""source_module"": ""M13"", ""fmt"": ""csv"", ""module"": ""M13"", ""syllabusRef"": ""M13.13.1(b)"", ""level"": """", ""difficulty"": ""MEDIUM"", ""subTopic"": """", ""isEssay"": false}",False
M13,M13.13.7(a),,Which of the following is NOT a component of an RVDT?,A linear moveable iron core,A primary stator coil,Two secondary stator coils,,A primary stator coil,MEDIUM,,,MEDIUM,ANSWERED,Matched from corpus-option,1,MODULE 13_Questions.pdf,"{""raw"": ""Which of the following is NOT a component of an RVDT?"", ""question"": ""Which of the following is NOT a component of an RVDT?"", ""options"": [""A linear moveable iron core"", ""A primary stator coil"", ""Two secondary stator coils""], ""correct"": ""A primary stator coil"", ""answer_text"": null, ""category"": null, ""source_file"": ""MODULE 13_Questions.pdf"", ""source_module"": ""M13"", ""fmt"": ""csv"", ""module"": ""M13"", ""syllabusRef"": ""M13.13.7(a)"", ""level"": """", ""difficulty"": ""MEDIUM"", ""subTopic"": """", ""isEssay"": false}",False
M13,M13.13.7(a),,What happens to the secondary coils in an RVDT when the input rotates the core?,Both secondary coils receive equal magnetic flux,"One secondary coil receives more magnetic flux, inducing higher voltage",The primary coil receives a higher voltage than the secondary coils,,"One secondary coil receives more magnetic flux, inducing higher voltage",MEDIUM,,,MEDIUM,ANSWERED,Matched from corpus-option-overlap,1,MODULE 13_Questions.pdf,"{""raw"": ""What happens to the secondary coils in an RVDT when the input rotates the core?"", ""question"": ""What happens to the secondary coils in an RVDT when the input rotates the core?"", ""options"": [""Both secondary coils receive equal magnetic flux"", ""One secondary coil receives more magnetic flux, inducing higher voltage"", ""The primary coil receives a higher voltage than the secondary coils""], ""correct"": ""One secondary coil receives more magnetic flux, inducing higher voltage"", ""answer_text"": null, ""category"": null, ""source_file"": ""MODULE 13_Questions.pdf"", ""source_module"": ""M13"", ""fmt"": ""csv"", ""module"": ""M13"", ""syllabusRef"": ""M13.13.7(a)"", ""level"": """", ""difficulty"": ""MEDIUM"", ""subTopic"": """", ""isEssay"": false}",False
M13,M13.12.000,,What is the output signal of an RVDT?,An AC ratio signal,A DC signal,A pulse signal,,An AC ratio signal,EASY,,,MEDIUM,ANSWERED,Matched from corpus,1,MODULE 13_Questions.pdf,"{""raw"": ""What is the output signal of an RVDT?"", ""question"": ""What is the output signal of an RVDT?"", ""options"": [""An AC ratio signal"", ""A DC signal"", ""A pulse signal""], ""correct"": ""An AC ratio signal"", ""answer_text"": null, ""category"": null, ""source_file"": ""MODULE 13_Questions.pdf"", ""source_module"": ""M13"", ""fmt"": ""csv"", ""module"": ""M13"", ""syllabusRef"": ""M13.12.000"", ""level"": """", ""difficulty"": ""EASY"", ""subTopic"": """", ""isEssay"": false}",False
M13,M13.13.7(a),,"In an RVDT, how are the output voltages between the secondary coils related?",They are always in phase with each other,They are of opposite phase depending on the rotation direction,They are always in phase and provide a combined output,,They are of opposite phase depending on the rotation direction,MEDIUM,,,HIGH,ANSWERED,Outputs are opposite phase depending on rotation direction,1,MODULE 13_Questions.pdf,"{""raw"": ""In an RVDT, how are the output voltages between the secondary coils related?"", ""question"": ""In an RVDT, how are the output voltages between the secondary coils related?"", ""options"": [""They are always in phase with each other"", ""They are of opposite phase depending on the rotation direction"", ""They are always in phase and provide a combined output""], ""correct"": ""They are of opposite phase depending on the rotation direction"", ""answer_text"": null, ""category"": null, ""source_file"": ""MODULE 13_Questions.pdf"", ""source_module"": ""M13"", ""fmt"": ""csv"", ""module"": ""M13"", ""syllabusRef"": ""M13.13.7(a)"", ""level"": """", ""difficulty"": ""MEDIUM"", ""subTopic"": """", ""isEssay"": false}",False
M13,M13.0.3,,What does the output of an RVDT represent?,The magnetic field strength in the core,The rotated angle of the RVDT,The distance between the coils,,The rotated angle of the RVDT,EASY,,,MEDIUM,ANSWERED,Matched from corpus-option,1,MODULE 13_Questions.pdf,"{""raw"": ""What does the output of an RVDT represent?"", ""question"": ""What does the output of an RVDT represent?"", ""options"": [""The magnetic field strength in the core"", ""The rotated angle of the RVDT"", ""The distance between the coils""], ""correct"": ""The rotated angle of the RVDT"", ""answer_text"": null, ""category"": null, ""source_file"": ""MODULE 13_Questions.pdf"", ""source_module"": ""M13"", ""fmt"": ""csv"", ""module"": ""M13"", ""syllabusRef"": ""M13.0.3"", ""level"": """", ""difficulty"": ""EASY"", ""subTopic"": """", ""isEssay"": false}",False
M13,M13.1.00000,,when air pressure increases?,It increases,It decreases,It remains the same,,It decreases,EASY,,,HIGH,ANSWERED,Verified from Britannica and SUNTECH corpus page 609; aneroid capsule contracts when air pressure increases,1,MODULE 13_Questions.pdf,"{""raw"": ""when air pressure increases?"", ""question"": ""when air pressure increases?"", ""options"": [""It increases"", ""It decreases"", ""It remains the same""], ""correct"": ""It decreases"", ""answer_text"": null, ""category"": null, ""source_file"": ""MODULE 13_Questions.pdf"", ""source_module"": ""M13"", ""fmt"": ""csv"", ""module"": ""M13"", ""syllabusRef"": ""M13.1.00000"", ""level"": """", ""difficulty"": ""EASY"", ""subTopic"": """", ""isEssay"": false}",False
M13,M13.30.05,,What type of pressure is measured in a gauge pressure instrument?,Pressure relative to the existing atmospheric pressure,Pressure measured from a perfect vacuum,Differential pressure between two points,,Differential pressure between two points,MEDIUM,,,MEDIUM,ANSWERED,Matched from corpus-option-overlap,1,MODULE 13_Questions.pdf,"{""raw"": ""What type of pressure is measured in a gauge pressure instrument?"", ""question"": ""What type of pressure is measured in a gauge pressure instrument?"", ""options"": [""Pressure relative to the existing atmospheric pressure"", ""Pressure measured from a perfect vacuum"", ""Differential pressure between two points""], ""correct"": ""Differential pressure between two points"", ""answer_text"": null, ""category"": null, ""source_file"": ""MODULE 13_Questions.pdf"", ""source_module"": ""M13"", ""fmt"": ""csv"", ""module"": ""M13"", ""syllabusRef"": ""M13.30.05"", ""level"": """", ""difficulty"": ""MEDIUM"", ""subTopic"": """", ""isEssay"": false}",False
M13,M13.30.05,,pressure instrument?,The capsule expands,The capsule contracts,The capsule vibrates,,The capsule expands,EASY,,,MEDIUM,ANSWERED,Matched from corpus-option,1,MODULE 13_Questions.pdf,"{""raw"": ""pressure instrument?"", ""question"": ""pressure instrument?"", ""options"": [""The capsule expands"", ""The capsule contracts"", ""The capsule vibrates""], ""correct"": ""The capsule expands"", ""answer_text"": null, ""category"": null, ""source_file"": ""MODULE 13_Questions.pdf"", ""source_module"": ""M13"", ""fmt"": ""csv"", ""module"": ""M13"", ""syllabusRef"": ""M13.30.05"", ""level"": """", ""difficulty"": ""EASY"", ""subTopic"": """", ""isEssay"": false}",False
M13,M13.13.7(c),,"In a typical barometric scale adjustment, what is used to calibrate the altimeter?",The position of the rock shaft,A barometric scale adjustment knob,A digital display system,,A barometric scale adjustment knob,MEDIUM,,,MEDIUM,ANSWERED,Matched from corpus,1,MODULE 13_Questions.pdf,"{""raw"": ""In a typical barometric scale adjustment, what is used to calibrate the altimeter?"", ""question"": ""In a typical barometric scale adjustment, what is used to calibrate the altimeter?"", ""options"": [""The position of the rock shaft"", ""A barometric scale adjustment knob"", ""A digital display system""], ""correct"": ""A barometric scale adjustment knob"", ""answer_text"": null, ""category"": null, ""source_file"": ""MODULE 13_Questions.pdf"", ""source_module"": ""M13"", ""fmt"": ""csv"", ""module"": ""M13"", ""syllabusRef"": ""M13.13.7(c)"", ""level"": """", ""difficulty"": ""MEDIUM"", ""subTopic"": """", ""isEssay"": false}",False
M13,M13.1.00000,,What is the primary function of a Bourdon tube?,To measure gauge or relative pressure,To measure temperature,To regulate airspeed,,To measure gauge or relative pressure,EASY,,,MEDIUM,ANSWERED,Matched from corpus-option-overlap,1,MODULE 13_Questions.pdf,"{""raw"": ""What is the primary function of a Bourdon tube?"", ""question"": ""What is the primary function of a Bourdon tube?"", ""options"": [""To measure gauge or relative pressure"", ""To measure temperature"", ""To regulate airspeed""], ""correct"": ""To measure gauge or relative pressure"", ""answer_text"": null, ""category"": null, ""source_file"": ""MODULE 13_Questions.pdf"", ""source_module"": ""M13"", ""fmt"": ""csv"", ""module"": ""M13"", ""syllabusRef"": ""M13.1.00000"", ""level"": """", ""difficulty"": ""EASY"", ""subTopic"": """", ""isEssay"": false}",False
M13,M13.1.00000,,What happens to the Bourdon tube when the pressure inside it increases?,It becomes more flattened,It tries to change its cross-sectional shape from flat to round,It remains unchanged,,It tries to change its cross-sectional shape from flat to round,MEDIUM,,,MEDIUM,ANSWERED,Matched from corpus-option-overlap,1,MODULE 13_Questions.pdf,"{""raw"": ""What happens to the Bourdon tube when the pressure inside it increases?"", ""question"": ""What happens to the Bourdon tube when the pressure inside it increases?"", ""options"": [""It becomes more flattened"", ""It tries to change its cross-sectional shape from flat to round"", ""It remains unchanged""], ""correct"": ""It tries to change its cross-sectional shape from flat to round"", ""answer_text"": null, ""category"": null, ""source_file"": ""MODULE 13_Questions.pdf"", ""source_module"": ""M13"", ""fmt"": ""csv"", ""module"": ""M13"", ""syllabusRef"": ""M13.1.00000"", ""level"": """", ""difficulty"": ""MEDIUM"", ""subTopic"": """", ""isEssay"": false}",False
M13,M13.30.05,,What does the Bourdon tube use to move the pointer on the instrument dial?,A magnet,A pneumatic system,A sector gear and pinion,,A sector gear and pinion,MEDIUM,,,MEDIUM,ANSWERED,Matched from corpus-option-overlap,1,MODULE 13_Questions.pdf,"{""raw"": ""What does the Bourdon tube use to move the pointer on the instrument dial?"", ""question"": ""What does the Bourdon tube use to move the pointer on the instrument dial?"", ""options"": [""A magnet"", ""A pneumatic system"", ""A sector gear and pinion""], ""correct"": ""A sector gear and pinion"", ""answer_text"": null, ""category"": null, ""source_file"": ""MODULE 13_Questions.pdf"", ""source_module"": ""M13"", ""fmt"": ""csv"", ""module"": ""M13"", ""syllabusRef"": ""M13.30.05"", ""level"": """", ""difficulty"": ""MEDIUM"", ""subTopic"": """", ""isEssay"": false}",False
M13,M13.1.00000,,What does the curved shape of the Bourdon tube do when the pressure increases?,It remains unchanged,It straightens out,It expands further in curvature,,It straightens out,MEDIUM,,,HIGH,ANSWERED,Bourdon tube straightens out when pressure increases,1,MODULE 13_Questions.pdf,"{""raw"": ""What does the curved shape of the Bourdon tube do when the pressure increases?"", ""question"": ""What does the curved shape of the Bourdon tube do when the pressure increases?"", ""options"": [""It remains unchanged"", ""It straightens out"", ""It expands further in curvature""], ""correct"": ""It straightens out"", ""answer_text"": null, ""category"": null, ""source_file"": ""MODULE 13_Questions.pdf"", ""source_module"": ""M13"", ""fmt"": ""csv"", ""module"": ""M13"", ""syllabusRef"": ""M13.1.00000"", ""level"": """", ""difficulty"": ""MEDIUM"", ""subTopic"": """", ""isEssay"": false}",False
M13,M13.1.00000,,Which type of pressures are commonly measured using a bellows mechanism?,High-pressure gas systems,Fuel pressure in engines,"Lower pressures such as instrument air, de-icer air, and suction",,"Lower pressures such as instrument air, de-icer air, and suction",MEDIUM,,,MEDIUM,ANSWERED,Matched from corpus-option-overlap,1,MODULE 13_Questions.pdf,"{""raw"": ""Which type of pressures are commonly measured using a bellows mechanism?"", ""question"": ""Which type of pressures are commonly measured using a bellows mechanism?"", ""options"": [""High-pressure gas systems"", ""Fuel pressure in engines"", ""Lower pressures such as instrument air, de-icer air, and suction""], ""correct"": ""Lower pressures such as instrument air, de-icer air, and suction"", ""answer_text"": null, ""category"": null, ""source_file"": ""MODULE 13_Questions.pdf"", ""source_module"": ""M13"", ""fmt"": ""csv"", ""module"": ""M13"", ""syllabusRef"": ""M13.1.00000"", ""level"": """", ""difficulty"": ""MEDIUM"", ""subTopic"": """", ""isEssay"": false}",False
M13,M13.1.00000,,What happens to the bellows when the pressure increases?,The bellows contracts,The bellows expands,,,The bellows contracts,MEDIUM,,,MEDIUM,ANSWERED,Matched from corpus,1,MODULE 13_Questions.pdf,"{""raw"": ""What happens to the bellows when the pressure increases?"", ""question"": ""What happens to the bellows when the pressure increases?"", ""options"": [""The bellows contracts"", ""The bellows expands""], ""correct"": ""The bellows contracts"", ""answer_text"": null, ""category"": null, ""source_file"": ""MODULE 13_Questions.pdf"", ""source_module"": ""M13"", ""fmt"": ""csv"", ""module"": ""M13"", ""syllabusRef"": ""M13.1.00000"", ""level"": """", ""difficulty"": ""MEDIUM"", ""subTopic"": """", ""isEssay"": false}",False
M13,M13.30.05,,"In a differential pressure instrument, what does the differential bellows measure?",The difference between two pressures,Only absolute pressure,Only gauge pressure,,Only gauge pressure,MEDIUM,,,MEDIUM,ANSWERED,Matched from corpus,1,MODULE 13_Questions.pdf,"{""raw"": ""In a differential pressure instrument, what does the differential bellows measure?"", ""question"": ""In a differential pressure instrument, what does the differential bellows measure?"", ""options"": [""The difference between two pressures"", ""Only absolute pressure"", ""Only gauge pressure""], ""correct"": ""Only gauge pressure"", ""answer_text"": null, ""category"": null, ""source_file"": ""MODULE 13_Questions.pdf"", ""source_module"": ""M13"", ""fmt"": ""csv"", ""module"": ""M13"", ""syllabusRef"": ""M13.30.05"", ""level"": """", ""difficulty"": ""MEDIUM"", ""subTopic"": """", ""isEssay"": false}",False
M13,M13.0.3,,What happens to the resistance of a strain gauge when a force is applied?,It decreases with force increase,It increases with force increase,,,It decreases with force increase,MEDIUM,,,MEDIUM,ANSWERED,Matched from corpus,1,MODULE 13_Questions.pdf,"{""raw"": ""What happens to the resistance of a strain gauge when a force is applied?"", ""question"": ""What happens to the resistance of a strain gauge when a force is applied?"", ""options"": [""It decreases with force increase"", ""It increases with force increase""], ""correct"": ""It decreases with force increase"", ""answer_text"": null, ""category"": null, ""source_file"": ""MODULE 13_Questions.pdf"", ""source_module"": ""M13"", ""fmt"": ""csv"", ""module"": ""M13"", ""syllabusRef"": ""M13.0.3"", ""level"": """", ""difficulty"": ""MEDIUM"", ""subTopic"": """", ""isEssay"": false}",False
M13,M13.30.05,,What materials are commonly used for the conductor in strain gauges?,Copper,Chrome-nickel alloy,,,Chrome-nickel alloy,MEDIUM,,,HIGH,ANSWERED,Chrome-nickel alloy (Constantan) is standard,1,MODULE 13_Questions.pdf,"{""raw"": ""What materials are commonly used for the conductor in strain gauges?"", ""question"": ""What materials are commonly used for the conductor in strain gauges?"", ""options"": [""Copper"", ""Chrome-nickel alloy""], ""correct"": ""Chrome-nickel alloy"", ""answer_text"": null, ""category"": null, ""source_file"": ""MODULE 13_Questions.pdf"", ""source_module"": ""M13"", ""fmt"": ""csv"", ""module"": ""M13"", ""syllabusRef"": ""M13.30.05"", ""level"": """", ""difficulty"": ""MEDIUM"", ""subTopic"": """", ""isEssay"": false}",False
M13,M13.1.00000,,What type of applications are strain gauges commonly used for?,Temperature measurement,Speed sensors,"Force sensors, pressure transducers, weight measuring",,"Force sensors, pressure transducers, weight measuring",MEDIUM,,,MEDIUM,ANSWERED,Matched from corpus-option-overlap,1,MODULE 13_Questions.pdf,"{""raw"": ""What type of applications are strain gauges commonly used for?"", ""question"": ""What type of applications are strain gauges commonly used for?"", ""options"": [""Temperature measurement"", ""Speed sensors"", ""Force sensors, pressure transducers, weight measuring""], ""correct"": ""Force sensors, pressure transducers, weight measuring"", ""answer_text"": null, ""category"": null, ""source_file"": ""MODULE 13_Questions.pdf"", ""source_module"": ""M13"", ""fmt"": ""csv"", ""module"": ""M13"", ""syllabusRef"": ""M13.1.00000"", ""level"": """", ""difficulty"": ""MEDIUM"", ""subTopic"": """", ""isEssay"": false}",False
M13,M13.1.00000,,How do pressure sensors work when using strain gauges?,Pressure directly changes the resistance,"Pressure is converted into force, which changes the resistance",,,Pressure directly changes the resistance,MEDIUM,,,MEDIUM,ANSWERED,Matched from corpus-option-overlap,1,MODULE 13_Questions.pdf,"{""raw"": ""How do pressure sensors work when using strain gauges?"", ""question"": ""How do pressure sensors work when using strain gauges?"", ""options"": [""Pressure directly changes the resistance"", ""Pressure is converted into force, which changes the resistance""], ""correct"": ""Pressure directly changes the resistance"", ""answer_text"": null, ""category"": null, ""source_file"": ""MODULE 13_Questions.pdf"", ""source_module"": ""M13"", ""fmt"": ""csv"", ""module"": ""M13"", ""syllabusRef"": ""M13.1.00000"", ""level"": """", ""difficulty"": ""MEDIUM"", ""subTopic"": """", ""isEssay"": false}",False
M13,,,"In piezo-resistive sensors, what is diffused into a silicon substrate?",Metallic alloys,P- or N-conducting elements,,,P- or N-conducting elements,MEDIUM,,,MEDIUM,ANSWERED,Matched from corpus,1,MODULE 13_Questions.pdf,"{""raw"": ""In piezo-resistive sensors, what is diffused into a silicon substrate?"", ""question"": ""In piezo-resistive sensors, what is diffused into a silicon substrate?"", ""options"": [""Metallic alloys"", ""P- or N-conducting elements""], ""correct"": ""P- or N-conducting elements"", ""answer_text"": null, ""category"": null, ""source_file"": ""MODULE 13_Questions.pdf"", ""source_module"": ""M13"", ""fmt"": ""csv"", ""module"": ""M13"", ""syllabusRef"": """", ""level"": """", ""difficulty"": ""MEDIUM"", ""subTopic"": """", ""isEssay"": false}",False
M13,M13.1.00000,,What is the typical structure of a pressure sensor with piezo-resistive elements?,One piezo-resistive element,A bridge with four elements,,,One piezo-resistive element,MEDIUM,,,MEDIUM,ANSWERED,Matched from corpus-option-overlap,1,MODULE 13_Questions.pdf,"{""raw"": ""What is the typical structure of a pressure sensor with piezo-resistive elements?"", ""question"": ""What is the typical structure of a pressure sensor with piezo-resistive elements?"", ""options"": [""One piezo-resistive element"", ""A bridge with four elements""], ""correct"": ""One piezo-resistive element"", ""answer_text"": null, ""category"": null, ""source_file"": ""MODULE 13_Questions.pdf"", ""source_module"": ""M13"", ""fmt"": ""csv"", ""module"": ""M13"", ""syllabusRef"": ""M13.1.00000"", ""level"": """", ""difficulty"": ""MEDIUM"", ""subTopic"": """", ""isEssay"": false}",False
M13,M13.13.7(a),,What is the primary function of a variable frequency signal?,To maintain a constant frequency,To vary between a high and low frequency depending on a parameter,,,To vary between a high and low frequency depending on a parameter,MEDIUM,,,MEDIUM,ANSWERED,Matched from corpus-option-overlap,1,MODULE 13_Questions.pdf,"{""raw"": ""What is the primary function of a variable frequency signal?"", ""question"": ""What is the primary function of a variable frequency signal?"", ""options"": [""To maintain a constant frequency"", ""To vary between a high and low frequency depending on a parameter""], ""correct"": ""To vary between a high and low frequency depending on a parameter"", ""answer_text"": null, ""category"": null, ""source_file"": ""MODULE 13_Questions.pdf"", ""source_module"": ""M13"", ""fmt"": ""csv"", ""module"": ""M13"", ""syllabusRef"": ""M13.13.7(a)"", ""level"": """", ""difficulty"": ""MEDIUM"", ""subTopic"": """", ""isEssay"": false}",False
M13,M13.13.7(c),,What components can control the frequency in a variable frequency signal?,Only resistors,"Control voltage, variable capacitors, or variable resistors",,,"Control voltage, variable capacitors, or variable resistors",MEDIUM,,,HIGH,ANSWERED,"Frequency controlled by control voltage, variable capacitors, or variable resistors",1,MODULE 13_Questions.pdf,"{""raw"": ""What components can control the frequency in a variable frequency signal?"", ""question"": ""What components can control the frequency in a variable frequency signal?"", ""options"": [""Only resistors"", ""Control voltage, variable capacitors, or variable resistors""], ""correct"": ""Control voltage, variable capacitors, or variable resistors"", ""answer_text"": null, ""category"": null, ""source_file"": ""MODULE 13_Questions.pdf"", ""source_module"": ""M13"", ""fmt"": ""csv"", ""module"": ""M13"", ""syllabusRef"": ""M13.13.7(c)"", ""level"": """", ""difficulty"": ""MEDIUM"", ""subTopic"": """", ""isEssay"": false}",False
M13,M13.1.00000,,How does the oscillator coil assembly inside a sensitive pressure transducer work?,It detects changes in temperature,"It oscillates the diaphragm, with resonant frequency increasing with",,,"It oscillates the diaphragm, with resonant frequency increasing with",MEDIUM,,,MEDIUM,ANSWERED,Matched from corpus-option-overlap,1,MODULE 13_Questions.pdf,"{""raw"": ""How does the oscillator coil assembly inside a sensitive pressure transducer work?"", ""question"": ""How does the oscillator coil assembly inside a sensitive pressure transducer work?"", ""options"": [""It detects changes in temperature"", ""It oscillates the diaphragm, with resonant frequency increasing with""], ""correct"": ""It oscillates the diaphragm, with resonant frequency increasing with"", ""answer_text"": null, ""category"": null, ""source_file"": ""MODULE 13_Questions.pdf"", ""source_module"": ""M13"", ""fmt"": ""csv"", ""module"": ""M13"", ""syllabusRef"": ""M13.1.00000"", ""level"": """", ""difficulty"": ""MEDIUM"", ""subTopic"": """", ""isEssay"": false}",False
M13,M13.13.7(c),,What is the primary function of the pitot-static system in aircraft?,To control cabin pressure,"To supply pressures for the altimeter, airspeed indicator, vertical speed",,,"To supply pressures for the altimeter, airspeed indicator, vertical speed",MEDIUM,,,MEDIUM,ANSWERED,Matched from corpus-option-overlap,1,MODULE 13_Questions.pdf,"{""raw"": ""What is the primary function of the pitot-static system in aircraft?"", ""question"": ""What is the primary function of the pitot-static system in aircraft?"", ""options"": [""To control cabin pressure"", ""To supply pressures for the altimeter, airspeed indicator, vertical speed""], ""correct"": ""To supply pressures for the altimeter, airspeed indicator, vertical speed"", ""answer_text"": null, ""category"": null, ""source_file"": ""MODULE 13_Questions.pdf"", ""source_module"": ""M13"", ""fmt"": ""csv"", ""module"": ""M13"", ""syllabusRef"": ""M13.13.7(c)"", ""level"": """", ""difficulty"": ""MEDIUM"", ""subTopic"": """", ""isEssay"": false}",False
M13,M13.1.00000,,"In light aircraft, where is the static pressure typically sourced from?",Two flush static ports on either side of the fuselage,The cockpit,The engine compartment,,The cockpit,MEDIUM,,,MEDIUM,ANSWERED,Matched from corpus-option,1,MODULE 13_Questions.pdf,"{""raw"": ""In light aircraft, where is the static pressure typically sourced from?"", ""question"": ""In light aircraft, where is the static pressure typically sourced from?"", ""options"": [""Two flush static ports on either side of the fuselage"", ""The cockpit"", ""The engine compartment""], ""correct"": ""The cockpit"", ""answer_text"": null, ""category"": null, ""source_file"": ""MODULE 13_Questions.pdf"", ""source_module"": ""M13"", ""fmt"": ""csv"", ""module"": ""M13"", ""syllabusRef"": ""M13.1.00000"", ""level"": """", ""difficulty"": ""MEDIUM"", ""subTopic"": """", ""isEssay"": false}",False
M13,M13.1.1,,What happens when the static ports on a light aircraft are covered by ice?,The airspeed indicator will fail completely,The alternate static air valve provides static air from the cockpit or,,,The alternate static air valve provides static air from the cockpit or,MEDIUM,,,MEDIUM,ANSWERED,Matched from corpus-option-overlap,1,MODULE 13_Questions.pdf,"{""raw"": ""What happens when the static ports on a light aircraft are covered by ice?"", ""question"": ""What happens when the static ports on a light aircraft are covered by ice?"", ""options"": [""The airspeed indicator will fail completely"", ""The alternate static air valve provides static air from the cockpit or""], ""correct"": ""The alternate static air valve provides static air from the cockpit or"", ""answer_text"": null, ""category"": null, ""source_file"": ""MODULE 13_Questions.pdf"", ""source_module"": ""M13"", ""fmt"": ""csv"", ""module"": ""M13"", ""syllabusRef"": ""M13.1.1"", ""level"": """", ""difficulty"": ""MEDIUM"", ""subTopic"": """", ""isEssay"": false}",False
M13,M13.1.00000,,What does the alternate static air valve do in the event of an obstruction?,It increases cabin pressure,It allows static air to flow from the cockpit or outside of the pressure vessel,It activates the pitot tube heater,,It allows static air to flow from the cockpit or outside of the pressure vessel,MEDIUM,,,MEDIUM,ANSWERED,Matched from corpus,1,MODULE 13_Questions.pdf,"{""raw"": ""What does the alternate static air valve do in the event of an obstruction?"", ""question"": ""What does the alternate static air valve do in the event of an obstruction?"", ""options"": [""It increases cabin pressure"", ""It allows static air to flow from the cockpit or outside of the pressure vessel"", ""It activates the pitot tube heater""], ""correct"": ""It allows static air to flow from the cockpit or outside of the pressure vessel"", ""answer_text"": null, ""category"": null, ""source_file"": ""MODULE 13_Questions.pdf"", ""source_module"": ""M13"", ""fmt"": ""csv"", ""module"": ""M13"", ""syllabusRef"": ""M13.1.00000"", ""level"": """", ""difficulty"": ""MEDIUM"", ""subTopic"": """", ""isEssay"": false}",False
M13,M13.0.3,,Where are the flush static ports located on light aircraft?,On the wingtip,On either side of the fuselage,On the tail section,,On either side of the fuselage,MEDIUM,,,MEDIUM,ANSWERED,Matched from corpus-option,1,MODULE 13_Questions.pdf,"{""raw"": ""Where are the flush static ports located on light aircraft?"", ""question"": ""Where are the flush static ports located on light aircraft?"", ""options"": [""On the wingtip"", ""On either side of the fuselage"", ""On the tail section""], ""correct"": ""On either side of the fuselage"", ""answer_text"": null, ""category"": null, ""source_file"": ""MODULE 13_Questions.pdf"", ""source_module"": ""M13"", ""fmt"": ""csv"", ""module"": ""M13"", ""syllabusRef"": ""M13.0.3"", ""level"": """", ""difficulty"": ""MEDIUM"", ""subTopic"": """", ""isEssay"": false}",False
M13,M13.30.05,,Where does the static pressure for all of the captain's instruments come from?,Captain's static source,First officer's static source,Alternate static source,,Alternate static source,MEDIUM,,,MEDIUM,ANSWERED,Matched from corpus-option,1,MODULE 13_Questions.pdf,"{""raw"": ""Where does the static pressure for all of the captain's instruments come from?"", ""question"": ""Where does the static pressure for all of the captain's instruments come from?"", ""options"": [""Captain's static source"", ""First officer's static source"", ""Alternate static source""], ""correct"": ""Alternate static source"", ""answer_text"": null, ""category"": null, ""source_file"": ""MODULE 13_Questions.pdf"", ""source_module"": ""M13"", ""fmt"": ""csv"", ""module"": ""M13"", ""syllabusRef"": ""M13.30.05"", ""level"": """", ""difficulty"": ""MEDIUM"", ""subTopic"": """", ""isEssay"": false}",False
M13,M13.14.5,,What does the alternate static source valve provide air to in large aircraft?,Only the captain's instruments,Only the first officer's instruments,"Both the captain's and first officer's instruments, as well as other systems",,Only the first officer's instruments,MEDIUM,,,MEDIUM,ANSWERED,Matched from corpus-option-overlap,1,MODULE 13_Questions.pdf,"{""raw"": ""What does the alternate static source valve provide air to in large aircraft?"", ""question"": ""What does the alternate static source valve provide air to in large aircraft?"", ""options"": [""Only the captain's instruments"", ""Only the first officer's instruments"", ""Both the captain's and first officer's instruments, as well as other systems""], ""correct"": ""Only the first officer's instruments"", ""answer_text"": null, ""category"": null, ""source_file"": ""MODULE 13_Questions.pdf"", ""source_module"": ""M13"", ""fmt"": ""csv"", ""module"": ""M13"", ""syllabusRef"": ""M13.14.5"", ""level"": """", ""difficulty"": ""MEDIUM"", ""subTopic"": """", ""isEssay"": false}",False
M13,M13.1.1,,Which of the following instruments uses air supplied by the auxiliary pitot tube?,First officer's airspeed indicator,Captain's Mach indicator,"Autopilot, yaw dampers, over-speed warning system, and flight recorder",,First officer's airspeed indicator,MEDIUM,,,MEDIUM,ANSWERED,Matched from corpus-option-overlap,1,MODULE 13_Questions.pdf,"{""raw"": ""Which of the following instruments uses air supplied by the auxiliary pitot tube?"", ""question"": ""Which of the following instruments uses air supplied by the auxiliary pitot tube?"", ""options"": [""First officer's airspeed indicator"", ""Captain's Mach indicator"", ""Autopilot, yaw dampers, over-speed warning system, and flight recorder""], ""correct"": ""First officer's airspeed indicator"", ""answer_text"": null, ""category"": null, ""source_file"": ""MODULE 13_Questions.pdf"", ""source_module"": ""M13"", ""fmt"": ""csv"", ""module"": ""M13"", ""syllabusRef"": ""M13.1.1"", ""level"": """", ""difficulty"": ""MEDIUM"", ""subTopic"": """", ""isEssay"": false}",False
M13,M13.13.4(b),,What is the function of the pitot tube installed on the outside of an aircraft?,To sense static air pressure,To pick up ram air pressure and direct it into the airspeed indicator,To prevent ice build-up on the aircraft's exterior,,To pick up ram air pressure and direct it into the airspeed indicator,MEDIUM,,,MEDIUM,ANSWERED,Matched from corpus-option-overlap,1,MODULE 13_Questions.pdf,"{""raw"": ""What is the function of the pitot tube installed on the outside of an aircraft?"", ""question"": ""What is the function of the pitot tube installed on the outside of an aircraft?"", ""options"": [""To sense static air pressure"", ""To pick up ram air pressure and direct it into the airspeed indicator"", ""To prevent ice build-up on the aircraft's exterior""], ""correct"": ""To pick up ram air pressure and direct it into the airspeed indicator"", ""answer_text"": null, ""category"": null, ""source_file"": ""MODULE 13_Questions.pdf"", ""source_module"": ""M13"", ""fmt"": ""csv"", ""module"": ""M13"", ""syllabusRef"": ""M13.13.4(b)"", ""level"": """", ""difficulty"": ""MEDIUM"", ""subTopic"": """", ""isEssay"": false}",False
M13,M13.13.7(c),,What prevents ice build-up on the pitot tube probe head?,An electrical heater,A cooling system,A de-icing fluid,,An electrical heater,MEDIUM,,,MEDIUM,ANSWERED,Matched from corpus,1,MODULE 13_Questions.pdf,"{""raw"": ""What prevents ice build-up on the pitot tube probe head?"", ""question"": ""What prevents ice build-up on the pitot tube probe head?"", ""options"": [""An electrical heater"", ""A cooling system"", ""A de-icing fluid""], ""correct"": ""An electrical heater"", ""answer_text"": null, ""category"": null, ""source_file"": ""MODULE 13_Questions.pdf"", ""source_module"": ""M13"", ""fmt"": ""csv"", ""module"": ""M13"", ""syllabusRef"": ""M13.13.7(c)"", ""level"": """", ""difficulty"": ""MEDIUM"", ""subTopic"": """", ""isEssay"": false}",False
M13,M13.1.00000,,What type of pressure does the static probe sense?,Ram air pressure,Differential pressure,Still or static air pressure,,Differential pressure,MEDIUM,,,MEDIUM,ANSWERED,Matched from corpus,1,MODULE 13_Questions.pdf,"{""raw"": ""What type of pressure does the static probe sense?"", ""question"": ""What type of pressure does the static probe sense?"", ""options"": [""Ram air pressure"", ""Differential pressure"", ""Still or static air pressure""], ""correct"": ""Differential pressure"", ""answer_text"": null, ""category"": null, ""source_file"": ""MODULE 13_Questions.pdf"", ""source_module"": ""M13"", ""fmt"": ""csv"", ""module"": ""M13"", ""syllabusRef"": ""M13.1.00000"", ""level"": """", ""difficulty"": ""MEDIUM"", ""subTopic"": """", ""isEssay"": false}",False
M13,M13.1.5,,"altimeter, airspeed indicator, and vertical speed indicator?",Small holes on the fuselage or vertical fin,The aircraft's pitot tube,The pitot tube,,The pitot tube,MEDIUM,,,MEDIUM,ANSWERED,Matched from corpus-option,1,MODULE 13_Questions.pdf,"{""raw"": ""altimeter, airspeed indicator, and vertical speed indicator?"", ""question"": ""altimeter, airspeed indicator, and vertical speed indicator?"", ""options"": [""Small holes on the fuselage or vertical fin"", ""The aircraft's pitot tube"", ""The pitot tube""], ""correct"": ""The pitot tube"", ""answer_text"": null, ""category"": null, ""source_file"": ""MODULE 13_Questions.pdf"", ""source_module"": ""M13"", ""fmt"": ""csv"", ""module"": ""M13"", ""syllabusRef"": ""M13.1.5"", ""level"": """", ""difficulty"": ""MEDIUM"", ""subTopic"": """", ""isEssay"": false}",False
M13,M13.1.00000,,Temperature (RAT) probe?,To sense static air pressure,To sense the outside temperature,To measure differential pressure,,To sense static air pressure,EASY,,,MEDIUM,ANSWERED,Matched from corpus-option-overlap,1,MODULE 13_Questions.pdf,"{""raw"": ""Temperature (RAT) probe?"", ""question"": ""Temperature (RAT) probe?"", ""options"": [""To sense static air pressure"", ""To sense the outside temperature"", ""To measure differential pressure""], ""correct"": ""To sense static air pressure"", ""answer_text"": null, ""category"": null, ""source_file"": ""MODULE 13_Questions.pdf"", ""source_module"": ""M13"", ""fmt"": ""csv"", ""module"": ""M13"", ""syllabusRef"": ""M13.1.00000"", ""level"": """", ""difficulty"": ""EASY"", ""subTopic"": """", ""isEssay"": false}",False
M13,M13.0.3,,Why is the Total Air Temperature probe heated?,To improve the accuracy of temperature readings,To prevent ice build-up on the probe,To prevent corrosion,,To prevent ice build-up on the probe,EASY,,,MEDIUM,ANSWERED,Matched from corpus-option-overlap,1,MODULE 13_Questions.pdf,"{""raw"": ""Why is the Total Air Temperature probe heated?"", ""question"": ""Why is the Total Air Temperature probe heated?"", ""options"": [""To improve the accuracy of temperature readings"", ""To prevent ice build-up on the probe"", ""To prevent corrosion""], ""correct"": ""To prevent ice build-up on the probe"", ""answer_text"": null, ""category"": null, ""source_file"": ""MODULE 13_Questions.pdf"", ""source_module"": ""M13"", ""fmt"": ""csv"", ""module"": ""M13"", ""syllabusRef"": ""M13.0.3"", ""level"": """", ""difficulty"": ""EASY"", ""subTopic"": """", ""isEssay"": false}",False
M13,M13.1.00000,,What does an altimeter primarily measure?,Absolute pressure of the air,Relative pressure,Airspeed,,Relative pressure,EASY,,,MEDIUM,ANSWERED,Matched from corpus-option,1,MODULE 13_Questions.pdf,"{""raw"": ""What does an altimeter primarily measure?"", ""question"": ""What does an altimeter primarily measure?"", ""options"": [""Absolute pressure of the air"", ""Relative pressure"", ""Airspeed""], ""correct"": ""Relative pressure"", ""answer_text"": null, ""category"": null, ""source_file"": ""MODULE 13_Questions.pdf"", ""source_module"": ""M13"", ""fmt"": ""csv"", ""module"": ""M13"", ""syllabusRef"": ""M13.1.00000"", ""level"": """", ""difficulty"": ""EASY"", ""subTopic"": """", ""isEssay"": false}",False
M13,M13.1.00000,,How does an altimeter determine altitude?,By measuring air density,By measuring the weight of the aircraft,By measuring the change in absolute pressure with altitude,,By measuring the change in absolute pressure with altitude,MEDIUM,,,MEDIUM,ANSWERED,Matched from corpus-option-overlap,1,MODULE 13_Questions.pdf,"{""raw"": ""How does an altimeter determine altitude?"", ""question"": ""How does an altimeter determine altitude?"", ""options"": [""By measuring air density"", ""By measuring the weight of the aircraft"", ""By measuring the change in absolute pressure with altitude""], ""correct"": ""By measuring the change in absolute pressure with altitude"", ""answer_text"": null, ""category"": null, ""source_file"": ""MODULE 13_Questions.pdf"", ""source_module"": ""M13"", ""fmt"": ""csv"", ""module"": ""M13"", ""syllabusRef"": ""M13.1.00000"", ""level"": """", ""difficulty"": ""MEDIUM"", ""subTopic"": """", ""isEssay"": false}",False
M13,M13.30.05,,Why is it important for the altimeter to accurately indicate altitude?,To calculate fuel consumption,To ensure the aircraft maintains proper speed,To allow the pilot to quickly read altitude within a few feet,,To allow the pilot to quickly read altitude within a few feet,MEDIUM,,,MEDIUM,ANSWERED,Matched from corpus-option-overlap,1,MODULE 13_Questions.pdf,"{""raw"": ""Why is it important for the altimeter to accurately indicate altitude?"", ""question"": ""Why is it important for the altimeter to accurately indicate altitude?"", ""options"": [""To calculate fuel consumption"", ""To ensure the aircraft maintains proper speed"", ""To allow the pilot to quickly read altitude within a few feet""], ""correct"": ""To allow the pilot to quickly read altitude within a few feet"", ""answer_text"": null, ""category"": null, ""source_file"": ""MODULE 13_Questions.pdf"", ""source_module"": ""M13"", ""fmt"": ""csv"", ""module"": ""M13"", ""syllabusRef"": ""M13.30.05"", ""level"": """", ""difficulty"": ""MEDIUM"", ""subTopic"": """", ""isEssay"": false}",False
M13,M13.1.00000,,What is the purpose of the corrugations in the bellows of the altimeter?,To increase pressure resistance,To allow linear expansion with a change in altitude,To prevent air leakage,,To prevent air leakage,MEDIUM,,,MEDIUM,ANSWERED,Matched from corpus-option,1,MODULE 13_Questions.pdf,"{""raw"": ""What is the purpose of the corrugations in the bellows of the altimeter?"", ""question"": ""What is the purpose of the corrugations in the bellows of the altimeter?"", ""options"": [""To increase pressure resistance"", ""To allow linear expansion with a change in altitude"", ""To prevent air leakage""], ""correct"": ""To prevent air leakage"", ""answer_text"": null, ""category"": null, ""source_file"": ""MODULE 13_Questions.pdf"", ""source_module"": ""M13"", ""fmt"": ""csv"", ""module"": ""M13"", ""syllabusRef"": ""M13.1.00000"", ""level"": """", ""difficulty"": ""MEDIUM"", ""subTopic"": """", ""isEssay"": false}",False
M13,M13.1.0,,What does the barometric scale on an altimeter measure?,"Inches of mercury, millibars, or hectoPascal",Pounds per square inch (PSI),Temperature in Celsius,,Pounds per square inch (PSI),MEDIUM,,,MEDIUM,ANSWERED,Matched from corpus-option-overlap,1,MODULE 13_Questions.pdf,"{""raw"": ""What does the barometric scale on an altimeter measure?"", ""question"": ""What does the barometric scale on an altimeter measure?"", ""options"": [""Inches of mercury, millibars, or hectoPascal"", ""Pounds per square inch (PSI)"", ""Temperature in Celsius""], ""correct"": ""Pounds per square inch (PSI)"", ""answer_text"": null, ""category"": null, ""source_file"": ""MODULE 13_Questions.pdf"", ""source_module"": ""M13"", ""fmt"": ""csv"", ""module"": ""M13"", ""syllabusRef"": ""M13.1.0"", ""level"": """", ""difficulty"": ""MEDIUM"", ""subTopic"": """", ""isEssay"": false}",False
M13,M13.13.7(c),,What is indicated altitude?,Height above ground level,Height above the aircraft’s current position,Height above the existing sea level pressure level,,Height above the existing sea level pressure level,MEDIUM,,,MEDIUM,ANSWERED,Matched from corpus-option-overlap,1,MODULE 13_Questions.pdf,"{""raw"": ""What is indicated altitude?"", ""question"": ""What is indicated altitude?"", ""options"": [""Height above ground level"", ""Height above the aircraft’s current position"", ""Height above the existing sea level pressure level""], ""correct"": ""Height above the existing sea level pressure level"", ""answer_text"": null, ""category"": null, ""source_file"": ""MODULE 13_Questions.pdf"", ""source_module"": ""M13"", ""fmt"": ""csv"", ""module"": ""M13"", ""syllabusRef"": ""M13.13.7(c)"", ""level"": """", ""difficulty"": ""MEDIUM"", ""subTopic"": """", ""isEssay"": false}",False
M13,M13.1.00000,,How does a pilot set the altimeter to indicate the correct altitude?,By adjusting the aircraft’s speed,By placing the local barometric pressure setting (QNH) in the barometric,,,By placing the local barometric pressure setting (QNH) in the barometric,MEDIUM,,,MEDIUM,ANSWERED,Matched from corpus-option-overlap,1,MODULE 13_Questions.pdf,"{""raw"": ""How does a pilot set the altimeter to indicate the correct altitude?"", ""question"": ""How does a pilot set the altimeter to indicate the correct altitude?"", ""options"": [""By adjusting the aircraft’s speed"", ""By placing the local barometric pressure setting (QNH) in the barometric""], ""correct"": ""By placing the local barometric pressure setting (QNH) in the barometric"", ""answer_text"": null, ""category"": null, ""source_file"": ""MODULE 13_Questions.pdf"", ""source_module"": ""M13"", ""fmt"": ""csv"", ""module"": ""M13"", ""syllabusRef"": ""M13.1.00000"", ""level"": """", ""difficulty"": ""MEDIUM"", ""subTopic"": """", ""isEssay"": false}",False
M13,M13.0.3,,altimeter setting in place?,The surveyed elevation of the aircraft’s parking space,The altitude of the local airport,The aircraft’s altitude above sea level,,The surveyed elevation of the aircraft’s parking space,EASY,,,MEDIUM,ANSWERED,Matched from corpus-option-overlap,1,MODULE 13_Questions.pdf,"{""raw"": ""altimeter setting in place?"", ""question"": ""altimeter setting in place?"", ""options"": [""The surveyed elevation of the aircraft’s parking space"", ""The altitude of the local airport"", ""The aircraft’s altitude above sea level""], ""correct"": ""The surveyed elevation of the aircraft’s parking space"", ""answer_text"": null, ""category"": null, ""source_file"": ""MODULE 13_Questions.pdf"", ""source_module"": ""M13"", ""fmt"": ""csv"", ""module"": ""M13"", ""syllabusRef"": ""M13.0.3"", ""level"": """", ""difficulty"": ""EASY"", ""subTopic"": """", ""isEssay"": false}",False
M13,M13.88.7,,Why is indicated altitude useful for pilots flying at low altitudes?,To measure fuel consumption,To measure terrain clearance,To monitor engine performance,,To measure terrain clearance,MEDIUM,,,MEDIUM,ANSWERED,Matched from corpus-option-overlap,1,MODULE 13_Questions.pdf,"{""raw"": ""Why is indicated altitude useful for pilots flying at low altitudes?"", ""question"": ""Why is indicated altitude useful for pilots flying at low altitudes?"", ""options"": [""To measure fuel consumption"", ""To measure terrain clearance"", ""To monitor engine performance""], ""correct"": ""To measure terrain clearance"", ""answer_text"": null, ""category"": null, ""source_file"": ""MODULE 13_Questions.pdf"", ""source_module"": ""M13"", ""fmt"": ""csv"", ""module"": ""M13"", ""syllabusRef"": ""M13.88.7"", ""level"": """", ""difficulty"": ""MEDIUM"", ""subTopic"": """", ""isEssay"": false}",False
M13,M13.13.7(c),,What is pressure altitude or flight level used for?,To measure the aircraft's height above sea level,To maintain vertical separation between aircraft flying at higher altitudes,To measure terrain clearance,,To measure the aircraft's height above sea level,MEDIUM,,,MEDIUM,ANSWERED,Matched from corpus,1,MODULE 13_Questions.pdf,"{""raw"": ""What is pressure altitude or flight level used for?"", ""question"": ""What is pressure altitude or flight level used for?"", ""options"": [""To measure the aircraft's height above sea level"", ""To maintain vertical separation between aircraft flying at higher altitudes"", ""To measure terrain clearance""], ""correct"": ""To measure the aircraft's height above sea level"", ""answer_text"": null, ""category"": null, ""source_file"": ""MODULE 13_Questions.pdf"", ""source_module"": ""M13"", ""fmt"": ""csv"", ""module"": ""M13"", ""syllabusRef"": ""M13.13.7(c)"", ""level"": """", ""difficulty"": ""MEDIUM"", ""subTopic"": """", ""isEssay"": false}",False
M13,M13.1.00000,,mercury or 1013.2 hPa)?,Actual altitude above the Earth's surface,Altitude above the aircraft's current position,Height above a standard pressure level (not an actual point),,,MEDIUM,,,MEDIUM,ANSWERED,Matched from corpus-option,1,MODULE 13_Questions.pdf,"{""raw"": ""mercury or 1013.2 hPa)?"", ""question"": ""mercury or 1013.2 hPa)?"", ""options"": [""Actual altitude above the Earth's surface"", ""Altitude above the aircraft's current position"", ""Height above a standard pressure level (not an actual point)""], ""correct"": """", ""answer_text"": null, ""category"": null, ""source_file"": ""MODULE 13_Questions.pdf"", ""source_module"": ""M13"", ""fmt"": ""csv"", ""module"": ""M13"", ""syllabusRef"": ""M13.1.00000"", ""level"": """", ""difficulty"": ""MEDIUM"", ""subTopic"": """", ""isEssay"": false}",False
M13,M13.13.7(c),,"What is the flight level when an aircraft is flying at 32,000 feet pressure altitude?",Flight Level 320,Flight Level 3200,Flight Level 32,,Flight Level 320,MEDIUM,,,MEDIUM,ANSWERED,Matched from corpus,1,MODULE 13_Questions.pdf,"{""raw"": ""What is the flight level when an aircraft is flying at 32,000 feet pressure altitude?"", ""question"": ""What is the flight level when an aircraft is flying at 32,000 feet pressure altitude?"", ""options"": [""Flight Level 320"", ""Flight Level 3200"", ""Flight Level 32""], ""correct"": ""Flight Level 320"", ""answer_text"": null, ""category"": null, ""source_file"": ""MODULE 13_Questions.pdf"", ""source_module"": ""M13"", ""fmt"": ""csv"", ""module"": ""M13"", ""syllabusRef"": ""M13.13.7(c)"", ""level"": """", ""difficulty"": ""MEDIUM"", ""subTopic"": """", ""isEssay"": false}",False
M13,M13.0.3,,What does the altimeter show when set to the QFE (Field Elevation) setting?,Height above the ground during approach,Altitude above sea level,Pressure altitude at sea level,,,MEDIUM,,,MEDIUM,ANSWERED,Matched from corpus-option,1,MODULE 13_Questions.pdf,"{""raw"": ""What does the altimeter show when set to the QFE (Field Elevation) setting?"", ""question"": ""What does the altimeter show when set to the QFE (Field Elevation) setting?"", ""options"": [""Height above the ground during approach"", ""Altitude above sea level"", ""Pressure altitude at sea level""], ""correct"": """", ""answer_text"": null, ""category"": null, ""source_file"": ""MODULE 13_Questions.pdf"", ""source_module"": ""M13"", ""fmt"": ""csv"", ""module"": ""M13"", ""syllabusRef"": ""M13.0.3"", ""level"": """", ""difficulty"": ""MEDIUM"", ""subTopic"": """", ""isEssay"": false}",False
M13,M13.30.05,,Why is the QFE (Field Elevation) setting seldom used today?,It doesn't account for pressure changes,It causes inconsistent altitude readings,It is replaced by radio altimeters,,It doesn't account for pressure changes,MEDIUM,,,MEDIUM,ANSWERED,Matched from corpus-option-overlap,1,MODULE 13_Questions.pdf,"{""raw"": ""Why is the QFE (Field Elevation) setting seldom used today?"", ""question"": ""Why is the QFE (Field Elevation) setting seldom used today?"", ""options"": [""It doesn't account for pressure changes"", ""It causes inconsistent altitude readings"", ""It is replaced by radio altimeters""], ""correct"": ""It doesn't account for pressure changes"", ""answer_text"": null, ""category"": null, ""source_file"": ""MODULE 13_Questions.pdf"", ""source_module"": ""M13"", ""fmt"": ""csv"", ""module"": ""M13"", ""syllabusRef"": ""M13.30.05"", ""level"": """", ""difficulty"": ""MEDIUM"", ""subTopic"": """", ""isEssay"": false}",False
M13,,,distance from aircraft to sea level)?,QFE,QNE,QNH,,QNH,EASY,,,HIGH,ANSWERED,QNH gives height above mean sea level,1,MODULE 13_Questions.pdf,"{""raw"": ""distance from aircraft to sea level)?"", ""question"": ""distance from aircraft to sea level)?"", ""options"": [""QFE"", ""QNE"", ""QNH""], ""correct"": ""QNH"", ""answer_text"": null, ""category"": null, ""source_file"": ""MODULE 13_Questions.pdf"", ""source_module"": ""M13"", ""fmt"": ""csv"", ""module"": ""M13"", ""syllabusRef"": """", ""level"": """", ""difficulty"": ""EASY"", ""subTopic"": """", ""isEssay"": false}",False
M13,M13.0.3,,distance from aircraft to the terrain)?,QNH,QNE,QFE,,QFE,EASY,,,HIGH,ANSWERED,QFE gives height above airfield terrain,1,MODULE 13_Questions.pdf,"{""raw"": ""distance from aircraft to the terrain)?"", ""question"": ""distance from aircraft to the terrain)?"", ""options"": [""QNH"", ""QNE"", ""QFE""], ""correct"": ""QFE"", ""answer_text"": null, ""category"": null, ""source_file"": ""MODULE 13_Questions.pdf"", ""source_module"": ""M13"", ""fmt"": ""csv"", ""module"": ""M13"", ""syllabusRef"": ""M13.0.3"", ""level"": """", ""difficulty"": ""EASY"", ""subTopic"": """", ""isEssay"": false}",False
M13,M13.13.7(c),,Q184. What does the flight level represent in aviation?,The vertical distance from aircraft to the terrain,The vertical distance from aircraft to sea level,The vertical distance from aircraft to the standard pressure reference,,The vertical distance from aircraft to sea level,MEDIUM,,,MEDIUM,ANSWERED,Matched from corpus-option-overlap,1,MODULE 13_Questions.pdf,"{""raw"": ""Q184. What does the flight level represent in aviation?"", ""question"": ""Q184. What does the flight level represent in aviation?"", ""options"": [""The vertical distance from aircraft to the terrain"", ""The vertical distance from aircraft to sea level"", ""The vertical distance from aircraft to the standard pressure reference""], ""correct"": ""The vertical distance from aircraft to sea level"", ""answer_text"": null, ""category"": null, ""source_file"": ""MODULE 13_Questions.pdf"", ""source_module"": ""M13"", ""fmt"": ""csv"", ""module"": ""M13"", ""syllabusRef"": ""M13.13.7(c)"", ""level"": """", ""difficulty"": ""MEDIUM"", ""subTopic"": """", ""isEssay"": false}",False
M13,M13.1.00000,,Q189. What happens to flight levels when high pressure exists?,They are lower than the standard pressure reference,They are above the standard pressure reference,They stay at the same level regardless of pressure,,They stay at the same level regardless of pressure,MEDIUM,,,MEDIUM,ANSWERED,Matched from corpus,1,MODULE 13_Questions.pdf,"{""raw"": ""Q189. What happens to flight levels when high pressure exists?"", ""question"": ""Q189. What happens to flight levels when high pressure exists?"", ""options"": [""They are lower than the standard pressure reference"", ""They are above the standard pressure reference"", ""They stay at the same level regardless of pressure""], ""correct"": ""They stay at the same level regardless of pressure"", ""answer_text"": null, ""category"": null, ""source_file"": ""MODULE 13_Questions.pdf"", ""source_module"": ""M13"", ""fmt"": ""csv"", ""module"": ""M13"", ""syllabusRef"": ""M13.1.00000"", ""level"": """", ""difficulty"": ""MEDIUM"", ""subTopic"": """", ""isEssay"": false}",False
M13,M13.13.7(c),,system be below the standard pressure reference?,When there is a low pressure system,When there is a high pressure system,When the aircraft is on the ground,,When the aircraft is on the ground,EASY,,,MEDIUM,ANSWERED,Matched from corpus-option,1,MODULE 13_Questions.pdf,"{""raw"": ""system be below the standard pressure reference?"", ""question"": ""system be below the standard pressure reference?"", ""options"": [""When there is a low pressure system"", ""When there is a high pressure system"", ""When the aircraft is on the ground""], ""correct"": ""When the aircraft is on the ground"", ""answer_text"": null, ""category"": null, ""source_file"": ""MODULE 13_Questions.pdf"", ""source_module"": ""M13"", ""fmt"": ""csv"", ""module"": ""M13"", ""syllabusRef"": ""M13.13.7(c)"", ""level"": """", ""difficulty"": ""EASY"", ""subTopic"": """", ""isEssay"": false}",False
M13,M13.13.7(a),,Q192. What is the primary function of a servo altimeter?,To send a digital code to the radar beacon transponder,To minimize position error by compensating for static system errors,To display altitude in a digital format with a pointer and drum,,To minimize position error by compensating for static system errors,MEDIUM,,,MEDIUM,ANSWERED,Matched from corpus-option-overlap,1,MODULE 13_Questions.pdf,"{""raw"": ""Q192. What is the primary function of a servo altimeter?"", ""question"": ""Q192. What is the primary function of a servo altimeter?"", ""options"": [""To send a digital code to the radar beacon transponder"", ""To minimize position error by compensating for static system errors"", ""To display altitude in a digital format with a pointer and drum""], ""correct"": ""To minimize position error by compensating for static system errors"", ""answer_text"": null, ""category"": null, ""source_file"": ""MODULE 13_Questions.pdf"", ""source_module"": ""M13"", ""fmt"": ""csv"", ""module"": ""M13"", ""syllabusRef"": ""M13.13.7(a)"", ""level"": """", ""difficulty"": ""MEDIUM"", ""subTopic"": """", ""isEssay"": false}",False
M13,M13.30.05,,with a single pointer?,They are simpler to calibrate,They provide a more accurate digital readout for thousands of feet,They reduce the risk of misreading the instrument,,They provide a more accurate digital readout for thousands of feet,EASY,,,MEDIUM,ANSWERED,Matched from corpus-option-overlap,1,MODULE 13_Questions.pdf,"{""raw"": ""with a single pointer?"", ""question"": ""with a single pointer?"", ""options"": [""They are simpler to calibrate"", ""They provide a more accurate digital readout for thousands of feet"", ""They reduce the risk of misreading the instrument""], ""correct"": ""They provide a more accurate digital readout for thousands of feet"", ""answer_text"": null, ""category"": null, ""source_file"": ""MODULE 13_Questions.pdf"", ""source_module"": ""M13"", ""fmt"": ""csv"", ""module"": ""M13"", ""syllabusRef"": ""M13.30.05"", ""level"": """", ""difficulty"": ""EASY"", ""subTopic"": """", ""isEssay"": false}",False
M13,M13.30.05,,Q195. What is the purpose of the three pointers in traditional altimeters?,To indicate the altitude in digital format,"To display different altitude ranges (1,000, 10,000, and 100,000 feet)",To compensate for static system errors,,To indicate the altitude in digital format,MEDIUM,,,MEDIUM,ANSWERED,Matched from corpus-option-overlap,1,MODULE 13_Questions.pdf,"{""raw"": ""Q195. What is the purpose of the three pointers in traditional altimeters?"", ""question"": ""Q195. What is the purpose of the three pointers in traditional altimeters?"", ""options"": [""To indicate the altitude in digital format"", ""To display different altitude ranges (1,000, 10,000, and 100,000 feet)"", ""To compensate for static system errors""], ""correct"": ""To indicate the altitude in digital format"", ""answer_text"": null, ""category"": null, ""source_file"": ""MODULE 13_Questions.pdf"", ""source_module"": ""M13"", ""fmt"": ""csv"", ""module"": ""M13"", ""syllabusRef"": ""M13.30.05"", ""level"": """", ""difficulty"": ""MEDIUM"", ""subTopic"": """", ""isEssay"": false}",False
M13,M13.13.7(a),,Q196. What is the primary function of the Vertical Speed Indicator (VSI)?,To measure altitude directly,To help the pilot establish a rate of ascent or descent,To display the aircraft's speed in relation to altitude,,To help the pilot establish a rate of ascent or descent,MEDIUM,,,MEDIUM,ANSWERED,Matched from corpus-option-overlap,1,MODULE 13_Questions.pdf,"{""raw"": ""Q196. What is the primary function of the Vertical Speed Indicator (VSI)?"", ""question"": ""Q196. What is the primary function of the Vertical Speed Indicator (VSI)?"", ""options"": [""To measure altitude directly"", ""To help the pilot establish a rate of ascent or descent"", ""To display the aircraft's speed in relation to altitude""], ""correct"": ""To help the pilot establish a rate of ascent or descent"", ""answer_text"": null, ""category"": null, ""source_file"": ""MODULE 13_Questions.pdf"", ""source_module"": ""M13"", ""fmt"": ""csv"", ""module"": ""M13"", ""syllabusRef"": ""M13.13.7(a)"", ""level"": """", ""difficulty"": ""MEDIUM"", ""subTopic"": """", ""isEssay"": false}",False
M13,M13.1.00000,,similarly to an altimeter?,Electric sensor,Bellows or pressure capsule,Hydraulic piston,,Bellows or pressure capsule,EASY,,,MEDIUM,ANSWERED,Matched from corpus-option-overlap,1,MODULE 13_Questions.pdf,"{""raw"": ""similarly to an altimeter?"", ""question"": ""similarly to an altimeter?"", ""options"": [""Electric sensor"", ""Bellows or pressure capsule"", ""Hydraulic piston""], ""correct"": ""Bellows or pressure capsule"", ""answer_text"": null, ""category"": null, ""source_file"": ""MODULE 13_Questions.pdf"", ""source_module"": ""M13"", ""fmt"": ""csv"", ""module"": ""M13"", ""syllabusRef"": ""M13.1.00000"", ""level"": """", ""difficulty"": ""EASY"", ""subTopic"": """", ""isEssay"": false}",False
M13,M13.30.05,,Q198. How does the VSI measure the rate of climb or descent?,By measuring the change in airspeed,By using a calibrated leak in the diffuser,By measuring the static pressure of the air inside the instrument,,By measuring the static pressure of the air inside the instrument,MEDIUM,,,MEDIUM,ANSWERED,Matched from corpus-option-overlap,1,MODULE 13_Questions.pdf,"{""raw"": ""Q198. How does the VSI measure the rate of climb or descent?"", ""question"": ""Q198. How does the VSI measure the rate of climb or descent?"", ""options"": [""By measuring the change in airspeed"", ""By using a calibrated leak in the diffuser"", ""By measuring the static pressure of the air inside the instrument""], ""correct"": ""By measuring the static pressure of the air inside the instrument"", ""answer_text"": null, ""category"": null, ""source_file"": ""MODULE 13_Questions.pdf"", ""source_module"": ""M13"", ""fmt"": ""csv"", ""module"": ""M13"", ""syllabusRef"": ""M13.30.05"", ""level"": """", ""difficulty"": ""MEDIUM"", ""subTopic"": """", ""isEssay"": false}",False
M13,M13.30.05,,Q199. What does the diaphragm in the Vertical Speed Indicator (VSI) do?,It controls the leak rate inside the instrument,It responds to changes in static pressure,It moves the needle on the dial to indicate altitude,,It moves the needle on the dial to indicate altitude,MEDIUM,,,MEDIUM,ANSWERED,Matched from corpus-option-overlap,1,MODULE 13_Questions.pdf,"{""raw"": ""Q199. What does the diaphragm in the Vertical Speed Indicator (VSI) do?"", ""question"": ""Q199. What does the diaphragm in the Vertical Speed Indicator (VSI) do?"", ""options"": [""It controls the leak rate inside the instrument"", ""It responds to changes in static pressure"", ""It moves the needle on the dial to indicate altitude""], ""correct"": ""It moves the needle on the dial to indicate altitude"", ""answer_text"": null, ""category"": null, ""source_file"": ""MODULE 13_Questions.pdf"", ""source_module"": ""M13"", ""fmt"": ""csv"", ""module"": ""M13"", ""syllabusRef"": ""M13.30.05"", ""level"": """", ""difficulty"": ""MEDIUM"", ""subTopic"": """", ""isEssay"": false}",False
M13,M13.30.05,,Q201. What does the calibrated leak in the VSI's diffuser allow for?,It ensures accurate altitude readings,It compensates for pressure changes inside the capsule,It creates a pressure difference proportional to the rate of change in,,It compensates for pressure changes inside the capsule,MEDIUM,,,MEDIUM,ANSWERED,Matched from corpus-option-overlap,1,MODULE 13_Questions.pdf,"{""raw"": ""Q201. What does the calibrated leak in the VSI's diffuser allow for?"", ""question"": ""Q201. What does the calibrated leak in the VSI's diffuser allow for?"", ""options"": [""It ensures accurate altitude readings"", ""It compensates for pressure changes inside the capsule"", ""It creates a pressure difference proportional to the rate of change in""], ""correct"": ""It compensates for pressure changes inside the capsule"", ""answer_text"": null, ""category"": null, ""source_file"": ""MODULE 13_Questions.pdf"", ""source_module"": ""M13"", ""fmt"": ""csv"", ""module"": ""M13"", ""syllabusRef"": ""M13.30.05"", ""level"": """", ""difficulty"": ""MEDIUM"", ""subTopic"": """", ""isEssay"": false}",False
M13,M13.1.5,,Q202. What happens when the aircraft levels off in relation to the VSI?,The pressure inside the case and capsule will become unequal,The VSI will show an increased rate of climb,"The pressure inside the case and capsule will equalize, and the indicator",,The pressure inside the case and capsule will become unequal,MEDIUM,,,MEDIUM,ANSWERED,Matched from corpus-option-overlap,1,MODULE 13_Questions.pdf,"{""raw"": ""Q202. What happens when the aircraft levels off in relation to the VSI?"", ""question"": ""Q202. What happens when the aircraft levels off in relation to the VSI?"", ""options"": [""The pressure inside the case and capsule will become unequal"", ""The VSI will show an increased rate of climb"", ""The pressure inside the case and capsule will equalize, and the indicator""], ""correct"": ""The pressure inside the case and capsule will become unequal"", ""answer_text"": null, ""category"": null, ""source_file"": ""MODULE 13_Questions.pdf"", ""source_module"": ""M13"", ""fmt"": ""csv"", ""module"": ""M13"", ""syllabusRef"": ""M13.1.5"", ""level"": """", ""difficulty"": ""MEDIUM"", ""subTopic"": """", ""isEssay"": false}",False
M13,M13.1.00000,,Q203. What is the role of the capsule in the VSI?,It measures the altitude directly,"It compresses when the pressure inside decreases, moving the pointer",It regulates the calibrated leak in the diffuser,,"It compresses when the pressure inside decreases, moving the pointer",EASY,,,MEDIUM,ANSWERED,Matched from corpus-option-overlap,1,MODULE 13_Questions.pdf,"{""raw"": ""Q203. What is the role of the capsule in the VSI?"", ""question"": ""Q203. What is the role of the capsule in the VSI?"", ""options"": [""It measures the altitude directly"", ""It compresses when the pressure inside decreases, moving the pointer"", ""It regulates the calibrated leak in the diffuser""], ""correct"": ""It compresses when the pressure inside decreases, moving the pointer"", ""answer_text"": null, ""category"": null, ""source_file"": ""MODULE 13_Questions.pdf"", ""source_module"": ""M13"", ""fmt"": ""csv"", ""module"": ""M13"", ""syllabusRef"": ""M13.1.00000"", ""level"": """", ""difficulty"": ""EASY"", ""subTopic"": """", ""isEssay"": false}",False
M13,M13.13.4(b),,Q204. What is the main difference between an IVSI and a conventional VSI?,The IVSI uses a pressure capsule only,The IVSI has an accelerometer-operated air pump,The IVSI does not measure descent rates,,The IVSI does not measure descent rates,MEDIUM,,,MEDIUM,ANSWERED,Matched from corpus,1,MODULE 13_Questions.pdf,"{""raw"": ""Q204. What is the main difference between an IVSI and a conventional VSI?"", ""question"": ""Q204. What is the main difference between an IVSI and a conventional VSI?"", ""options"": [""The IVSI uses a pressure capsule only"", ""The IVSI has an accelerometer-operated air pump"", ""The IVSI does not measure descent rates""], ""correct"": ""The IVSI does not measure descent rates"", ""answer_text"": null, ""category"": null, ""source_file"": ""MODULE 13_Questions.pdf"", ""source_module"": ""M13"", ""fmt"": ""csv"", ""module"": ""M13"", ""syllabusRef"": ""M13.13.4(b)"", ""level"": """", ""difficulty"": ""MEDIUM"", ""subTopic"": """", ""isEssay"": false}",False
M13,M13.30.05,,conventional VSI?,By reducing the pressure lag,By eliminating the need for a diffuser valve,By using the accelerometer to instantly detect changes in vertical speed,,By reducing the pressure lag,EASY,,,MEDIUM,ANSWERED,Matched from corpus-option-overlap,1,MODULE 13_Questions.pdf,"{""raw"": ""conventional VSI?"", ""question"": ""conventional VSI?"", ""options"": [""By reducing the pressure lag"", ""By eliminating the need for a diffuser valve"", ""By using the accelerometer to instantly detect changes in vertical speed""], ""correct"": ""By reducing the pressure lag"", ""answer_text"": null, ""category"": null, ""source_file"": ""MODULE 13_Questions.pdf"", ""source_module"": ""M13"", ""fmt"": ""csv"", ""module"": ""M13"", ""syllabusRef"": ""M13.30.05"", ""level"": """", ""difficulty"": ""EASY"", ""subTopic"": """", ""isEssay"": false}",False
M13,M13.13.7(a),,Q207. What is the primary function of an airspeed indicator?,It measures vertical speed,It measures the difference between static and altitude pressures,It measures the difference between the pitot and static pressure,,It measures the difference between the pitot and static pressure,MEDIUM,,,MEDIUM,ANSWERED,Matched from corpus-option-overlap,1,MODULE 13_Questions.pdf,"{""raw"": ""Q207. What is the primary function of an airspeed indicator?"", ""question"": ""Q207. What is the primary function of an airspeed indicator?"", ""options"": [""It measures vertical speed"", ""It measures the difference between static and altitude pressures"", ""It measures the difference between the pitot and static pressure""], ""correct"": ""It measures the difference between the pitot and static pressure"", ""answer_text"": null, ""category"": null, ""source_file"": ""MODULE 13_Questions.pdf"", ""source_module"": ""M13"", ""fmt"": ""csv"", ""module"": ""M13"", ""syllabusRef"": ""M13.13.7(a)"", ""level"": """", ""difficulty"": ""MEDIUM"", ""subTopic"": """", ""isEssay"": false}",False
M13,M13.30.05,,Q208. How does the airspeed indicator display the change in pressure?,Through a calibrated leak,By using a digital readout of pressure changes,By using a mechanical linkage that moves the pointer over the dial,,Through a calibrated leak,MEDIUM,,,MEDIUM,ANSWERED,Matched from corpus-option-overlap,1,MODULE 13_Questions.pdf,"{""raw"": ""Q208. How does the airspeed indicator display the change in pressure?"", ""question"": ""Q208. How does the airspeed indicator display the change in pressure?"", ""options"": [""Through a calibrated leak"", ""By using a digital readout of pressure changes"", ""By using a mechanical linkage that moves the pointer over the dial""], ""correct"": ""Through a calibrated leak"", ""answer_text"": null, ""category"": null, ""source_file"": ""MODULE 13_Questions.pdf"", ""source_module"": ""M13"", ""fmt"": ""csv"", ""module"": ""M13"", ""syllabusRef"": ""M13.30.05"", ""level"": """", ""difficulty"": ""MEDIUM"", ""subTopic"": """", ""isEssay"": false}",False
M13,M13.13.06,,Q209. What does Indicated Airspeed (IAS) represent?,The actual speed of the aircraft relative to the ground,The uncorrected reading of the airspeed indicator,The airspeed corrected for altitude and temperature,,The uncorrected reading of the airspeed indicator,MEDIUM,,,MEDIUM,ANSWERED,Matched from corpus-option-overlap,1,MODULE 13_Questions.pdf,"{""raw"": ""Q209. What does Indicated Airspeed (IAS) represent?"", ""question"": ""Q209. What does Indicated Airspeed (IAS) represent?"", ""options"": [""The actual speed of the aircraft relative to the ground"", ""The uncorrected reading of the airspeed indicator"", ""The airspeed corrected for altitude and temperature""], ""correct"": ""The uncorrected reading of the airspeed indicator"", ""answer_text"": null, ""category"": null, ""source_file"": ""MODULE 13_Questions.pdf"", ""source_module"": ""M13"", ""fmt"": ""csv"", ""module"": ""M13"", ""syllabusRef"": ""M13.13.06"", ""level"": """", ""difficulty"": ""MEDIUM"", ""subTopic"": """", ""isEssay"": false}",False
M13,M13.30.05,,Q210. What is the main purpose of Calibrated Airspeed (CAS)?,To convert indicated airspeed to true airspeed for navigational purposes,To account for errors in static port location and airflow distortion,To measure the stalling speed of the aircraft,,To convert indicated airspeed to true airspeed for navigational purposes,MEDIUM,,,MEDIUM,ANSWERED,Matched from corpus-option-overlap,1,MODULE 13_Questions.pdf,"{""raw"": ""Q210. What is the main purpose of Calibrated Airspeed (CAS)?"", ""question"": ""Q210. What is the main purpose of Calibrated Airspeed (CAS)?"", ""options"": [""To convert indicated airspeed to true airspeed for navigational purposes"", ""To account for errors in static port location and airflow distortion"", ""To measure the stalling speed of the aircraft""], ""correct"": ""To convert indicated airspeed to true airspeed for navigational purposes"", ""answer_text"": null, ""category"": null, ""source_file"": ""MODULE 13_Questions.pdf"", ""source_module"": ""M13"", ""fmt"": ""csv"", ""module"": ""M13"", ""syllabusRef"": ""M13.30.05"", ""level"": """", ""difficulty"": ""MEDIUM"", ""subTopic"": """", ""isEssay"": false}",False
M13,M13.13.4(b),,Airspeed (CAS) and True Airspeed (TAS) compare?,They are always different,They are the same,TAS is always higher than CAS,,They are always different,EASY,,,MEDIUM,ANSWERED,Matched from corpus-option-overlap,1,MODULE 13_Questions.pdf,"{""raw"": ""Airspeed (CAS) and True Airspeed (TAS) compare?"", ""question"": ""Airspeed (CAS) and True Airspeed (TAS) compare?"", ""options"": [""They are always different"", ""They are the same"", ""TAS is always higher than CAS""], ""correct"": ""They are always different"", ""answer_text"": null, ""category"": null, ""source_file"": ""MODULE 13_Questions.pdf"", ""source_module"": ""M13"", ""fmt"": ""csv"", ""module"": ""M13"", ""syllabusRef"": ""M13.13.4(b)"", ""level"": """", ""difficulty"": ""EASY"", ""subTopic"": """", ""isEssay"": false}",False
M13,M13.13.7(c),,87. What is the frequency range of the VOR system?,88.00–108.00 MHz,✔ 108.00–117.95 MHz,118.00–136.00 MHz,,✔ 108.00–117.95 MHz,MEDIUM,,,HIGH,ANSWERED,VOR operates in 108.00-117.95 MHz,1,MODULE 13_Questions.pdf,"{""raw"": ""87. What is the frequency range of the VOR system?"", ""question"": ""87. What is the frequency range of the VOR system?"", ""options"": [""88.00–108.00 MHz"", ""✔ 108.00–117.95 MHz"", ""118.00–136.00 MHz""], ""correct"": ""✔ 108.00–117.95 MHz"", ""answer_text"": null, ""category"": null, ""source_file"": ""MODULE 13_Questions.pdf"", ""source_module"": ""M13"", ""fmt"": ""csv"", ""module"": ""M13"", ""syllabusRef"": ""M13.13.7(c)"", ""level"": """", ""difficulty"": ""MEDIUM"", ""subTopic"": """", ""isEssay"": false}",False
M13,M13.1.5,,88. What type of information does a VOR system primarily provide?,Altitude and heading,✔ Bearing information based on phase difference,Speed and distance to destination,,✔ Bearing information based on phase difference,MEDIUM,,,MEDIUM,ANSWERED,Matched from corpus-option-overlap,1,MODULE 13_Questions.pdf,"{""raw"": ""88. What type of information does a VOR system primarily provide?"", ""question"": ""88. What type of information does a VOR system primarily provide?"", ""options"": [""Altitude and heading"", ""✔ Bearing information based on phase difference"", ""Speed and distance to destination""], ""correct"": ""✔ Bearing information based on phase difference"", ""answer_text"": null, ""category"": null, ""source_file"": ""MODULE 13_Questions.pdf"", ""source_module"": ""M13"", ""fmt"": ""csv"", ""module"": ""M13"", ""syllabusRef"": ""M13.1.5"", ""level"": """", ""difficulty"": ""MEDIUM"", ""subTopic"": """", ""isEssay"": false}",False
M13,M13.13.7(c),,What does the VOR system use to determine the aircraft's position relative,Pulse timing and Doppler shift,✔ Phase comparison between reference and variable signals,Time delay between signals,,✔ Phase comparison between reference and variable signals,MEDIUM,,,MEDIUM,ANSWERED,Matched from corpus-option-overlap,1,MODULE 13_Questions.pdf,"{""raw"": ""What does the VOR system use to determine the aircraft's position relative"", ""question"": ""What does the VOR system use to determine the aircraft's position relative"", ""options"": [""Pulse timing and Doppler shift"", ""✔ Phase comparison between reference and variable signals"", ""Time delay between signals""], ""correct"": ""✔ Phase comparison between reference and variable signals"", ""answer_text"": null, ""category"": null, ""source_file"": ""MODULE 13_Questions.pdf"", ""source_module"": ""M13"", ""fmt"": ""csv"", ""module"": ""M13"", ""syllabusRef"": ""M13.13.7(c)"", ""level"": """", ""difficulty"": ""MEDIUM"", ""subTopic"": """", ""isEssay"": false}",False
M13,M13.12.000,,What does the VOR ground station transmit to allow station,A coded tone burst,✔ A Morse code signal,An AM voice broadcast,,✔ A Morse code signal,MEDIUM,,,MEDIUM,ANSWERED,Matched from corpus-option-overlap,1,MODULE 13_Questions.pdf,"{""raw"": ""What does the VOR ground station transmit to allow station"", ""question"": ""What does the VOR ground station transmit to allow station"", ""options"": [""A coded tone burst"", ""✔ A Morse code signal"", ""An AM voice broadcast""], ""correct"": ""✔ A Morse code signal"", ""answer_text"": null, ""category"": null, ""source_file"": ""MODULE 13_Questions.pdf"", ""source_module"": ""M13"", ""fmt"": ""csv"", ""module"": ""M13"", ""syllabusRef"": ""M13.12.000"", ""level"": """", ""difficulty"": ""MEDIUM"", ""subTopic"": """", ""isEssay"": false}",False
M13,M13.13.04,,"91. In VOR navigation, what does the TO/FROM indicator show?",Distance from the station,✔ Whether the aircraft is flying toward or away from the station on a,,,Distance from the station,MEDIUM,,,MEDIUM,ANSWERED,Matched from corpus-option-overlap,1,MODULE 13_Questions.pdf,"{""raw"": ""91. In VOR navigation, what does the TO/FROM indicator show?"", ""question"": ""91. In VOR navigation, what does the TO/FROM indicator show?"", ""options"": [""Distance from the station"", ""✔ Whether the aircraft is flying toward or away from the station on a""], ""correct"": ""Distance from the station"", ""answer_text"": null, ""category"": null, ""source_file"": ""MODULE 13_Questions.pdf"", ""source_module"": ""M13"", ""fmt"": ""csv"", ""module"": ""M13"", ""syllabusRef"": ""M13.13.04"", ""level"": """", ""difficulty"": ""MEDIUM"", ""subTopic"": """", ""isEssay"": false}",False
M13,M13.30.05,,What are the two fields generated when a high-frequency AC is applied to,Thermal and magnetic fields,✔ Electric (E) and Magnetic (H) fields,Static and current fields,,✔ Electric (E) and Magnetic (H) fields,MEDIUM,,,MEDIUM,ANSWERED,Matched from corpus-option-overlap,1,MODULE 13_Questions.pdf,"{""raw"": ""What are the two fields generated when a high-frequency AC is applied to"", ""question"": ""What are the two fields generated when a high-frequency AC is applied to"", ""options"": [""Thermal and magnetic fields"", ""✔ Electric (E) and Magnetic (H) fields"", ""Static and current fields""], ""correct"": ""✔ Electric (E) and Magnetic (H) fields"", ""answer_text"": null, ""category"": null, ""source_file"": ""MODULE 13_Questions.pdf"", ""source_module"": ""M13"", ""fmt"": ""csv"", ""module"": ""M13"", ""syllabusRef"": ""M13.30.05"", ""level"": """", ""difficulty"": ""MEDIUM"", ""subTopic"": """", ""isEssay"": false}",False
M13,M13.13.4(b),,93. How are the electric and magnetic fields oriented in a radio wave?,They are parallel to each other and to the wave direction,✔ At right angles to each other and to the direction of propagation,They spiral around the direction of propagation,,They are parallel to each other and to the wave direction,MEDIUM,,,MEDIUM,ANSWERED,Matched from corpus,1,MODULE 13_Questions.pdf,"{""raw"": ""93. How are the electric and magnetic fields oriented in a radio wave?"", ""question"": ""93. How are the electric and magnetic fields oriented in a radio wave?"", ""options"": [""They are parallel to each other and to the wave direction"", ""✔ At right angles to each other and to the direction of propagation"", ""They spiral around the direction of propagation""], ""correct"": ""They are parallel to each other and to the wave direction"", ""answer_text"": null, ""category"": null, ""source_file"": ""MODULE 13_Questions.pdf"", ""source_module"": ""M13"", ""fmt"": ""csv"", ""module"": ""M13"", ""syllabusRef"": ""M13.13.4(b)"", ""level"": """", ""difficulty"": ""MEDIUM"", ""subTopic"": """", ""isEssay"": false}",False
M13,M13.1.5,,94. What happens when the AC changes rapidly in an antenna?,The energy is absorbed by the antenna,The fields collapse and reset completely,✔ Energy is radiated into space as an electromagnetic wave,,✔ Energy is radiated into space as an electromagnetic wave,MEDIUM,,,MEDIUM,ANSWERED,Matched from corpus-option-overlap,1,MODULE 13_Questions.pdf,"{""raw"": ""94. What happens when the AC changes rapidly in an antenna?"", ""question"": ""94. What happens when the AC changes rapidly in an antenna?"", ""options"": [""The energy is absorbed by the antenna"", ""The fields collapse and reset completely"", ""✔ Energy is radiated into space as an electromagnetic wave""], ""correct"": ""✔ Energy is radiated into space as an electromagnetic wave"", ""answer_text"": null, ""category"": null, ""source_file"": ""MODULE 13_Questions.pdf"", ""source_module"": ""M13"", ""fmt"": ""csv"", ""module"": ""M13"", ""syllabusRef"": ""M13.1.5"", ""level"": """", ""difficulty"": ""MEDIUM"", ""subTopic"": """", ""isEssay"": false}",False
M13,M13.1.0,,95. At what speed does a radio wave travel through space?,"186,000 kilometers per hour","✔ 300,000,000 meters per second (speed of light)","3,000 meters per second",,"✔ 300,000,000 meters per second (speed of light)",MEDIUM,,,MEDIUM,ANSWERED,Matched from corpus-option-overlap,1,MODULE 13_Questions.pdf,"{""raw"": ""95. At what speed does a radio wave travel through space?"", ""question"": ""95. At what speed does a radio wave travel through space?"", ""options"": [""186,000 kilometers per hour"", ""✔ 300,000,000 meters per second (speed of light)"", ""3,000 meters per second""], ""correct"": ""✔ 300,000,000 meters per second (speed of light)"", ""answer_text"": null, ""category"": null, ""source_file"": ""MODULE 13_Questions.pdf"", ""source_module"": ""M13"", ""fmt"": ""csv"", ""module"": ""M13"", ""syllabusRef"": ""M13.1.0"", ""level"": """", ""difficulty"": ""MEDIUM"", ""subTopic"": """", ""isEssay"": false}",False
M13,M13.12.000,,"96. When a radio wave strikes a receiver antenna, what occurs?",It heats the antenna,It reverses the polarity of the wave,"✔ It induces a weaker voltage, replicating the transmitter signal",,"✔ It induces a weaker voltage, replicating the transmitter signal",MEDIUM,,,HIGH,ANSWERED,Induces a weaker voltage replicating the transmitter signal,1,MODULE 13_Questions.pdf,"{""raw"": ""96. When a radio wave strikes a receiver antenna, what occurs?"", ""question"": ""96. When a radio wave strikes a receiver antenna, what occurs?"", ""options"": [""It heats the antenna"", ""It reverses the polarity of the wave"", ""✔ It induces a weaker voltage, replicating the transmitter signal""], ""correct"": ""✔ It induces a weaker voltage, replicating the transmitter signal"", ""answer_text"": null, ""category"": null, ""source_file"": ""MODULE 13_Questions.pdf"", ""source_module"": ""M13"", ""fmt"": ""csv"", ""module"": ""M13"", ""syllabusRef"": ""M13.12.000"", ""level"": """", ""difficulty"": ""MEDIUM"", ""subTopic"": """", ""isEssay"": false}",False
M13,M13.0.3,,"In a transmitting antenna, what determines the strength of the magnetic",The voltage applied,The antenna length,✔ The amount of current flowing,,The voltage applied,MEDIUM,,,MEDIUM,ANSWERED,Matched from corpus-option,1,MODULE 13_Questions.pdf,"{""raw"": ""In a transmitting antenna, what determines the strength of the magnetic"", ""question"": ""In a transmitting antenna, what determines the strength of the magnetic"", ""options"": [""The voltage applied"", ""The antenna length"", ""✔ The amount of current flowing""], ""correct"": ""The voltage applied"", ""answer_text"": null, ""category"": null, ""source_file"": ""MODULE 13_Questions.pdf"", ""source_module"": ""M13"", ""fmt"": ""csv"", ""module"": ""M13"", ""syllabusRef"": ""M13.0.3"", ""level"": """", ""difficulty"": ""MEDIUM"", ""subTopic"": """", ""isEssay"": false}",False
M13,M13.1.5,,"In an AC-powered antenna, where is the current maximum and","Maximum at the ends, minimum at the center",Uniform throughout the antenna,"✔ Maximum at the center, minimum at the ends",,Uniform throughout the antenna,MEDIUM,,,MEDIUM,ANSWERED,Matched from corpus-option,1,MODULE 13_Questions.pdf,"{""raw"": ""In an AC-powered antenna, where is the current maximum and"", ""question"": ""In an AC-powered antenna, where is the current maximum and"", ""options"": [""Maximum at the ends, minimum at the center"", ""Uniform throughout the antenna"", ""✔ Maximum at the center, minimum at the ends""], ""correct"": ""Uniform throughout the antenna"", ""answer_text"": null, ""category"": null, ""source_file"": ""MODULE 13_Questions.pdf"", ""source_module"": ""M13"", ""fmt"": ""csv"", ""module"": ""M13"", ""syllabusRef"": ""M13.1.5"", ""level"": """", ""difficulty"": ""MEDIUM"", ""subTopic"": """", ""isEssay"": false}",False
M13,M13.13.05,,99. What determines the intensity of the electric ('E') field in the antenna?,✔ The amount of voltage,The amount of current,The direction of current flow,,✔ The amount of voltage,MEDIUM,,,MEDIUM,ANSWERED,Matched from corpus-option,1,MODULE 13_Questions.pdf,"{""raw"": ""99. What determines the intensity of the electric ('E') field in the antenna?"", ""question"": ""99. What determines the intensity of the electric ('E') field in the antenna?"", ""options"": [""✔ The amount of voltage"", ""The amount of current"", ""The direction of current flow""], ""correct"": ""✔ The amount of voltage"", ""answer_text"": null, ""category"": null, ""source_file"": ""MODULE 13_Questions.pdf"", ""source_module"": ""M13"", ""fmt"": ""csv"", ""module"": ""M13"", ""syllabusRef"": ""M13.13.05"", ""level"": """", ""difficulty"": ""MEDIUM"", ""subTopic"": """", ""isEssay"": false}",False
M13,M13.0.3,,"During operation, when do the electric and magnetic fields exist in the",Only during the positive half-cycle,"Alternately, not at the same time",✔ At the same time during each alternation,,Only during the positive half-cycle,MEDIUM,,,MEDIUM,ANSWERED,Matched from corpus-option-overlap,1,MODULE 13_Questions.pdf,"{""raw"": ""During operation, when do the electric and magnetic fields exist in the"", ""question"": ""During operation, when do the electric and magnetic fields exist in the"", ""options"": [""Only during the positive half-cycle"", ""Alternately, not at the same time"", ""✔ At the same time during each alternation""], ""correct"": ""Only during the positive half-cycle"", ""answer_text"": null, ""category"": null, ""source_file"": ""MODULE 13_Questions.pdf"", ""source_module"": ""M13"", ""fmt"": ""csv"", ""module"": ""M13"", ""syllabusRef"": ""M13.0.3"", ""level"": """", ""difficulty"": ""MEDIUM"", ""subTopic"": """", ""isEssay"": false}",False
M13,M13.12.000,,101. What does the reversal of AC current in an antenna cause?,A steady direct wave,✔ A change in the direction of both electric and magnetic fields,Collapse of the antenna signal,,✔ A change in the direction of both electric and magnetic fields,MEDIUM,,,MEDIUM,ANSWERED,Matched from corpus-option-overlap,1,MODULE 13_Questions.pdf,"{""raw"": ""101. What does the reversal of AC current in an antenna cause?"", ""question"": ""101. What does the reversal of AC current in an antenna cause?"", ""options"": [""A steady direct wave"", ""✔ A change in the direction of both electric and magnetic fields"", ""Collapse of the antenna signal""], ""correct"": ""✔ A change in the direction of both electric and magnetic fields"", ""answer_text"": null, ""category"": null, ""source_file"": ""MODULE 13_Questions.pdf"", ""source_module"": ""M13"", ""fmt"": ""csv"", ""module"": ""M13"", ""syllabusRef"": ""M13.12.000"", ""level"": """", ""difficulty"": ""MEDIUM"", ""subTopic"": """", ""isEssay"": false}",False
M13,M13.13.7(c),,102. What is the main function of an antenna in a radio system?,To amplify the signal,✔ To radiate and receive electromagnetic energy,To convert AC into DC,,✔ To radiate and receive electromagnetic energy,MEDIUM,,,MEDIUM,ANSWERED,Matched from corpus-option-overlap,1,MODULE 13_Questions.pdf,"{""raw"": ""102. What is the main function of an antenna in a radio system?"", ""question"": ""102. What is the main function of an antenna in a radio system?"", ""options"": [""To amplify the signal"", ""✔ To radiate and receive electromagnetic energy"", ""To convert AC into DC""], ""correct"": ""✔ To radiate and receive electromagnetic energy"", ""answer_text"": null, ""category"": null, ""source_file"": ""MODULE 13_Questions.pdf"", ""source_module"": ""M13"", ""fmt"": ""csv"", ""module"": ""M13"", ""syllabusRef"": ""M13.13.7(c)"", ""level"": """", ""difficulty"": ""MEDIUM"", ""subTopic"": """", ""isEssay"": false}",False
M13,M13.13.4(b),,103. What are the three critical characteristics of an antenna?,"Voltage, current, and material","Frequency, gain, and size","✔ Length, polarization, and directivity",,"Voltage, current, and material",MEDIUM,,,MEDIUM,ANSWERED,Matched from corpus-option-overlap,1,MODULE 13_Questions.pdf,"{""raw"": ""103. What are the three critical characteristics of an antenna?"", ""question"": ""103. What are the three critical characteristics of an antenna?"", ""options"": [""Voltage, current, and material"", ""Frequency, gain, and size"", ""✔ Length, polarization, and directivity""], ""correct"": ""Voltage, current, and material"", ""answer_text"": null, ""category"": null, ""source_file"": ""MODULE 13_Questions.pdf"", ""source_module"": ""M13"", ""fmt"": ""csv"", ""module"": ""M13"", ""syllabusRef"": ""M13.13.4(b)"", ""level"": """", ""difficulty"": ""MEDIUM"", ""subTopic"": """", ""isEssay"": false}",False
M13,M13.12.000,,"104. For maximum efficiency, what should be the length of an antenna?",Equal to the full wavelength,✔ Half the wavelength of the signal,Twice the wavelength of the signal,,✔ Half the wavelength of the signal,MEDIUM,,,MEDIUM,ANSWERED,Matched from corpus-option,1,MODULE 13_Questions.pdf,"{""raw"": ""104. For maximum efficiency, what should be the length of an antenna?"", ""question"": ""104. For maximum efficiency, what should be the length of an antenna?"", ""options"": [""Equal to the full wavelength"", ""✔ Half the wavelength of the signal"", ""Twice the wavelength of the signal""], ""correct"": ""✔ Half the wavelength of the signal"", ""answer_text"": null, ""category"": null, ""source_file"": ""MODULE 13_Questions.pdf"", ""source_module"": ""M13"", ""fmt"": ""csv"", ""module"": ""M13"", ""syllabusRef"": ""M13.12.000"", ""level"": """", ""difficulty"": ""MEDIUM"", ""subTopic"": """", ""isEssay"": false}",False
M13,M13.13.05,,105. A vertical transmitting antenna produces which type of electric field?,Horizontal,✔ Vertical,Circular,,✔ Vertical,MEDIUM,,,MEDIUM,ANSWERED,Matched from corpus,1,MODULE 13_Questions.pdf,"{""raw"": ""105. A vertical transmitting antenna produces which type of electric field?"", ""question"": ""105. A vertical transmitting antenna produces which type of electric field?"", ""options"": [""Horizontal"", ""✔ Vertical"", ""Circular""], ""correct"": ""✔ Vertical"", ""answer_text"": null, ""category"": null, ""source_file"": ""MODULE 13_Questions.pdf"", ""source_module"": ""M13"", ""fmt"": ""csv"", ""module"": ""M13"", ""syllabusRef"": ""M13.13.05"", ""level"": """", ""difficulty"": ""MEDIUM"", ""subTopic"": """", ""isEssay"": false}",False
M13,M13.13.4(b),,"Which type of antennas are mostly used for LF, MF, and HF",Vertically polarised,✔ Horizontally polarised,Circularly polarised,,Vertically polarised,MEDIUM,,,MEDIUM,ANSWERED,Matched from corpus-option,1,MODULE 13_Questions.pdf,"{""raw"": ""Which type of antennas are mostly used for LF, MF, and HF"", ""question"": ""Which type of antennas are mostly used for LF, MF, and HF"", ""options"": [""Vertically polarised"", ""✔ Horizontally polarised"", ""Circularly polarised""], ""correct"": ""Vertically polarised"", ""answer_text"": null, ""category"": null, ""source_file"": ""MODULE 13_Questions.pdf"", ""source_module"": ""M13"", ""fmt"": ""csv"", ""module"": ""M13"", ""syllabusRef"": ""M13.13.4(b)"", ""level"": """", ""difficulty"": ""MEDIUM"", ""subTopic"": """", ""isEssay"": false}",False
M13,,,107. Which antenna type radiates strongest in a direction perpendicular to its length?,Loop Antenna,✔ Dipole Antenna,Vertical Whip Antenna,,Loop Antenna,MEDIUM,,,MEDIUM,ANSWERED,Matched from corpus-option,1,MODULE 13_Questions.pdf,"{""raw"": ""107. Which antenna type radiates strongest in a direction perpendicular to its length?"", ""question"": ""107. Which antenna type radiates strongest in a direction perpendicular to its length?"", ""options"": [""Loop Antenna"", ""✔ Dipole Antenna"", ""Vertical Whip Antenna""], ""correct"": ""Loop Antenna"", ""answer_text"": null, ""category"": null, ""source_file"": ""MODULE 13_Questions.pdf"", ""source_module"": ""M13"", ""fmt"": ""csv"", ""module"": ""M13"", ""syllabusRef"": """", ""level"": """", ""difficulty"": ""MEDIUM"", ""subTopic"": """", ""isEssay"": false}",False
M13,M13.0.3,,108. What is the radiation pattern of a Vertical Whip Antenna?,Highly directional,Perpendicular to its plane,✔ Omnidirectional,,Highly directional,MEDIUM,,,MEDIUM,ANSWERED,Matched from corpus-option,1,MODULE 13_Questions.pdf,"{""raw"": ""108. What is the radiation pattern of a Vertical Whip Antenna?"", ""question"": ""108. What is the radiation pattern of a Vertical Whip Antenna?"", ""options"": [""Highly directional"", ""Perpendicular to its plane"", ""✔ Omnidirectional""], ""correct"": ""Highly directional"", ""answer_text"": null, ""category"": null, ""source_file"": ""MODULE 13_Questions.pdf"", ""source_module"": ""M13"", ""fmt"": ""csv"", ""module"": ""M13"", ""syllabusRef"": ""M13.0.3"", ""level"": """", ""difficulty"": ""MEDIUM"", ""subTopic"": """", ""isEssay"": false}",False
M13,M13.0.3,,109. Which antenna has the most directional characteristics?,✔ Loop Antenna,Dipole Antenna,Vertical Whip Antenna,,✔ Loop Antenna,MEDIUM,,,MEDIUM,ANSWERED,Matched from corpus,1,MODULE 13_Questions.pdf,"{""raw"": ""109. Which antenna has the most directional characteristics?"", ""question"": ""109. Which antenna has the most directional characteristics?"", ""options"": [""✔ Loop Antenna"", ""Dipole Antenna"", ""Vertical Whip Antenna""], ""correct"": ""✔ Loop Antenna"", ""answer_text"": null, ""category"": null, ""source_file"": ""MODULE 13_Questions.pdf"", ""source_module"": ""M13"", ""fmt"": ""csv"", ""module"": ""M13"", ""syllabusRef"": ""M13.0.3"", ""level"": """", ""difficulty"": ""MEDIUM"", ""subTopic"": """", ""isEssay"": false}",False
M13,M13.12.000,,110. In which direction is the signal from a Loop Antenna the weakest?,In the direction of its axis,Along the length of the loop,✔ Perpendicular to its plane,,In the direction of its axis,MEDIUM,,,MEDIUM,ANSWERED,Matched from corpus,1,MODULE 13_Questions.pdf,"{""raw"": ""110. In which direction is the signal from a Loop Antenna the weakest?"", ""question"": ""110. In which direction is the signal from a Loop Antenna the weakest?"", ""options"": [""In the direction of its axis"", ""Along the length of the loop"", ""✔ Perpendicular to its plane""], ""correct"": ""In the direction of its axis"", ""answer_text"": null, ""category"": null, ""source_file"": ""MODULE 13_Questions.pdf"", ""source_module"": ""M13"", ""fmt"": ""csv"", ""module"": ""M13"", ""syllabusRef"": ""M13.12.000"", ""level"": """", ""difficulty"": ""MEDIUM"", ""subTopic"": """", ""isEssay"": false}",False
M13,,,111. An antenna acts like what kind of electrical circuit?,Rectifier circuit,Filter circuit,✔ Open resonant circuit,,✔ Open resonant circuit,MEDIUM,,,MEDIUM,ANSWERED,Matched from corpus-option,1,MODULE 13_Questions.pdf,"{""raw"": ""111. An antenna acts like what kind of electrical circuit?"", ""question"": ""111. An antenna acts like what kind of electrical circuit?"", ""options"": [""Rectifier circuit"", ""Filter circuit"", ""✔ Open resonant circuit""], ""correct"": ""✔ Open resonant circuit"", ""answer_text"": null, ""category"": null, ""source_file"": ""MODULE 13_Questions.pdf"", ""source_module"": ""M13"", ""fmt"": ""csv"", ""module"": ""M13"", ""syllabusRef"": """", ""level"": """", ""difficulty"": ""MEDIUM"", ""subTopic"": """", ""isEssay"": false}",False
M13,M13.12.000,,"For maximum signal reception, a receiving antenna must be:",Perpendicular to the electric field and parallel to the magnetic field,✔ Parallel to the electric field and perpendicular to the magnetic field,At 45° to both electric and magnetic fields,,Perpendicular to the electric field and parallel to the magnetic field,MEDIUM,,,MEDIUM,ANSWERED,Matched from corpus-option-overlap,1,MODULE 13_Questions.pdf,"{""raw"": ""For maximum signal reception, a receiving antenna must be:"", ""question"": ""For maximum signal reception, a receiving antenna must be:"", ""options"": [""Perpendicular to the electric field and parallel to the magnetic field"", ""✔ Parallel to the electric field and perpendicular to the magnetic field"", ""At 45° to both electric and magnetic fields""], ""correct"": ""Perpendicular to the electric field and parallel to the magnetic field"", ""answer_text"": null, ""category"": null, ""source_file"": ""MODULE 13_Questions.pdf"", ""source_module"": ""M13"", ""fmt"": ""csv"", ""module"": ""M13"", ""syllabusRef"": ""M13.12.000"", ""level"": """", ""difficulty"": ""MEDIUM"", ""subTopic"": """", ""isEssay"": false}",False
M13,M13.12.000,,"If the transmitting antenna is vertical, the polarisation of the signal is:",Horizontal,✔ Vertical,Circular,,✔ Vertical,MEDIUM,,,MEDIUM,ANSWERED,Matched from corpus,1,MODULE 13_Questions.pdf,"{""raw"": ""If the transmitting antenna is vertical, the polarisation of the signal is:"", ""question"": ""If the transmitting antenna is vertical, the polarisation of the signal is:"", ""options"": [""Horizontal"", ""✔ Vertical"", ""Circular""], ""correct"": ""✔ Vertical"", ""answer_text"": null, ""category"": null, ""source_file"": ""MODULE 13_Questions.pdf"", ""source_module"": ""M13"", ""fmt"": ""csv"", ""module"": ""M13"", ""syllabusRef"": ""M13.12.000"", ""level"": """", ""difficulty"": ""MEDIUM"", ""subTopic"": """", ""isEssay"": false}",False
M13,,,A horizontally polarised wave is best received using:,✔ A horizontal antenna,A vertical antenna,An omnidirectional antenna,,A vertical antenna,MEDIUM,,,MEDIUM,ANSWERED,Matched from corpus-option,1,MODULE 13_Questions.pdf,"{""raw"": ""A horizontally polarised wave is best received using:"", ""question"": ""A horizontally polarised wave is best received using:"", ""options"": [""✔ A horizontal antenna"", ""A vertical antenna"", ""An omnidirectional antenna""], ""correct"": ""A vertical antenna"", ""answer_text"": null, ""category"": null, ""source_file"": ""MODULE 13_Questions.pdf"", ""source_module"": ""M13"", ""fmt"": ""csv"", ""module"": ""M13"", ""syllabusRef"": """", ""level"": """", ""difficulty"": ""MEDIUM"", ""subTopic"": """", ""isEssay"": false}",False
M13,M13.1.00000,,115. Which field determines the polarisation of a radio wave?,Magnetic Field (H field),Radiation Pressure,✔ Electric Field (E field),,Magnetic Field (H field),MEDIUM,,,MEDIUM,ANSWERED,Matched from corpus,1,MODULE 13_Questions.pdf,"{""raw"": ""115. Which field determines the polarisation of a radio wave?"", ""question"": ""115. Which field determines the polarisation of a radio wave?"", ""options"": [""Magnetic Field (H field)"", ""Radiation Pressure"", ""✔ Electric Field (E field)""], ""correct"": ""Magnetic Field (H field)"", ""answer_text"": null, ""category"": null, ""source_file"": ""MODULE 13_Questions.pdf"", ""source_module"": ""M13"", ""fmt"": ""csv"", ""module"": ""M13"", ""syllabusRef"": ""M13.1.00000"", ""level"": """", ""difficulty"": ""MEDIUM"", ""subTopic"": """", ""isEssay"": false}",False
M13,M13.1.5,,116. What is the relationship between frequency and wavelength?,"The higher the frequency, the longer the wavelength","✔ The higher the frequency, the shorter the wavelength",There is no relationship between them,,"✔ The higher the frequency, the shorter the wavelength",MEDIUM,,,MEDIUM,ANSWERED,Matched from corpus-option-overlap,1,MODULE 13_Questions.pdf,"{""raw"": ""116. What is the relationship between frequency and wavelength?"", ""question"": ""116. What is the relationship between frequency and wavelength?"", ""options"": [""The higher the frequency, the longer the wavelength"", ""✔ The higher the frequency, the shorter the wavelength"", ""There is no relationship between them""], ""correct"": ""✔ The higher the frequency, the shorter the wavelength"", ""answer_text"": null, ""category"": null, ""source_file"": ""MODULE 13_Questions.pdf"", ""source_module"": ""M13"", ""fmt"": ""csv"", ""module"": ""M13"", ""syllabusRef"": ""M13.1.5"", ""level"": """", ""difficulty"": ""MEDIUM"", ""subTopic"": """", ""isEssay"": false}",False
M13,M13.30.05,,117. What is the formula for wavelength (λ) when frequency is in MHz?,λ = f × 300,✔ λ = 300 / f,λ = f / 300,,λ = f × 300,MEDIUM,,,MEDIUM,ANSWERED,Matched from corpus,1,MODULE 13_Questions.pdf,"{""raw"": ""117. What is the formula for wavelength (λ) when frequency is in MHz?"", ""question"": ""117. What is the formula for wavelength (λ) when frequency is in MHz?"", ""options"": [""λ = f × 300"", ""✔ λ = 300 / f"", ""λ = f / 300""], ""correct"": ""λ = f × 300"", ""answer_text"": null, ""category"": null, ""source_file"": ""MODULE 13_Questions.pdf"", ""source_module"": ""M13"", ""fmt"": ""csv"", ""module"": ""M13"", ""syllabusRef"": ""M13.30.05"", ""level"": """", ""difficulty"": ""MEDIUM"", ""subTopic"": """", ""isEssay"": false}",False
M13,M13.12.000,,"118. If a signal has a frequency of 100 MHz, what is its wavelength?",3 m,✔ 3 m,0.3 m,,3 m,MEDIUM,,,HIGH,ANSWERED,Wavelength = 3e8 / 100e6 = 3 meters,1,MODULE 13_Questions.pdf,"{""raw"": ""118. If a signal has a frequency of 100 MHz, what is its wavelength?"", ""question"": ""118. If a signal has a frequency of 100 MHz, what is its wavelength?"", ""options"": [""3 m"", ""✔ 3 m"", ""0.3 m""], ""correct"": ""3 m"", ""answer_text"": null, ""category"": null, ""source_file"": ""MODULE 13_Questions.pdf"", ""source_module"": ""M13"", ""fmt"": ""csv"", ""module"": ""M13"", ""syllabusRef"": ""M13.12.000"", ""level"": """", ""difficulty"": ""MEDIUM"", ""subTopic"": """", ""isEssay"": false}",False
M13,M13.0.3,,119. What is the period (T) of a 50 Hz wave?,✔ 0.02 seconds,2 seconds,0.002 seconds,,2 seconds,EASY,,,MEDIUM,ANSWERED,Matched from corpus-option-overlap,1,MODULE 13_Questions.pdf,"{""raw"": ""119. What is the period (T) of a 50 Hz wave?"", ""question"": ""119. What is the period (T) of a 50 Hz wave?"", ""options"": [""✔ 0.02 seconds"", ""2 seconds"", ""0.002 seconds""], ""correct"": ""2 seconds"", ""answer_text"": null, ""category"": null, ""source_file"": ""MODULE 13_Questions.pdf"", ""source_module"": ""M13"", ""fmt"": ""csv"", ""module"": ""M13"", ""syllabusRef"": ""M13.0.3"", ""level"": """", ""difficulty"": ""EASY"", ""subTopic"": """", ""isEssay"": false}",False
M13,M13.0.3,,The number of complete cycles of a recurring event in one second is,Period,✔ Frequency,Wavelength,,✔ Frequency,MEDIUM,,,HIGH,ANSWERED,Frequency is cycles per second,1,MODULE 13_Questions.pdf,"{""raw"": ""The number of complete cycles of a recurring event in one second is"", ""question"": ""The number of complete cycles of a recurring event in one second is"", ""options"": [""Period"", ""✔ Frequency"", ""Wavelength""], ""correct"": ""✔ Frequency"", ""answer_text"": null, ""category"": null, ""source_file"": ""MODULE 13_Questions.pdf"", ""source_module"": ""M13"", ""fmt"": ""csv"", ""module"": ""M13"", ""syllabusRef"": ""M13.0.3"", ""level"": """", ""difficulty"": ""MEDIUM"", ""subTopic"": """", ""isEssay"": false}",False
M13,M13.0.3,,What is the upper limit of the radio frequency spectrum used in aviation,30 MHz,✔ 300 GHz,3 GHz,,30 MHz,MEDIUM,,,MEDIUM,ANSWERED,Matched from corpus-option-overlap,1,MODULE 13_Questions.pdf,"{""raw"": ""What is the upper limit of the radio frequency spectrum used in aviation"", ""question"": ""What is the upper limit of the radio frequency spectrum used in aviation"", ""options"": [""30 MHz"", ""✔ 300 GHz"", ""3 GHz""], ""correct"": ""30 MHz"", ""answer_text"": null, ""category"": null, ""source_file"": ""MODULE 13_Questions.pdf"", ""source_module"": ""M13"", ""fmt"": ""csv"", ""module"": ""M13"", ""syllabusRef"": ""M13.0.3"", ""level"": """", ""difficulty"": ""MEDIUM"", ""subTopic"": """", ""isEssay"": false}",False
M13,M13.13.4(b),,Radio frequencies up to 300 GHz are divided into:,Octave bands,Harmonic ranges,✔ Decadic frequency bands,,✔ Decadic frequency bands,EASY,,,MEDIUM,ANSWERED,Matched from corpus-option-overlap,1,MODULE 13_Questions.pdf,"{""raw"": ""Radio frequencies up to 300 GHz are divided into:"", ""question"": ""Radio frequencies up to 300 GHz are divided into:"", ""options"": [""Octave bands"", ""Harmonic ranges"", ""✔ Decadic frequency bands""], ""correct"": ""✔ Decadic frequency bands"", ""answer_text"": null, ""category"": null, ""source_file"": ""MODULE 13_Questions.pdf"", ""source_module"": ""M13"", ""fmt"": ""csv"", ""module"": ""M13"", ""syllabusRef"": ""M13.13.4(b)"", ""level"": """", ""difficulty"": ""EASY"", ""subTopic"": """", ""isEssay"": false}",False
M13,M13.13.04,,123. What are radar frequency ranges divided into?,Communication bands,✔ Special radar bands,Audio frequency ranges,,Communication bands,MEDIUM,,,MEDIUM,ANSWERED,Matched from corpus,1,MODULE 13_Questions.pdf,"{""raw"": ""123. What are radar frequency ranges divided into?"", ""question"": ""123. What are radar frequency ranges divided into?"", ""options"": [""Communication bands"", ""✔ Special radar bands"", ""Audio frequency ranges""], ""correct"": ""Communication bands"", ""answer_text"": null, ""category"": null, ""source_file"": ""MODULE 13_Questions.pdf"", ""source_module"": ""M13"", ""fmt"": ""csv"", ""module"": ""M13"", ""syllabusRef"": ""M13.13.04"", ""level"": """", ""difficulty"": ""MEDIUM"", ""subTopic"": """", ""isEssay"": false}",False
M13,M13.1.1,,124. Which of the following best describes a decadic frequency band?,A band that doubles in frequency,✔ A band that increases by a factor of 10,A band with fixed wavelength,,A band that doubles in frequency,MEDIUM,,,MEDIUM,ANSWERED,Matched from corpus-option-overlap,1,MODULE 13_Questions.pdf,"{""raw"": ""124. Which of the following best describes a decadic frequency band?"", ""question"": ""124. Which of the following best describes a decadic frequency band?"", ""options"": [""A band that doubles in frequency"", ""✔ A band that increases by a factor of 10"", ""A band with fixed wavelength""], ""correct"": ""A band that doubles in frequency"", ""answer_text"": null, ""category"": null, ""source_file"": ""MODULE 13_Questions.pdf"", ""source_module"": ""M13"", ""fmt"": ""csv"", ""module"": ""M13"", ""syllabusRef"": ""M13.1.1"", ""level"": """", ""difficulty"": ""MEDIUM"", ""subTopic"": """", ""isEssay"": false}",False
M13,M13.30.05,,for long-distance communication at lower frequencies?,Space wave,Sky wave,✔ Surface wave,,✔ Surface wave,MEDIUM,125. Which type of radio wave follows the curvature of the Earth and is used,,MEDIUM,ANSWERED,Matched from corpus-option,1,MODULE 13_Questions.pdf,"{""raw"": ""for long-distance communication at lower frequencies?"", ""question"": ""for long-distance communication at lower frequencies?"", ""options"": [""Space wave"", ""Sky wave"", ""✔ Surface wave""], ""correct"": ""✔ Surface wave"", ""answer_text"": null, ""category"": null, ""source_file"": ""MODULE 13_Questions.pdf"", ""source_module"": ""M13"", ""fmt"": ""csv"", ""module"": ""M13"", ""syllabusRef"": ""M13.30.05"", ""level"": """", ""difficulty"": ""MEDIUM"", ""subTopic"": ""125. Which type of radio wave follows the curvature of the Earth and is used"", ""isEssay"": false}",False
M13,M13.0.3,,What causes HF radio waves to return to Earth after bouncing off the,Ground reflection,✔ Sky wave propagation,Space wave interference,,✔ Sky wave propagation,MEDIUM,,,MEDIUM,ANSWERED,Matched from corpus-option-overlap,1,MODULE 13_Questions.pdf,"{""raw"": ""What causes HF radio waves to return to Earth after bouncing off the"", ""question"": ""What causes HF radio waves to return to Earth after bouncing off the"", ""options"": [""Ground reflection"", ""✔ Sky wave propagation"", ""Space wave interference""], ""correct"": ""✔ Sky wave propagation"", ""answer_text"": null, ""category"": null, ""source_file"": ""MODULE 13_Questions.pdf"", ""source_module"": ""M13"", ""fmt"": ""csv"", ""module"": ""M13"", ""syllabusRef"": ""M13.0.3"", ""level"": """", ""difficulty"": ""MEDIUM"", ""subTopic"": """", ""isEssay"": false}",False
M13,M13.30.05,,where the sky wave returns to Earth?,Fade zone,✔ Skip distance,Line-of-sight range,,✔ Skip distance,EASY,127. What is the term for the distance between the transmitter and the point,,MEDIUM,ANSWERED,Matched from corpus-option,1,MODULE 13_Questions.pdf,"{""raw"": ""where the sky wave returns to Earth?"", ""question"": ""where the sky wave returns to Earth?"", ""options"": [""Fade zone"", ""✔ Skip distance"", ""Line-of-sight range""], ""correct"": ""✔ Skip distance"", ""answer_text"": null, ""category"": null, ""source_file"": ""MODULE 13_Questions.pdf"", ""source_module"": ""M13"", ""fmt"": ""csv"", ""module"": ""M13"", ""syllabusRef"": ""M13.30.05"", ""level"": """", ""difficulty"": ""EASY"", ""subTopic"": ""127. What is the term for the distance between the transmitter and the point"", ""isEssay"": false}",False
M13,M13.1.5,,128. Which frequency bands primarily use space wave propagation?,LF and MF,HF,✔ VHF and higher,,HF,MEDIUM,,,MEDIUM,ANSWERED,Matched from corpus-option,1,MODULE 13_Questions.pdf,"{""raw"": ""128. Which frequency bands primarily use space wave propagation?"", ""question"": ""128. Which frequency bands primarily use space wave propagation?"", ""options"": [""LF and MF"", ""HF"", ""✔ VHF and higher""], ""correct"": ""HF"", ""answer_text"": null, ""category"": null, ""source_file"": ""MODULE 13_Questions.pdf"", ""source_module"": ""M13"", ""fmt"": ""csv"", ""module"": ""M13"", ""syllabusRef"": ""M13.1.5"", ""level"": """", ""difficulty"": ""MEDIUM"", ""subTopic"": """", ""isEssay"": false}",False
M13,M13.1.1,,also an electromagnetic wave but at a higher frequency?,Sound,X-ray,✔ Light,,✔ Light,MEDIUM,129. Radio waves propagate at the speed of light. Which of the following is,,HIGH,ANSWERED,Light is an EM wave at higher frequency than radio,1,MODULE 13_Questions.pdf,"{""raw"": ""also an electromagnetic wave but at a higher frequency?"", ""question"": ""also an electromagnetic wave but at a higher frequency?"", ""options"": [""Sound"", ""X-ray"", ""✔ Light""], ""correct"": ""✔ Light"", ""answer_text"": null, ""category"": null, ""source_file"": ""MODULE 13_Questions.pdf"", ""source_module"": ""M13"", ""fmt"": ""csv"", ""module"": ""M13"", ""syllabusRef"": ""M13.1.1"", ""level"": """", ""difficulty"": ""MEDIUM"", ""subTopic"": ""129. Radio waves propagate at the speed of light. Which of the following is"", ""isEssay"": false}",False
M13,M13.0.3,,the transmitting antenna?,It decreases linearly with distance,✔ It decreases proportionally to the square of the distance,It remains constant,,✔ It decreases proportionally to the square of the distance,EASY,130. What happens to the strength of a radio wave as it travels farther from,,MEDIUM,ANSWERED,Matched from corpus-option-overlap,1,MODULE 13_Questions.pdf,"{""raw"": ""the transmitting antenna?"", ""question"": ""the transmitting antenna?"", ""options"": [""It decreases linearly with distance"", ""✔ It decreases proportionally to the square of the distance"", ""It remains constant""], ""correct"": ""✔ It decreases proportionally to the square of the distance"", ""answer_text"": null, ""category"": null, ""source_file"": ""MODULE 13_Questions.pdf"", ""source_module"": ""M13"", ""fmt"": ""csv"", ""module"": ""M13"", ""syllabusRef"": ""M13.0.3"", ""level"": """", ""difficulty"": ""EASY"", ""subTopic"": ""130. What happens to the strength of a radio wave as it travels farther from"", ""isEssay"": false}",False
M13,M13.12.000,,What is the reason for the decrease in radio wave field strength with,Signal absorption in the air,Interference from other signals,✔ Waves spread over larger areas,,✔ Waves spread over larger areas,MEDIUM,,,MEDIUM,ANSWERED,Matched from corpus,1,MODULE 13_Questions.pdf,"{""raw"": ""What is the reason for the decrease in radio wave field strength with"", ""question"": ""What is the reason for the decrease in radio wave field strength with"", ""options"": [""Signal absorption in the air"", ""Interference from other signals"", ""✔ Waves spread over larger areas""], ""correct"": ""✔ Waves spread over larger areas"", ""answer_text"": null, ""category"": null, ""source_file"": ""MODULE 13_Questions.pdf"", ""source_module"": ""M13"", ""fmt"": ""csv"", ""module"": ""M13"", ""syllabusRef"": ""M13.12.000"", ""level"": """", ""difficulty"": ""MEDIUM"", ""subTopic"": """", ""isEssay"": false}",False
M13,,,132. What happens when a radio wave strikes a conducting surface?,It is absorbed completely,✔ It is reflected like light on glass,It stops propagating,,✔ It is reflected like light on glass,MEDIUM,,,MEDIUM,ANSWERED,Matched from corpus-option-overlap,1,MODULE 13_Questions.pdf,"{""raw"": ""132. What happens when a radio wave strikes a conducting surface?"", ""question"": ""132. What happens when a radio wave strikes a conducting surface?"", ""options"": [""It is absorbed completely"", ""✔ It is reflected like light on glass"", ""It stops propagating""], ""correct"": ""✔ It is reflected like light on glass"", ""answer_text"": null, ""category"": null, ""source_file"": ""MODULE 13_Questions.pdf"", ""source_module"": ""M13"", ""fmt"": ""csv"", ""module"": ""M13"", ""syllabusRef"": """", ""level"": """", ""difficulty"": ""MEDIUM"", ""subTopic"": """", ""isEssay"": false}",False
M13,M13.12.000,,different conductive media?,Reflection,Diffraction,✔ Refraction,,Diffraction,EASY,133. What is the term for the bending of radio waves as they pass through,,MEDIUM,ANSWERED,Matched from corpus-option,1,MODULE 13_Questions.pdf,"{""raw"": ""different conductive media?"", ""question"": ""different conductive media?"", ""options"": [""Reflection"", ""Diffraction"", ""✔ Refraction""], ""correct"": ""Diffraction"", ""answer_text"": null, ""category"": null, ""source_file"": ""MODULE 13_Questions.pdf"", ""source_module"": ""M13"", ""fmt"": ""csv"", ""module"": ""M13"", ""syllabusRef"": ""M13.12.000"", ""level"": """", ""difficulty"": ""EASY"", ""subTopic"": ""133. What is the term for the bending of radio waves as they pass through"", ""isEssay"": false}",False
M13,M13.0.3,,"134. In radio wave refraction, how is the wave path typically bent?","✔ Gradually, depending on the conductivity gradient",At sharp angles,Not at all—it travels straight,,"✔ Gradually, depending on the conductivity gradient",MEDIUM,,,MEDIUM,ANSWERED,Matched from corpus-option-overlap,1,MODULE 13_Questions.pdf,"{""raw"": ""134. In radio wave refraction, how is the wave path typically bent?"", ""question"": ""134. In radio wave refraction, how is the wave path typically bent?"", ""options"": [""✔ Gradually, depending on the conductivity gradient"", ""At sharp angles"", ""Not at all—it travels straight""], ""correct"": ""✔ Gradually, depending on the conductivity gradient"", ""answer_text"": null, ""category"": null, ""source_file"": ""MODULE 13_Questions.pdf"", ""source_module"": ""M13"", ""fmt"": ""csv"", ""module"": ""M13"", ""syllabusRef"": ""M13.0.3"", ""level"": """", ""difficulty"": ""MEDIUM"", ""subTopic"": """", ""isEssay"": false}",False
M13,,,135. What kind of modulation is mainly used in FM to avoid interference?,Amplitude Modulation,Phase Modulation,✔ Frequency Modulation,,Amplitude Modulation,MEDIUM,,,MEDIUM,ANSWERED,Matched from corpus-option,1,MODULE 13_Questions.pdf,"{""raw"": ""135. What kind of modulation is mainly used in FM to avoid interference?"", ""question"": ""135. What kind of modulation is mainly used in FM to avoid interference?"", ""options"": [""Amplitude Modulation"", ""Phase Modulation"", ""✔ Frequency Modulation""], ""correct"": ""Amplitude Modulation"", ""answer_text"": null, ""category"": null, ""source_file"": ""MODULE 13_Questions.pdf"", ""source_module"": ""M13"", ""fmt"": ""csv"", ""module"": ""M13"", ""syllabusRef"": """", ""level"": """", ""difficulty"": ""MEDIUM"", ""subTopic"": """", ""isEssay"": false}",False
M13,,,136. What type of interference does FM help to eliminate?,Phase distortion,"✔ Amplitude-based interference (e.g., from motors, lightning)",Frequency noise only,,Frequency noise only,MEDIUM,,,MEDIUM,ANSWERED,Matched from corpus-option-overlap,1,MODULE 13_Questions.pdf,"{""raw"": ""136. What type of interference does FM help to eliminate?"", ""question"": ""136. What type of interference does FM help to eliminate?"", ""options"": [""Phase distortion"", ""✔ Amplitude-based interference (e.g., from motors, lightning)"", ""Frequency noise only""], ""correct"": ""Frequency noise only"", ""answer_text"": null, ""category"": null, ""source_file"": ""MODULE 13_Questions.pdf"", ""source_module"": ""M13"", ""fmt"": ""csv"", ""module"": ""M13"", ""syllabusRef"": """", ""level"": """", ""difficulty"": ""MEDIUM"", ""subTopic"": """", ""isEssay"": false}",False
M13,M13.0.3,,137. What changes in the carrier wave during frequency modulation?,✔ Frequency,Amplitude,Phase,,✔ Frequency,MEDIUM,,,HIGH,ANSWERED,FM changes carrier frequency,1,MODULE 13_Questions.pdf,"{""raw"": ""137. What changes in the carrier wave during frequency modulation?"", ""question"": ""137. What changes in the carrier wave during frequency modulation?"", ""options"": [""✔ Frequency"", ""Amplitude"", ""Phase""], ""correct"": ""✔ Frequency"", ""answer_text"": null, ""category"": null, ""source_file"": ""MODULE 13_Questions.pdf"", ""source_module"": ""M13"", ""fmt"": ""csv"", ""module"": ""M13"", ""syllabusRef"": ""M13.0.3"", ""level"": """", ""difficulty"": ""MEDIUM"", ""subTopic"": """", ""isEssay"": false}",False
M13,M13.13.4(b),,"138. In FM receivers, how are unwanted amplitude variations removed?",Filters,Transformers,✔ Limiter circuits,,Transformers,MEDIUM,,,MEDIUM,ANSWERED,Matched from corpus-option,1,MODULE 13_Questions.pdf,"{""raw"": ""138. In FM receivers, how are unwanted amplitude variations removed?"", ""question"": ""138. In FM receivers, how are unwanted amplitude variations removed?"", ""options"": [""Filters"", ""Transformers"", ""✔ Limiter circuits""], ""correct"": ""Transformers"", ""answer_text"": null, ""category"": null, ""source_file"": ""MODULE 13_Questions.pdf"", ""source_module"": ""M13"", ""fmt"": ""csv"", ""module"": ""M13"", ""syllabusRef"": ""M13.13.4(b)"", ""level"": """", ""difficulty"": ""MEDIUM"", ""subTopic"": """", ""isEssay"": false}",False
M13,M13.0.3,,139. What does the FM receiver convert frequency variations into?,Voltage spikes,✔ Amplitude variations in audio-frequency,Increased carrier strength,,✔ Amplitude variations in audio-frequency,MEDIUM,,,MEDIUM,ANSWERED,Matched from corpus-option-overlap,1,MODULE 13_Questions.pdf,"{""raw"": ""139. What does the FM receiver convert frequency variations into?"", ""question"": ""139. What does the FM receiver convert frequency variations into?"", ""options"": [""Voltage spikes"", ""✔ Amplitude variations in audio-frequency"", ""Increased carrier strength""], ""correct"": ""✔ Amplitude variations in audio-frequency"", ""answer_text"": null, ""category"": null, ""source_file"": ""MODULE 13_Questions.pdf"", ""source_module"": ""M13"", ""fmt"": ""csv"", ""module"": ""M13"", ""syllabusRef"": ""M13.0.3"", ""level"": """", ""difficulty"": ""MEDIUM"", ""subTopic"": """", ""isEssay"": false}",False
M13,M13.12.000,,140. What is the main function of Time Division Multiplexing (TDM)?,To increase signal amplitude,To add noise protection,✔ To send multiple signals over the same line using time slots,,To increase signal amplitude,MEDIUM,,,MEDIUM,ANSWERED,Matched from corpus-option-overlap,1,MODULE 13_Questions.pdf,"{""raw"": ""140. What is the main function of Time Division Multiplexing (TDM)?"", ""question"": ""140. What is the main function of Time Division Multiplexing (TDM)?"", ""options"": [""To increase signal amplitude"", ""To add noise protection"", ""✔ To send multiple signals over the same line using time slots""], ""correct"": ""To increase signal amplitude"", ""answer_text"": null, ""category"": null, ""source_file"": ""MODULE 13_Questions.pdf"", ""source_module"": ""M13"", ""fmt"": ""csv"", ""module"": ""M13"", ""syllabusRef"": ""M13.12.000"", ""level"": """", ""difficulty"": ""MEDIUM"", ""subTopic"": """", ""isEssay"": false}",False
M13,M13.13.7(c),,"In a TDM system, what kind of signal is created from sampled analog",PWM,✔ PAM (Pulse Amplitude Modulation),FSK,,✔ PAM (Pulse Amplitude Modulation),MEDIUM,,,MEDIUM,ANSWERED,Matched from corpus-option-overlap,1,MODULE 13_Questions.pdf,"{""raw"": ""In a TDM system, what kind of signal is created from sampled analog"", ""question"": ""In a TDM system, what kind of signal is created from sampled analog"", ""options"": [""PWM"", ""✔ PAM (Pulse Amplitude Modulation)"", ""FSK""], ""correct"": ""✔ PAM (Pulse Amplitude Modulation)"", ""answer_text"": null, ""category"": null, ""source_file"": ""MODULE 13_Questions.pdf"", ""source_module"": ""M13"", ""fmt"": ""csv"", ""module"": ""M13"", ""syllabusRef"": ""M13.13.7(c)"", ""level"": """", ""difficulty"": ""MEDIUM"", ""subTopic"": """", ""isEssay"": false}",False
M13,M13.12.000,,multiplexed signal?,Amplifier,✔ Demultiplexer,Oscillator,,✔ Demultiplexer,EASY,142. What is used to separate the individual signals at the receiving end of a,,MEDIUM,ANSWERED,Matched from corpus-option,1,MODULE 13_Questions.pdf,"{""raw"": ""multiplexed signal?"", ""question"": ""multiplexed signal?"", ""options"": [""Amplifier"", ""✔ Demultiplexer"", ""Oscillator""], ""correct"": ""✔ Demultiplexer"", ""answer_text"": null, ""category"": null, ""source_file"": ""MODULE 13_Questions.pdf"", ""source_module"": ""M13"", ""fmt"": ""csv"", ""module"": ""M13"", ""syllabusRef"": ""M13.12.000"", ""level"": """", ""difficulty"": ""EASY"", ""subTopic"": ""142. What is used to separate the individual signals at the receiving end of a"", ""isEssay"": false}",False
M13,M13.0.3,,reduce electromagnetic interference?,Dielectric insulator,✔ Braided metal shield,Plastic sleeve,,✔ Braided metal shield,EASY,144. What component surrounds the central conductor in a coaxial cable to,,MEDIUM,ANSWERED,Matched from corpus-option,1,MODULE 13_Questions.pdf,"{""raw"": ""reduce electromagnetic interference?"", ""question"": ""reduce electromagnetic interference?"", ""options"": [""Dielectric insulator"", ""✔ Braided metal shield"", ""Plastic sleeve""], ""correct"": ""✔ Braided metal shield"", ""answer_text"": null, ""category"": null, ""source_file"": ""MODULE 13_Questions.pdf"", ""source_module"": ""M13"", ""fmt"": ""csv"", ""module"": ""M13"", ""syllabusRef"": ""M13.0.3"", ""level"": """", ""difficulty"": ""EASY"", ""subTopic"": ""144. What component surrounds the central conductor in a coaxial cable to"", ""isEssay"": false}",False
M13,M13.1.5,,What type of polarization is used by VHF transmitters and receivers in,Horizontal,Circular,✔ Vertical,,✔ Vertical,MEDIUM,,,MEDIUM,ANSWERED,Matched from corpus,1,MODULE 13_Questions.pdf,"{""raw"": ""What type of polarization is used by VHF transmitters and receivers in"", ""question"": ""What type of polarization is used by VHF transmitters and receivers in"", ""options"": [""Horizontal"", ""Circular"", ""✔ Vertical""], ""correct"": ""✔ Vertical"", ""answer_text"": null, ""category"": null, ""source_file"": ""MODULE 13_Questions.pdf"", ""source_module"": ""M13"", ""fmt"": ""csv"", ""module"": ""M13"", ""syllabusRef"": ""M13.1.5"", ""level"": """", ""difficulty"": ""MEDIUM"", ""subTopic"": """", ""isEssay"": false}",False
M13,M13.13.7(c),,wavelength VHF antenna system?,Acts as a receiver,✔ Acts as the other quarter-wavelength for proper resonance,Blocks horizontal signals,,Acts as a receiver,EASY,146. What is the function of the aircraft metal structure in a quarter-,,MEDIUM,ANSWERED,Matched from corpus-option-overlap,1,MODULE 13_Questions.pdf,"{""raw"": ""wavelength VHF antenna system?"", ""question"": ""wavelength VHF antenna system?"", ""options"": [""Acts as a receiver"", ""✔ Acts as the other quarter-wavelength for proper resonance"", ""Blocks horizontal signals""], ""correct"": ""Acts as a receiver"", ""answer_text"": null, ""category"": null, ""source_file"": ""MODULE 13_Questions.pdf"", ""source_module"": ""M13"", ""fmt"": ""csv"", ""module"": ""M13"", ""syllabusRef"": ""M13.13.7(c)"", ""level"": """", ""difficulty"": ""EASY"", ""subTopic"": ""146. What is the function of the aircraft metal structure in a quarter-"", ""isEssay"": false}",False
M13,M13.13.05,,covered aircraft?,Extra battery power,Lightning protection rod,✔ A ground plane using aluminium foil or mesh,,✔ A ground plane using aluminium foil or mesh,EASY,147. What should be added when installing a VHF antenna on a fabric-,,MEDIUM,ANSWERED,Matched from corpus-option-overlap,1,MODULE 13_Questions.pdf,"{""raw"": ""covered aircraft?"", ""question"": ""covered aircraft?"", ""options"": [""Extra battery power"", ""Lightning protection rod"", ""✔ A ground plane using aluminium foil or mesh""], ""correct"": ""✔ A ground plane using aluminium foil or mesh"", ""answer_text"": null, ""category"": null, ""source_file"": ""MODULE 13_Questions.pdf"", ""source_module"": ""M13"", ""fmt"": ""csv"", ""module"": ""M13"", ""syllabusRef"": ""M13.13.05"", ""level"": """", ""difficulty"": ""EASY"", ""subTopic"": ""147. What should be added when installing a VHF antenna on a fabric-"", ""isEssay"": false}",False
M13,M13.1.5,,polarised signals?,Blade antenna,✔ Bent wire-whip antenna,Loop antenna,,Blade antenna,EASY,148. Which antenna type allows reception of both vertical and horizontal,,MEDIUM,ANSWERED,Matched from corpus-option,1,MODULE 13_Questions.pdf,"{""raw"": ""polarised signals?"", ""question"": ""polarised signals?"", ""options"": [""Blade antenna"", ""✔ Bent wire-whip antenna"", ""Loop antenna""], ""correct"": ""Blade antenna"", ""answer_text"": null, ""category"": null, ""source_file"": ""MODULE 13_Questions.pdf"", ""source_module"": ""M13"", ""fmt"": ""csv"", ""module"": ""M13"", ""syllabusRef"": ""M13.1.5"", ""level"": """", ""difficulty"": ""EASY"", ""subTopic"": ""148. Which antenna type allows reception of both vertical and horizontal"", ""isEssay"": false}",False
M13,M13.1.5,,What is the advantage of using a broadband blade antenna over a wire-,Smaller size,Better camouflage,✔ Greater efficiency and wider frequency range,,✔ Greater efficiency and wider frequency range,MEDIUM,,,HIGH,ANSWERED,Greater efficiency and wider frequency range,1,MODULE 13_Questions.pdf,"{""raw"": ""What is the advantage of using a broadband blade antenna over a wire-"", ""question"": ""What is the advantage of using a broadband blade antenna over a wire-"", ""options"": [""Smaller size"", ""Better camouflage"", ""✔ Greater efficiency and wider frequency range""], ""correct"": ""✔ Greater efficiency and wider frequency range"", ""answer_text"": null, ""category"": null, ""source_file"": ""MODULE 13_Questions.pdf"", ""source_module"": ""M13"", ""fmt"": ""csv"", ""module"": ""M13"", ""syllabusRef"": ""M13.1.5"", ""level"": """", ""difficulty"": ""MEDIUM"", ""subTopic"": """", ""isEssay"": false}",False
M13,M13.1.1,,150. What is the main function of the ADF system in aircraft navigation?,Provides distance to station,✔ Receives and interprets signals from non-directional beacons (NDBs),Measures signal strength from VOR stations,,Measures signal strength from VOR stations,MEDIUM,,,MEDIUM,ANSWERED,Matched from corpus-option-overlap,1,MODULE 13_Questions.pdf,"{""raw"": ""150. What is the main function of the ADF system in aircraft navigation?"", ""question"": ""150. What is the main function of the ADF system in aircraft navigation?"", ""options"": [""Provides distance to station"", ""✔ Receives and interprets signals from non-directional beacons (NDBs)"", ""Measures signal strength from VOR stations""], ""correct"": ""Measures signal strength from VOR stations"", ""answer_text"": null, ""category"": null, ""source_file"": ""MODULE 13_Questions.pdf"", ""source_module"": ""M13"", ""fmt"": ""csv"", ""module"": ""M13"", ""syllabusRef"": ""M13.1.1"", ""level"": """", ""difficulty"": ""MEDIUM"", ""subTopic"": """", ""isEssay"": false}",False
M13,M13.12.000,,What additional signal is transmitted by NDB stations to aid in station,GPS coordinates,✔ Morse code signal,Radar pulse,,✔ Morse code signal,MEDIUM,,,MEDIUM,ANSWERED,Matched from corpus-option-overlap,1,MODULE 13_Questions.pdf,"{""raw"": ""What additional signal is transmitted by NDB stations to aid in station"", ""question"": ""What additional signal is transmitted by NDB stations to aid in station"", ""options"": [""GPS coordinates"", ""✔ Morse code signal"", ""Radar pulse""], ""correct"": ""✔ Morse code signal"", ""answer_text"": null, ""category"": null, ""source_file"": ""MODULE 13_Questions.pdf"", ""source_module"": ""M13"", ""fmt"": ""csv"", ""module"": ""M13"", ""syllabusRef"": ""M13.12.000"", ""level"": """", ""difficulty"": ""MEDIUM"", ""subTopic"": """", ""isEssay"": false}",False
M13,M13.14.5,,152. What type of frequencies are used by ADF systems to receive signals?,VHF and UHF,✔ LF and MF,SHF and EHF,,VHF and UHF,MEDIUM,,,MEDIUM,ANSWERED,Matched from corpus-option-overlap,1,MODULE 13_Questions.pdf,"{""raw"": ""152. What type of frequencies are used by ADF systems to receive signals?"", ""question"": ""152. What type of frequencies are used by ADF systems to receive signals?"", ""options"": [""VHF and UHF"", ""✔ LF and MF"", ""SHF and EHF""], ""correct"": ""VHF and UHF"", ""answer_text"": null, ""category"": null, ""source_file"": ""MODULE 13_Questions.pdf"", ""source_module"": ""M13"", ""fmt"": ""csv"", ""module"": ""M13"", ""syllabusRef"": ""M13.14.5"", ""level"": """", ""difficulty"": ""MEDIUM"", ""subTopic"": """", ""isEssay"": false}",False
M13,M13.13.7(c),,153. How does an ADF indicate the direction to the selected NDB station?,By displaying distance,✔ By using a pointer that shows relative bearing,By showing the flight path on a screen,,By showing the flight path on a screen,MEDIUM,,,MEDIUM,ANSWERED,Matched from corpus-option-overlap,1,MODULE 13_Questions.pdf,"{""raw"": ""153. How does an ADF indicate the direction to the selected NDB station?"", ""question"": ""153. How does an ADF indicate the direction to the selected NDB station?"", ""options"": [""By displaying distance"", ""✔ By using a pointer that shows relative bearing"", ""By showing the flight path on a screen""], ""correct"": ""By showing the flight path on a screen"", ""answer_text"": null, ""category"": null, ""source_file"": ""MODULE 13_Questions.pdf"", ""source_module"": ""M13"", ""fmt"": ""csv"", ""module"": ""M13"", ""syllabusRef"": ""M13.13.7(c)"", ""level"": """", ""difficulty"": ""MEDIUM"", ""subTopic"": """", ""isEssay"": false}",False
M13,M13.1.3,,154. What is a useful feature of newer ADF receivers?,Can automatically tune to VOR stations,✔ Decode the Morse code identifier automatically,Transmit weather data,,Can automatically tune to VOR stations,MEDIUM,,,MEDIUM,ANSWERED,Matched from corpus-option-overlap,1,MODULE 13_Questions.pdf,"{""raw"": ""154. What is a useful feature of newer ADF receivers?"", ""question"": ""154. What is a useful feature of newer ADF receivers?"", ""options"": [""Can automatically tune to VOR stations"", ""✔ Decode the Morse code identifier automatically"", ""Transmit weather data""], ""correct"": ""Can automatically tune to VOR stations"", ""answer_text"": null, ""category"": null, ""source_file"": ""MODULE 13_Questions.pdf"", ""source_module"": ""M13"", ""fmt"": ""csv"", ""module"": ""M13"", ""syllabusRef"": ""M13.1.3"", ""level"": """", ""difficulty"": ""MEDIUM"", ""subTopic"": """", ""isEssay"": false}",False
M13,M13.12.000,,What is the purpose of rotating a loop antenna in a direction-finding,To locate the best reception angle for weather signals,✔ To find the direction of minimum and maximum signal strength,To eliminate interference from nearby stations,,✔ To find the direction of minimum and maximum signal strength,MEDIUM,,,MEDIUM,ANSWERED,Matched from corpus-option-overlap,1,MODULE 13_Questions.pdf,"{""raw"": ""What is the purpose of rotating a loop antenna in a direction-finding"", ""question"": ""What is the purpose of rotating a loop antenna in a direction-finding"", ""options"": [""To locate the best reception angle for weather signals"", ""✔ To find the direction of minimum and maximum signal strength"", ""To eliminate interference from nearby stations""], ""correct"": ""✔ To find the direction of minimum and maximum signal strength"", ""answer_text"": null, ""category"": null, ""source_file"": ""MODULE 13_Questions.pdf"", ""source_module"": ""M13"", ""fmt"": ""csv"", ""module"": ""M13"", ""syllabusRef"": ""M13.12.000"", ""level"": """", ""difficulty"": ""MEDIUM"", ""subTopic"": """", ""isEssay"": false}",False
M13,M13.13.4(b),,rotating a loop antenna 360°?,Due to signal distortion from terrain,✔ Because a loop antenna is symmetrical,Because of aircraft altitude changes,,✔ Because a loop antenna is symmetrical,EASY,156. Why are there two minimum and two maximum signal strengths when,,MEDIUM,ANSWERED,Matched from corpus,1,MODULE 13_Questions.pdf,"{""raw"": ""rotating a loop antenna 360°?"", ""question"": ""rotating a loop antenna 360°?"", ""options"": [""Due to signal distortion from terrain"", ""✔ Because a loop antenna is symmetrical"", ""Because of aircraft altitude changes""], ""correct"": ""✔ Because a loop antenna is symmetrical"", ""answer_text"": null, ""category"": null, ""source_file"": ""MODULE 13_Questions.pdf"", ""source_module"": ""M13"", ""fmt"": ""csv"", ""module"": ""M13"", ""syllabusRef"": ""M13.13.4(b)"", ""level"": """", ""difficulty"": ""EASY"", ""subTopic"": ""156. Why are there two minimum and two maximum signal strengths when"", ""isEssay"": false}",False
M13,M13.12.000,,157. What is the purpose of the Sense Antenna in an ADF system?,To amplify the signal,✔ To resolve the 180° ambiguity of the loop antenna,To switch between multiple NDBs,,✔ To resolve the 180° ambiguity of the loop antenna,MEDIUM,,,MEDIUM,ANSWERED,Matched from corpus,1,MODULE 13_Questions.pdf,"{""raw"": ""157. What is the purpose of the Sense Antenna in an ADF system?"", ""question"": ""157. What is the purpose of the Sense Antenna in an ADF system?"", ""options"": [""To amplify the signal"", ""✔ To resolve the 180° ambiguity of the loop antenna"", ""To switch between multiple NDBs""], ""correct"": ""✔ To resolve the 180° ambiguity of the loop antenna"", ""answer_text"": null, ""category"": null, ""source_file"": ""MODULE 13_Questions.pdf"", ""source_module"": ""M13"", ""fmt"": ""csv"", ""module"": ""M13"", ""syllabusRef"": ""M13.12.000"", ""level"": """", ""difficulty"": ""MEDIUM"", ""subTopic"": """", ""isEssay"": false}",False
M13,M13.12.000,,What does the combination of the loop antenna and the sense antenna,Distance to the NDB,Signal strength only,✔ Correct bearing to the NDB,,Signal strength only,MEDIUM,,,MEDIUM,ANSWERED,Matched from corpus-option-overlap,1,MODULE 13_Questions.pdf,"{""raw"": ""What does the combination of the loop antenna and the sense antenna"", ""question"": ""What does the combination of the loop antenna and the sense antenna"", ""options"": [""Distance to the NDB"", ""Signal strength only"", ""✔ Correct bearing to the NDB""], ""correct"": ""Signal strength only"", ""answer_text"": null, ""category"": null, ""source_file"": ""MODULE 13_Questions.pdf"", ""source_module"": ""M13"", ""fmt"": ""csv"", ""module"": ""M13"", ""syllabusRef"": ""M13.12.000"", ""level"": """", ""difficulty"": ""MEDIUM"", ""subTopic"": """", ""isEssay"": false}",False
M13,M13.12.000,,159. In which position does the loop antenna receive the weakest signal?,When perpendicular to the transmitter,✔ When aligned with the magnetic field of the transmitter,When rotated to 90 degrees from aircraft heading,,When perpendicular to the transmitter,MEDIUM,,,MEDIUM,ANSWERED,Matched from corpus,1,MODULE 13_Questions.pdf,"{""raw"": ""159. In which position does the loop antenna receive the weakest signal?"", ""question"": ""159. In which position does the loop antenna receive the weakest signal?"", ""options"": [""When perpendicular to the transmitter"", ""✔ When aligned with the magnetic field of the transmitter"", ""When rotated to 90 degrees from aircraft heading""], ""correct"": ""When perpendicular to the transmitter"", ""answer_text"": null, ""category"": null, ""source_file"": ""MODULE 13_Questions.pdf"", ""source_module"": ""M13"", ""fmt"": ""csv"", ""module"": ""M13"", ""syllabusRef"": ""M13.12.000"", ""level"": """", ""difficulty"": ""MEDIUM"", ""subTopic"": """", ""isEssay"": false}",False
M13,M13.13.7(c),,in an ADF system?,To tune the RF amplifier to the station frequency,✔ To drive the loop motor toward the null position,To power the sense antenna,,✔ To drive the loop motor toward the null position,EASY,160. What is the purpose of the voltage taken from the output of the detector,,MEDIUM,ANSWERED,Matched from corpus-option-overlap,1,MODULE 13_Questions.pdf,"{""raw"": ""in an ADF system?"", ""question"": ""in an ADF system?"", ""options"": [""To tune the RF amplifier to the station frequency"", ""✔ To drive the loop motor toward the null position"", ""To power the sense antenna""], ""correct"": ""✔ To drive the loop motor toward the null position"", ""answer_text"": null, ""category"": null, ""source_file"": ""MODULE 13_Questions.pdf"", ""source_module"": ""M13"", ""fmt"": ""csv"", ""module"": ""M13"", ""syllabusRef"": ""M13.13.7(c)"", ""level"": """", ""difficulty"": ""EASY"", ""subTopic"": ""160. What is the purpose of the voltage taken from the output of the detector"", ""isEssay"": false}",False
M13,M13.12.000,,161. What does the ADF indicator needle show?,The signal strength of the station,The direction of aircraft heading,✔ The relative bearing of the station from the aircraft nose,,✔ The relative bearing of the station from the aircraft nose,EASY,,,MEDIUM,ANSWERED,Matched from corpus-option-overlap,1,MODULE 13_Questions.pdf,"{""raw"": ""161. What does the ADF indicator needle show?"", ""question"": ""161. What does the ADF indicator needle show?"", ""options"": [""The signal strength of the station"", ""The direction of aircraft heading"", ""✔ The relative bearing of the station from the aircraft nose""], ""correct"": ""✔ The relative bearing of the station from the aircraft nose"", ""answer_text"": null, ""category"": null, ""source_file"": ""MODULE 13_Questions.pdf"", ""source_module"": ""M13"", ""fmt"": ""csv"", ""module"": ""M13"", ""syllabusRef"": ""M13.12.000"", ""level"": """", ""difficulty"": ""EASY"", ""subTopic"": """", ""isEssay"": false}",False
M13,M13.13.7(c),,162. Why is the Beat Frequency Oscillator (BFO) used in an ADF system?,To amplify low-frequency audio tones,To increase the range of the ADF,✔ To allow reception of unmodulated carrier signals,,To increase the range of the ADF,MEDIUM,,,MEDIUM,ANSWERED,Matched from corpus-option-overlap,1,MODULE 13_Questions.pdf,"{""raw"": ""162. Why is the Beat Frequency Oscillator (BFO) used in an ADF system?"", ""question"": ""162. Why is the Beat Frequency Oscillator (BFO) used in an ADF system?"", ""options"": [""To amplify low-frequency audio tones"", ""To increase the range of the ADF"", ""✔ To allow reception of unmodulated carrier signals""], ""correct"": ""To increase the range of the ADF"", ""answer_text"": null, ""category"": null, ""source_file"": ""MODULE 13_Questions.pdf"", ""source_module"": ""M13"", ""fmt"": ""csv"", ""module"": ""M13"", ""syllabusRef"": ""M13.13.7(c)"", ""level"": """", ""difficulty"": ""MEDIUM"", ""subTopic"": """", ""isEssay"": false}",False
M13,M13.0.3,,163. When is the BFO typically not used?,When flying in mountainous terrain,✔ When the beacon signal is amplitude modulated,During night-time operations,,✔ When the beacon signal is amplitude modulated,EASY,,,MEDIUM,ANSWERED,Matched from corpus-option-overlap,1,MODULE 13_Questions.pdf,"{""raw"": ""163. When is the BFO typically not used?"", ""question"": ""163. When is the BFO typically not used?"", ""options"": [""When flying in mountainous terrain"", ""✔ When the beacon signal is amplitude modulated"", ""During night-time operations""], ""correct"": ""✔ When the beacon signal is amplitude modulated"", ""answer_text"": null, ""category"": null, ""source_file"": ""MODULE 13_Questions.pdf"", ""source_module"": ""M13"", ""fmt"": ""csv"", ""module"": ""M13"", ""syllabusRef"": ""M13.0.3"", ""level"": """", ""difficulty"": ""EASY"", ""subTopic"": """", ""isEssay"": false}",False
M13,M13.12.000,,received signal for IF processing?,✔ Local Oscillator,Power Amplifier,Loop Drive Motor,,Power Amplifier,EASY,164. Which component in the ADF system generates a signal to mix with the,,MEDIUM,ANSWERED,Matched from corpus-option,1,MODULE 13_Questions.pdf,"{""raw"": ""received signal for IF processing?"", ""question"": ""received signal for IF processing?"", ""options"": [""✔ Local Oscillator"", ""Power Amplifier"", ""Loop Drive Motor""], ""correct"": ""Power Amplifier"", ""answer_text"": null, ""category"": null, ""source_file"": ""MODULE 13_Questions.pdf"", ""source_module"": ""M13"", ""fmt"": ""csv"", ""module"": ""M13"", ""syllabusRef"": ""M13.12.000"", ""level"": """", ""difficulty"": ""EASY"", ""subTopic"": ""164. Which component in the ADF system generates a signal to mix with the"", ""isEssay"": false}",False
M13,M13.13.7(c),,165. What is the role of modulator 1 in the ADF system?,To amplify the cosine signal,✔ To modulate the sine loop antenna output with a 96 Hz sine signal,To eliminate 180° ambiguity in direction finding,,✔ To modulate the sine loop antenna output with a 96 Hz sine signal,MEDIUM,,,MEDIUM,ANSWERED,Matched from corpus-option-overlap,1,MODULE 13_Questions.pdf,"{""raw"": ""165. What is the role of modulator 1 in the ADF system?"", ""question"": ""165. What is the role of modulator 1 in the ADF system?"", ""options"": [""To amplify the cosine signal"", ""✔ To modulate the sine loop antenna output with a 96 Hz sine signal"", ""To eliminate 180° ambiguity in direction finding""], ""correct"": ""✔ To modulate the sine loop antenna output with a 96 Hz sine signal"", ""answer_text"": null, ""category"": null, ""source_file"": ""MODULE 13_Questions.pdf"", ""source_module"": ""M13"", ""fmt"": ""csv"", ""module"": ""M13"", ""syllabusRef"": ""M13.13.7(c)"", ""level"": """", ""difficulty"": ""MEDIUM"", ""subTopic"": """", ""isEssay"": false}",False
M13,M13.13.7(c),,166. What does the summing circuit 1 do in the ADF system?,Converts 96 Hz into audio frequency,Adds loop and sense antenna signals,✔ Adds the sine and cosine modulated loop antenna signals,,✔ Adds the sine and cosine modulated loop antenna signals,MEDIUM,,,MEDIUM,ANSWERED,Matched from corpus-option-overlap,1,MODULE 13_Questions.pdf,"{""raw"": ""166. What does the summing circuit 1 do in the ADF system?"", ""question"": ""166. What does the summing circuit 1 do in the ADF system?"", ""options"": [""Converts 96 Hz into audio frequency"", ""Adds loop and sense antenna signals"", ""✔ Adds the sine and cosine modulated loop antenna signals""], ""correct"": ""✔ Adds the sine and cosine modulated loop antenna signals"", ""answer_text"": null, ""category"": null, ""source_file"": ""MODULE 13_Questions.pdf"", ""source_module"": ""M13"", ""fmt"": ""csv"", ""module"": ""M13"", ""syllabusRef"": ""M13.13.7(c)"", ""level"": """", ""difficulty"": ""MEDIUM"", ""subTopic"": """", ""isEssay"": false}",False
M13,M13.13.7(c),,167. What is the purpose of the summing circuit 2 in the ADF system?,Mixes local oscillator with IF,Demodulates the station audio,✔ Mixes sense antenna signal to eliminate 180° directional ambiguity,,✔ Mixes sense antenna signal to eliminate 180° directional ambiguity,MEDIUM,,,MEDIUM,ANSWERED,Matched from corpus,1,MODULE 13_Questions.pdf,"{""raw"": ""167. What is the purpose of the summing circuit 2 in the ADF system?"", ""question"": ""167. What is the purpose of the summing circuit 2 in the ADF system?"", ""options"": [""Mixes local oscillator with IF"", ""Demodulates the station audio"", ""✔ Mixes sense antenna signal to eliminate 180° directional ambiguity""], ""correct"": ""✔ Mixes sense antenna signal to eliminate 180° directional ambiguity"", ""answer_text"": null, ""category"": null, ""source_file"": ""MODULE 13_Questions.pdf"", ""source_module"": ""M13"", ""fmt"": ""csv"", ""module"": ""M13"", ""syllabusRef"": ""M13.13.7(c)"", ""level"": """", ""difficulty"": ""MEDIUM"", ""subTopic"": """", ""isEssay"": false}",False
M13,M13.1.1,,signals into bearing output?,Sense and loop antenna signals,✔ Two 96 Hz signals (reference and modulated),Loop and audio signals,,✔ Two 96 Hz signals (reference and modulated),EASY,168. The phase detector in the ADF system converts phase difference of which,,MEDIUM,ANSWERED,Matched from corpus,1,MODULE 13_Questions.pdf,"{""raw"": ""signals into bearing output?"", ""question"": ""signals into bearing output?"", ""options"": [""Sense and loop antenna signals"", ""✔ Two 96 Hz signals (reference and modulated)"", ""Loop and audio signals""], ""correct"": ""✔ Two 96 Hz signals (reference and modulated)"", ""answer_text"": null, ""category"": null, ""source_file"": ""MODULE 13_Questions.pdf"", ""source_module"": ""M13"", ""fmt"": ""csv"", ""module"": ""M13"", ""syllabusRef"": ""M13.1.1"", ""level"": """", ""difficulty"": ""EASY"", ""subTopic"": ""168. The phase detector in the ADF system converts phase difference of which"", ""isEssay"": false}",False
M13,M13.0.3,,169. What kind of bearing does the RBI (Relative Bearing Indicator) show?,QDM (Magnetic bearing),✔ Relative bearing from aircraft nose to the station,True bearing to the VOR,,✔ Relative bearing from aircraft nose to the station,MEDIUM,,,MEDIUM,ANSWERED,Matched from corpus,1,MODULE 13_Questions.pdf,"{""raw"": ""169. What kind of bearing does the RBI (Relative Bearing Indicator) show?"", ""question"": ""169. What kind of bearing does the RBI (Relative Bearing Indicator) show?"", ""options"": [""QDM (Magnetic bearing)"", ""✔ Relative bearing from aircraft nose to the station"", ""True bearing to the VOR""], ""correct"": ""✔ Relative bearing from aircraft nose to the station"", ""answer_text"": null, ""category"": null, ""source_file"": ""MODULE 13_Questions.pdf"", ""source_module"": ""M13"", ""fmt"": ""csv"", ""module"": ""M13"", ""syllabusRef"": ""M13.0.3"", ""level"": """", ""difficulty"": ""MEDIUM"", ""subTopic"": """", ""isEssay"": false}",False
M13,M13.1.1,,display absolute bearing (QDM)?,Course Deviation Indicator (CDI),✔ Radio Magnetic Indicator (RMI),Relative Bearing Indicator (RBI),,✔ Radio Magnetic Indicator (RMI),EASY,170. Which instrument automatically rotates with the compass system to,,MEDIUM,ANSWERED,Matched from corpus-option,1,MODULE 13_Questions.pdf,"{""raw"": ""display absolute bearing (QDM)?"", ""question"": ""display absolute bearing (QDM)?"", ""options"": [""Course Deviation Indicator (CDI)"", ""✔ Radio Magnetic Indicator (RMI)"", ""Relative Bearing Indicator (RBI)""], ""correct"": ""✔ Radio Magnetic Indicator (RMI)"", ""answer_text"": null, ""category"": null, ""source_file"": ""MODULE 13_Questions.pdf"", ""source_module"": ""M13"", ""fmt"": ""csv"", ""module"": ""M13"", ""syllabusRef"": ""M13.1.1"", ""level"": """", ""difficulty"": ""EASY"", ""subTopic"": ""170. Which instrument automatically rotates with the compass system to"", ""isEssay"": false}",False
M13,M13.13.7(c),,171. What is the primary function of the Instrument Landing System (ILS)?,To control descent rate during autopilot operations,✔ To guide the aircraft along an optimum descent path using radio beams,To manage runway lighting during landing,,To control descent rate during autopilot operations,MEDIUM,,,MEDIUM,ANSWERED,Matched from corpus-option-overlap,1,MODULE 13_Questions.pdf,"{""raw"": ""171. What is the primary function of the Instrument Landing System (ILS)?"", ""question"": ""171. What is the primary function of the Instrument Landing System (ILS)?"", ""options"": [""To control descent rate during autopilot operations"", ""✔ To guide the aircraft along an optimum descent path using radio beams"", ""To manage runway lighting during landing""], ""correct"": ""To control descent rate during autopilot operations"", ""answer_text"": null, ""category"": null, ""source_file"": ""MODULE 13_Questions.pdf"", ""source_module"": ""M13"", ""fmt"": ""csv"", ""module"": ""M13"", ""syllabusRef"": ""M13.13.7(c)"", ""level"": """", ""difficulty"": ""MEDIUM"", ""subTopic"": """", ""isEssay"": false}",False
M13,M13.12.000,,172. What two radio beams intersect to form the ILS descent path?,Marker beacon and VOR,ADF signal and Localizer,✔ Localizer and Glide Slope,,Marker beacon and VOR,MEDIUM,,,MEDIUM,ANSWERED,Matched from corpus-option-overlap,1,MODULE 13_Questions.pdf,"{""raw"": ""172. What two radio beams intersect to form the ILS descent path?"", ""question"": ""172. What two radio beams intersect to form the ILS descent path?"", ""options"": [""Marker beacon and VOR"", ""ADF signal and Localizer"", ""✔ Localizer and Glide Slope""], ""correct"": ""Marker beacon and VOR"", ""answer_text"": null, ""category"": null, ""source_file"": ""MODULE 13_Questions.pdf"", ""source_module"": ""M13"", ""fmt"": ""csv"", ""module"": ""M13"", ""syllabusRef"": ""M13.12.000"", ""level"": """", ""difficulty"": ""MEDIUM"", ""subTopic"": """", ""isEssay"": false}",False
M13,M13.1.5,,173. What type of deviation does the ILS measure and display to the pilot?,Distance and altitude deviation,✔ Angular deviation from the ideal approach path,Rate of descent and groundspeed,,Distance and altitude deviation,MEDIUM,,,MEDIUM,ANSWERED,Matched from corpus-option-overlap,1,MODULE 13_Questions.pdf,"{""raw"": ""173. What type of deviation does the ILS measure and display to the pilot?"", ""question"": ""173. What type of deviation does the ILS measure and display to the pilot?"", ""options"": [""Distance and altitude deviation"", ""✔ Angular deviation from the ideal approach path"", ""Rate of descent and groundspeed""], ""correct"": ""Distance and altitude deviation"", ""answer_text"": null, ""category"": null, ""source_file"": ""MODULE 13_Questions.pdf"", ""source_module"": ""M13"", ""fmt"": ""csv"", ""module"": ""M13"", ""syllabusRef"": ""M13.1.5"", ""level"": """", ""difficulty"": ""MEDIUM"", ""subTopic"": """", ""isEssay"": false}",False
M13,M13.13.06,,What additional signal is provided by an ILS ground station for,A squitter pulse,✔ A Morse audio signal,A transponder code,,✔ A Morse audio signal,MEDIUM,,,MEDIUM,ANSWERED,Matched from corpus,1,MODULE 13_Questions.pdf,"{""raw"": ""What additional signal is provided by an ILS ground station for"", ""question"": ""What additional signal is provided by an ILS ground station for"", ""options"": [""A squitter pulse"", ""✔ A Morse audio signal"", ""A transponder code""], ""correct"": ""✔ A Morse audio signal"", ""answer_text"": null, ""category"": null, ""source_file"": ""MODULE 13_Questions.pdf"", ""source_module"": ""M13"", ""fmt"": ""csv"", ""module"": ""M13"", ""syllabusRef"": ""M13.13.06"", ""level"": """", ""difficulty"": ""MEDIUM"", ""subTopic"": """", ""isEssay"": false}",False
M13,M13.1.1,,175. The localizer component of an ILS provides guidance in which direction?,Vertical (up/down),✔ Lateral (left/right),Radial (distance),,✔ Lateral (left/right),MEDIUM,,,HIGH,ANSWERED,Localizer provides lateral (left/right) guidance,1,MODULE 13_Questions.pdf,"{""raw"": ""175. The localizer component of an ILS provides guidance in which direction?"", ""question"": ""175. The localizer component of an ILS provides guidance in which direction?"", ""options"": [""Vertical (up/down)"", ""✔ Lateral (left/right)"", ""Radial (distance)""], ""correct"": ""✔ Lateral (left/right)"", ""answer_text"": null, ""category"": null, ""source_file"": ""MODULE 13_Questions.pdf"", ""source_module"": ""M13"", ""fmt"": ""csv"", ""module"": ""M13"", ""syllabusRef"": ""M13.1.1"", ""level"": """", ""difficulty"": ""MEDIUM"", ""subTopic"": """", ""isEssay"": false}",False
M13,M13.1.1,,The glide slope component of an ILS provides guidance in which,✔ Vertical (up/down),Lateral (left/right),Longitudinal (along the runway),,✔ Vertical (up/down),MEDIUM,,,MEDIUM,ANSWERED,Matched from corpus,1,MODULE 13_Questions.pdf,"{""raw"": ""The glide slope component of an ILS provides guidance in which"", ""question"": ""The glide slope component of an ILS provides guidance in which"", ""options"": [""✔ Vertical (up/down)"", ""Lateral (left/right)"", ""Longitudinal (along the runway)""], ""correct"": ""✔ Vertical (up/down)"", ""answer_text"": null, ""category"": null, ""source_file"": ""MODULE 13_Questions.pdf"", ""source_module"": ""M13"", ""fmt"": ""csv"", ""module"": ""M13"", ""syllabusRef"": ""M13.1.1"", ""level"": """", ""difficulty"": ""MEDIUM"", ""subTopic"": """", ""isEssay"": false}",False
M13,M13.13.7(a),,18. 1. What is the primary purpose of Damage Tolerance Monitoring?,To reduce fuel consumption during flight,To detect and record structural stresses or impacts such as hard landings,To monitor the pilot's input during takeoff,,To detect and record structural stresses or impacts such as hard landings,MEDIUM,,,HIGH,ANSWERED,Detects and records structural stresses or impacts,1,MODULE 13_Questions.pdf,"{""raw"": ""18. 1. What is the primary purpose of Damage Tolerance Monitoring?"", ""question"": ""18. 1. What is the primary purpose of Damage Tolerance Monitoring?"", ""options"": [""To reduce fuel consumption during flight"", ""To detect and record structural stresses or impacts such as hard landings"", ""To monitor the pilot's input during takeoff""], ""correct"": ""To detect and record structural stresses or impacts such as hard landings"", ""answer_text"": null, ""category"": null, ""source_file"": ""MODULE 13_Questions.pdf"", ""source_module"": ""M13"", ""fmt"": ""csv"", ""module"": ""M13"", ""syllabusRef"": ""M13.13.7(a)"", ""level"": """", ""difficulty"": ""MEDIUM"", ""subTopic"": """", ""isEssay"": false}",False
M13,M13.13.7(c),,relation to damage monitoring?,Cabin pressure variations during cruise,Excessive vertical acceleration during landing,Oxygen level in fuel tanks,,Excessive vertical acceleration during landing,EASY,19. 2. What does the DFDR (Digital Flight Data Recorder) record in,,MEDIUM,ANSWERED,Matched from corpus-option-overlap,1,MODULE 13_Questions.pdf,"{""raw"": ""relation to damage monitoring?"", ""question"": ""relation to damage monitoring?"", ""options"": [""Cabin pressure variations during cruise"", ""Excessive vertical acceleration during landing"", ""Oxygen level in fuel tanks""], ""correct"": ""Excessive vertical acceleration during landing"", ""answer_text"": null, ""category"": null, ""source_file"": ""MODULE 13_Questions.pdf"", ""source_module"": ""M13"", ""fmt"": ""csv"", ""module"": ""M13"", ""syllabusRef"": ""M13.13.7(c)"", ""level"": """", ""difficulty"": ""EASY"", ""subTopic"": ""19. 2. What does the DFDR (Digital Flight Data Recorder) record in"", ""isEssay"": false}",False
M13,M13.13.7(c),,20. 3. What is the function of the Data Loading System on modern aircraft?,It monitors weather data from external sources,It serves as an interface for updating software and retrieving system data,It controls flight control surfaces manually,,It serves as an interface for updating software and retrieving system data,MEDIUM,,,MEDIUM,ANSWERED,Matched from corpus,1,MODULE 13_Questions.pdf,"{""raw"": ""20. 3. What is the function of the Data Loading System on modern aircraft?"", ""question"": ""20. 3. What is the function of the Data Loading System on modern aircraft?"", ""options"": [""It monitors weather data from external sources"", ""It serves as an interface for updating software and retrieving system data"", ""It controls flight control surfaces manually""], ""correct"": ""It serves as an interface for updating software and retrieving system data"", ""answer_text"": null, ""category"": null, ""source_file"": ""MODULE 13_Questions.pdf"", ""source_module"": ""M13"", ""fmt"": ""csv"", ""module"": ""M13"", ""syllabusRef"": ""M13.13.7(c)"", ""level"": """", ""difficulty"": ""MEDIUM"", ""subTopic"": """", ""isEssay"": false}",False
M13,M13.13.4(b),,4. What are the two operating modes of the Multipurpose Disk Drive,Secure Mode and Maintenance Mode,Online Mode and Offline Mode,Automatic Mode and Manual Mode,,Automatic Mode and Manual Mode,MEDIUM,,,MEDIUM,ANSWERED,Matched from corpus-option-overlap,1,MODULE 13_Questions.pdf,"{""raw"": ""4. What are the two operating modes of the Multipurpose Disk Drive"", ""question"": ""4. What are the two operating modes of the Multipurpose Disk Drive"", ""options"": [""Secure Mode and Maintenance Mode"", ""Online Mode and Offline Mode"", ""Automatic Mode and Manual Mode""], ""correct"": ""Automatic Mode and Manual Mode"", ""answer_text"": null, ""category"": null, ""source_file"": ""MODULE 13_Questions.pdf"", ""source_module"": ""M13"", ""fmt"": ""csv"", ""module"": ""M13"", ""syllabusRef"": ""M13.13.4(b)"", ""level"": """", ""difficulty"": ""MEDIUM"", ""subTopic"": """", ""isEssay"": false}",False
M13,M13.1.1,,"5. When the MDDU is not installed, how can data loading functions be",Through a connector using a portable data loader,By removing the aircraft battery,Only by sending data wirelessly,,Through a connector using a portable data loader,MEDIUM,,,MEDIUM,ANSWERED,Matched from corpus-option-overlap,1,MODULE 13_Questions.pdf,"{""raw"": ""5. When the MDDU is not installed, how can data loading functions be"", ""question"": ""5. When the MDDU is not installed, how can data loading functions be"", ""options"": [""Through a connector using a portable data loader"", ""By removing the aircraft battery"", ""Only by sending data wirelessly""], ""correct"": ""Through a connector using a portable data loader"", ""answer_text"": null, ""category"": null, ""source_file"": ""MODULE 13_Questions.pdf"", ""source_module"": ""M13"", ""fmt"": ""csv"", ""module"": ""M13"", ""syllabusRef"": ""M13.1.1"", ""level"": """", ""difficulty"": ""MEDIUM"", ""subTopic"": """", ""isEssay"": false}",False
M13,M13.13.7(c),,23. 1. What triggers the stick shaker in the stall warning system?,Loss of hydraulic pressure,Increasing angle of attack approaching stall,Exceeding maximum speed,,Increasing angle of attack approaching stall,MEDIUM,,,MEDIUM,ANSWERED,Matched from corpus-option-overlap,1,MODULE 13_Questions.pdf,"{""raw"": ""23. 1. What triggers the stick shaker in the stall warning system?"", ""question"": ""23. 1. What triggers the stick shaker in the stall warning system?"", ""options"": [""Loss of hydraulic pressure"", ""Increasing angle of attack approaching stall"", ""Exceeding maximum speed""], ""correct"": ""Increasing angle of attack approaching stall"", ""answer_text"": null, ""category"": null, ""source_file"": ""MODULE 13_Questions.pdf"", ""source_module"": ""M13"", ""fmt"": ""csv"", ""module"": ""M13"", ""syllabusRef"": ""M13.13.7(c)"", ""level"": """", ""difficulty"": ""MEDIUM"", ""subTopic"": """", ""isEssay"": false}",False
M13,M13.0.3,,24. 2. What action does the stick pusher perform during stall prevention?,It vibrates the rudder pedals,It pushes the control column forward,It retracts the landing gear,,It pushes the control column forward,MEDIUM,,,MEDIUM,ANSWERED,Matched from corpus-option-overlap,1,MODULE 13_Questions.pdf,"{""raw"": ""24. 2. What action does the stick pusher perform during stall prevention?"", ""question"": ""24. 2. What action does the stick pusher perform during stall prevention?"", ""options"": [""It vibrates the rudder pedals"", ""It pushes the control column forward"", ""It retracts the landing gear""], ""correct"": ""It pushes the control column forward"", ""answer_text"": null, ""category"": null, ""source_file"": ""MODULE 13_Questions.pdf"", ""source_module"": ""M13"", ""fmt"": ""csv"", ""module"": ""M13"", ""syllabusRef"": ""M13.0.3"", ""level"": """", ""difficulty"": ""MEDIUM"", ""subTopic"": """", ""isEssay"": false}",False
M13,M13.13.7(c),,3. The stall warning system uses inputs from:,Only the pilot’s control column,Engine throttle settings,"Angle of attack, flaps, slats, and horizontal stabilizer position",,"Angle of attack, flaps, slats, and horizontal stabilizer position",EASY,,,MEDIUM,ANSWERED,Matched from corpus-option-overlap,1,MODULE 13_Questions.pdf,"{""raw"": ""3. The stall warning system uses inputs from:"", ""question"": ""3. The stall warning system uses inputs from:"", ""options"": [""Only the pilot’s control column"", ""Engine throttle settings"", ""Angle of attack, flaps, slats, and horizontal stabilizer position""], ""correct"": ""Angle of attack, flaps, slats, and horizontal stabilizer position"", ""answer_text"": null, ""category"": null, ""source_file"": ""MODULE 13_Questions.pdf"", ""source_module"": ""M13"", ""fmt"": ""csv"", ""module"": ""M13"", ""syllabusRef"": ""M13.13.7(c)"", ""level"": """", ""difficulty"": ""EASY"", ""subTopic"": """", ""isEssay"": false}",False
M13,M13.0.3,,26. 4. When does the aural stall warning and visual indication appear?,At the actual stall condition,During taxi,At cruise altitude only,,At the actual stall condition,MEDIUM,,,MEDIUM,ANSWERED,Matched from corpus,1,MODULE 13_Questions.pdf,"{""raw"": ""26. 4. When does the aural stall warning and visual indication appear?"", ""question"": ""26. 4. When does the aural stall warning and visual indication appear?"", ""options"": [""At the actual stall condition"", ""During taxi"", ""At cruise altitude only""], ""correct"": ""At the actual stall condition"", ""answer_text"": null, ""category"": null, ""source_file"": ""MODULE 13_Questions.pdf"", ""source_module"": ""M13"", ""fmt"": ""csv"", ""module"": ""M13"", ""syllabusRef"": ""M13.0.3"", ""level"": """", ""difficulty"": ""MEDIUM"", ""subTopic"": """", ""isEssay"": false}",False
M13,M13.30.05,,27. 5. What is the function of the autoslat extension in stall prevention?,It extends spoilers for more lift,It adjusts slats automatically to avoid deep stall,It deploys the air brakes,,It adjusts slats automatically to avoid deep stall,MEDIUM,,,MEDIUM,ANSWERED,Matched from corpus,1,MODULE 13_Questions.pdf,"{""raw"": ""27. 5. What is the function of the autoslat extension in stall prevention?"", ""question"": ""27. 5. What is the function of the autoslat extension in stall prevention?"", ""options"": [""It extends spoilers for more lift"", ""It adjusts slats automatically to avoid deep stall"", ""It deploys the air brakes""], ""correct"": ""It adjusts slats automatically to avoid deep stall"", ""answer_text"": null, ""category"": null, ""source_file"": ""MODULE 13_Questions.pdf"", ""source_module"": ""M13"", ""fmt"": ""csv"", ""module"": ""M13"", ""syllabusRef"": ""M13.30.05"", ""level"": """", ""difficulty"": ""MEDIUM"", ""subTopic"": """", ""isEssay"": false}",False
M13,M13.14.5,,28. 1. What two systems does the HSI combine into one display?,Turn coordinator and altimeter,Heading indicator and VOR-ILS display,Airspeed indicator and glide slope,,Turn coordinator and altimeter,MEDIUM,,,MEDIUM,ANSWERED,Matched from corpus-option-overlap,1,MODULE 13_Questions.pdf,"{""raw"": ""28. 1. What two systems does the HSI combine into one display?"", ""question"": ""28. 1. What two systems does the HSI combine into one display?"", ""options"": [""Turn coordinator and altimeter"", ""Heading indicator and VOR-ILS display"", ""Airspeed indicator and glide slope""], ""correct"": ""Turn coordinator and altimeter"", ""answer_text"": null, ""category"": null, ""source_file"": ""MODULE 13_Questions.pdf"", ""source_module"": ""M13"", ""fmt"": ""csv"", ""module"": ""M13"", ""syllabusRef"": ""M13.14.5"", ""level"": """", ""difficulty"": ""MEDIUM"", ""subTopic"": """", ""isEssay"": false}",False
M13,M13.0.3,,2. What is one key advantage of the HSI during ILS back course,It turns off the glide slope automatically,It centers the aircraft on the magnetic meridian,It eliminates reverse sensing when front course is set,,It centers the aircraft on the magnetic meridian,MEDIUM,,,MEDIUM,ANSWERED,Matched from corpus-option-overlap,1,MODULE 13_Questions.pdf,"{""raw"": ""2. What is one key advantage of the HSI during ILS back course"", ""question"": ""2. What is one key advantage of the HSI during ILS back course"", ""options"": [""It turns off the glide slope automatically"", ""It centers the aircraft on the magnetic meridian"", ""It eliminates reverse sensing when front course is set""], ""correct"": ""It centers the aircraft on the magnetic meridian"", ""answer_text"": null, ""category"": null, ""source_file"": ""MODULE 13_Questions.pdf"", ""source_module"": ""M13"", ""fmt"": ""csv"", ""module"": ""M13"", ""syllabusRef"": ""M13.0.3"", ""level"": """", ""difficulty"": ""MEDIUM"", ""subTopic"": """", ""isEssay"": false}",False
M13,M13.0.3,,3. What does the schematic airplane symbol in the center of the HSI,The heading bug,The aircraft's position relative to the VOR/ILS course,The current wind correction angle,,The heading bug,MEDIUM,,,MEDIUM,ANSWERED,Matched from corpus-option-overlap,1,MODULE 13_Questions.pdf,"{""raw"": ""3. What does the schematic airplane symbol in the center of the HSI"", ""question"": ""3. What does the schematic airplane symbol in the center of the HSI"", ""options"": [""The heading bug"", ""The aircraft's position relative to the VOR/ILS course"", ""The current wind correction angle""], ""correct"": ""The heading bug"", ""answer_text"": null, ""category"": null, ""source_file"": ""MODULE 13_Questions.pdf"", ""source_module"": ""M13"", ""fmt"": ""csv"", ""module"": ""M13"", ""syllabusRef"": ""M13.0.3"", ""level"": """", ""difficulty"": ""MEDIUM"", ""subTopic"": """", ""isEssay"": false}",False
M13,M13.0.3,,"4. When tuned to a VOR station, how is TO/FROM indicated on an",A vertical bar with arrows,A triangle that points toward or away from the VOR,A flag that appears only during autopilot mode,,A vertical bar with arrows,MEDIUM,,,MEDIUM,ANSWERED,Matched from corpus-option-overlap,1,MODULE 13_Questions.pdf,"{""raw"": ""4. When tuned to a VOR station, how is TO/FROM indicated on an"", ""question"": ""4. When tuned to a VOR station, how is TO/FROM indicated on an"", ""options"": [""A vertical bar with arrows"", ""A triangle that points toward or away from the VOR"", ""A flag that appears only during autopilot mode""], ""correct"": ""A vertical bar with arrows"", ""answer_text"": null, ""category"": null, ""source_file"": ""MODULE 13_Questions.pdf"", ""source_module"": ""M13"", ""fmt"": ""csv"", ""module"": ""M13"", ""syllabusRef"": ""M13.0.3"", ""level"": """", ""difficulty"": ""MEDIUM"", ""subTopic"": """", ""isEssay"": false}",False
M13,M13.13.4(b),,5. What is the purpose of the magnetic slaving transmitter in an HSI,To manually sync the heading with a known direction,To display GPS heading information only,To detect Earth's magnetic field and auto-correct the gyro,,To detect Earth's magnetic field and auto-correct the gyro,MEDIUM,,,MEDIUM,ANSWERED,Matched from corpus-option-overlap,1,MODULE 13_Questions.pdf,"{""raw"": ""5. What is the purpose of the magnetic slaving transmitter in an HSI"", ""question"": ""5. What is the purpose of the magnetic slaving transmitter in an HSI"", ""options"": [""To manually sync the heading with a known direction"", ""To display GPS heading information only"", ""To detect Earth's magnetic field and auto-correct the gyro""], ""correct"": ""To detect Earth's magnetic field and auto-correct the gyro"", ""answer_text"": null, ""category"": null, ""source_file"": ""MODULE 13_Questions.pdf"", ""source_module"": ""M13"", ""fmt"": ""csv"", ""module"": ""M13"", ""syllabusRef"": ""M13.13.4(b)"", ""level"": """", ""difficulty"": ""MEDIUM"", ""subTopic"": """", ""isEssay"": false}",False
M13,M13.13.7(c),,"33. 6. In slave gyro mode, what does the HSI system do?",It alerts the pilot to magnetic interference,It auto-corrects gyro error using the magnetic slaving transmitter,It displays deviation from the ADF signal,,It auto-corrects gyro error using the magnetic slaving transmitter,MEDIUM,,,MEDIUM,ANSWERED,Matched from corpus,1,MODULE 13_Questions.pdf,"{""raw"": ""33. 6. In slave gyro mode, what does the HSI system do?"", ""question"": ""33. 6. In slave gyro mode, what does the HSI system do?"", ""options"": [""It alerts the pilot to magnetic interference"", ""It auto-corrects gyro error using the magnetic slaving transmitter"", ""It displays deviation from the ADF signal""], ""correct"": ""It auto-corrects gyro error using the magnetic slaving transmitter"", ""answer_text"": null, ""category"": null, ""source_file"": ""MODULE 13_Questions.pdf"", ""source_module"": ""M13"", ""fmt"": ""csv"", ""module"": ""M13"", ""syllabusRef"": ""M13.13.7(c)"", ""level"": """", ""difficulty"": ""MEDIUM"", ""subTopic"": """", ""isEssay"": false}",False
