module,syllabusRef,level,text,optionA,optionB,optionC,optionD,correctAnswer,difficulty,subTopic,aiSourceRef,aiConfidence,status,reviewNote,points,sourceFile,rawJson
M3,M3.3.9,2,across the capacitor after one time constant?,12.64 volts,7.36 volts,0 volts,,,EASY,1. A capacitor is fully charged after 25 seconds to a battery voltage of 20,,,DRAFT,NEEDS_ANSWER — answer not provided in source; solve via Suntech corpus or admin review,1,261722955-Module-3.pdf,"{""raw"": ""1. A capacitor is fully charged after 25 seconds to a battery voltage of 20\nVolts. The battery is replaced with a short circuit. What will be the voltage\nacross the capacitor after one time constant?\na) 12.64 volts\nb) 7.36 volts\nc) 0 volts"", ""question"": ""across the capacitor after one time constant?"", ""options"": [""12.64 volts"", ""7.36 volts"", ""0 volts""], ""correct"": null, ""answer_text"": null, ""category"": ""1. A capacitor is fully charged after 25 seconds to a battery voltage of 20"", ""source_file"": ""261722955-Module-3.pdf"", ""source_module"": ""M3"", ""fmt"": ""pdf"", ""module"": ""M3"", ""syllabusRef"": ""M3.3.9"", ""level"": 2, ""difficulty"": ""EASY""}"
M3,M3.1.5,,The voltage rating of a capacitor is,the max voltage that can be constantly applied,the min voltage required to charge,the normal operating voltage,,,EASY,,,,DRAFT,NEEDS_ANSWER — answer not provided in source; solve via Suntech corpus or admin review,1,261722955-Module-3.pdf,"{""raw"": ""2. The voltage rating of a capacitor is\na) the max voltage that can be constantly applied\nb) the min voltage required to charge\nc) the normal operating voltage"", ""question"": ""The voltage rating of a capacitor is"", ""options"": [""the max voltage that can be constantly applied"", ""the min voltage required to charge"", ""the normal operating voltage""], ""correct"": null, ""answer_text"": null, ""category"": null, ""source_file"": ""261722955-Module-3.pdf"", ""source_module"": ""M3"", ""fmt"": ""pdf"", ""module"": ""M3"", ""syllabusRef"": ""M3.1.5"", ""level"": null, ""difficulty"": ""EASY""}"
M3,M3.3.9,2,The relative permittivity of a capacitor is,the relative permittivity of the dielectric in relation to a vacuum,the permittivity of dielectric in relation to dry air,the permittivity of the dielectric,,,EASY,,,,DRAFT,NEEDS_ANSWER — answer not provided in source; solve via Suntech corpus or admin review,1,261722955-Module-3.pdf,"{""raw"": ""3. The relative permittivity of a capacitor is\na) the relative permittivity of the dielectric in relation to a vacuum\nb) the permittivity of dielectric in relation to dry air\nc) the permittivity of the dielectric"", ""question"": ""The relative permittivity of a capacitor is"", ""options"": [""the relative permittivity of the dielectric in relation to a vacuum"", ""the permittivity of dielectric in relation to dry air"", ""the permittivity of the dielectric""], ""correct"": null, ""answer_text"": null, ""category"": null, ""source_file"": ""261722955-Module-3.pdf"", ""source_module"": ""M3"", ""fmt"": ""pdf"", ""module"": ""M3"", ""syllabusRef"": ""M3.3.9"", ""level"": 2, ""difficulty"": ""EASY""}"
M3,,,Magnetic inclination is the least at the,poles,equator,isoclines,,,EASY,,,,DRAFT,NEEDS_ANSWER — answer not provided in source; solve via Suntech corpus or admin review,1,261722955-Module-3.pdf,"{""raw"": ""4. Magnetic inclination is the least at the\na) poles\nb) equator\nc) isoclines"", ""question"": ""Magnetic inclination is the least at the"", ""options"": [""poles"", ""equator"", ""isoclines""], ""correct"": null, ""answer_text"": null, ""category"": null, ""source_file"": ""261722955-Module-3.pdf"", ""source_module"": ""M3"", ""fmt"": ""pdf"", ""module"": ""M3"", ""difficulty"": ""EASY""}"
M3,,,Ferromagnetic materials can be magnetized,within a band of temperatures,above a certain temperature,below a certain temperature,,,EASY,,,,DRAFT,NEEDS_ANSWER — answer not provided in source; solve via Suntech corpus or admin review,1,261722955-Module-3.pdf,"{""raw"": ""5. Ferromagnetic materials can be magnetized\na) within a band of temperatures\nb) above a certain temperature\nc) below a certain temperature"", ""question"": ""Ferromagnetic materials can be magnetized"", ""options"": [""within a band of temperatures"", ""above a certain temperature"", ""below a certain temperature""], ""correct"": null, ""answer_text"": null, ""category"": null, ""source_file"": ""261722955-Module-3.pdf"", ""source_module"": ""M3"", ""fmt"": ""pdf"", ""module"": ""M3"", ""difficulty"": ""EASY""}"
M3,M3.1.5,,Faradays Law States that,the magnitude of the EMF is directly proportional to the rate of change,the magnitude of the EMF is indirectly proportional to the rate of,the magnitude of the EMF is directly proportional to the magnetic flux,,,EASY,,,,DRAFT,NEEDS_ANSWER — answer not provided in source; solve via Suntech corpus or admin review,1,261722955-Module-3.pdf,"{""raw"": ""6. Faradays Law States that\na) the magnitude of the EMF is directly proportional to the rate of change\nof flux\nb) the magnitude of the EMF is indirectly proportional to the rate of\nchange of flux\nc) the magnitude of the EMF is directly proportional to the magnetic flux"", ""question"": ""Faradays Law States that"", ""options"": [""the magnitude of the EMF is directly proportional to the rate of change"", ""the magnitude of the EMF is indirectly proportional to the rate of"", ""the magnitude of the EMF is directly proportional to the magnetic flux""], ""correct"": null, ""answer_text"": null, ""category"": null, ""source_file"": ""261722955-Module-3.pdf"", ""source_module"": ""M3"", ""fmt"": ""pdf"", ""module"": ""M3"", ""syllabusRef"": ""M3.1.5"", ""level"": null, ""difficulty"": ""EASY""}"
M3,,,To reduce eddy currents in a transformer you would,reduce the thickness of laminations in the magnetic core,increase the thickness of laminations in the magnetic core,reduce the number of turns on the primary winding,,,MEDIUM,,,,DRAFT,NEEDS_ANSWER — answer not provided in source; solve via Suntech corpus or admin review,1,261722955-Module-3.pdf,"{""raw"": ""7. To reduce eddy currents in a transformer you would\na) reduce the thickness of laminations in the magnetic core\nb) increase the thickness of laminations in the magnetic core\nc) reduce the number of turns on the primary winding"", ""question"": ""To reduce eddy currents in a transformer you would"", ""options"": [""reduce the thickness of laminations in the magnetic core"", ""increase the thickness of laminations in the magnetic core"", ""reduce the number of turns on the primary winding""], ""correct"": null, ""answer_text"": null, ""category"": null, ""source_file"": ""261722955-Module-3.pdf"", ""source_module"": ""M3"", ""fmt"": ""pdf"", ""module"": ""M3"", ""difficulty"": ""MEDIUM""}"
M3,M3.3.2,2,"is delta / star wound, what will the line voltage output be?",115V,200V,346V,,,MEDIUM,8. A transformer has an input of 400V and a ratio of 2:1. If the transformer,,,DRAFT,NEEDS_ANSWER — answer not provided in source; solve via Suntech corpus or admin review,1,261722955-Module-3.pdf,"{""raw"": ""8. A transformer has an input of 400V and a ratio of 2:1. If the transformer\nis delta / star wound, what will the line voltage output be?\na) 115V\nb) 200V\nc) 346V\nPage 1\nModule 3 – Electrical Fundamentals\nSample Questions"", ""question"": ""is delta / star wound, what will the line voltage output be?"", ""options"": [""115V"", ""200V"", ""346V""], ""correct"": null, ""answer_text"": null, ""category"": ""8. A transformer has an input of 400V and a ratio of 2:1. If the transformer"", ""source_file"": ""261722955-Module-3.pdf"", ""source_module"": ""M3"", ""fmt"": ""pdf"", ""module"": ""M3"", ""syllabusRef"": ""M3.3.2"", ""level"": 2, ""difficulty"": ""MEDIUM""}"
M3,,,consuming 50 Watts?,45°,90°,0°,,,EASY,"9. What is the phase difference in a circuit with 100V, drawing 0.5 amps,",,,DRAFT,NEEDS_ANSWER — answer not provided in source; solve via Suntech corpus or admin review,1,261722955-Module-3.pdf,"{""raw"": ""9. What is the phase difference in a circuit with 100V, drawing 0.5 amps,\nconsuming 50 Watts?\na) 45°\nb) 90°\nc) 0°"", ""question"": ""consuming 50 Watts?"", ""options"": [""45°"", ""90°"", ""0°""], ""correct"": null, ""answer_text"": null, ""category"": ""9. What is the phase difference in a circuit with 100V, drawing 0.5 amps,"", ""source_file"": ""261722955-Module-3.pdf"", ""source_module"": ""M3"", ""fmt"": ""pdf"", ""module"": ""M3"", ""difficulty"": ""EASY""}"
M3,,,"10. In an A.C circuit, what happens if frequency is reduced?",Capacitive elements may be damaged,Inductive elements may be damaged,There will be no effect,,,MEDIUM,,,,DRAFT,NEEDS_ANSWER — answer not provided in source; solve via Suntech corpus or admin review,1,261722955-Module-3.pdf,"{""raw"": ""10. In an A.C circuit, what happens if frequency is reduced?\na) Capacitive elements may be damaged\nb) Inductive elements may be damaged\nc) There will be no effect"", ""question"": ""10. In an A.C circuit, what happens if frequency is reduced?"", ""options"": [""Capacitive elements may be damaged"", ""Inductive elements may be damaged"", ""There will be no effect""], ""correct"": null, ""answer_text"": null, ""category"": null, ""source_file"": ""261722955-Module-3.pdf"", ""source_module"": ""M3"", ""fmt"": ""pdf"", ""module"": ""M3"", ""difficulty"": ""MEDIUM""}"
M3,M3.3.2,2,"a landing light (load 24v 45 amps) is used, what is the current drawn?",205 amps,9 amps,4.5 amps,,,MEDIUM,11. A Transformer with 115v primary voltage and a ratio of 5:1 is supplying,,,DRAFT,NEEDS_ANSWER — answer not provided in source; solve via Suntech corpus or admin review,1,261722955-Module-3.pdf,"{""raw"": ""11. A Transformer with 115v primary voltage and a ratio of 5:1 is supplying\na landing light (load 24v 45 amps) is used, what is the current drawn?\na) 205 amps\nb) 9 amps\nc) 4.5 amps"", ""question"": ""a landing light (load 24v 45 amps) is used, what is the current drawn?"", ""options"": [""205 amps"", ""9 amps"", ""4.5 amps""], ""correct"": null, ""answer_text"": null, ""category"": ""11. A Transformer with 115v primary voltage and a ratio of 5:1 is supplying"", ""source_file"": ""261722955-Module-3.pdf"", ""source_module"": ""M3"", ""fmt"": ""pdf"", ""module"": ""M3"", ""syllabusRef"": ""M3.3.2"", ""level"": 2, ""difficulty"": ""MEDIUM""}"
M3,M3.3.2,2,A Transformer has 4500 secondary turns and 750 primary turns. Its,1:6,6:1,1/6,,,MEDIUM,,,,DRAFT,NEEDS_ANSWER — answer not provided in source; solve via Suntech corpus or admin review,1,261722955-Module-3.pdf,"{""raw"": ""12. A Transformer has 4500 secondary turns and 750 primary turns. Its\nturns ratio is\na) 1:6\nb) 6:1\nc) 1/6"", ""question"": ""A Transformer has 4500 secondary turns and 750 primary turns. Its"", ""options"": [""1:6"", ""6:1"", ""1/6""], ""correct"": null, ""answer_text"": null, ""category"": null, ""source_file"": ""261722955-Module-3.pdf"", ""source_module"": ""M3"", ""fmt"": ""pdf"", ""module"": ""M3"", ""syllabusRef"": ""M3.3.2"", ""level"": 2, ""difficulty"": ""MEDIUM""}"
M3,,,Two inductive coils are placed in close proximity with each other at 90,0,maximum positive,maximum negative,,,MEDIUM,,,,DRAFT,NEEDS_ANSWER — answer not provided in source; solve via Suntech corpus or admin review,1,261722955-Module-3.pdf,"{""raw"": ""13. Two inductive coils are placed in close proximity with each other at 90\ndegrees. The number of flux linkages is\na) 0\nb) maximum positive\nc) maximum negative"", ""question"": ""Two inductive coils are placed in close proximity with each other at 90"", ""options"": [""0"", ""maximum positive"", ""maximum negative""], ""correct"": null, ""answer_text"": null, ""category"": null, ""source_file"": ""261722955-Module-3.pdf"", ""source_module"": ""M3"", ""fmt"": ""pdf"", ""module"": ""M3"", ""difficulty"": ""MEDIUM""}"
M3,,,14. A high pass filter will?,allow frequencies above a certain value to pass,allow frequencies below a certain value to pass,allow frequencies within a range to pass,,,EASY,,,,DRAFT,NEEDS_ANSWER — answer not provided in source; solve via Suntech corpus or admin review,1,261722955-Module-3.pdf,"{""raw"": ""14. A high pass filter will?\na) allow frequencies above a certain value to pass\nb) allow frequencies below a certain value to pass\nc) allow frequencies within a range to pass"", ""question"": ""14. A high pass filter will?"", ""options"": [""allow frequencies above a certain value to pass"", ""allow frequencies below a certain value to pass"", ""allow frequencies within a range to pass""], ""correct"": null, ""answer_text"": null, ""category"": null, ""source_file"": ""261722955-Module-3.pdf"", ""source_module"": ""M3"", ""fmt"": ""pdf"", ""module"": ""M3"", ""difficulty"": ""EASY""}"
M3,,,"If you apply this waveform to this circuit, what is the output across the",Zero,Pulsed negative,Pulsed positive,,,MEDIUM,,,,DRAFT,NEEDS_ANSWER — answer not provided in source; solve via Suntech corpus or admin review,1,261722955-Module-3.pdf,"{""raw"": ""15. If you apply this waveform to this circuit, what is the output across the\ncapacitor?\na) Zero\nb) Pulsed negative\nc) Pulsed positive\nPage 2\nModule 3 – Electrical Fundamentals\nSample Questions"", ""question"": ""If you apply this waveform to this circuit, what is the output across the"", ""options"": [""Zero"", ""Pulsed negative"", ""Pulsed positive""], ""correct"": null, ""answer_text"": null, ""category"": null, ""source_file"": ""261722955-Module-3.pdf"", ""source_module"": ""M3"", ""fmt"": ""pdf"", ""module"": ""M3"", ""difficulty"": ""MEDIUM""}"
M3,,,16. What value is the same as the equivalent D.C. heating effect?,Root Mean Square,Average,Peak,,,MEDIUM,,,,DRAFT,NEEDS_ANSWER — answer not provided in source; solve via Suntech corpus or admin review,1,261722955-Module-3.pdf,"{""raw"": ""16. What value is the same as the equivalent D.C. heating effect?\na) Root Mean Square\nb) Average\nc) Peak"", ""question"": ""16. What value is the same as the equivalent D.C. heating effect?"", ""options"": [""Root Mean Square"", ""Average"", ""Peak""], ""correct"": null, ""answer_text"": null, ""category"": null, ""source_file"": ""261722955-Module-3.pdf"", ""source_module"": ""M3"", ""fmt"": ""pdf"", ""module"": ""M3"", ""difficulty"": ""MEDIUM""}"
M3,M3.3.2,2,circuit containing resistance & inductance?,Current leads voltage by up to 90°,Current lags voltage by up to 90°,Current lags voltage by 90°,,,EASY,17. What is the relationship between the voltage and the current in an A.C,,,DRAFT,NEEDS_ANSWER — answer not provided in source; solve via Suntech corpus or admin review,1,261722955-Module-3.pdf,"{""raw"": ""17. What is the relationship between the voltage and the current in an A.C\ncircuit containing resistance & inductance?\na) Current leads voltage by up to 90°\nb) Current lags voltage by up to 90°\nc) Current lags voltage by 90°"", ""question"": ""circuit containing resistance & inductance?"", ""options"": [""Current leads voltage by up to 90°"", ""Current lags voltage by up to 90°"", ""Current lags voltage by 90°""], ""correct"": null, ""answer_text"": null, ""category"": ""17. What is the relationship between the voltage and the current in an A.C"", ""source_file"": ""261722955-Module-3.pdf"", ""source_module"": ""M3"", ""fmt"": ""pdf"", ""module"": ""M3"", ""syllabusRef"": ""M3.3.2"", ""level"": 2, ""difficulty"": ""EASY""}"
M3,M3.3.2,2,What shape is the waveform when the input pulse and the time base,Square,Rectangular,Saw tooth,,,MEDIUM,,,,DRAFT,NEEDS_ANSWER — answer not provided in source; solve via Suntech corpus or admin review,1,261722955-Module-3.pdf,"{""raw"": ""18. What shape is the waveform when the input pulse and the time base\nare unequal?\na) Square\nb) Rectangular\nc) Saw tooth"", ""question"": ""What shape is the waveform when the input pulse and the time base"", ""options"": [""Square"", ""Rectangular"", ""Saw tooth""], ""correct"": null, ""answer_text"": null, ""category"": null, ""source_file"": ""261722955-Module-3.pdf"", ""source_module"": ""M3"", ""fmt"": ""pdf"", ""module"": ""M3"", ""syllabusRef"": ""M3.3.2"", ""level"": 2, ""difficulty"": ""MEDIUM""}"
M3,,,19. A sine wave has 5 amps RMS value. What is the peak value?,6.37 amps,7.07 amps,10 amps,,,MEDIUM,,,,DRAFT,NEEDS_ANSWER — answer not provided in source; solve via Suntech corpus or admin review,1,261722955-Module-3.pdf,"{""raw"": ""19. A sine wave has 5 amps RMS value. What is the peak value?\na) 6.37 amps\nb) 7.07 amps\nc) 10 amps"", ""question"": ""19. A sine wave has 5 amps RMS value. What is the peak value?"", ""options"": [""6.37 amps"", ""7.07 amps"", ""10 amps""], ""correct"": null, ""answer_text"": null, ""category"": null, ""source_file"": ""261722955-Module-3.pdf"", ""source_module"": ""M3"", ""fmt"": ""pdf"", ""module"": ""M3"", ""difficulty"": ""MEDIUM""}"
M3,,,In this circuit,current leads voltage,current lags voltage,current = voltage,,,EASY,,,,DRAFT,NEEDS_ANSWER — answer not provided in source; solve via Suntech corpus or admin review,1,261722955-Module-3.pdf,"{""raw"": ""20. In this circuit\na) current leads voltage\nb) current lags voltage\nc) current = voltage"", ""question"": ""In this circuit"", ""options"": [""current leads voltage"", ""current lags voltage"", ""current = voltage""], ""correct"": null, ""answer_text"": null, ""category"": null, ""source_file"": ""261722955-Module-3.pdf"", ""source_module"": ""M3"", ""fmt"": ""pdf"", ""module"": ""M3"", ""difficulty"": ""EASY""}"
M3,M3.3.2,2,Decreasing the field current in a shunt motor will,increase speed and decrease torque,increase speed and increase torque,decrease speed and increase torque,,,MEDIUM,,,,DRAFT,NEEDS_ANSWER — answer not provided in source; solve via Suntech corpus or admin review,1,261722955-Module-3.pdf,"{""raw"": ""21. Decreasing the field current in a shunt motor will\na) increase speed and decrease torque\nb) increase speed and increase torque\nc) decrease speed and increase torque"", ""question"": ""Decreasing the field current in a shunt motor will"", ""options"": [""increase speed and decrease torque"", ""increase speed and increase torque"", ""decrease speed and increase torque""], ""correct"": null, ""answer_text"": null, ""category"": null, ""source_file"": ""261722955-Module-3.pdf"", ""source_module"": ""M3"", ""fmt"": ""pdf"", ""module"": ""M3"", ""syllabusRef"": ""M3.3.2"", ""level"": 2, ""difficulty"": ""MEDIUM""}"
M3,M3.3.2,2,Power factor relates to,true power and apparent power,KW and KVAR,horsepower and Watts,,,EASY,,,,DRAFT,NEEDS_ANSWER — answer not provided in source; solve via Suntech corpus or admin review,1,261722955-Module-3.pdf,"{""raw"": ""22. Power factor relates to\na) true power and apparent power\nb) KW and KVAR\nc) horsepower and Watts"", ""question"": ""Power factor relates to"", ""options"": [""true power and apparent power"", ""KW and KVAR"", ""horsepower and Watts""], ""correct"": null, ""answer_text"": null, ""category"": null, ""source_file"": ""261722955-Module-3.pdf"", ""source_module"": ""M3"", ""fmt"": ""pdf"", ""module"": ""M3"", ""syllabusRef"": ""M3.3.2"", ""level"": 2, ""difficulty"": ""EASY""}"
M3,M3.1.5,,In a delta-connected generator,"line volts = phase volts, line current = root 3 times phase current.","line volts = phase volts, line current = phase current divided by root 3","line voltage = root 3 times phase voltage, line current = phase current",,,EASY,,,,DRAFT,NEEDS_ANSWER — answer not provided in source; solve via Suntech corpus or admin review,1,261722955-Module-3.pdf,"{""raw"": ""23. In a delta-connected generator\na) line volts = phase volts, line current = root 3 times phase current.\nb) line volts = phase volts, line current = phase current divided by root 3\nc) line voltage = root 3 times phase voltage, line current = phase current\nPage 3\nModule 3 – Electrical Fundamentals\nSample Questions"", ""question"": ""In a delta-connected generator"", ""options"": [""line volts = phase volts, line current = root 3 times phase current."", ""line volts = phase volts, line current = phase current divided by root 3"", ""line voltage = root 3 times phase voltage, line current = phase current""], ""correct"": null, ""answer_text"": null, ""category"": null, ""source_file"": ""261722955-Module-3.pdf"", ""source_module"": ""M3"", ""fmt"": ""pdf"", ""module"": ""M3"", ""syllabusRef"": ""M3.1.5"", ""level"": null, ""difficulty"": ""EASY""}"
M3,,,"If current lags voltage by 90°, the circuit is",capacitive,resistive,inductive,,,EASY,,,,DRAFT,NEEDS_ANSWER — answer not provided in source; solve via Suntech corpus or admin review,1,261722955-Module-3.pdf,"{""raw"": ""24. If current lags voltage by 90°, the circuit is\na) capacitive\nb) resistive\nc) inductive"", ""question"": ""If current lags voltage by 90°, the circuit is"", ""options"": [""capacitive"", ""resistive"", ""inductive""], ""correct"": null, ""answer_text"": null, ""category"": null, ""source_file"": ""261722955-Module-3.pdf"", ""source_module"": ""M3"", ""fmt"": ""pdf"", ""module"": ""M3"", ""difficulty"": ""EASY""}"
M3,,,"In a 3 phase motor, if 1 phase is lost, the motor",remains at the same speed,runs at 1 third speed,runs at 2 thirds speed,,,EASY,,,,DRAFT,NEEDS_ANSWER — answer not provided in source; solve via Suntech corpus or admin review,1,261722955-Module-3.pdf,"{""raw"": ""25. In a 3 phase motor, if 1 phase is lost, the motor\na) remains at the same speed\nb) runs at 1 third speed\nc) runs at 2 thirds speed"", ""question"": ""In a 3 phase motor, if 1 phase is lost, the motor"", ""options"": [""remains at the same speed"", ""runs at 1 third speed"", ""runs at 2 thirds speed""], ""correct"": null, ""answer_text"": null, ""category"": null, ""source_file"": ""261722955-Module-3.pdf"", ""source_module"": ""M3"", ""fmt"": ""pdf"", ""module"": ""M3"", ""difficulty"": ""EASY""}"
M3,,,A three-phase motor has the windings,120° apart,90° apart,180°apart,,,EASY,,,,DRAFT,NEEDS_ANSWER — answer not provided in source; solve via Suntech corpus or admin review,1,261722955-Module-3.pdf,"{""raw"": ""26. A three-phase motor has the windings\na) 120° apart\nb) 90° apart\nc) 180°apart"", ""question"": ""A three-phase motor has the windings"", ""options"": [""120° apart"", ""90° apart"", ""180°apart""], ""correct"": null, ""answer_text"": null, ""category"": null, ""source_file"": ""261722955-Module-3.pdf"", ""source_module"": ""M3"", ""fmt"": ""pdf"", ""module"": ""M3"", ""difficulty"": ""EASY""}"
M3,M3.3.2,2,found that line and phase voltages were equal. The generator is?,delta wound,star wound.,either delta or star wound,,,MEDIUM,"27. When measuring the phase and line voltages of a generator, it was",,,DRAFT,NEEDS_ANSWER — answer not provided in source; solve via Suntech corpus or admin review,1,261722955-Module-3.pdf,"{""raw"": ""27. When measuring the phase and line voltages of a generator, it was\nfound that line and phase voltages were equal. The generator is?\na) delta wound\nb) star wound.\nc) either delta or star wound"", ""question"": ""found that line and phase voltages were equal. The generator is?"", ""options"": [""delta wound"", ""star wound."", ""either delta or star wound""], ""correct"": null, ""answer_text"": null, ""category"": ""27. When measuring the phase and line voltages of a generator, it was"", ""source_file"": ""261722955-Module-3.pdf"", ""source_module"": ""M3"", ""fmt"": ""pdf"", ""module"": ""M3"", ""syllabusRef"": ""M3.3.2"", ""level"": 2, ""difficulty"": ""MEDIUM""}"
M3,,,To change the direction of a 3-phase induction motor you would,swap two of the stator connections,swap all of the input connections,remove one of the input connections,,,MEDIUM,,,,DRAFT,NEEDS_ANSWER — answer not provided in source; solve via Suntech corpus or admin review,1,261722955-Module-3.pdf,"{""raw"": ""28. To change the direction of a 3-phase induction motor you would\na) swap two of the stator connections\nb) swap all of the input connections\nc) remove one of the input connections"", ""question"": ""To change the direction of a 3-phase induction motor you would"", ""options"": [""swap two of the stator connections"", ""swap all of the input connections"", ""remove one of the input connections""], ""correct"": null, ""answer_text"": null, ""category"": null, ""source_file"": ""261722955-Module-3.pdf"", ""source_module"": ""M3"", ""fmt"": ""pdf"", ""module"": ""M3"", ""difficulty"": ""MEDIUM""}"
M3,M3.3.2,2,To calculate generator output you need to know the,armature speed and number of series conductors,armature speed and number of parallel conductors,armature speed and field strength,,,MEDIUM,,,,DRAFT,NEEDS_ANSWER — answer not provided in source; solve via Suntech corpus or admin review,1,261722955-Module-3.pdf,"{""raw"": ""29. To calculate generator output you need to know the\na) armature speed and number of series conductors\nb) armature speed and number of parallel conductors\nc) armature speed and field strength"", ""question"": ""To calculate generator output you need to know the"", ""options"": [""armature speed and number of series conductors"", ""armature speed and number of parallel conductors"", ""armature speed and field strength""], ""correct"": null, ""answer_text"": null, ""category"": null, ""source_file"": ""261722955-Module-3.pdf"", ""source_module"": ""M3"", ""fmt"": ""pdf"", ""module"": ""M3"", ""syllabusRef"": ""M3.3.2"", ""level"": 2, ""difficulty"": ""MEDIUM""}"
M3,M3.3.2,2,"In a shunt motor, if you reverse both field current and armature current,",stop,change direction,continue to run in the same direction,,,MEDIUM,,,,DRAFT,NEEDS_ANSWER — answer not provided in source; solve via Suntech corpus or admin review,1,261722955-Module-3.pdf,"{""raw"": ""30. In a shunt motor, if you reverse both field current and armature current,\nthe motor will\na) stop\nb) change direction\nc) continue to run in the same direction"", ""question"": ""In a shunt motor, if you reverse both field current and armature current,"", ""options"": [""stop"", ""change direction"", ""continue to run in the same direction""], ""correct"": null, ""answer_text"": null, ""category"": null, ""source_file"": ""261722955-Module-3.pdf"", ""source_module"": ""M3"", ""fmt"": ""pdf"", ""module"": ""M3"", ""syllabusRef"": ""M3.3.2"", ""level"": 2, ""difficulty"": ""MEDIUM""}"
M3,,,The permanent magnet in an A.C generator induces,A.C. in the exitor generator,D.C. in the exitor generator,A.C. in the main generator,,,EASY,,,,DRAFT,NEEDS_ANSWER — answer not provided in source; solve via Suntech corpus or admin review,1,261722955-Module-3.pdf,"{""raw"": ""31. The permanent magnet in an A.C generator induces\na) A.C. in the exitor generator\nb) D.C. in the exitor generator\nc) A.C. in the main generator"", ""question"": ""The permanent magnet in an A.C generator induces"", ""options"": [""A.C. in the exitor generator"", ""D.C. in the exitor generator"", ""A.C. in the main generator""], ""correct"": null, ""answer_text"": null, ""category"": null, ""source_file"": ""261722955-Module-3.pdf"", ""source_module"": ""M3"", ""fmt"": ""pdf"", ""module"": ""M3"", ""difficulty"": ""EASY""}"
M3,M3.1.5,,32. What charge does the nucleus of an atom possess?,Positive,Negative,Neutral,,,MEDIUM,,,,DRAFT,NEEDS_ANSWER — answer not provided in source; solve via Suntech corpus or admin review,1,261722955-Module-3.pdf,"{""raw"": ""32. What charge does the nucleus of an atom possess?\na) Positive\nb) Negative\nc) Neutral\nPage 4\nModule 3 – Electrical Fundamentals\nSample Questions"", ""question"": ""32. What charge does the nucleus of an atom possess?"", ""options"": [""Positive"", ""Negative"", ""Neutral""], ""correct"": null, ""answer_text"": null, ""category"": null, ""source_file"": ""261722955-Module-3.pdf"", ""source_module"": ""M3"", ""fmt"": ""pdf"", ""module"": ""M3"", ""syllabusRef"": ""M3.1.5"", ""level"": null, ""difficulty"": ""MEDIUM""}"
M3,,,33. What does the following circuit represent?,Integrator,Low pass filter,Differentiator,,,EASY,,,,DRAFT,NEEDS_ANSWER — answer not provided in source; solve via Suntech corpus or admin review,1,261722955-Module-3.pdf,"{""raw"": ""33. What does the following circuit represent?\na) Integrator\nb) Low pass filter\nc) Differentiator"", ""question"": ""33. What does the following circuit represent?"", ""options"": [""Integrator"", ""Low pass filter"", ""Differentiator""], ""correct"": null, ""answer_text"": null, ""category"": null, ""source_file"": ""261722955-Module-3.pdf"", ""source_module"": ""M3"", ""fmt"": ""pdf"", ""module"": ""M3"", ""difficulty"": ""EASY""}"
M3,,,34. What is the maximum number of electrons in shell N of an atom?,16,32,18,,,MEDIUM,,,,DRAFT,NEEDS_ANSWER — answer not provided in source; solve via Suntech corpus or admin review,1,261722955-Module-3.pdf,"{""raw"": ""34. What is the maximum number of electrons in shell N of an atom?\na) 16\nb) 32\nc) 18"", ""question"": ""34. What is the maximum number of electrons in shell N of an atom?"", ""options"": [""16"", ""32"", ""18""], ""correct"": null, ""answer_text"": null, ""category"": null, ""source_file"": ""261722955-Module-3.pdf"", ""source_module"": ""M3"", ""fmt"": ""pdf"", ""module"": ""M3"", ""difficulty"": ""MEDIUM""}"
M3,M3.03.03,,voltage begins to decay?,20 hours,4 hours,40 hours,,,EASY,"35. Two 10V, 20 Ah batteries are connected in parallel and connected",,,DRAFT,NEEDS_ANSWER — answer not provided in source; solve via Suntech corpus or admin review,1,261722955-Module-3.pdf,"{""raw"": ""35. Two 10V, 20 Ah batteries are connected in parallel and connected\nacross a 10-ohm load. How long could they supply normal current before the\nvoltage begins to decay?\na) 20 hours\nb) 4 hours\nc) 40 hours"", ""question"": ""voltage begins to decay?"", ""options"": [""20 hours"", ""4 hours"", ""40 hours""], ""correct"": null, ""answer_text"": null, ""category"": ""35. Two 10V, 20 Ah batteries are connected in parallel and connected"", ""source_file"": ""261722955-Module-3.pdf"", ""source_module"": ""M3"", ""fmt"": ""pdf"", ""module"": ""M3"", ""syllabusRef"": ""M3.03.03"", ""level"": null, ""difficulty"": ""EASY""}"
M3,M3.1.5,,A 10 V battery supplies a resistive load of 10 ohms for 1 minute. What,100 W,10 VA,10 W,,,MEDIUM,,,,DRAFT,NEEDS_ANSWER — answer not provided in source; solve via Suntech corpus or admin review,1,261722955-Module-3.pdf,"{""raw"": ""36. A 10 V battery supplies a resistive load of 10 ohms for 1 minute. What\nis the power supplied\na) 100 W\nb) 10 VA\nc) 10 W"", ""question"": ""A 10 V battery supplies a resistive load of 10 ohms for 1 minute. What"", ""options"": [""100 W"", ""10 VA"", ""10 W""], ""correct"": null, ""answer_text"": null, ""category"": null, ""source_file"": ""261722955-Module-3.pdf"", ""source_module"": ""M3"", ""fmt"": ""pdf"", ""module"": ""M3"", ""syllabusRef"": ""M3.1.5"", ""level"": null, ""difficulty"": ""MEDIUM""}"
M3,M3.03.08,,connected in parallel. What is the total capacitance?,10.01001mF,111mF,1.001001mF,,,MEDIUM,"38. Three capacitors 10 microfarads, 10 nanofarads and 10 millifarads are",,,DRAFT,NEEDS_ANSWER — answer not provided in source; solve via Suntech corpus or admin review,1,261722955-Module-3.pdf,"{""raw"": ""38. Three capacitors 10 microfarads, 10 nanofarads and 10 millifarads are\nconnected in parallel. What is the total capacitance?\na) 10.01001mF\nb) 111mF\nc) 1.001001mF"", ""question"": ""connected in parallel. What is the total capacitance?"", ""options"": [""10.01001mF"", ""111mF"", ""1.001001mF""], ""correct"": null, ""answer_text"": null, ""category"": ""38. Three capacitors 10 microfarads, 10 nanofarads and 10 millifarads are"", ""source_file"": ""261722955-Module-3.pdf"", ""source_module"": ""M3"", ""fmt"": ""pdf"", ""module"": ""M3"", ""syllabusRef"": ""M3.03.08"", ""level"": null, ""difficulty"": ""MEDIUM""}"
M3,M3.3.9,2,If a 1mF capacitor has a potential difference across it of 5V what is the,12.5 J,12.5 mJ,25 mJ,,,MEDIUM,,,,DRAFT,NEEDS_ANSWER — answer not provided in source; solve via Suntech corpus or admin review,1,261722955-Module-3.pdf,"{""raw"": ""39. If a 1mF capacitor has a potential difference across it of 5V what is the\nenergy stored?\na) 12.5 J\nb) 12.5 mJ\nc) 25 mJ\nPage 5\nModule 3 – Electrical Fundamentals\nSample Questions"", ""question"": ""If a 1mF capacitor has a potential difference across it of 5V what is the"", ""options"": [""12.5 J"", ""12.5 mJ"", ""25 mJ""], ""correct"": null, ""answer_text"": null, ""category"": null, ""source_file"": ""261722955-Module-3.pdf"", ""source_module"": ""M3"", ""fmt"": ""pdf"", ""module"": ""M3"", ""syllabusRef"": ""M3.3.9"", ""level"": 2, ""difficulty"": ""MEDIUM""}"
M3,,,Glass is an example of a,paramagnetic material,diamagnetic material,coercive material,,,EASY,,,,DRAFT,NEEDS_ANSWER — answer not provided in source; solve via Suntech corpus or admin review,1,261722955-Module-3.pdf,"{""raw"": ""41. Glass is an example of a\na) paramagnetic material\nb) diamagnetic material\nc) coercive material"", ""question"": ""Glass is an example of a"", ""options"": [""paramagnetic material"", ""diamagnetic material"", ""coercive material""], ""correct"": null, ""answer_text"": null, ""category"": null, ""source_file"": ""261722955-Module-3.pdf"", ""source_module"": ""M3"", ""fmt"": ""pdf"", ""module"": ""M3"", ""difficulty"": ""EASY""}"
M3,M3.1.5,,42. Which of the following is absolute permeability?,µ,µo,µr,,,MEDIUM,,,,DRAFT,NEEDS_ANSWER — answer not provided in source; solve via Suntech corpus or admin review,1,261722955-Module-3.pdf,"{""raw"": ""42. Which of the following is absolute permeability?\na) µ\nb) µo\nc) µr"", ""question"": ""42. Which of the following is absolute permeability?"", ""options"": [""µ"", ""µo"", ""µr""], ""correct"": null, ""answer_text"": null, ""category"": null, ""source_file"": ""261722955-Module-3.pdf"", ""source_module"": ""M3"", ""fmt"": ""pdf"", ""module"": ""M3"", ""syllabusRef"": ""M3.1.5"", ""level"": null, ""difficulty"": ""MEDIUM""}"
M3,,,A solenoid of 10 turns per meter carries a current of 5A. If the current,5,50,20,,,MEDIUM,,,,DRAFT,NEEDS_ANSWER — answer not provided in source; solve via Suntech corpus or admin review,1,261722955-Module-3.pdf,"{""raw"": ""43. A solenoid of 10 turns per meter carries a current of 5A. If the current\nis reduced to 2.5A, how many turns would be required to maintain the same\nmagnetic field?\na) 5\nb) 50\nc) 20"", ""question"": ""A solenoid of 10 turns per meter carries a current of 5A. If the current"", ""options"": [""5"", ""50"", ""20""], ""correct"": null, ""answer_text"": null, ""category"": null, ""source_file"": ""261722955-Module-3.pdf"", ""source_module"": ""M3"", ""fmt"": ""pdf"", ""module"": ""M3"", ""difficulty"": ""MEDIUM""}"
M3,,,The point of coercivity occurs when the,magnetizing force applied causes the material to become magnetically,magnetic flux is zero even though a magnetizing force is being applied.,magnetizing force reaches a peak positive or negative value.,,,EASY,,,,DRAFT,NEEDS_ANSWER — answer not provided in source; solve via Suntech corpus or admin review,1,261722955-Module-3.pdf,"{""raw"": ""44. The point of coercivity occurs when the\na) magnetizing force applied causes the material to become magnetically\nsaturated.\nb) magnetic flux is zero even though a magnetizing force is being applied.\nc) magnetizing force reaches a peak positive or negative value."", ""question"": ""The point of coercivity occurs when the"", ""options"": [""magnetizing force applied causes the material to become magnetically"", ""magnetic flux is zero even though a magnetizing force is being applied."", ""magnetizing force reaches a peak positive or negative value.""], ""correct"": null, ""answer_text"": null, ""category"": null, ""source_file"": ""261722955-Module-3.pdf"", ""source_module"": ""M3"", ""fmt"": ""pdf"", ""module"": ""M3"", ""difficulty"": ""EASY""}"
M3,M3.3.2,2,90% of the flux transferred from one to the other?,4.5mH,459mH,63mH,,,MEDIUM,45. What is the mutual inductance if two coils of 10mH and 500mH have,,,DRAFT,NEEDS_ANSWER — answer not provided in source; solve via Suntech corpus or admin review,1,261722955-Module-3.pdf,"{""raw"": ""45. What is the mutual inductance if two coils of 10mH and 500mH have\n90% of the flux transferred from one to the other?\na) 4.5mH\nb) 459mH\nc) 63mH"", ""question"": ""90% of the flux transferred from one to the other?"", ""options"": [""4.5mH"", ""459mH"", ""63mH""], ""correct"": null, ""answer_text"": null, ""category"": ""45. What is the mutual inductance if two coils of 10mH and 500mH have"", ""source_file"": ""261722955-Module-3.pdf"", ""source_module"": ""M3"", ""fmt"": ""pdf"", ""module"": ""M3"", ""syllabusRef"": ""M3.3.2"", ""level"": 2, ""difficulty"": ""MEDIUM""}"
M3,M3.3.2,2,is the value of the inductor?,10mH,100microH,100mH,,,EASY,"46. An inductor has 1,000 turns of wire and a cross sectional area of",,,DRAFT,NEEDS_ANSWER — answer not provided in source; solve via Suntech corpus or admin review,1,261722955-Module-3.pdf,"{""raw"": ""46. An inductor has 1,000 turns of wire and a cross sectional area of\n0.001m2. If the core has a permeability of 0.000,001 and the coil is 0.1m, what\nis the value of the inductor?\na) 10mH\nb) 100microH\nc) 100mH"", ""question"": ""is the value of the inductor?"", ""options"": [""10mH"", ""100microH"", ""100mH""], ""correct"": null, ""answer_text"": null, ""category"": ""46. An inductor has 1,000 turns of wire and a cross sectional area of"", ""source_file"": ""261722955-Module-3.pdf"", ""source_module"": ""M3"", ""fmt"": ""pdf"", ""module"": ""M3"", ""syllabusRef"": ""M3.3.2"", ""level"": 2, ""difficulty"": ""EASY""}"
M3,M3.3.2,2,What is the total inductance?,35 mH,2.86 mH,Without knowing the coupling factor the total inductance cannot be,,,EASY,"47. Three inductors 10 mH, 5 mH and 20 mH are connected in parallel.",,,DRAFT,NEEDS_ANSWER — answer not provided in source; solve via Suntech corpus or admin review,1,261722955-Module-3.pdf,"{""raw"": ""47. Three inductors 10 mH, 5 mH and 20 mH are connected in parallel.\nWhat is the total inductance?\na) 35 mH\nb) 2.86 mH\nc) Without knowing the coupling factor the total inductance cannot be\nfound\nPage 6\nModule 3 – Electrical Fundamentals\nSample Questions"", ""question"": ""What is the total inductance?"", ""options"": [""35 mH"", ""2.86 mH"", ""Without knowing the coupling factor the total inductance cannot be""], ""correct"": null, ""answer_text"": null, ""category"": ""47. Three inductors 10 mH, 5 mH and 20 mH are connected in parallel."", ""source_file"": ""261722955-Module-3.pdf"", ""source_module"": ""M3"", ""fmt"": ""pdf"", ""module"": ""M3"", ""syllabusRef"": ""M3.3.2"", ""level"": 2, ""difficulty"": ""EASY""}"
M3,,,what is the current after 3 secs?,1.26A,0.63A,1A,,,EASY,"48. If the current reaches a maximum through an inductor of 2A in 15 secs,",,,DRAFT,NEEDS_ANSWER — answer not provided in source; solve via Suntech corpus or admin review,1,261722955-Module-3.pdf,"{""raw"": ""48. If the current reaches a maximum through an inductor of 2A in 15 secs,\nwhat is the current after 3 secs?\na) 1.26A\nb) 0.63A\nc) 1A"", ""question"": ""what is the current after 3 secs?"", ""options"": [""1.26A"", ""0.63A"", ""1A""], ""correct"": null, ""answer_text"": null, ""category"": ""48. If the current reaches a maximum through an inductor of 2A in 15 secs,"", ""source_file"": ""261722955-Module-3.pdf"", ""source_module"": ""M3"", ""fmt"": ""pdf"", ""module"": ""M3"", ""difficulty"": ""EASY""}"
M3,,,the line voltage?,115V,200V,346V,,,EASY,49. If the phase voltage in a star connected generator is 200V what will be,,,DRAFT,NEEDS_ANSWER — answer not provided in source; solve via Suntech corpus or admin review,1,261722955-Module-3.pdf,"{""raw"": ""49. If the phase voltage in a star connected generator is 200V what will be\nthe line voltage?\na) 115V\nb) 200V\nc) 346V"", ""question"": ""the line voltage?"", ""options"": [""115V"", ""200V"", ""346V""], ""correct"": null, ""answer_text"": null, ""category"": ""49. If the phase voltage in a star connected generator is 200V what will be"", ""source_file"": ""261722955-Module-3.pdf"", ""source_module"": ""M3"", ""fmt"": ""pdf"", ""module"": ""M3"", ""difficulty"": ""EASY""}"
M3,M3.3.2,2,the apparent power in each line that the generator can produce?,2.3kW,2.3kVA,4kVA,,,MEDIUM,"50. A generator is labeled as having 115V/200V, 20A and PF 0.8. What is",,,DRAFT,NEEDS_ANSWER — answer not provided in source; solve via Suntech corpus or admin review,1,261722955-Module-3.pdf,"{""raw"": ""50. A generator is labeled as having 115V/200V, 20A and PF 0.8. What is\nthe apparent power in each line that the generator can produce?\na) 2.3kW\nb) 2.3kVA\nc) 4kVA"", ""question"": ""the apparent power in each line that the generator can produce?"", ""options"": [""2.3kW"", ""2.3kVA"", ""4kVA""], ""correct"": null, ""answer_text"": null, ""category"": ""50. A generator is labeled as having 115V/200V, 20A and PF 0.8. What is"", ""source_file"": ""261722955-Module-3.pdf"", ""source_module"": ""M3"", ""fmt"": ""pdf"", ""module"": ""M3"", ""syllabusRef"": ""M3.3.2"", ""level"": 2, ""difficulty"": ""MEDIUM""}"
M3,M3.03.07,,A starter generator has a,low resistance series field and a low resistance shunt field,low resistance series field and a high resistance shunt field,high resistance series field and a low resistance shunt field,,,EASY,,,,DRAFT,NEEDS_ANSWER — answer not provided in source; solve via Suntech corpus or admin review,1,261722955-Module-3.pdf,"{""raw"": ""51. A starter generator has a\na) low resistance series field and a low resistance shunt field\nb) low resistance series field and a high resistance shunt field\nc) high resistance series field and a low resistance shunt field"", ""question"": ""A starter generator has a"", ""options"": [""low resistance series field and a low resistance shunt field"", ""low resistance series field and a high resistance shunt field"", ""high resistance series field and a low resistance shunt field""], ""correct"": null, ""answer_text"": null, ""category"": null, ""source_file"": ""261722955-Module-3.pdf"", ""source_module"": ""M3"", ""fmt"": ""pdf"", ""module"": ""M3"", ""syllabusRef"": ""M3.03.07"", ""level"": null, ""difficulty"": ""EASY""}"
M3,M3.03.07,,Thermocouple harnesses are made from the same materials as the,they will not corrode,mini junctions are not formed,the resistance is not increased beyond limits,,,MEDIUM,,,,DRAFT,NEEDS_ANSWER — answer not provided in source; solve via Suntech corpus or admin review,1,261722955-Module-3.pdf,"{""raw"": ""52. Thermocouple harnesses are made from the same materials as the\nthermocouple so that\na) they will not corrode\nb) mini junctions are not formed\nc) the resistance is not increased beyond limits"", ""question"": ""Thermocouple harnesses are made from the same materials as the"", ""options"": [""they will not corrode"", ""mini junctions are not formed"", ""the resistance is not increased beyond limits""], ""correct"": null, ""answer_text"": null, ""category"": null, ""source_file"": ""261722955-Module-3.pdf"", ""source_module"": ""M3"", ""fmt"": ""pdf"", ""module"": ""M3"", ""syllabusRef"": ""M3.03.07"", ""level"": null, ""difficulty"": ""MEDIUM""}"
M3,,,An oxygen molecule is made up of,two oxygen atoms sharing electrons,two oxygen atoms sharing neutrons,two oxygen atoms sharing protons,,,EASY,,,,DRAFT,NEEDS_ANSWER — answer not provided in source; solve via Suntech corpus or admin review,1,261722955-Module-3.pdf,"{""raw"": ""53. An oxygen molecule is made up of\na) two oxygen atoms sharing electrons\nb) two oxygen atoms sharing neutrons\nc) two oxygen atoms sharing protons"", ""question"": ""An oxygen molecule is made up of"", ""options"": [""two oxygen atoms sharing electrons"", ""two oxygen atoms sharing neutrons"", ""two oxygen atoms sharing protons""], ""correct"": null, ""answer_text"": null, ""category"": null, ""source_file"": ""261722955-Module-3.pdf"", ""source_module"": ""M3"", ""fmt"": ""pdf"", ""module"": ""M3"", ""difficulty"": ""EASY""}"
M3,M3.3.9,2,A capacitor in a single phase AC motor is to,prevent spikes,block DC,provide a phase shift,,,EASY,,,,DRAFT,NEEDS_ANSWER — answer not provided in source; solve via Suntech corpus or admin review,1,261722955-Module-3.pdf,"{""raw"": ""54. A capacitor in a single phase AC motor is to\na) prevent spikes\nb) block DC\nc) provide a phase shift"", ""question"": ""A capacitor in a single phase AC motor is to"", ""options"": [""prevent spikes"", ""block DC"", ""provide a phase shift""], ""correct"": null, ""answer_text"": null, ""category"": null, ""source_file"": ""261722955-Module-3.pdf"", ""source_module"": ""M3"", ""fmt"": ""pdf"", ""module"": ""M3"", ""syllabusRef"": ""M3.3.9"", ""level"": 2, ""difficulty"": ""EASY""}"
M3,,,The slip speed of an induction motor is,stator speed - rotor speed,stator speed + rotor speed,stator speed,,,EASY,,,,DRAFT,NEEDS_ANSWER — answer not provided in source; solve via Suntech corpus or admin review,1,261722955-Module-3.pdf,"{""raw"": ""55. The slip speed of an induction motor is\na) stator speed - rotor speed\nb) stator speed + rotor speed\nc) stator speed\nrotor speed"", ""question"": ""The slip speed of an induction motor is"", ""options"": [""stator speed - rotor speed"", ""stator speed + rotor speed"", ""stator speed""], ""correct"": null, ""answer_text"": null, ""category"": null, ""source_file"": ""261722955-Module-3.pdf"", ""source_module"": ""M3"", ""fmt"": ""pdf"", ""module"": ""M3"", ""difficulty"": ""EASY""}"
M3,,,The primary winding of a 3-phase transformer,is delta wound,is star wound,could be either delta or star wound,,,EASY,,,,DRAFT,NEEDS_ANSWER — answer not provided in source; solve via Suntech corpus or admin review,1,261722955-Module-3.pdf,"{""raw"": ""56. The primary winding of a 3-phase transformer\na) is delta wound\nb) is star wound\nc) could be either delta or star wound\nPage 7\nModule 3 – Electrical Fundamentals\nSample Questions"", ""question"": ""The primary winding of a 3-phase transformer"", ""options"": [""is delta wound"", ""is star wound"", ""could be either delta or star wound""], ""correct"": null, ""answer_text"": null, ""category"": null, ""source_file"": ""261722955-Module-3.pdf"", ""source_module"": ""M3"", ""fmt"": ""pdf"", ""module"": ""M3"", ""difficulty"": ""EASY""}"
M3,M3.1.5,,The symbol for flux density is,H,B,ø,,,EASY,,,,DRAFT,NEEDS_ANSWER — answer not provided in source; solve via Suntech corpus or admin review,1,261722955-Module-3.pdf,"{""raw"": ""57. The symbol for flux density is\na) H\nb) B\nc) ø"", ""question"": ""The symbol for flux density is"", ""options"": [""H"", ""B"", ""ø""], ""correct"": null, ""answer_text"": null, ""category"": null, ""source_file"": ""261722955-Module-3.pdf"", ""source_module"": ""M3"", ""fmt"": ""pdf"", ""module"": ""M3"", ""syllabusRef"": ""M3.1.5"", ""level"": null, ""difficulty"": ""EASY""}"
M3,,,A galvanometer measures,millivolts,megohms,milliamps,,,EASY,,,,DRAFT,NEEDS_ANSWER — answer not provided in source; solve via Suntech corpus or admin review,1,261722955-Module-3.pdf,"{""raw"": ""58. A galvanometer measures\na) millivolts\nb) megohms\nc) milliamps"", ""question"": ""A galvanometer measures"", ""options"": [""millivolts"", ""megohms"", ""milliamps""], ""correct"": null, ""answer_text"": null, ""category"": null, ""source_file"": ""261722955-Module-3.pdf"", ""source_module"": ""M3"", ""fmt"": ""pdf"", ""module"": ""M3"", ""difficulty"": ""EASY""}"
M3,M3.1.5,,A battery rated at 40 Ah will supply 200 mA for,200 hours,5 hours,20 hours,,,EASY,,,,DRAFT,NEEDS_ANSWER — answer not provided in source; solve via Suntech corpus or admin review,1,261722955-Module-3.pdf,"{""raw"": ""59. A battery rated at 40 Ah will supply 200 mA for\na) 200 hours\nb) 5 hours\nc) 20 hours"", ""question"": ""A battery rated at 40 Ah will supply 200 mA for"", ""options"": [""200 hours"", ""5 hours"", ""20 hours""], ""correct"": null, ""answer_text"": null, ""category"": null, ""source_file"": ""261722955-Module-3.pdf"", ""source_module"": ""M3"", ""fmt"": ""pdf"", ""module"": ""M3"", ""syllabusRef"": ""M3.1.5"", ""level"": null, ""difficulty"": ""EASY""}"
M3,M3.03.07,,The unknown resistance R in the Wheatstone bridge shown is,1 ohm,4 ohms,16 ohms,,,MEDIUM,,,,DRAFT,NEEDS_ANSWER — answer not provided in source; solve via Suntech corpus or admin review,1,261722955-Module-3.pdf,"{""raw"": ""60. The unknown resistance R in the Wheatstone bridge shown is\na) 1 ohm\nb) 4 ohms\nc) 16 ohms"", ""question"": ""The unknown resistance R in the Wheatstone bridge shown is"", ""options"": [""1 ohm"", ""4 ohms"", ""16 ohms""], ""correct"": null, ""answer_text"": null, ""category"": null, ""source_file"": ""261722955-Module-3.pdf"", ""source_module"": ""M3"", ""fmt"": ""pdf"", ""module"": ""M3"", ""syllabusRef"": ""M3.03.07"", ""level"": null, ""difficulty"": ""MEDIUM""}"
M3,M3.1.5,,61. Which of the following materials is easiest to magnetize?,Soft iron,High grade steel,Cast iron,,,MEDIUM,,,,DRAFT,NEEDS_ANSWER — answer not provided in source; solve via Suntech corpus or admin review,1,261722955-Module-3.pdf,"{""raw"": ""61. Which of the following materials is easiest to magnetize?\na) Soft iron\nb) High grade steel\nc) Cast iron"", ""question"": ""61. Which of the following materials is easiest to magnetize?"", ""options"": [""Soft iron"", ""High grade steel"", ""Cast iron""], ""correct"": null, ""answer_text"": null, ""category"": null, ""source_file"": ""261722955-Module-3.pdf"", ""source_module"": ""M3"", ""fmt"": ""pdf"", ""module"": ""M3"", ""syllabusRef"": ""M3.1.5"", ""level"": null, ""difficulty"": ""MEDIUM""}"
M3,,,AC generators are rated in,kVARs,kW,kVA,,,EASY,,,,DRAFT,NEEDS_ANSWER — answer not provided in source; solve via Suntech corpus or admin review,1,261722955-Module-3.pdf,"{""raw"": ""62. AC generators are rated in\na) kVARs\nb) kW\nc) kVA"", ""question"": ""AC generators are rated in"", ""options"": [""kVARs"", ""kW"", ""kVA""], ""correct"": null, ""answer_text"": null, ""category"": null, ""source_file"": ""261722955-Module-3.pdf"", ""source_module"": ""M3"", ""fmt"": ""pdf"", ""module"": ""M3"", ""difficulty"": ""EASY""}"
M3,M3.1.5,,"To find which end of an electromagnet is the North Pole, use the",Fleming's Left Hand Rule,Right Hand Clasp Rule,Cork Screw Rule,,,MEDIUM,,,,DRAFT,NEEDS_ANSWER — answer not provided in source; solve via Suntech corpus or admin review,1,261722955-Module-3.pdf,"{""raw"": ""63. To find which end of an electromagnet is the North Pole, use the\na) Fleming's Left Hand Rule\nb) Right Hand Clasp Rule\nc) Cork Screw Rule\nPage 8\nModule 3 – Electrical Fundamentals\nSample Questions"", ""question"": ""To find which end of an electromagnet is the North Pole, use the"", ""options"": [""Fleming's Left Hand Rule"", ""Right Hand Clasp Rule"", ""Cork Screw Rule""], ""correct"": null, ""answer_text"": null, ""category"": null, ""source_file"": ""261722955-Module-3.pdf"", ""source_module"": ""M3"", ""fmt"": ""pdf"", ""module"": ""M3"", ""syllabusRef"": ""M3.1.5"", ""level"": null, ""difficulty"": ""MEDIUM""}"
M3,M3.3.9,2,A capacitor with double the area and double the dielectric thickness will,double the capacitance,half the capacitance,the same capacitance,,,MEDIUM,,,,DRAFT,NEEDS_ANSWER — answer not provided in source; solve via Suntech corpus or admin review,1,261722955-Module-3.pdf,"{""raw"": ""64. A capacitor with double the area and double the dielectric thickness will\nhave\na) double the capacitance\nb) half the capacitance\nc) the same capacitance"", ""question"": ""A capacitor with double the area and double the dielectric thickness will"", ""options"": [""double the capacitance"", ""half the capacitance"", ""the same capacitance""], ""correct"": null, ""answer_text"": null, ""category"": null, ""source_file"": ""261722955-Module-3.pdf"", ""source_module"": ""M3"", ""fmt"": ""pdf"", ""module"": ""M3"", ""syllabusRef"": ""M3.3.9"", ""level"": 2, ""difficulty"": ""MEDIUM""}"
M3,,,"In a transformer, if the rate of change of current increases, the mutual",increase,decrease,remain the same,,,MEDIUM,,,,DRAFT,NEEDS_ANSWER — answer not provided in source; solve via Suntech corpus or admin review,1,261722955-Module-3.pdf,"{""raw"": ""65. In a transformer, if the rate of change of current increases, the mutual\ninductance will\na) increase\nb) decrease\nc) remain the same"", ""question"": ""In a transformer, if the rate of change of current increases, the mutual"", ""options"": [""increase"", ""decrease"", ""remain the same""], ""correct"": null, ""answer_text"": null, ""category"": null, ""source_file"": ""261722955-Module-3.pdf"", ""source_module"": ""M3"", ""fmt"": ""pdf"", ""module"": ""M3"", ""difficulty"": ""MEDIUM""}"
M3,,,"If the brake coil on an actuator motor goes open circuit, the actuator",over-ride its mechanical stops,stop,run slower,,,MEDIUM,,,,DRAFT,NEEDS_ANSWER — answer not provided in source; solve via Suntech corpus or admin review,1,261722955-Module-3.pdf,"{""raw"": ""66. If the brake coil on an actuator motor goes open circuit, the actuator\nwill\na) over-ride its mechanical stops\nb) stop\nc) run slower"", ""question"": ""If the brake coil on an actuator motor goes open circuit, the actuator"", ""options"": [""over-ride its mechanical stops"", ""stop"", ""run slower""], ""correct"": null, ""answer_text"": null, ""category"": null, ""source_file"": ""261722955-Module-3.pdf"", ""source_module"": ""M3"", ""fmt"": ""pdf"", ""module"": ""M3"", ""difficulty"": ""MEDIUM""}"
M3,,,The frequency of the output of a 4 pole generator is 400 Hz. The,12000 RPM,6000 RPM,3000 RPM,,,MEDIUM,,,,DRAFT,NEEDS_ANSWER — answer not provided in source; solve via Suntech corpus or admin review,1,261722955-Module-3.pdf,"{""raw"": ""67. The frequency of the output of a 4 pole generator is 400 Hz. The\ngenerator is turning at\na) 12000 RPM\nb) 6000 RPM\nc) 3000 RPM"", ""question"": ""The frequency of the output of a 4 pole generator is 400 Hz. The"", ""options"": [""12000 RPM"", ""6000 RPM"", ""3000 RPM""], ""correct"": null, ""answer_text"": null, ""category"": null, ""source_file"": ""261722955-Module-3.pdf"", ""source_module"": ""M3"", ""fmt"": ""pdf"", ""module"": ""M3"", ""difficulty"": ""MEDIUM""}"
M3,,,What is the wave shape of the x-axis input of a traversing oscilloscope,square,rectangular,triangular,,,MEDIUM,,,,DRAFT,NEEDS_ANSWER — answer not provided in source; solve via Suntech corpus or admin review,1,261722955-Module-3.pdf,"{""raw"": ""68. What is the wave shape of the x-axis input of a traversing oscilloscope\nimage?\na) square\nb) rectangular\nc) triangular"", ""question"": ""What is the wave shape of the x-axis input of a traversing oscilloscope"", ""options"": [""square"", ""rectangular"", ""triangular""], ""correct"": null, ""answer_text"": null, ""category"": null, ""source_file"": ""261722955-Module-3.pdf"", ""source_module"": ""M3"", ""fmt"": ""pdf"", ""module"": ""M3"", ""difficulty"": ""MEDIUM""}"
M3,M3.03.07,,An inductance/resistance motor is,better than a capacitance motor,restricted to low loads only,less efficient than a capacitance motor,,,EASY,,,,DRAFT,NEEDS_ANSWER — answer not provided in source; solve via Suntech corpus or admin review,1,261722955-Module-3.pdf,"{""raw"": ""69. An inductance/resistance motor is\na) better than a capacitance motor\nb) restricted to low loads only\nc) less efficient than a capacitance motor"", ""question"": ""An inductance/resistance motor is"", ""options"": [""better than a capacitance motor"", ""restricted to low loads only"", ""less efficient than a capacitance motor""], ""correct"": null, ""answer_text"": null, ""category"": null, ""source_file"": ""261722955-Module-3.pdf"", ""source_module"": ""M3"", ""fmt"": ""pdf"", ""module"": ""M3"", ""syllabusRef"": ""M3.03.07"", ""level"": null, ""difficulty"": ""EASY""}"
M3,,,The voltage at point A is,7 V,21 V,28 V,,,EASY,,,,DRAFT,NEEDS_ANSWER — answer not provided in source; solve via Suntech corpus or admin review,1,261722955-Module-3.pdf,"{""raw"": ""70. The voltage at point A is\na) 7 V\nb) 21 V\nc) 28 V\nPage 9\nModule 3 – Electrical Fundamentals\nSample Questions"", ""question"": ""The voltage at point A is"", ""options"": [""7 V"", ""21 V"", ""28 V""], ""correct"": null, ""answer_text"": null, ""category"": null, ""source_file"": ""261722955-Module-3.pdf"", ""source_module"": ""M3"", ""fmt"": ""pdf"", ""module"": ""M3"", ""difficulty"": ""EASY""}"
M3,M3.3.2,2,A 4:1 step down transformer draws 115 V and 1 A. The output power,28.5 V at 4 A,28.5 V at 16 A,460 V at 0.25 A,,,MEDIUM,,,,DRAFT,NEEDS_ANSWER — answer not provided in source; solve via Suntech corpus or admin review,1,261722955-Module-3.pdf,"{""raw"": ""71. A 4:1 step down transformer draws 115 V and 1 A. The output power\nwill be\na) 28.5 V at 4 A\nb) 28.5 V at 16 A\nc) 460 V at 0.25 A"", ""question"": ""A 4:1 step down transformer draws 115 V and 1 A. The output power"", ""options"": [""28.5 V at 4 A"", ""28.5 V at 16 A"", ""460 V at 0.25 A""], ""correct"": null, ""answer_text"": null, ""category"": null, ""source_file"": ""261722955-Module-3.pdf"", ""source_module"": ""M3"", ""fmt"": ""pdf"", ""module"": ""M3"", ""syllabusRef"": ""M3.3.2"", ""level"": 2, ""difficulty"": ""MEDIUM""}"
M3,M3.03.09,,The voltage induced in the stator of an AC generator is produced by,a fixed magnetic field,a rotating magnetic field,an alternating field,,,MEDIUM,,,,DRAFT,NEEDS_ANSWER — answer not provided in source; solve via Suntech corpus or admin review,1,261722955-Module-3.pdf,"{""raw"": ""72. The voltage induced in the stator of an AC generator is produced by\na) a fixed magnetic field\nb) a rotating magnetic field\nc) an alternating field"", ""question"": ""The voltage induced in the stator of an AC generator is produced by"", ""options"": [""a fixed magnetic field"", ""a rotating magnetic field"", ""an alternating field""], ""correct"": null, ""answer_text"": null, ""category"": null, ""source_file"": ""261722955-Module-3.pdf"", ""source_module"": ""M3"", ""fmt"": ""pdf"", ""module"": ""M3"", ""syllabusRef"": ""M3.03.09"", ""level"": null, ""difficulty"": ""MEDIUM""}"
M3,,,A low frequency supply,may damage inductive components,will have no effect on inductive components,will make the circuit operate faster due to the reduced impedance,,,EASY,,,,DRAFT,NEEDS_ANSWER — answer not provided in source; solve via Suntech corpus or admin review,1,261722955-Module-3.pdf,"{""raw"": ""73. A low frequency supply\na) may damage inductive components\nb) will have no effect on inductive components\nc) will make the circuit operate faster due to the reduced impedance"", ""question"": ""A low frequency supply"", ""options"": [""may damage inductive components"", ""will have no effect on inductive components"", ""will make the circuit operate faster due to the reduced impedance""], ""correct"": null, ""answer_text"": null, ""category"": null, ""source_file"": ""261722955-Module-3.pdf"", ""source_module"": ""M3"", ""fmt"": ""pdf"", ""module"": ""M3"", ""difficulty"": ""EASY""}"
M3,,,A zinc-carbon battery life depends upon,the purity of the carbon rod,the amount of zinc,the amount of the electrolyte paste,,,EASY,,,,DRAFT,NEEDS_ANSWER — answer not provided in source; solve via Suntech corpus or admin review,1,261722955-Module-3.pdf,"{""raw"": ""74. A zinc-carbon battery life depends upon\na) the purity of the carbon rod\nb) the amount of zinc\nc) the amount of the electrolyte paste"", ""question"": ""A zinc-carbon battery life depends upon"", ""options"": [""the purity of the carbon rod"", ""the amount of zinc"", ""the amount of the electrolyte paste""], ""correct"": null, ""answer_text"": null, ""category"": null, ""source_file"": ""261722955-Module-3.pdf"", ""source_module"": ""M3"", ""fmt"": ""pdf"", ""module"": ""M3"", ""difficulty"": ""EASY""}"
M3,,,"When checking the S.G. of the electrolyte in a lead acid battery, you",check all cells because they may be different,check only the no. 1 cell because it is the master cell,check any cell because they will all be the same,,,MEDIUM,,,,DRAFT,NEEDS_ANSWER — answer not provided in source; solve via Suntech corpus or admin review,1,261722955-Module-3.pdf,"{""raw"": ""75. When checking the S.G. of the electrolyte in a lead acid battery, you\nshould\na) check all cells because they may be different\nb) check only the no. 1 cell because it is the master cell\nc) check any cell because they will all be the same"", ""question"": ""When checking the S.G. of the electrolyte in a lead acid battery, you"", ""options"": [""check all cells because they may be different"", ""check only the no. 1 cell because it is the master cell"", ""check any cell because they will all be the same""], ""correct"": null, ""answer_text"": null, ""category"": null, ""source_file"": ""261722955-Module-3.pdf"", ""source_module"": ""M3"", ""fmt"": ""pdf"", ""module"": ""M3"", ""difficulty"": ""MEDIUM""}"
M3,,,If electrons are added to an atom it becomes,a positive ion,a negative ion,a neutral ion,,,EASY,,,,DRAFT,NEEDS_ANSWER — answer not provided in source; solve via Suntech corpus or admin review,1,261722955-Module-3.pdf,"{""raw"": ""76. If electrons are added to an atom it becomes\na) a positive ion\nb) a negative ion\nc) a neutral ion"", ""question"": ""If electrons are added to an atom it becomes"", ""options"": [""a positive ion"", ""a negative ion"", ""a neutral ion""], ""correct"": null, ""answer_text"": null, ""category"": null, ""source_file"": ""261722955-Module-3.pdf"", ""source_module"": ""M3"", ""fmt"": ""pdf"", ""module"": ""M3"", ""difficulty"": ""EASY""}"
M3,,,An element whose atoms have fewer than 4 electrons in their valency,good conductors,good insulators,semiconductors,,,MEDIUM,,,,DRAFT,NEEDS_ANSWER — answer not provided in source; solve via Suntech corpus or admin review,1,261722955-Module-3.pdf,"{""raw"": ""77. An element whose atoms have fewer than 4 electrons in their valency\nshell are\na) good conductors\nb) good insulators\nc) semiconductors"", ""question"": ""An element whose atoms have fewer than 4 electrons in their valency"", ""options"": [""good conductors"", ""good insulators"", ""semiconductors""], ""correct"": null, ""answer_text"": null, ""category"": null, ""source_file"": ""261722955-Module-3.pdf"", ""source_module"": ""M3"", ""fmt"": ""pdf"", ""module"": ""M3"", ""difficulty"": ""MEDIUM""}"
M3,,,"In a purely resistive AC circuit, the current vector is",in phase with the voltage vector,+90o out of phase with the voltage vector,-90o out of phase with the voltage vector,,,MEDIUM,,,,DRAFT,NEEDS_ANSWER — answer not provided in source; solve via Suntech corpus or admin review,1,261722955-Module-3.pdf,"{""raw"": ""78. In a purely resistive AC circuit, the current vector is\na) in phase with the voltage vector\nb) +90o out of phase with the voltage vector\nc) -90o out of phase with the voltage vector"", ""question"": ""In a purely resistive AC circuit, the current vector is"", ""options"": [""in phase with the voltage vector"", ""+90o out of phase with the voltage vector"", ""-90o out of phase with the voltage vector""], ""correct"": null, ""answer_text"": null, ""category"": null, ""source_file"": ""261722955-Module-3.pdf"", ""source_module"": ""M3"", ""fmt"": ""pdf"", ""module"": ""M3"", ""difficulty"": ""MEDIUM""}"
M3,,,The PD at the terminals of an open circuit battery with a small internal,more than the EMF,less than the EMF,the same as the EMF,,,MEDIUM,,,,DRAFT,NEEDS_ANSWER — answer not provided in source; solve via Suntech corpus or admin review,1,261722955-Module-3.pdf,"{""raw"": ""79. The PD at the terminals of an open circuit battery with a small internal\nresistance will be\na) more than the EMF\nb) less than the EMF\nc) the same as the EMF\nPage 10\nModule 3 – Electrical Fundamentals\nSample Questions"", ""question"": ""The PD at the terminals of an open circuit battery with a small internal"", ""options"": [""more than the EMF"", ""less than the EMF"", ""the same as the EMF""], ""correct"": null, ""answer_text"": null, ""category"": null, ""source_file"": ""261722955-Module-3.pdf"", ""source_module"": ""M3"", ""fmt"": ""pdf"", ""module"": ""M3"", ""difficulty"": ""MEDIUM""}"
M3,M3.03.07,,dropped across the series resistor?,200 V,0.12 V,0.2 V,,,EASY,80. The diagram shows a 200 V long shunt generator. What is the voltage,,,DRAFT,NEEDS_ANSWER — answer not provided in source; solve via Suntech corpus or admin review,1,261722955-Module-3.pdf,"{""raw"": ""80. The diagram shows a 200 V long shunt generator. What is the voltage\ndropped across the series resistor?\na) 200 V\nb) 0.12 V\nc) 0.2 V"", ""question"": ""dropped across the series resistor?"", ""options"": [""200 V"", ""0.12 V"", ""0.2 V""], ""correct"": null, ""answer_text"": null, ""category"": ""80. The diagram shows a 200 V long shunt generator. What is the voltage"", ""source_file"": ""261722955-Module-3.pdf"", ""source_module"": ""M3"", ""fmt"": ""pdf"", ""module"": ""M3"", ""syllabusRef"": ""M3.03.07"", ""level"": null, ""difficulty"": ""EASY""}"
M3,M3.3.9,2,An electrolytic capacitor is used where,minimum losses are essential,there is a polarized input,high frequency AC is used,,,EASY,,,,DRAFT,NEEDS_ANSWER — answer not provided in source; solve via Suntech corpus or admin review,1,261722955-Module-3.pdf,"{""raw"": ""81. An electrolytic capacitor is used where\na) minimum losses are essential\nb) there is a polarized input\nc) high frequency AC is used"", ""question"": ""An electrolytic capacitor is used where"", ""options"": [""minimum losses are essential"", ""there is a polarized input"", ""high frequency AC is used""], ""correct"": null, ""answer_text"": null, ""category"": null, ""source_file"": ""261722955-Module-3.pdf"", ""source_module"": ""M3"", ""fmt"": ""pdf"", ""module"": ""M3"", ""syllabusRef"": ""M3.3.9"", ""level"": 2, ""difficulty"": ""EASY""}"
M3,M3.3.2,2,"If a connection to an AC motor is disconnected, the motor will",slow down and stop,continue to run,stop,,,MEDIUM,,,,DRAFT,NEEDS_ANSWER — answer not provided in source; solve via Suntech corpus or admin review,1,261722955-Module-3.pdf,"{""raw"": ""82. If a connection to an AC motor is disconnected, the motor will\na) slow down and stop\nb) continue to run\nc) stop"", ""question"": ""If a connection to an AC motor is disconnected, the motor will"", ""options"": [""slow down and stop"", ""continue to run"", ""stop""], ""correct"": null, ""answer_text"": null, ""category"": null, ""source_file"": ""261722955-Module-3.pdf"", ""source_module"": ""M3"", ""fmt"": ""pdf"", ""module"": ""M3"", ""syllabusRef"": ""M3.3.2"", ""level"": 2, ""difficulty"": ""MEDIUM""}"
M3,,,A band stop filter,stops a narrow range of frequencies,stops frequencies either side of a narrow range,attenuates frequencies either side of a narrow range,,,EASY,,,,DRAFT,NEEDS_ANSWER — answer not provided in source; solve via Suntech corpus or admin review,1,261722955-Module-3.pdf,"{""raw"": ""83. A band stop filter\na) stops a narrow range of frequencies\nb) stops frequencies either side of a narrow range\nc) attenuates frequencies either side of a narrow range"", ""question"": ""A band stop filter"", ""options"": [""stops a narrow range of frequencies"", ""stops frequencies either side of a narrow range"", ""attenuates frequencies either side of a narrow range""], ""correct"": null, ""answer_text"": null, ""category"": null, ""source_file"": ""261722955-Module-3.pdf"", ""source_module"": ""M3"", ""fmt"": ""pdf"", ""module"": ""M3"", ""difficulty"": ""EASY""}"
M3,,,This is a diagram of a,band pass filter,high pass filter,low pass filter,,,EASY,,,,DRAFT,NEEDS_ANSWER — answer not provided in source; solve via Suntech corpus or admin review,1,261722955-Module-3.pdf,"{""raw"": ""84. This is a diagram of a\na) band pass filter\nb) high pass filter\nc) low pass filter"", ""question"": ""This is a diagram of a"", ""options"": [""band pass filter"", ""high pass filter"", ""low pass filter""], ""correct"": null, ""answer_text"": null, ""category"": null, ""source_file"": ""261722955-Module-3.pdf"", ""source_module"": ""M3"", ""fmt"": ""pdf"", ""module"": ""M3"", ""difficulty"": ""EASY""}"
M3,,,"When comparing the average values of an AC generator output, to the",average voltage = same as the peak voltage,average voltage = 0.63 x peak voltage,average voltage = 0.707 x peak voltage,,,MEDIUM,,,,DRAFT,NEEDS_ANSWER — answer not provided in source; solve via Suntech corpus or admin review,1,261722955-Module-3.pdf,"{""raw"": ""85. When comparing the average values of an AC generator output, to the\npeak values\na) average voltage = same as the peak voltage\nb) average voltage = 0.63 x peak voltage\nc) average voltage = 0.707 x peak voltage\nPage 11\nModule 3 – Electrical Fundamentals\nSample Questions"", ""question"": ""When comparing the average values of an AC generator output, to the"", ""options"": [""average voltage = same as the peak voltage"", ""average voltage = 0.63 x peak voltage"", ""average voltage = 0.707 x peak voltage""], ""correct"": null, ""answer_text"": null, ""category"": null, ""source_file"": ""261722955-Module-3.pdf"", ""source_module"": ""M3"", ""fmt"": ""pdf"", ""module"": ""M3"", ""difficulty"": ""MEDIUM""}"
M3,,,A parallel circuit at resonance has,maximum impedance,minimum impedance,zero impedance,,,EASY,,,,DRAFT,NEEDS_ANSWER — answer not provided in source; solve via Suntech corpus or admin review,1,261722955-Module-3.pdf,"{""raw"": ""86. A parallel circuit at resonance has\na) maximum impedance\nb) minimum impedance\nc) zero impedance"", ""question"": ""A parallel circuit at resonance has"", ""options"": [""maximum impedance"", ""minimum impedance"", ""zero impedance""], ""correct"": null, ""answer_text"": null, ""category"": null, ""source_file"": ""261722955-Module-3.pdf"", ""source_module"": ""M3"", ""fmt"": ""pdf"", ""module"": ""M3"", ""difficulty"": ""EASY""}"
M3,M3.03.07,,much energy is dissipated in total?,1.224 MJ,20.4 kJ,191.25 J,,,EASY,"87. A resistor dissipates 80 Watts. If it runs for 4 hours 15 minutes, how",,,DRAFT,NEEDS_ANSWER — answer not provided in source; solve via Suntech corpus or admin review,1,261722955-Module-3.pdf,"{""raw"": ""87. A resistor dissipates 80 Watts. If it runs for 4 hours 15 minutes, how\nmuch energy is dissipated in total?\na) 1.224 MJ\nb) 20.4 kJ\nc) 191.25 J"", ""question"": ""much energy is dissipated in total?"", ""options"": [""1.224 MJ"", ""20.4 kJ"", ""191.25 J""], ""correct"": null, ""answer_text"": null, ""category"": ""87. A resistor dissipates 80 Watts. If it runs for 4 hours 15 minutes, how"", ""source_file"": ""261722955-Module-3.pdf"", ""source_module"": ""M3"", ""fmt"": ""pdf"", ""module"": ""M3"", ""syllabusRef"": ""M3.03.07"", ""level"": null, ""difficulty"": ""EASY""}"
M3,M3.03.07,,80A. How much power does it dissipate?,3.2 kW,1.152 kW,1.92 kW,,,EASY,88. The earth lead of a 24 V equipment is 0.5 ohm resistance and carries,,,DRAFT,NEEDS_ANSWER — answer not provided in source; solve via Suntech corpus or admin review,1,261722955-Module-3.pdf,"{""raw"": ""88. The earth lead of a 24 V equipment is 0.5 ohm resistance and carries\n80A. How much power does it dissipate?\na) 3.2 kW\nb) 1.152 kW\nc) 1.92 kW"", ""question"": ""80A. How much power does it dissipate?"", ""options"": [""3.2 kW"", ""1.152 kW"", ""1.92 kW""], ""correct"": null, ""answer_text"": null, ""category"": ""88. The earth lead of a 24 V equipment is 0.5 ohm resistance and carries"", ""source_file"": ""261722955-Module-3.pdf"", ""source_module"": ""M3"", ""fmt"": ""pdf"", ""module"": ""M3"", ""syllabusRef"": ""M3.03.07"", ""level"": null, ""difficulty"": ""EASY""}"
M3,M3.3.9,2,89. What must you do to make a 3 F capacitor circuit into a 2 F circuit?,Put a 1 F capacitor in series,Put a 2 F capacitor in parallel,Put a 6 F capacitor in series,,,MEDIUM,,,,DRAFT,NEEDS_ANSWER — answer not provided in source; solve via Suntech corpus or admin review,1,261722955-Module-3.pdf,"{""raw"": ""89. What must you do to make a 3 F capacitor circuit into a 2 F circuit?\na) Put a 1 F capacitor in series\nb) Put a 2 F capacitor in parallel\nc) Put a 6 F capacitor in series"", ""question"": ""89. What must you do to make a 3 F capacitor circuit into a 2 F circuit?"", ""options"": [""Put a 1 F capacitor in series"", ""Put a 2 F capacitor in parallel"", ""Put a 6 F capacitor in series""], ""correct"": null, ""answer_text"": null, ""category"": null, ""source_file"": ""261722955-Module-3.pdf"", ""source_module"": ""M3"", ""fmt"": ""pdf"", ""module"": ""M3"", ""syllabusRef"": ""M3.3.9"", ""level"": 2, ""difficulty"": ""MEDIUM""}"
M3,M3.3.9,2,The time required to fully charge a 1 µF capacitor in series with a 100k,100 ms,1 s,100 s,,,MEDIUM,,,,DRAFT,NEEDS_ANSWER — answer not provided in source; solve via Suntech corpus or admin review,1,261722955-Module-3.pdf,"{""raw"": ""90. The time required to fully charge a 1 µF capacitor in series with a 100k\nohm resistor is\na) 100 ms\nb) 1 s\nc) 100 s"", ""question"": ""The time required to fully charge a 1 µF capacitor in series with a 100k"", ""options"": [""100 ms"", ""1 s"", ""100 s""], ""correct"": null, ""answer_text"": null, ""category"": null, ""source_file"": ""261722955-Module-3.pdf"", ""source_module"": ""M3"", ""fmt"": ""pdf"", ""module"": ""M3"", ""syllabusRef"": ""M3.3.9"", ""level"": 2, ""difficulty"": ""MEDIUM""}"
M3,M3.03.07,,A 10 ohm resistor has a 14.14 V peak drop across it. What power is,19.99 W,10 W,1.414 W,,,MEDIUM,,,,DRAFT,NEEDS_ANSWER — answer not provided in source; solve via Suntech corpus or admin review,1,261722955-Module-3.pdf,"{""raw"": ""91. A 10 ohm resistor has a 14.14 V peak drop across it. What power is\ndissipated?\na) 19.99 W\nb) 10 W\nc) 1.414 W"", ""question"": ""A 10 ohm resistor has a 14.14 V peak drop across it. What power is"", ""options"": [""19.99 W"", ""10 W"", ""1.414 W""], ""correct"": null, ""answer_text"": null, ""category"": null, ""source_file"": ""261722955-Module-3.pdf"", ""source_module"": ""M3"", ""fmt"": ""pdf"", ""module"": ""M3"", ""syllabusRef"": ""M3.03.07"", ""level"": null, ""difficulty"": ""MEDIUM""}"
M3,M3.03.07,,This is a symbol for,a voltage dependant resistor,a variable differential resistor,a visual display rectifier,,,EASY,,,,DRAFT,NEEDS_ANSWER — answer not provided in source; solve via Suntech corpus or admin review,1,261722955-Module-3.pdf,"{""raw"": ""92. This is a symbol for\na) a voltage dependant resistor\nb) a variable differential resistor\nc) a visual display rectifier"", ""question"": ""This is a symbol for"", ""options"": [""a voltage dependant resistor"", ""a variable differential resistor"", ""a visual display rectifier""], ""correct"": null, ""answer_text"": null, ""category"": null, ""source_file"": ""261722955-Module-3.pdf"", ""source_module"": ""M3"", ""fmt"": ""pdf"", ""module"": ""M3"", ""syllabusRef"": ""M3.03.07"", ""level"": null, ""difficulty"": ""EASY""}"
M3,M3.3.2,2,"If a generator speed is halved and the field strength is doubled, the",halved,doubled,unchanged,,,MEDIUM,,,,DRAFT,NEEDS_ANSWER — answer not provided in source; solve via Suntech corpus or admin review,1,261722955-Module-3.pdf,"{""raw"": ""93. If a generator speed is halved and the field strength is doubled, the\nvoltage output will be\na) halved\nb) doubled\nc) unchanged\nPage 12\nModule 3 – Electrical Fundamentals\nSample Questions"", ""question"": ""If a generator speed is halved and the field strength is doubled, the"", ""options"": [""halved"", ""doubled"", ""unchanged""], ""correct"": null, ""answer_text"": null, ""category"": null, ""source_file"": ""261722955-Module-3.pdf"", ""source_module"": ""M3"", ""fmt"": ""pdf"", ""module"": ""M3"", ""syllabusRef"": ""M3.3.2"", ""level"": 2, ""difficulty"": ""MEDIUM""}"
M3,,,Point A on the armature of the generator shown is producing,maximum current,minimum current,zero current,,,MEDIUM,,,,DRAFT,NEEDS_ANSWER — answer not provided in source; solve via Suntech corpus or admin review,1,261722955-Module-3.pdf,"{""raw"": ""94. Point A on the armature of the generator shown is producing\na) maximum current\nb) minimum current\nc) zero current"", ""question"": ""Point A on the armature of the generator shown is producing"", ""options"": [""maximum current"", ""minimum current"", ""zero current""], ""correct"": null, ""answer_text"": null, ""category"": null, ""source_file"": ""261722955-Module-3.pdf"", ""source_module"": ""M3"", ""fmt"": ""pdf"", ""module"": ""M3"", ""difficulty"": ""MEDIUM""}"
M3,,,An accumulation of hydrogen on the plates of a battery is known as,hydration,polarization,ionization,,,MEDIUM,,,,DRAFT,NEEDS_ANSWER — answer not provided in source; solve via Suntech corpus or admin review,1,261722955-Module-3.pdf,"{""raw"": ""95. An accumulation of hydrogen on the plates of a battery is known as\na) hydration\nb) polarization\nc) ionization"", ""question"": ""An accumulation of hydrogen on the plates of a battery is known as"", ""options"": [""hydration"", ""polarization"", ""ionization""], ""correct"": null, ""answer_text"": null, ""category"": null, ""source_file"": ""261722955-Module-3.pdf"", ""source_module"": ""M3"", ""fmt"": ""pdf"", ""module"": ""M3"", ""difficulty"": ""MEDIUM""}"
M3,M3.03.07,,96. What is the power dissipated in a 500 ohm resistor with a 3A flow?,1.5 kW,4.5 kW,750 kW,,,MEDIUM,,,,DRAFT,NEEDS_ANSWER — answer not provided in source; solve via Suntech corpus or admin review,1,261722955-Module-3.pdf,"{""raw"": ""96. What is the power dissipated in a 500 ohm resistor with a 3A flow?\na) 1.5 kW\nb) 4.5 kW\nc) 750 kW"", ""question"": ""96. What is the power dissipated in a 500 ohm resistor with a 3A flow?"", ""options"": [""1.5 kW"", ""4.5 kW"", ""750 kW""], ""correct"": null, ""answer_text"": null, ""category"": null, ""source_file"": ""261722955-Module-3.pdf"", ""source_module"": ""M3"", ""fmt"": ""pdf"", ""module"": ""M3"", ""syllabusRef"": ""M3.03.07"", ""level"": null, ""difficulty"": ""MEDIUM""}"
M3,M3.1.5,,97. Which of the following is 1 Amp?,1000 mA,1000 μA,1000 kA,,,EASY,,,,DRAFT,NEEDS_ANSWER — answer not provided in source; solve via Suntech corpus or admin review,1,261722955-Module-3.pdf,"{""raw"": ""97. Which of the following is 1 Amp?\na) 1000 mA\nb) 1000 μA\nc) 1000 kA"", ""question"": ""97. Which of the following is 1 Amp?"", ""options"": [""1000 mA"", ""1000 μA"", ""1000 kA""], ""correct"": null, ""answer_text"": null, ""category"": null, ""source_file"": ""261722955-Module-3.pdf"", ""source_module"": ""M3"", ""fmt"": ""pdf"", ""module"": ""M3"", ""syllabusRef"": ""M3.1.5"", ""level"": null, ""difficulty"": ""EASY""}"
M3,,,A paramagnetic material has a relative permeability of,greater than unity,less than unity,zero,,,MEDIUM,,,,DRAFT,NEEDS_ANSWER — answer not provided in source; solve via Suntech corpus or admin review,1,261722955-Module-3.pdf,"{""raw"": ""98. A paramagnetic material has a relative permeability of\na) greater than unity\nb) less than unity\nc) zero"", ""question"": ""A paramagnetic material has a relative permeability of"", ""options"": [""greater than unity"", ""less than unity"", ""zero""], ""correct"": null, ""answer_text"": null, ""category"": null, ""source_file"": ""261722955-Module-3.pdf"", ""source_module"": ""M3"", ""fmt"": ""pdf"", ""module"": ""M3"", ""difficulty"": ""MEDIUM""}"
M3,M3.3.2,2,99. What part of a battery is covered in hydrogen during polarization?,Cathode,Anode,Both the anode and the cathode,,,MEDIUM,,,,DRAFT,NEEDS_ANSWER — answer not provided in source; solve via Suntech corpus or admin review,1,261722955-Module-3.pdf,"{""raw"": ""99. What part of a battery is covered in hydrogen during polarization?\na) Cathode\nb) Anode\nc) Both the anode and the cathode"", ""question"": ""99. What part of a battery is covered in hydrogen during polarization?"", ""options"": [""Cathode"", ""Anode"", ""Both the anode and the cathode""], ""correct"": null, ""answer_text"": null, ""category"": null, ""source_file"": ""261722955-Module-3.pdf"", ""source_module"": ""M3"", ""fmt"": ""pdf"", ""module"": ""M3"", ""syllabusRef"": ""M3.3.2"", ""level"": 2, ""difficulty"": ""MEDIUM""}"
M3,M3.3.2,2,Electricity conducts through,solids only,solids and liquids,vacuum,,,EASY,,,,DRAFT,NEEDS_ANSWER — answer not provided in source; solve via Suntech corpus or admin review,1,261722955-Module-3.pdf,"{""raw"": ""100. Electricity conducts through\na) solids only\nb) solids and liquids\nc) vacuum"", ""question"": ""Electricity conducts through"", ""options"": [""solids only"", ""solids and liquids"", ""vacuum""], ""correct"": null, ""answer_text"": null, ""category"": null, ""source_file"": ""261722955-Module-3.pdf"", ""source_module"": ""M3"", ""fmt"": ""pdf"", ""module"": ""M3"", ""syllabusRef"": ""M3.3.2"", ""level"": 2, ""difficulty"": ""EASY""}"
M3,M3.03.07,,The term that describes the combined resistive forces in an AC circuit,impedance,resistance,total resistance,,,MEDIUM,,,,DRAFT,NEEDS_ANSWER — answer not provided in source; solve via Suntech corpus or admin review,1,261722955-Module-3.pdf,"{""raw"": ""101. The term that describes the combined resistive forces in an AC circuit\nis\na) impedance\nb) resistance\nc) total resistance\nPage 13\nModule 3 – Electrical Fundamentals\nSample Questions"", ""question"": ""The term that describes the combined resistive forces in an AC circuit"", ""options"": [""impedance"", ""resistance"", ""total resistance""], ""correct"": null, ""answer_text"": null, ""category"": null, ""source_file"": ""261722955-Module-3.pdf"", ""source_module"": ""M3"", ""fmt"": ""pdf"", ""module"": ""M3"", ""syllabusRef"": ""M3.03.07"", ""level"": null, ""difficulty"": ""MEDIUM""}"
M3,M3.03.03,,How can the direction of rotation of a DC electric motor be changed,reverse the electrical connections to either the field or armature,interchange the wires which connect the motor to the external power,rotate the positive brush one commutator segment,,,MEDIUM,,,,DRAFT,NEEDS_ANSWER — answer not provided in source; solve via Suntech corpus or admin review,1,261722955-Module-3.pdf,"{""raw"": ""102. How can the direction of rotation of a DC electric motor be changed\na) reverse the electrical connections to either the field or armature\nwindings\nb) interchange the wires which connect the motor to the external power\nsource\nc) rotate the positive brush one commutator segment"", ""question"": ""How can the direction of rotation of a DC electric motor be changed"", ""options"": [""reverse the electrical connections to either the field or armature"", ""interchange the wires which connect the motor to the external power"", ""rotate the positive brush one commutator segment""], ""correct"": null, ""answer_text"": null, ""category"": null, ""source_file"": ""261722955-Module-3.pdf"", ""source_module"": ""M3"", ""fmt"": ""pdf"", ""module"": ""M3"", ""syllabusRef"": ""M3.03.03"", ""level"": null, ""difficulty"": ""MEDIUM""}"
M3,M3.03.03,,An example of a good electrical insulator is,glass,aluminium,mercury,,,EASY,,,,DRAFT,NEEDS_ANSWER — answer not provided in source; solve via Suntech corpus or admin review,1,261722955-Module-3.pdf,"{""raw"": ""103. An example of a good electrical insulator is\na) glass\nb) aluminium\nc) mercury"", ""question"": ""An example of a good electrical insulator is"", ""options"": [""glass"", ""aluminium"", ""mercury""], ""correct"": null, ""answer_text"": null, ""category"": null, ""source_file"": ""261722955-Module-3.pdf"", ""source_module"": ""M3"", ""fmt"": ""pdf"", ""module"": ""M3"", ""syllabusRef"": ""M3.03.03"", ""level"": null, ""difficulty"": ""EASY""}"
M3,M3.1.5,,The only practical method of maintaining a constant voltage output,strength of the magnetic field,number of conductors in the armature,speed at which the armature rotates,,,MEDIUM,,,,DRAFT,NEEDS_ANSWER — answer not provided in source; solve via Suntech corpus or admin review,1,261722955-Module-3.pdf,"{""raw"": ""104. The only practical method of maintaining a constant voltage output\nfrom an aircraft generator under varying conditions of speed and load is to\nvary the\na) strength of the magnetic field\nb) number of conductors in the armature\nc) speed at which the armature rotates"", ""question"": ""The only practical method of maintaining a constant voltage output"", ""options"": [""strength of the magnetic field"", ""number of conductors in the armature"", ""speed at which the armature rotates""], ""correct"": null, ""answer_text"": null, ""category"": null, ""source_file"": ""261722955-Module-3.pdf"", ""source_module"": ""M3"", ""fmt"": ""pdf"", ""module"": ""M3"", ""syllabusRef"": ""M3.1.5"", ""level"": null, ""difficulty"": ""MEDIUM""}"
M3,M3.1.5,,nickel-cadmium battery?,excessive current draw from the battery,high current charging of the battery to more than 100 percent of its,,,,MEDIUM,106. Which of the following is most likely to cause thermal runaway in a,,,DRAFT,NEEDS_ANSWER — answer not provided in source; solve via Suntech corpus or admin review,1,261722955-Module-3.pdf,"{""raw"": ""106. Which of the following is most likely to cause thermal runaway in a\nnickel-cadmium battery?\na) excessive current draw from the battery\nb) high current charging of the battery to more than 100 percent of its\ncapacity\nc) a high internal resistance condition"", ""question"": ""nickel-cadmium battery?"", ""options"": [""excessive current draw from the battery"", ""high current charging of the battery to more than 100 percent of its""], ""correct"": null, ""answer_text"": null, ""category"": ""106. Which of the following is most likely to cause thermal runaway in a"", ""source_file"": ""261722955-Module-3.pdf"", ""source_module"": ""M3"", ""fmt"": ""pdf"", ""module"": ""M3"", ""syllabusRef"": ""M3.1.5"", ""level"": null, ""difficulty"": ""MEDIUM""}"
M3,,,Electric motors are often classified according to the method of,compound,shunt (parallel),series,,,MEDIUM,,,,DRAFT,NEEDS_ANSWER — answer not provided in source; solve via Suntech corpus or admin review,1,261722955-Module-3.pdf,"{""raw"": ""107. Electric motors are often classified according to the method of\nconnecting the field coils and armature. Aircraft engine starter motors are\ngenerally of which type\na) compound\nb) shunt (parallel)\nc) series"", ""question"": ""Electric motors are often classified according to the method of"", ""options"": [""compound"", ""shunt (parallel)"", ""series""], ""correct"": null, ""answer_text"": null, ""category"": null, ""source_file"": ""261722955-Module-3.pdf"", ""source_module"": ""M3"", ""fmt"": ""pdf"", ""module"": ""M3"", ""difficulty"": ""MEDIUM""}"
M3,M3.3.2,2,If a heavy mechanical load is removed from a series motor,the speed will decrease and the armature current will decrease,the speed will increase and the armature current will decrease,the speed will increase and the armature current will increase,,,MEDIUM,,,,DRAFT,NEEDS_ANSWER — answer not provided in source; solve via Suntech corpus or admin review,1,261722955-Module-3.pdf,"{""raw"": ""108. If a heavy mechanical load is removed from a series motor\na) the speed will decrease and the armature current will decrease\nb) the speed will increase and the armature current will decrease\nc) the speed will increase and the armature current will increase"", ""question"": ""If a heavy mechanical load is removed from a series motor"", ""options"": [""the speed will decrease and the armature current will decrease"", ""the speed will increase and the armature current will decrease"", ""the speed will increase and the armature current will increase""], ""correct"": null, ""answer_text"": null, ""category"": null, ""source_file"": ""261722955-Module-3.pdf"", ""source_module"": ""M3"", ""fmt"": ""pdf"", ""module"": ""M3"", ""syllabusRef"": ""M3.3.2"", ""level"": 2, ""difficulty"": ""MEDIUM""}"
M3,M3.03.02,,Static charges remaining in an aircraft are dissipated by,the use of a conducting type nose wheel,bonding the aircraft to a refuel tanker,earthing the aircraft as soon as possible,,,MEDIUM,,,,DRAFT,NEEDS_ANSWER — answer not provided in source; solve via Suntech corpus or admin review,1,261722955-Module-3.pdf,"{""raw"": ""109. Static charges remaining in an aircraft are dissipated by\na) the use of a conducting type nose wheel\nb) bonding the aircraft to a refuel tanker\nc) earthing the aircraft as soon as possible\nPage 14\nModule 3 – Electrical Fundamentals\nSample Questions"", ""question"": ""Static charges remaining in an aircraft are dissipated by"", ""options"": [""the use of a conducting type nose wheel"", ""bonding the aircraft to a refuel tanker"", ""earthing the aircraft as soon as possible""], ""correct"": null, ""answer_text"": null, ""category"": null, ""source_file"": ""261722955-Module-3.pdf"", ""source_module"": ""M3"", ""fmt"": ""pdf"", ""module"": ""M3"", ""syllabusRef"": ""M3.03.02"", ""level"": null, ""difficulty"": ""MEDIUM""}"
M3,M3.03.07,,Total resistance in parallel for R1 and R2 is,1/RT = (R1 x R2) ÷ (R1 + R2),RT = 1/R1 + 1/R2,1/RT = 1/R1 + 1/R2,,,EASY,,,,DRAFT,NEEDS_ANSWER — answer not provided in source; solve via Suntech corpus or admin review,1,261722955-Module-3.pdf,"{""raw"": ""110. Total resistance in parallel for R1 and R2 is\na) 1/RT = (R1 x R2) ÷ (R1 + R2)\nb) RT = 1/R1 + 1/R2\nc) 1/RT = 1/R1 + 1/R2"", ""question"": ""Total resistance in parallel for R1 and R2 is"", ""options"": [""1/RT = (R1 x R2) ÷ (R1 + R2)"", ""RT = 1/R1 + 1/R2"", ""1/RT = 1/R1 + 1/R2""], ""correct"": null, ""answer_text"": null, ""category"": null, ""source_file"": ""261722955-Module-3.pdf"", ""source_module"": ""M3"", ""fmt"": ""pdf"", ""module"": ""M3"", ""syllabusRef"": ""M3.03.07"", ""level"": null, ""difficulty"": ""EASY""}"
M3,,,The quill drive on an aircraft generator,makes possible the use of roller,damps out any commutator ripple,damps out vibrations,,,EASY,,,,DRAFT,NEEDS_ANSWER — answer not provided in source; solve via Suntech corpus or admin review,1,261722955-Module-3.pdf,"{""raw"": ""111. The quill drive on an aircraft generator\na) makes possible the use of roller\nb) damps out any commutator ripple\nc) damps out vibrations"", ""question"": ""The quill drive on an aircraft generator"", ""options"": [""makes possible the use of roller"", ""damps out any commutator ripple"", ""damps out vibrations""], ""correct"": null, ""answer_text"": null, ""category"": null, ""source_file"": ""261722955-Module-3.pdf"", ""source_module"": ""M3"", ""fmt"": ""pdf"", ""module"": ""M3"", ""difficulty"": ""EASY""}"
M3,,,The method of ascertaining the voltage of a standard aircraft lead-acid,the voltage on open circuit,the voltage with rated load switched ON,the voltage off load,,,MEDIUM,,,,DRAFT,NEEDS_ANSWER — answer not provided in source; solve via Suntech corpus or admin review,1,261722955-Module-3.pdf,"{""raw"": ""112. The method of ascertaining the voltage of a standard aircraft lead-acid\nbattery is by checking\na) the voltage on open circuit\nb) the voltage with rated load switched ON\nc) the voltage off load"", ""question"": ""The method of ascertaining the voltage of a standard aircraft lead-acid"", ""options"": [""the voltage on open circuit"", ""the voltage with rated load switched ON"", ""the voltage off load""], ""correct"": null, ""answer_text"": null, ""category"": null, ""source_file"": ""261722955-Module-3.pdf"", ""source_module"": ""M3"", ""fmt"": ""pdf"", ""module"": ""M3"", ""difficulty"": ""MEDIUM""}"
M3,M3.1.5,,If the correct supply were connected to a DC shunt motor which had,fail to run,run in the reverse direction,run normally,,,MEDIUM,,,,DRAFT,NEEDS_ANSWER — answer not provided in source; solve via Suntech corpus or admin review,1,261722955-Module-3.pdf,"{""raw"": ""113. If the correct supply were connected to a DC shunt motor which had\nlost its residual magnetism it would\na) fail to run\nb) run in the reverse direction\nc) run normally"", ""question"": ""If the correct supply were connected to a DC shunt motor which had"", ""options"": [""fail to run"", ""run in the reverse direction"", ""run normally""], ""correct"": null, ""answer_text"": null, ""category"": null, ""source_file"": ""261722955-Module-3.pdf"", ""source_module"": ""M3"", ""fmt"": ""pdf"", ""module"": ""M3"", ""syllabusRef"": ""M3.1.5"", ""level"": null, ""difficulty"": ""MEDIUM""}"
M3,M3.03.03,,A loss of electrical insulation results in,a short circuit between the supply and earth,an open circuit between the supply and earth,an open circuit in the supply,,,EASY,,,,DRAFT,NEEDS_ANSWER — answer not provided in source; solve via Suntech corpus or admin review,1,261722955-Module-3.pdf,"{""raw"": ""114. A loss of electrical insulation results in\na) a short circuit between the supply and earth\nb) an open circuit between the supply and earth\nc) an open circuit in the supply"", ""question"": ""A loss of electrical insulation results in"", ""options"": [""a short circuit between the supply and earth"", ""an open circuit between the supply and earth"", ""an open circuit in the supply""], ""correct"": null, ""answer_text"": null, ""category"": null, ""source_file"": ""261722955-Module-3.pdf"", ""source_module"": ""M3"", ""fmt"": ""pdf"", ""module"": ""M3"", ""syllabusRef"": ""M3.03.03"", ""level"": null, ""difficulty"": ""EASY""}"
M3,M3.03.07,,A DC circuit containing a total resistance of 100 ohms has a current,0.4 watts,6.25 watts,5 watts,,,MEDIUM,,,,DRAFT,NEEDS_ANSWER — answer not provided in source; solve via Suntech corpus or admin review,1,261722955-Module-3.pdf,"{""raw"": ""115. A DC circuit containing a total resistance of 100 ohms has a current\nflow of 250 mA. The power dissipated in the circuit is\na) 0.4 watts\nb) 6.25 watts\nc) 5 watts"", ""question"": ""A DC circuit containing a total resistance of 100 ohms has a current"", ""options"": [""0.4 watts"", ""6.25 watts"", ""5 watts""], ""correct"": null, ""answer_text"": null, ""category"": null, ""source_file"": ""261722955-Module-3.pdf"", ""source_module"": ""M3"", ""fmt"": ""pdf"", ""module"": ""M3"", ""syllabusRef"": ""M3.03.07"", ""level"": null, ""difficulty"": ""MEDIUM""}"
M3,,,Power is the rate of doing work. It is measured in,joules/second,watts/second,joules x seconds,,,MEDIUM,,,,DRAFT,NEEDS_ANSWER — answer not provided in source; solve via Suntech corpus or admin review,1,261722955-Module-3.pdf,"{""raw"": ""116. Power is the rate of doing work. It is measured in\na) joules/second\nb) watts/second\nc) joules x seconds"", ""question"": ""Power is the rate of doing work. It is measured in"", ""options"": [""joules/second"", ""watts/second"", ""joules x seconds""], ""correct"": null, ""answer_text"": null, ""category"": null, ""source_file"": ""261722955-Module-3.pdf"", ""source_module"": ""M3"", ""fmt"": ""pdf"", ""module"": ""M3"", ""difficulty"": ""MEDIUM""}"
M3,M3.03.07,,Ohm's law states that:,e.m.f. = current divided by resistance,resistance = current divided by e.m.f.,current = e.m.f. divided by resistance,,,EASY,,,,DRAFT,NEEDS_ANSWER — answer not provided in source; solve via Suntech corpus or admin review,1,261722955-Module-3.pdf,"{""raw"": ""117. Ohm's law states that:\na) e.m.f. = current divided by resistance\nb) resistance = current divided by e.m.f.\nc) current = e.m.f. divided by resistance"", ""question"": ""Ohm's law states that:"", ""options"": [""e.m.f. = current divided by resistance"", ""resistance = current divided by e.m.f."", ""current = e.m.f. divided by resistance""], ""correct"": null, ""answer_text"": null, ""category"": null, ""source_file"": ""261722955-Module-3.pdf"", ""source_module"": ""M3"", ""fmt"": ""pdf"", ""module"": ""M3"", ""syllabusRef"": ""M3.03.07"", ""level"": null, ""difficulty"": ""EASY""}"
M3,M3.03.07,,If the resistance of a resistor which is in series with two other resistors,the current in that resistance is doubled,the current in that resistance is halved,the volts drop across that resistor increases,,,MEDIUM,,,,DRAFT,NEEDS_ANSWER — answer not provided in source; solve via Suntech corpus or admin review,1,261722955-Module-3.pdf,"{""raw"": ""118. If the resistance of a resistor which is in series with two other resistors\nis doubled\na) the current in that resistance is doubled\nb) the current in that resistance is halved\nc) the volts drop across that resistor increases\nPage 15\nModule 3 – Electrical Fundamentals\nSample Questions"", ""question"": ""If the resistance of a resistor which is in series with two other resistors"", ""options"": [""the current in that resistance is doubled"", ""the current in that resistance is halved"", ""the volts drop across that resistor increases""], ""correct"": null, ""answer_text"": null, ""category"": null, ""source_file"": ""261722955-Module-3.pdf"", ""source_module"": ""M3"", ""fmt"": ""pdf"", ""module"": ""M3"", ""syllabusRef"": ""M3.03.07"", ""level"": null, ""difficulty"": ""MEDIUM""}"
M3,,,One purpose of a growler test is to determine the presence of:,a shorted armature,an out-of-round commutator,a broken field lead,,,MEDIUM,,,,DRAFT,NEEDS_ANSWER — answer not provided in source; solve via Suntech corpus or admin review,1,261722955-Module-3.pdf,"{""raw"": ""119. One purpose of a growler test is to determine the presence of:\na) a shorted armature\nb) an out-of-round commutator\nc) a broken field lead"", ""question"": ""One purpose of a growler test is to determine the presence of:"", ""options"": [""a shorted armature"", ""an out-of-round commutator"", ""a broken field lead""], ""correct"": null, ""answer_text"": null, ""category"": null, ""source_file"": ""261722955-Module-3.pdf"", ""source_module"": ""M3"", ""fmt"": ""pdf"", ""module"": ""M3"", ""difficulty"": ""MEDIUM""}"
M3,M3.1.5,,Through which material will magnetic lines of force pass the most,aluminium,iron,copper,,,MEDIUM,,,,DRAFT,NEEDS_ANSWER — answer not provided in source; solve via Suntech corpus or admin review,1,261722955-Module-3.pdf,"{""raw"": ""120. Through which material will magnetic lines of force pass the most\nreadily?\na) aluminium\nb) iron\nc) copper"", ""question"": ""Through which material will magnetic lines of force pass the most"", ""options"": [""aluminium"", ""iron"", ""copper""], ""correct"": null, ""answer_text"": null, ""category"": null, ""source_file"": ""261722955-Module-3.pdf"", ""source_module"": ""M3"", ""fmt"": ""pdf"", ""module"": ""M3"", ""syllabusRef"": ""M3.1.5"", ""level"": null, ""difficulty"": ""MEDIUM""}"
M3,M3.3.2,2,primary coil have?,"15,000","150,000","1,500,000",,,EASY,122. The secondary coil of a transformer has 1500 turns and 10 Ω,,,DRAFT,NEEDS_ANSWER — answer not provided in source; solve via Suntech corpus or admin review,1,261722955-Module-3.pdf,"{""raw"": ""122. The secondary coil of a transformer has 1500 turns and 10 Ω\nresistance. The primary coil has 1 k Ω resistance. How many turns does the\nprimary coil have?\na) 15,000\nb) 150,000\nc) 1,500,000"", ""question"": ""primary coil have?"", ""options"": [""15,000"", ""150,000"", ""1,500,000""], ""correct"": null, ""answer_text"": null, ""category"": ""122. The secondary coil of a transformer has 1500 turns and 10 Ω"", ""source_file"": ""261722955-Module-3.pdf"", ""source_module"": ""M3"", ""fmt"": ""pdf"", ""module"": ""M3"", ""syllabusRef"": ""M3.3.2"", ""level"": 2, ""difficulty"": ""EASY""}"
M3,M3.03.03,,Two batteries 12V and 40 Ah each are in series. What is the total,12V 80 Ah,24V 80Ah,24V 40 Ah,,,MEDIUM,,,,DRAFT,NEEDS_ANSWER — answer not provided in source; solve via Suntech corpus or admin review,1,261722955-Module-3.pdf,"{""raw"": ""123. Two batteries 12V and 40 Ah each are in series. What is the total\ncapacity?\na) 12V 80 Ah\nb) 24V 80Ah\nc) 24V 40 Ah"", ""question"": ""Two batteries 12V and 40 Ah each are in series. What is the total"", ""options"": [""12V 80 Ah"", ""24V 80Ah"", ""24V 40 Ah""], ""correct"": null, ""answer_text"": null, ""category"": null, ""source_file"": ""261722955-Module-3.pdf"", ""source_module"": ""M3"", ""fmt"": ""pdf"", ""module"": ""M3"", ""syllabusRef"": ""M3.03.03"", ""level"": null, ""difficulty"": ""MEDIUM""}"
M3,,,secondary winding?,star only,delta only,either delta or star,,,EASY,"124. In a star wound primary transformer, how could you wind the",,,DRAFT,NEEDS_ANSWER — answer not provided in source; solve via Suntech corpus or admin review,1,261722955-Module-3.pdf,"{""raw"": ""124. In a star wound primary transformer, how could you wind the\nsecondary winding?\na) star only\nb) delta only\nc) either delta or star"", ""question"": ""secondary winding?"", ""options"": [""star only"", ""delta only"", ""either delta or star""], ""correct"": null, ""answer_text"": null, ""category"": ""124. In a star wound primary transformer, how could you wind the"", ""source_file"": ""261722955-Module-3.pdf"", ""source_module"": ""M3"", ""fmt"": ""pdf"", ""module"": ""M3"", ""difficulty"": ""EASY""}"
M3,,,The phases in supply to a 2 phase motor are electrically,90 degrees apart from each other,180 degrees apart from each other,120 degrees apart from each other,,,MEDIUM,,,,DRAFT,NEEDS_ANSWER — answer not provided in source; solve via Suntech corpus or admin review,1,261722955-Module-3.pdf,"{""raw"": ""125. The phases in supply to a 2 phase motor are electrically\na) 90 degrees apart from each other\nb) 180 degrees apart from each other\nc) 120 degrees apart from each other"", ""question"": ""The phases in supply to a 2 phase motor are electrically"", ""options"": [""90 degrees apart from each other"", ""180 degrees apart from each other"", ""120 degrees apart from each other""], ""correct"": null, ""answer_text"": null, ""category"": null, ""source_file"": ""261722955-Module-3.pdf"", ""source_module"": ""M3"", ""fmt"": ""pdf"", ""module"": ""M3"", ""difficulty"": ""MEDIUM""}"
M3,,,maximum consistent power?,30 KW,24 KW,37.5 KW,,,EASY,126. A 30 KVA rated generator has a power factor of 0.8. What is its,,,DRAFT,NEEDS_ANSWER — answer not provided in source; solve via Suntech corpus or admin review,1,261722955-Module-3.pdf,"{""raw"": ""126. A 30 KVA rated generator has a power factor of 0.8. What is its\nmaximum consistent power?\na) 30 KW\nb) 24 KW\nc) 37.5 KW\nPage 16\nModule 3 – Electrical Fundamentals\nSample Questions"", ""question"": ""maximum consistent power?"", ""options"": [""30 KW"", ""24 KW"", ""37.5 KW""], ""correct"": null, ""answer_text"": null, ""category"": ""126. A 30 KVA rated generator has a power factor of 0.8. What is its"", ""source_file"": ""261722955-Module-3.pdf"", ""source_module"": ""M3"", ""fmt"": ""pdf"", ""module"": ""M3"", ""difficulty"": ""EASY""}"
M3,M3.3.9,2,charge it to 100V?,1 s,0.2 seconds,12 minutes,,,EASY,127. A 50 μF capacitor is fed with a current of 25 mA. How long will it take to,,,DRAFT,NEEDS_ANSWER — answer not provided in source; solve via Suntech corpus or admin review,1,261722955-Module-3.pdf,"{""raw"": ""127. A 50 μF capacitor is fed with a current of 25 mA. How long will it take to\ncharge it to 100V?\na) 1 s\nb) 0.2 seconds\nc) 12 minutes"", ""question"": ""charge it to 100V?"", ""options"": [""1 s"", ""0.2 seconds"", ""12 minutes""], ""correct"": null, ""answer_text"": null, ""category"": ""127. A 50 μF capacitor is fed with a current of 25 mA. How long will it take to"", ""source_file"": ""261722955-Module-3.pdf"", ""source_module"": ""M3"", ""fmt"": ""pdf"", ""module"": ""M3"", ""syllabusRef"": ""M3.3.9"", ""level"": 2, ""difficulty"": ""EASY""}"
M3,M3.03.07,,The total resistance of the circuit shown is,1.33 Ohms,12 Ohms,3 Ohms,,,EASY,,,,DRAFT,NEEDS_ANSWER — answer not provided in source; solve via Suntech corpus or admin review,1,261722955-Module-3.pdf,"{""raw"": ""128. The total resistance of the circuit shown is\na) 1.33 Ohms\nb) 12 Ohms\nc) 3 Ohms"", ""question"": ""The total resistance of the circuit shown is"", ""options"": [""1.33 Ohms"", ""12 Ohms"", ""3 Ohms""], ""correct"": null, ""answer_text"": null, ""category"": null, ""source_file"": ""261722955-Module-3.pdf"", ""source_module"": ""M3"", ""fmt"": ""pdf"", ""module"": ""M3"", ""syllabusRef"": ""M3.03.07"", ""level"": null, ""difficulty"": ""EASY""}"
M3,,,A step up transformer has,one winding,two windings,three windings,,,EASY,,,,DRAFT,NEEDS_ANSWER — answer not provided in source; solve via Suntech corpus or admin review,1,261722955-Module-3.pdf,"{""raw"": ""129. A step up transformer has\na) one winding\nb) two windings\nc) three windings"", ""question"": ""A step up transformer has"", ""options"": [""one winding"", ""two windings"", ""three windings""], ""correct"": null, ""answer_text"": null, ""category"": null, ""source_file"": ""261722955-Module-3.pdf"", ""source_module"": ""M3"", ""fmt"": ""pdf"", ""module"": ""M3"", ""difficulty"": ""EASY""}"
M3,,,The three voltages of a three phase generator are connected,independently of each other,in series with each other,in parallel with each other,,,MEDIUM,,,,DRAFT,NEEDS_ANSWER — answer not provided in source; solve via Suntech corpus or admin review,1,261722955-Module-3.pdf,"{""raw"": ""130. The three voltages of a three phase generator are connected\na) independently of each other\nb) in series with each other\nc) in parallel with each other"", ""question"": ""The three voltages of a three phase generator are connected"", ""options"": [""independently of each other"", ""in series with each other"", ""in parallel with each other""], ""correct"": null, ""answer_text"": null, ""category"": null, ""source_file"": ""261722955-Module-3.pdf"", ""source_module"": ""M3"", ""fmt"": ""pdf"", ""module"": ""M3"", ""difficulty"": ""MEDIUM""}"
M3,,,E.M.F. in an electric circuit corresponds to what in a magnetic circuit,mmf,flux,reluctance,,,MEDIUM,,,,DRAFT,NEEDS_ANSWER — answer not provided in source; solve via Suntech corpus or admin review,1,261722955-Module-3.pdf,"{""raw"": ""131. E.M.F. in an electric circuit corresponds to what in a magnetic circuit\na) mmf\nb) flux\nc) reluctance"", ""question"": ""E.M.F. in an electric circuit corresponds to what in a magnetic circuit"", ""options"": [""mmf"", ""flux"", ""reluctance""], ""correct"": null, ""answer_text"": null, ""category"": null, ""source_file"": ""261722955-Module-3.pdf"", ""source_module"": ""M3"", ""fmt"": ""pdf"", ""module"": ""M3"", ""difficulty"": ""MEDIUM""}"
M3,,,Time constant of an inductor is,LR,L/R,L2/R,,,EASY,,,,DRAFT,NEEDS_ANSWER — answer not provided in source; solve via Suntech corpus or admin review,1,261722955-Module-3.pdf,"{""raw"": ""132. Time constant of an inductor is\na) LR\nb) L/R\nc) L2/R"", ""question"": ""Time constant of an inductor is"", ""options"": [""LR"", ""L/R"", ""L2/R""], ""correct"": null, ""answer_text"": null, ""category"": null, ""source_file"": ""261722955-Module-3.pdf"", ""source_module"": ""M3"", ""fmt"": ""pdf"", ""module"": ""M3"", ""difficulty"": ""EASY""}"
M3,,,Permanent magnets have,"high reluctance, low coercive force","low reluctance, high coercive force","high reluctance, high coercive force",,,EASY,,,,DRAFT,NEEDS_ANSWER — answer not provided in source; solve via Suntech corpus or admin review,1,261722955-Module-3.pdf,"{""raw"": ""133. Permanent magnets have\na) high reluctance, low coercive force\nb) low reluctance, high coercive force\nc) high reluctance, high coercive force"", ""question"": ""Permanent magnets have"", ""options"": [""high reluctance, low coercive force"", ""low reluctance, high coercive force"", ""high reluctance, high coercive force""], ""correct"": null, ""answer_text"": null, ""category"": null, ""source_file"": ""261722955-Module-3.pdf"", ""source_module"": ""M3"", ""fmt"": ""pdf"", ""module"": ""M3"", ""difficulty"": ""EASY""}"
M3,M3.1.5,,A.C. value that can produce the same heat as D.C. is called,r.m.s value,average value,peak value,,,MEDIUM,,,,DRAFT,NEEDS_ANSWER — answer not provided in source; solve via Suntech corpus or admin review,1,261722955-Module-3.pdf,"{""raw"": ""134. A.C. value that can produce the same heat as D.C. is called\na) r.m.s value\nb) average value\nc) peak value\nPage 17\nModule 3 – Electrical Fundamentals\nSample Questions"", ""question"": ""A.C. value that can produce the same heat as D.C. is called"", ""options"": [""r.m.s value"", ""average value"", ""peak value""], ""correct"": null, ""answer_text"": null, ""category"": null, ""source_file"": ""261722955-Module-3.pdf"", ""source_module"": ""M3"", ""fmt"": ""pdf"", ""module"": ""M3"", ""syllabusRef"": ""M3.1.5"", ""level"": null, ""difficulty"": ""MEDIUM""}"
M3,M3.03.07,,"If a battery has got low internal resistance, then",on load voltage will be greater than no load voltage,no load voltage will be greater than on load voltage,no load voltage will be the same as on load voltage,,,MEDIUM,,,,DRAFT,NEEDS_ANSWER — answer not provided in source; solve via Suntech corpus or admin review,1,261722955-Module-3.pdf,"{""raw"": ""135. If a battery has got low internal resistance, then\na) on load voltage will be greater than no load voltage\nb) no load voltage will be greater than on load voltage\nc) no load voltage will be the same as on load voltage"", ""question"": ""If a battery has got low internal resistance, then"", ""options"": [""on load voltage will be greater than no load voltage"", ""no load voltage will be greater than on load voltage"", ""no load voltage will be the same as on load voltage""], ""correct"": null, ""answer_text"": null, ""category"": null, ""source_file"": ""261722955-Module-3.pdf"", ""source_module"": ""M3"", ""fmt"": ""pdf"", ""module"": ""M3"", ""syllabusRef"": ""M3.03.07"", ""level"": null, ""difficulty"": ""MEDIUM""}"
M3,M3.3.9,2,"In a parallel R, L, C circuit, the value of the capacitor is quadrupled,",reduce,increased,remain the same,,,MEDIUM,,,,DRAFT,NEEDS_ANSWER — answer not provided in source; solve via Suntech corpus or admin review,1,261722955-Module-3.pdf,"{""raw"": ""136. In a parallel R, L, C circuit, the value of the capacitor is quadrupled,\nthen the value of the impedance would\na) reduce\nb) increased\nc) remain the same"", ""question"": ""In a parallel R, L, C circuit, the value of the capacitor is quadrupled,"", ""options"": [""reduce"", ""increased"", ""remain the same""], ""correct"": null, ""answer_text"": null, ""category"": null, ""source_file"": ""261722955-Module-3.pdf"", ""source_module"": ""M3"", ""fmt"": ""pdf"", ""module"": ""M3"", ""syllabusRef"": ""M3.3.9"", ""level"": 2, ""difficulty"": ""MEDIUM""}"
M3,M3.1.5,,4 seconds. What is the voltage?,12.8V,6.4V,3.2V,,,EASY,137. In a circuit C = 25 microfarads and the current flow is 40 microamps for,,,DRAFT,NEEDS_ANSWER — answer not provided in source; solve via Suntech corpus or admin review,1,261722955-Module-3.pdf,"{""raw"": ""137. In a circuit C = 25 microfarads and the current flow is 40 microamps for\n4 seconds. What is the voltage?\na) 12.8V\nb) 6.4V\nc) 3.2V"", ""question"": ""4 seconds. What is the voltage?"", ""options"": [""12.8V"", ""6.4V"", ""3.2V""], ""correct"": null, ""answer_text"": null, ""category"": ""137. In a circuit C = 25 microfarads and the current flow is 40 microamps for"", ""source_file"": ""261722955-Module-3.pdf"", ""source_module"": ""M3"", ""fmt"": ""pdf"", ""module"": ""M3"", ""syllabusRef"": ""M3.1.5"", ""level"": null, ""difficulty"": ""EASY""}"
M3,M3.03.07,,"A 3, 5 and 2 ohms resistance is connected in series with a 10 V battery.",10V,2 V,4 V,,,MEDIUM,,,,DRAFT,NEEDS_ANSWER — answer not provided in source; solve via Suntech corpus or admin review,1,261722955-Module-3.pdf,"{""raw"": ""138. A 3, 5 and 2 ohms resistance is connected in series with a 10 V battery.\nThe voltage across the 2 ohms resistor is\na) 10V\nb) 2 V\nc) 4 V"", ""question"": ""A 3, 5 and 2 ohms resistance is connected in series with a 10 V battery."", ""options"": [""10V"", ""2 V"", ""4 V""], ""correct"": null, ""answer_text"": null, ""category"": null, ""source_file"": ""261722955-Module-3.pdf"", ""source_module"": ""M3"", ""fmt"": ""pdf"", ""module"": ""M3"", ""syllabusRef"": ""M3.03.07"", ""level"": null, ""difficulty"": ""MEDIUM""}"
M3,M3.03.07,,The power in a circuit when voltage and resistance is given can be,VxR,VxV / R,VxVxR,,,MEDIUM,,,,DRAFT,NEEDS_ANSWER — answer not provided in source; solve via Suntech corpus or admin review,1,261722955-Module-3.pdf,"{""raw"": ""139. The power in a circuit when voltage and resistance is given can be\nfound by\na) VxR\nb) VxV / R\nc) VxVxR"", ""question"": ""The power in a circuit when voltage and resistance is given can be"", ""options"": [""VxR"", ""VxV / R"", ""VxVxR""], ""correct"": null, ""answer_text"": null, ""category"": null, ""source_file"": ""261722955-Module-3.pdf"", ""source_module"": ""M3"", ""fmt"": ""pdf"", ""module"": ""M3"", ""syllabusRef"": ""M3.03.07"", ""level"": null, ""difficulty"": ""MEDIUM""}"
M3,M3.03.04,,A piezoelectric device generates electricity through,pressure,friction,light,,,MEDIUM,,,,DRAFT,NEEDS_ANSWER — answer not provided in source; solve via Suntech corpus or admin review,1,261722955-Module-3.pdf,"{""raw"": ""140. A piezoelectric device generates electricity through\na) pressure\nb) friction\nc) light"", ""question"": ""A piezoelectric device generates electricity through"", ""options"": [""pressure"", ""friction"", ""light""], ""correct"": null, ""answer_text"": null, ""category"": null, ""source_file"": ""261722955-Module-3.pdf"", ""source_module"": ""M3"", ""fmt"": ""pdf"", ""module"": ""M3"", ""syllabusRef"": ""M3.03.04"", ""level"": null, ""difficulty"": ""MEDIUM""}"
M3,,,Conventional current flow inside a battery is from,anode to cathode,cathode to anode,"either anode to cathode or cathode to anode, depending on the active",,,MEDIUM,,,,DRAFT,NEEDS_ANSWER — answer not provided in source; solve via Suntech corpus or admin review,1,261722955-Module-3.pdf,"{""raw"": ""141. Conventional current flow inside a battery is from\na) anode to cathode\nb) cathode to anode\nc) either anode to cathode or cathode to anode, depending on the active\nelements"", ""question"": ""Conventional current flow inside a battery is from"", ""options"": [""anode to cathode"", ""cathode to anode"", ""either anode to cathode or cathode to anode, depending on the active""], ""correct"": null, ""answer_text"": null, ""category"": null, ""source_file"": ""261722955-Module-3.pdf"", ""source_module"": ""M3"", ""fmt"": ""pdf"", ""module"": ""M3"", ""difficulty"": ""MEDIUM""}"
M3,M3.03.07,,Potentiometers are used as a,variable voltage source,variable resistor,variable current source,,,EASY,,,,DRAFT,NEEDS_ANSWER — answer not provided in source; solve via Suntech corpus or admin review,1,261722955-Module-3.pdf,"{""raw"": ""142. Potentiometers are used as a\na) variable voltage source\nb) variable resistor\nc) variable current source"", ""question"": ""Potentiometers are used as a"", ""options"": [""variable voltage source"", ""variable resistor"", ""variable current source""], ""correct"": null, ""answer_text"": null, ""category"": null, ""source_file"": ""261722955-Module-3.pdf"", ""source_module"": ""M3"", ""fmt"": ""pdf"", ""module"": ""M3"", ""syllabusRef"": ""M3.03.07"", ""level"": null, ""difficulty"": ""EASY""}"
M3,M3.3.2,2,load. What is the core loss at full load?,200 W,220 W,0 W,,,EASY,143. In a transformer core loss is 200 W and copper loss is 220W at no,,,DRAFT,NEEDS_ANSWER — answer not provided in source; solve via Suntech corpus or admin review,1,261722955-Module-3.pdf,"{""raw"": ""143. In a transformer core loss is 200 W and copper loss is 220W at no\nload. What is the core loss at full load?\na) 200 W\nb) 220 W\nc) 0 W\nPage 18\nModule 3 – Electrical Fundamentals\nSample Questions\n144 Calculate the speed of a 400 Hz, 4 pole machine\na) 12,000 rpm\nb) 6000 rpm\nc) 8000 rpm"", ""question"": ""load. What is the core loss at full load?"", ""options"": [""200 W"", ""220 W"", ""0 W""], ""correct"": null, ""answer_text"": null, ""category"": ""143. In a transformer core loss is 200 W and copper loss is 220W at no"", ""source_file"": ""261722955-Module-3.pdf"", ""source_module"": ""M3"", ""fmt"": ""pdf"", ""module"": ""M3"", ""syllabusRef"": ""M3.3.2"", ""level"": 2, ""difficulty"": ""EASY""}"
M3,M3.3.2,2,The purpose of end travel microswitch in a linear actuator is to,remain closed and opens at end travel only,remain open and closes at end travel only,remain open during normal operation and only close if the actuator,,,MEDIUM,,,,DRAFT,NEEDS_ANSWER — answer not provided in source; solve via Suntech corpus or admin review,1,261722955-Module-3.pdf,"{""raw"": ""145. The purpose of end travel microswitch in a linear actuator is to\na) remain closed and opens at end travel only\nb) remain open and closes at end travel only\nc) remain open during normal operation and only close if the actuator\noverruns its stops"", ""question"": ""The purpose of end travel microswitch in a linear actuator is to"", ""options"": [""remain closed and opens at end travel only"", ""remain open and closes at end travel only"", ""remain open during normal operation and only close if the actuator""], ""correct"": null, ""answer_text"": null, ""category"": null, ""source_file"": ""261722955-Module-3.pdf"", ""source_module"": ""M3"", ""fmt"": ""pdf"", ""module"": ""M3"", ""syllabusRef"": ""M3.3.2"", ""level"": 2, ""difficulty"": ""MEDIUM""}"
M3,,,Linear actuators used in aircraft are of,split field series wound type.,split field shunt wound type,compound wound type,,,EASY,,,,DRAFT,NEEDS_ANSWER — answer not provided in source; solve via Suntech corpus or admin review,1,261722955-Module-3.pdf,"{""raw"": ""146. Linear actuators used in aircraft are of\na) split field series wound type.\nb) split field shunt wound type\nc) compound wound type"", ""question"": ""Linear actuators used in aircraft are of"", ""options"": [""split field series wound type."", ""split field shunt wound type"", ""compound wound type""], ""correct"": null, ""answer_text"": null, ""category"": null, ""source_file"": ""261722955-Module-3.pdf"", ""source_module"": ""M3"", ""fmt"": ""pdf"", ""module"": ""M3"", ""difficulty"": ""EASY""}"
M3,,,"If a generator sparks, a possible reason is",The brush springs are loose,The brushes have been placed around the magnetic coil,Magnetic flux deflecting the EMF,,,EASY,,,,DRAFT,NEEDS_ANSWER — answer not provided in source; solve via Suntech corpus or admin review,1,261722955-Module-3.pdf,"{""raw"": ""147. If a generator sparks, a possible reason is\na) The brush springs are loose\nb) The brushes have been placed around the magnetic coil\nc) Magnetic flux deflecting the EMF"", ""question"": ""If a generator sparks, a possible reason is"", ""options"": [""The brush springs are loose"", ""The brushes have been placed around the magnetic coil"", ""Magnetic flux deflecting the EMF""], ""correct"": null, ""answer_text"": null, ""category"": null, ""source_file"": ""261722955-Module-3.pdf"", ""source_module"": ""M3"", ""fmt"": ""pdf"", ""module"": ""M3"", ""difficulty"": ""EASY""}"
M3,M3.1.5,,The charge on a proton is,neutral,positive,negative,,,EASY,,,,DRAFT,NEEDS_ANSWER — answer not provided in source; solve via Suntech corpus or admin review,1,261722955-Module-3.pdf,"{""raw"": ""148. The charge on a proton is\na) neutral\nb) positive\nc) negative"", ""question"": ""The charge on a proton is"", ""options"": [""neutral"", ""positive"", ""negative""], ""correct"": null, ""answer_text"": null, ""category"": null, ""source_file"": ""261722955-Module-3.pdf"", ""source_module"": ""M3"", ""fmt"": ""pdf"", ""module"": ""M3"", ""syllabusRef"": ""M3.1.5"", ""level"": null, ""difficulty"": ""EASY""}"
M3,M3.1.5,,"In conventional current flow, what is Fleming's right hand rule used for",Motors,Generators,Inductors,,,MEDIUM,,,,DRAFT,NEEDS_ANSWER — answer not provided in source; solve via Suntech corpus or admin review,1,261722955-Module-3.pdf,"{""raw"": ""149. In conventional current flow, what is Fleming's right hand rule used for\na) Motors\nb) Generators\nc) Inductors"", ""question"": ""In conventional current flow, what is Fleming's right hand rule used for"", ""options"": [""Motors"", ""Generators"", ""Inductors""], ""correct"": null, ""answer_text"": null, ""category"": null, ""source_file"": ""261722955-Module-3.pdf"", ""source_module"": ""M3"", ""fmt"": ""pdf"", ""module"": ""M3"", ""syllabusRef"": ""M3.1.5"", ""level"": null, ""difficulty"": ""MEDIUM""}"
M3,,,"In a capacitive circuit, if the frequency is increased",the current increases,impedance increases,reactance remains the same,,,MEDIUM,,,,DRAFT,NEEDS_ANSWER — answer not provided in source; solve via Suntech corpus or admin review,1,261722955-Module-3.pdf,"{""raw"": ""150. In a capacitive circuit, if the frequency is increased\na) the current increases\nb) impedance increases\nc) reactance remains the same"", ""question"": ""In a capacitive circuit, if the frequency is increased"", ""options"": [""the current increases"", ""impedance increases"", ""reactance remains the same""], ""correct"": null, ""answer_text"": null, ""category"": null, ""source_file"": ""261722955-Module-3.pdf"", ""source_module"": ""M3"", ""fmt"": ""pdf"", ""module"": ""M3"", ""difficulty"": ""MEDIUM""}"
M3,M3.03.08,,Three 12 µF capacitors are in series. The total capacitance is,12 µF,4 µF,36 µF,,,MEDIUM,,,,DRAFT,NEEDS_ANSWER — answer not provided in source; solve via Suntech corpus or admin review,1,261722955-Module-3.pdf,"{""raw"": ""151. Three 12 µF capacitors are in series. The total capacitance is\na) 12 µF\nb) 4 µF\nc) 36 µF"", ""question"": ""Three 12 µF capacitors are in series. The total capacitance is"", ""options"": [""12 µF"", ""4 µF"", ""36 µF""], ""correct"": null, ""answer_text"": null, ""category"": null, ""source_file"": ""261722955-Module-3.pdf"", ""source_module"": ""M3"", ""fmt"": ""pdf"", ""module"": ""M3"", ""syllabusRef"": ""M3.03.08"", ""level"": null, ""difficulty"": ""MEDIUM""}"
M3,M3.03.07,,A 500 ohm resistor carries a 3 amp current. What is the power,5 kW,4.5 kW,500 W,,,MEDIUM,,,,DRAFT,NEEDS_ANSWER — answer not provided in source; solve via Suntech corpus or admin review,1,261722955-Module-3.pdf,"{""raw"": ""152. A 500 ohm resistor carries a 3 amp current. What is the power\ndissipated?\na) 5 kW\nb) 4.5 kW\nc) 500 W\nPage 19\nModule 3 – Electrical Fundamentals\nSample Questions"", ""question"": ""A 500 ohm resistor carries a 3 amp current. What is the power"", ""options"": [""5 kW"", ""4.5 kW"", ""500 W""], ""correct"": null, ""answer_text"": null, ""category"": null, ""source_file"": ""261722955-Module-3.pdf"", ""source_module"": ""M3"", ""fmt"": ""pdf"", ""module"": ""M3"", ""syllabusRef"": ""M3.03.07"", ""level"": null, ""difficulty"": ""MEDIUM""}"
M3,M3.3.2,2,What is the PD of a circuit which has a 40 mA current and a 1 k ohm,400 V,4 V,40 V,,,MEDIUM,,,,DRAFT,NEEDS_ANSWER — answer not provided in source; solve via Suntech corpus or admin review,1,261722955-Module-3.pdf,"{""raw"": ""154. What is the PD of a circuit which has a 40 mA current and a 1 k ohm\nresistance?\na) 400 V\nb) 4 V\nc) 40 V"", ""question"": ""What is the PD of a circuit which has a 40 mA current and a 1 k ohm"", ""options"": [""400 V"", ""4 V"", ""40 V""], ""correct"": null, ""answer_text"": null, ""category"": null, ""source_file"": ""261722955-Module-3.pdf"", ""source_module"": ""M3"", ""fmt"": ""pdf"", ""module"": ""M3"", ""syllabusRef"": ""M3.3.2"", ""level"": 2, ""difficulty"": ""MEDIUM""}"
M3,,,how many turns must it have?,"15,000","150,000","1,500,000",,,EASY,156. The secondary winding of a transformer has an impedance of 10 ohms,,,DRAFT,NEEDS_ANSWER — answer not provided in source; solve via Suntech corpus or admin review,1,261722955-Module-3.pdf,"{""raw"": ""156. The secondary winding of a transformer has an impedance of 10 ohms\nand 1500 turns. For the primary winding to have an impedance of 1 k ohm,\nhow many turns must it have?\na) 15,000\nb) 150,000\nc) 1,500,000"", ""question"": ""how many turns must it have?"", ""options"": [""15,000"", ""150,000"", ""1,500,000""], ""correct"": null, ""answer_text"": null, ""category"": ""156. The secondary winding of a transformer has an impedance of 10 ohms"", ""source_file"": ""261722955-Module-3.pdf"", ""source_module"": ""M3"", ""fmt"": ""pdf"", ""module"": ""M3"", ""difficulty"": ""EASY""}"
M3,M3.1.5,,157. A potentiometer has which of the following properties?,3 terminals,preset values,wire wound,,,MEDIUM,,,,DRAFT,NEEDS_ANSWER — answer not provided in source; solve via Suntech corpus or admin review,1,261722955-Module-3.pdf,"{""raw"": ""157. A potentiometer has which of the following properties?\na) 3 terminals\nb) preset values\nc) wire wound"", ""question"": ""157. A potentiometer has which of the following properties?"", ""options"": [""3 terminals"", ""preset values"", ""wire wound""], ""correct"": null, ""answer_text"": null, ""category"": null, ""source_file"": ""261722955-Module-3.pdf"", ""source_module"": ""M3"", ""fmt"": ""pdf"", ""module"": ""M3"", ""syllabusRef"": ""M3.1.5"", ""level"": null, ""difficulty"": ""MEDIUM""}"
M3,M3.03.07,,A 3 ohm resistor dissipates 27 Watts. How much current flows through,3 A,9 A,0.15 A,,,MEDIUM,,,,DRAFT,NEEDS_ANSWER — answer not provided in source; solve via Suntech corpus or admin review,1,261722955-Module-3.pdf,"{""raw"": ""158. A 3 ohm resistor dissipates 27 Watts. How much current flows through\nit?\na) 3 A\nb) 9 A\nc) 0.15 A"", ""question"": ""A 3 ohm resistor dissipates 27 Watts. How much current flows through"", ""options"": [""3 A"", ""9 A"", ""0.15 A""], ""correct"": null, ""answer_text"": null, ""category"": null, ""source_file"": ""261722955-Module-3.pdf"", ""source_module"": ""M3"", ""fmt"": ""pdf"", ""module"": ""M3"", ""syllabusRef"": ""M3.03.07"", ""level"": null, ""difficulty"": ""MEDIUM""}"
M3,,,"159. In a 2 phase generator, how far apart are the windings electrically?",45o,90o,180o,,,MEDIUM,,,,DRAFT,NEEDS_ANSWER — answer not provided in source; solve via Suntech corpus or admin review,1,261722955-Module-3.pdf,"{""raw"": ""159. In a 2 phase generator, how far apart are the windings electrically?\na) 45o\nb) 90o\nc) 180o"", ""question"": ""159. In a 2 phase generator, how far apart are the windings electrically?"", ""options"": [""45o"", ""90o"", ""180o""], ""correct"": null, ""answer_text"": null, ""category"": null, ""source_file"": ""261722955-Module-3.pdf"", ""source_module"": ""M3"", ""fmt"": ""pdf"", ""module"": ""M3"", ""difficulty"": ""MEDIUM""}"
M3,,,The SI unit of work is,Joules per second (Watts),Kilogram metres - force,Joules per metre,,,EASY,,,,DRAFT,NEEDS_ANSWER — answer not provided in source; solve via Suntech corpus or admin review,1,261722955-Module-3.pdf,"{""raw"": ""160. The SI unit of work is\na) Joules per second (Watts)\nb) Kilogram metres - force\nc) Joules per metre\nPage 20\nModule 3 – Electrical Fundamentals\nSample Questions"", ""question"": ""The SI unit of work is"", ""options"": [""Joules per second (Watts)"", ""Kilogram metres - force"", ""Joules per metre""], ""correct"": null, ""answer_text"": null, ""category"": null, ""source_file"": ""261722955-Module-3.pdf"", ""source_module"": ""M3"", ""fmt"": ""pdf"", ""module"": ""M3"", ""difficulty"": ""EASY""}"
M3,,,"In the circuit below, what happens to the total circuit impedance if L is",Increases,Remains the same,Reduces,,,MEDIUM,,,,DRAFT,NEEDS_ANSWER — answer not provided in source; solve via Suntech corpus or admin review,1,261722955-Module-3.pdf,"{""raw"": ""161. In the circuit below, what happens to the total circuit impedance if L is\ntripled?\na) Increases\nb) Remains the same\nc) Reduces"", ""question"": ""In the circuit below, what happens to the total circuit impedance if L is"", ""options"": [""Increases"", ""Remains the same"", ""Reduces""], ""correct"": null, ""answer_text"": null, ""category"": null, ""source_file"": ""261722955-Module-3.pdf"", ""source_module"": ""M3"", ""fmt"": ""pdf"", ""module"": ""M3"", ""difficulty"": ""MEDIUM""}"
M3,,,"162. In a voltaic cell, what is the build-up on the cathode called?",Polarization,Sulphation,Hydration,,,MEDIUM,,,,DRAFT,NEEDS_ANSWER — answer not provided in source; solve via Suntech corpus or admin review,1,261722955-Module-3.pdf,"{""raw"": ""162. In a voltaic cell, what is the build-up on the cathode called?\na) Polarization\nb) Sulphation\nc) Hydration"", ""question"": ""162. In a voltaic cell, what is the build-up on the cathode called?"", ""options"": [""Polarization"", ""Sulphation"", ""Hydration""], ""correct"": null, ""answer_text"": null, ""category"": null, ""source_file"": ""261722955-Module-3.pdf"", ""source_module"": ""M3"", ""fmt"": ""pdf"", ""module"": ""M3"", ""difficulty"": ""MEDIUM""}"
M3,,,A sine wave has a periodic time of 0.5 milliseconds. What is the,200 Hz,2 kHz,20 kHz,,,MEDIUM,,,,DRAFT,NEEDS_ANSWER — answer not provided in source; solve via Suntech corpus or admin review,1,261722955-Module-3.pdf,"{""raw"": ""163. A sine wave has a periodic time of 0.5 milliseconds. What is the\nfrequency?\na) 200 Hz\nb) 2 kHz\nc) 20 kHz"", ""question"": ""A sine wave has a periodic time of 0.5 milliseconds. What is the"", ""options"": [""200 Hz"", ""2 kHz"", ""20 kHz""], ""correct"": null, ""answer_text"": null, ""category"": null, ""source_file"": ""261722955-Module-3.pdf"", ""source_module"": ""M3"", ""fmt"": ""pdf"", ""module"": ""M3"", ""difficulty"": ""MEDIUM""}"
M3,M3.3.2,2,"Three branches in a circuit have currents entering of 3A, 4 A and 5 A.",2A entering,2A leaving,22A leaving,,,MEDIUM,,,,DRAFT,NEEDS_ANSWER — answer not provided in source; solve via Suntech corpus or admin review,1,261722955-Module-3.pdf,"{""raw"": ""164. Three branches in a circuit have currents entering of 3A, 4 A and 5 A.\nA forth branch has 10 A leaving. A fifth branch must have\na) 2A entering\nb) 2A leaving\nc) 22A leaving"", ""question"": ""Three branches in a circuit have currents entering of 3A, 4 A and 5 A."", ""options"": [""2A entering"", ""2A leaving"", ""22A leaving""], ""correct"": null, ""answer_text"": null, ""category"": null, ""source_file"": ""261722955-Module-3.pdf"", ""source_module"": ""M3"", ""fmt"": ""pdf"", ""module"": ""M3"", ""syllabusRef"": ""M3.3.2"", ""level"": 2, ""difficulty"": ""MEDIUM""}"
M3,,,165. Where are the output windings on an AC generator?,Stator,Rotor with slip rings,Rotor with commutator,,,MEDIUM,,,,DRAFT,NEEDS_ANSWER — answer not provided in source; solve via Suntech corpus or admin review,1,261722955-Module-3.pdf,"{""raw"": ""165. Where are the output windings on an AC generator?\na) Stator\nb) Rotor with slip rings\nc) Rotor with commutator"", ""question"": ""165. Where are the output windings on an AC generator?"", ""options"": [""Stator"", ""Rotor with slip rings"", ""Rotor with commutator""], ""correct"": null, ""answer_text"": null, ""category"": null, ""source_file"": ""261722955-Module-3.pdf"", ""source_module"": ""M3"", ""fmt"": ""pdf"", ""module"": ""M3"", ""difficulty"": ""MEDIUM""}"
M3,M3.3.2,2,"If the field strength of a generator is doubled, and the speed is doubled,",quadruple,double,stay the same,,,MEDIUM,,,,DRAFT,NEEDS_ANSWER — answer not provided in source; solve via Suntech corpus or admin review,1,261722955-Module-3.pdf,"{""raw"": ""166. If the field strength of a generator is doubled, and the speed is doubled,\nthe output EMF will\na) quadruple\nb) double\nc) stay the same"", ""question"": ""If the field strength of a generator is doubled, and the speed is doubled,"", ""options"": [""quadruple"", ""double"", ""stay the same""], ""correct"": null, ""answer_text"": null, ""category"": null, ""source_file"": ""261722955-Module-3.pdf"", ""source_module"": ""M3"", ""fmt"": ""pdf"", ""module"": ""M3"", ""syllabusRef"": ""M3.3.2"", ""level"": 2, ""difficulty"": ""MEDIUM""}"
M3,,,"If the rate of change of current is halved, mutual inductance will",double,stay the same,halve,,,MEDIUM,,,,DRAFT,NEEDS_ANSWER — answer not provided in source; solve via Suntech corpus or admin review,1,261722955-Module-3.pdf,"{""raw"": ""167. If the rate of change of current is halved, mutual inductance will\na) double\nb) stay the same\nc) halve\nPage 21\nModule 3 – Electrical Fundamentals\nSample Questions"", ""question"": ""If the rate of change of current is halved, mutual inductance will"", ""options"": [""double"", ""stay the same"", ""halve""], ""correct"": null, ""answer_text"": null, ""category"": null, ""source_file"": ""261722955-Module-3.pdf"", ""source_module"": ""M3"", ""fmt"": ""pdf"", ""module"": ""M3"", ""difficulty"": ""MEDIUM""}"
M3,M3.3.9,2,"If a capacitor of 50 microfarads has a current of 25 mA, how long does",200 milliseconds,200 seconds,150 seconds,,,MEDIUM,,,,DRAFT,NEEDS_ANSWER — answer not provided in source; solve via Suntech corpus or admin review,1,261722955-Module-3.pdf,"{""raw"": ""168. If a capacitor of 50 microfarads has a current of 25 mA, how long does\nit take to charge to 100 V\na) 200 milliseconds\nb) 200 seconds\nc) 150 seconds"", ""question"": ""If a capacitor of 50 microfarads has a current of 25 mA, how long does"", ""options"": [""200 milliseconds"", ""200 seconds"", ""150 seconds""], ""correct"": null, ""answer_text"": null, ""category"": null, ""source_file"": ""261722955-Module-3.pdf"", ""source_module"": ""M3"", ""fmt"": ""pdf"", ""module"": ""M3"", ""syllabusRef"": ""M3.3.9"", ""level"": 2, ""difficulty"": ""MEDIUM""}"
M3,M3.3.2,2,a value of 100 ohms. What is the value of the unknown resistor?,0.5 ohms,5 ohms,50 ohms,,,MEDIUM,"169. In a Wheatstone Bridge, the ammeter reads zero, and the variable",,,DRAFT,NEEDS_ANSWER — answer not provided in source; solve via Suntech corpus or admin review,1,261722955-Module-3.pdf,"{""raw"": ""169. In a Wheatstone Bridge, the ammeter reads zero, and the variable\nresistor is adjusted to 5 ohms. Resistor P has a value of 10 ohms and Q has\na value of 100 ohms. What is the value of the unknown resistor?\na) 0.5 ohms\nb) 5 ohms\nc) 50 ohms"", ""question"": ""a value of 100 ohms. What is the value of the unknown resistor?"", ""options"": [""0.5 ohms"", ""5 ohms"", ""50 ohms""], ""correct"": null, ""answer_text"": null, ""category"": ""169. In a Wheatstone Bridge, the ammeter reads zero, and the variable"", ""source_file"": ""261722955-Module-3.pdf"", ""source_module"": ""M3"", ""fmt"": ""pdf"", ""module"": ""M3"", ""syllabusRef"": ""M3.3.2"", ""level"": 2, ""difficulty"": ""MEDIUM""}"
M3,,,"In a tuned circuit at resonance, the circuit will be",inductive,resistive,capacitive,,,MEDIUM,,,,DRAFT,NEEDS_ANSWER — answer not provided in source; solve via Suntech corpus or admin review,1,261722955-Module-3.pdf,"{""raw"": ""170. In a tuned circuit at resonance, the circuit will be\na) inductive\nb) resistive\nc) capacitive"", ""question"": ""In a tuned circuit at resonance, the circuit will be"", ""options"": [""inductive"", ""resistive"", ""capacitive""], ""correct"": null, ""answer_text"": null, ""category"": null, ""source_file"": ""261722955-Module-3.pdf"", ""source_module"": ""M3"", ""fmt"": ""pdf"", ""module"": ""M3"", ""difficulty"": ""MEDIUM""}"
M3,,,In a DC motor the pole pairs are,embedded within the field coils,part of the armature,connected to the brush gear,,,EASY,,,,DRAFT,NEEDS_ANSWER — answer not provided in source; solve via Suntech corpus or admin review,1,261722955-Module-3.pdf,"{""raw"": ""172. In a DC motor the pole pairs are\na) embedded within the field coils\nb) part of the armature\nc) connected to the brush gear"", ""question"": ""In a DC motor the pole pairs are"", ""options"": [""embedded within the field coils"", ""part of the armature"", ""connected to the brush gear""], ""correct"": null, ""answer_text"": null, ""category"": null, ""source_file"": ""261722955-Module-3.pdf"", ""source_module"": ""M3"", ""fmt"": ""pdf"", ""module"": ""M3"", ""difficulty"": ""EASY""}"
M3,,,Transformer copper loss on full load is 220 Watts. On half load the loss,110 Watts,440 Watts,55 Watts,,,MEDIUM,,,,DRAFT,NEEDS_ANSWER — answer not provided in source; solve via Suntech corpus or admin review,1,261722955-Module-3.pdf,"{""raw"": ""174. Transformer copper loss on full load is 220 Watts. On half load the loss\nwill be\na) 110 Watts\nb) 440 Watts\nc) 55 Watts"", ""question"": ""Transformer copper loss on full load is 220 Watts. On half load the loss"", ""options"": [""110 Watts"", ""440 Watts"", ""55 Watts""], ""correct"": null, ""answer_text"": null, ""category"": null, ""source_file"": ""261722955-Module-3.pdf"", ""source_module"": ""M3"", ""fmt"": ""pdf"", ""module"": ""M3"", ""difficulty"": ""MEDIUM""}"
M3,,,The earth's magnetic field is greatest at the,magnetic poles,geographic poles,magnetic equator,,,EASY,,,,DRAFT,NEEDS_ANSWER — answer not provided in source; solve via Suntech corpus or admin review,1,261722955-Module-3.pdf,"{""raw"": ""175. The earth's magnetic field is greatest at the\na) magnetic poles\nb) geographic poles\nc) magnetic equator"", ""question"": ""The earth's magnetic field is greatest at the"", ""options"": [""magnetic poles"", ""geographic poles"", ""magnetic equator""], ""correct"": null, ""answer_text"": null, ""category"": null, ""source_file"": ""261722955-Module-3.pdf"", ""source_module"": ""M3"", ""fmt"": ""pdf"", ""module"": ""M3"", ""difficulty"": ""EASY""}"
M3,,,"If a 1 ohm circuit produces a 50 W output, the phase angle is",0o,90o,45o,,,MEDIUM,,,,DRAFT,NEEDS_ANSWER — answer not provided in source; solve via Suntech corpus or admin review,1,261722955-Module-3.pdf,"{""raw"": ""176. If a 1 ohm circuit produces a 50 W output, the phase angle is\na) 0o\nb) 90o\nc) 45o\nPage 22\nModule 3 – Electrical Fundamentals\nSample Questions"", ""question"": ""If a 1 ohm circuit produces a 50 W output, the phase angle is"", ""options"": [""0o"", ""90o"", ""45o""], ""correct"": null, ""answer_text"": null, ""category"": null, ""source_file"": ""261722955-Module-3.pdf"", ""source_module"": ""M3"", ""fmt"": ""pdf"", ""module"": ""M3"", ""difficulty"": ""MEDIUM""}"
M3,,,"A series wound DC motor, the field has",few turns of thick wire,few turns of thin wire,many turns of thin wire,,,EASY,,,,DRAFT,NEEDS_ANSWER — answer not provided in source; solve via Suntech corpus or admin review,1,261722955-Module-3.pdf,"{""raw"": ""177. A series wound DC motor, the field has\na) few turns of thick wire\nb) few turns of thin wire\nc) many turns of thin wire"", ""question"": ""A series wound DC motor, the field has"", ""options"": [""few turns of thick wire"", ""few turns of thin wire"", ""many turns of thin wire""], ""correct"": null, ""answer_text"": null, ""category"": null, ""source_file"": ""261722955-Module-3.pdf"", ""source_module"": ""M3"", ""fmt"": ""pdf"", ""module"": ""M3"", ""difficulty"": ""EASY""}"
M3,M3.3.1,1,179. What is a molecule?,The smallest part of a compound,The smallest part of an electron,The smallest part of an atom,,,EASY,,,,DRAFT,NEEDS_ANSWER — answer not provided in source; solve via Suntech corpus or admin review,1,261722955-Module-3.pdf,"{""raw"": ""179. What is a molecule?\na) The smallest part of a compound\nb) The smallest part of an electron\nc) The smallest part of an atom"", ""question"": ""179. What is a molecule?"", ""options"": [""The smallest part of a compound"", ""The smallest part of an electron"", ""The smallest part of an atom""], ""correct"": null, ""answer_text"": null, ""category"": null, ""source_file"": ""261722955-Module-3.pdf"", ""source_module"": ""M3"", ""fmt"": ""pdf"", ""module"": ""M3"", ""syllabusRef"": ""M3.3.1"", ""level"": 1, ""difficulty"": ""EASY""}"
M3,M3.1.5,,A coulomb is,one ampere per second,one ampere x second,one second per ampere,,,EASY,,,,DRAFT,NEEDS_ANSWER — answer not provided in source; solve via Suntech corpus or admin review,1,261722955-Module-3.pdf,"{""raw"": ""180. A coulomb is\na) one ampere per second\nb) one ampere x second\nc) one second per ampere"", ""question"": ""A coulomb is"", ""options"": [""one ampere per second"", ""one ampere x second"", ""one second per ampere""], ""correct"": null, ""answer_text"": null, ""category"": null, ""source_file"": ""261722955-Module-3.pdf"", ""source_module"": ""M3"", ""fmt"": ""pdf"", ""module"": ""M3"", ""syllabusRef"": ""M3.1.5"", ""level"": null, ""difficulty"": ""EASY""}"
M3,M3.3.07(b),,In a circuit containing three resistors of equal value connected in,increase,decrease,remain the same,,,MEDIUM,,,,DRAFT,NEEDS_ANSWER — answer not provided in source; solve via Suntech corpus or admin review,1,261722955-Module-3.pdf,"{""raw"": ""181. In a circuit containing three resistors of equal value connected in\nparallel, one resistor goes open circuit. The current in the other two resistors\nwill\na) increase\nb) decrease\nc) remain the same"", ""question"": ""In a circuit containing three resistors of equal value connected in"", ""options"": [""increase"", ""decrease"", ""remain the same""], ""correct"": null, ""answer_text"": null, ""category"": null, ""source_file"": ""261722955-Module-3.pdf"", ""source_module"": ""M3"", ""fmt"": ""pdf"", ""module"": ""M3"", ""syllabusRef"": ""M3.3.07(b)"", ""level"": null, ""difficulty"": ""MEDIUM""}"
M3,M3.1.5,,182. 20 amperes flow for 20 seconds. How many coulombs has flowed?,400,20,1,,,MEDIUM,,,,DRAFT,NEEDS_ANSWER — answer not provided in source; solve via Suntech corpus or admin review,1,261722955-Module-3.pdf,"{""raw"": ""182. 20 amperes flow for 20 seconds. How many coulombs has flowed?\na) 400\nb) 20\nc) 1"", ""question"": ""182. 20 amperes flow for 20 seconds. How many coulombs has flowed?"", ""options"": [""400"", ""20"", ""1""], ""correct"": null, ""answer_text"": null, ""category"": null, ""source_file"": ""261722955-Module-3.pdf"", ""source_module"": ""M3"", ""fmt"": ""pdf"", ""module"": ""M3"", ""syllabusRef"": ""M3.1.5"", ""level"": null, ""difficulty"": ""MEDIUM""}"
M3,M3.1.5,,A neutron is a particle which is,contained within the nucleus of most atoms,orbits the nucleus of the atom,contained in the nucleus of all atoms,,,EASY,,,,DRAFT,NEEDS_ANSWER — answer not provided in source; solve via Suntech corpus or admin review,1,261722955-Module-3.pdf,"{""raw"": ""184. A neutron is a particle which is\na) contained within the nucleus of most atoms\nb) orbits the nucleus of the atom\nc) contained in the nucleus of all atoms"", ""question"": ""A neutron is a particle which is"", ""options"": [""contained within the nucleus of most atoms"", ""orbits the nucleus of the atom"", ""contained in the nucleus of all atoms""], ""correct"": null, ""answer_text"": null, ""category"": null, ""source_file"": ""261722955-Module-3.pdf"", ""source_module"": ""M3"", ""fmt"": ""pdf"", ""module"": ""M3"", ""syllabusRef"": ""M3.1.5"", ""level"": null, ""difficulty"": ""EASY""}"
M3,,,An electric current is a flow of,electrons from a positively charged area to a negatively charged area,protons from a positively charged area to a negatively charged area,electrons from a negatively charged area to a positively charged area,,,EASY,,,,DRAFT,NEEDS_ANSWER — answer not provided in source; solve via Suntech corpus or admin review,1,261722955-Module-3.pdf,"{""raw"": ""185. An electric current is a flow of\na) electrons from a positively charged area to a negatively charged area\nb) protons from a positively charged area to a negatively charged area\nc) electrons from a negatively charged area to a positively charged area\nPage 23\nModule 3 – Electrical Fundamentals\nSample Questions"", ""question"": ""An electric current is a flow of"", ""options"": [""electrons from a positively charged area to a negatively charged area"", ""protons from a positively charged area to a negatively charged area"", ""electrons from a negatively charged area to a positively charged area""], ""correct"": null, ""answer_text"": null, ""category"": null, ""source_file"": ""261722955-Module-3.pdf"", ""source_module"": ""M3"", ""fmt"": ""pdf"", ""module"": ""M3"", ""difficulty"": ""EASY""}"
M3,,,An element could be considered to be a conductor if it has,a large number of electrons,a large number of electrons in its outer orbit,a small number of electrons in its outer orbit,,,MEDIUM,,,,DRAFT,NEEDS_ANSWER — answer not provided in source; solve via Suntech corpus or admin review,1,261722955-Module-3.pdf,"{""raw"": ""186. An element could be considered to be a conductor if it has\na) a large number of electrons\nb) a large number of electrons in its outer orbit\nc) a small number of electrons in its outer orbit"", ""question"": ""An element could be considered to be a conductor if it has"", ""options"": [""a large number of electrons"", ""a large number of electrons in its outer orbit"", ""a small number of electrons in its outer orbit""], ""correct"": null, ""answer_text"": null, ""category"": null, ""source_file"": ""261722955-Module-3.pdf"", ""source_module"": ""M3"", ""fmt"": ""pdf"", ""module"": ""M3"", ""difficulty"": ""MEDIUM""}"
M3,M3.3.07(a),,A volt can be considered to be a,unit of electrical pressure,quantity of electrical energy,unit of electrical power,,,EASY,,,,DRAFT,NEEDS_ANSWER — answer not provided in source; solve via Suntech corpus or admin review,1,261722955-Module-3.pdf,"{""raw"": ""187. A volt can be considered to be a\na) unit of electrical pressure\nb) quantity of electrical energy\nc) unit of electrical power"", ""question"": ""A volt can be considered to be a"", ""options"": [""unit of electrical pressure"", ""quantity of electrical energy"", ""unit of electrical power""], ""correct"": null, ""answer_text"": null, ""category"": null, ""source_file"": ""261722955-Module-3.pdf"", ""source_module"": ""M3"", ""fmt"": ""pdf"", ""module"": ""M3"", ""syllabusRef"": ""M3.3.07(a)"", ""level"": null, ""difficulty"": ""EASY""}"
M3,M3.3.07(a),,If the resistance of an electrical circuit is increased,the voltage will increase,the current will increase,the current will decrease,,,MEDIUM,,,,DRAFT,NEEDS_ANSWER — answer not provided in source; solve via Suntech corpus or admin review,1,261722955-Module-3.pdf,"{""raw"": ""188. If the resistance of an electrical circuit is increased\na) the voltage will increase\nb) the current will increase\nc) the current will decrease"", ""question"": ""If the resistance of an electrical circuit is increased"", ""options"": [""the voltage will increase"", ""the current will increase"", ""the current will decrease""], ""correct"": null, ""answer_text"": null, ""category"": null, ""source_file"": ""261722955-Module-3.pdf"", ""source_module"": ""M3"", ""fmt"": ""pdf"", ""module"": ""M3"", ""syllabusRef"": ""M3.3.07(a)"", ""level"": null, ""difficulty"": ""MEDIUM""}"
M3,M3.1.5,,"If 2 coulombs flowed through a circuit in 2 seconds, the circuit would",2 volts PD,2 amps,1 amp,,,MEDIUM,,,,DRAFT,NEEDS_ANSWER — answer not provided in source; solve via Suntech corpus or admin review,1,261722955-Module-3.pdf,"{""raw"": ""189. If 2 coulombs flowed through a circuit in 2 seconds, the circuit would\nhave\na) 2 volts PD\nb) 2 amps\nc) 1 amp"", ""question"": ""If 2 coulombs flowed through a circuit in 2 seconds, the circuit would"", ""options"": [""2 volts PD"", ""2 amps"", ""1 amp""], ""correct"": null, ""answer_text"": null, ""category"": null, ""source_file"": ""261722955-Module-3.pdf"", ""source_module"": ""M3"", ""fmt"": ""pdf"", ""module"": ""M3"", ""syllabusRef"": ""M3.1.5"", ""level"": null, ""difficulty"": ""MEDIUM""}"
M3,M3.3.07(a),,"In general, increasing the cross sectional area of an electrical cable",enables it to carry more current,enables it to carry more voltage,increases its resistance,,,MEDIUM,,,,DRAFT,NEEDS_ANSWER — answer not provided in source; solve via Suntech corpus or admin review,1,261722955-Module-3.pdf,"{""raw"": ""190. In general, increasing the cross sectional area of an electrical cable\na) enables it to carry more current\nb) enables it to carry more voltage\nc) increases its resistance"", ""question"": ""In general, increasing the cross sectional area of an electrical cable"", ""options"": [""enables it to carry more current"", ""enables it to carry more voltage"", ""increases its resistance""], ""correct"": null, ""answer_text"": null, ""category"": null, ""source_file"": ""261722955-Module-3.pdf"", ""source_module"": ""M3"", ""fmt"": ""pdf"", ""module"": ""M3"", ""syllabusRef"": ""M3.3.07(a)"", ""level"": null, ""difficulty"": ""MEDIUM""}"
M3,M3.03.03,,Doubling the running time of an electrical machine would,double the joules used,double the watts used,double the current used,,,MEDIUM,,,,DRAFT,NEEDS_ANSWER — answer not provided in source; solve via Suntech corpus or admin review,1,261722955-Module-3.pdf,"{""raw"": ""191. Doubling the running time of an electrical machine would\na) double the joules used\nb) double the watts used\nc) double the current used"", ""question"": ""Doubling the running time of an electrical machine would"", ""options"": [""double the joules used"", ""double the watts used"", ""double the current used""], ""correct"": null, ""answer_text"": null, ""category"": null, ""source_file"": ""261722955-Module-3.pdf"", ""source_module"": ""M3"", ""fmt"": ""pdf"", ""module"": ""M3"", ""syllabusRef"": ""M3.03.03"", ""level"": null, ""difficulty"": ""MEDIUM""}"
M3,M3.1.5,,What is 3.25 volts in millivolts,3.25 millivolts,"3,250 millivolts","325,000 millivolts",,,EASY,,,,DRAFT,NEEDS_ANSWER — answer not provided in source; solve via Suntech corpus or admin review,1,261722955-Module-3.pdf,"{""raw"": ""192. What is 3.25 volts in millivolts\na) 3.25 millivolts\nb) 3,250 millivolts\nc) 325,000 millivolts"", ""question"": ""What is 3.25 volts in millivolts"", ""options"": [""3.25 millivolts"", ""3,250 millivolts"", ""325,000 millivolts""], ""correct"": null, ""answer_text"": null, ""category"": null, ""source_file"": ""261722955-Module-3.pdf"", ""source_module"": ""M3"", ""fmt"": ""pdf"", ""module"": ""M3"", ""syllabusRef"": ""M3.1.5"", ""level"": null, ""difficulty"": ""EASY""}"
M3,M3.1.5,,Electromotive force is measured in,Watts,Ohms,Volts,,,EASY,,,,DRAFT,NEEDS_ANSWER — answer not provided in source; solve via Suntech corpus or admin review,1,261722955-Module-3.pdf,"{""raw"": ""193. Electromotive force is measured in\na) Watts\nb) Ohms\nc) Volts"", ""question"": ""Electromotive force is measured in"", ""options"": [""Watts"", ""Ohms"", ""Volts""], ""correct"": null, ""answer_text"": null, ""category"": null, ""source_file"": ""261722955-Module-3.pdf"", ""source_module"": ""M3"", ""fmt"": ""pdf"", ""module"": ""M3"", ""syllabusRef"": ""M3.1.5"", ""level"": null, ""difficulty"": ""EASY""}"
M3,M3.3.07(b),,Six resistors each of 6 ohms would be,36 ohms in parallel,1 ohm in series,1 ohm in parallel,,,EASY,,,,DRAFT,NEEDS_ANSWER — answer not provided in source; solve via Suntech corpus or admin review,1,261722955-Module-3.pdf,"{""raw"": ""194. Six resistors each of 6 ohms would be\na) 36 ohms in parallel\nb) 1 ohm in series\nc) 1 ohm in parallel"", ""question"": ""Six resistors each of 6 ohms would be"", ""options"": [""36 ohms in parallel"", ""1 ohm in series"", ""1 ohm in parallel""], ""correct"": null, ""answer_text"": null, ""category"": null, ""source_file"": ""261722955-Module-3.pdf"", ""source_module"": ""M3"", ""fmt"": ""pdf"", ""module"": ""M3"", ""syllabusRef"": ""M3.3.07(b)"", ""level"": null, ""difficulty"": ""EASY""}"
M3,M3.3.1,1,The mass of an atom is contained mainly in the,electron,nucleus,proton,,,EASY,,,,DRAFT,NEEDS_ANSWER — answer not provided in source; solve via Suntech corpus or admin review,1,261722955-Module-3.pdf,"{""raw"": ""196. The mass of an atom is contained mainly in the\na) electron\nb) nucleus\nc) proton"", ""question"": ""The mass of an atom is contained mainly in the"", ""options"": [""electron"", ""nucleus"", ""proton""], ""correct"": null, ""answer_text"": null, ""category"": null, ""source_file"": ""261722955-Module-3.pdf"", ""source_module"": ""M3"", ""fmt"": ""pdf"", ""module"": ""M3"", ""syllabusRef"": ""M3.3.1"", ""level"": 1, ""difficulty"": ""EASY""}"
M3,,,The line voltage from a generator with a delta type connection will be,higher than the phase voltage,lower than the phase voltage,the same as the phase voltage,,,MEDIUM,,,,DRAFT,NEEDS_ANSWER — answer not provided in source; solve via Suntech corpus or admin review,1,261722955-Module-3.pdf,"{""raw"": ""197. The line voltage from a generator with a delta type connection will be\na) higher than the phase voltage\nb) lower than the phase voltage\nc) the same as the phase voltage"", ""question"": ""The line voltage from a generator with a delta type connection will be"", ""options"": [""higher than the phase voltage"", ""lower than the phase voltage"", ""the same as the phase voltage""], ""correct"": null, ""answer_text"": null, ""category"": null, ""source_file"": ""261722955-Module-3.pdf"", ""source_module"": ""M3"", ""fmt"": ""pdf"", ""module"": ""M3"", ""difficulty"": ""MEDIUM""}"
M3,,,"On a linear actuator, the field cutoff coil will be energized when",the actuator is running,the actuator is not running,only as the actuator commences movement,,,MEDIUM,,,,DRAFT,NEEDS_ANSWER — answer not provided in source; solve via Suntech corpus or admin review,1,261722955-Module-3.pdf,"{""raw"": ""198. On a linear actuator, the field cutoff coil will be energized when\na) the actuator is running\nb) the actuator is not running\nc) only as the actuator commences movement"", ""question"": ""On a linear actuator, the field cutoff coil will be energized when"", ""options"": [""the actuator is running"", ""the actuator is not running"", ""only as the actuator commences movement""], ""correct"": null, ""answer_text"": null, ""category"": null, ""source_file"": ""261722955-Module-3.pdf"", ""source_module"": ""M3"", ""fmt"": ""pdf"", ""module"": ""M3"", ""difficulty"": ""MEDIUM""}"
M3,,,Kirchhoff's law states,the algebraic sum of all the voltages entering or leaving a series of,the algebraic sum of all the currents entering or leaving a series of,the inverse sum of all the voltages entering or leaving a series of,,,EASY,,,,DRAFT,NEEDS_ANSWER — answer not provided in source; solve via Suntech corpus or admin review,1,261722955-Module-3.pdf,"{""raw"": ""199. Kirchhoff's law states\na) the algebraic sum of all the voltages entering or leaving a series of\ncomponents will be equal to zero\nb) the algebraic sum of all the currents entering or leaving a series of\ncomponents will be equal to one\nc) the inverse sum of all the voltages entering or leaving a series of\ncomponents will be equal to one"", ""question"": ""Kirchhoff's law states"", ""options"": [""the algebraic sum of all the voltages entering or leaving a series of"", ""the algebraic sum of all the currents entering or leaving a series of"", ""the inverse sum of all the voltages entering or leaving a series of""], ""correct"": null, ""answer_text"": null, ""category"": null, ""source_file"": ""261722955-Module-3.pdf"", ""source_module"": ""M3"", ""fmt"": ""pdf"", ""module"": ""M3"", ""difficulty"": ""EASY""}"
M3,,,The lines of magnetic flux from a magnet will,repel each other,attract each other,have no effect upon each other,,,EASY,,,,DRAFT,NEEDS_ANSWER — answer not provided in source; solve via Suntech corpus or admin review,1,261722955-Module-3.pdf,"{""raw"": ""200. The lines of magnetic flux from a magnet will\na) repel each other\nb) attract each other\nc) have no effect upon each other"", ""question"": ""The lines of magnetic flux from a magnet will"", ""options"": [""repel each other"", ""attract each other"", ""have no effect upon each other""], ""correct"": null, ""answer_text"": null, ""category"": null, ""source_file"": ""261722955-Module-3.pdf"", ""source_module"": ""M3"", ""fmt"": ""pdf"", ""module"": ""M3"", ""difficulty"": ""EASY""}"
M3,M3.03.04,,A photozoidal cell produces electricity when subjected to,light,heat,pressure,,,MEDIUM,,,,DRAFT,NEEDS_ANSWER — answer not provided in source; solve via Suntech corpus or admin review,1,261722955-Module-3.pdf,"{""raw"": ""201. A photozoidal cell produces electricity when subjected to\na) light\nb) heat\nc) pressure"", ""question"": ""A photozoidal cell produces electricity when subjected to"", ""options"": [""light"", ""heat"", ""pressure""], ""correct"": null, ""answer_text"": null, ""category"": null, ""source_file"": ""261722955-Module-3.pdf"", ""source_module"": ""M3"", ""fmt"": ""pdf"", ""module"": ""M3"", ""syllabusRef"": ""M3.03.04"", ""level"": null, ""difficulty"": ""MEDIUM""}"
M3,,,A thermocouple indicator is basically a type of,milliammeter,millivoltmeter,milliohmeter,,,EASY,,,,DRAFT,NEEDS_ANSWER — answer not provided in source; solve via Suntech corpus or admin review,1,261722955-Module-3.pdf,"{""raw"": ""202. A thermocouple indicator is basically a type of\na) milliammeter\nb) millivoltmeter\nc) milliohmeter"", ""question"": ""A thermocouple indicator is basically a type of"", ""options"": [""milliammeter"", ""millivoltmeter"", ""milliohmeter""], ""correct"": null, ""answer_text"": null, ""category"": null, ""source_file"": ""261722955-Module-3.pdf"", ""source_module"": ""M3"", ""fmt"": ""pdf"", ""module"": ""M3"", ""difficulty"": ""EASY""}"
M3,,,An electric motor produces a force of 5 N at a distance of 0.2m from,100 horsepower,628.4 watts,314.2 watts,,,MEDIUM,,,,DRAFT,NEEDS_ANSWER — answer not provided in source; solve via Suntech corpus or admin review,1,261722955-Module-3.pdf,"{""raw"": ""203. An electric motor produces a force of 5 N at a distance of 0.2m from\nthe centre of rotation and rotates at a speed of 100 revs/sec. The motors\noutput is\na) 100 horsepower\nb) 628.4 watts\nc) 314.2 watts"", ""question"": ""An electric motor produces a force of 5 N at a distance of 0.2m from"", ""options"": [""100 horsepower"", ""628.4 watts"", ""314.2 watts""], ""correct"": null, ""answer_text"": null, ""category"": null, ""source_file"": ""261722955-Module-3.pdf"", ""source_module"": ""M3"", ""fmt"": ""pdf"", ""module"": ""M3"", ""difficulty"": ""MEDIUM""}"
M3,,,Starter motors are usually,series wound,compound wound,shunt wound,,,EASY,,,,DRAFT,NEEDS_ANSWER — answer not provided in source; solve via Suntech corpus or admin review,1,261722955-Module-3.pdf,"{""raw"": ""205. Starter motors are usually\na) series wound\nb) compound wound\nc) shunt wound"", ""question"": ""Starter motors are usually"", ""options"": [""series wound"", ""compound wound"", ""shunt wound""], ""correct"": null, ""answer_text"": null, ""category"": null, ""source_file"": ""261722955-Module-3.pdf"", ""source_module"": ""M3"", ""fmt"": ""pdf"", ""module"": ""M3"", ""difficulty"": ""EASY""}"
M3,,,shorted together?,measure the input voltage with an ohmmeter,the transformer will get hot in normal operation,the output voltage will be high,,,EASY,206. How can it be determined if a transformer winding has some of its turns,,,DRAFT,NEEDS_ANSWER — answer not provided in source; solve via Suntech corpus or admin review,1,261722955-Module-3.pdf,"{""raw"": ""206. How can it be determined if a transformer winding has some of its turns\nshorted together?\na) measure the input voltage with an ohmmeter\nb) the transformer will get hot in normal operation\nc) the output voltage will be high"", ""question"": ""shorted together?"", ""options"": [""measure the input voltage with an ohmmeter"", ""the transformer will get hot in normal operation"", ""the output voltage will be high""], ""correct"": null, ""answer_text"": null, ""category"": ""206. How can it be determined if a transformer winding has some of its turns"", ""source_file"": ""261722955-Module-3.pdf"", ""source_module"": ""M3"", ""fmt"": ""pdf"", ""module"": ""M3"", ""difficulty"": ""EASY""}"
M3,,,208. What does a rectifier do?,Changes direct current into alternating current,Changes alternating current into direct current,Reduces voltage,,,EASY,,,,DRAFT,NEEDS_ANSWER — answer not provided in source; solve via Suntech corpus or admin review,1,261722955-Module-3.pdf,"{""raw"": ""208. What does a rectifier do?\na) Changes direct current into alternating current\nb) Changes alternating current into direct current\nc) Reduces voltage"", ""question"": ""208. What does a rectifier do?"", ""options"": [""Changes direct current into alternating current"", ""Changes alternating current into direct current"", ""Reduces voltage""], ""correct"": null, ""answer_text"": null, ""category"": null, ""source_file"": ""261722955-Module-3.pdf"", ""source_module"": ""M3"", ""fmt"": ""pdf"", ""module"": ""M3"", ""difficulty"": ""EASY""}"
M3,M3.03.03,,Two 12V 40 amp hour batteries connected in parallel will produce,24V 80 ah,12V 80 ah,24V 40 ah,,,MEDIUM,,,,DRAFT,NEEDS_ANSWER — answer not provided in source; solve via Suntech corpus or admin review,1,261722955-Module-3.pdf,"{""raw"": ""209. Two 12V 40 amp hour batteries connected in parallel will produce\na) 24V 80 ah\nb) 12V 80 ah\nc) 24V 40 ah"", ""question"": ""Two 12V 40 amp hour batteries connected in parallel will produce"", ""options"": [""24V 80 ah"", ""12V 80 ah"", ""24V 40 ah""], ""correct"": null, ""answer_text"": null, ""category"": null, ""source_file"": ""261722955-Module-3.pdf"", ""source_module"": ""M3"", ""fmt"": ""pdf"", ""module"": ""M3"", ""syllabusRef"": ""M3.03.03"", ""level"": null, ""difficulty"": ""MEDIUM""}"
M3,M3.3.1,1,When an atom loses or gains an electron it is called,a current,an ion,a molecule,,,MEDIUM,,,,DRAFT,NEEDS_ANSWER — answer not provided in source; solve via Suntech corpus or admin review,1,261722955-Module-3.pdf,"{""raw"": ""210. When an atom loses or gains an electron it is called\na) a current\nb) an ion\nc) a molecule"", ""question"": ""When an atom loses or gains an electron it is called"", ""options"": [""a current"", ""an ion"", ""a molecule""], ""correct"": null, ""answer_text"": null, ""category"": null, ""source_file"": ""261722955-Module-3.pdf"", ""source_module"": ""M3"", ""fmt"": ""pdf"", ""module"": ""M3"", ""syllabusRef"": ""M3.3.1"", ""level"": 1, ""difficulty"": ""MEDIUM""}"
M3,M3.03.07,,A circuit has a resistance of 50 ohms and an inductance of 0.2 Henry.,31.42 ohms,62.84 ohms,6.284 ohms,,,MEDIUM,,,,DRAFT,NEEDS_ANSWER — answer not provided in source; solve via Suntech corpus or admin review,1,261722955-Module-3.pdf,"{""raw"": ""211. A circuit has a resistance of 50 ohms and an inductance of 0.2 Henry.\nIf it is connected to a 200 volt 50 Hz supply the reactance will be\na) 31.42 ohms\nb) 62.84 ohms\nc) 6.284 ohms"", ""question"": ""A circuit has a resistance of 50 ohms and an inductance of 0.2 Henry."", ""options"": [""31.42 ohms"", ""62.84 ohms"", ""6.284 ohms""], ""correct"": null, ""answer_text"": null, ""category"": null, ""source_file"": ""261722955-Module-3.pdf"", ""source_module"": ""M3"", ""fmt"": ""pdf"", ""module"": ""M3"", ""syllabusRef"": ""M3.03.07"", ""level"": null, ""difficulty"": ""MEDIUM""}"
M3,M3.1.5,,A 24-volt source is required to furnish 48 watts to a parallel circuit,12 volts,24 volts,3 volts,,,MEDIUM,,,,DRAFT,NEEDS_ANSWER — answer not provided in source; solve via Suntech corpus or admin review,1,261722955-Module-3.pdf,"{""raw"": ""212. A 24-volt source is required to furnish 48 watts to a parallel circuit\nconsisting of four resistors of equal value. What is the voltage drop across\neach resistor?\na) 12 volts\nb) 24 volts\nc) 3 volts"", ""question"": ""A 24-volt source is required to furnish 48 watts to a parallel circuit"", ""options"": [""12 volts"", ""24 volts"", ""3 volts""], ""correct"": null, ""answer_text"": null, ""category"": null, ""source_file"": ""261722955-Module-3.pdf"", ""source_module"": ""M3"", ""fmt"": ""pdf"", ""module"": ""M3"", ""syllabusRef"": ""M3.1.5"", ""level"": null, ""difficulty"": ""MEDIUM""}"
M3,M3.3.2,2,Of the following which pair of materials would most readily become,copper and steel,nickel and bronze,iron and steel,,,MEDIUM,,,,DRAFT,NEEDS_ANSWER — answer not provided in source; solve via Suntech corpus or admin review,1,261722955-Module-3.pdf,"{""raw"": ""213. Of the following which pair of materials would most readily become\nmagnetized?\na) copper and steel\nb) nickel and bronze\nc) iron and steel\nPage 26\nModule 3 – Electrical Fundamentals\nSample Questions"", ""question"": ""Of the following which pair of materials would most readily become"", ""options"": [""copper and steel"", ""nickel and bronze"", ""iron and steel""], ""correct"": null, ""answer_text"": null, ""category"": null, ""source_file"": ""261722955-Module-3.pdf"", ""source_module"": ""M3"", ""fmt"": ""pdf"", ""module"": ""M3"", ""syllabusRef"": ""M3.3.2"", ""level"": 2, ""difficulty"": ""MEDIUM""}"
M3,M3.03.07,,The formula for resistance in series is,RT = R1 + R2 + R3...RN,RT = R1 x R2 x R3...RN,1/RT = 1/ (R1 x R2 x R3 ...RN),,,EASY,,,,DRAFT,NEEDS_ANSWER — answer not provided in source; solve via Suntech corpus or admin review,1,261722955-Module-3.pdf,"{""raw"": ""214. The formula for resistance in series is\na) RT = R1 + R2 + R3...RN\nb) RT = R1 x R2 x R3...RN\nc) 1/RT = 1/ (R1 x R2 x R3 ...RN)"", ""question"": ""The formula for resistance in series is"", ""options"": [""RT = R1 + R2 + R3...RN"", ""RT = R1 x R2 x R3...RN"", ""1/RT = 1/ (R1 x R2 x R3 ...RN)""], ""correct"": null, ""answer_text"": null, ""category"": null, ""source_file"": ""261722955-Module-3.pdf"", ""source_module"": ""M3"", ""fmt"": ""pdf"", ""module"": ""M3"", ""syllabusRef"": ""M3.03.07"", ""level"": null, ""difficulty"": ""EASY""}"
M3,M3.1.5,,The core material used for an electromagnet is soft iron because,it demagnetizes easily,its magnetism is not easily destroyed,it retains most of its flux density when demagnetized,,,MEDIUM,,,,DRAFT,NEEDS_ANSWER — answer not provided in source; solve via Suntech corpus or admin review,1,261722955-Module-3.pdf,"{""raw"": ""215. The core material used for an electromagnet is soft iron because\na) it demagnetizes easily\nb) its magnetism is not easily destroyed\nc) it retains most of its flux density when demagnetized"", ""question"": ""The core material used for an electromagnet is soft iron because"", ""options"": [""it demagnetizes easily"", ""its magnetism is not easily destroyed"", ""it retains most of its flux density when demagnetized""], ""correct"": null, ""answer_text"": null, ""category"": null, ""source_file"": ""261722955-Module-3.pdf"", ""source_module"": ""M3"", ""fmt"": ""pdf"", ""module"": ""M3"", ""syllabusRef"": ""M3.1.5"", ""level"": null, ""difficulty"": ""MEDIUM""}"
M3,M3.3.2,2,connected in parallel?,24 ohm,2.4 ohm,0.24 ohm,,,EASY,216. What is the combined value of resistances of 4 ohm and 6 ohm,,,DRAFT,NEEDS_ANSWER — answer not provided in source; solve via Suntech corpus or admin review,1,261722955-Module-3.pdf,"{""raw"": ""216. What is the combined value of resistances of 4 ohm and 6 ohm\nconnected in parallel?\na) 24 ohm\nb) 2.4 ohm\nc) 0.24 ohm"", ""question"": ""connected in parallel?"", ""options"": [""24 ohm"", ""2.4 ohm"", ""0.24 ohm""], ""correct"": null, ""answer_text"": null, ""category"": ""216. What is the combined value of resistances of 4 ohm and 6 ohm"", ""source_file"": ""261722955-Module-3.pdf"", ""source_module"": ""M3"", ""fmt"": ""pdf"", ""module"": ""M3"", ""syllabusRef"": ""M3.3.2"", ""level"": 2, ""difficulty"": ""EASY""}"
M3,,,Permanent magnets in an AC generator are,to provide initial excitation,to control the frequency,to rectify the current,,,EASY,,,,DRAFT,NEEDS_ANSWER — answer not provided in source; solve via Suntech corpus or admin review,1,261722955-Module-3.pdf,"{""raw"": ""217. Permanent magnets in an AC generator are\na) to provide initial excitation\nb) to control the frequency\nc) to rectify the current"", ""question"": ""Permanent magnets in an AC generator are"", ""options"": [""to provide initial excitation"", ""to control the frequency"", ""to rectify the current""], ""correct"": null, ""answer_text"": null, ""category"": null, ""source_file"": ""261722955-Module-3.pdf"", ""source_module"": ""M3"", ""fmt"": ""pdf"", ""module"": ""M3"", ""difficulty"": ""EASY""}"
M3,,,Generator brushes are normally made of,carbon,brass,steel,,,EASY,,,,DRAFT,NEEDS_ANSWER — answer not provided in source; solve via Suntech corpus or admin review,1,261722955-Module-3.pdf,"{""raw"": ""219. Generator brushes are normally made of\na) carbon\nb) brass\nc) steel"", ""question"": ""Generator brushes are normally made of"", ""options"": [""carbon"", ""brass"", ""steel""], ""correct"": null, ""answer_text"": null, ""category"": null, ""source_file"": ""261722955-Module-3.pdf"", ""source_module"": ""M3"", ""fmt"": ""pdf"", ""module"": ""M3"", ""difficulty"": ""EASY""}"
M3,M3.03.07,,If the voltage across a resistor is doubled,the current is doubled,the resistance is halved,the current is halved,,,EASY,,,,DRAFT,NEEDS_ANSWER — answer not provided in source; solve via Suntech corpus or admin review,1,261722955-Module-3.pdf,"{""raw"": ""220. If the voltage across a resistor is doubled\na) the current is doubled\nb) the resistance is halved\nc) the current is halved"", ""question"": ""If the voltage across a resistor is doubled"", ""options"": [""the current is doubled"", ""the resistance is halved"", ""the current is halved""], ""correct"": null, ""answer_text"": null, ""category"": null, ""source_file"": ""261722955-Module-3.pdf"", ""source_module"": ""M3"", ""fmt"": ""pdf"", ""module"": ""M3"", ""syllabusRef"": ""M3.03.07"", ""level"": null, ""difficulty"": ""EASY""}"
M3,M3.3.2,2,"As the generator load is increases (within its rated capacity), the",remain constant and the amperage output will decrease,decrease and the amperage output will increase,remain constant and the amperage output will increase,,,MEDIUM,,,,DRAFT,NEEDS_ANSWER — answer not provided in source; solve via Suntech corpus or admin review,1,261722955-Module-3.pdf,"{""raw"": ""221. As the generator load is increases (within its rated capacity), the\nvoltage will\na) remain constant and the amperage output will decrease\nb) decrease and the amperage output will increase\nc) remain constant and the amperage output will increase"", ""question"": ""As the generator load is increases (within its rated capacity), the"", ""options"": [""remain constant and the amperage output will decrease"", ""decrease and the amperage output will increase"", ""remain constant and the amperage output will increase""], ""correct"": null, ""answer_text"": null, ""category"": null, ""source_file"": ""261722955-Module-3.pdf"", ""source_module"": ""M3"", ""fmt"": ""pdf"", ""module"": ""M3"", ""syllabusRef"": ""M3.3.2"", ""level"": 2, ""difficulty"": ""MEDIUM""}"
M3,M3.3.07(b),,"If a number of resistors are connected in parallel, the total resistance is",the same as the lowest,smaller than the lowest,greater than the lowest,,,MEDIUM,,,,DRAFT,NEEDS_ANSWER — answer not provided in source; solve via Suntech corpus or admin review,1,261722955-Module-3.pdf,"{""raw"": ""222. If a number of resistors are connected in parallel, the total resistance is\na) the same as the lowest\nb) smaller than the lowest\nc) greater than the lowest\nPage 27\nModule 3 – Electrical Fundamentals\nSample Questions"", ""question"": ""If a number of resistors are connected in parallel, the total resistance is"", ""options"": [""the same as the lowest"", ""smaller than the lowest"", ""greater than the lowest""], ""correct"": null, ""answer_text"": null, ""category"": null, ""source_file"": ""261722955-Module-3.pdf"", ""source_module"": ""M3"", ""fmt"": ""pdf"", ""module"": ""M3"", ""syllabusRef"": ""M3.3.07(b)"", ""level"": null, ""difficulty"": ""MEDIUM""}"
M3,,,A charged body is said to have,a surplus or deficiency of electrons,a surplus of protons,a deficiency of neutrons,,,EASY,,,,DRAFT,NEEDS_ANSWER — answer not provided in source; solve via Suntech corpus or admin review,1,261722955-Module-3.pdf,"{""raw"": ""223. A charged body is said to have\na) a surplus or deficiency of electrons\nb) a surplus of protons\nc) a deficiency of neutrons"", ""question"": ""A charged body is said to have"", ""options"": [""a surplus or deficiency of electrons"", ""a surplus of protons"", ""a deficiency of neutrons""], ""correct"": null, ""answer_text"": null, ""category"": null, ""source_file"": ""261722955-Module-3.pdf"", ""source_module"": ""M3"", ""fmt"": ""pdf"", ""module"": ""M3"", ""difficulty"": ""EASY""}"
M3,M3.3.2,2,The ratio between apparent power and true power is the,efficiency,power rating,power factor,,,MEDIUM,,,,DRAFT,NEEDS_ANSWER — answer not provided in source; solve via Suntech corpus or admin review,1,261722955-Module-3.pdf,"{""raw"": ""224. The ratio between apparent power and true power is the\na) efficiency\nb) power rating\nc) power factor"", ""question"": ""The ratio between apparent power and true power is the"", ""options"": [""efficiency"", ""power rating"", ""power factor""], ""correct"": null, ""answer_text"": null, ""category"": null, ""source_file"": ""261722955-Module-3.pdf"", ""source_module"": ""M3"", ""fmt"": ""pdf"", ""module"": ""M3"", ""syllabusRef"": ""M3.3.2"", ""level"": 2, ""difficulty"": ""MEDIUM""}"
M3,M3.03.07,,The voltage output of a generator is controlled by,varying the current of the output,varying the resistance of the output,varying the current of the field,,,MEDIUM,,,,DRAFT,NEEDS_ANSWER — answer not provided in source; solve via Suntech corpus or admin review,1,261722955-Module-3.pdf,"{""raw"": ""225. The voltage output of a generator is controlled by\na) varying the current of the output\nb) varying the resistance of the output\nc) varying the current of the field"", ""question"": ""The voltage output of a generator is controlled by"", ""options"": [""varying the current of the output"", ""varying the resistance of the output"", ""varying the current of the field""], ""correct"": null, ""answer_text"": null, ""category"": null, ""source_file"": ""261722955-Module-3.pdf"", ""source_module"": ""M3"", ""fmt"": ""pdf"", ""module"": ""M3"", ""syllabusRef"": ""M3.03.07"", ""level"": null, ""difficulty"": ""MEDIUM""}"
M3,,,"The total current flowing in a circuit of 200 lamps in parallel, each of a",50 amps,25 amps,40 amps,,,MEDIUM,,,,DRAFT,NEEDS_ANSWER — answer not provided in source; solve via Suntech corpus or admin review,1,261722955-Module-3.pdf,"{""raw"": ""226. The total current flowing in a circuit of 200 lamps in parallel, each of a\nresistance of 400 ohm and connected across an input of 100 volts is\na) 50 amps\nb) 25 amps\nc) 40 amps"", ""question"": ""The total current flowing in a circuit of 200 lamps in parallel, each of a"", ""options"": [""50 amps"", ""25 amps"", ""40 amps""], ""correct"": null, ""answer_text"": null, ""category"": null, ""source_file"": ""261722955-Module-3.pdf"", ""source_module"": ""M3"", ""fmt"": ""pdf"", ""module"": ""M3"", ""difficulty"": ""MEDIUM""}"
M3,M3.03.07,,The current flowing in the armature of a DC motor is equal to,(applied volts - generated volts) x armature resistance,applied volts + generated volts,applied volts - generated volts,,,MEDIUM,,,,DRAFT,NEEDS_ANSWER — answer not provided in source; solve via Suntech corpus or admin review,1,261722955-Module-3.pdf,"{""raw"": ""227. The current flowing in the armature of a DC motor is equal to\na) (applied volts - generated volts) x armature resistance\nb) applied volts + generated volts\narmature resistance\nc) applied volts - generated volts\narmature resistance"", ""question"": ""The current flowing in the armature of a DC motor is equal to"", ""options"": [""(applied volts - generated volts) x armature resistance"", ""applied volts + generated volts"", ""applied volts - generated volts""], ""correct"": null, ""answer_text"": null, ""category"": null, ""source_file"": ""261722955-Module-3.pdf"", ""source_module"": ""M3"", ""fmt"": ""pdf"", ""module"": ""M3"", ""syllabusRef"": ""M3.03.07"", ""level"": null, ""difficulty"": ""MEDIUM""}"
M3,M3.03.07,,In the circuit shown the 24 volt battery has an internal resistance of 1,1 ohm,2 ohms,6 ohms,,,MEDIUM,,,,DRAFT,NEEDS_ANSWER — answer not provided in source; solve via Suntech corpus or admin review,1,261722955-Module-3.pdf,"{""raw"": ""228. In the circuit shown the 24 volt battery has an internal resistance of 1\nohm and the ammeter indicates a current of 12 amperes. The value of the\nload resistance is\na) 1 ohm\nb) 2 ohms\nc) 6 ohms"", ""question"": ""In the circuit shown the 24 volt battery has an internal resistance of 1"", ""options"": [""1 ohm"", ""2 ohms"", ""6 ohms""], ""correct"": null, ""answer_text"": null, ""category"": null, ""source_file"": ""261722955-Module-3.pdf"", ""source_module"": ""M3"", ""fmt"": ""pdf"", ""module"": ""M3"", ""syllabusRef"": ""M3.03.07"", ""level"": null, ""difficulty"": ""MEDIUM""}"
M3,M3.03.03,,One advantage of using Ac electrical power in aircraft is,the greater ease in stepping the voltage up or down,AC electrical motors can be reversed while dc motors cannot,the effective voltage is 1.41 times the maximum instantaneous voltage;,,,MEDIUM,,,,DRAFT,NEEDS_ANSWER — answer not provided in source; solve via Suntech corpus or admin review,1,261722955-Module-3.pdf,"{""raw"": ""229. One advantage of using Ac electrical power in aircraft is\na) the greater ease in stepping the voltage up or down\nb) AC electrical motors can be reversed while dc motors cannot\nc) the effective voltage is 1.41 times the maximum instantaneous voltage;\ntherefore, less power input is required\nPage 28\nModule 3 – Electrical Fundamentals\nSample Questions"", ""question"": ""One advantage of using Ac electrical power in aircraft is"", ""options"": [""the greater ease in stepping the voltage up or down"", ""AC electrical motors can be reversed while dc motors cannot"", ""the effective voltage is 1.41 times the maximum instantaneous voltage;""], ""correct"": null, ""answer_text"": null, ""category"": null, ""source_file"": ""261722955-Module-3.pdf"", ""source_module"": ""M3"", ""fmt"": ""pdf"", ""module"": ""M3"", ""syllabusRef"": ""M3.03.03"", ""level"": null, ""difficulty"": ""MEDIUM""}"
M3,M3.3.2,2,The amount of electricity a capacitor can store is directly proportional to,distance between the plates and inversely proportional to the plate,plate area and is not affected by the distance between the plates,plate area and inversely proportional to the distance between the,,,MEDIUM,,,,DRAFT,NEEDS_ANSWER — answer not provided in source; solve via Suntech corpus or admin review,1,261722955-Module-3.pdf,"{""raw"": ""231. The amount of electricity a capacitor can store is directly proportional to\nthe\na) distance between the plates and inversely proportional to the plate\narea\nb) plate area and is not affected by the distance between the plates\nc) plate area and inversely proportional to the distance between the\nplates"", ""question"": ""The amount of electricity a capacitor can store is directly proportional to"", ""options"": [""distance between the plates and inversely proportional to the plate"", ""plate area and is not affected by the distance between the plates"", ""plate area and inversely proportional to the distance between the""], ""correct"": null, ""answer_text"": null, ""category"": null, ""source_file"": ""261722955-Module-3.pdf"", ""source_module"": ""M3"", ""fmt"": ""pdf"", ""module"": ""M3"", ""syllabusRef"": ""M3.3.2"", ""level"": 2, ""difficulty"": ""MEDIUM""}"
M3,M3.1.5,,current as it leaves the generator?,a commutator,an inverter,a rectifier,,,EASY,"233. What device is used to convert alternating current, which has been",,,DRAFT,NEEDS_ANSWER — answer not provided in source; solve via Suntech corpus or admin review,1,261722955-Module-3.pdf,"{""raw"": ""233. What device is used to convert alternating current, which has been\ninduced into the loops of the rotating armature of a DC generator into direct\ncurrent as it leaves the generator?\na) a commutator\nb) an inverter\nc) a rectifier"", ""question"": ""current as it leaves the generator?"", ""options"": [""a commutator"", ""an inverter"", ""a rectifier""], ""correct"": null, ""answer_text"": null, ""category"": ""233. What device is used to convert alternating current, which has been"", ""source_file"": ""261722955-Module-3.pdf"", ""source_module"": ""M3"", ""fmt"": ""pdf"", ""module"": ""M3"", ""syllabusRef"": ""M3.1.5"", ""level"": null, ""difficulty"": ""EASY""}"
M3,M3.03.03,,Two similar 12 v batteries connected in parallel will produce,24V e.m.f. with twice the capacity of each battery,24v e.m.f. with the same capacity as each battery,12V e.m.f. with twice the capacity of each battery,,,MEDIUM,,,,DRAFT,NEEDS_ANSWER — answer not provided in source; solve via Suntech corpus or admin review,1,261722955-Module-3.pdf,"{""raw"": ""234. Two similar 12 v batteries connected in parallel will produce\na) 24V e.m.f. with twice the capacity of each battery\nb) 24v e.m.f. with the same capacity as each battery\nc) 12V e.m.f. with twice the capacity of each battery"", ""question"": ""Two similar 12 v batteries connected in parallel will produce"", ""options"": [""24V e.m.f. with twice the capacity of each battery"", ""24v e.m.f. with the same capacity as each battery"", ""12V e.m.f. with twice the capacity of each battery""], ""correct"": null, ""answer_text"": null, ""category"": null, ""source_file"": ""261722955-Module-3.pdf"", ""source_module"": ""M3"", ""fmt"": ""pdf"", ""module"": ""M3"", ""syllabusRef"": ""M3.03.03"", ""level"": null, ""difficulty"": ""MEDIUM""}"
M3,M3.1.5,,"Unless otherwise specified, any values given for current or voltage in",maximum values,effective values,instantaneous values,,,MEDIUM,,,,DRAFT,NEEDS_ANSWER — answer not provided in source; solve via Suntech corpus or admin review,1,261722955-Module-3.pdf,"{""raw"": ""235. Unless otherwise specified, any values given for current or voltage in\nan AC circuit are assumed to be\na) maximum values\nb) effective values\nc) instantaneous values"", ""question"": ""Unless otherwise specified, any values given for current or voltage in"", ""options"": [""maximum values"", ""effective values"", ""instantaneous values""], ""correct"": null, ""answer_text"": null, ""category"": null, ""source_file"": ""261722955-Module-3.pdf"", ""source_module"": ""M3"", ""fmt"": ""pdf"", ""module"": ""M3"", ""syllabusRef"": ""M3.1.5"", ""level"": null, ""difficulty"": ""MEDIUM""}"
M3,M3.03.08,,In a vector diagram showing the magnitude and direction of the,the inductive reactance would be in opposition to the capacitive,the inductive and capacitance reactance would be additive with the,it is impossible to show values of this kind using vectors,,,MEDIUM,,,,DRAFT,NEEDS_ANSWER — answer not provided in source; solve via Suntech corpus or admin review,1,261722955-Module-3.pdf,"{""raw"": ""237. In a vector diagram showing the magnitude and direction of the\ninductance, capacitance and resistance in an AC circuit\na) the inductive reactance would be in opposition to the capacitive\nreactance and resistance at 90 degrees\nb) the inductive and capacitance reactance would be additive with the\nresistance subtractive\nc) it is impossible to show values of this kind using vectors\nPage 29\nModule 3 – Electrical Fundamentals\nSample Questions"", ""question"": ""In a vector diagram showing the magnitude and direction of the"", ""options"": [""the inductive reactance would be in opposition to the capacitive"", ""the inductive and capacitance reactance would be additive with the"", ""it is impossible to show values of this kind using vectors""], ""correct"": null, ""answer_text"": null, ""category"": null, ""source_file"": ""261722955-Module-3.pdf"", ""source_module"": ""M3"", ""fmt"": ""pdf"", ""module"": ""M3"", ""syllabusRef"": ""M3.03.08"", ""level"": null, ""difficulty"": ""MEDIUM""}"
M3,,,"If service No. 1 is isolated from the supply busbar shown, there will be",an increase in supply voltage,a decrease in supply voltage,a decrease in total current consumption,,,MEDIUM,,,,DRAFT,NEEDS_ANSWER — answer not provided in source; solve via Suntech corpus or admin review,1,261722955-Module-3.pdf,"{""raw"": ""238. If service No. 1 is isolated from the supply busbar shown, there will be\na) an increase in supply voltage\nb) a decrease in supply voltage\nc) a decrease in total current consumption"", ""question"": ""If service No. 1 is isolated from the supply busbar shown, there will be"", ""options"": [""an increase in supply voltage"", ""a decrease in supply voltage"", ""a decrease in total current consumption""], ""correct"": null, ""answer_text"": null, ""category"": null, ""source_file"": ""261722955-Module-3.pdf"", ""source_module"": ""M3"", ""fmt"": ""pdf"", ""module"": ""M3"", ""difficulty"": ""MEDIUM""}"
M3,M3.3.07(a),,An increase in operating temperature in most electrical devices,an increase in resistance and a decrease in current,a decrease in resistance and an increase in current,no effect on the resistance and current,,,MEDIUM,,,,DRAFT,NEEDS_ANSWER — answer not provided in source; solve via Suntech corpus or admin review,1,261722955-Module-3.pdf,"{""raw"": ""239. An increase in operating temperature in most electrical devices\ncarrying current results in\na) an increase in resistance and a decrease in current\nb) a decrease in resistance and an increase in current\nc) no effect on the resistance and current"", ""question"": ""An increase in operating temperature in most electrical devices"", ""options"": [""an increase in resistance and a decrease in current"", ""a decrease in resistance and an increase in current"", ""no effect on the resistance and current""], ""correct"": null, ""answer_text"": null, ""category"": null, ""source_file"": ""261722955-Module-3.pdf"", ""source_module"": ""M3"", ""fmt"": ""pdf"", ""module"": ""M3"", ""syllabusRef"": ""M3.3.07(a)"", ""level"": null, ""difficulty"": ""MEDIUM""}"
M3,,,The voltage of a secondary cell is,determined by the number of plates,determined by the area of the plates,determined by the active materials on the plates,,,EASY,,,,DRAFT,NEEDS_ANSWER — answer not provided in source; solve via Suntech corpus or admin review,1,261722955-Module-3.pdf,"{""raw"": ""240. The voltage of a secondary cell is\na) determined by the number of plates\nb) determined by the area of the plates\nc) determined by the active materials on the plates"", ""question"": ""The voltage of a secondary cell is"", ""options"": [""determined by the number of plates"", ""determined by the area of the plates"", ""determined by the active materials on the plates""], ""correct"": null, ""answer_text"": null, ""category"": null, ""source_file"": ""261722955-Module-3.pdf"", ""source_module"": ""M3"", ""fmt"": ""pdf"", ""module"": ""M3"", ""difficulty"": ""EASY""}"
M3,M3.03.08,,The basis for transformer operation in the use of alternating current is,reactance,inductance,capacitance,,,MEDIUM,,,,DRAFT,NEEDS_ANSWER — answer not provided in source; solve via Suntech corpus or admin review,1,261722955-Module-3.pdf,"{""raw"": ""241. The basis for transformer operation in the use of alternating current is\nmutual\na) reactance\nb) inductance\nc) capacitance"", ""question"": ""The basis for transformer operation in the use of alternating current is"", ""options"": [""reactance"", ""inductance"", ""capacitance""], ""correct"": null, ""answer_text"": null, ""category"": null, ""source_file"": ""261722955-Module-3.pdf"", ""source_module"": ""M3"", ""fmt"": ""pdf"", ""module"": ""M3"", ""syllabusRef"": ""M3.03.08"", ""level"": null, ""difficulty"": ""MEDIUM""}"
M3,,,The exciter winding in a brushless AC generator is supplied with,permanent magnets,the busbar,a rotating generator integrally mounted on the same shaft as the AC,,,MEDIUM,,,,DRAFT,NEEDS_ANSWER — answer not provided in source; solve via Suntech corpus or admin review,1,261722955-Module-3.pdf,"{""raw"": ""242. The exciter winding in a brushless AC generator is supplied with\nelectrical power from\na) permanent magnets\nb) the busbar\nc) a rotating generator integrally mounted on the same shaft as the AC\nwindings"", ""question"": ""The exciter winding in a brushless AC generator is supplied with"", ""options"": [""permanent magnets"", ""the busbar"", ""a rotating generator integrally mounted on the same shaft as the AC""], ""correct"": null, ""answer_text"": null, ""category"": null, ""source_file"": ""261722955-Module-3.pdf"", ""source_module"": ""M3"", ""fmt"": ""pdf"", ""module"": ""M3"", ""difficulty"": ""MEDIUM""}"
M3,,,"If the cross-sectional area of a conductor is doubled, with voltage",halve,double,remain constant,,,MEDIUM,,,,DRAFT,NEEDS_ANSWER — answer not provided in source; solve via Suntech corpus or admin review,1,261722955-Module-3.pdf,"{""raw"": ""243. If the cross-sectional area of a conductor is doubled, with voltage\nconstant, the current will\na) halve\nb) double\nc) remain constant"", ""question"": ""If the cross-sectional area of a conductor is doubled, with voltage"", ""options"": [""halve"", ""double"", ""remain constant""], ""correct"": null, ""answer_text"": null, ""category"": null, ""source_file"": ""261722955-Module-3.pdf"", ""source_module"": ""M3"", ""fmt"": ""pdf"", ""module"": ""M3"", ""difficulty"": ""MEDIUM""}"
M3,,,The term used to denote the strength of a magnetic field is,retentivity,hysterisis,flux density,,,MEDIUM,,,,DRAFT,NEEDS_ANSWER — answer not provided in source; solve via Suntech corpus or admin review,1,261722955-Module-3.pdf,"{""raw"": ""245. The term used to denote the strength of a magnetic field is\na) retentivity\nb) hysterisis\nc) flux density\nPage 30\nModule 3 – Electrical Fundamentals\nSample Questions"", ""question"": ""The term used to denote the strength of a magnetic field is"", ""options"": [""retentivity"", ""hysterisis"", ""flux density""], ""correct"": null, ""answer_text"": null, ""category"": null, ""source_file"": ""261722955-Module-3.pdf"", ""source_module"": ""M3"", ""fmt"": ""pdf"", ""module"": ""M3"", ""difficulty"": ""MEDIUM""}"
M3,M3.3.07(b),,If two resistors of 5 and 10 ohm respectively are connected in series,1/3 amp,it cannot be found without knowing the applied voltage,1 amp,,,MEDIUM,,,,DRAFT,NEEDS_ANSWER — answer not provided in source; solve via Suntech corpus or admin review,1,261722955-Module-3.pdf,"{""raw"": ""246. If two resistors of 5 and 10 ohm respectively are connected in series\nand the current in the 5 ohm resistor is 1A. What is the current in the 10 ohm\nresistor?\na) 1/3 amp\nb) it cannot be found without knowing the applied voltage\nc) 1 amp"", ""question"": ""If two resistors of 5 and 10 ohm respectively are connected in series"", ""options"": [""1/3 amp"", ""it cannot be found without knowing the applied voltage"", ""1 amp""], ""correct"": null, ""answer_text"": null, ""category"": null, ""source_file"": ""261722955-Module-3.pdf"", ""source_module"": ""M3"", ""fmt"": ""pdf"", ""module"": ""M3"", ""syllabusRef"": ""M3.3.07(b)"", ""level"": null, ""difficulty"": ""MEDIUM""}"
M3,M3.3.2,2,At resonant frequency the phase difference between the voltage and,0 degrees,180 degrees,90 degrees,,,MEDIUM,,,,DRAFT,NEEDS_ANSWER — answer not provided in source; solve via Suntech corpus or admin review,1,261722955-Module-3.pdf,"{""raw"": ""247. At resonant frequency the phase difference between the voltage and\ncurrent of an AC supply feeding an inductive and capacitive network is\na) 0 degrees\nb) 180 degrees\nc) 90 degrees"", ""question"": ""At resonant frequency the phase difference between the voltage and"", ""options"": [""0 degrees"", ""180 degrees"", ""90 degrees""], ""correct"": null, ""answer_text"": null, ""category"": null, ""source_file"": ""261722955-Module-3.pdf"", ""source_module"": ""M3"", ""fmt"": ""pdf"", ""module"": ""M3"", ""syllabusRef"": ""M3.3.2"", ""level"": 2, ""difficulty"": ""MEDIUM""}"
M3,M3.3.2,2,secondary coil winding of a transformer designed to triple its input voltage?,primary will have three times as many turns as its secondary,primary will have twice as many turns as its secondary,primary will have one-third as many turns as its secondary,,,MEDIUM,248. What is the ratio of turns between the primary coil winding and the,,,DRAFT,NEEDS_ANSWER — answer not provided in source; solve via Suntech corpus or admin review,1,261722955-Module-3.pdf,"{""raw"": ""248. What is the ratio of turns between the primary coil winding and the\nsecondary coil winding of a transformer designed to triple its input voltage?\na) primary will have three times as many turns as its secondary\nb) primary will have twice as many turns as its secondary\nc) primary will have one-third as many turns as its secondary"", ""question"": ""secondary coil winding of a transformer designed to triple its input voltage?"", ""options"": [""primary will have three times as many turns as its secondary"", ""primary will have twice as many turns as its secondary"", ""primary will have one-third as many turns as its secondary""], ""correct"": null, ""answer_text"": null, ""category"": ""248. What is the ratio of turns between the primary coil winding and the"", ""source_file"": ""261722955-Module-3.pdf"", ""source_module"": ""M3"", ""fmt"": ""pdf"", ""module"": ""M3"", ""syllabusRef"": ""M3.3.2"", ""level"": 2, ""difficulty"": ""MEDIUM""}"
M3,M3.1.5,,A direct current of 12 milliamperes flows through a circuit which has a,12 milliwatts,12 watts,144 milliwatts,,,MEDIUM,,,,DRAFT,NEEDS_ANSWER — answer not provided in source; solve via Suntech corpus or admin review,1,261722955-Module-3.pdf,"{""raw"": ""249. A direct current of 12 milliamperes flows through a circuit which has a\nresistance of 1000 ohms. The power dissipated by the circuit is\na) 12 milliwatts\nb) 12 watts\nc) 144 milliwatts"", ""question"": ""A direct current of 12 milliamperes flows through a circuit which has a"", ""options"": [""12 milliwatts"", ""12 watts"", ""144 milliwatts""], ""correct"": null, ""answer_text"": null, ""category"": null, ""source_file"": ""261722955-Module-3.pdf"", ""source_module"": ""M3"", ""fmt"": ""pdf"", ""module"": ""M3"", ""syllabusRef"": ""M3.1.5"", ""level"": null, ""difficulty"": ""MEDIUM""}"
M3,,,The voltage in a series circuit,is different in each component,is the same in each component,is less than it would be in a parallel circuit,,,EASY,,,,DRAFT,NEEDS_ANSWER — answer not provided in source; solve via Suntech corpus or admin review,1,261722955-Module-3.pdf,"{""raw"": ""250. The voltage in a series circuit\na) is different in each component\nb) is the same in each component\nc) is less than it would be in a parallel circuit"", ""question"": ""The voltage in a series circuit"", ""options"": [""is different in each component"", ""is the same in each component"", ""is less than it would be in a parallel circuit""], ""correct"": null, ""answer_text"": null, ""category"": null, ""source_file"": ""261722955-Module-3.pdf"", ""source_module"": ""M3"", ""fmt"": ""pdf"", ""module"": ""M3"", ""difficulty"": ""EASY""}"
M3,M3.1.5,,Which aircraft circuit would be most likely to use frequency wild 200V,windscreen heating,hydraulic pump,standby compass,,,MEDIUM,,,,DRAFT,NEEDS_ANSWER — answer not provided in source; solve via Suntech corpus or admin review,1,261722955-Module-3.pdf,"{""raw"": ""251. Which aircraft circuit would be most likely to use frequency wild 200V\nAC?\na) windscreen heating\nb) hydraulic pump\nc) standby compass"", ""question"": ""Which aircraft circuit would be most likely to use frequency wild 200V"", ""options"": [""windscreen heating"", ""hydraulic pump"", ""standby compass""], ""correct"": null, ""answer_text"": null, ""category"": null, ""source_file"": ""261722955-Module-3.pdf"", ""source_module"": ""M3"", ""fmt"": ""pdf"", ""module"": ""M3"", ""syllabusRef"": ""M3.1.5"", ""level"": null, ""difficulty"": ""MEDIUM""}"
M3,,,252. Why are the iron cores of most induction coils laminated?,To reduce the effects of eddy currents,To increase the core permeability,To reduce the core reluctance,,,MEDIUM,,,,DRAFT,NEEDS_ANSWER — answer not provided in source; solve via Suntech corpus or admin review,1,261722955-Module-3.pdf,"{""raw"": ""252. Why are the iron cores of most induction coils laminated?\na) To reduce the effects of eddy currents\nb) To increase the core permeability\nc) To reduce the core reluctance"", ""question"": ""252. Why are the iron cores of most induction coils laminated?"", ""options"": [""To reduce the effects of eddy currents"", ""To increase the core permeability"", ""To reduce the core reluctance""], ""correct"": null, ""answer_text"": null, ""category"": null, ""source_file"": ""261722955-Module-3.pdf"", ""source_module"": ""M3"", ""fmt"": ""pdf"", ""module"": ""M3"", ""difficulty"": ""MEDIUM""}"
M3,M3.3.07(b),,consisting of three resistors of equal value. What is the value of each resistor?,12 ohm,4 ohm,36 ohm,,,MEDIUM,253. A 48-volt source is required to furnish 192 watts to a parallel circuit,,,DRAFT,NEEDS_ANSWER — answer not provided in source; solve via Suntech corpus or admin review,1,261722955-Module-3.pdf,"{""raw"": ""253. A 48-volt source is required to furnish 192 watts to a parallel circuit\nconsisting of three resistors of equal value. What is the value of each resistor?\na) 12 ohm\nb) 4 ohm\nc) 36 ohm\nPage 31\nModule 3 – Electrical Fundamentals\nSample Questions"", ""question"": ""consisting of three resistors of equal value. What is the value of each resistor?"", ""options"": [""12 ohm"", ""4 ohm"", ""36 ohm""], ""correct"": null, ""answer_text"": null, ""category"": ""253. A 48-volt source is required to furnish 192 watts to a parallel circuit"", ""source_file"": ""261722955-Module-3.pdf"", ""source_module"": ""M3"", ""fmt"": ""pdf"", ""module"": ""M3"", ""syllabusRef"": ""M3.3.07(b)"", ""level"": null, ""difficulty"": ""MEDIUM""}"
M3,M3.03.07,,"254. If voltage is 100V, resistance is 25 ohms, what is the current?",2500 amperes,4 amperes,0.4 amperes,,,MEDIUM,,,,DRAFT,NEEDS_ANSWER — answer not provided in source; solve via Suntech corpus or admin review,1,261722955-Module-3.pdf,"{""raw"": ""254. If voltage is 100V, resistance is 25 ohms, what is the current?\na) 2500 amperes\nb) 4 amperes\nc) 0.4 amperes"", ""question"": ""254. If voltage is 100V, resistance is 25 ohms, what is the current?"", ""options"": [""2500 amperes"", ""4 amperes"", ""0.4 amperes""], ""correct"": null, ""answer_text"": null, ""category"": null, ""source_file"": ""261722955-Module-3.pdf"", ""source_module"": ""M3"", ""fmt"": ""pdf"", ""module"": ""M3"", ""syllabusRef"": ""M3.03.07"", ""level"": null, ""difficulty"": ""MEDIUM""}"
M3,M3.3.2,2,A soft iron core is used in an ELECTRO magnet because,it has HIGH permeability and HIGH coercivity,it has HIGH permeability and LOW coercivity,it has LOW permeability and HIGH coercivity,,,MEDIUM,,,,DRAFT,NEEDS_ANSWER — answer not provided in source; solve via Suntech corpus or admin review,1,261722955-Module-3.pdf,"{""raw"": ""255. A soft iron core is used in an ELECTRO magnet because\na) it has HIGH permeability and HIGH coercivity\nb) it has HIGH permeability and LOW coercivity\nc) it has LOW permeability and HIGH coercivity"", ""question"": ""A soft iron core is used in an ELECTRO magnet because"", ""options"": [""it has HIGH permeability and HIGH coercivity"", ""it has HIGH permeability and LOW coercivity"", ""it has LOW permeability and HIGH coercivity""], ""correct"": null, ""answer_text"": null, ""category"": null, ""source_file"": ""261722955-Module-3.pdf"", ""source_module"": ""M3"", ""fmt"": ""pdf"", ""module"": ""M3"", ""syllabusRef"": ""M3.3.2"", ""level"": 2, ""difficulty"": ""MEDIUM""}"
M3,M3.3.07(a),,The resistance to electrical flow in a wire depends on,"the diameter, length, material of wire and temperature",the material only - copper or aluminum,the length and material of the wire only,,,MEDIUM,,,,DRAFT,NEEDS_ANSWER — answer not provided in source; solve via Suntech corpus or admin review,1,261722955-Module-3.pdf,"{""raw"": ""256. The resistance to electrical flow in a wire depends on\na) the diameter, length, material of wire and temperature\nb) the material only - copper or aluminum\nc) the length and material of the wire only"", ""question"": ""The resistance to electrical flow in a wire depends on"", ""options"": [""the diameter, length, material of wire and temperature"", ""the material only - copper or aluminum"", ""the length and material of the wire only""], ""correct"": null, ""answer_text"": null, ""category"": null, ""source_file"": ""261722955-Module-3.pdf"", ""source_module"": ""M3"", ""fmt"": ""pdf"", ""module"": ""M3"", ""syllabusRef"": ""M3.3.07(a)"", ""level"": null, ""difficulty"": ""MEDIUM""}"
M3,,,A transformer should always have its,secondary open circuit or on load,secondary shorted or on load,primary shorted or off load,,,EASY,,,,DRAFT,NEEDS_ANSWER — answer not provided in source; solve via Suntech corpus or admin review,1,261722955-Module-3.pdf,"{""raw"": ""257. A transformer should always have its\na) secondary open circuit or on load\nb) secondary shorted or on load\nc) primary shorted or off load"", ""question"": ""A transformer should always have its"", ""options"": [""secondary open circuit or on load"", ""secondary shorted or on load"", ""primary shorted or off load""], ""correct"": null, ""answer_text"": null, ""category"": null, ""source_file"": ""261722955-Module-3.pdf"", ""source_module"": ""M3"", ""fmt"": ""pdf"", ""module"": ""M3"", ""difficulty"": ""EASY""}"
M3,M3.1.5,,An AC generator's frequency will,always be constant regardless of the generators drive speed,vary with changes in field strength,be proportional to the RPM at which it is driven,,,EASY,,,,DRAFT,NEEDS_ANSWER — answer not provided in source; solve via Suntech corpus or admin review,1,261722955-Module-3.pdf,"{""raw"": ""259. An AC generator's frequency will\na) always be constant regardless of the generators drive speed\nb) vary with changes in field strength\nc) be proportional to the RPM at which it is driven"", ""question"": ""An AC generator's frequency will"", ""options"": [""always be constant regardless of the generators drive speed"", ""vary with changes in field strength"", ""be proportional to the RPM at which it is driven""], ""correct"": null, ""answer_text"": null, ""category"": null, ""source_file"": ""261722955-Module-3.pdf"", ""source_module"": ""M3"", ""fmt"": ""pdf"", ""module"": ""M3"", ""syllabusRef"": ""M3.1.5"", ""level"": null, ""difficulty"": ""EASY""}"
M3,M3.3.2,2,A short circuit between the supply and earth,does not matter if the circuit uses the aircraft earth as a return,could be very dangerous as the current drawn will be very high,is not dangerous as the current drawn will be low,,,EASY,,,,DRAFT,NEEDS_ANSWER — answer not provided in source; solve via Suntech corpus or admin review,1,261722955-Module-3.pdf,"{""raw"": ""260. A short circuit between the supply and earth\na) does not matter if the circuit uses the aircraft earth as a return\nb) could be very dangerous as the current drawn will be very high\nc) is not dangerous as the current drawn will be low"", ""question"": ""A short circuit between the supply and earth"", ""options"": [""does not matter if the circuit uses the aircraft earth as a return"", ""could be very dangerous as the current drawn will be very high"", ""is not dangerous as the current drawn will be low""], ""correct"": null, ""answer_text"": null, ""category"": null, ""source_file"": ""261722955-Module-3.pdf"", ""source_module"": ""M3"", ""fmt"": ""pdf"", ""module"": ""M3"", ""syllabusRef"": ""M3.3.2"", ""level"": 2, ""difficulty"": ""EASY""}"
M3,,,"When two coils are linked by a common flux, a voltage can be induced",mutual induction,the magnetic effect,self induction,,,MEDIUM,,,,DRAFT,NEEDS_ANSWER — answer not provided in source; solve via Suntech corpus or admin review,1,261722955-Module-3.pdf,"{""raw"": ""261. When two coils are linked by a common flux, a voltage can be induced\nin one by a changing current in the other. This process is known as\na) mutual induction\nb) the magnetic effect\nc) self induction"", ""question"": ""When two coils are linked by a common flux, a voltage can be induced"", ""options"": [""mutual induction"", ""the magnetic effect"", ""self induction""], ""correct"": null, ""answer_text"": null, ""category"": null, ""source_file"": ""261722955-Module-3.pdf"", ""source_module"": ""M3"", ""fmt"": ""pdf"", ""module"": ""M3"", ""difficulty"": ""MEDIUM""}"
M3,M3.3.07(b),,current flowing in the 5 ohm resistor is 10 amps. What is the applied voltage?,100v,10v,200v,,,MEDIUM,"262. A circuit consists of 3 ohm, 5 ohm and 12 ohm resistors in series, the",,,DRAFT,NEEDS_ANSWER — answer not provided in source; solve via Suntech corpus or admin review,1,261722955-Module-3.pdf,"{""raw"": ""262. A circuit consists of 3 ohm, 5 ohm and 12 ohm resistors in series, the\ncurrent flowing in the 5 ohm resistor is 10 amps. What is the applied voltage?\na) 100v\nb) 10v\nc) 200v\nPage 32\nModule 3 – Electrical Fundamentals\nSample Questions"", ""question"": ""current flowing in the 5 ohm resistor is 10 amps. What is the applied voltage?"", ""options"": [""100v"", ""10v"", ""200v""], ""correct"": null, ""answer_text"": null, ""category"": ""262. A circuit consists of 3 ohm, 5 ohm and 12 ohm resistors in series, the"", ""source_file"": ""261722955-Module-3.pdf"", ""source_module"": ""M3"", ""fmt"": ""pdf"", ""module"": ""M3"", ""syllabusRef"": ""M3.3.07(b)"", ""level"": null, ""difficulty"": ""MEDIUM""}"
M3,M3.1.5,,Copper is an inferior conductor to aluminum when comparing,weight for weight,load for load,CSA with CSA,,,MEDIUM,,,,DRAFT,NEEDS_ANSWER — answer not provided in source; solve via Suntech corpus or admin review,1,261722955-Module-3.pdf,"{""raw"": ""263. Copper is an inferior conductor to aluminum when comparing\na) weight for weight\nb) load for load\nc) CSA with CSA"", ""question"": ""Copper is an inferior conductor to aluminum when comparing"", ""options"": [""weight for weight"", ""load for load"", ""CSA with CSA""], ""correct"": null, ""answer_text"": null, ""category"": null, ""source_file"": ""261722955-Module-3.pdf"", ""source_module"": ""M3"", ""fmt"": ""pdf"", ""module"": ""M3"", ""syllabusRef"": ""M3.1.5"", ""level"": null, ""difficulty"": ""MEDIUM""}"
M3,M3.1.5,,264. In an AC circuit how is the value of true power calculated?,By volts multiplied by amps multiplied by power factor,By wattmeter readings multiplied by power factor,By voltmeter readings multiplied by ammeter readings,,,MEDIUM,,,,DRAFT,NEEDS_ANSWER — answer not provided in source; solve via Suntech corpus or admin review,1,261722955-Module-3.pdf,"{""raw"": ""264. In an AC circuit how is the value of true power calculated?\na) By volts multiplied by amps multiplied by power factor\nb) By wattmeter readings multiplied by power factor\nc) By voltmeter readings multiplied by ammeter readings"", ""question"": ""264. In an AC circuit how is the value of true power calculated?"", ""options"": [""By volts multiplied by amps multiplied by power factor"", ""By wattmeter readings multiplied by power factor"", ""By voltmeter readings multiplied by ammeter readings""], ""correct"": null, ""answer_text"": null, ""category"": null, ""source_file"": ""261722955-Module-3.pdf"", ""source_module"": ""M3"", ""fmt"": ""pdf"", ""module"": ""M3"", ""syllabusRef"": ""M3.1.5"", ""level"": null, ""difficulty"": ""MEDIUM""}"
M3,M3.1.5,,Which of the following is not one of the purposes of interpoles in a,Reduce field strength,Overcome armature reaction,Reduce arcing at the brushes,,,MEDIUM,,,,DRAFT,NEEDS_ANSWER — answer not provided in source; solve via Suntech corpus or admin review,1,261722955-Module-3.pdf,"{""raw"": ""266. Which of the following is not one of the purposes of interpoles in a\ngenerator?\na) Reduce field strength\nb) Overcome armature reaction\nc) Reduce arcing at the brushes"", ""question"": ""Which of the following is not one of the purposes of interpoles in a"", ""options"": [""Reduce field strength"", ""Overcome armature reaction"", ""Reduce arcing at the brushes""], ""correct"": null, ""answer_text"": null, ""category"": null, ""source_file"": ""261722955-Module-3.pdf"", ""source_module"": ""M3"", ""fmt"": ""pdf"", ""module"": ""M3"", ""syllabusRef"": ""M3.1.5"", ""level"": null, ""difficulty"": ""MEDIUM""}"
M3,M3.1.5,,Which of the following would be used to calculate transformer turns,primary turns × secondary turns,primary turns ÷ secondary turns,secondary turns ÷ primary turns,,,MEDIUM,,,,DRAFT,NEEDS_ANSWER — answer not provided in source; solve via Suntech corpus or admin review,1,261722955-Module-3.pdf,"{""raw"": ""267. Which of the following would be used to calculate transformer turns\nratio?\na) primary turns × secondary turns\nb) primary turns ÷ secondary turns\nc) secondary turns ÷ primary turns"", ""question"": ""Which of the following would be used to calculate transformer turns"", ""options"": [""primary turns × secondary turns"", ""primary turns ÷ secondary turns"", ""secondary turns ÷ primary turns""], ""correct"": null, ""answer_text"": null, ""category"": null, ""source_file"": ""261722955-Module-3.pdf"", ""source_module"": ""M3"", ""fmt"": ""pdf"", ""module"": ""M3"", ""syllabusRef"": ""M3.1.5"", ""level"": null, ""difficulty"": ""MEDIUM""}"
M3,M3.03.03,,A good electrical insulator is a material which,has more protons than electrons,has its electrons tightly bound to their parent atoms,contains a large number of positive ions,,,EASY,,,,DRAFT,NEEDS_ANSWER — answer not provided in source; solve via Suntech corpus or admin review,1,261722955-Module-3.pdf,"{""raw"": ""268. A good electrical insulator is a material which\na) has more protons than electrons\nb) has its electrons tightly bound to their parent atoms\nc) contains a large number of positive ions"", ""question"": ""A good electrical insulator is a material which"", ""options"": [""has more protons than electrons"", ""has its electrons tightly bound to their parent atoms"", ""contains a large number of positive ions""], ""correct"": null, ""answer_text"": null, ""category"": null, ""source_file"": ""261722955-Module-3.pdf"", ""source_module"": ""M3"", ""fmt"": ""pdf"", ""module"": ""M3"", ""syllabusRef"": ""M3.03.03"", ""level"": null, ""difficulty"": ""EASY""}"
M3,M3.3.2,2,To reverse the direction of a series motor,the direction of the current through the field is reversed,a second series field is fitted,the direction of the current through the field and the armature is,,,EASY,,,,DRAFT,NEEDS_ANSWER — answer not provided in source; solve via Suntech corpus or admin review,1,261722955-Module-3.pdf,"{""raw"": ""269. To reverse the direction of a series motor\na) the direction of the current through the field is reversed\nb) a second series field is fitted\nc) the direction of the current through the field and the armature is\nreversed"", ""question"": ""To reverse the direction of a series motor"", ""options"": [""the direction of the current through the field is reversed"", ""a second series field is fitted"", ""the direction of the current through the field and the armature is""], ""correct"": null, ""answer_text"": null, ""category"": null, ""source_file"": ""261722955-Module-3.pdf"", ""source_module"": ""M3"", ""fmt"": ""pdf"", ""module"": ""M3"", ""syllabusRef"": ""M3.3.2"", ""level"": 2, ""difficulty"": ""EASY""}"
M3,,,"the revolving-field type, with each revolution of the rotor?",Four,Six,Three,,,MEDIUM,270. How many cycles of AC voltage are produced in a six-pole alternator of,,,DRAFT,NEEDS_ANSWER — answer not provided in source; solve via Suntech corpus or admin review,1,261722955-Module-3.pdf,"{""raw"": ""270. How many cycles of AC voltage are produced in a six-pole alternator of\nthe revolving-field type, with each revolution of the rotor?\na) Four\nb) Six\nc) Three"", ""question"": ""the revolving-field type, with each revolution of the rotor?"", ""options"": [""Four"", ""Six"", ""Three""], ""correct"": null, ""answer_text"": null, ""category"": ""270. How many cycles of AC voltage are produced in a six-pole alternator of"", ""source_file"": ""261722955-Module-3.pdf"", ""source_module"": ""M3"", ""fmt"": ""pdf"", ""module"": ""M3"", ""difficulty"": ""MEDIUM""}"
M3,M3.1.5,,The variable frequency output from an AC generator is used for,supplying non-inductive loads,the AC supply instead of using inverters,driving AC operated instruments,,,MEDIUM,,,,DRAFT,NEEDS_ANSWER — answer not provided in source; solve via Suntech corpus or admin review,1,261722955-Module-3.pdf,"{""raw"": ""271. The variable frequency output from an AC generator is used for\na) supplying non-inductive loads\nb) the AC supply instead of using inverters\nc) driving AC operated instruments\nPage 33\nModule 3 – Electrical Fundamentals\nSample Questions"", ""question"": ""The variable frequency output from an AC generator is used for"", ""options"": [""supplying non-inductive loads"", ""the AC supply instead of using inverters"", ""driving AC operated instruments""], ""correct"": null, ""answer_text"": null, ""category"": null, ""source_file"": ""261722955-Module-3.pdf"", ""source_module"": ""M3"", ""fmt"": ""pdf"", ""module"": ""M3"", ""syllabusRef"": ""M3.1.5"", ""level"": null, ""difficulty"": ""MEDIUM""}"
M3,M3.3.9,2,The capacitance of a capacitor is dependant upon,the type of material separating the plates,the rate of change of current in the circuit,the charge on it,,,EASY,,,,DRAFT,NEEDS_ANSWER — answer not provided in source; solve via Suntech corpus or admin review,1,261722955-Module-3.pdf,"{""raw"": ""272. The capacitance of a capacitor is dependant upon\na) the type of material separating the plates\nb) the rate of change of current in the circuit\nc) the charge on it"", ""question"": ""The capacitance of a capacitor is dependant upon"", ""options"": [""the type of material separating the plates"", ""the rate of change of current in the circuit"", ""the charge on it""], ""correct"": null, ""answer_text"": null, ""category"": null, ""source_file"": ""261722955-Module-3.pdf"", ""source_module"": ""M3"", ""fmt"": ""pdf"", ""module"": ""M3"", ""syllabusRef"": ""M3.3.9"", ""level"": 2, ""difficulty"": ""EASY""}"
M3,M3.3.2,2,A piece of equipment is rated at 750 watts and the applied voltage is 30,20 amps,30 amps,15 amps,,,MEDIUM,,,,DRAFT,NEEDS_ANSWER — answer not provided in source; solve via Suntech corpus or admin review,1,261722955-Module-3.pdf,"{""raw"": ""273. A piece of equipment is rated at 750 watts and the applied voltage is 30\nvolts. The value of the protection fuse should be\na) 20 amps\nb) 30 amps\nc) 15 amps"", ""question"": ""A piece of equipment is rated at 750 watts and the applied voltage is 30"", ""options"": [""20 amps"", ""30 amps"", ""15 amps""], ""correct"": null, ""answer_text"": null, ""category"": null, ""source_file"": ""261722955-Module-3.pdf"", ""source_module"": ""M3"", ""fmt"": ""pdf"", ""module"": ""M3"", ""syllabusRef"": ""M3.3.2"", ""level"": 2, ""difficulty"": ""MEDIUM""}"
M3,,,The current consumed by a DC starter motor will,remain relatively constant over the starting speed range,increase as the engine speed increases,decrease as the engine speed increases,,,EASY,,,,DRAFT,NEEDS_ANSWER — answer not provided in source; solve via Suntech corpus or admin review,1,261722955-Module-3.pdf,"{""raw"": ""274. The current consumed by a DC starter motor will\na) remain relatively constant over the starting speed range\nb) increase as the engine speed increases\nc) decrease as the engine speed increases"", ""question"": ""The current consumed by a DC starter motor will"", ""options"": [""remain relatively constant over the starting speed range"", ""increase as the engine speed increases"", ""decrease as the engine speed increases""], ""correct"": null, ""answer_text"": null, ""category"": null, ""source_file"": ""261722955-Module-3.pdf"", ""source_module"": ""M3"", ""fmt"": ""pdf"", ""module"": ""M3"", ""difficulty"": ""EASY""}"
M3,M3.03.08,,"When different rated capacitors are connected in parallel in a circuit,",equal to the capacitance of the highest rated capacitor,less than the capacitance of the lowest rated capacitor,equal to the sum of all the capacitances,,,MEDIUM,,,,DRAFT,NEEDS_ANSWER — answer not provided in source; solve via Suntech corpus or admin review,1,261722955-Module-3.pdf,"{""raw"": ""275. When different rated capacitors are connected in parallel in a circuit,\nthe total capacitance is\na) equal to the capacitance of the highest rated capacitor\nb) less than the capacitance of the lowest rated capacitor\nc) equal to the sum of all the capacitances"", ""question"": ""When different rated capacitors are connected in parallel in a circuit,"", ""options"": [""equal to the capacitance of the highest rated capacitor"", ""less than the capacitance of the lowest rated capacitor"", ""equal to the sum of all the capacitances""], ""correct"": null, ""answer_text"": null, ""category"": null, ""source_file"": ""261722955-Module-3.pdf"", ""source_module"": ""M3"", ""fmt"": ""pdf"", ""module"": ""M3"", ""syllabusRef"": ""M3.03.08"", ""level"": null, ""difficulty"": ""MEDIUM""}"
M3,M3.3.2,2,The voltage in a transformer secondary coil that contains twice as,less and the amperage greater than in the primary coil,greater and the amperage greater than in the primary coil,greater and the amperage less than in the primary coil,,,MEDIUM,,,,DRAFT,NEEDS_ANSWER — answer not provided in source; solve via Suntech corpus or admin review,1,261722955-Module-3.pdf,"{""raw"": ""276. The voltage in a transformer secondary coil that contains twice as\nmany loops as the primary coil will be\na) less and the amperage greater than in the primary coil\nb) greater and the amperage greater than in the primary coil\nc) greater and the amperage less than in the primary coil"", ""question"": ""The voltage in a transformer secondary coil that contains twice as"", ""options"": [""less and the amperage greater than in the primary coil"", ""greater and the amperage greater than in the primary coil"", ""greater and the amperage less than in the primary coil""], ""correct"": null, ""answer_text"": null, ""category"": null, ""source_file"": ""261722955-Module-3.pdf"", ""source_module"": ""M3"", ""fmt"": ""pdf"", ""module"": ""M3"", ""syllabusRef"": ""M3.3.2"", ""level"": 2, ""difficulty"": ""MEDIUM""}"
M3,,,277. How are generators rated?,Impedance at rated voltage,Amperes at rated voltage,Watts at rated voltage,,,EASY,,,,DRAFT,NEEDS_ANSWER — answer not provided in source; solve via Suntech corpus or admin review,1,261722955-Module-3.pdf,"{""raw"": ""277. How are generators rated?\na) Impedance at rated voltage\nb) Amperes at rated voltage\nc) Watts at rated voltage"", ""question"": ""277. How are generators rated?"", ""options"": [""Impedance at rated voltage"", ""Amperes at rated voltage"", ""Watts at rated voltage""], ""correct"": null, ""answer_text"": null, ""category"": null, ""source_file"": ""261722955-Module-3.pdf"", ""source_module"": ""M3"", ""fmt"": ""pdf"", ""module"": ""M3"", ""difficulty"": ""EASY""}"
M3,,,"In a single phase AC generator, frequency is determined by",the generator speed,controlling the current flow through the voltage field windings,the number of pairs of poles,,,MEDIUM,,,,DRAFT,NEEDS_ANSWER — answer not provided in source; solve via Suntech corpus or admin review,1,261722955-Module-3.pdf,"{""raw"": ""278. In a single phase AC generator, frequency is determined by\na) the generator speed\nb) controlling the current flow through the voltage field windings\nc) the number of pairs of poles"", ""question"": ""In a single phase AC generator, frequency is determined by"", ""options"": [""the generator speed"", ""controlling the current flow through the voltage field windings"", ""the number of pairs of poles""], ""correct"": null, ""answer_text"": null, ""category"": null, ""source_file"": ""261722955-Module-3.pdf"", ""source_module"": ""M3"", ""fmt"": ""pdf"", ""module"": ""M3"", ""difficulty"": ""MEDIUM""}"
M3,M3.3.2,2,The risk of a fire due to static electricity is overcome,by fitting static wicks and insulating all metal components,by connecting all metal components by bonding,by fitting static wicks and isolating the battery from inflammable gas,,,MEDIUM,,,,DRAFT,NEEDS_ANSWER — answer not provided in source; solve via Suntech corpus or admin review,1,261722955-Module-3.pdf,"{""raw"": ""279. The risk of a fire due to static electricity is overcome\na) by fitting static wicks and insulating all metal components\nb) by connecting all metal components by bonding\nc) by fitting static wicks and isolating the battery from inflammable gas\nsources"", ""question"": ""The risk of a fire due to static electricity is overcome"", ""options"": [""by fitting static wicks and insulating all metal components"", ""by connecting all metal components by bonding"", ""by fitting static wicks and isolating the battery from inflammable gas""], ""correct"": null, ""answer_text"": null, ""category"": null, ""source_file"": ""261722955-Module-3.pdf"", ""source_module"": ""M3"", ""fmt"": ""pdf"", ""module"": ""M3"", ""syllabusRef"": ""M3.3.2"", ""level"": 2, ""difficulty"": ""MEDIUM""}"
M3,,,Due to armature reaction in a DC motor,the trailing pole tips are magnetically weakened,the leading pole tips are magnetically weakened,the magnetic flux is restored by moving the MNA towards the GNA,,,EASY,,,,DRAFT,NEEDS_ANSWER — answer not provided in source; solve via Suntech corpus or admin review,1,261722955-Module-3.pdf,"{""raw"": ""280. Due to armature reaction in a DC motor\na) the trailing pole tips are magnetically weakened\nb) the leading pole tips are magnetically weakened\nc) the magnetic flux is restored by moving the MNA towards the GNA\nPage 34\nModule 3 – Electrical Fundamentals\nSample Questions"", ""question"": ""Due to armature reaction in a DC motor"", ""options"": [""the trailing pole tips are magnetically weakened"", ""the leading pole tips are magnetically weakened"", ""the magnetic flux is restored by moving the MNA towards the GNA""], ""correct"": null, ""answer_text"": null, ""category"": null, ""source_file"": ""261722955-Module-3.pdf"", ""source_module"": ""M3"", ""fmt"": ""pdf"", ""module"": ""M3"", ""difficulty"": ""EASY""}"
M3,M3.3.07(b),,Two resistors are connected in series and have an e.m.f. of V volts,V = V1 + V2,V2 = V1 + V,V1 = V2 + V,,,MEDIUM,,,,DRAFT,NEEDS_ANSWER — answer not provided in source; solve via Suntech corpus or admin review,1,261722955-Module-3.pdf,"{""raw"": ""281. Two resistors are connected in series and have an e.m.f. of V volts\nacross them. If the voltages across the resistances are V1 and V2 then by\nKirchhoff's law\na) V = V1 + V2\nb) V2 = V1 + V\nc) V1 = V2 + V"", ""question"": ""Two resistors are connected in series and have an e.m.f. of V volts"", ""options"": [""V = V1 + V2"", ""V2 = V1 + V"", ""V1 = V2 + V""], ""correct"": null, ""answer_text"": null, ""category"": null, ""source_file"": ""261722955-Module-3.pdf"", ""source_module"": ""M3"", ""fmt"": ""pdf"", ""module"": ""M3"", ""syllabusRef"": ""M3.3.07(b)"", ""level"": null, ""difficulty"": ""MEDIUM""}"
M3,M3.03.03,,When an electrical supply becomes open-circuit,the loss of continuity will prevent its component from functioning,the fuse or circuit breaker should isolate the circuit due to the increased,the component will operate normally but will not switch off,,,EASY,,,,DRAFT,NEEDS_ANSWER — answer not provided in source; solve via Suntech corpus or admin review,1,261722955-Module-3.pdf,"{""raw"": ""282. When an electrical supply becomes open-circuit\na) the loss of continuity will prevent its component from functioning\nb) the fuse or circuit breaker should isolate the circuit due to the increased\ncurrent drawn\nc) the component will operate normally but will not switch off"", ""question"": ""When an electrical supply becomes open-circuit"", ""options"": [""the loss of continuity will prevent its component from functioning"", ""the fuse or circuit breaker should isolate the circuit due to the increased"", ""the component will operate normally but will not switch off""], ""correct"": null, ""answer_text"": null, ""category"": null, ""source_file"": ""261722955-Module-3.pdf"", ""source_module"": ""M3"", ""fmt"": ""pdf"", ""module"": ""M3"", ""syllabusRef"": ""M3.03.03"", ""level"": null, ""difficulty"": ""EASY""}"
M3,,,Some electric motors have two sets of field winding wound in opposite,speed of the motor can be more closely controlled,motor can be operated in either direction,power output of the motor can be more closely controlled,,,MEDIUM,,,,DRAFT,NEEDS_ANSWER — answer not provided in source; solve via Suntech corpus or admin review,1,261722955-Module-3.pdf,"{""raw"": ""283. Some electric motors have two sets of field winding wound in opposite\ndirections so that the\na) speed of the motor can be more closely controlled\nb) motor can be operated in either direction\nc) power output of the motor can be more closely controlled"", ""question"": ""Some electric motors have two sets of field winding wound in opposite"", ""options"": [""speed of the motor can be more closely controlled"", ""motor can be operated in either direction"", ""power output of the motor can be more closely controlled""], ""correct"": null, ""answer_text"": null, ""category"": null, ""source_file"": ""261722955-Module-3.pdf"", ""source_module"": ""M3"", ""fmt"": ""pdf"", ""module"": ""M3"", ""difficulty"": ""MEDIUM""}"
M3,M3.03.03,,The amount of electrical power for a given generator weight is,determined by the size of the aircraft,greater for DC generator,greater for AC generator,,,MEDIUM,,,,DRAFT,NEEDS_ANSWER — answer not provided in source; solve via Suntech corpus or admin review,1,261722955-Module-3.pdf,"{""raw"": ""284. The amount of electrical power for a given generator weight is\na) determined by the size of the aircraft\nb) greater for DC generator\nc) greater for AC generator"", ""question"": ""The amount of electrical power for a given generator weight is"", ""options"": [""determined by the size of the aircraft"", ""greater for DC generator"", ""greater for AC generator""], ""correct"": null, ""answer_text"": null, ""category"": null, ""source_file"": ""261722955-Module-3.pdf"", ""source_module"": ""M3"", ""fmt"": ""pdf"", ""module"": ""M3"", ""syllabusRef"": ""M3.03.03"", ""level"": null, ""difficulty"": ""MEDIUM""}"
M3,M3.1.5,,deliver 45 amperes for 2.5 hours?,90.0 ampere-hour,112.5 ampere-hour,45.0 ampere-hour,,,EASY,286. What is the ampere-hour rating of a storage battery that is designed to,,,DRAFT,NEEDS_ANSWER — answer not provided in source; solve via Suntech corpus or admin review,1,261722955-Module-3.pdf,"{""raw"": ""286. What is the ampere-hour rating of a storage battery that is designed to\ndeliver 45 amperes for 2.5 hours?\na) 90.0 ampere-hour\nb) 112.5 ampere-hour\nc) 45.0 ampere-hour"", ""question"": ""deliver 45 amperes for 2.5 hours?"", ""options"": [""90.0 ampere-hour"", ""112.5 ampere-hour"", ""45.0 ampere-hour""], ""correct"": null, ""answer_text"": null, ""category"": ""286. What is the ampere-hour rating of a storage battery that is designed to"", ""source_file"": ""261722955-Module-3.pdf"", ""source_module"": ""M3"", ""fmt"": ""pdf"", ""module"": ""M3"", ""syllabusRef"": ""M3.1.5"", ""level"": null, ""difficulty"": ""EASY""}"
M3,M3.1.5,,How much power must a 24-volt generator furnish to a system which,450 watts,402 watts,28.8 watts,,,MEDIUM,,,,DRAFT,NEEDS_ANSWER — answer not provided in source; solve via Suntech corpus or admin review,1,261722955-Module-3.pdf,"{""raw"": ""287. How much power must a 24-volt generator furnish to a system which\ncontains the following series loads? 5 ohm, 3 ohm and 12 ohm\na) 450 watts\nb) 402 watts\nc) 28.8 watts"", ""question"": ""How much power must a 24-volt generator furnish to a system which"", ""options"": [""450 watts"", ""402 watts"", ""28.8 watts""], ""correct"": null, ""answer_text"": null, ""category"": null, ""source_file"": ""261722955-Module-3.pdf"", ""source_module"": ""M3"", ""fmt"": ""pdf"", ""module"": ""M3"", ""syllabusRef"": ""M3.1.5"", ""level"": null, ""difficulty"": ""MEDIUM""}"
M3,,,A volt meter is connected,in series or parallel,in parallel,in series,,,EASY,,,,DRAFT,NEEDS_ANSWER — answer not provided in source; solve via Suntech corpus or admin review,1,261722955-Module-3.pdf,"{""raw"": ""288. A volt meter is connected\na) in series or parallel\nb) in parallel\nc) in series"", ""question"": ""A volt meter is connected"", ""options"": [""in series or parallel"", ""in parallel"", ""in series""], ""correct"": null, ""answer_text"": null, ""category"": null, ""source_file"": ""261722955-Module-3.pdf"", ""source_module"": ""M3"", ""fmt"": ""pdf"", ""module"": ""M3"", ""difficulty"": ""EASY""}"
M3,,,289. What polarity do interpoles take in a DC motor?,The same as the next main pole behind in the direction of rotation,"Either, provided they lay on the MNA",The same as the next main pole ahead in the direction of rotation,,,MEDIUM,,,,DRAFT,NEEDS_ANSWER — answer not provided in source; solve via Suntech corpus or admin review,1,261722955-Module-3.pdf,"{""raw"": ""289. What polarity do interpoles take in a DC motor?\na) The same as the next main pole behind in the direction of rotation\nb) Either, provided they lay on the MNA\nc) The same as the next main pole ahead in the direction of rotation\nPage 35\nModule 3 – Electrical Fundamentals\nSample Questions"", ""question"": ""289. What polarity do interpoles take in a DC motor?"", ""options"": [""The same as the next main pole behind in the direction of rotation"", ""Either, provided they lay on the MNA"", ""The same as the next main pole ahead in the direction of rotation""], ""correct"": null, ""answer_text"": null, ""category"": null, ""source_file"": ""261722955-Module-3.pdf"", ""source_module"": ""M3"", ""fmt"": ""pdf"", ""module"": ""M3"", ""difficulty"": ""MEDIUM""}"
M3,,,On a typical AC generator the output is taken,direct from the rotor via slip rings,direct from the exciter,direct from the stator windings,,,EASY,,,,DRAFT,NEEDS_ANSWER — answer not provided in source; solve via Suntech corpus or admin review,1,261722955-Module-3.pdf,"{""raw"": ""290. On a typical AC generator the output is taken\na) direct from the rotor via slip rings\nb) direct from the exciter\nc) direct from the stator windings"", ""question"": ""On a typical AC generator the output is taken"", ""options"": [""direct from the rotor via slip rings"", ""direct from the exciter"", ""direct from the stator windings""], ""correct"": null, ""answer_text"": null, ""category"": null, ""source_file"": ""261722955-Module-3.pdf"", ""source_module"": ""M3"", ""fmt"": ""pdf"", ""module"": ""M3"", ""difficulty"": ""EASY""}"
M3,M3.03.03,,"Since electrical supplies taken from a bus-bar are in parallel, isolating",reduce the current consumption from the bus-bar,increase the current consumption from the bus-bar,"not affect the current consumption, it would reduce the voltage",,,MEDIUM,,,,DRAFT,NEEDS_ANSWER — answer not provided in source; solve via Suntech corpus or admin review,1,261722955-Module-3.pdf,"{""raw"": ""291. Since electrical supplies taken from a bus-bar are in parallel, isolating\nsome of the services would\na) reduce the current consumption from the bus-bar\nb) increase the current consumption from the bus-bar\nc) not affect the current consumption, it would reduce the voltage"", ""question"": ""Since electrical supplies taken from a bus-bar are in parallel, isolating"", ""options"": [""reduce the current consumption from the bus-bar"", ""increase the current consumption from the bus-bar"", ""not affect the current consumption, it would reduce the voltage""], ""correct"": null, ""answer_text"": null, ""category"": null, ""source_file"": ""261722955-Module-3.pdf"", ""source_module"": ""M3"", ""fmt"": ""pdf"", ""module"": ""M3"", ""syllabusRef"": ""M3.03.03"", ""level"": null, ""difficulty"": ""MEDIUM""}"
M3,,,One Picofarad is,1 x 1012 farad,1 x 10-6 farad,1 x 10-12 farad,,,EASY,,,,DRAFT,NEEDS_ANSWER — answer not provided in source; solve via Suntech corpus or admin review,1,261722955-Module-3.pdf,"{""raw"": ""292. One Picofarad is\na) 1 x 1012 farad\nb) 1 x 10-6 farad\nc) 1 x 10-12 farad"", ""question"": ""One Picofarad is"", ""options"": [""1 x 1012 farad"", ""1 x 10-6 farad"", ""1 x 10-12 farad""], ""correct"": null, ""answer_text"": null, ""category"": null, ""source_file"": ""261722955-Module-3.pdf"", ""source_module"": ""M3"", ""fmt"": ""pdf"", ""module"": ""M3"", ""difficulty"": ""EASY""}"
M3,M3.03.07,,293. Which of these will cause the resistance of a conductor to decrease?,Decrease the length or the cross-sectional area,Decrease the length or increase the cross-sectional area,Increase the length or decrease the cross-sectional area,,,MEDIUM,,,,DRAFT,NEEDS_ANSWER — answer not provided in source; solve via Suntech corpus or admin review,1,261722955-Module-3.pdf,"{""raw"": ""293. Which of these will cause the resistance of a conductor to decrease?\na) Decrease the length or the cross-sectional area\nb) Decrease the length or increase the cross-sectional area\nc) Increase the length or decrease the cross-sectional area"", ""question"": ""293. Which of these will cause the resistance of a conductor to decrease?"", ""options"": [""Decrease the length or the cross-sectional area"", ""Decrease the length or increase the cross-sectional area"", ""Increase the length or decrease the cross-sectional area""], ""correct"": null, ""answer_text"": null, ""category"": null, ""source_file"": ""261722955-Module-3.pdf"", ""source_module"": ""M3"", ""fmt"": ""pdf"", ""module"": ""M3"", ""syllabusRef"": ""M3.03.07"", ""level"": null, ""difficulty"": ""MEDIUM""}"
M3,M3.03.02,,The purpose of bonding is to,give generated static an easy return path to the generator,stop different potentials developing with subsequent fire risks,ensure all components have been securely fitted,,,EASY,,,,DRAFT,NEEDS_ANSWER — answer not provided in source; solve via Suntech corpus or admin review,1,261722955-Module-3.pdf,"{""raw"": ""294. The purpose of bonding is to\na) give generated static an easy return path to the generator\nb) stop different potentials developing with subsequent fire risks\nc) ensure all components have been securely fitted"", ""question"": ""The purpose of bonding is to"", ""options"": [""give generated static an easy return path to the generator"", ""stop different potentials developing with subsequent fire risks"", ""ensure all components have been securely fitted""], ""correct"": null, ""answer_text"": null, ""category"": null, ""source_file"": ""261722955-Module-3.pdf"", ""source_module"": ""M3"", ""fmt"": ""pdf"", ""module"": ""M3"", ""syllabusRef"": ""M3.03.02"", ""level"": null, ""difficulty"": ""EASY""}"
M3,,,The S.I. unit of magnetic flux density is the,Weber,Henry,Tesla,,,EASY,,,,DRAFT,NEEDS_ANSWER — answer not provided in source; solve via Suntech corpus or admin review,1,261722955-Module-3.pdf,"{""raw"": ""295. The S.I. unit of magnetic flux density is the\na) Weber\nb) Henry\nc) Tesla"", ""question"": ""The S.I. unit of magnetic flux density is the"", ""options"": [""Weber"", ""Henry"", ""Tesla""], ""correct"": null, ""answer_text"": null, ""category"": null, ""source_file"": ""261722955-Module-3.pdf"", ""source_module"": ""M3"", ""fmt"": ""pdf"", ""module"": ""M3"", ""difficulty"": ""EASY""}"
M3,M3.1.5,,296. What is the principal advantage of the series-wound dc motor?,Low starting torque,Suitable for constant speed use,High starting torque,,,MEDIUM,,,,DRAFT,NEEDS_ANSWER — answer not provided in source; solve via Suntech corpus or admin review,1,261722955-Module-3.pdf,"{""raw"": ""296. What is the principal advantage of the series-wound dc motor?\na) Low starting torque\nb) Suitable for constant speed use\nc) High starting torque"", ""question"": ""296. What is the principal advantage of the series-wound dc motor?"", ""options"": [""Low starting torque"", ""Suitable for constant speed use"", ""High starting torque""], ""correct"": null, ""answer_text"": null, ""category"": null, ""source_file"": ""261722955-Module-3.pdf"", ""source_module"": ""M3"", ""fmt"": ""pdf"", ""module"": ""M3"", ""syllabusRef"": ""M3.1.5"", ""level"": null, ""difficulty"": ""MEDIUM""}"
M3,,,Interpole windings fitted to DC series wound generators are,in series with the field,in parallel with the armature,in series with the armature,,,MEDIUM,,,,DRAFT,NEEDS_ANSWER — answer not provided in source; solve via Suntech corpus or admin review,1,261722955-Module-3.pdf,"{""raw"": ""297. Interpole windings fitted to DC series wound generators are\na) in series with the field\nb) in parallel with the armature\nc) in series with the armature"", ""question"": ""Interpole windings fitted to DC series wound generators are"", ""options"": [""in series with the field"", ""in parallel with the armature"", ""in series with the armature""], ""correct"": null, ""answer_text"": null, ""category"": null, ""source_file"": ""261722955-Module-3.pdf"", ""source_module"": ""M3"", ""fmt"": ""pdf"", ""module"": ""M3"", ""difficulty"": ""MEDIUM""}"
M3,M3.1.5,,One of the chief advantages of alternating current is that it can be,AC by means of transformers,DC by means of transformers,DC by means of inverters,,,MEDIUM,,,,DRAFT,NEEDS_ANSWER — answer not provided in source; solve via Suntech corpus or admin review,1,261722955-Module-3.pdf,"{""raw"": ""298. One of the chief advantages of alternating current is that it can be\ntransmitted at a high voltage with a low power loss; the voltage can then be\nchanged to any desired value of\na) AC by means of transformers\nb) DC by means of transformers\nc) DC by means of inverters\nPage 36\nModule 3 – Electrical Fundamentals\nSample Questions"", ""question"": ""One of the chief advantages of alternating current is that it can be"", ""options"": [""AC by means of transformers"", ""DC by means of transformers"", ""DC by means of inverters""], ""correct"": null, ""answer_text"": null, ""category"": null, ""source_file"": ""261722955-Module-3.pdf"", ""source_module"": ""M3"", ""fmt"": ""pdf"", ""module"": ""M3"", ""syllabusRef"": ""M3.1.5"", ""level"": null, ""difficulty"": ""MEDIUM""}"
M3,M3.3.2,2,An AC generator is producing the required voltage but a higher,"Decrease the speed of the prime mover, and then decrease the",Decrease the speed of the prime mover,"Decrease the speed of the prime mover, and then increase the strength",,,MEDIUM,,,,DRAFT,NEEDS_ANSWER — answer not provided in source; solve via Suntech corpus or admin review,1,261722955-Module-3.pdf,"{""raw"": ""299. An AC generator is producing the required voltage but a higher\nfrequency than that required. To remedy this, the following action must be\ntaken?\na) Decrease the speed of the prime mover, and then decrease the\nstrength of the field\nb) Decrease the speed of the prime mover\nc) Decrease the speed of the prime mover, and then increase the strength\nof the field"", ""question"": ""An AC generator is producing the required voltage but a higher"", ""options"": [""Decrease the speed of the prime mover, and then decrease the"", ""Decrease the speed of the prime mover"", ""Decrease the speed of the prime mover, and then increase the strength""], ""correct"": null, ""answer_text"": null, ""category"": null, ""source_file"": ""261722955-Module-3.pdf"", ""source_module"": ""M3"", ""fmt"": ""pdf"", ""module"": ""M3"", ""syllabusRef"": ""M3.3.2"", ""level"": 2, ""difficulty"": ""MEDIUM""}"
M3,M3.03.07,,ohms each and two of which have a resistance of 5 ohms each?,25.23 amperes,1 ampere,1.11 amperes,,,MEDIUM,300. How many amperes will a 28-volt generator be required to supply to a,,,DRAFT,NEEDS_ANSWER — answer not provided in source; solve via Suntech corpus or admin review,1,261722955-Module-3.pdf,"{""raw"": ""300. How many amperes will a 28-volt generator be required to supply to a\ncircuit containing five lamps in parallel, three of which have a resistance of 6\nohms each and two of which have a resistance of 5 ohms each?\na) 25.23 amperes\nb) 1 ampere\nc) 1.11 amperes"", ""question"": ""ohms each and two of which have a resistance of 5 ohms each?"", ""options"": [""25.23 amperes"", ""1 ampere"", ""1.11 amperes""], ""correct"": null, ""answer_text"": null, ""category"": ""300. How many amperes will a 28-volt generator be required to supply to a"", ""source_file"": ""261722955-Module-3.pdf"", ""source_module"": ""M3"", ""fmt"": ""pdf"", ""module"": ""M3"", ""syllabusRef"": ""M3.03.07"", ""level"": null, ""difficulty"": ""MEDIUM""}"
M3,M3.3.07(a),,The area of a hysteresis loop is proportional to the,energy dissipated in putting the material through a complete cycle of,relative permeability of the material being magnetized,energy absorbed in completely demagnetizing the material,,,MEDIUM,,,,DRAFT,NEEDS_ANSWER — answer not provided in source; solve via Suntech corpus or admin review,1,261722955-Module-3.pdf,"{""raw"": ""301. The area of a hysteresis loop is proportional to the\na) energy dissipated in putting the material through a complete cycle of\nmagnetization and demagnetization\nb) relative permeability of the material being magnetized\nc) energy absorbed in completely demagnetizing the material"", ""question"": ""The area of a hysteresis loop is proportional to the"", ""options"": [""energy dissipated in putting the material through a complete cycle of"", ""relative permeability of the material being magnetized"", ""energy absorbed in completely demagnetizing the material""], ""correct"": null, ""answer_text"": null, ""category"": null, ""source_file"": ""261722955-Module-3.pdf"", ""source_module"": ""M3"", ""fmt"": ""pdf"", ""module"": ""M3"", ""syllabusRef"": ""M3.3.07(a)"", ""level"": null, ""difficulty"": ""MEDIUM""}"
M3,M3.03.07,,The current flowing through a circuit can be increased to four times its,doubling the applied voltage and halving the resistance,halving the applied voltage and halving the resistance,doubling the resistance and doubling the applied voltage,,,MEDIUM,,,,DRAFT,NEEDS_ANSWER — answer not provided in source; solve via Suntech corpus or admin review,1,261722955-Module-3.pdf,"{""raw"": ""302. The current flowing through a circuit can be increased to four times its\noriginal value by\na) doubling the applied voltage and halving the resistance\nb) halving the applied voltage and halving the resistance\nc) doubling the resistance and doubling the applied voltage"", ""question"": ""The current flowing through a circuit can be increased to four times its"", ""options"": [""doubling the applied voltage and halving the resistance"", ""halving the applied voltage and halving the resistance"", ""doubling the resistance and doubling the applied voltage""], ""correct"": null, ""answer_text"": null, ""category"": null, ""source_file"": ""261722955-Module-3.pdf"", ""source_module"": ""M3"", ""fmt"": ""pdf"", ""module"": ""M3"", ""syllabusRef"": ""M3.03.07"", ""level"": null, ""difficulty"": ""MEDIUM""}"
M3,,,When more than two inductors of different inductances are connected,equal to the sum of the individual inductances,less than the inductance of the lowest rated inductor,equal to the inductance of the highest rated inductor,,,MEDIUM,,,,DRAFT,NEEDS_ANSWER — answer not provided in source; solve via Suntech corpus or admin review,1,261722955-Module-3.pdf,"{""raw"": ""303. When more than two inductors of different inductances are connected\nin parallel in a circuit, the total inductance is\na) equal to the sum of the individual inductances\nb) less than the inductance of the lowest rated inductor\nc) equal to the inductance of the highest rated inductor"", ""question"": ""When more than two inductors of different inductances are connected"", ""options"": [""equal to the sum of the individual inductances"", ""less than the inductance of the lowest rated inductor"", ""equal to the inductance of the highest rated inductor""], ""correct"": null, ""answer_text"": null, ""category"": null, ""source_file"": ""261722955-Module-3.pdf"", ""source_module"": ""M3"", ""fmt"": ""pdf"", ""module"": ""M3"", ""difficulty"": ""MEDIUM""}"
M3,,,304. What polarity do interpoles take in a DC generator?,the same as the next main pole ahead in the direction of rotation,the same as the next main pole behind in the direction of rotation,"either, providing they lay on M.N.A.",,,MEDIUM,,,,DRAFT,NEEDS_ANSWER — answer not provided in source; solve via Suntech corpus or admin review,1,261722955-Module-3.pdf,"{""raw"": ""304. What polarity do interpoles take in a DC generator?\na) the same as the next main pole ahead in the direction of rotation\nb) the same as the next main pole behind in the direction of rotation\nc) either, providing they lay on M.N.A."", ""question"": ""304. What polarity do interpoles take in a DC generator?"", ""options"": [""the same as the next main pole ahead in the direction of rotation"", ""the same as the next main pole behind in the direction of rotation"", ""either, providing they lay on M.N.A.""], ""correct"": null, ""answer_text"": null, ""category"": null, ""source_file"": ""261722955-Module-3.pdf"", ""source_module"": ""M3"", ""fmt"": ""pdf"", ""module"": ""M3"", ""difficulty"": ""MEDIUM""}"
M3,M3.03.07,,temperature increases?,It increases,It decreases,It remains the same,,,EASY,305. What happens to the resistance of a copper conductor when the,,,DRAFT,NEEDS_ANSWER — answer not provided in source; solve via Suntech corpus or admin review,1,261722955-Module-3.pdf,"{""raw"": ""305. What happens to the resistance of a copper conductor when the\ntemperature increases?\na) It increases\nb) It decreases\nc) It remains the same\nPage 37\nModule 3 – Electrical Fundamentals\nSample Questions"", ""question"": ""temperature increases?"", ""options"": [""It increases"", ""It decreases"", ""It remains the same""], ""correct"": null, ""answer_text"": null, ""category"": ""305. What happens to the resistance of a copper conductor when the"", ""source_file"": ""261722955-Module-3.pdf"", ""source_module"": ""M3"", ""fmt"": ""pdf"", ""module"": ""M3"", ""syllabusRef"": ""M3.03.07"", ""level"": null, ""difficulty"": ""EASY""}"
M3,,,The method most often used in overcoming the effect of armature,shaded poles,interpoles,drum-wound armatures in combination with a negatively connected,,,MEDIUM,,,,DRAFT,NEEDS_ANSWER — answer not provided in source; solve via Suntech corpus or admin review,1,261722955-Module-3.pdf,"{""raw"": ""306. The method most often used in overcoming the effect of armature\nreaction is through the use of\na) shaded poles\nb) interpoles\nc) drum-wound armatures in combination with a negatively connected\nseries field"", ""question"": ""The method most often used in overcoming the effect of armature"", ""options"": [""shaded poles"", ""interpoles"", ""drum-wound armatures in combination with a negatively connected""], ""correct"": null, ""answer_text"": null, ""category"": null, ""source_file"": ""261722955-Module-3.pdf"", ""source_module"": ""M3"", ""fmt"": ""pdf"", ""module"": ""M3"", ""difficulty"": ""MEDIUM""}"
M3,M3.3.9,2,The switch on a DC circuit containing a fully charged capacitor is,drops immediately to zero,starts to fall exponentially to zero,remains equal to the original charging voltage supply,,,MEDIUM,,,,DRAFT,NEEDS_ANSWER — answer not provided in source; solve via Suntech corpus or admin review,1,261722955-Module-3.pdf,"{""raw"": ""308. The switch on a DC circuit containing a fully charged capacitor is\nopened. The voltage across the capacitor\na) drops immediately to zero\nb) starts to fall exponentially to zero\nc) remains equal to the original charging voltage supply"", ""question"": ""The switch on a DC circuit containing a fully charged capacitor is"", ""options"": [""drops immediately to zero"", ""starts to fall exponentially to zero"", ""remains equal to the original charging voltage supply""], ""correct"": null, ""answer_text"": null, ""category"": null, ""source_file"": ""261722955-Module-3.pdf"", ""source_module"": ""M3"", ""fmt"": ""pdf"", ""module"": ""M3"", ""syllabusRef"": ""M3.3.9"", ""level"": 2, ""difficulty"": ""MEDIUM""}"
M3,M3.1.5,,"In a 3 phase generator with balanced load, the potential between the",equal to line volts,equal to phase volts,zero volts,,,MEDIUM,,,,DRAFT,NEEDS_ANSWER — answer not provided in source; solve via Suntech corpus or admin review,1,261722955-Module-3.pdf,"{""raw"": ""309. In a 3 phase generator with balanced load, the potential between the\nneutral point and earth is\na) equal to line volts\nb) equal to phase volts\nc) zero volts"", ""question"": ""In a 3 phase generator with balanced load, the potential between the"", ""options"": [""equal to line volts"", ""equal to phase volts"", ""zero volts""], ""correct"": null, ""answer_text"": null, ""category"": null, ""source_file"": ""261722955-Module-3.pdf"", ""source_module"": ""M3"", ""fmt"": ""pdf"", ""module"": ""M3"", ""syllabusRef"": ""M3.1.5"", ""level"": null, ""difficulty"": ""MEDIUM""}"
M3,M3.1.5,,the inductive reactance of a circuit?,Resistance and capacitive reactance,Resistance and voltage,Inductance and frequency,,,EASY,311. An increase in which of the following factors will cause an increase in,,,DRAFT,NEEDS_ANSWER — answer not provided in source; solve via Suntech corpus or admin review,1,261722955-Module-3.pdf,"{""raw"": ""311. An increase in which of the following factors will cause an increase in\nthe inductive reactance of a circuit?\na) Resistance and capacitive reactance\nb) Resistance and voltage\nc) Inductance and frequency"", ""question"": ""the inductive reactance of a circuit?"", ""options"": [""Resistance and capacitive reactance"", ""Resistance and voltage"", ""Inductance and frequency""], ""correct"": null, ""answer_text"": null, ""category"": ""311. An increase in which of the following factors will cause an increase in"", ""source_file"": ""261722955-Module-3.pdf"", ""source_module"": ""M3"", ""fmt"": ""pdf"", ""module"": ""M3"", ""syllabusRef"": ""M3.1.5"", ""level"": null, ""difficulty"": ""EASY""}"
M3,M3.3.07(a),,"In transformer operation, hysteresis losses are",current overcoming coil resistance,induced current in the iron core,energy wasted in reversing core magnetization,,,EASY,,,,DRAFT,NEEDS_ANSWER — answer not provided in source; solve via Suntech corpus or admin review,1,261722955-Module-3.pdf,"{""raw"": ""312. In transformer operation, hysteresis losses are\na) current overcoming coil resistance\nb) induced current in the iron core\nc) energy wasted in reversing core magnetization"", ""question"": ""In transformer operation, hysteresis losses are"", ""options"": [""current overcoming coil resistance"", ""induced current in the iron core"", ""energy wasted in reversing core magnetization""], ""correct"": null, ""answer_text"": null, ""category"": null, ""source_file"": ""261722955-Module-3.pdf"", ""source_module"": ""M3"", ""fmt"": ""pdf"", ""module"": ""M3"", ""syllabusRef"": ""M3.3.07(a)"", ""level"": null, ""difficulty"": ""EASY""}"
M3,,,"The starting current of a series-wound DC motor, in passing through",low starting torque,speed slightly higher when unloaded,high starting torque,,,MEDIUM,,,,DRAFT,NEEDS_ANSWER — answer not provided in source; solve via Suntech corpus or admin review,1,261722955-Module-3.pdf,"{""raw"": ""313. The starting current of a series-wound DC motor, in passing through\nboth the field and armature windings produces a\na) low starting torque\nb) speed slightly higher when unloaded\nc) high starting torque\nPage 38\nModule 3 – Electrical Fundamentals\nSample Questions"", ""question"": ""The starting current of a series-wound DC motor, in passing through"", ""options"": [""low starting torque"", ""speed slightly higher when unloaded"", ""high starting torque""], ""correct"": null, ""answer_text"": null, ""category"": null, ""source_file"": ""261722955-Module-3.pdf"", ""source_module"": ""M3"", ""fmt"": ""pdf"", ""module"": ""M3"", ""difficulty"": ""MEDIUM""}"
M3,,,A non-magnetic metal,has no permeability,has high retentivity,is a poor conductor,,,EASY,,,,DRAFT,NEEDS_ANSWER — answer not provided in source; solve via Suntech corpus or admin review,1,261722955-Module-3.pdf,"{""raw"": ""314. A non-magnetic metal\na) has no permeability\nb) has high retentivity\nc) is a poor conductor"", ""question"": ""A non-magnetic metal"", ""options"": [""has no permeability"", ""has high retentivity"", ""is a poor conductor""], ""correct"": null, ""answer_text"": null, ""category"": null, ""source_file"": ""261722955-Module-3.pdf"", ""source_module"": ""M3"", ""fmt"": ""pdf"", ""module"": ""M3"", ""difficulty"": ""EASY""}"
M3,,,The power output of an AC parallel generator system is measured in,KVA,KW / KVARS,amperes,,,MEDIUM,,,,DRAFT,NEEDS_ANSWER — answer not provided in source; solve via Suntech corpus or admin review,1,261722955-Module-3.pdf,"{""raw"": ""315. The power output of an AC parallel generator system is measured in\na) KVA\nb) KW / KVARS\nc) amperes"", ""question"": ""The power output of an AC parallel generator system is measured in"", ""options"": [""KVA"", ""KW / KVARS"", ""amperes""], ""correct"": null, ""answer_text"": null, ""category"": null, ""source_file"": ""261722955-Module-3.pdf"", ""source_module"": ""M3"", ""fmt"": ""pdf"", ""module"": ""M3"", ""difficulty"": ""MEDIUM""}"
M3,,,The shape of the output waveform of an AC generator is known as a,sine wave,cosine wave,frequency wave,,,MEDIUM,,,,DRAFT,NEEDS_ANSWER — answer not provided in source; solve via Suntech corpus or admin review,1,261722955-Module-3.pdf,"{""raw"": ""316. The shape of the output waveform of an AC generator is known as a\na) sine wave\nb) cosine wave\nc) frequency wave"", ""question"": ""The shape of the output waveform of an AC generator is known as a"", ""options"": [""sine wave"", ""cosine wave"", ""frequency wave""], ""correct"": null, ""answer_text"": null, ""category"": null, ""source_file"": ""261722955-Module-3.pdf"", ""source_module"": ""M3"", ""fmt"": ""pdf"", ""module"": ""M3"", ""difficulty"": ""MEDIUM""}"
M3,M3.03.07,,To increase the speed of a shunt motor a resistance is placed,in series with the armature,in parallel with the field,in series with the field,,,MEDIUM,,,,DRAFT,NEEDS_ANSWER — answer not provided in source; solve via Suntech corpus or admin review,1,261722955-Module-3.pdf,"{""raw"": ""318. To increase the speed of a shunt motor a resistance is placed\na) in series with the armature\nb) in parallel with the field\nc) in series with the field"", ""question"": ""To increase the speed of a shunt motor a resistance is placed"", ""options"": [""in series with the armature"", ""in parallel with the field"", ""in series with the field""], ""correct"": null, ""answer_text"": null, ""category"": null, ""source_file"": ""261722955-Module-3.pdf"", ""source_module"": ""M3"", ""fmt"": ""pdf"", ""module"": ""M3"", ""syllabusRef"": ""M3.03.07"", ""level"": null, ""difficulty"": ""MEDIUM""}"
M3,,,Frequency (Hz) is the number of cycles per,revolution,minute,second,,,EASY,,,,DRAFT,NEEDS_ANSWER — answer not provided in source; solve via Suntech corpus or admin review,1,261722955-Module-3.pdf,"{""raw"": ""319. Frequency (Hz) is the number of cycles per\na) revolution\nb) minute\nc) second"", ""question"": ""Frequency (Hz) is the number of cycles per"", ""options"": [""revolution"", ""minute"", ""second""], ""correct"": null, ""answer_text"": null, ""category"": null, ""source_file"": ""261722955-Module-3.pdf"", ""source_module"": ""M3"", ""fmt"": ""pdf"", ""module"": ""M3"", ""difficulty"": ""EASY""}"
M3,,,In a series resistive circuit,the total voltage equals the difference between the individual voltages,the total voltage is equal to the sum of the individual voltages,the total voltage is the same as the highest individual,,,EASY,,,,DRAFT,NEEDS_ANSWER — answer not provided in source; solve via Suntech corpus or admin review,1,261722955-Module-3.pdf,"{""raw"": ""320. In a series resistive circuit\na) the total voltage equals the difference between the individual voltages\nb) the total voltage is equal to the sum of the individual voltages\nc) the total voltage is the same as the highest individual"", ""question"": ""In a series resistive circuit"", ""options"": [""the total voltage equals the difference between the individual voltages"", ""the total voltage is equal to the sum of the individual voltages"", ""the total voltage is the same as the highest individual""], ""correct"": null, ""answer_text"": null, ""category"": null, ""source_file"": ""261722955-Module-3.pdf"", ""source_module"": ""M3"", ""fmt"": ""pdf"", ""module"": ""M3"", ""difficulty"": ""EASY""}"
M3,,,The sum of the instantaneous E.M.F's in a three phase system is,equal to the line voltage,three times the phase voltage,zero,,,MEDIUM,,,,DRAFT,NEEDS_ANSWER — answer not provided in source; solve via Suntech corpus or admin review,1,261722955-Module-3.pdf,"{""raw"": ""322. The sum of the instantaneous E.M.F's in a three phase system is\na) equal to the line voltage\nb) three times the phase voltage\nc) zero\nPage 39\nModule 3 – Electrical Fundamentals\nSample Questions"", ""question"": ""The sum of the instantaneous E.M.F's in a three phase system is"", ""options"": [""equal to the line voltage"", ""three times the phase voltage"", ""zero""], ""correct"": null, ""answer_text"": null, ""category"": null, ""source_file"": ""261722955-Module-3.pdf"", ""source_module"": ""M3"", ""fmt"": ""pdf"", ""module"": ""M3"", ""difficulty"": ""MEDIUM""}"
M3,M3.3.9,2,A capacitor is a barrier to,both,A.C,D.C,,,EASY,,,,DRAFT,NEEDS_ANSWER — answer not provided in source; solve via Suntech corpus or admin review,1,261722955-Module-3.pdf,"{""raw"": ""323. A capacitor is a barrier to\na) both\nb) A.C\nc) D.C"", ""question"": ""A capacitor is a barrier to"", ""options"": [""both"", ""A.C"", ""D.C""], ""correct"": null, ""answer_text"": null, ""category"": null, ""source_file"": ""261722955-Module-3.pdf"", ""source_module"": ""M3"", ""fmt"": ""pdf"", ""module"": ""M3"", ""syllabusRef"": ""M3.3.9"", ""level"": 2, ""difficulty"": ""EASY""}"
M3,,,One revolution of a three phase generator will produce,3 cycles,2 cycles,1 cycle,,,MEDIUM,,,,DRAFT,NEEDS_ANSWER — answer not provided in source; solve via Suntech corpus or admin review,1,261722955-Module-3.pdf,"{""raw"": ""324. One revolution of a three phase generator will produce\na) 3 cycles\nb) 2 cycles\nc) 1 cycle"", ""question"": ""One revolution of a three phase generator will produce"", ""options"": [""3 cycles"", ""2 cycles"", ""1 cycle""], ""correct"": null, ""answer_text"": null, ""category"": null, ""source_file"": ""261722955-Module-3.pdf"", ""source_module"": ""M3"", ""fmt"": ""pdf"", ""module"": ""M3"", ""difficulty"": ""MEDIUM""}"
M3,,,If the North pole of a magnet is brought nearer to the North pole of,attraction between them will be increased,repulsion between them will be increased,repulsion between them will be reduced,,,MEDIUM,,,,DRAFT,NEEDS_ANSWER — answer not provided in source; solve via Suntech corpus or admin review,1,261722955-Module-3.pdf,"{""raw"": ""325. If the North pole of a magnet is brought nearer to the North pole of\nanother magnet\na) attraction between them will be increased\nb) repulsion between them will be increased\nc) repulsion between them will be reduced"", ""question"": ""If the North pole of a magnet is brought nearer to the North pole of"", ""options"": [""attraction between them will be increased"", ""repulsion between them will be increased"", ""repulsion between them will be reduced""], ""correct"": null, ""answer_text"": null, ""category"": null, ""source_file"": ""261722955-Module-3.pdf"", ""source_module"": ""M3"", ""fmt"": ""pdf"", ""module"": ""M3"", ""difficulty"": ""MEDIUM""}"
M3,M3.1.5,,"A 200 volt motor is taking 10 amperes armature current, the armature",201 volts,199 volts,1 volt,,,MEDIUM,,,,DRAFT,NEEDS_ANSWER — answer not provided in source; solve via Suntech corpus or admin review,1,261722955-Module-3.pdf,"{""raw"": ""326. A 200 volt motor is taking 10 amperes armature current, the armature\nresistance is 0.1 ohm. The B.EMF under these conditions will be\na) 201 volts\nb) 199 volts\nc) 1 volt"", ""question"": ""A 200 volt motor is taking 10 amperes armature current, the armature"", ""options"": [""201 volts"", ""199 volts"", ""1 volt""], ""correct"": null, ""answer_text"": null, ""category"": null, ""source_file"": ""261722955-Module-3.pdf"", ""source_module"": ""M3"", ""fmt"": ""pdf"", ""module"": ""M3"", ""syllabusRef"": ""M3.1.5"", ""level"": null, ""difficulty"": ""MEDIUM""}"
M3,,,What is the effect of inserting an iron core into a current carrying coil?,The flux density of the original magnetic field produced by the coil is,The flux density of the original magnetic field remains constant,The core tends to move from a stronger to a weaker part of the field,,,MEDIUM,,,,DRAFT,NEEDS_ANSWER — answer not provided in source; solve via Suntech corpus or admin review,1,261722955-Module-3.pdf,"{""raw"": ""327. What is the effect of inserting an iron core into a current carrying coil?\na) The flux density of the original magnetic field produced by the coil is\nincreased\nb) The flux density of the original magnetic field remains constant\nc) The core tends to move from a stronger to a weaker part of the field"", ""question"": ""What is the effect of inserting an iron core into a current carrying coil?"", ""options"": [""The flux density of the original magnetic field produced by the coil is"", ""The flux density of the original magnetic field remains constant"", ""The core tends to move from a stronger to a weaker part of the field""], ""correct"": null, ""answer_text"": null, ""category"": null, ""source_file"": ""261722955-Module-3.pdf"", ""source_module"": ""M3"", ""fmt"": ""pdf"", ""module"": ""M3"", ""difficulty"": ""MEDIUM""}"
M3,,,"0.12microfarad, respectively?",0.04 µF,0.04 pF,0.4 µF,,,EASY,,,,DRAFT,NEEDS_ANSWER — answer not provided in source; solve via Suntech corpus or admin review,1,261722955-Module-3.pdf,"{""raw"": ""0.12microfarad, respectively?\na) 0.04 µF\nb) 0.04 pF\nc) 0.4 µF"", ""question"": ""0.12microfarad, respectively?"", ""options"": [""0.04 µF"", ""0.04 pF"", ""0.4 µF""], ""correct"": null, ""answer_text"": null, ""category"": null, ""source_file"": ""261722955-Module-3.pdf"", ""source_module"": ""M3"", ""fmt"": ""pdf"", ""module"": ""M3"", ""difficulty"": ""EASY""}"
M3,M3.03.07,,The frequency of a power wave in an AC resistance circuit is,the same as the frequency for voltage and current,half the frequency for voltage and current,twice the frequency for voltage and current,,,MEDIUM,,,,DRAFT,NEEDS_ANSWER — answer not provided in source; solve via Suntech corpus or admin review,1,261722955-Module-3.pdf,"{""raw"": ""330. The frequency of a power wave in an AC resistance circuit is\na) the same as the frequency for voltage and current\nb) half the frequency for voltage and current\nc) twice the frequency for voltage and current\nPage 40\nModule 3 – Electrical Fundamentals\nSample Questions"", ""question"": ""The frequency of a power wave in an AC resistance circuit is"", ""options"": [""the same as the frequency for voltage and current"", ""half the frequency for voltage and current"", ""twice the frequency for voltage and current""], ""correct"": null, ""answer_text"": null, ""category"": null, ""source_file"": ""261722955-Module-3.pdf"", ""source_module"": ""M3"", ""fmt"": ""pdf"", ""module"": ""M3"", ""syllabusRef"": ""M3.03.07"", ""level"": null, ""difficulty"": ""MEDIUM""}"
M3,,,The reading on the ammeter in the circuit shown is,3A,6A,12A,,,MEDIUM,,,,DRAFT,NEEDS_ANSWER — answer not provided in source; solve via Suntech corpus or admin review,1,261722955-Module-3.pdf,"{""raw"": ""331. The reading on the ammeter in the circuit shown is\na) 3A\nb) 6A\nc) 12A"", ""question"": ""The reading on the ammeter in the circuit shown is"", ""options"": [""3A"", ""6A"", ""12A""], ""correct"": null, ""answer_text"": null, ""category"": null, ""source_file"": ""261722955-Module-3.pdf"", ""source_module"": ""M3"", ""fmt"": ""pdf"", ""module"": ""M3"", ""difficulty"": ""MEDIUM""}"
M3,,,The 'A' phase of a three phase power system is colour coded,blue,yellow,red,,,MEDIUM,,,,DRAFT,NEEDS_ANSWER — answer not provided in source; solve via Suntech corpus or admin review,1,261722955-Module-3.pdf,"{""raw"": ""332. The 'A' phase of a three phase power system is colour coded\na) blue\nb) yellow\nc) red"", ""question"": ""The 'A' phase of a three phase power system is colour coded"", ""options"": [""blue"", ""yellow"", ""red""], ""correct"": null, ""answer_text"": null, ""category"": null, ""source_file"": ""261722955-Module-3.pdf"", ""source_module"": ""M3"", ""fmt"": ""pdf"", ""module"": ""M3"", ""difficulty"": ""MEDIUM""}"
M3,M3.1.5,,What is a method used for restoring generator field residual,Flash the fields,Reseat the brushes,Energize the armature,,,MEDIUM,,,,DRAFT,NEEDS_ANSWER — answer not provided in source; solve via Suntech corpus or admin review,1,261722955-Module-3.pdf,"{""raw"": ""334. What is a method used for restoring generator field residual\nmagnetism?\na) Flash the fields\nb) Reseat the brushes\nc) Energize the armature"", ""question"": ""What is a method used for restoring generator field residual"", ""options"": [""Flash the fields"", ""Reseat the brushes"", ""Energize the armature""], ""correct"": null, ""answer_text"": null, ""category"": null, ""source_file"": ""261722955-Module-3.pdf"", ""source_module"": ""M3"", ""fmt"": ""pdf"", ""module"": ""M3"", ""syllabusRef"": ""M3.1.5"", ""level"": null, ""difficulty"": ""MEDIUM""}"
M3,M3.3.9,2,A 1µF capacitor is equivalent to,"0.000,001 Farads","1,000,000 Farads",0.001 Farads,,,EASY,,,,DRAFT,NEEDS_ANSWER — answer not provided in source; solve via Suntech corpus or admin review,1,261722955-Module-3.pdf,"{""raw"": ""335. A 1µF capacitor is equivalent to\na) 0.000,001 Farads\nb) 1,000,000 Farads\nc) 0.001 Farads"", ""question"": ""A 1µF capacitor is equivalent to"", ""options"": [""0.000,001 Farads"", ""1,000,000 Farads"", ""0.001 Farads""], ""correct"": null, ""answer_text"": null, ""category"": null, ""source_file"": ""261722955-Module-3.pdf"", ""source_module"": ""M3"", ""fmt"": ""pdf"", ""module"": ""M3"", ""syllabusRef"": ""M3.3.9"", ""level"": 2, ""difficulty"": ""EASY""}"
M3,,,The opposition offered by a coil to the flow of alternating current is,impedance,reluctance,inductive reactance,,,MEDIUM,,,,DRAFT,NEEDS_ANSWER — answer not provided in source; solve via Suntech corpus or admin review,1,261722955-Module-3.pdf,"{""raw"": ""336. The opposition offered by a coil to the flow of alternating current is\ncalled (disregard resistance)\na) impedance\nb) reluctance\nc) inductive reactance"", ""question"": ""The opposition offered by a coil to the flow of alternating current is"", ""options"": [""impedance"", ""reluctance"", ""inductive reactance""], ""correct"": null, ""answer_text"": null, ""category"": null, ""source_file"": ""261722955-Module-3.pdf"", ""source_module"": ""M3"", ""fmt"": ""pdf"", ""module"": ""M3"", ""difficulty"": ""MEDIUM""}"
M3,M3.3.2,2,A high surge of current is required when a DC electric motor is first,the applied emf increases proportionally,the counter emf decreases proportionally,"the counter emf builds up and opposes the applied emf, thus reducing",,,MEDIUM,,,,DRAFT,NEEDS_ANSWER — answer not provided in source; solve via Suntech corpus or admin review,1,261722955-Module-3.pdf,"{""raw"": ""338. A high surge of current is required when a DC electric motor is first\nstarted. As the speed of the motor increase\na) the applied emf increases proportionally\nb) the counter emf decreases proportionally\nc) the counter emf builds up and opposes the applied emf, thus reducing\nthe current flow through the armature"", ""question"": ""A high surge of current is required when a DC electric motor is first"", ""options"": [""the applied emf increases proportionally"", ""the counter emf decreases proportionally"", ""the counter emf builds up and opposes the applied emf, thus reducing""], ""correct"": null, ""answer_text"": null, ""category"": null, ""source_file"": ""261722955-Module-3.pdf"", ""source_module"": ""M3"", ""fmt"": ""pdf"", ""module"": ""M3"", ""syllabusRef"": ""M3.3.2"", ""level"": 2, ""difficulty"": ""MEDIUM""}"
M3,M3.03.02,,The various parts of an aircraft airframe are maintained at the same,the supply bus-bars,static discharge wicks,bonding,,,MEDIUM,,,,DRAFT,NEEDS_ANSWER — answer not provided in source; solve via Suntech corpus or admin review,1,261722955-Module-3.pdf,"{""raw"": ""339. The various parts of an aircraft airframe are maintained at the same\npotential by\na) the supply bus-bars\nb) static discharge wicks\nc) bonding"", ""question"": ""The various parts of an aircraft airframe are maintained at the same"", ""options"": [""the supply bus-bars"", ""static discharge wicks"", ""bonding""], ""correct"": null, ""answer_text"": null, ""category"": null, ""source_file"": ""261722955-Module-3.pdf"", ""source_module"": ""M3"", ""fmt"": ""pdf"", ""module"": ""M3"", ""syllabusRef"": ""M3.03.02"", ""level"": null, ""difficulty"": ""MEDIUM""}"
M3,M3.03.08,,When two capacitors are connected in series,the charge stored on each is directly proportional to its capacitance,the charge stored on each is the same,the charge stored on each is inversely proportional to the voltage,,,EASY,,,,DRAFT,NEEDS_ANSWER — answer not provided in source; solve via Suntech corpus or admin review,1,261722955-Module-3.pdf,"{""raw"": ""340. When two capacitors are connected in series\na) the charge stored on each is directly proportional to its capacitance\nb) the charge stored on each is the same\nc) the charge stored on each is inversely proportional to the voltage\nacross it"", ""question"": ""When two capacitors are connected in series"", ""options"": [""the charge stored on each is directly proportional to its capacitance"", ""the charge stored on each is the same"", ""the charge stored on each is inversely proportional to the voltage""], ""correct"": null, ""answer_text"": null, ""category"": null, ""source_file"": ""261722955-Module-3.pdf"", ""source_module"": ""M3"", ""fmt"": ""pdf"", ""module"": ""M3"", ""syllabusRef"": ""M3.03.08"", ""level"": null, ""difficulty"": ""EASY""}"
M3,,,Aircraft generators are cooled by,oil cooling radiators around the main body,fuel cooling radiators,ram air,,,EASY,,,,DRAFT,NEEDS_ANSWER — answer not provided in source; solve via Suntech corpus or admin review,1,261722955-Module-3.pdf,"{""raw"": ""341. Aircraft generators are cooled by\na) oil cooling radiators around the main body\nb) fuel cooling radiators\nc) ram air"", ""question"": ""Aircraft generators are cooled by"", ""options"": [""oil cooling radiators around the main body"", ""fuel cooling radiators"", ""ram air""], ""correct"": null, ""answer_text"": null, ""category"": null, ""source_file"": ""261722955-Module-3.pdf"", ""source_module"": ""M3"", ""fmt"": ""pdf"", ""module"": ""M3"", ""difficulty"": ""EASY""}"
M3,M3.3.9,2,The charge on a capacitor is expressed as,the ratio Q/V,the product Q x V,the product C x V,,,EASY,,,,DRAFT,NEEDS_ANSWER — answer not provided in source; solve via Suntech corpus or admin review,1,261722955-Module-3.pdf,"{""raw"": ""343. The charge on a capacitor is expressed as\na) the ratio Q/V\nb) the product Q x V\nc) the product C x V"", ""question"": ""The charge on a capacitor is expressed as"", ""options"": [""the ratio Q/V"", ""the product Q x V"", ""the product C x V""], ""correct"": null, ""answer_text"": null, ""category"": null, ""source_file"": ""261722955-Module-3.pdf"", ""source_module"": ""M3"", ""fmt"": ""pdf"", ""module"": ""M3"", ""syllabusRef"": ""M3.3.9"", ""level"": 2, ""difficulty"": ""EASY""}"
M3,,,A shunt is used with,an ammeter,an ohmmeter,a voltmeter,,,EASY,,,,DRAFT,NEEDS_ANSWER — answer not provided in source; solve via Suntech corpus or admin review,1,261722955-Module-3.pdf,"{""raw"": ""344. A shunt is used with\na) an ammeter\nb) an ohmmeter\nc) a voltmeter"", ""question"": ""A shunt is used with"", ""options"": [""an ammeter"", ""an ohmmeter"", ""a voltmeter""], ""correct"": null, ""answer_text"": null, ""category"": null, ""source_file"": ""261722955-Module-3.pdf"", ""source_module"": ""M3"", ""fmt"": ""pdf"", ""module"": ""M3"", ""difficulty"": ""EASY""}"
M3,M3.03.07,,The resistance of the current return path through the aircraft is always,generator is properly grounded,voltage drop across the circuit is checked,structure is adequately bonded,,,MEDIUM,,,,DRAFT,NEEDS_ANSWER — answer not provided in source; solve via Suntech corpus or admin review,1,261722955-Module-3.pdf,"{""raw"": ""345. The resistance of the current return path through the aircraft is always\nconsidered negligible, provided the\na) generator is properly grounded\nb) voltage drop across the circuit is checked\nc) structure is adequately bonded\nPage 42\nModule 3 – Electrical Fundamentals\nSample Questions"", ""question"": ""The resistance of the current return path through the aircraft is always"", ""options"": [""generator is properly grounded"", ""voltage drop across the circuit is checked"", ""structure is adequately bonded""], ""correct"": null, ""answer_text"": null, ""category"": null, ""source_file"": ""261722955-Module-3.pdf"", ""source_module"": ""M3"", ""fmt"": ""pdf"", ""module"": ""M3"", ""syllabusRef"": ""M3.03.07"", ""level"": null, ""difficulty"": ""MEDIUM""}"
M3,,,An ammeter is connected into a circuit in,parallel,shunt,series,,,EASY,,,,DRAFT,NEEDS_ANSWER — answer not provided in source; solve via Suntech corpus or admin review,1,261722955-Module-3.pdf,"{""raw"": ""346. An ammeter is connected into a circuit in\na) parallel\nb) shunt\nc) series"", ""question"": ""An ammeter is connected into a circuit in"", ""options"": [""parallel"", ""shunt"", ""series""], ""correct"": null, ""answer_text"": null, ""category"": null, ""source_file"": ""261722955-Module-3.pdf"", ""source_module"": ""M3"", ""fmt"": ""pdf"", ""module"": ""M3"", ""difficulty"": ""EASY""}"
M3,M3.03.03,,"When handling a high voltage capacitor in an electrical circuit, be sure",has a full charge before removing it from the circuit,is fully discharged before removing it from the circuit,has at least a residual charge before removing it from the circuit,,,MEDIUM,,,,DRAFT,NEEDS_ANSWER — answer not provided in source; solve via Suntech corpus or admin review,1,261722955-Module-3.pdf,"{""raw"": ""347. When handling a high voltage capacitor in an electrical circuit, be sure\nit\na) has a full charge before removing it from the circuit\nb) is fully discharged before removing it from the circuit\nc) has at least a residual charge before removing it from the circuit"", ""question"": ""When handling a high voltage capacitor in an electrical circuit, be sure"", ""options"": [""has a full charge before removing it from the circuit"", ""is fully discharged before removing it from the circuit"", ""has at least a residual charge before removing it from the circuit""], ""correct"": null, ""answer_text"": null, ""category"": null, ""source_file"": ""261722955-Module-3.pdf"", ""source_module"": ""M3"", ""fmt"": ""pdf"", ""module"": ""M3"", ""syllabusRef"": ""M3.03.03"", ""level"": null, ""difficulty"": ""MEDIUM""}"
M3,M3.03.08,,When a circuit with a series inductance and capacitance is at resonant,the current in the circuit decreases,the impedance of the circuit is such that the voltage is in phase with the,the impedance of the circuit is such that the voltage leads the current,,,MEDIUM,,,,DRAFT,NEEDS_ANSWER — answer not provided in source; solve via Suntech corpus or admin review,1,261722955-Module-3.pdf,"{""raw"": ""348. When a circuit with a series inductance and capacitance is at resonant\nfrequency\na) the current in the circuit decreases\nb) the impedance of the circuit is such that the voltage is in phase with the\ncurrent\nc) the impedance of the circuit is such that the voltage leads the current\nby exactly 90 degrees"", ""question"": ""When a circuit with a series inductance and capacitance is at resonant"", ""options"": [""the current in the circuit decreases"", ""the impedance of the circuit is such that the voltage is in phase with the"", ""the impedance of the circuit is such that the voltage leads the current""], ""correct"": null, ""answer_text"": null, ""category"": null, ""source_file"": ""261722955-Module-3.pdf"", ""source_module"": ""M3"", ""fmt"": ""pdf"", ""module"": ""M3"", ""syllabusRef"": ""M3.03.08"", ""level"": null, ""difficulty"": ""MEDIUM""}"
M3,,,"In an AC circuit, the effective voltage is",equal to the maximum instantaneous voltage,greater than the maximum instantaneous voltage,less than the maximum instantaneous voltage,,,EASY,,,,DRAFT,NEEDS_ANSWER — answer not provided in source; solve via Suntech corpus or admin review,1,261722955-Module-3.pdf,"{""raw"": ""349. In an AC circuit, the effective voltage is\na) equal to the maximum instantaneous voltage\nb) greater than the maximum instantaneous voltage\nc) less than the maximum instantaneous voltage"", ""question"": ""In an AC circuit, the effective voltage is"", ""options"": [""equal to the maximum instantaneous voltage"", ""greater than the maximum instantaneous voltage"", ""less than the maximum instantaneous voltage""], ""correct"": null, ""answer_text"": null, ""category"": null, ""source_file"": ""261722955-Module-3.pdf"", ""source_module"": ""M3"", ""fmt"": ""pdf"", ""module"": ""M3"", ""difficulty"": ""EASY""}"
M3,,,On a combined DC starter - generator system,the voltage regulator is connected to the shunt field after the start cycle,the series coil is open circuit during the engine start sequence,the voltage regulator controls the start sequence during engine starting,,,EASY,,,,DRAFT,NEEDS_ANSWER — answer not provided in source; solve via Suntech corpus or admin review,1,261722955-Module-3.pdf,"{""raw"": ""350. On a combined DC starter - generator system\na) the voltage regulator is connected to the shunt field after the start cycle\nis completed\nb) the series coil is open circuit during the engine start sequence\nc) the voltage regulator controls the start sequence during engine starting"", ""question"": ""On a combined DC starter - generator system"", ""options"": [""the voltage regulator is connected to the shunt field after the start cycle"", ""the series coil is open circuit during the engine start sequence"", ""the voltage regulator controls the start sequence during engine starting""], ""correct"": null, ""answer_text"": null, ""category"": null, ""source_file"": ""261722955-Module-3.pdf"", ""source_module"": ""M3"", ""fmt"": ""pdf"", ""module"": ""M3"", ""difficulty"": ""EASY""}"
M3,M3.03.07,,is 1A. How much true power is the circuit consuming?,30VA,30W,10W,,,MEDIUM,"351. A pure capacitor, inductor and resistor are connected in series and the",,,DRAFT,NEEDS_ANSWER — answer not provided in source; solve via Suntech corpus or admin review,1,261722955-Module-3.pdf,"{""raw"": ""351. A pure capacitor, inductor and resistor are connected in series and the\nvoltage drops across each are 10V and the total current flowing in the circuit\nis 1A. How much true power is the circuit consuming?\na) 30VA\nb) 30W\nc) 10W"", ""question"": ""is 1A. How much true power is the circuit consuming?"", ""options"": [""30VA"", ""30W"", ""10W""], ""correct"": null, ""answer_text"": null, ""category"": ""351. A pure capacitor, inductor and resistor are connected in series and the"", ""source_file"": ""261722955-Module-3.pdf"", ""source_module"": ""M3"", ""fmt"": ""pdf"", ""module"": ""M3"", ""syllabusRef"": ""M3.03.07"", ""level"": null, ""difficulty"": ""MEDIUM""}"
M3,M3.3.2,2,is their approximate resonant frequency?,62Hz,3.2MHz,1.6kHz,,,EASY,352. If a capacitor 1µF and an inductor 10mH are connected in parallel what,,,DRAFT,NEEDS_ANSWER — answer not provided in source; solve via Suntech corpus or admin review,1,261722955-Module-3.pdf,"{""raw"": ""352. If a capacitor 1µF and an inductor 10mH are connected in parallel what\nis their approximate resonant frequency?\na) 62Hz\nb) 3.2MHz\nc) 1.6kHz"", ""question"": ""is their approximate resonant frequency?"", ""options"": [""62Hz"", ""3.2MHz"", ""1.6kHz""], ""correct"": null, ""answer_text"": null, ""category"": ""352. If a capacitor 1µF and an inductor 10mH are connected in parallel what"", ""source_file"": ""261722955-Module-3.pdf"", ""source_module"": ""M3"", ""fmt"": ""pdf"", ""module"": ""M3"", ""syllabusRef"": ""M3.3.2"", ""level"": 2, ""difficulty"": ""EASY""}"
M3,M3.3.2,2,Which wave form is stepped positive and negative with unequal length,Trapezoidal wave,Rectangular wave,Saw tooth wave,,,MEDIUM,,,,DRAFT,NEEDS_ANSWER — answer not provided in source; solve via Suntech corpus or admin review,1,261722955-Module-3.pdf,"{""raw"": ""353. Which wave form is stepped positive and negative with unequal length\nsides?\na) Trapezoidal wave\nb) Rectangular wave\nc) Saw tooth wave\nPage 43\nModule 3 – Electrical Fundamentals\nSample Questions"", ""question"": ""Which wave form is stepped positive and negative with unequal length"", ""options"": [""Trapezoidal wave"", ""Rectangular wave"", ""Saw tooth wave""], ""correct"": null, ""answer_text"": null, ""category"": null, ""source_file"": ""261722955-Module-3.pdf"", ""source_module"": ""M3"", ""fmt"": ""pdf"", ""module"": ""M3"", ""syllabusRef"": ""M3.3.2"", ""level"": 2, ""difficulty"": ""MEDIUM""}"
M3,M3.1.5,,The value of an AC sine wave that will give an equivalent heating effect,average value,RMS value,peak value,,,MEDIUM,,,,DRAFT,NEEDS_ANSWER — answer not provided in source; solve via Suntech corpus or admin review,1,261722955-Module-3.pdf,"{""raw"": ""354. The value of an AC sine wave that will give an equivalent heating effect\nin a DC resistor is the\na) average value\nb) RMS value\nc) peak value"", ""question"": ""The value of an AC sine wave that will give an equivalent heating effect"", ""options"": [""average value"", ""RMS value"", ""peak value""], ""correct"": null, ""answer_text"": null, ""category"": null, ""source_file"": ""261722955-Module-3.pdf"", ""source_module"": ""M3"", ""fmt"": ""pdf"", ""module"": ""M3"", ""syllabusRef"": ""M3.1.5"", ""level"": null, ""difficulty"": ""MEDIUM""}"
M3,,,355. Where is the magnetic dip least?,Poles,Equator,Isoclinals,,,EASY,,,,DRAFT,NEEDS_ANSWER — answer not provided in source; solve via Suntech corpus or admin review,1,261722955-Module-3.pdf,"{""raw"": ""355. Where is the magnetic dip least?\na) Poles\nb) Equator\nc) Isoclinals"", ""question"": ""355. Where is the magnetic dip least?"", ""options"": [""Poles"", ""Equator"", ""Isoclinals""], ""correct"": null, ""answer_text"": null, ""category"": null, ""source_file"": ""261722955-Module-3.pdf"", ""source_module"": ""M3"", ""fmt"": ""pdf"", ""module"": ""M3"", ""difficulty"": ""EASY""}"
M3,M3.3.07(a),,The dielectric constant of a capacitor is a measurement of,the electrostatic energy storing capacity of the capacitor dielectric,the electrical resistance of the capacitor dielectric,the electrical repulsion of electrons within the dielectric material,,,MEDIUM,,,,DRAFT,NEEDS_ANSWER — answer not provided in source; solve via Suntech corpus or admin review,1,261722955-Module-3.pdf,"{""raw"": ""356. The dielectric constant of a capacitor is a measurement of\na) the electrostatic energy storing capacity of the capacitor dielectric\nb) the electrical resistance of the capacitor dielectric\nc) the electrical repulsion of electrons within the dielectric material"", ""question"": ""The dielectric constant of a capacitor is a measurement of"", ""options"": [""the electrostatic energy storing capacity of the capacitor dielectric"", ""the electrical resistance of the capacitor dielectric"", ""the electrical repulsion of electrons within the dielectric material""], ""correct"": null, ""answer_text"": null, ""category"": null, ""source_file"": ""261722955-Module-3.pdf"", ""source_module"": ""M3"", ""fmt"": ""pdf"", ""module"": ""M3"", ""syllabusRef"": ""M3.3.07(a)"", ""level"": null, ""difficulty"": ""MEDIUM""}"
M3,M3.3.2,2,"To reverse the direction of rotation on a DC shunt motor, you must",the field windings or the armature windings,the armature windings only,the field windings and the armature windings,,,MEDIUM,,,,DRAFT,NEEDS_ANSWER — answer not provided in source; solve via Suntech corpus or admin review,1,261722955-Module-3.pdf,"{""raw"": ""357. To reverse the direction of rotation on a DC shunt motor, you must\nchange the direction of the current through\na) the field windings or the armature windings\nb) the armature windings only\nc) the field windings and the armature windings"", ""question"": ""To reverse the direction of rotation on a DC shunt motor, you must"", ""options"": [""the field windings or the armature windings"", ""the armature windings only"", ""the field windings and the armature windings""], ""correct"": null, ""answer_text"": null, ""category"": null, ""source_file"": ""261722955-Module-3.pdf"", ""source_module"": ""M3"", ""fmt"": ""pdf"", ""module"": ""M3"", ""syllabusRef"": ""M3.3.2"", ""level"": 2, ""difficulty"": ""MEDIUM""}"
M3,,,If the field current to a shunt wound DC motor is decreased when,reduce,increase,not change,,,MEDIUM,,,,DRAFT,NEEDS_ANSWER — answer not provided in source; solve via Suntech corpus or admin review,1,261722955-Module-3.pdf,"{""raw"": ""358. If the field current to a shunt wound DC motor is decreased when\noperating at a constant load, the motor speed will\na) reduce\nb) increase\nc) not change"", ""question"": ""If the field current to a shunt wound DC motor is decreased when"", ""options"": [""reduce"", ""increase"", ""not change""], ""correct"": null, ""answer_text"": null, ""category"": null, ""source_file"": ""261722955-Module-3.pdf"", ""source_module"": ""M3"", ""fmt"": ""pdf"", ""module"": ""M3"", ""difficulty"": ""MEDIUM""}"
M3,M3.3.1,1,An electric current is,a surplus of free electron,an excitement of electrons in a metal,an ordered flow of electrons,,,EASY,,,,DRAFT,NEEDS_ANSWER — answer not provided in source; solve via Suntech corpus or admin review,1,261722955-Module-3.pdf,"{""raw"": ""359. An electric current is\na) a surplus of free electron\nb) an excitement of electrons in a metal\nc) an ordered flow of electrons"", ""question"": ""An electric current is"", ""options"": [""a surplus of free electron"", ""an excitement of electrons in a metal"", ""an ordered flow of electrons""], ""correct"": null, ""answer_text"": null, ""category"": null, ""source_file"": ""261722955-Module-3.pdf"", ""source_module"": ""M3"", ""fmt"": ""pdf"", ""module"": ""M3"", ""syllabusRef"": ""M3.3.1"", ""level"": 1, ""difficulty"": ""EASY""}"
M3,,,An atom contains,molecules,hydrogen,electrons,,,EASY,,,,DRAFT,NEEDS_ANSWER — answer not provided in source; solve via Suntech corpus or admin review,1,261722955-Module-3.pdf,"{""raw"": ""360. An atom contains\na) molecules\nb) hydrogen\nc) electrons"", ""question"": ""An atom contains"", ""options"": [""molecules"", ""hydrogen"", ""electrons""], ""correct"": null, ""answer_text"": null, ""category"": null, ""source_file"": ""261722955-Module-3.pdf"", ""source_module"": ""M3"", ""fmt"": ""pdf"", ""module"": ""M3"", ""difficulty"": ""EASY""}"
M3,M3.03.07,,361. What causes a transformer to be noisy?,High coil resistance,An air gap in the core,High core losses,,,EASY,,,,DRAFT,NEEDS_ANSWER — answer not provided in source; solve via Suntech corpus or admin review,1,261722955-Module-3.pdf,"{""raw"": ""361. What causes a transformer to be noisy?\na) High coil resistance\nb) An air gap in the core\nc) High core losses"", ""question"": ""361. What causes a transformer to be noisy?"", ""options"": [""High coil resistance"", ""An air gap in the core"", ""High core losses""], ""correct"": null, ""answer_text"": null, ""category"": null, ""source_file"": ""261722955-Module-3.pdf"", ""source_module"": ""M3"", ""fmt"": ""pdf"", ""module"": ""M3"", ""syllabusRef"": ""M3.03.07"", ""level"": null, ""difficulty"": ""EASY""}"
M3,,,Carbon has a,negative temperature coefficient,positive temperature coefficient,temperature coefficient of zero,,,EASY,,,,DRAFT,NEEDS_ANSWER — answer not provided in source; solve via Suntech corpus or admin review,1,261722955-Module-3.pdf,"{""raw"": ""362. Carbon has a\na) negative temperature coefficient\nb) positive temperature coefficient\nc) temperature coefficient of zero\nPage 44\nModule 3 – Electrical Fundamentals\nSample Questions"", ""question"": ""Carbon has a"", ""options"": [""negative temperature coefficient"", ""positive temperature coefficient"", ""temperature coefficient of zero""], ""correct"": null, ""answer_text"": null, ""category"": null, ""source_file"": ""261722955-Module-3.pdf"", ""source_module"": ""M3"", ""fmt"": ""pdf"", ""module"": ""M3"", ""difficulty"": ""EASY""}"
M3,M3.1.5,,The peak factor for a sine wave is,0.707,1.414,1.11,,,EASY,,,,DRAFT,NEEDS_ANSWER — answer not provided in source; solve via Suntech corpus or admin review,1,261722955-Module-3.pdf,"{""raw"": ""363. The peak factor for a sine wave is\na) 0.707\nb) 1.414\nc) 1.11"", ""question"": ""The peak factor for a sine wave is"", ""options"": [""0.707"", ""1.414"", ""1.11""], ""correct"": null, ""answer_text"": null, ""category"": null, ""source_file"": ""261722955-Module-3.pdf"", ""source_module"": ""M3"", ""fmt"": ""pdf"", ""module"": ""M3"", ""syllabusRef"": ""M3.1.5"", ""level"": null, ""difficulty"": ""EASY""}"
M3,,,"364. If a motor is spinning at 50 cycles per second, how long is 1 cycle?",0.02 seconds,50 seconds,0.83 seconds,,,MEDIUM,,,,DRAFT,NEEDS_ANSWER — answer not provided in source; solve via Suntech corpus or admin review,1,261722955-Module-3.pdf,"{""raw"": ""364. If a motor is spinning at 50 cycles per second, how long is 1 cycle?\na) 0.02 seconds\nb) 50 seconds\nc) 0.83 seconds"", ""question"": ""364. If a motor is spinning at 50 cycles per second, how long is 1 cycle?"", ""options"": [""0.02 seconds"", ""50 seconds"", ""0.83 seconds""], ""correct"": null, ""answer_text"": null, ""category"": null, ""source_file"": ""261722955-Module-3.pdf"", ""source_module"": ""M3"", ""fmt"": ""pdf"", ""module"": ""M3"", ""difficulty"": ""MEDIUM""}"
M3,,,An integrated step input at unequal time base produces,a square wave,a sine wave,a saw tooth wave,,,MEDIUM,,,,DRAFT,NEEDS_ANSWER — answer not provided in source; solve via Suntech corpus or admin review,1,261722955-Module-3.pdf,"{""raw"": ""365. An integrated step input at unequal time base produces\na) a square wave\nb) a sine wave\nc) a saw tooth wave"", ""question"": ""An integrated step input at unequal time base produces"", ""options"": [""a square wave"", ""a sine wave"", ""a saw tooth wave""], ""correct"": null, ""answer_text"": null, ""category"": null, ""source_file"": ""261722955-Module-3.pdf"", ""source_module"": ""M3"", ""fmt"": ""pdf"", ""module"": ""M3"", ""difficulty"": ""MEDIUM""}"
M3,M3.3.9,2,366. A capacitor in series and inductor in parallel make what kind of filter?,Band pass,High pass,Low pass,,,MEDIUM,,,,DRAFT,NEEDS_ANSWER — answer not provided in source; solve via Suntech corpus or admin review,1,261722955-Module-3.pdf,"{""raw"": ""366. A capacitor in series and inductor in parallel make what kind of filter?\na) Band pass\nb) High pass\nc) Low pass"", ""question"": ""366. A capacitor in series and inductor in parallel make what kind of filter?"", ""options"": [""Band pass"", ""High pass"", ""Low pass""], ""correct"": null, ""answer_text"": null, ""category"": null, ""source_file"": ""261722955-Module-3.pdf"", ""source_module"": ""M3"", ""fmt"": ""pdf"", ""module"": ""M3"", ""syllabusRef"": ""M3.3.9"", ""level"": 2, ""difficulty"": ""MEDIUM""}"
M3,,,"If a load in series has a current passing through it, the magnetic field",the corkscrew rule,left hand rule,right hand rule,,,MEDIUM,,,,DRAFT,NEEDS_ANSWER — answer not provided in source; solve via Suntech corpus or admin review,1,261722955-Module-3.pdf,"{""raw"": ""367. If a load in series has a current passing through it, the magnetic field\ncan be worked out by using\na) the corkscrew rule\nb) left hand rule\nc) right hand rule"", ""question"": ""If a load in series has a current passing through it, the magnetic field"", ""options"": [""the corkscrew rule"", ""left hand rule"", ""right hand rule""], ""correct"": null, ""answer_text"": null, ""category"": null, ""source_file"": ""261722955-Module-3.pdf"", ""source_module"": ""M3"", ""fmt"": ""pdf"", ""module"": ""M3"", ""difficulty"": ""MEDIUM""}"
M3,M3.3.2,2,is the 5th wire carrying?,2A in,2A out,5A out,,,EASY,"368. If the current flowing into a junction is 5A, 3A, 4A in and 10A out. What",,,DRAFT,NEEDS_ANSWER — answer not provided in source; solve via Suntech corpus or admin review,1,261722955-Module-3.pdf,"{""raw"": ""368. If the current flowing into a junction is 5A, 3A, 4A in and 10A out. What\nis the 5th wire carrying?\na) 2A in\nb) 2A out\nc) 5A out"", ""question"": ""is the 5th wire carrying?"", ""options"": [""2A in"", ""2A out"", ""5A out""], ""correct"": null, ""answer_text"": null, ""category"": ""368. If the current flowing into a junction is 5A, 3A, 4A in and 10A out. What"", ""source_file"": ""261722955-Module-3.pdf"", ""source_module"": ""M3"", ""fmt"": ""pdf"", ""module"": ""M3"", ""syllabusRef"": ""M3.3.2"", ""level"": 2, ""difficulty"": ""EASY""}"
M3,,,"If an insulated conductor is placed near to a negatively charged rod,",negatively charged,positively charged,No change will occur,,,MEDIUM,,,,DRAFT,NEEDS_ANSWER — answer not provided in source; solve via Suntech corpus or admin review,1,261722955-Module-3.pdf,"{""raw"": ""369. If an insulated conductor is placed near to a negatively charged rod,\nthe nearest end of the conductor becomes\na) negatively charged\nb) positively charged\nc) No change will occur"", ""question"": ""If an insulated conductor is placed near to a negatively charged rod,"", ""options"": [""negatively charged"", ""positively charged"", ""No change will occur""], ""correct"": null, ""answer_text"": null, ""category"": null, ""source_file"": ""261722955-Module-3.pdf"", ""source_module"": ""M3"", ""fmt"": ""pdf"", ""module"": ""M3"", ""difficulty"": ""MEDIUM""}"
M3,M3.3.07(b),,would the color coding be?,"Brown, black, brown","Brown, black, black","Black, brown, black",,,EASY,"370. If 2 resistors, one red, yellow, black, gold and the other violet, blue,",,,DRAFT,NEEDS_ANSWER — answer not provided in source; solve via Suntech corpus or admin review,1,261722955-Module-3.pdf,"{""raw"": ""370. If 2 resistors, one red, yellow, black, gold and the other violet, blue,\nblack, silver were replaced by a single resistor. Ignoring tolerance, what\nwould the color coding be?\na) Brown, black, brown\nb) Brown, black, black\nc) Black, brown, black"", ""question"": ""would the color coding be?"", ""options"": [""Brown, black, brown"", ""Brown, black, black"", ""Black, brown, black""], ""correct"": null, ""answer_text"": null, ""category"": ""370. If 2 resistors, one red, yellow, black, gold and the other violet, blue,"", ""source_file"": ""261722955-Module-3.pdf"", ""source_module"": ""M3"", ""fmt"": ""pdf"", ""module"": ""M3"", ""syllabusRef"": ""M3.3.07(b)"", ""level"": null, ""difficulty"": ""EASY""}"
M3,M3.3.2,2,Germanium and silicon have how many electrons in their outer shell,4,2,6,,,MEDIUM,,,,DRAFT,NEEDS_ANSWER — answer not provided in source; solve via Suntech corpus or admin review,1,261722955-Module-3.pdf,"{""raw"": ""371. Germanium and silicon have how many electrons in their outer shell\na) 4\nb) 2\nc) 6\nPage 45\nModule 3 – Electrical Fundamentals\nSample Questions"", ""question"": ""Germanium and silicon have how many electrons in their outer shell"", ""options"": [""4"", ""2"", ""6""], ""correct"": null, ""answer_text"": null, ""category"": null, ""source_file"": ""261722955-Module-3.pdf"", ""source_module"": ""M3"", ""fmt"": ""pdf"", ""module"": ""M3"", ""syllabusRef"": ""M3.3.2"", ""level"": 2, ""difficulty"": ""MEDIUM""}"
M3,M3.3.1,1,"If a free electron is given to another atom, that atom is a",positive ion,negative ion,valency atom,,,MEDIUM,,,,DRAFT,NEEDS_ANSWER — answer not provided in source; solve via Suntech corpus or admin review,1,261722955-Module-3.pdf,"{""raw"": ""372. If a free electron is given to another atom, that atom is a\na) positive ion\nb) negative ion\nc) valency atom"", ""question"": ""If a free electron is given to another atom, that atom is a"", ""options"": [""positive ion"", ""negative ion"", ""valency atom""], ""correct"": null, ""answer_text"": null, ""category"": null, ""source_file"": ""261722955-Module-3.pdf"", ""source_module"": ""M3"", ""fmt"": ""pdf"", ""module"": ""M3"", ""syllabusRef"": ""M3.3.1"", ""level"": 1, ""difficulty"": ""MEDIUM""}"
M3,,,If a nicad battery is not to be used immediately it should be stored,fully charged,fully dissipated,dry,,,MEDIUM,,,,DRAFT,NEEDS_ANSWER — answer not provided in source; solve via Suntech corpus or admin review,1,261722955-Module-3.pdf,"{""raw"": ""373. If a nicad battery is not to be used immediately it should be stored\na) fully charged\nb) fully dissipated\nc) dry"", ""question"": ""If a nicad battery is not to be used immediately it should be stored"", ""options"": [""fully charged"", ""fully dissipated"", ""dry""], ""correct"": null, ""answer_text"": null, ""category"": null, ""source_file"": ""261722955-Module-3.pdf"", ""source_module"": ""M3"", ""fmt"": ""pdf"", ""module"": ""M3"", ""difficulty"": ""MEDIUM""}"
M3,,,A light / heat sensitive cell is a,transducer,diode,transistor,,,EASY,,,,DRAFT,NEEDS_ANSWER — answer not provided in source; solve via Suntech corpus or admin review,1,261722955-Module-3.pdf,"{""raw"": ""374. A light / heat sensitive cell is a\na) transducer\nb) diode\nc) transistor"", ""question"": ""A light / heat sensitive cell is a"", ""options"": [""transducer"", ""diode"", ""transistor""], ""correct"": null, ""answer_text"": null, ""category"": null, ""source_file"": ""261722955-Module-3.pdf"", ""source_module"": ""M3"", ""fmt"": ""pdf"", ""module"": ""M3"", ""difficulty"": ""EASY""}"
M3,,,In a mercury cell the steel casing is,the positive terminal,the negative terminal,neither,,,EASY,,,,DRAFT,NEEDS_ANSWER — answer not provided in source; solve via Suntech corpus or admin review,1,261722955-Module-3.pdf,"{""raw"": ""375. In a mercury cell the steel casing is\na) the positive terminal\nb) the negative terminal\nc) neither"", ""question"": ""In a mercury cell the steel casing is"", ""options"": [""the positive terminal"", ""the negative terminal"", ""neither""], ""correct"": null, ""answer_text"": null, ""category"": null, ""source_file"": ""261722955-Module-3.pdf"", ""source_module"": ""M3"", ""fmt"": ""pdf"", ""module"": ""M3"", ""difficulty"": ""EASY""}"
M3,,,To improve the life of a dry cell you would,use more zinc,use more electrolyte paste,us a a pure carbon positive rod,,,EASY,,,,DRAFT,NEEDS_ANSWER — answer not provided in source; solve via Suntech corpus or admin review,1,261722955-Module-3.pdf,"{""raw"": ""376. To improve the life of a dry cell you would\na) use more zinc\nb) use more electrolyte paste\nc) us a a pure carbon positive rod"", ""question"": ""To improve the life of a dry cell you would"", ""options"": [""use more zinc"", ""use more electrolyte paste"", ""us a a pure carbon positive rod""], ""correct"": null, ""answer_text"": null, ""category"": null, ""source_file"": ""261722955-Module-3.pdf"", ""source_module"": ""M3"", ""fmt"": ""pdf"", ""module"": ""M3"", ""difficulty"": ""EASY""}"
M3,,,377. What is the voltage at A?,26V,28V,2V,,,EASY,,,,DRAFT,NEEDS_ANSWER — answer not provided in source; solve via Suntech corpus or admin review,1,261722955-Module-3.pdf,"{""raw"": ""377. What is the voltage at A?\na) 26V\nb) 28V\nc) 2V"", ""question"": ""377. What is the voltage at A?"", ""options"": [""26V"", ""28V"", ""2V""], ""correct"": null, ""answer_text"": null, ""category"": null, ""source_file"": ""261722955-Module-3.pdf"", ""source_module"": ""M3"", ""fmt"": ""pdf"", ""module"": ""M3"", ""difficulty"": ""EASY""}"
M3,M3.1.5,,The unit for power is equal to,N/m,Joules per second,Volts/Amps,,,EASY,,,,DRAFT,NEEDS_ANSWER — answer not provided in source; solve via Suntech corpus or admin review,1,261722955-Module-3.pdf,"{""raw"": ""378. The unit for power is equal to\na) N/m\nb) Joules per second\nc) Volts/Amps\nPage 46\nModule 3 – Electrical Fundamentals\nSample Questions"", ""question"": ""The unit for power is equal to"", ""options"": [""N/m"", ""Joules per second"", ""Volts/Amps""], ""correct"": null, ""answer_text"": null, ""category"": null, ""source_file"": ""261722955-Module-3.pdf"", ""source_module"": ""M3"", ""fmt"": ""pdf"", ""module"": ""M3"", ""syllabusRef"": ""M3.1.5"", ""level"": null, ""difficulty"": ""EASY""}"
M3,,,The source voltage in the circuit below is,50V,200V,150V,,,EASY,,,,DRAFT,NEEDS_ANSWER — answer not provided in source; solve via Suntech corpus or admin review,1,261722955-Module-3.pdf,"{""raw"": ""379. The source voltage in the circuit below is\na) 50V\nb) 200V\nc) 150V"", ""question"": ""The source voltage in the circuit below is"", ""options"": [""50V"", ""200V"", ""150V""], ""correct"": null, ""answer_text"": null, ""category"": null, ""source_file"": ""261722955-Module-3.pdf"", ""source_module"": ""M3"", ""fmt"": ""pdf"", ""module"": ""M3"", ""difficulty"": ""EASY""}"
M3,M3.03.07,,The 5th colored band on a resistor represents the,tolerance,multiplier,reliability or temperature coefficient,,,EASY,,,,DRAFT,NEEDS_ANSWER — answer not provided in source; solve via Suntech corpus or admin review,1,261722955-Module-3.pdf,"{""raw"": ""380. The 5th colored band on a resistor represents the\na) tolerance\nb) multiplier\nc) reliability or temperature coefficient"", ""question"": ""The 5th colored band on a resistor represents the"", ""options"": [""tolerance"", ""multiplier"", ""reliability or temperature coefficient""], ""correct"": null, ""answer_text"": null, ""category"": null, ""source_file"": ""261722955-Module-3.pdf"", ""source_module"": ""M3"", ""fmt"": ""pdf"", ""module"": ""M3"", ""syllabusRef"": ""M3.03.07"", ""level"": null, ""difficulty"": ""EASY""}"
M3,,,Flux density will,increase linearly with coercive force,increase linearly with magnetic flux,decrease linearly with magnetic flux,,,EASY,,,,DRAFT,NEEDS_ANSWER — answer not provided in source; solve via Suntech corpus or admin review,1,261722955-Module-3.pdf,"{""raw"": ""382. Flux density will\na) increase linearly with coercive force\nb) increase linearly with magnetic flux\nc) decrease linearly with magnetic flux"", ""question"": ""Flux density will"", ""options"": [""increase linearly with coercive force"", ""increase linearly with magnetic flux"", ""decrease linearly with magnetic flux""], ""correct"": null, ""answer_text"": null, ""category"": null, ""source_file"": ""261722955-Module-3.pdf"", ""source_module"": ""M3"", ""fmt"": ""pdf"", ""module"": ""M3"", ""difficulty"": ""EASY""}"
M3,,,383. A transformer with a 5:1 ratio has a 24V output. What is the input?,120 V DC,4.8 V AC,120 V AC,,,MEDIUM,,,,DRAFT,NEEDS_ANSWER — answer not provided in source; solve via Suntech corpus or admin review,1,261722955-Module-3.pdf,"{""raw"": ""383. A transformer with a 5:1 ratio has a 24V output. What is the input?\na) 120 V DC\nb) 4.8 V AC\nc) 120 V AC"", ""question"": ""383. A transformer with a 5:1 ratio has a 24V output. What is the input?"", ""options"": [""120 V DC"", ""4.8 V AC"", ""120 V AC""], ""correct"": null, ""answer_text"": null, ""category"": null, ""source_file"": ""261722955-Module-3.pdf"", ""source_module"": ""M3"", ""fmt"": ""pdf"", ""module"": ""M3"", ""difficulty"": ""MEDIUM""}"
M3,M3.3.2,2,and the power factor?,100 VA and 2,400 VA and 0.5,100 VA and 0.5,,,EASY,"384. A generator supplies 25 A, 4 V and 50 W. What is the apparent power",,,DRAFT,NEEDS_ANSWER — answer not provided in source; solve via Suntech corpus or admin review,1,261722955-Module-3.pdf,"{""raw"": ""384. A generator supplies 25 A, 4 V and 50 W. What is the apparent power\nand the power factor?\na) 100 VA and 2\nb) 400 VA and 0.5\nc) 100 VA and 0.5\nPage 47\nModule 3 – Electrical Fundamentals\nSample Questions"", ""question"": ""and the power factor?"", ""options"": [""100 VA and 2"", ""400 VA and 0.5"", ""100 VA and 0.5""], ""correct"": null, ""answer_text"": null, ""category"": ""384. A generator supplies 25 A, 4 V and 50 W. What is the apparent power"", ""source_file"": ""261722955-Module-3.pdf"", ""source_module"": ""M3"", ""fmt"": ""pdf"", ""module"": ""M3"", ""syllabusRef"": ""M3.3.2"", ""level"": 2, ""difficulty"": ""EASY""}"
M3,,,The mark-to-space ratio of the following waveform is,A to B,A to D,D to E,,,MEDIUM,,,,DRAFT,NEEDS_ANSWER — answer not provided in source; solve via Suntech corpus or admin review,1,261722955-Module-3.pdf,"{""raw"": ""385. The mark-to-space ratio of the following waveform is\na) A to B\nB to C\nb) A to D\nD to E\nc) D to E\nD to C"", ""question"": ""The mark-to-space ratio of the following waveform is"", ""options"": [""A to B"", ""A to D"", ""D to E""], ""correct"": null, ""answer_text"": null, ""category"": null, ""source_file"": ""261722955-Module-3.pdf"", ""source_module"": ""M3"", ""fmt"": ""pdf"", ""module"": ""M3"", ""difficulty"": ""MEDIUM""}"
M3,,,"In a power circuit, the purpose of an inductor is",to dampen power surges,to dampen current surges,to dampen voltage surges,,,EASY,,,,DRAFT,NEEDS_ANSWER — answer not provided in source; solve via Suntech corpus or admin review,1,261722955-Module-3.pdf,"{""raw"": ""386. In a power circuit, the purpose of an inductor is\na) to dampen power surges\nb) to dampen current surges\nc) to dampen voltage surges"", ""question"": ""In a power circuit, the purpose of an inductor is"", ""options"": [""to dampen power surges"", ""to dampen current surges"", ""to dampen voltage surges""], ""correct"": null, ""answer_text"": null, ""category"": null, ""source_file"": ""261722955-Module-3.pdf"", ""source_module"": ""M3"", ""fmt"": ""pdf"", ""module"": ""M3"", ""difficulty"": ""EASY""}"
M3,,,"When a number of ferrite pieces are grouped together, they",are semi-permanent magnets when DC is passed through them,can be used to store binary code,electromagnets,,,MEDIUM,,,,DRAFT,NEEDS_ANSWER — answer not provided in source; solve via Suntech corpus or admin review,1,261722955-Module-3.pdf,"{""raw"": ""387. When a number of ferrite pieces are grouped together, they\na) are semi-permanent magnets when DC is passed through them\nb) can be used to store binary code\nc) electromagnets"", ""question"": ""When a number of ferrite pieces are grouped together, they"", ""options"": [""are semi-permanent magnets when DC is passed through them"", ""can be used to store binary code"", ""electromagnets""], ""correct"": null, ""answer_text"": null, ""category"": null, ""source_file"": ""261722955-Module-3.pdf"", ""source_module"": ""M3"", ""fmt"": ""pdf"", ""module"": ""M3"", ""difficulty"": ""MEDIUM""}"
M3,,,Ampere turns is calculated by the number of turns,multiplied by current,divided by current,multiplied by magnetic flux,,,EASY,,,,DRAFT,NEEDS_ANSWER — answer not provided in source; solve via Suntech corpus or admin review,1,261722955-Module-3.pdf,"{""raw"": ""388. Ampere turns is calculated by the number of turns\na) multiplied by current\nb) divided by current\nc) multiplied by magnetic flux"", ""question"": ""Ampere turns is calculated by the number of turns"", ""options"": [""multiplied by current"", ""divided by current"", ""multiplied by magnetic flux""], ""correct"": null, ""answer_text"": null, ""category"": null, ""source_file"": ""261722955-Module-3.pdf"", ""source_module"": ""M3"", ""fmt"": ""pdf"", ""module"": ""M3"", ""difficulty"": ""EASY""}"
M3,,,A conventional aircraft generator will be,series wound,delta wound,star wound,,,EASY,,,,DRAFT,NEEDS_ANSWER — answer not provided in source; solve via Suntech corpus or admin review,1,261722955-Module-3.pdf,"{""raw"": ""389. A conventional aircraft generator will be\na) series wound\nb) delta wound\nc) star wound"", ""question"": ""A conventional aircraft generator will be"", ""options"": [""series wound"", ""delta wound"", ""star wound""], ""correct"": null, ""answer_text"": null, ""category"": null, ""source_file"": ""261722955-Module-3.pdf"", ""source_module"": ""M3"", ""fmt"": ""pdf"", ""module"": ""M3"", ""difficulty"": ""EASY""}"
M3,,,Storage of magnets should be,in pairs end to end,in a non magnetic pox,in pairs with keeper plates,,,EASY,,,,DRAFT,NEEDS_ANSWER — answer not provided in source; solve via Suntech corpus or admin review,1,261722955-Module-3.pdf,"{""raw"": ""390. Storage of magnets should be\na) in pairs end to end\nb) in a non magnetic pox\nc) in pairs with keeper plates"", ""question"": ""Storage of magnets should be"", ""options"": [""in pairs end to end"", ""in a non magnetic pox"", ""in pairs with keeper plates""], ""correct"": null, ""answer_text"": null, ""category"": null, ""source_file"": ""261722955-Module-3.pdf"", ""source_module"": ""M3"", ""fmt"": ""pdf"", ""module"": ""M3"", ""difficulty"": ""EASY""}"
M3,M3.3.2,2,A circuit has 1 mega ohm and 8 microfarads. What is the time,1 second,8 seconds,40 seconds,,,MEDIUM,,,,DRAFT,NEEDS_ANSWER — answer not provided in source; solve via Suntech corpus or admin review,1,261722955-Module-3.pdf,"{""raw"": ""391. A circuit has 1 mega ohm and 8 microfarads. What is the time\nconstant?\na) 1 second\nb) 8 seconds\nc) 40 seconds\nPage 48\nModule 3 – Electrical Fundamentals\nSample Questions"", ""question"": ""A circuit has 1 mega ohm and 8 microfarads. What is the time"", ""options"": [""1 second"", ""8 seconds"", ""40 seconds""], ""correct"": null, ""answer_text"": null, ""category"": null, ""source_file"": ""261722955-Module-3.pdf"", ""source_module"": ""M3"", ""fmt"": ""pdf"", ""module"": ""M3"", ""syllabusRef"": ""M3.3.2"", ""level"": 2, ""difficulty"": ""MEDIUM""}"
M3,,,Current in an inductive circuit will,lead voltage,lag voltage,be at unity,,,EASY,,,,DRAFT,NEEDS_ANSWER — answer not provided in source; solve via Suntech corpus or admin review,1,261722955-Module-3.pdf,"{""raw"": ""392. Current in an inductive circuit will\na) lead voltage\nb) lag voltage\nc) be at unity"", ""question"": ""Current in an inductive circuit will"", ""options"": [""lead voltage"", ""lag voltage"", ""be at unity""], ""correct"": null, ""answer_text"": null, ""category"": null, ""source_file"": ""261722955-Module-3.pdf"", ""source_module"": ""M3"", ""fmt"": ""pdf"", ""module"": ""M3"", ""difficulty"": ""EASY""}"
M3,,,Power factor of a generator is,sin ø,cos ø,tan ø,,,EASY,,,,DRAFT,NEEDS_ANSWER — answer not provided in source; solve via Suntech corpus or admin review,1,261722955-Module-3.pdf,"{""raw"": ""393. Power factor of a generator is\na) sin ø\nb) cos ø\nc) tan ø"", ""question"": ""Power factor of a generator is"", ""options"": [""sin ø"", ""cos ø"", ""tan ø""], ""correct"": null, ""answer_text"": null, ""category"": null, ""source_file"": ""261722955-Module-3.pdf"", ""source_module"": ""M3"", ""fmt"": ""pdf"", ""module"": ""M3"", ""difficulty"": ""EASY""}"
M3,,,"In a an AC motor, the rotation of the MNA",is the same as the rotation of the armature,is opposite to the rotation of the armature,is slightly less speed than the rotation of the armature,,,EASY,,,,DRAFT,NEEDS_ANSWER — answer not provided in source; solve via Suntech corpus or admin review,1,261722955-Module-3.pdf,"{""raw"": ""394. In a an AC motor, the rotation of the MNA\na) is the same as the rotation of the armature\nb) is opposite to the rotation of the armature\nc) is slightly less speed than the rotation of the armature"", ""question"": ""In a an AC motor, the rotation of the MNA"", ""options"": [""is the same as the rotation of the armature"", ""is opposite to the rotation of the armature"", ""is slightly less speed than the rotation of the armature""], ""correct"": null, ""answer_text"": null, ""category"": null, ""source_file"": ""261722955-Module-3.pdf"", ""source_module"": ""M3"", ""fmt"": ""pdf"", ""module"": ""M3"", ""difficulty"": ""EASY""}"
M3,,,number of brushes?,4,2,8,,,EASY,"395. In a wave wound generator with 4 poles, what would be the minimum",,,DRAFT,NEEDS_ANSWER — answer not provided in source; solve via Suntech corpus or admin review,1,261722955-Module-3.pdf,"{""raw"": ""395. In a wave wound generator with 4 poles, what would be the minimum\nnumber of brushes?\na) 4\nb) 2\nc) 8"", ""question"": ""number of brushes?"", ""options"": [""4"", ""2"", ""8""], ""correct"": null, ""answer_text"": null, ""category"": ""395. In a wave wound generator with 4 poles, what would be the minimum"", ""source_file"": ""261722955-Module-3.pdf"", ""source_module"": ""M3"", ""fmt"": ""pdf"", ""module"": ""M3"", ""difficulty"": ""EASY""}"
M3,M3.03.03,,"In conventional flow, the left hand rule applies to",generators,motors,batteries,,,MEDIUM,,,,DRAFT,NEEDS_ANSWER — answer not provided in source; solve via Suntech corpus or admin review,1,261722955-Module-3.pdf,"{""raw"": ""397. In conventional flow, the left hand rule applies to\na) generators\nb) motors\nc) batteries"", ""question"": ""In conventional flow, the left hand rule applies to"", ""options"": [""generators"", ""motors"", ""batteries""], ""correct"": null, ""answer_text"": null, ""category"": null, ""source_file"": ""261722955-Module-3.pdf"", ""source_module"": ""M3"", ""fmt"": ""pdf"", ""module"": ""M3"", ""syllabusRef"": ""M3.03.03"", ""level"": null, ""difficulty"": ""MEDIUM""}"
M3,M3.03.07,,Copper losses in a transformer are caused by,circulating currents through the transformer,the resistance in the windings,wasting of the copper wires due to friction,,,EASY,,,,DRAFT,NEEDS_ANSWER — answer not provided in source; solve via Suntech corpus or admin review,1,261722955-Module-3.pdf,"{""raw"": ""398. Copper losses in a transformer are caused by\na) circulating currents through the transformer\nb) the resistance in the windings\nc) wasting of the copper wires due to friction"", ""question"": ""Copper losses in a transformer are caused by"", ""options"": [""circulating currents through the transformer"", ""the resistance in the windings"", ""wasting of the copper wires due to friction""], ""correct"": null, ""answer_text"": null, ""category"": null, ""source_file"": ""261722955-Module-3.pdf"", ""source_module"": ""M3"", ""fmt"": ""pdf"", ""module"": ""M3"", ""syllabusRef"": ""M3.03.07"", ""level"": null, ""difficulty"": ""EASY""}"
M3,,,"in AC generators, 0.637 is",RMS,average value,form factor,,,EASY,,,,DRAFT,NEEDS_ANSWER — answer not provided in source; solve via Suntech corpus or admin review,1,261722955-Module-3.pdf,"{""raw"": ""399. in AC generators, 0.637 is\na) RMS\nb) average value\nc) form factor"", ""question"": ""in AC generators, 0.637 is"", ""options"": [""RMS"", ""average value"", ""form factor""], ""correct"": null, ""answer_text"": null, ""category"": null, ""source_file"": ""261722955-Module-3.pdf"", ""source_module"": ""M3"", ""fmt"": ""pdf"", ""module"": ""M3"", ""difficulty"": ""EASY""}"
M3,,,"400. In a 3 phase generator, what angle are the phases to each other?",180o,120o,0o,,,MEDIUM,,,,DRAFT,NEEDS_ANSWER — answer not provided in source; solve via Suntech corpus or admin review,1,261722955-Module-3.pdf,"{""raw"": ""400. In a 3 phase generator, what angle are the phases to each other?\na) 180o\nb) 120o\nc) 0o"", ""question"": ""400. In a 3 phase generator, what angle are the phases to each other?"", ""options"": [""180o"", ""120o"", ""0o""], ""correct"": null, ""answer_text"": null, ""category"": null, ""source_file"": ""261722955-Module-3.pdf"", ""source_module"": ""M3"", ""fmt"": ""pdf"", ""module"": ""M3"", ""difficulty"": ""MEDIUM""}"
M3,,,Delta wound line current is,equal to phase current,root 3 x phase current,less than the phase current,,,EASY,,,,DRAFT,NEEDS_ANSWER — answer not provided in source; solve via Suntech corpus or admin review,1,261722955-Module-3.pdf,"{""raw"": ""402. Delta wound line current is\na) equal to phase current\nb) root 3 x phase current\nc) less than the phase current"", ""question"": ""Delta wound line current is"", ""options"": [""equal to phase current"", ""root 3 x phase current"", ""less than the phase current""], ""correct"": null, ""answer_text"": null, ""category"": null, ""source_file"": ""261722955-Module-3.pdf"", ""source_module"": ""M3"", ""fmt"": ""pdf"", ""module"": ""M3"", ""difficulty"": ""EASY""}"
M3,M3.3.9,2,The multiplier color coding on a capacitor is in,farads,microfarads,picofarads,,,EASY,,,,DRAFT,NEEDS_ANSWER — answer not provided in source; solve via Suntech corpus or admin review,1,261722955-Module-3.pdf,"{""raw"": ""403. The multiplier color coding on a capacitor is in\na) farads\nb) microfarads\nc) picofarads"", ""question"": ""The multiplier color coding on a capacitor is in"", ""options"": [""farads"", ""microfarads"", ""picofarads""], ""correct"": null, ""answer_text"": null, ""category"": null, ""source_file"": ""261722955-Module-3.pdf"", ""source_module"": ""M3"", ""fmt"": ""pdf"", ""module"": ""M3"", ""syllabusRef"": ""M3.3.9"", ""level"": 2, ""difficulty"": ""EASY""}"
M3,M3.1.5,,Form Factor for a sine wave AC output is,0.707,1.414,1.1,,,EASY,,,,DRAFT,NEEDS_ANSWER — answer not provided in source; solve via Suntech corpus or admin review,1,261722955-Module-3.pdf,"{""raw"": ""404. Form Factor for a sine wave AC output is\na) 0.707\nb) 1.414\nc) 1.1"", ""question"": ""Form Factor for a sine wave AC output is"", ""options"": [""0.707"", ""1.414"", ""1.1""], ""correct"": null, ""answer_text"": null, ""category"": null, ""source_file"": ""261722955-Module-3.pdf"", ""source_module"": ""M3"", ""fmt"": ""pdf"", ""module"": ""M3"", ""syllabusRef"": ""M3.1.5"", ""level"": null, ""difficulty"": ""EASY""}"
M3,,,In a simple voltaic cell the collection of ions on the cathode causes,hydration,sulphation,polarisation,,,MEDIUM,,,,DRAFT,NEEDS_ANSWER — answer not provided in source; solve via Suntech corpus or admin review,1,261722955-Module-3.pdf,"{""raw"": ""405. In a simple voltaic cell the collection of ions on the cathode causes\na) hydration\nb) sulphation\nc) polarisation"", ""question"": ""In a simple voltaic cell the collection of ions on the cathode causes"", ""options"": [""hydration"", ""sulphation"", ""polarisation""], ""correct"": null, ""answer_text"": null, ""category"": null, ""source_file"": ""261722955-Module-3.pdf"", ""source_module"": ""M3"", ""fmt"": ""pdf"", ""module"": ""M3"", ""difficulty"": ""MEDIUM""}"
M3,,,The electrolyte in a nicad battery would rise if the battery was,discharging,charging,remaining at constant voltage,,,MEDIUM,,,,DRAFT,NEEDS_ANSWER — answer not provided in source; solve via Suntech corpus or admin review,1,261722955-Module-3.pdf,"{""raw"": ""406. The electrolyte in a nicad battery would rise if the battery was\na) discharging\nb) charging\nc) remaining at constant voltage"", ""question"": ""The electrolyte in a nicad battery would rise if the battery was"", ""options"": [""discharging"", ""charging"", ""remaining at constant voltage""], ""correct"": null, ""answer_text"": null, ""category"": null, ""source_file"": ""261722955-Module-3.pdf"", ""source_module"": ""M3"", ""fmt"": ""pdf"", ""module"": ""M3"", ""difficulty"": ""MEDIUM""}"
M3,,,When a conductor is cut by magnetic lines of force an EMF is induced.,Lenz's Law,Faraday's Law,Kirchhoff's Law,,,MEDIUM,,,,DRAFT,NEEDS_ANSWER — answer not provided in source; solve via Suntech corpus or admin review,1,261722955-Module-3.pdf,"{""raw"": ""407. When a conductor is cut by magnetic lines of force an EMF is induced.\nThis is\na) Lenz's Law\nb) Faraday's Law\nc) Kirchhoff's Law"", ""question"": ""When a conductor is cut by magnetic lines of force an EMF is induced."", ""options"": [""Lenz's Law"", ""Faraday's Law"", ""Kirchhoff's Law""], ""correct"": null, ""answer_text"": null, ""category"": null, ""source_file"": ""261722955-Module-3.pdf"", ""source_module"": ""M3"", ""fmt"": ""pdf"", ""module"": ""M3"", ""difficulty"": ""MEDIUM""}"
M3,M3.3.2,2,"Two 2 volt 10AH cells are connected in series, the output voltage and","2 volt, 20 AH",4 volt 10 AH,4 volt 20 AH,,,MEDIUM,,,,DRAFT,NEEDS_ANSWER — answer not provided in source; solve via Suntech corpus or admin review,1,261722955-Module-3.pdf,"{""raw"": ""408. Two 2 volt 10AH cells are connected in series, the output voltage and\nthe capacity would be\na) 2 volt, 20 AH\nb) 4 volt 10 AH\nc) 4 volt 20 AH"", ""question"": ""Two 2 volt 10AH cells are connected in series, the output voltage and"", ""options"": [""2 volt, 20 AH"", ""4 volt 10 AH"", ""4 volt 20 AH""], ""correct"": null, ""answer_text"": null, ""category"": null, ""source_file"": ""261722955-Module-3.pdf"", ""source_module"": ""M3"", ""fmt"": ""pdf"", ""module"": ""M3"", ""syllabusRef"": ""M3.3.2"", ""level"": 2, ""difficulty"": ""MEDIUM""}"
M3,M3.1.5,,"Referring to the drawing below, if the volts dropped across the 20 ohm",20 ohms,16 ohms,2 ohms,,,MEDIUM,,,,DRAFT,NEEDS_ANSWER — answer not provided in source; solve via Suntech corpus or admin review,1,261722955-Module-3.pdf,"{""raw"": ""410. Referring to the drawing below, if the volts dropped across the 20 ohm\nresistor is 10 volts, the resistance of R1 is\na) 20 ohms\nb) 16 ohms\nc) 2 ohms"", ""question"": ""Referring to the drawing below, if the volts dropped across the 20 ohm"", ""options"": [""20 ohms"", ""16 ohms"", ""2 ohms""], ""correct"": null, ""answer_text"": null, ""category"": null, ""source_file"": ""261722955-Module-3.pdf"", ""source_module"": ""M3"", ""fmt"": ""pdf"", ""module"": ""M3"", ""syllabusRef"": ""M3.1.5"", ""level"": null, ""difficulty"": ""MEDIUM""}"
M3,,,The atomic number of an atom is determined by the number of,protons,electrons,neutrons,,,MEDIUM,,,,DRAFT,NEEDS_ANSWER — answer not provided in source; solve via Suntech corpus or admin review,1,261722955-Module-3.pdf,"{""raw"": ""411. The atomic number of an atom is determined by the number of\na) protons\nb) electrons\nc) neutrons"", ""question"": ""The atomic number of an atom is determined by the number of"", ""options"": [""protons"", ""electrons"", ""neutrons""], ""correct"": null, ""answer_text"": null, ""category"": null, ""source_file"": ""261722955-Module-3.pdf"", ""source_module"": ""M3"", ""fmt"": ""pdf"", ""module"": ""M3"", ""difficulty"": ""MEDIUM""}"
M3,M3.3.2,2,In a Leclanche cell the plates are made of,mercury and lithium,nickel and cadmium,zinc and carbon,,,EASY,,,,DRAFT,NEEDS_ANSWER — answer not provided in source; solve via Suntech corpus or admin review,1,261722955-Module-3.pdf,"{""raw"": ""412. In a Leclanche cell the plates are made of\na) mercury and lithium\nb) nickel and cadmium\nc) zinc and carbon"", ""question"": ""In a Leclanche cell the plates are made of"", ""options"": [""mercury and lithium"", ""nickel and cadmium"", ""zinc and carbon""], ""correct"": null, ""answer_text"": null, ""category"": null, ""source_file"": ""261722955-Module-3.pdf"", ""source_module"": ""M3"", ""fmt"": ""pdf"", ""module"": ""M3"", ""syllabusRef"": ""M3.3.2"", ""level"": 2, ""difficulty"": ""EASY""}"
M3,M3.3.2,2,"In a simple voltaic cell, polarization reduces output voltage because of",transfer of material between the anode and the cathode,build up of hydrogen on the anode,build up of hydrogen on the cathode,,,MEDIUM,,,,DRAFT,NEEDS_ANSWER — answer not provided in source; solve via Suntech corpus or admin review,1,261722955-Module-3.pdf,"{""raw"": ""413. In a simple voltaic cell, polarization reduces output voltage because of\nthe\na) transfer of material between the anode and the cathode\nb) build up of hydrogen on the anode\nc) build up of hydrogen on the cathode"", ""question"": ""In a simple voltaic cell, polarization reduces output voltage because of"", ""options"": [""transfer of material between the anode and the cathode"", ""build up of hydrogen on the anode"", ""build up of hydrogen on the cathode""], ""correct"": null, ""answer_text"": null, ""category"": null, ""source_file"": ""261722955-Module-3.pdf"", ""source_module"": ""M3"", ""fmt"": ""pdf"", ""module"": ""M3"", ""syllabusRef"": ""M3.3.2"", ""level"": 2, ""difficulty"": ""MEDIUM""}"
M3,,,"If the temperature of a pure metal is reduced to absolute zero, its",infinity,practically zero,unaffected,,,MEDIUM,,,,DRAFT,NEEDS_ANSWER — answer not provided in source; solve via Suntech corpus or admin review,1,261722955-Module-3.pdf,"{""raw"": ""416. If the temperature of a pure metal is reduced to absolute zero, its\nresistance will be\na) infinity\nb) practically zero\nc) unaffected\nPage 51\nModule 3 – Electrical Fundamentals\nSample Questions"", ""question"": ""If the temperature of a pure metal is reduced to absolute zero, its"", ""options"": [""infinity"", ""practically zero"", ""unaffected""], ""correct"": null, ""answer_text"": null, ""category"": null, ""source_file"": ""261722955-Module-3.pdf"", ""source_module"": ""M3"", ""fmt"": ""pdf"", ""module"": ""M3"", ""difficulty"": ""MEDIUM""}"
M3,,,The bridge circuit shown will be balanced when the value of the,18 ohms,14 ohms,2 ohms,,,MEDIUM,,,,DRAFT,NEEDS_ANSWER — answer not provided in source; solve via Suntech corpus or admin review,1,261722955-Module-3.pdf,"{""raw"": ""417. The bridge circuit shown will be balanced when the value of the\nunknown resistor R is\na) 18 ohms\nb) 14 ohms\nc) 2 ohms"", ""question"": ""The bridge circuit shown will be balanced when the value of the"", ""options"": [""18 ohms"", ""14 ohms"", ""2 ohms""], ""correct"": null, ""answer_text"": null, ""category"": null, ""source_file"": ""261722955-Module-3.pdf"", ""source_module"": ""M3"", ""fmt"": ""pdf"", ""module"": ""M3"", ""difficulty"": ""MEDIUM""}"
M3,,,The current in the circuit below is,5 A,0.2 A,5 mA,,,EASY,,,,DRAFT,NEEDS_ANSWER — answer not provided in source; solve via Suntech corpus or admin review,1,261722955-Module-3.pdf,"{""raw"": ""418. The current in the circuit below is\na) 5 A\nb) 0.2 A\nc) 5 mA"", ""question"": ""The current in the circuit below is"", ""options"": [""5 A"", ""0.2 A"", ""5 mA""], ""correct"": null, ""answer_text"": null, ""category"": null, ""source_file"": ""261722955-Module-3.pdf"", ""source_module"": ""M3"", ""fmt"": ""pdf"", ""module"": ""M3"", ""difficulty"": ""EASY""}"
M3,,,"In the previous question, the power developed across the 10 k ohm",250 mW,250 W,50 mW,,,MEDIUM,,,,DRAFT,NEEDS_ANSWER — answer not provided in source; solve via Suntech corpus or admin review,1,261722955-Module-3.pdf,"{""raw"": ""419. In the previous question, the power developed across the 10 k ohm\nresistor is\na) 250 mW\nb) 250 W\nc) 50 mW"", ""question"": ""In the previous question, the power developed across the 10 k ohm"", ""options"": [""250 mW"", ""250 W"", ""50 mW""], ""correct"": null, ""answer_text"": null, ""category"": null, ""source_file"": ""261722955-Module-3.pdf"", ""source_module"": ""M3"", ""fmt"": ""pdf"", ""module"": ""M3"", ""difficulty"": ""MEDIUM""}"
M3,,,420. What is represented by this diagram?,Potentiometer,Rheostat,Thermister,,,EASY,,,,DRAFT,NEEDS_ANSWER — answer not provided in source; solve via Suntech corpus or admin review,1,261722955-Module-3.pdf,"{""raw"": ""420. What is represented by this diagram?\na) Potentiometer\nb) Rheostat\nc) Thermister\nPage 52\nModule 3 – Electrical Fundamentals\nSample Questions"", ""question"": ""420. What is represented by this diagram?"", ""options"": [""Potentiometer"", ""Rheostat"", ""Thermister""], ""correct"": null, ""answer_text"": null, ""category"": null, ""source_file"": ""261722955-Module-3.pdf"", ""source_module"": ""M3"", ""fmt"": ""pdf"", ""module"": ""M3"", ""difficulty"": ""EASY""}"
M3,M3.3.2,2,What is the voltage across the 6 ohm resistor?,54V,1.5V,6V,,,EASY,"421. In the following circuit, the input at P is 4 amps and at Q is 5 amps.",,,DRAFT,NEEDS_ANSWER — answer not provided in source; solve via Suntech corpus or admin review,1,261722955-Module-3.pdf,"{""raw"": ""421. In the following circuit, the input at P is 4 amps and at Q is 5 amps.\nWhat is the voltage across the 6 ohm resistor?\na) 54V\nb) 1.5V\nc) 6V"", ""question"": ""What is the voltage across the 6 ohm resistor?"", ""options"": [""54V"", ""1.5V"", ""6V""], ""correct"": null, ""answer_text"": null, ""category"": ""421. In the following circuit, the input at P is 4 amps and at Q is 5 amps."", ""source_file"": ""261722955-Module-3.pdf"", ""source_module"": ""M3"", ""fmt"": ""pdf"", ""module"": ""M3"", ""syllabusRef"": ""M3.3.2"", ""level"": 2, ""difficulty"": ""EASY""}"
M3,,,The unknown current in the network below is,22A,3A,47A,,,EASY,,,,DRAFT,NEEDS_ANSWER — answer not provided in source; solve via Suntech corpus or admin review,1,261722955-Module-3.pdf,"{""raw"": ""422. The unknown current in the network below is\na) 22A\nb) 3A\nc) 47A"", ""question"": ""The unknown current in the network below is"", ""options"": [""22A"", ""3A"", ""47A""], ""correct"": null, ""answer_text"": null, ""category"": null, ""source_file"": ""261722955-Module-3.pdf"", ""source_module"": ""M3"", ""fmt"": ""pdf"", ""module"": ""M3"", ""difficulty"": ""EASY""}"
M3,,,The Watt can be expressed as,Joules per second,Joules x seconds,Seconds per Joule,,,EASY,,,,DRAFT,NEEDS_ANSWER — answer not provided in source; solve via Suntech corpus or admin review,1,261722955-Module-3.pdf,"{""raw"": ""423. The Watt can be expressed as\na) Joules per second\nb) Joules x seconds\nc) Seconds per Joule"", ""question"": ""The Watt can be expressed as"", ""options"": [""Joules per second"", ""Joules x seconds"", ""Seconds per Joule""], ""correct"": null, ""answer_text"": null, ""category"": null, ""source_file"": ""261722955-Module-3.pdf"", ""source_module"": ""M3"", ""fmt"": ""pdf"", ""module"": ""M3"", ""difficulty"": ""EASY""}"
M3,,,A single phase circuit has an input voltage of 100V. The current is 10A,1000W,50W,500W,,,MEDIUM,,,,DRAFT,NEEDS_ANSWER — answer not provided in source; solve via Suntech corpus or admin review,1,261722955-Module-3.pdf,"{""raw"": ""424. A single phase circuit has an input voltage of 100V. The current is 10A\nand the circuit has a power factor of 0.5. The true power is\na) 1000W\nb) 50W\nc) 500W"", ""question"": ""A single phase circuit has an input voltage of 100V. The current is 10A"", ""options"": [""1000W"", ""50W"", ""500W""], ""correct"": null, ""answer_text"": null, ""category"": null, ""source_file"": ""261722955-Module-3.pdf"", ""source_module"": ""M3"", ""fmt"": ""pdf"", ""module"": ""M3"", ""difficulty"": ""MEDIUM""}"
M3,M3.03.07,,Power in a DC circuit is found by,multiplying current by resistance,multiplying the voltage by itself and dividing by the current,multiplying the resistance by the current squared,,,EASY,,,,DRAFT,NEEDS_ANSWER — answer not provided in source; solve via Suntech corpus or admin review,1,261722955-Module-3.pdf,"{""raw"": ""425. Power in a DC circuit is found by\na) multiplying current by resistance\nb) multiplying the voltage by itself and dividing by the current\nc) multiplying the resistance by the current squared\nPage 53\nModule 3 – Electrical Fundamentals\nSample Questions"", ""question"": ""Power in a DC circuit is found by"", ""options"": [""multiplying current by resistance"", ""multiplying the voltage by itself and dividing by the current"", ""multiplying the resistance by the current squared""], ""correct"": null, ""answer_text"": null, ""category"": null, ""source_file"": ""261722955-Module-3.pdf"", ""source_module"": ""M3"", ""fmt"": ""pdf"", ""module"": ""M3"", ""syllabusRef"": ""M3.03.07"", ""level"": null, ""difficulty"": ""EASY""}"
M3,M3.03.08,,The total capacitance of the circuit shown is,4µF,36µF,3µF,,,EASY,,,,DRAFT,NEEDS_ANSWER — answer not provided in source; solve via Suntech corpus or admin review,1,261722955-Module-3.pdf,"{""raw"": ""426. The total capacitance of the circuit shown is\na) 4µF\nb) 36µF\nc) 3µF"", ""question"": ""The total capacitance of the circuit shown is"", ""options"": [""4µF"", ""36µF"", ""3µF""], ""correct"": null, ""answer_text"": null, ""category"": null, ""source_file"": ""261722955-Module-3.pdf"", ""source_module"": ""M3"", ""fmt"": ""pdf"", ""module"": ""M3"", ""syllabusRef"": ""M3.03.08"", ""level"": null, ""difficulty"": ""EASY""}"
M3,M3.3.9,2,"When a capacitor is charged from a DC supply, the voltage / time curve",logarithmic,exponential,linear,,,MEDIUM,,,,DRAFT,NEEDS_ANSWER — answer not provided in source; solve via Suntech corpus or admin review,1,261722955-Module-3.pdf,"{""raw"": ""427. When a capacitor is charged from a DC supply, the voltage / time curve\nis\na) logarithmic\nb) exponential\nc) linear"", ""question"": ""When a capacitor is charged from a DC supply, the voltage / time curve"", ""options"": [""logarithmic"", ""exponential"", ""linear""], ""correct"": null, ""answer_text"": null, ""category"": null, ""source_file"": ""261722955-Module-3.pdf"", ""source_module"": ""M3"", ""fmt"": ""pdf"", ""module"": ""M3"", ""syllabusRef"": ""M3.3.9"", ""level"": 2, ""difficulty"": ""MEDIUM""}"
M3,M3.1.5,,The hysteresis loop for a magnetic material is on a graph with,total flux against flux density,current against flux density,flux density against magnetising force,,,MEDIUM,,,,DRAFT,NEEDS_ANSWER — answer not provided in source; solve via Suntech corpus or admin review,1,261722955-Module-3.pdf,"{""raw"": ""431. The hysteresis loop for a magnetic material is on a graph with\na) total flux against flux density\nb) current against flux density\nc) flux density against magnetising force"", ""question"": ""The hysteresis loop for a magnetic material is on a graph with"", ""options"": [""total flux against flux density"", ""current against flux density"", ""flux density against magnetising force""], ""correct"": null, ""answer_text"": null, ""category"": null, ""source_file"": ""261722955-Module-3.pdf"", ""source_module"": ""M3"", ""fmt"": ""pdf"", ""module"": ""M3"", ""syllabusRef"": ""M3.1.5"", ""level"": null, ""difficulty"": ""MEDIUM""}"
M3,,,To determine the direction of the magnetic field around a conductor you,the corkscrew rule,Fleming's left hand rule,Fleming's right hand rule,,,MEDIUM,,,,DRAFT,NEEDS_ANSWER — answer not provided in source; solve via Suntech corpus or admin review,1,261722955-Module-3.pdf,"{""raw"": ""432. To determine the direction of the magnetic field around a conductor you\nwould use\na) the corkscrew rule\nb) Fleming's left hand rule\nc) Fleming's right hand rule"", ""question"": ""To determine the direction of the magnetic field around a conductor you"", ""options"": [""the corkscrew rule"", ""Fleming's left hand rule"", ""Fleming's right hand rule""], ""correct"": null, ""answer_text"": null, ""category"": null, ""source_file"": ""261722955-Module-3.pdf"", ""source_module"": ""M3"", ""fmt"": ""pdf"", ""module"": ""M3"", ""difficulty"": ""MEDIUM""}"
M3,,,A material with a narrow hysteresis loop,will have high retentivity,will have low retentivity,cannot be magnetised,,,EASY,,,,DRAFT,NEEDS_ANSWER — answer not provided in source; solve via Suntech corpus or admin review,1,261722955-Module-3.pdf,"{""raw"": ""433. A material with a narrow hysteresis loop\na) will have high retentivity\nb) will have low retentivity\nc) cannot be magnetised\nPage 54\nModule 3 – Electrical Fundamentals\nSample Questions"", ""question"": ""A material with a narrow hysteresis loop"", ""options"": [""will have high retentivity"", ""will have low retentivity"", ""cannot be magnetised""], ""correct"": null, ""answer_text"": null, ""category"": null, ""source_file"": ""261722955-Module-3.pdf"", ""source_module"": ""M3"", ""fmt"": ""pdf"", ""module"": ""M3"", ""difficulty"": ""EASY""}"
M3,M3.3.2,2,If a bar magnet is cut in half,the magnet is destroyed,two bar magnets are formed,one bar magnet and one non-magnet is formed,,,EASY,,,,DRAFT,NEEDS_ANSWER — answer not provided in source; solve via Suntech corpus or admin review,1,261722955-Module-3.pdf,"{""raw"": ""434. If a bar magnet is cut in half\na) the magnet is destroyed\nb) two bar magnets are formed\nc) one bar magnet and one non-magnet is formed"", ""question"": ""If a bar magnet is cut in half"", ""options"": [""the magnet is destroyed"", ""two bar magnets are formed"", ""one bar magnet and one non-magnet is formed""], ""correct"": null, ""answer_text"": null, ""category"": null, ""source_file"": ""261722955-Module-3.pdf"", ""source_module"": ""M3"", ""fmt"": ""pdf"", ""module"": ""M3"", ""syllabusRef"": ""M3.3.2"", ""level"": 2, ""difficulty"": ""EASY""}"
M3,,,The diagram shows a current carrying conductor in a magnetic field.,upwards,downwards,sideways,,,MEDIUM,,,,DRAFT,NEEDS_ANSWER — answer not provided in source; solve via Suntech corpus or admin review,1,261722955-Module-3.pdf,"{""raw"": ""435. The diagram shows a current carrying conductor in a magnetic field.\nThe conductor will move\na) upwards\nb) downwards\nc) sideways"", ""question"": ""The diagram shows a current carrying conductor in a magnetic field."", ""options"": [""upwards"", ""downwards"", ""sideways""], ""correct"": null, ""answer_text"": null, ""category"": null, ""source_file"": ""261722955-Module-3.pdf"", ""source_module"": ""M3"", ""fmt"": ""pdf"", ""module"": ""M3"", ""difficulty"": ""MEDIUM""}"
M3,,,The electromagnetic force between two charged bodies is,proportional to the distance between them,inversely proportional to the distance between them,inversely proportional to the square of the distance between them,,,MEDIUM,,,,DRAFT,NEEDS_ANSWER — answer not provided in source; solve via Suntech corpus or admin review,1,261722955-Module-3.pdf,"{""raw"": ""436. The electromagnetic force between two charged bodies is\na) proportional to the distance between them\nb) inversely proportional to the distance between them\nc) inversely proportional to the square of the distance between them"", ""question"": ""The electromagnetic force between two charged bodies is"", ""options"": [""proportional to the distance between them"", ""inversely proportional to the distance between them"", ""inversely proportional to the square of the distance between them""], ""correct"": null, ""answer_text"": null, ""category"": null, ""source_file"": ""261722955-Module-3.pdf"", ""source_module"": ""M3"", ""fmt"": ""pdf"", ""module"": ""M3"", ""difficulty"": ""MEDIUM""}"
M3,,,Copper is a,paramagnetic materials,ferromagnetic material,diamagnetic material,,,EASY,,,,DRAFT,NEEDS_ANSWER — answer not provided in source; solve via Suntech corpus or admin review,1,261722955-Module-3.pdf,"{""raw"": ""437. Copper is a\na) paramagnetic materials\nb) ferromagnetic material\nc) diamagnetic material"", ""question"": ""Copper is a"", ""options"": [""paramagnetic materials"", ""ferromagnetic material"", ""diamagnetic material""], ""correct"": null, ""answer_text"": null, ""category"": null, ""source_file"": ""261722955-Module-3.pdf"", ""source_module"": ""M3"", ""fmt"": ""pdf"", ""module"": ""M3"", ""difficulty"": ""EASY""}"
M3,,,Switching on or off the current in one coil produces an emf in another,self inductance,mutual inductance,auto inductance,,,MEDIUM,,,,DRAFT,NEEDS_ANSWER — answer not provided in source; solve via Suntech corpus or admin review,1,261722955-Module-3.pdf,"{""raw"": ""438. Switching on or off the current in one coil produces an emf in another\ncoil adjacent to it. The two coils are said to have\na) self inductance\nb) mutual inductance\nc) auto inductance"", ""question"": ""Switching on or off the current in one coil produces an emf in another"", ""options"": [""self inductance"", ""mutual inductance"", ""auto inductance""], ""correct"": null, ""answer_text"": null, ""category"": null, ""source_file"": ""261722955-Module-3.pdf"", ""source_module"": ""M3"", ""fmt"": ""pdf"", ""module"": ""M3"", ""difficulty"": ""MEDIUM""}"
M3,M3.1.5,,The time constant in an inductive circuit is the time required for the,63.2% of maximum value,63.7% of maximum value,70.7% of maximum value,,,MEDIUM,,,,DRAFT,NEEDS_ANSWER — answer not provided in source; solve via Suntech corpus or admin review,1,261722955-Module-3.pdf,"{""raw"": ""439. The time constant in an inductive circuit is the time required for the\ncurrent to reach\na) 63.2% of maximum value\nb) 63.7% of maximum value\nc) 70.7% of maximum value"", ""question"": ""The time constant in an inductive circuit is the time required for the"", ""options"": [""63.2% of maximum value"", ""63.7% of maximum value"", ""70.7% of maximum value""], ""correct"": null, ""answer_text"": null, ""category"": null, ""source_file"": ""261722955-Module-3.pdf"", ""source_module"": ""M3"", ""fmt"": ""pdf"", ""module"": ""M3"", ""syllabusRef"": ""M3.1.5"", ""level"": null, ""difficulty"": ""MEDIUM""}"
M3,,,Self induced emf in a coil supplied with a current varying at a uniform,- N dI,- L dØ,- L dI,,,MEDIUM,,,,DRAFT,NEEDS_ANSWER — answer not provided in source; solve via Suntech corpus or admin review,1,261722955-Module-3.pdf,"{""raw"": ""440. Self induced emf in a coil supplied with a current varying at a uniform\nrate can be found by\na) - N dI\ndt\nb) - L dØ\ndt\nc) - L dI\ndt\nPage 55\nModule 3 – Electrical Fundamentals\nSample Questions"", ""question"": ""Self induced emf in a coil supplied with a current varying at a uniform"", ""options"": [""- N dI"", ""- L dØ"", ""- L dI""], ""correct"": null, ""answer_text"": null, ""category"": null, ""source_file"": ""261722955-Module-3.pdf"", ""source_module"": ""M3"", ""fmt"": ""pdf"", ""module"": ""M3"", ""difficulty"": ""MEDIUM""}"
M3,M3.3.2,2,The MMF of a coil fed with 2 amps and having 10 turns is,5 ampere turns,20 ampere turns,20 amperes / turn,,,MEDIUM,,,,DRAFT,NEEDS_ANSWER — answer not provided in source; solve via Suntech corpus or admin review,1,261722955-Module-3.pdf,"{""raw"": ""441. The MMF of a coil fed with 2 amps and having 10 turns is\na) 5 ampere turns\nb) 20 ampere turns\nc) 20 amperes / turn"", ""question"": ""The MMF of a coil fed with 2 amps and having 10 turns is"", ""options"": [""5 ampere turns"", ""20 ampere turns"", ""20 amperes / turn""], ""correct"": null, ""answer_text"": null, ""category"": null, ""source_file"": ""261722955-Module-3.pdf"", ""source_module"": ""M3"", ""fmt"": ""pdf"", ""module"": ""M3"", ""syllabusRef"": ""M3.3.2"", ""level"": 2, ""difficulty"": ""MEDIUM""}"
M3,M3.3.2,2,An AC inductive circuit has an inductance of 10 mH and a frequency,"63,000 ohms",630 ohms,63 ohms,,,MEDIUM,,,,DRAFT,NEEDS_ANSWER — answer not provided in source; solve via Suntech corpus or admin review,1,261722955-Module-3.pdf,"{""raw"": ""442. An AC inductive circuit has an inductance of 10 mH and a frequency\ninput of 1000Hz. The opposition to current flow is approximately\na) 63,000 ohms\nb) 630 ohms\nc) 63 ohms"", ""question"": ""An AC inductive circuit has an inductance of 10 mH and a frequency"", ""options"": [""63,000 ohms"", ""630 ohms"", ""63 ohms""], ""correct"": null, ""answer_text"": null, ""category"": null, ""source_file"": ""261722955-Module-3.pdf"", ""source_module"": ""M3"", ""fmt"": ""pdf"", ""module"": ""M3"", ""syllabusRef"": ""M3.3.2"", ""level"": 2, ""difficulty"": ""MEDIUM""}"
M3,M3.1.5,,A sine wave of RMS value 7.07 volts has a peak to peak value of,10.0 volts,0.707 volts,20.0 volts,,,MEDIUM,,,,DRAFT,NEEDS_ANSWER — answer not provided in source; solve via Suntech corpus or admin review,1,261722955-Module-3.pdf,"{""raw"": ""443. A sine wave of RMS value 7.07 volts has a peak to peak value of\na) 10.0 volts\nb) 0.707 volts\nc) 20.0 volts"", ""question"": ""A sine wave of RMS value 7.07 volts has a peak to peak value of"", ""options"": [""10.0 volts"", ""0.707 volts"", ""20.0 volts""], ""correct"": null, ""answer_text"": null, ""category"": null, ""source_file"": ""261722955-Module-3.pdf"", ""source_module"": ""M3"", ""fmt"": ""pdf"", ""module"": ""M3"", ""syllabusRef"": ""M3.1.5"", ""level"": null, ""difficulty"": ""MEDIUM""}"
M3,M3.1.5,,The true power in an AC circuit is given by,voltmeter reading x PF,volts x amps,volts x amps x PF,,,EASY,,,,DRAFT,NEEDS_ANSWER — answer not provided in source; solve via Suntech corpus or admin review,1,261722955-Module-3.pdf,"{""raw"": ""444. The true power in an AC circuit is given by\na) voltmeter reading x PF\nb) volts x amps\nc) volts x amps x PF"", ""question"": ""The true power in an AC circuit is given by"", ""options"": [""voltmeter reading x PF"", ""volts x amps"", ""volts x amps x PF""], ""correct"": null, ""answer_text"": null, ""category"": null, ""source_file"": ""261722955-Module-3.pdf"", ""source_module"": ""M3"", ""fmt"": ""pdf"", ""module"": ""M3"", ""syllabusRef"": ""M3.1.5"", ""level"": null, ""difficulty"": ""EASY""}"
M3,M3.1.5,,The average value of 100 volts peak AC is,70.7 volts,141.4 volts,63.7 volts,,,EASY,,,,DRAFT,NEEDS_ANSWER — answer not provided in source; solve via Suntech corpus or admin review,1,261722955-Module-3.pdf,"{""raw"": ""445. The average value of 100 volts peak AC is\na) 70.7 volts\nb) 141.4 volts\nc) 63.7 volts"", ""question"": ""The average value of 100 volts peak AC is"", ""options"": [""70.7 volts"", ""141.4 volts"", ""63.7 volts""], ""correct"": null, ""answer_text"": null, ""category"": null, ""source_file"": ""261722955-Module-3.pdf"", ""source_module"": ""M3"", ""fmt"": ""pdf"", ""module"": ""M3"", ""syllabusRef"": ""M3.1.5"", ""level"": null, ""difficulty"": ""EASY""}"
M3,,,The impedance of a series tuned circuit at resonance is,zero,maximum,minimum,,,MEDIUM,,,,DRAFT,NEEDS_ANSWER — answer not provided in source; solve via Suntech corpus or admin review,1,261722955-Module-3.pdf,"{""raw"": ""447. The impedance of a series tuned circuit at resonance is\na) zero\nb) maximum\nc) minimum"", ""question"": ""The impedance of a series tuned circuit at resonance is"", ""options"": [""zero"", ""maximum"", ""minimum""], ""correct"": null, ""answer_text"": null, ""category"": null, ""source_file"": ""261722955-Module-3.pdf"", ""source_module"": ""M3"", ""fmt"": ""pdf"", ""module"": ""M3"", ""difficulty"": ""MEDIUM""}"
M3,,,What will it be on half load?,5 Watts,12.5 Watts,6.25 Watts,,,EASY,448. The copper loss on a single phase transformer is 25 Watts on full load.,,,DRAFT,NEEDS_ANSWER — answer not provided in source; solve via Suntech corpus or admin review,1,261722955-Module-3.pdf,"{""raw"": ""448. The copper loss on a single phase transformer is 25 Watts on full load.\nWhat will it be on half load?\na) 5 Watts\nb) 12.5 Watts\nc) 6.25 Watts"", ""question"": ""What will it be on half load?"", ""options"": [""5 Watts"", ""12.5 Watts"", ""6.25 Watts""], ""correct"": null, ""answer_text"": null, ""category"": ""448. The copper loss on a single phase transformer is 25 Watts on full load."", ""source_file"": ""261722955-Module-3.pdf"", ""source_module"": ""M3"", ""fmt"": ""pdf"", ""module"": ""M3"", ""difficulty"": ""EASY""}"
M3,,,A transformer is designed to operate at 60 Hz. It is connected across a,draw more current,draw less current,draw the same current,,,MEDIUM,,,,DRAFT,NEEDS_ANSWER — answer not provided in source; solve via Suntech corpus or admin review,1,261722955-Module-3.pdf,"{""raw"": ""449. A transformer is designed to operate at 60 Hz. It is connected across a\n50 Hz supply. The primary windings would\na) draw more current\nb) draw less current\nc) draw the same current\nPage 56\nModule 3 – Electrical Fundamentals\nSample Questions"", ""question"": ""A transformer is designed to operate at 60 Hz. It is connected across a"", ""options"": [""draw more current"", ""draw less current"", ""draw the same current""], ""correct"": null, ""answer_text"": null, ""category"": null, ""source_file"": ""261722955-Module-3.pdf"", ""source_module"": ""M3"", ""fmt"": ""pdf"", ""module"": ""M3"", ""difficulty"": ""MEDIUM""}"
M3,,,Rotating coil B through 90o will,increase the EMF induced into B,decrease the EMF induced into B,increase the EMF induced into A,,,EASY,,,,DRAFT,NEEDS_ANSWER — answer not provided in source; solve via Suntech corpus or admin review,1,261722955-Module-3.pdf,"{""raw"": ""450. Rotating coil B through 90o will\na) increase the EMF induced into B\nb) decrease the EMF induced into B\nc) increase the EMF induced into A"", ""question"": ""Rotating coil B through 90o will"", ""options"": [""increase the EMF induced into B"", ""decrease the EMF induced into B"", ""increase the EMF induced into A""], ""correct"": null, ""answer_text"": null, ""category"": null, ""source_file"": ""261722955-Module-3.pdf"", ""source_module"": ""M3"", ""fmt"": ""pdf"", ""module"": ""M3"", ""difficulty"": ""EASY""}"
M3,M3.03.07,,"A current transformer, when disconnected from a circuit must be",left open circuit,short circuited,have a resistor connected across the terminals,,,MEDIUM,,,,DRAFT,NEEDS_ANSWER — answer not provided in source; solve via Suntech corpus or admin review,1,261722955-Module-3.pdf,"{""raw"": ""451. A current transformer, when disconnected from a circuit must be\na) left open circuit\nb) short circuited\nc) have a resistor connected across the terminals"", ""question"": ""A current transformer, when disconnected from a circuit must be"", ""options"": [""left open circuit"", ""short circuited"", ""have a resistor connected across the terminals""], ""correct"": null, ""answer_text"": null, ""category"": null, ""source_file"": ""261722955-Module-3.pdf"", ""source_module"": ""M3"", ""fmt"": ""pdf"", ""module"": ""M3"", ""syllabusRef"": ""M3.03.07"", ""level"": null, ""difficulty"": ""MEDIUM""}"
M3,,,452. What is the reflected impedance in the primary?,20 ohms,500 ohms,50 ohms,,,MEDIUM,,,,DRAFT,NEEDS_ANSWER — answer not provided in source; solve via Suntech corpus or admin review,1,261722955-Module-3.pdf,"{""raw"": ""452. What is the reflected impedance in the primary?\na) 20 ohms\nb) 500 ohms\nc) 50 ohms"", ""question"": ""452. What is the reflected impedance in the primary?"", ""options"": [""20 ohms"", ""500 ohms"", ""50 ohms""], ""correct"": null, ""answer_text"": null, ""category"": null, ""source_file"": ""261722955-Module-3.pdf"", ""source_module"": ""M3"", ""fmt"": ""pdf"", ""module"": ""M3"", ""difficulty"": ""MEDIUM""}"
M3,,,A transformer rated at a frequency of 200 Hz,may be used at any other frequency,may only be used at the rated frequency or above,may only be used at the rated frequency or below,,,EASY,,,,DRAFT,NEEDS_ANSWER — answer not provided in source; solve via Suntech corpus or admin review,1,261722955-Module-3.pdf,"{""raw"": ""453. A transformer rated at a frequency of 200 Hz\na) may be used at any other frequency\nb) may only be used at the rated frequency or above\nc) may only be used at the rated frequency or below"", ""question"": ""A transformer rated at a frequency of 200 Hz"", ""options"": [""may be used at any other frequency"", ""may only be used at the rated frequency or above"", ""may only be used at the rated frequency or below""], ""correct"": null, ""answer_text"": null, ""category"": null, ""source_file"": ""261722955-Module-3.pdf"", ""source_module"": ""M3"", ""fmt"": ""pdf"", ""module"": ""M3"", ""difficulty"": ""EASY""}"
M3,M3.3.2,2,"The dots are called, and indicate","quadrature dots, points are 90o out of phase","phasing dots, point that have the same polarity at the same moment in","phasing dots, point that have the opposite polarity at the same moment",,,EASY,,,,DRAFT,NEEDS_ANSWER — answer not provided in source; solve via Suntech corpus or admin review,1,261722955-Module-3.pdf,"{""raw"": ""454. The dots are called, and indicate\na) quadrature dots, points are 90o out of phase\nb) phasing dots, point that have the same polarity at the same moment in\ntime\nc) phasing dots, point that have the opposite polarity at the same moment\nin time\nPage 57\nModule 3 – Electrical Fundamentals\nSample Questions"", ""question"": ""The dots are called, and indicate"", ""options"": [""quadrature dots, points are 90o out of phase"", ""phasing dots, point that have the same polarity at the same moment in"", ""phasing dots, point that have the opposite polarity at the same moment""], ""correct"": null, ""answer_text"": null, ""category"": null, ""source_file"": ""261722955-Module-3.pdf"", ""source_module"": ""M3"", ""fmt"": ""pdf"", ""module"": ""M3"", ""syllabusRef"": ""M3.3.2"", ""level"": 2, ""difficulty"": ""EASY""}"
M3,,,The power factor of an AC circuit is the,sine of the phase angle,cosine of the phase angle,tangent of the phase angle,,,EASY,,,,DRAFT,NEEDS_ANSWER — answer not provided in source; solve via Suntech corpus or admin review,1,261722955-Module-3.pdf,"{""raw"": ""455. The power factor of an AC circuit is the\na) sine of the phase angle\nb) cosine of the phase angle\nc) tangent of the phase angle"", ""question"": ""The power factor of an AC circuit is the"", ""options"": [""sine of the phase angle"", ""cosine of the phase angle"", ""tangent of the phase angle""], ""correct"": null, ""answer_text"": null, ""category"": null, ""source_file"": ""261722955-Module-3.pdf"", ""source_module"": ""M3"", ""fmt"": ""pdf"", ""module"": ""M3"", ""difficulty"": ""EASY""}"
M3,,,The Form Factor of an AC waveform can be found by,RMS value divided by the average value,average value divided by the RMS value,average value times the RMS value,,,EASY,,,,DRAFT,NEEDS_ANSWER — answer not provided in source; solve via Suntech corpus or admin review,1,261722955-Module-3.pdf,"{""raw"": ""456. The Form Factor of an AC waveform can be found by\na) RMS value divided by the average value\nb) average value divided by the RMS value\nc) average value times the RMS value"", ""question"": ""The Form Factor of an AC waveform can be found by"", ""options"": [""RMS value divided by the average value"", ""average value divided by the RMS value"", ""average value times the RMS value""], ""correct"": null, ""answer_text"": null, ""category"": null, ""source_file"": ""261722955-Module-3.pdf"", ""source_module"": ""M3"", ""fmt"": ""pdf"", ""module"": ""M3"", ""difficulty"": ""EASY""}"
M3,M3.1.5,,A differentiator has a time constant which is,long,short,equal to the input pulse,,,EASY,,,,DRAFT,NEEDS_ANSWER — answer not provided in source; solve via Suntech corpus or admin review,1,261722955-Module-3.pdf,"{""raw"": ""457. A differentiator has a time constant which is\na) long\nb) short\nc) equal to the input pulse"", ""question"": ""A differentiator has a time constant which is"", ""options"": [""long"", ""short"", ""equal to the input pulse""], ""correct"": null, ""answer_text"": null, ""category"": null, ""source_file"": ""261722955-Module-3.pdf"", ""source_module"": ""M3"", ""fmt"": ""pdf"", ""module"": ""M3"", ""syllabusRef"": ""M3.1.5"", ""level"": null, ""difficulty"": ""EASY""}"
M3,M3.03.07,,"If the frequency is increased in an AC circuit of pure resistance, the",increased resistance,decreased resistance,nothing,,,MEDIUM,,,,DRAFT,NEEDS_ANSWER — answer not provided in source; solve via Suntech corpus or admin review,1,261722955-Module-3.pdf,"{""raw"": ""458. If the frequency is increased in an AC circuit of pure resistance, the\neffect is\na) increased resistance\nb) decreased resistance\nc) nothing"", ""question"": ""If the frequency is increased in an AC circuit of pure resistance, the"", ""options"": [""increased resistance"", ""decreased resistance"", ""nothing""], ""correct"": null, ""answer_text"": null, ""category"": null, ""source_file"": ""261722955-Module-3.pdf"", ""source_module"": ""M3"", ""fmt"": ""pdf"", ""module"": ""M3"", ""syllabusRef"": ""M3.03.07"", ""level"": null, ""difficulty"": ""MEDIUM""}"
M3,,,A wire is rotated through a magnetic field. To give DC it must be,a commutator,slip rings,a rectifier,,,MEDIUM,,,,DRAFT,NEEDS_ANSWER — answer not provided in source; solve via Suntech corpus or admin review,1,261722955-Module-3.pdf,"{""raw"": ""459. A wire is rotated through a magnetic field. To give DC it must be\nconnected to\na) a commutator\nb) slip rings\nc) a rectifier"", ""question"": ""A wire is rotated through a magnetic field. To give DC it must be"", ""options"": [""a commutator"", ""slip rings"", ""a rectifier""], ""correct"": null, ""answer_text"": null, ""category"": null, ""source_file"": ""261722955-Module-3.pdf"", ""source_module"": ""M3"", ""fmt"": ""pdf"", ""module"": ""M3"", ""difficulty"": ""MEDIUM""}"
M3,,,"In an inductive resistive circuit, 1 amp flows from a supply of 100V",60o,90o,45o,,,MEDIUM,,,,DRAFT,NEEDS_ANSWER — answer not provided in source; solve via Suntech corpus or admin review,1,261722955-Module-3.pdf,"{""raw"": ""460. In an inductive resistive circuit, 1 amp flows from a supply of 100V\ndissipating 50 Watts of power. The phase angle is\na) 60o\nb) 90o\nc) 45o"", ""question"": ""In an inductive resistive circuit, 1 amp flows from a supply of 100V"", ""options"": [""60o"", ""90o"", ""45o""], ""correct"": null, ""answer_text"": null, ""category"": null, ""source_file"": ""261722955-Module-3.pdf"", ""source_module"": ""M3"", ""fmt"": ""pdf"", ""module"": ""M3"", ""difficulty"": ""MEDIUM""}"
M3,,,A transformer is built with a material having a,narrow hysteresis loop,wide hysteresis loop,high coercive force,,,EASY,,,,DRAFT,NEEDS_ANSWER — answer not provided in source; solve via Suntech corpus or admin review,1,261722955-Module-3.pdf,"{""raw"": ""461. A transformer is built with a material having a\na) narrow hysteresis loop\nb) wide hysteresis loop\nc) high coercive force"", ""question"": ""A transformer is built with a material having a"", ""options"": [""narrow hysteresis loop"", ""wide hysteresis loop"", ""high coercive force""], ""correct"": null, ""answer_text"": null, ""category"": null, ""source_file"": ""261722955-Module-3.pdf"", ""source_module"": ""M3"", ""fmt"": ""pdf"", ""module"": ""M3"", ""difficulty"": ""EASY""}"
M3,,,An alternator delivers 500V RMS at 1 ampere. The power factor is 0.8.,100VA,400W,500W,,,MEDIUM,,,,DRAFT,NEEDS_ANSWER — answer not provided in source; solve via Suntech corpus or admin review,1,261722955-Module-3.pdf,"{""raw"": ""462. An alternator delivers 500V RMS at 1 ampere. The power factor is 0.8.\nThe true power is\na) 100VA\nb) 400W\nc) 500W"", ""question"": ""An alternator delivers 500V RMS at 1 ampere. The power factor is 0.8."", ""options"": [""100VA"", ""400W"", ""500W""], ""correct"": null, ""answer_text"": null, ""category"": null, ""source_file"": ""261722955-Module-3.pdf"", ""source_module"": ""M3"", ""fmt"": ""pdf"", ""module"": ""M3"", ""difficulty"": ""MEDIUM""}"
M3,M3.1.5,,A component that produces an output voltage due to incident light is,liquid crystal,light emitting diode,solar cell,,,MEDIUM,,,,DRAFT,NEEDS_ANSWER — answer not provided in source; solve via Suntech corpus or admin review,1,261722955-Module-3.pdf,"{""raw"": ""463. A component that produces an output voltage due to incident light is\ncalled a\na) liquid crystal\nb) light emitting diode\nc) solar cell\nPage 58\nModule 3 – Electrical Fundamentals\nSample Questions"", ""question"": ""A component that produces an output voltage due to incident light is"", ""options"": [""liquid crystal"", ""light emitting diode"", ""solar cell""], ""correct"": null, ""answer_text"": null, ""category"": null, ""source_file"": ""261722955-Module-3.pdf"", ""source_module"": ""M3"", ""fmt"": ""pdf"", ""module"": ""M3"", ""syllabusRef"": ""M3.1.5"", ""level"": null, ""difficulty"": ""MEDIUM""}"
M3,M3.1.5,,"In a circuit which possesses mutual inductance, current is increased to",the induced EMF in the secondary produces a current in the secondary,the induced EMF in the secondary produces a current in the secondary,the induced EMF in the secondary produces a current in the secondary,,,MEDIUM,,,,DRAFT,NEEDS_ANSWER — answer not provided in source; solve via Suntech corpus or admin review,1,261722955-Module-3.pdf,"{""raw"": ""464. In a circuit which possesses mutual inductance, current is increased to\nthe primary\na) the induced EMF in the secondary produces a current in the secondary\ncircuit which opposes the increase in flux due to the increase of current\nin the primary\nb) the induced EMF in the secondary produces a current in the secondary\ncircuit which assists the increase in flux due to the increase of current\nin the primary\nc) the induced EMF in the secondary produces a current in the secondary\ncircuit whose flux has no effect on the flux in the primary"", ""question"": ""In a circuit which possesses mutual inductance, current is increased to"", ""options"": [""the induced EMF in the secondary produces a current in the secondary"", ""the induced EMF in the secondary produces a current in the secondary"", ""the induced EMF in the secondary produces a current in the secondary""], ""correct"": null, ""answer_text"": null, ""category"": null, ""source_file"": ""261722955-Module-3.pdf"", ""source_module"": ""M3"", ""fmt"": ""pdf"", ""module"": ""M3"", ""syllabusRef"": ""M3.1.5"", ""level"": null, ""difficulty"": ""MEDIUM""}"
M3,,,If the supply to a DC shunt motor was reversed,it would rotate in the opposite direction,it would fail to run,it would rotate in the same direction,,,EASY,,,,DRAFT,NEEDS_ANSWER — answer not provided in source; solve via Suntech corpus or admin review,1,261722955-Module-3.pdf,"{""raw"": ""465. If the supply to a DC shunt motor was reversed\na) it would rotate in the opposite direction\nb) it would fail to run\nc) it would rotate in the same direction"", ""question"": ""If the supply to a DC shunt motor was reversed"", ""options"": [""it would rotate in the opposite direction"", ""it would fail to run"", ""it would rotate in the same direction""], ""correct"": null, ""answer_text"": null, ""category"": null, ""source_file"": ""261722955-Module-3.pdf"", ""source_module"": ""M3"", ""fmt"": ""pdf"", ""module"": ""M3"", ""difficulty"": ""EASY""}"
M3,,,Slip on a synchronous motor on start is,0%,50%,100%,,,EASY,,,,DRAFT,NEEDS_ANSWER — answer not provided in source; solve via Suntech corpus or admin review,1,261722955-Module-3.pdf,"{""raw"": ""466. Slip on a synchronous motor on start is\na) 0%\nb) 50%\nc) 100%"", ""question"": ""Slip on a synchronous motor on start is"", ""options"": [""0%"", ""50%"", ""100%""], ""correct"": null, ""answer_text"": null, ""category"": null, ""source_file"": ""261722955-Module-3.pdf"", ""source_module"": ""M3"", ""fmt"": ""pdf"", ""module"": ""M3"", ""difficulty"": ""EASY""}"
M3,,,A shaded pole motor has shaded poles to,increase efficiency,create a rotating field,reduce interference,,,EASY,,,,DRAFT,NEEDS_ANSWER — answer not provided in source; solve via Suntech corpus or admin review,1,261722955-Module-3.pdf,"{""raw"": ""467. A shaded pole motor has shaded poles to\na) increase efficiency\nb) create a rotating field\nc) reduce interference"", ""question"": ""A shaded pole motor has shaded poles to"", ""options"": [""increase efficiency"", ""create a rotating field"", ""reduce interference""], ""correct"": null, ""answer_text"": null, ""category"": null, ""source_file"": ""261722955-Module-3.pdf"", ""source_module"": ""M3"", ""fmt"": ""pdf"", ""module"": ""M3"", ""difficulty"": ""EASY""}"
M3,M3.03.07,,"A series motor draws a high current on start, and then the current",the resistance of the field and the armature in series,the back EMF,the resistance of the field and armature in parallel,,,MEDIUM,,,,DRAFT,NEEDS_ANSWER — answer not provided in source; solve via Suntech corpus or admin review,1,261722955-Module-3.pdf,"{""raw"": ""468. A series motor draws a high current on start, and then the current\nreduces. This is due to\na) the resistance of the field and the armature in series\nb) the back EMF\nc) the resistance of the field and armature in parallel"", ""question"": ""A series motor draws a high current on start, and then the current"", ""options"": [""the resistance of the field and the armature in series"", ""the back EMF"", ""the resistance of the field and armature in parallel""], ""correct"": null, ""answer_text"": null, ""category"": null, ""source_file"": ""261722955-Module-3.pdf"", ""source_module"": ""M3"", ""fmt"": ""pdf"", ""module"": ""M3"", ""syllabusRef"": ""M3.03.07"", ""level"": null, ""difficulty"": ""MEDIUM""}"
M3,,,"On a brushless AC generator, the main rotating field is fed with",AC,DC via diodes on the rotor,AC from the rotating field exciter,,,MEDIUM,,,,DRAFT,NEEDS_ANSWER — answer not provided in source; solve via Suntech corpus or admin review,1,261722955-Module-3.pdf,"{""raw"": ""469. On a brushless AC generator, the main rotating field is fed with\na) AC\nb) DC via diodes on the rotor\nc) AC from the rotating field exciter"", ""question"": ""On a brushless AC generator, the main rotating field is fed with"", ""options"": [""AC"", ""DC via diodes on the rotor"", ""AC from the rotating field exciter""], ""correct"": null, ""answer_text"": null, ""category"": null, ""source_file"": ""261722955-Module-3.pdf"", ""source_module"": ""M3"", ""fmt"": ""pdf"", ""module"": ""M3"", ""difficulty"": ""MEDIUM""}"
M3,M3.3.2,2,Single phase components in a three phase system may be connected,phase A and B only,phase and neutral only,any phase and neutral OR between any two phases,,,MEDIUM,,,,DRAFT,NEEDS_ANSWER — answer not provided in source; solve via Suntech corpus or admin review,1,261722955-Module-3.pdf,"{""raw"": ""470. Single phase components in a three phase system may be connected\nbetween\na) phase A and B only\nb) phase and neutral only\nc) any phase and neutral OR between any two phases"", ""question"": ""Single phase components in a three phase system may be connected"", ""options"": [""phase A and B only"", ""phase and neutral only"", ""any phase and neutral OR between any two phases""], ""correct"": null, ""answer_text"": null, ""category"": null, ""source_file"": ""261722955-Module-3.pdf"", ""source_module"": ""M3"", ""fmt"": ""pdf"", ""module"": ""M3"", ""syllabusRef"": ""M3.3.2"", ""level"": 2, ""difficulty"": ""MEDIUM""}"
M3,,,Interpoles in a DC generator are connected,in parallel with the armature,in series with the armature,in series with the field,,,EASY,,,,DRAFT,NEEDS_ANSWER — answer not provided in source; solve via Suntech corpus or admin review,1,261722955-Module-3.pdf,"{""raw"": ""471. Interpoles in a DC generator are connected\na) in parallel with the armature\nb) in series with the armature\nc) in series with the field\nPage 59\nModule 3 – Electrical Fundamentals\nSample Questions"", ""question"": ""Interpoles in a DC generator are connected"", ""options"": [""in parallel with the armature"", ""in series with the armature"", ""in series with the field""], ""correct"": null, ""answer_text"": null, ""category"": null, ""source_file"": ""261722955-Module-3.pdf"", ""source_module"": ""M3"", ""fmt"": ""pdf"", ""module"": ""M3"", ""difficulty"": ""EASY""}"
M3,,,"In a DC generator, the effect of armature reaction may be reduced by",from MNA to GNA,in the direction of armature rotation towards the MNA,against the direction of armature rotation towards the MNA,,,MEDIUM,,,,DRAFT,NEEDS_ANSWER — answer not provided in source; solve via Suntech corpus or admin review,1,261722955-Module-3.pdf,"{""raw"": ""472. In a DC generator, the effect of armature reaction may be reduced by\nmoving the brush gear\na) from MNA to GNA\nb) in the direction of armature rotation towards the MNA\nc) against the direction of armature rotation towards the MNA"", ""question"": ""In a DC generator, the effect of armature reaction may be reduced by"", ""options"": [""from MNA to GNA"", ""in the direction of armature rotation towards the MNA"", ""against the direction of armature rotation towards the MNA""], ""correct"": null, ""answer_text"": null, ""category"": null, ""source_file"": ""261722955-Module-3.pdf"", ""source_module"": ""M3"", ""fmt"": ""pdf"", ""module"": ""M3"", ""difficulty"": ""MEDIUM""}"
M3,,,The windings embedded in the pole faces of a DC generator are,interpoles,commutating coils,compensating windings,,,MEDIUM,,,,DRAFT,NEEDS_ANSWER — answer not provided in source; solve via Suntech corpus or admin review,1,261722955-Module-3.pdf,"{""raw"": ""473. The windings embedded in the pole faces of a DC generator are\na) interpoles\nb) commutating coils\nc) compensating windings"", ""question"": ""The windings embedded in the pole faces of a DC generator are"", ""options"": [""interpoles"", ""commutating coils"", ""compensating windings""], ""correct"": null, ""answer_text"": null, ""category"": null, ""source_file"": ""261722955-Module-3.pdf"", ""source_module"": ""M3"", ""fmt"": ""pdf"", ""module"": ""M3"", ""difficulty"": ""MEDIUM""}"
M3,,,A 6 pole wave-wound generator has,2 brushes,6 brushes,3 brushes,,,EASY,,,,DRAFT,NEEDS_ANSWER — answer not provided in source; solve via Suntech corpus or admin review,1,261722955-Module-3.pdf,"{""raw"": ""474. A 6 pole wave-wound generator has\na) 2 brushes\nb) 6 brushes\nc) 3 brushes"", ""question"": ""A 6 pole wave-wound generator has"", ""options"": [""2 brushes"", ""6 brushes"", ""3 brushes""], ""correct"": null, ""answer_text"": null, ""category"": null, ""source_file"": ""261722955-Module-3.pdf"", ""source_module"": ""M3"", ""fmt"": ""pdf"", ""module"": ""M3"", ""difficulty"": ""EASY""}"
M3,M3.03.09,,In a 2 phase induction motor the control winding is fed with,variable phase AC supply,fixed AC supply,variable amplitude supply only,,,MEDIUM,,,,DRAFT,NEEDS_ANSWER — answer not provided in source; solve via Suntech corpus or admin review,1,261722955-Module-3.pdf,"{""raw"": ""475. In a 2 phase induction motor the control winding is fed with\na) variable phase AC supply\nb) fixed AC supply\nc) variable amplitude supply only"", ""question"": ""In a 2 phase induction motor the control winding is fed with"", ""options"": [""variable phase AC supply"", ""fixed AC supply"", ""variable amplitude supply only""], ""correct"": null, ""answer_text"": null, ""category"": null, ""source_file"": ""261722955-Module-3.pdf"", ""source_module"": ""M3"", ""fmt"": ""pdf"", ""module"": ""M3"", ""syllabusRef"": ""M3.03.09"", ""level"": null, ""difficulty"": ""MEDIUM""}"
M3,,,A 3 phase induction motor can be reversed by,isolating one phase,reversing the rotor connections,changing over any two phases,,,EASY,,,,DRAFT,NEEDS_ANSWER — answer not provided in source; solve via Suntech corpus or admin review,1,261722955-Module-3.pdf,"{""raw"": ""476. A 3 phase induction motor can be reversed by\na) isolating one phase\nb) reversing the rotor connections\nc) changing over any two phases"", ""question"": ""A 3 phase induction motor can be reversed by"", ""options"": [""isolating one phase"", ""reversing the rotor connections"", ""changing over any two phases""], ""correct"": null, ""answer_text"": null, ""category"": null, ""source_file"": ""261722955-Module-3.pdf"", ""source_module"": ""M3"", ""fmt"": ""pdf"", ""module"": ""M3"", ""difficulty"": ""EASY""}"
M3,,,The speed of an AC motor can be affected by the,field current,pairs of poles,armature current,,,EASY,,,,DRAFT,NEEDS_ANSWER — answer not provided in source; solve via Suntech corpus or admin review,1,261722955-Module-3.pdf,"{""raw"": ""477. The speed of an AC motor can be affected by the\na) field current\nb) pairs of poles\nc) armature current"", ""question"": ""The speed of an AC motor can be affected by the"", ""options"": [""field current"", ""pairs of poles"", ""armature current""], ""correct"": null, ""answer_text"": null, ""category"": null, ""source_file"": ""261722955-Module-3.pdf"", ""source_module"": ""M3"", ""fmt"": ""pdf"", ""module"": ""M3"", ""difficulty"": ""EASY""}"
M3,M3.3.2,2,A generator rated at 30 KVA and power factor 0.8 has a maximum,30 kW,24 kW,37.5 kW,,,MEDIUM,,,,DRAFT,NEEDS_ANSWER — answer not provided in source; solve via Suntech corpus or admin review,1,261722955-Module-3.pdf,"{""raw"": ""478. A generator rated at 30 KVA and power factor 0.8 has a maximum\ncontinuous power output of\na) 30 kW\nb) 24 kW\nc) 37.5 kW"", ""question"": ""A generator rated at 30 KVA and power factor 0.8 has a maximum"", ""options"": [""30 kW"", ""24 kW"", ""37.5 kW""], ""correct"": null, ""answer_text"": null, ""category"": null, ""source_file"": ""261722955-Module-3.pdf"", ""source_module"": ""M3"", ""fmt"": ""pdf"", ""module"": ""M3"", ""syllabusRef"": ""M3.3.2"", ""level"": 2, ""difficulty"": ""MEDIUM""}"
M3,M3.1.5,,An AC motor which rotates at the same speed as the supply frequency,a universal motor,an induction motor,a synchronous motor,,,MEDIUM,,,,DRAFT,NEEDS_ANSWER — answer not provided in source; solve via Suntech corpus or admin review,1,261722955-Module-3.pdf,"{""raw"": ""479. An AC motor which rotates at the same speed as the supply frequency\nis called\na) a universal motor\nb) an induction motor\nc) a synchronous motor"", ""question"": ""An AC motor which rotates at the same speed as the supply frequency"", ""options"": [""a universal motor"", ""an induction motor"", ""a synchronous motor""], ""correct"": null, ""answer_text"": null, ""category"": null, ""source_file"": ""261722955-Module-3.pdf"", ""source_module"": ""M3"", ""fmt"": ""pdf"", ""module"": ""M3"", ""syllabusRef"": ""M3.1.5"", ""level"": null, ""difficulty"": ""MEDIUM""}"
M3,,,An example of a paramagnetic material is,iron,silver,glass,,,EASY,,,,DRAFT,NEEDS_ANSWER — answer not provided in source; solve via Suntech corpus or admin review,1,261722955-Module-3.pdf,"{""raw"": ""480. An example of a paramagnetic material is\na) iron\nb) silver\nc) glass\nPage 60\nModule 3 – Electrical Fundamentals\nSample Questions"", ""question"": ""An example of a paramagnetic material is"", ""options"": [""iron"", ""silver"", ""glass""], ""correct"": null, ""answer_text"": null, ""category"": null, ""source_file"": ""261722955-Module-3.pdf"", ""source_module"": ""M3"", ""fmt"": ""pdf"", ""module"": ""M3"", ""difficulty"": ""EASY""}"
M3,,,"In the circuit shown, if the frequency is increased from zero to resonant",increase,decrease,stay the same,,,MEDIUM,,,,DRAFT,NEEDS_ANSWER — answer not provided in source; solve via Suntech corpus or admin review,1,261722955-Module-3.pdf,"{""raw"": ""481. In the circuit shown, if the frequency is increased from zero to resonant\nfrequency, the circuit current would\na) increase\nb) decrease\nc) stay the same"", ""question"": ""In the circuit shown, if the frequency is increased from zero to resonant"", ""options"": [""increase"", ""decrease"", ""stay the same""], ""correct"": null, ""answer_text"": null, ""category"": null, ""source_file"": ""261722955-Module-3.pdf"", ""source_module"": ""M3"", ""fmt"": ""pdf"", ""module"": ""M3"", ""difficulty"": ""MEDIUM""}"
M3,,,The true power developed in this circuit is,12W,50W,20W,,,EASY,,,,DRAFT,NEEDS_ANSWER — answer not provided in source; solve via Suntech corpus or admin review,1,261722955-Module-3.pdf,"{""raw"": ""482. The true power developed in this circuit is\na) 12W\nb) 50W\nc) 20W"", ""question"": ""The true power developed in this circuit is"", ""options"": [""12W"", ""50W"", ""20W""], ""correct"": null, ""answer_text"": null, ""category"": null, ""source_file"": ""261722955-Module-3.pdf"", ""source_module"": ""M3"", ""fmt"": ""pdf"", ""module"": ""M3"", ""difficulty"": ""EASY""}"
M3,,,The filter shown is a,band stop filter,low pass filter,high pass filter,,,EASY,,,,DRAFT,NEEDS_ANSWER — answer not provided in source; solve via Suntech corpus or admin review,1,261722955-Module-3.pdf,"{""raw"": ""483. The filter shown is a\na) band stop filter\nb) low pass filter\nc) high pass filter\nPage 61\nModule 3 – Electrical Fundamentals\nSample Questions"", ""question"": ""The filter shown is a"", ""options"": [""band stop filter"", ""low pass filter"", ""high pass filter""], ""correct"": null, ""answer_text"": null, ""category"": null, ""source_file"": ""261722955-Module-3.pdf"", ""source_module"": ""M3"", ""fmt"": ""pdf"", ""module"": ""M3"", ""difficulty"": ""EASY""}"
M3,,,"In the circuit shown, impedance will be",9 ohms,5 ohms,7 ohms,,,EASY,,,,DRAFT,NEEDS_ANSWER — answer not provided in source; solve via Suntech corpus or admin review,1,261722955-Module-3.pdf,"{""raw"": ""484. In the circuit shown, impedance will be\na) 9 ohms\nb) 5 ohms\nc) 7 ohms"", ""question"": ""In the circuit shown, impedance will be"", ""options"": [""9 ohms"", ""5 ohms"", ""7 ohms""], ""correct"": null, ""answer_text"": null, ""category"": null, ""source_file"": ""261722955-Module-3.pdf"", ""source_module"": ""M3"", ""fmt"": ""pdf"", ""module"": ""M3"", ""difficulty"": ""EASY""}"
M3,M3.3.2,2,"in a balanced Wheatstone bridge, across the centre of the bridge there",no current flow,no voltage present at either end,current and voltage at maximum,,,MEDIUM,,,,DRAFT,NEEDS_ANSWER — answer not provided in source; solve via Suntech corpus or admin review,1,261722955-Module-3.pdf,"{""raw"": ""485. in a balanced Wheatstone bridge, across the centre of the bridge there\nis\na) no current flow\nb) no voltage present at either end\nc) current and voltage at maximum"", ""question"": ""in a balanced Wheatstone bridge, across the centre of the bridge there"", ""options"": [""no current flow"", ""no voltage present at either end"", ""current and voltage at maximum""], ""correct"": null, ""answer_text"": null, ""category"": null, ""source_file"": ""261722955-Module-3.pdf"", ""source_module"": ""M3"", ""fmt"": ""pdf"", ""module"": ""M3"", ""syllabusRef"": ""M3.3.2"", ""level"": 2, ""difficulty"": ""MEDIUM""}"
M3,M3.03.07,,A 24V battery has an internal resistance of 1 ohm. When connected to,12 ohms,1 ohm,1/2 ohm,,,MEDIUM,,,,DRAFT,NEEDS_ANSWER — answer not provided in source; solve via Suntech corpus or admin review,1,261722955-Module-3.pdf,"{""raw"": ""486. A 24V battery has an internal resistance of 1 ohm. When connected to\na load, 12 amps flows. The value of the load is\na) 12 ohms\nb) 1 ohm\nc) 1/2 ohm"", ""question"": ""A 24V battery has an internal resistance of 1 ohm. When connected to"", ""options"": [""12 ohms"", ""1 ohm"", ""1/2 ohm""], ""correct"": null, ""answer_text"": null, ""category"": null, ""source_file"": ""261722955-Module-3.pdf"", ""source_module"": ""M3"", ""fmt"": ""pdf"", ""module"": ""M3"", ""syllabusRef"": ""M3.03.07"", ""level"": null, ""difficulty"": ""MEDIUM""}"
M3,,,The property of a material to accept lines of flux is called,permeability,reluctance,retentivity,,,MEDIUM,,,,DRAFT,NEEDS_ANSWER — answer not provided in source; solve via Suntech corpus or admin review,1,261722955-Module-3.pdf,"{""raw"": ""487. The property of a material to accept lines of flux is called\na) permeability\nb) reluctance\nc) retentivity"", ""question"": ""The property of a material to accept lines of flux is called"", ""options"": [""permeability"", ""reluctance"", ""retentivity""], ""correct"": null, ""answer_text"": null, ""category"": null, ""source_file"": ""261722955-Module-3.pdf"", ""source_module"": ""M3"", ""fmt"": ""pdf"", ""module"": ""M3"", ""difficulty"": ""MEDIUM""}"
M3,,,"In a DC motor, B-EMF rises if the motor",speed rises,speed falls,load rises,,,EASY,,,,DRAFT,NEEDS_ANSWER — answer not provided in source; solve via Suntech corpus or admin review,1,261722955-Module-3.pdf,"{""raw"": ""489. In a DC motor, B-EMF rises if the motor\na) speed rises\nb) speed falls\nc) load rises"", ""question"": ""In a DC motor, B-EMF rises if the motor"", ""options"": [""speed rises"", ""speed falls"", ""load rises""], ""correct"": null, ""answer_text"": null, ""category"": null, ""source_file"": ""261722955-Module-3.pdf"", ""source_module"": ""M3"", ""fmt"": ""pdf"", ""module"": ""M3"", ""difficulty"": ""EASY""}"
M3,,,Vibration in a magnet causes,flux to increase,flux to decrease,flux to stay the same,,,EASY,,,,DRAFT,NEEDS_ANSWER — answer not provided in source; solve via Suntech corpus or admin review,1,261722955-Module-3.pdf,"{""raw"": ""490. Vibration in a magnet causes\na) flux to increase\nb) flux to decrease\nc) flux to stay the same"", ""question"": ""Vibration in a magnet causes"", ""options"": [""flux to increase"", ""flux to decrease"", ""flux to stay the same""], ""correct"": null, ""answer_text"": null, ""category"": null, ""source_file"": ""261722955-Module-3.pdf"", ""source_module"": ""M3"", ""fmt"": ""pdf"", ""module"": ""M3"", ""difficulty"": ""EASY""}"
M3,,,What sort of wave would be used in a CR oscilloscope to control,Sawtooth,Square,Sine wave,,,MEDIUM,,,,DRAFT,NEEDS_ANSWER — answer not provided in source; solve via Suntech corpus or admin review,1,261722955-Module-3.pdf,"{""raw"": ""492. What sort of wave would be used in a CR oscilloscope to control\nsweep?\na) Sawtooth\nb) Square\nc) Sine wave"", ""question"": ""What sort of wave would be used in a CR oscilloscope to control"", ""options"": [""Sawtooth"", ""Square"", ""Sine wave""], ""correct"": null, ""answer_text"": null, ""category"": null, ""source_file"": ""261722955-Module-3.pdf"", ""source_module"": ""M3"", ""fmt"": ""pdf"", ""module"": ""M3"", ""difficulty"": ""MEDIUM""}"
M3,,,"If there was a mainly inductive load on an AC generator, the voltage",lead,lag,be in phase,,,MEDIUM,,,,DRAFT,NEEDS_ANSWER — answer not provided in source; solve via Suntech corpus or admin review,1,261722955-Module-3.pdf,"{""raw"": ""493. If there was a mainly inductive load on an AC generator, the voltage\nwith respect to the current would\na) lead\nb) lag\nc) be in phase"", ""question"": ""If there was a mainly inductive load on an AC generator, the voltage"", ""options"": [""lead"", ""lag"", ""be in phase""], ""correct"": null, ""answer_text"": null, ""category"": null, ""source_file"": ""261722955-Module-3.pdf"", ""source_module"": ""M3"", ""fmt"": ""pdf"", ""module"": ""M3"", ""difficulty"": ""MEDIUM""}"
M3,,,"On a brushless AC generator, the permanent magnet generator output",DC,AC,pulsed,,,MEDIUM,,,,DRAFT,NEEDS_ANSWER — answer not provided in source; solve via Suntech corpus or admin review,1,261722955-Module-3.pdf,"{""raw"": ""494. On a brushless AC generator, the permanent magnet generator output\nis\na) DC\nb) AC\nc) pulsed"", ""question"": ""On a brushless AC generator, the permanent magnet generator output"", ""options"": [""DC"", ""AC"", ""pulsed""], ""correct"": null, ""answer_text"": null, ""category"": null, ""source_file"": ""261722955-Module-3.pdf"", ""source_module"": ""M3"", ""fmt"": ""pdf"", ""module"": ""M3"", ""difficulty"": ""MEDIUM""}"
M3,,,The output from a rotating armature AC generator would be taken from,the rotor,the stator,either the rotor or the stator,,,MEDIUM,,,,DRAFT,NEEDS_ANSWER — answer not provided in source; solve via Suntech corpus or admin review,1,261722955-Module-3.pdf,"{""raw"": ""495. The output from a rotating armature AC generator would be taken from\na) the rotor\nb) the stator\nc) either the rotor or the stator"", ""question"": ""The output from a rotating armature AC generator would be taken from"", ""options"": [""the rotor"", ""the stator"", ""either the rotor or the stator""], ""correct"": null, ""answer_text"": null, ""category"": null, ""source_file"": ""261722955-Module-3.pdf"", ""source_module"": ""M3"", ""fmt"": ""pdf"", ""module"": ""M3"", ""difficulty"": ""MEDIUM""}"
M3,M3.3.2,2,"In a series LCR circuit at resonance, R = 100 ohms, L and C are each",100 ohms,30 ohms,zero ohms,,,MEDIUM,,,,DRAFT,NEEDS_ANSWER — answer not provided in source; solve via Suntech corpus or admin review,1,261722955-Module-3.pdf,"{""raw"": ""497. In a series LCR circuit at resonance, R = 100 ohms, L and C are each\n10 ohms. The total impedance is\na) 100 ohms\nb) 30 ohms\nc) zero ohms"", ""question"": ""In a series LCR circuit at resonance, R = 100 ohms, L and C are each"", ""options"": [""100 ohms"", ""30 ohms"", ""zero ohms""], ""correct"": null, ""answer_text"": null, ""category"": null, ""source_file"": ""261722955-Module-3.pdf"", ""source_module"": ""M3"", ""fmt"": ""pdf"", ""module"": ""M3"", ""syllabusRef"": ""M3.3.2"", ""level"": 2, ""difficulty"": ""MEDIUM""}"
M3,,,An AC generator has four poles. To produce a frequency of 400Hz it,6000 RPM,8000 RPM,12000 RPM,,,MEDIUM,,,,DRAFT,NEEDS_ANSWER — answer not provided in source; solve via Suntech corpus or admin review,1,261722955-Module-3.pdf,"{""raw"": ""498. An AC generator has four poles. To produce a frequency of 400Hz it\nmust achieve a speed of\na) 6000 RPM\nb) 8000 RPM\nc) 12000 RPM"", ""question"": ""An AC generator has four poles. To produce a frequency of 400Hz it"", ""options"": [""6000 RPM"", ""8000 RPM"", ""12000 RPM""], ""correct"": null, ""answer_text"": null, ""category"": null, ""source_file"": ""261722955-Module-3.pdf"", ""source_module"": ""M3"", ""fmt"": ""pdf"", ""module"": ""M3"", ""difficulty"": ""MEDIUM""}"
M3,,,If an AC sinewave has an RMS value of 5V its peak value is,14.14 V,6.37 V,7.07 V,,,MEDIUM,,,,DRAFT,NEEDS_ANSWER — answer not provided in source; solve via Suntech corpus or admin review,1,261722955-Module-3.pdf,"{""raw"": ""499. If an AC sinewave has an RMS value of 5V its peak value is\na) 14.14 V\nb) 6.37 V\nc) 7.07 V"", ""question"": ""If an AC sinewave has an RMS value of 5V its peak value is"", ""options"": [""14.14 V"", ""6.37 V"", ""7.07 V""], ""correct"": null, ""answer_text"": null, ""category"": null, ""source_file"": ""261722955-Module-3.pdf"", ""source_module"": ""M3"", ""fmt"": ""pdf"", ""module"": ""M3"", ""difficulty"": ""MEDIUM""}"
M3,M3.3.2,2,The Daniel Cell electrodes are,copper and zinc,carbon and zinc,zinc and manganese dioxide,,,EASY,,,,DRAFT,NEEDS_ANSWER — answer not provided in source; solve via Suntech corpus or admin review,1,261722955-Module-3.pdf,"{""raw"": ""500. The Daniel Cell electrodes are\na) copper and zinc\nb) carbon and zinc\nc) zinc and manganese dioxide\nPage 63\nModule 3 – Electrical Fundamentals\nSample Questions"", ""question"": ""The Daniel Cell electrodes are"", ""options"": [""copper and zinc"", ""carbon and zinc"", ""zinc and manganese dioxide""], ""correct"": null, ""answer_text"": null, ""category"": null, ""source_file"": ""261722955-Module-3.pdf"", ""source_module"": ""M3"", ""fmt"": ""pdf"", ""module"": ""M3"", ""syllabusRef"": ""M3.3.2"", ""level"": 2, ""difficulty"": ""EASY""}"
M3,M3.03.07,,An inductor of resistance 5 k ohms and inductance 2mH is connected,400 ns,10 seconds,40 ms,,,MEDIUM,,,,DRAFT,NEEDS_ANSWER — answer not provided in source; solve via Suntech corpus or admin review,1,261722955-Module-3.pdf,"{""raw"": ""501. An inductor of resistance 5 k ohms and inductance 2mH is connected\nto a DC circuit. The time constant is\na) 400 ns\nb) 10 seconds\nc) 40 ms"", ""question"": ""An inductor of resistance 5 k ohms and inductance 2mH is connected"", ""options"": [""400 ns"", ""10 seconds"", ""40 ms""], ""correct"": null, ""answer_text"": null, ""category"": null, ""source_file"": ""261722955-Module-3.pdf"", ""source_module"": ""M3"", ""fmt"": ""pdf"", ""module"": ""M3"", ""syllabusRef"": ""M3.03.07"", ""level"": null, ""difficulty"": ""MEDIUM""}"
M3,,,The unit of flux is the,Weber,Ampere turns,Ampere turns / metre,,,EASY,,,,DRAFT,NEEDS_ANSWER — answer not provided in source; solve via Suntech corpus or admin review,1,261722955-Module-3.pdf,"{""raw"": ""502. The unit of flux is the\na) Weber\nb) Ampere turns\nc) Ampere turns / metre"", ""question"": ""The unit of flux is the"", ""options"": [""Weber"", ""Ampere turns"", ""Ampere turns / metre""], ""correct"": null, ""answer_text"": null, ""category"": null, ""source_file"": ""261722955-Module-3.pdf"", ""source_module"": ""M3"", ""fmt"": ""pdf"", ""module"": ""M3"", ""difficulty"": ""EASY""}"
M3,,,The flux density of a magnetic field is 1.5T. The length of the conductor,0.3 V,30 V,7.5 V,,,MEDIUM,,,,DRAFT,NEEDS_ANSWER — answer not provided in source; solve via Suntech corpus or admin review,1,261722955-Module-3.pdf,"{""raw"": ""503. The flux density of a magnetic field is 1.5T. The length of the conductor\nin the field is 2 m and the speed of the conductor is 10 m/s. The EMF induced\nis\na) 0.3 V\nb) 30 V\nc) 7.5 V"", ""question"": ""The flux density of a magnetic field is 1.5T. The length of the conductor"", ""options"": [""0.3 V"", ""30 V"", ""7.5 V""], ""correct"": null, ""answer_text"": null, ""category"": null, ""source_file"": ""261722955-Module-3.pdf"", ""source_module"": ""M3"", ""fmt"": ""pdf"", ""module"": ""M3"", ""difficulty"": ""MEDIUM""}"
M3,M3.3.2,2,A DC generator armature has 6 poles and is lap wound. The number of,6,2,3,,,MEDIUM,,,,DRAFT,NEEDS_ANSWER — answer not provided in source; solve via Suntech corpus or admin review,1,261722955-Module-3.pdf,"{""raw"": ""504. A DC generator armature has 6 poles and is lap wound. The number of\nbrushes required are\na) 6\nb) 2\nc) 3"", ""question"": ""A DC generator armature has 6 poles and is lap wound. The number of"", ""options"": [""6"", ""2"", ""3""], ""correct"": null, ""answer_text"": null, ""category"": null, ""source_file"": ""261722955-Module-3.pdf"", ""source_module"": ""M3"", ""fmt"": ""pdf"", ""module"": ""M3"", ""syllabusRef"": ""M3.3.2"", ""level"": 2, ""difficulty"": ""MEDIUM""}"
M3,,,Reactive sparking is reduced by,interpoles,compensating windings,auxiliary windings,,,EASY,,,,DRAFT,NEEDS_ANSWER — answer not provided in source; solve via Suntech corpus or admin review,1,261722955-Module-3.pdf,"{""raw"": ""505. Reactive sparking is reduced by\na) interpoles\nb) compensating windings\nc) auxiliary windings"", ""question"": ""Reactive sparking is reduced by"", ""options"": [""interpoles"", ""compensating windings"", ""auxiliary windings""], ""correct"": null, ""answer_text"": null, ""category"": null, ""source_file"": ""261722955-Module-3.pdf"", ""source_module"": ""M3"", ""fmt"": ""pdf"", ""module"": ""M3"", ""difficulty"": ""EASY""}"
M3,,,The back EMF in a DC motor is,equal to the applied EMF,less than the applied EMF,greater than the applied EMF,,,EASY,,,,DRAFT,NEEDS_ANSWER — answer not provided in source; solve via Suntech corpus or admin review,1,261722955-Module-3.pdf,"{""raw"": ""506. The back EMF in a DC motor is\na) equal to the applied EMF\nb) less than the applied EMF\nc) greater than the applied EMF"", ""question"": ""The back EMF in a DC motor is"", ""options"": [""equal to the applied EMF"", ""less than the applied EMF"", ""greater than the applied EMF""], ""correct"": null, ""answer_text"": null, ""category"": null, ""source_file"": ""261722955-Module-3.pdf"", ""source_module"": ""M3"", ""fmt"": ""pdf"", ""module"": ""M3"", ""difficulty"": ""EASY""}"
M3,M3.1.5,,A DC shunt motor has 28 volts applied. The current taken from the,30 V,27 V,26 V,,,MEDIUM,,,,DRAFT,NEEDS_ANSWER — answer not provided in source; solve via Suntech corpus or admin review,1,261722955-Module-3.pdf,"{""raw"": ""508. A DC shunt motor has 28 volts applied. The current taken from the\narmature of 2 ohms resistance is 1 amp. The BEMF is\na) 30 V\nb) 27 V\nc) 26 V\nPage 64\nModule 3 – Electrical Fundamentals\nSample Questions"", ""question"": ""A DC shunt motor has 28 volts applied. The current taken from the"", ""options"": [""30 V"", ""27 V"", ""26 V""], ""correct"": null, ""answer_text"": null, ""category"": null, ""source_file"": ""261722955-Module-3.pdf"", ""source_module"": ""M3"", ""fmt"": ""pdf"", ""module"": ""M3"", ""syllabusRef"": ""M3.1.5"", ""level"": null, ""difficulty"": ""MEDIUM""}"
M3,,,"In a motor, armature reaction causes the MNA to move",in the direction of rotation,against the direction of rotation,to the GNA,,,MEDIUM,,,,DRAFT,NEEDS_ANSWER — answer not provided in source; solve via Suntech corpus or admin review,1,261722955-Module-3.pdf,"{""raw"": ""509. In a motor, armature reaction causes the MNA to move\na) in the direction of rotation\nb) against the direction of rotation\nc) to the GNA"", ""question"": ""In a motor, armature reaction causes the MNA to move"", ""options"": [""in the direction of rotation"", ""against the direction of rotation"", ""to the GNA""], ""correct"": null, ""answer_text"": null, ""category"": null, ""source_file"": ""261722955-Module-3.pdf"", ""source_module"": ""M3"", ""fmt"": ""pdf"", ""module"": ""M3"", ""difficulty"": ""MEDIUM""}"
M3,,,A circuit with good selectivity will have,a large bandwidth,a narrow bandwidth,a low L/C ratio,,,EASY,,,,DRAFT,NEEDS_ANSWER — answer not provided in source; solve via Suntech corpus or admin review,1,261722955-Module-3.pdf,"{""raw"": ""510. A circuit with good selectivity will have\na) a large bandwidth\nb) a narrow bandwidth\nc) a low L/C ratio"", ""question"": ""A circuit with good selectivity will have"", ""options"": [""a large bandwidth"", ""a narrow bandwidth"", ""a low L/C ratio""], ""correct"": null, ""answer_text"": null, ""category"": null, ""source_file"": ""261722955-Module-3.pdf"", ""source_module"": ""M3"", ""fmt"": ""pdf"", ""module"": ""M3"", ""difficulty"": ""EASY""}"
M3,,,Apparent power in an AC circuit is found by,V x I,V x I x cosØ,V x I x sinØ,,,EASY,,,,DRAFT,NEEDS_ANSWER — answer not provided in source; solve via Suntech corpus or admin review,1,261722955-Module-3.pdf,"{""raw"": ""511. Apparent power in an AC circuit is found by\na) V x I\nb) V x I x cosØ\nc) V x I x sinØ"", ""question"": ""Apparent power in an AC circuit is found by"", ""options"": [""V x I"", ""V x I x cosØ"", ""V x I x sinØ""], ""correct"": null, ""answer_text"": null, ""category"": null, ""source_file"": ""261722955-Module-3.pdf"", ""source_module"": ""M3"", ""fmt"": ""pdf"", ""module"": ""M3"", ""difficulty"": ""EASY""}"
M3,M3.03.07,,A 300 ohm resistor would have a colour code of,"orange, orange, brown","orange, brown, black","orange, black brown",,,EASY,,,,DRAFT,NEEDS_ANSWER — answer not provided in source; solve via Suntech corpus or admin review,1,261722955-Module-3.pdf,"{""raw"": ""512. A 300 ohm resistor would have a colour code of\na) orange, orange, brown\nb) orange, brown, black\nc) orange, black brown"", ""question"": ""A 300 ohm resistor would have a colour code of"", ""options"": [""orange, orange, brown"", ""orange, brown, black"", ""orange, black brown""], ""correct"": null, ""answer_text"": null, ""category"": null, ""source_file"": ""261722955-Module-3.pdf"", ""source_module"": ""M3"", ""fmt"": ""pdf"", ""module"": ""M3"", ""syllabusRef"": ""M3.03.07"", ""level"": null, ""difficulty"": ""EASY""}"
M3,,,In a two-phase induction motor there are,2 poles,3 poles,# c) 4 poles,,,EASY,,,,DRAFT,NEEDS_ANSWER — answer not provided in source; solve via Suntech corpus or admin review,1,261722955-Module-3.pdf,"{""raw"": ""514. In a two-phase induction motor there are\na) 2 poles\nb) 3 poles\nc) # c) 4 poles"", ""question"": ""In a two-phase induction motor there are"", ""options"": [""2 poles"", ""3 poles"", ""# c) 4 poles""], ""correct"": null, ""answer_text"": null, ""category"": null, ""source_file"": ""261722955-Module-3.pdf"", ""source_module"": ""M3"", ""fmt"": ""pdf"", ""module"": ""M3"", ""difficulty"": ""EASY""}"
M3,,,"in the previous question, the secondary is connected to a 10 ohm load.",10 amps,0.4 amps,2 amps,,,MEDIUM,,,,DRAFT,NEEDS_ANSWER — answer not provided in source; solve via Suntech corpus or admin review,1,261722955-Module-3.pdf,"{""raw"": ""517. in the previous question, the secondary is connected to a 10 ohm load.\nThe primary current is\na) 10 amps\nb) 0.4 amps\nc) 2 amps"", ""question"": ""in the previous question, the secondary is connected to a 10 ohm load."", ""options"": [""10 amps"", ""0.4 amps"", ""2 amps""], ""correct"": null, ""answer_text"": null, ""category"": null, ""source_file"": ""261722955-Module-3.pdf"", ""source_module"": ""M3"", ""fmt"": ""pdf"", ""module"": ""M3"", ""difficulty"": ""MEDIUM""}"
M3,,,Magneto motive force can be found by,N/I,I x N,Blv,,,EASY,,,,DRAFT,NEEDS_ANSWER — answer not provided in source; solve via Suntech corpus or admin review,1,261722955-Module-3.pdf,"{""raw"": ""518. Magneto motive force can be found by\na) N/I\nb) I x N\nc) Blv"", ""question"": ""Magneto motive force can be found by"", ""options"": [""N/I"", ""I x N"", ""Blv""], ""correct"": null, ""answer_text"": null, ""category"": null, ""source_file"": ""261722955-Module-3.pdf"", ""source_module"": ""M3"", ""fmt"": ""pdf"", ""module"": ""M3"", ""difficulty"": ""EASY""}"
M3,,,Permeability of a material can be found by,flux density / MMF,MMF x flux density,MMF / flux density,,,EASY,,,,DRAFT,NEEDS_ANSWER — answer not provided in source; solve via Suntech corpus or admin review,1,261722955-Module-3.pdf,"{""raw"": ""519. Permeability of a material can be found by\na) flux density / MMF\nb) MMF x flux density\nc) MMF / flux density"", ""question"": ""Permeability of a material can be found by"", ""options"": [""flux density / MMF"", ""MMF x flux density"", ""MMF / flux density""], ""correct"": null, ""answer_text"": null, ""category"": null, ""source_file"": ""261722955-Module-3.pdf"", ""source_module"": ""M3"", ""fmt"": ""pdf"", ""module"": ""M3"", ""difficulty"": ""EASY""}"
M3,,,A filter with a small bandwidth has,a high value of Q,a low value of Q,a Q of zero,,,EASY,,,,DRAFT,NEEDS_ANSWER — answer not provided in source; solve via Suntech corpus or admin review,1,261722955-Module-3.pdf,"{""raw"": ""520. A filter with a small bandwidth has\na) a high value of Q\nb) a low value of Q\nc) a Q of zero"", ""question"": ""A filter with a small bandwidth has"", ""options"": [""a high value of Q"", ""a low value of Q"", ""a Q of zero""], ""correct"": null, ""answer_text"": null, ""category"": null, ""source_file"": ""261722955-Module-3.pdf"", ""source_module"": ""M3"", ""fmt"": ""pdf"", ""module"": ""M3"", ""difficulty"": ""EASY""}"
M3,,,An autotransformer windings are,on separate formers,connected,wired in parallel,,,EASY,,,,DRAFT,NEEDS_ANSWER — answer not provided in source; solve via Suntech corpus or admin review,1,261722955-Module-3.pdf,"{""raw"": ""522. An autotransformer windings are\na) on separate formers\nb) connected\nc) wired in parallel"", ""question"": ""An autotransformer windings are"", ""options"": [""on separate formers"", ""connected"", ""wired in parallel""], ""correct"": null, ""answer_text"": null, ""category"": null, ""source_file"": ""261722955-Module-3.pdf"", ""source_module"": ""M3"", ""fmt"": ""pdf"", ""module"": ""M3"", ""difficulty"": ""EASY""}"
M3,,,523. What voltage can the neutral line carry in a star transformer?,Combined line voltages,Zero voltage,Phase voltage,,,MEDIUM,,,,DRAFT,NEEDS_ANSWER — answer not provided in source; solve via Suntech corpus or admin review,1,261722955-Module-3.pdf,"{""raw"": ""523. What voltage can the neutral line carry in a star transformer?\na) Combined line voltages\nb) Zero voltage\nc) Phase voltage"", ""question"": ""523. What voltage can the neutral line carry in a star transformer?"", ""options"": [""Combined line voltages"", ""Zero voltage"", ""Phase voltage""], ""correct"": null, ""answer_text"": null, ""category"": null, ""source_file"": ""261722955-Module-3.pdf"", ""source_module"": ""M3"", ""fmt"": ""pdf"", ""module"": ""M3"", ""difficulty"": ""MEDIUM""}"
M3,,,"in a generator system, a stabilizing winding is used",in series with the field to prevent oscillations,to prevent voltage overshoot,to control output current,,,MEDIUM,,,,DRAFT,NEEDS_ANSWER — answer not provided in source; solve via Suntech corpus or admin review,1,261722955-Module-3.pdf,"{""raw"": ""524. in a generator system, a stabilizing winding is used\na) in series with the field to prevent oscillations\nb) to prevent voltage overshoot\nc) to control output current\nPage 66\nModule 3 – Electrical Fundamentals\nSample Questions"", ""question"": ""in a generator system, a stabilizing winding is used"", ""options"": [""in series with the field to prevent oscillations"", ""to prevent voltage overshoot"", ""to control output current""], ""correct"": null, ""answer_text"": null, ""category"": null, ""source_file"": ""261722955-Module-3.pdf"", ""source_module"": ""M3"", ""fmt"": ""pdf"", ""module"": ""M3"", ""difficulty"": ""MEDIUM""}"
M3,,,"When magnetizing a piece of material, magnetic strength will rise",linearly with coercive force,linearly with magnetic force,non-linearly with magnetic force,,,MEDIUM,,,,DRAFT,NEEDS_ANSWER — answer not provided in source; solve via Suntech corpus or admin review,1,261722955-Module-3.pdf,"{""raw"": ""525. When magnetizing a piece of material, magnetic strength will rise\na) linearly with coercive force\nb) linearly with magnetic force\nc) non-linearly with magnetic force"", ""question"": ""When magnetizing a piece of material, magnetic strength will rise"", ""options"": [""linearly with coercive force"", ""linearly with magnetic force"", ""non-linearly with magnetic force""], ""correct"": null, ""answer_text"": null, ""category"": null, ""source_file"": ""261722955-Module-3.pdf"", ""source_module"": ""M3"", ""fmt"": ""pdf"", ""module"": ""M3"", ""difficulty"": ""MEDIUM""}"
M3,,,The stator of a permanent magnet rotor AC generator,is wound in series with the field,is usually delta wound,is usually star wound,,,MEDIUM,,,,DRAFT,NEEDS_ANSWER — answer not provided in source; solve via Suntech corpus or admin review,1,261722955-Module-3.pdf,"{""raw"": ""526. The stator of a permanent magnet rotor AC generator\na) is wound in series with the field\nb) is usually delta wound\nc) is usually star wound"", ""question"": ""The stator of a permanent magnet rotor AC generator"", ""options"": [""is wound in series with the field"", ""is usually delta wound"", ""is usually star wound""], ""correct"": null, ""answer_text"": null, ""category"": null, ""source_file"": ""261722955-Module-3.pdf"", ""source_module"": ""M3"", ""fmt"": ""pdf"", ""module"": ""M3"", ""difficulty"": ""MEDIUM""}"
M3,M3.03.07,,In a resistive/inductive motor,the resistor circuit must be disconnected after starting,is less efficient than a capacitor start motor,can only be used for light loads,,,EASY,,,,DRAFT,NEEDS_ANSWER — answer not provided in source; solve via Suntech corpus or admin review,1,261722955-Module-3.pdf,"{""raw"": ""527. In a resistive/inductive motor\na) the resistor circuit must be disconnected after starting\nb) is less efficient than a capacitor start motor\nc) can only be used for light loads"", ""question"": ""In a resistive/inductive motor"", ""options"": [""the resistor circuit must be disconnected after starting"", ""is less efficient than a capacitor start motor"", ""can only be used for light loads""], ""correct"": null, ""answer_text"": null, ""category"": null, ""source_file"": ""261722955-Module-3.pdf"", ""source_module"": ""M3"", ""fmt"": ""pdf"", ""module"": ""M3"", ""syllabusRef"": ""M3.03.07"", ""level"": null, ""difficulty"": ""EASY""}"
M3,M3.03.07,,A 47K resistor has the following color code,"Yellow, Violet, Orange","Orange, Violet, Red","Red, Orange, Yellow",,,EASY,,,,DRAFT,NEEDS_ANSWER — answer not provided in source; solve via Suntech corpus or admin review,1,261722955-Module-3.pdf,"{""raw"": ""529. A 47K resistor has the following color code\na) Yellow, Violet, Orange\nb) Orange, Violet, Red\nc) Red, Orange, Yellow"", ""question"": ""A 47K resistor has the following color code"", ""options"": [""Yellow, Violet, Orange"", ""Orange, Violet, Red"", ""Red, Orange, Yellow""], ""correct"": null, ""answer_text"": null, ""category"": null, ""source_file"": ""261722955-Module-3.pdf"", ""source_module"": ""M3"", ""fmt"": ""pdf"", ""module"": ""M3"", ""syllabusRef"": ""M3.03.07"", ""level"": null, ""difficulty"": ""EASY""}"
M3,,,A material with a narrow hysterisis loop,has a high retentivity,has a low retentivity,cannot be magnetised,,,EASY,,,,DRAFT,NEEDS_ANSWER — answer not provided in source; solve via Suntech corpus or admin review,1,261722955-Module-3.pdf,"{""raw"": ""530. A material with a narrow hysterisis loop\na) has a high retentivity\nb) has a low retentivity\nc) cannot be magnetised"", ""question"": ""A material with a narrow hysterisis loop"", ""options"": [""has a high retentivity"", ""has a low retentivity"", ""cannot be magnetised""], ""correct"": null, ""answer_text"": null, ""category"": null, ""source_file"": ""261722955-Module-3.pdf"", ""source_module"": ""M3"", ""fmt"": ""pdf"", ""module"": ""M3"", ""difficulty"": ""EASY""}"
M3,,,The power output of a similar sized 3 phase compared to a single,less,same,more,,,MEDIUM,,,,DRAFT,NEEDS_ANSWER — answer not provided in source; solve via Suntech corpus or admin review,1,261722955-Module-3.pdf,"{""raw"": ""531. The power output of a similar sized 3 phase compared to a single\nphase generator is\na) less\nb) same\nc) more"", ""question"": ""The power output of a similar sized 3 phase compared to a single"", ""options"": [""less"", ""same"", ""more""], ""correct"": null, ""answer_text"": null, ""category"": null, ""source_file"": ""261722955-Module-3.pdf"", ""source_module"": ""M3"", ""fmt"": ""pdf"", ""module"": ""M3"", ""difficulty"": ""MEDIUM""}"
M3,,,532. What part of a DC motor would you find the poles?,brushes,stator,rotor,,,MEDIUM,,,,DRAFT,NEEDS_ANSWER — answer not provided in source; solve via Suntech corpus or admin review,1,261722955-Module-3.pdf,"{""raw"": ""532. What part of a DC motor would you find the poles?\na) brushes\nb) stator\nc) rotor"", ""question"": ""532. What part of a DC motor would you find the poles?"", ""options"": [""brushes"", ""stator"", ""rotor""], ""correct"": null, ""answer_text"": null, ""category"": null, ""source_file"": ""261722955-Module-3.pdf"", ""source_module"": ""M3"", ""fmt"": ""pdf"", ""module"": ""M3"", ""difficulty"": ""MEDIUM""}"
M3,M3.03.08,,capacitance is increased by a factor of 4?,It reduces by 75%,It remains the same,It increases by factor of 4,,,EASY,"533. in a high Q parallel resonant circuit, what happens to impedance if",,,DRAFT,NEEDS_ANSWER — answer not provided in source; solve via Suntech corpus or admin review,1,261722955-Module-3.pdf,"{""raw"": ""533. in a high Q parallel resonant circuit, what happens to impedance if\ncapacitance is increased by a factor of 4?\na) It reduces by 75%\nb) It remains the same\nc) It increases by factor of 4\nPage 67\nModule 3 – Electrical Fundamentals\nSample Questions"", ""question"": ""capacitance is increased by a factor of 4?"", ""options"": [""It reduces by 75%"", ""It remains the same"", ""It increases by factor of 4""], ""correct"": null, ""answer_text"": null, ""category"": ""533. in a high Q parallel resonant circuit, what happens to impedance if"", ""source_file"": ""261722955-Module-3.pdf"", ""source_module"": ""M3"", ""fmt"": ""pdf"", ""module"": ""M3"", ""syllabusRef"": ""M3.03.08"", ""level"": null, ""difficulty"": ""EASY""}"
M3,,,534. In a thermocouple where is voltage measured?,At the hot junction,At the cold junction,At both junctions,,,EASY,,,,DRAFT,NEEDS_ANSWER — answer not provided in source; solve via Suntech corpus or admin review,1,261722955-Module-3.pdf,"{""raw"": ""534. In a thermocouple where is voltage measured?\na) At the hot junction\nb) At the cold junction\nc) At both junctions"", ""question"": ""534. In a thermocouple where is voltage measured?"", ""options"": [""At the hot junction"", ""At the cold junction"", ""At both junctions""], ""correct"": null, ""answer_text"": null, ""category"": null, ""source_file"": ""261722955-Module-3.pdf"", ""source_module"": ""M3"", ""fmt"": ""pdf"", ""module"": ""M3"", ""difficulty"": ""EASY""}"
M3,,,Mercury cells are covered with a metal cover,as a protective cover,as a positive terminal,as a negative terminal,,,EASY,,,,DRAFT,NEEDS_ANSWER — answer not provided in source; solve via Suntech corpus or admin review,1,261722955-Module-3.pdf,"{""raw"": ""535. Mercury cells are covered with a metal cover\na) as a protective cover\nb) as a positive terminal\nc) as a negative terminal"", ""question"": ""Mercury cells are covered with a metal cover"", ""options"": [""as a protective cover"", ""as a positive terminal"", ""as a negative terminal""], ""correct"": null, ""answer_text"": null, ""category"": null, ""source_file"": ""261722955-Module-3.pdf"", ""source_module"": ""M3"", ""fmt"": ""pdf"", ""module"": ""M3"", ""difficulty"": ""EASY""}"
M3,,,"When switching off the supply, the back emf in a collapsing field in an",never exceeds forward emf,can be multiple times bigger than forward emf,is equal to forward emf,,,MEDIUM,,,,DRAFT,NEEDS_ANSWER — answer not provided in source; solve via Suntech corpus or admin review,1,261722955-Module-3.pdf,"{""raw"": ""536. When switching off the supply, the back emf in a collapsing field in an\ninductor\na) never exceeds forward emf\nb) can be multiple times bigger than forward emf\nc) is equal to forward emf"", ""question"": ""When switching off the supply, the back emf in a collapsing field in an"", ""options"": [""never exceeds forward emf"", ""can be multiple times bigger than forward emf"", ""is equal to forward emf""], ""correct"": null, ""answer_text"": null, ""category"": null, ""source_file"": ""261722955-Module-3.pdf"", ""source_module"": ""M3"", ""fmt"": ""pdf"", ""module"": ""M3"", ""difficulty"": ""MEDIUM""}"
M3,M3.3.07(a),,would be the energy consumed?,3.4 KW Hrs,3400 KW Hrs,340 KW Hrs,,,EASY,537. If the energy supplied to a circuit for 4hrs 15 mins at 800 j/sec what,,,DRAFT,NEEDS_ANSWER — answer not provided in source; solve via Suntech corpus or admin review,1,261722955-Module-3.pdf,"{""raw"": ""537. If the energy supplied to a circuit for 4hrs 15 mins at 800 j/sec what\nwould be the energy consumed?\na) 3.4 KW Hrs\nb) 3400 KW Hrs\nc) 340 KW Hrs"", ""question"": ""would be the energy consumed?"", ""options"": [""3.4 KW Hrs"", ""3400 KW Hrs"", ""340 KW Hrs""], ""correct"": null, ""answer_text"": null, ""category"": ""537. If the energy supplied to a circuit for 4hrs 15 mins at 800 j/sec what"", ""source_file"": ""261722955-Module-3.pdf"", ""source_module"": ""M3"", ""fmt"": ""pdf"", ""module"": ""M3"", ""syllabusRef"": ""M3.3.07(a)"", ""level"": null, ""difficulty"": ""EASY""}"
M3,M3.03.07,,A parallel circuit with any number of 2 terminal connections,has the same current throughout,the individual voltage drops is equal to the emf,the resistance is dependent on current,,,MEDIUM,,,,DRAFT,NEEDS_ANSWER — answer not provided in source; solve via Suntech corpus or admin review,1,261722955-Module-3.pdf,"{""raw"": ""539. A parallel circuit with any number of 2 terminal connections\na) has the same current throughout\nb) the individual voltage drops is equal to the emf\nc) the resistance is dependent on current"", ""question"": ""A parallel circuit with any number of 2 terminal connections"", ""options"": [""has the same current throughout"", ""the individual voltage drops is equal to the emf"", ""the resistance is dependent on current""], ""correct"": null, ""answer_text"": null, ""category"": null, ""source_file"": ""261722955-Module-3.pdf"", ""source_module"": ""M3"", ""fmt"": ""pdf"", ""module"": ""M3"", ""syllabusRef"": ""M3.03.07"", ""level"": null, ""difficulty"": ""MEDIUM""}"
M3,,,"In this circuit, Rx is equal to",R3 x R2 ÷ R4,R3 x R4 ÷ R2,R2 x R4 ÷ R3,,,EASY,,,,DRAFT,NEEDS_ANSWER — answer not provided in source; solve via Suntech corpus or admin review,1,261722955-Module-3.pdf,"{""raw"": ""540. In this circuit, Rx is equal to\na) R3 x R2 ÷ R4\nb) R3 x R4 ÷ R2\nc) R2 x R4 ÷ R3\nPage 68\nModule 3 – Electrical Fundamentals\nSample Questions"", ""question"": ""In this circuit, Rx is equal to"", ""options"": [""R3 x R2 ÷ R4"", ""R3 x R4 ÷ R2"", ""R2 x R4 ÷ R3""], ""correct"": null, ""answer_text"": null, ""category"": null, ""source_file"": ""261722955-Module-3.pdf"", ""source_module"": ""M3"", ""fmt"": ""pdf"", ""module"": ""M3"", ""difficulty"": ""EASY""}"
M3,,,A transformer to supply a 24V load with a 5:1 turn's ratio will have what,120 VDC,48 VAC,4.8 V,,,MEDIUM,,,,DRAFT,NEEDS_ANSWER — answer not provided in source; solve via Suntech corpus or admin review,1,261722955-Module-3.pdf,"{""raw"": ""541. A transformer to supply a 24V load with a 5:1 turn's ratio will have what\nprimary supply?\na) 120 VDC\nb) 48 VAC\nc) 4.8 V"", ""question"": ""A transformer to supply a 24V load with a 5:1 turn's ratio will have what"", ""options"": [""120 VDC"", ""48 VAC"", ""4.8 V""], ""correct"": null, ""answer_text"": null, ""category"": null, ""source_file"": ""261722955-Module-3.pdf"", ""source_module"": ""M3"", ""fmt"": ""pdf"", ""module"": ""M3"", ""difficulty"": ""MEDIUM""}"
M3,,,A material exposed to heat will,be harder to magnetise,be easier to magnetise,have no effect on magnetism,,,EASY,,,,DRAFT,NEEDS_ANSWER — answer not provided in source; solve via Suntech corpus or admin review,1,261722955-Module-3.pdf,"{""raw"": ""542. A material exposed to heat will\na) be harder to magnetise\nb) be easier to magnetise\nc) have no effect on magnetism"", ""question"": ""A material exposed to heat will"", ""options"": [""be harder to magnetise"", ""be easier to magnetise"", ""have no effect on magnetism""], ""correct"": null, ""answer_text"": null, ""category"": null, ""source_file"": ""261722955-Module-3.pdf"", ""source_module"": ""M3"", ""fmt"": ""pdf"", ""module"": ""M3"", ""difficulty"": ""EASY""}"
M3,M3.03.07,,A 20 Pico farad capacitor with a 1MW resistor takes how long to,20 microseconds,0.1 second,100 microseconds,,,MEDIUM,,,,DRAFT,NEEDS_ANSWER — answer not provided in source; solve via Suntech corpus or admin review,1,261722955-Module-3.pdf,"{""raw"": ""543. A 20 Pico farad capacitor with a 1MW resistor takes how long to\ncharge?\na) 20 microseconds\nb) 0.1 second\nc) 100 microseconds"", ""question"": ""A 20 Pico farad capacitor with a 1MW resistor takes how long to"", ""options"": [""20 microseconds"", ""0.1 second"", ""100 microseconds""], ""correct"": null, ""answer_text"": null, ""category"": null, ""source_file"": ""261722955-Module-3.pdf"", ""source_module"": ""M3"", ""fmt"": ""pdf"", ""module"": ""M3"", ""syllabusRef"": ""M3.03.07"", ""level"": null, ""difficulty"": ""MEDIUM""}"
M3,M3.3.2,2,The main advantage of a starter-generator over conventional units is,for the same power output there is a weight reduction and the starter,for the same power output there is a weight reduction and the drive is,it can produce a greater power output,,,MEDIUM,,,,DRAFT,NEEDS_ANSWER — answer not provided in source; solve via Suntech corpus or admin review,1,261722955-Module-3.pdf,"{""raw"": ""545. The main advantage of a starter-generator over conventional units is\na) for the same power output there is a weight reduction and the starter\ndrive remains engaged\nb) for the same power output there is a weight reduction and the drive is\nconstantly engaged\nc) it can produce a greater power output"", ""question"": ""The main advantage of a starter-generator over conventional units is"", ""options"": [""for the same power output there is a weight reduction and the starter"", ""for the same power output there is a weight reduction and the drive is"", ""it can produce a greater power output""], ""correct"": null, ""answer_text"": null, ""category"": null, ""source_file"": ""261722955-Module-3.pdf"", ""source_module"": ""M3"", ""fmt"": ""pdf"", ""module"": ""M3"", ""syllabusRef"": ""M3.3.2"", ""level"": 2, ""difficulty"": ""MEDIUM""}"
M3,,,The speed of a single phase induction motor is dependant on,the strength of the field,the number of pairs of poles,the strength of the armature current,,,MEDIUM,,,,DRAFT,NEEDS_ANSWER — answer not provided in source; solve via Suntech corpus or admin review,1,261722955-Module-3.pdf,"{""raw"": ""546. The speed of a single phase induction motor is dependant on\na) the strength of the field\nb) the number of pairs of poles\nc) the strength of the armature current"", ""question"": ""The speed of a single phase induction motor is dependant on"", ""options"": [""the strength of the field"", ""the number of pairs of poles"", ""the strength of the armature current""], ""correct"": null, ""answer_text"": null, ""category"": null, ""source_file"": ""261722955-Module-3.pdf"", ""source_module"": ""M3"", ""fmt"": ""pdf"", ""module"": ""M3"", ""difficulty"": ""MEDIUM""}"
M3,M3.03.07,,An A.C. shunt wound motor sometimes uses a volts dropping resistor.,in series with the supply,in series with the field,in series with the armature,,,MEDIUM,,,,DRAFT,NEEDS_ANSWER — answer not provided in source; solve via Suntech corpus or admin review,1,261722955-Module-3.pdf,"{""raw"": ""547. An A.C. shunt wound motor sometimes uses a volts dropping resistor.\nThe resistor would be\na) in series with the supply\nb) in series with the field\nc) in series with the armature"", ""question"": ""An A.C. shunt wound motor sometimes uses a volts dropping resistor."", ""options"": [""in series with the supply"", ""in series with the field"", ""in series with the armature""], ""correct"": null, ""answer_text"": null, ""category"": null, ""source_file"": ""261722955-Module-3.pdf"", ""source_module"": ""M3"", ""fmt"": ""pdf"", ""module"": ""M3"", ""syllabusRef"": ""M3.03.07"", ""level"": null, ""difficulty"": ""MEDIUM""}"
M3,M3.3.2,2,In a voltage equalizing circuit the generators are regulated so,the lower output is increased to that of the higher,the higher output is decreased to that of the lower,the lower is increased and the higher is decreased until they are equal,,,MEDIUM,,,,DRAFT,NEEDS_ANSWER — answer not provided in source; solve via Suntech corpus or admin review,1,261722955-Module-3.pdf,"{""raw"": ""550. In a voltage equalizing circuit the generators are regulated so\na) the lower output is increased to that of the higher\nb) the higher output is decreased to that of the lower\nc) the lower is increased and the higher is decreased until they are equal"", ""question"": ""In a voltage equalizing circuit the generators are regulated so"", ""options"": [""the lower output is increased to that of the higher"", ""the higher output is decreased to that of the lower"", ""the lower is increased and the higher is decreased until they are equal""], ""correct"": null, ""answer_text"": null, ""category"": null, ""source_file"": ""261722955-Module-3.pdf"", ""source_module"": ""M3"", ""fmt"": ""pdf"", ""module"": ""M3"", ""syllabusRef"": ""M3.3.2"", ""level"": 2, ""difficulty"": ""MEDIUM""}"
M3,M3.1.5,,The capacity of a battery is measured in,volts,cubic centimeters,ampere-hours,,,EASY,,,,DRAFT,NEEDS_ANSWER — answer not provided in source; solve via Suntech corpus or admin review,1,261722955-Module-3.pdf,"{""raw"": ""551. The capacity of a battery is measured in\na) volts\nb) cubic centimeters\nc) ampere-hours"", ""question"": ""The capacity of a battery is measured in"", ""options"": [""volts"", ""cubic centimeters"", ""ampere-hours""], ""correct"": null, ""answer_text"": null, ""category"": null, ""source_file"": ""261722955-Module-3.pdf"", ""source_module"": ""M3"", ""fmt"": ""pdf"", ""module"": ""M3"", ""syllabusRef"": ""M3.1.5"", ""level"": null, ""difficulty"": ""EASY""}"
M3,M3.3.2,2,Phase angle is,the difference in degrees of rotation between 2 alternating voltages or,the difference in degrees between the positive and negative parts of an,the cosine of the peak value of an ac voltage,,,EASY,,,,DRAFT,NEEDS_ANSWER — answer not provided in source; solve via Suntech corpus or admin review,1,261722955-Module-3.pdf,"{""raw"": ""552. Phase angle is\na) the difference in degrees of rotation between 2 alternating voltages or\ncurrents or a voltage and a current\nb) the difference in degrees between the positive and negative parts of an\nac sine wave\nc) the cosine of the peak value of an ac voltage"", ""question"": ""Phase angle is"", ""options"": [""the difference in degrees of rotation between 2 alternating voltages or"", ""the difference in degrees between the positive and negative parts of an"", ""the cosine of the peak value of an ac voltage""], ""correct"": null, ""answer_text"": null, ""category"": null, ""source_file"": ""261722955-Module-3.pdf"", ""source_module"": ""M3"", ""fmt"": ""pdf"", ""module"": ""M3"", ""syllabusRef"": ""M3.3.2"", ""level"": 2, ""difficulty"": ""EASY""}"
M3,M3.03.07,,A battery's internal resistance is determined by,IR = OCV – CCV,IR = OCV + CCV,IR = OCV - CCV,,,EASY,,,,DRAFT,NEEDS_ANSWER — answer not provided in source; solve via Suntech corpus or admin review,1,261722955-Module-3.pdf,"{""raw"": ""553. A battery's internal resistance is determined by\na) IR = OCV – CCV\ni\nb) IR = OCV + CCV\ni\nc) IR = OCV - CCV\nV"", ""question"": ""A battery's internal resistance is determined by"", ""options"": [""IR = OCV – CCV"", ""IR = OCV + CCV"", ""IR = OCV - CCV""], ""correct"": null, ""answer_text"": null, ""category"": null, ""source_file"": ""261722955-Module-3.pdf"", ""source_module"": ""M3"", ""fmt"": ""pdf"", ""module"": ""M3"", ""syllabusRef"": ""M3.03.07"", ""level"": null, ""difficulty"": ""EASY""}"
M3,,,The impedance of an ac circuit is measured in,kilovolt-amperes,amperes,ohms,,,EASY,,,,DRAFT,NEEDS_ANSWER — answer not provided in source; solve via Suntech corpus or admin review,1,261722955-Module-3.pdf,"{""raw"": ""554. The impedance of an ac circuit is measured in\na) kilovolt-amperes\nb) amperes\nc) ohms"", ""question"": ""The impedance of an ac circuit is measured in"", ""options"": [""kilovolt-amperes"", ""amperes"", ""ohms""], ""correct"": null, ""answer_text"": null, ""category"": null, ""source_file"": ""261722955-Module-3.pdf"", ""source_module"": ""M3"", ""fmt"": ""pdf"", ""module"": ""M3"", ""difficulty"": ""EASY""}"
M3,M3.1.5,,The formula for impedance in a series circuit is,Z = √(R2 + (X – X )2),Z = √(R2 – (X – X )2),Z = √(R2 – (X + X )2),,,EASY,,,,DRAFT,NEEDS_ANSWER — answer not provided in source; solve via Suntech corpus or admin review,1,261722955-Module-3.pdf,"{""raw"": ""555. The formula for impedance in a series circuit is\na) Z = √(R2 + (X – X )2)\nC L\nb) Z = √(R2 – (X – X )2)\nC L\nc) Z = √(R2 – (X + X )2)\nC L"", ""question"": ""The formula for impedance in a series circuit is"", ""options"": [""Z = √(R2 + (X – X )2)"", ""Z = √(R2 – (X – X )2)"", ""Z = √(R2 – (X + X )2)""], ""correct"": null, ""answer_text"": null, ""category"": null, ""source_file"": ""261722955-Module-3.pdf"", ""source_module"": ""M3"", ""fmt"": ""pdf"", ""module"": ""M3"", ""syllabusRef"": ""M3.1.5"", ""level"": null, ""difficulty"": ""EASY""}"
M3,M3.3.2,2,Motor slip is,the percentage of difference in speeds between the stator and rotor,a shifting of the MNA of the motor,a symptom of a weak field,,,EASY,,,,DRAFT,NEEDS_ANSWER — answer not provided in source; solve via Suntech corpus or admin review,1,261722955-Module-3.pdf,"{""raw"": ""556. Motor slip is\na) the percentage of difference in speeds between the stator and rotor\nfields\nb) a shifting of the MNA of the motor\nc) a symptom of a weak field\nPage 70\nModule 3 – Electrical Fundamentals\nSample Questions"", ""question"": ""Motor slip is"", ""options"": [""the percentage of difference in speeds between the stator and rotor"", ""a shifting of the MNA of the motor"", ""a symptom of a weak field""], ""correct"": null, ""answer_text"": null, ""category"": null, ""source_file"": ""261722955-Module-3.pdf"", ""source_module"": ""M3"", ""fmt"": ""pdf"", ""module"": ""M3"", ""syllabusRef"": ""M3.3.2"", ""level"": 2, ""difficulty"": ""EASY""}"
M3,M3.1.5,,The principal characteristic of a synchronous motor is,it rotates at a speed that is synchronised with the applied ac current,it must have a synchronised 3 phase supply to operate,it rotates at a speed that is synchronised with the applied dc current,,,MEDIUM,,,,DRAFT,NEEDS_ANSWER — answer not provided in source; solve via Suntech corpus or admin review,1,261722955-Module-3.pdf,"{""raw"": ""557. The principal characteristic of a synchronous motor is\na) it rotates at a speed that is synchronised with the applied ac current\nb) it must have a synchronised 3 phase supply to operate\nc) it rotates at a speed that is synchronised with the applied dc current"", ""question"": ""The principal characteristic of a synchronous motor is"", ""options"": [""it rotates at a speed that is synchronised with the applied ac current"", ""it must have a synchronised 3 phase supply to operate"", ""it rotates at a speed that is synchronised with the applied dc current""], ""correct"": null, ""answer_text"": null, ""category"": null, ""source_file"": ""261722955-Module-3.pdf"", ""source_module"": ""M3"", ""fmt"": ""pdf"", ""module"": ""M3"", ""syllabusRef"": ""M3.1.5"", ""level"": null, ""difficulty"": ""MEDIUM""}"
M3,M3.03.07,,There are more negative than positive plates in a lead acid battery,the positive plates are prone to warping if the chemical action is taking,it reduces the internal resistance of the cell,it is necessary for chemical action to take place,,,MEDIUM,,,,DRAFT,NEEDS_ANSWER — answer not provided in source; solve via Suntech corpus or admin review,1,261722955-Module-3.pdf,"{""raw"": ""558. There are more negative than positive plates in a lead acid battery\nbecause\na) the positive plates are prone to warping if the chemical action is taking\nplace only on one side\nb) it reduces the internal resistance of the cell\nc) it is necessary for chemical action to take place"", ""question"": ""There are more negative than positive plates in a lead acid battery"", ""options"": [""the positive plates are prone to warping if the chemical action is taking"", ""it reduces the internal resistance of the cell"", ""it is necessary for chemical action to take place""], ""correct"": null, ""answer_text"": null, ""category"": null, ""source_file"": ""261722955-Module-3.pdf"", ""source_module"": ""M3"", ""fmt"": ""pdf"", ""module"": ""M3"", ""syllabusRef"": ""M3.03.07"", ""level"": null, ""difficulty"": ""MEDIUM""}"
M3,M3.03.07,,Commutator ripple can be reduced by,the use of a ripple filter,increasing generator frequency,a resistor in series with the armature,,,EASY,,,,DRAFT,NEEDS_ANSWER — answer not provided in source; solve via Suntech corpus or admin review,1,261722955-Module-3.pdf,"{""raw"": ""559. Commutator ripple can be reduced by\na) the use of a ripple filter\nb) increasing generator frequency\nc) a resistor in series with the armature"", ""question"": ""Commutator ripple can be reduced by"", ""options"": [""the use of a ripple filter"", ""increasing generator frequency"", ""a resistor in series with the armature""], ""correct"": null, ""answer_text"": null, ""category"": null, ""source_file"": ""261722955-Module-3.pdf"", ""source_module"": ""M3"", ""fmt"": ""pdf"", ""module"": ""M3"", ""syllabusRef"": ""M3.03.07"", ""level"": null, ""difficulty"": ""EASY""}"
M3,,,In this circuit applied voltage is,Vt = IXC,Vt = IXL,Vt = I/R,,,EASY,,,,DRAFT,NEEDS_ANSWER — answer not provided in source; solve via Suntech corpus or admin review,1,261722955-Module-3.pdf,"{""raw"": ""560. In this circuit applied voltage is\na) Vt = IXC\nb) Vt = IXL\nc) Vt = I/R"", ""question"": ""In this circuit applied voltage is"", ""options"": [""Vt = IXC"", ""Vt = IXL"", ""Vt = I/R""], ""correct"": null, ""answer_text"": null, ""category"": null, ""source_file"": ""261722955-Module-3.pdf"", ""source_module"": ""M3"", ""fmt"": ""pdf"", ""module"": ""M3"", ""difficulty"": ""EASY""}"
M3,M3.03.07,,561. What is the internal resistance of a Leclanche cell?,6 ohms - 10 ohms,0.02 ohms - 4 ohms,20 ohms - 30 ohms,,,MEDIUM,,,,DRAFT,NEEDS_ANSWER — answer not provided in source; solve via Suntech corpus or admin review,1,261722955-Module-3.pdf,"{""raw"": ""561. What is the internal resistance of a Leclanche cell?\na) 6 ohms - 10 ohms\nb) 0.02 ohms - 4 ohms\nc) 20 ohms - 30 ohms"", ""question"": ""561. What is the internal resistance of a Leclanche cell?"", ""options"": [""6 ohms - 10 ohms"", ""0.02 ohms - 4 ohms"", ""20 ohms - 30 ohms""], ""correct"": null, ""answer_text"": null, ""category"": null, ""source_file"": ""261722955-Module-3.pdf"", ""source_module"": ""M3"", ""fmt"": ""pdf"", ""module"": ""M3"", ""syllabusRef"": ""M3.03.07"", ""level"": null, ""difficulty"": ""MEDIUM""}"
M3,,,In a DC motor the interpoles are part of the,field,rotor assembly,stator assembly,,,EASY,,,,DRAFT,NEEDS_ANSWER — answer not provided in source; solve via Suntech corpus or admin review,1,261722955-Module-3.pdf,"{""raw"": ""562. In a DC motor the interpoles are part of the\na) field\nb) rotor assembly\nc) stator assembly"", ""question"": ""In a DC motor the interpoles are part of the"", ""options"": [""field"", ""rotor assembly"", ""stator assembly""], ""correct"": null, ""answer_text"": null, ""category"": null, ""source_file"": ""261722955-Module-3.pdf"", ""source_module"": ""M3"", ""fmt"": ""pdf"", ""module"": ""M3"", ""difficulty"": ""EASY""}"
M3,,,The line voltage in a wye wound transformer is,root 3 / phase voltage,the same as phase voltage,root 3 x phase voltage,,,EASY,,,,DRAFT,NEEDS_ANSWER — answer not provided in source; solve via Suntech corpus or admin review,1,261722955-Module-3.pdf,"{""raw"": ""563. The line voltage in a wye wound transformer is\na) root 3 / phase voltage\nb) the same as phase voltage\nc) root 3 x phase voltage\nPage 71\nModule 3 – Electrical Fundamentals\nSample Questions"", ""question"": ""The line voltage in a wye wound transformer is"", ""options"": [""root 3 / phase voltage"", ""the same as phase voltage"", ""root 3 x phase voltage""], ""correct"": null, ""answer_text"": null, ""category"": null, ""source_file"": ""261722955-Module-3.pdf"", ""source_module"": ""M3"", ""fmt"": ""pdf"", ""module"": ""M3"", ""difficulty"": ""EASY""}"
M3,M3.3.1,1,The valence electron is,the electron in outer shell of atom,the electron in inner shell of atom,a positive electron,,,EASY,,,,DRAFT,NEEDS_ANSWER — answer not provided in source; solve via Suntech corpus or admin review,1,261722955-Module-3.pdf,"{""raw"": ""564. The valence electron is\na) the electron in outer shell of atom\nb) the electron in inner shell of atom\nc) a positive electron"", ""question"": ""The valence electron is"", ""options"": [""the electron in outer shell of atom"", ""the electron in inner shell of atom"", ""a positive electron""], ""correct"": null, ""answer_text"": null, ""category"": null, ""source_file"": ""261722955-Module-3.pdf"", ""source_module"": ""M3"", ""fmt"": ""pdf"", ""module"": ""M3"", ""syllabusRef"": ""M3.3.1"", ""level"": 1, ""difficulty"": ""EASY""}"
M3,M3.03.07,,An aircraft battery on charge from the aircraft generators causes,internal resistance of the battery to decrease in sympathy with the,battery voltage to increases to nominal voltage and the charge current,battery voltage to decrease to zero until it is fully charged,,,MEDIUM,,,,DRAFT,NEEDS_ANSWER — answer not provided in source; solve via Suntech corpus or admin review,1,261722955-Module-3.pdf,"{""raw"": ""565. An aircraft battery on charge from the aircraft generators causes\na) internal resistance of the battery to decrease in sympathy with the\ndecreasing charging current\nb) battery voltage to increases to nominal voltage and the charge current\ndecreases\nc) battery voltage to decrease to zero until it is fully charged"", ""question"": ""An aircraft battery on charge from the aircraft generators causes"", ""options"": [""internal resistance of the battery to decrease in sympathy with the"", ""battery voltage to increases to nominal voltage and the charge current"", ""battery voltage to decrease to zero until it is fully charged""], ""correct"": null, ""answer_text"": null, ""category"": null, ""source_file"": ""261722955-Module-3.pdf"", ""source_module"": ""M3"", ""fmt"": ""pdf"", ""module"": ""M3"", ""syllabusRef"": ""M3.03.07"", ""level"": null, ""difficulty"": ""MEDIUM""}"
M3,,,566. What happens to the current in a series resistive resonant circuit?,It is maximum,It is minimum,It is zero,,,MEDIUM,,,,DRAFT,NEEDS_ANSWER — answer not provided in source; solve via Suntech corpus or admin review,1,261722955-Module-3.pdf,"{""raw"": ""566. What happens to the current in a series resistive resonant circuit?\na) It is maximum\nb) It is minimum\nc) It is zero"", ""question"": ""566. What happens to the current in a series resistive resonant circuit?"", ""options"": [""It is maximum"", ""It is minimum"", ""It is zero""], ""correct"": null, ""answer_text"": null, ""category"": null, ""source_file"": ""261722955-Module-3.pdf"", ""source_module"": ""M3"", ""fmt"": ""pdf"", ""module"": ""M3"", ""difficulty"": ""MEDIUM""}"
M3,M3.03.07,,An atom with a deficiency in electrons has,high resistance,low resistance,high impendence,,,EASY,,,,DRAFT,NEEDS_ANSWER — answer not provided in source; solve via Suntech corpus or admin review,1,261722955-Module-3.pdf,"{""raw"": ""567. An atom with a deficiency in electrons has\na) high resistance\nb) low resistance\nc) high impendence"", ""question"": ""An atom with a deficiency in electrons has"", ""options"": [""high resistance"", ""low resistance"", ""high impendence""], ""correct"": null, ""answer_text"": null, ""category"": null, ""source_file"": ""261722955-Module-3.pdf"", ""source_module"": ""M3"", ""fmt"": ""pdf"", ""module"": ""M3"", ""syllabusRef"": ""M3.03.07"", ""level"": null, ""difficulty"": ""EASY""}"
M3,,,568. What effect does hydrogen have in a battery cell?,Polarization,Sulphation,Nothing,,,MEDIUM,,,,DRAFT,NEEDS_ANSWER — answer not provided in source; solve via Suntech corpus or admin review,1,261722955-Module-3.pdf,"{""raw"": ""568. What effect does hydrogen have in a battery cell?\na) Polarization\nb) Sulphation\nc) Nothing"", ""question"": ""568. What effect does hydrogen have in a battery cell?"", ""options"": [""Polarization"", ""Sulphation"", ""Nothing""], ""correct"": null, ""answer_text"": null, ""category"": null, ""source_file"": ""261722955-Module-3.pdf"", ""source_module"": ""M3"", ""fmt"": ""pdf"", ""module"": ""M3"", ""difficulty"": ""MEDIUM""}"
M3,,,Eddy current losses in a transformer are,a) current used in magnetising the core,current flow induced into the core,hysteresis losses,,,EASY,,,,DRAFT,NEEDS_ANSWER — answer not provided in source; solve via Suntech corpus or admin review,1,261722955-Module-3.pdf,"{""raw"": ""569. Eddy current losses in a transformer are\na) a) current used in magnetising the core\nb) current flow induced into the core\nc) hysteresis losses"", ""question"": ""Eddy current losses in a transformer are"", ""options"": [""a) current used in magnetising the core"", ""current flow induced into the core"", ""hysteresis losses""], ""correct"": null, ""answer_text"": null, ""category"": null, ""source_file"": ""261722955-Module-3.pdf"", ""source_module"": ""M3"", ""fmt"": ""pdf"", ""module"": ""M3"", ""difficulty"": ""EASY""}"
M3,,,A 3-phase star-delta wound transformer gives,90° phase shift,no phase shift,30° phase shift,,,EASY,,,,DRAFT,NEEDS_ANSWER — answer not provided in source; solve via Suntech corpus or admin review,1,261722955-Module-3.pdf,"{""raw"": ""570. A 3-phase star-delta wound transformer gives\na) 90° phase shift\nb) no phase shift\nc) 30° phase shift"", ""question"": ""A 3-phase star-delta wound transformer gives"", ""options"": [""90° phase shift"", ""no phase shift"", ""30° phase shift""], ""correct"": null, ""answer_text"": null, ""category"": null, ""source_file"": ""261722955-Module-3.pdf"", ""source_module"": ""M3"", ""fmt"": ""pdf"", ""module"": ""M3"", ""difficulty"": ""EASY""}"
M3,M3.3.07(b),,In a parallel circuit containing resistors,the voltage is the same in all parts of the circuit,the sum of the voltage drops equals applied voltage,resistance is determined by value of current flow,,,EASY,,,,DRAFT,NEEDS_ANSWER — answer not provided in source; solve via Suntech corpus or admin review,1,261722955-Module-3.pdf,"{""raw"": ""571. In a parallel circuit containing resistors\na) the voltage is the same in all parts of the circuit\nb) the sum of the voltage drops equals applied voltage\nc) resistance is determined by value of current flow"", ""question"": ""In a parallel circuit containing resistors"", ""options"": [""the voltage is the same in all parts of the circuit"", ""the sum of the voltage drops equals applied voltage"", ""resistance is determined by value of current flow""], ""correct"": null, ""answer_text"": null, ""category"": null, ""source_file"": ""261722955-Module-3.pdf"", ""source_module"": ""M3"", ""fmt"": ""pdf"", ""module"": ""M3"", ""syllabusRef"": ""M3.3.07(b)"", ""level"": null, ""difficulty"": ""EASY""}"
M3,,,An induced current in a coil,opposes the EMF producing it,aids the EMF producing it,does not affect the EMF producing it,,,EASY,,,,DRAFT,NEEDS_ANSWER — answer not provided in source; solve via Suntech corpus or admin review,1,261722955-Module-3.pdf,"{""raw"": ""572. An induced current in a coil\na) opposes the EMF producing it\nb) aids the EMF producing it\nc) does not affect the EMF producing it\nPage 72\nModule 3 – Electrical Fundamentals\nSample Questions"", ""question"": ""An induced current in a coil"", ""options"": [""opposes the EMF producing it"", ""aids the EMF producing it"", ""does not affect the EMF producing it""], ""correct"": null, ""answer_text"": null, ""category"": null, ""source_file"": ""261722955-Module-3.pdf"", ""source_module"": ""M3"", ""fmt"": ""pdf"", ""module"": ""M3"", ""difficulty"": ""EASY""}"
M3,,,Armature reaction is,reactive sparking,due to dirty or worn commutator,the MMF opposing rotation,,,EASY,,,,DRAFT,NEEDS_ANSWER — answer not provided in source; solve via Suntech corpus or admin review,1,261722955-Module-3.pdf,"{""raw"": ""573. Armature reaction is\na) reactive sparking\nb) due to dirty or worn commutator\nc) the MMF opposing rotation"", ""question"": ""Armature reaction is"", ""options"": [""reactive sparking"", ""due to dirty or worn commutator"", ""the MMF opposing rotation""], ""correct"": null, ""answer_text"": null, ""category"": null, ""source_file"": ""261722955-Module-3.pdf"", ""source_module"": ""M3"", ""fmt"": ""pdf"", ""module"": ""M3"", ""difficulty"": ""EASY""}"
M3,,,"In a 4:1 step up transformer, what would give a reflected impedance of",1 k ohm,4k ohm,16k ohm,,,MEDIUM,,,,DRAFT,NEEDS_ANSWER — answer not provided in source; solve via Suntech corpus or admin review,1,261722955-Module-3.pdf,"{""raw"": ""574. In a 4:1 step up transformer, what would give a reflected impedance of\n1K ohm\na) 1 k ohm\nb) 4k ohm\nc) 16k ohm"", ""question"": ""In a 4:1 step up transformer, what would give a reflected impedance of"", ""options"": [""1 k ohm"", ""4k ohm"", ""16k ohm""], ""correct"": null, ""answer_text"": null, ""category"": null, ""source_file"": ""261722955-Module-3.pdf"", ""source_module"": ""M3"", ""fmt"": ""pdf"", ""module"": ""M3"", ""difficulty"": ""MEDIUM""}"
M3,,,A shunt motor,gives constant torque with variations in speed,is constant speed,has high starting torque,,,EASY,,,,DRAFT,NEEDS_ANSWER — answer not provided in source; solve via Suntech corpus or admin review,1,261722955-Module-3.pdf,"{""raw"": ""576. A shunt motor\na) gives constant torque with variations in speed\nb) is constant speed\nc) has high starting torque"", ""question"": ""A shunt motor"", ""options"": [""gives constant torque with variations in speed"", ""is constant speed"", ""has high starting torque""], ""correct"": null, ""answer_text"": null, ""category"": null, ""source_file"": ""261722955-Module-3.pdf"", ""source_module"": ""M3"", ""fmt"": ""pdf"", ""module"": ""M3"", ""difficulty"": ""EASY""}"
M3,,,The direction of current in a wire rotating in a magnetic field can be,Fleming's right hand rule,Fleming's left hand rule,cork screw rule,,,MEDIUM,,,,DRAFT,NEEDS_ANSWER — answer not provided in source; solve via Suntech corpus or admin review,1,261722955-Module-3.pdf,"{""raw"": ""577. The direction of current in a wire rotating in a magnetic field can be\ndetermined by\na) Fleming's right hand rule\nb) Fleming's left hand rule\nc) cork screw rule"", ""question"": ""The direction of current in a wire rotating in a magnetic field can be"", ""options"": [""Fleming's right hand rule"", ""Fleming's left hand rule"", ""cork screw rule""], ""correct"": null, ""answer_text"": null, ""category"": null, ""source_file"": ""261722955-Module-3.pdf"", ""source_module"": ""M3"", ""fmt"": ""pdf"", ""module"": ""M3"", ""difficulty"": ""MEDIUM""}"
M3,M3.03.08,,what happens to the impendence?,increases by 4 times,decreases by 75%,remains the same,,,EASY,"579. In a parallel LCR circuit, if the capacitance is increased by 4 times,",,,DRAFT,NEEDS_ANSWER — answer not provided in source; solve via Suntech corpus or admin review,1,261722955-Module-3.pdf,"{""raw"": ""579. In a parallel LCR circuit, if the capacitance is increased by 4 times,\nwhat happens to the impendence?\na) increases by 4 times\nb) decreases by 75%\nc) remains the same\nPage 73\nModule 3 – Electrical Fundamentals\nSample Questions"", ""question"": ""what happens to the impendence?"", ""options"": [""increases by 4 times"", ""decreases by 75%"", ""remains the same""], ""correct"": null, ""answer_text"": null, ""category"": ""579. In a parallel LCR circuit, if the capacitance is increased by 4 times,"", ""source_file"": ""261722955-Module-3.pdf"", ""source_module"": ""M3"", ""fmt"": ""pdf"", ""module"": ""M3"", ""syllabusRef"": ""M3.03.08"", ""level"": null, ""difficulty"": ""EASY""}"
M3,M3.03.07,,to the back EMF?,increases,decreases,remains the same,,,EASY,"580. In a DC shunt motor, if the field resistance is increased what happens",,,DRAFT,NEEDS_ANSWER — answer not provided in source; solve via Suntech corpus or admin review,1,261722955-Module-3.pdf,"{""raw"": ""580. In a DC shunt motor, if the field resistance is increased what happens\nto the back EMF?\na) increases\nb) decreases\nc) remains the same"", ""question"": ""to the back EMF?"", ""options"": [""increases"", ""decreases"", ""remains the same""], ""correct"": null, ""answer_text"": null, ""category"": ""580. In a DC shunt motor, if the field resistance is increased what happens"", ""source_file"": ""261722955-Module-3.pdf"", ""source_module"": ""M3"", ""fmt"": ""pdf"", ""module"": ""M3"", ""syllabusRef"": ""M3.03.07"", ""level"": null, ""difficulty"": ""EASY""}"
M3,M3.03.06,,581. Why is ferrite used in memory circuits?,High remanence,Low permeability,High reluctance,,,EASY,,,,DRAFT,NEEDS_ANSWER — answer not provided in source; solve via Suntech corpus or admin review,1,261722955-Module-3.pdf,"{""raw"": ""581. Why is ferrite used in memory circuits?\na) High remanence\nb) Low permeability\nc) High reluctance"", ""question"": ""581. Why is ferrite used in memory circuits?"", ""options"": [""High remanence"", ""Low permeability"", ""High reluctance""], ""correct"": null, ""answer_text"": null, ""category"": null, ""source_file"": ""261722955-Module-3.pdf"", ""source_module"": ""M3"", ""fmt"": ""pdf"", ""module"": ""M3"", ""syllabusRef"": ""M3.03.06"", ""level"": null, ""difficulty"": ""EASY""}"
M3,M3.03.06,,582. What semi-conductor material is used in memory circuits?,Ferrite,Permeomag,Iron,,,MEDIUM,,,,DRAFT,NEEDS_ANSWER — answer not provided in source; solve via Suntech corpus or admin review,1,261722955-Module-3.pdf,"{""raw"": ""582. What semi-conductor material is used in memory circuits?\na) Ferrite\nb) Permeomag\nc) Iron"", ""question"": ""582. What semi-conductor material is used in memory circuits?"", ""options"": [""Ferrite"", ""Permeomag"", ""Iron""], ""correct"": null, ""answer_text"": null, ""category"": null, ""source_file"": ""261722955-Module-3.pdf"", ""source_module"": ""M3"", ""fmt"": ""pdf"", ""module"": ""M3"", ""syllabusRef"": ""M3.03.06"", ""level"": null, ""difficulty"": ""MEDIUM""}"
M3,M3.3.9,2,The discharge curve of a capacitor is,Linear,Logarithmic,Exponential,,,EASY,,,,DRAFT,NEEDS_ANSWER — answer not provided in source; solve via Suntech corpus or admin review,1,261722955-Module-3.pdf,"{""raw"": ""583. The discharge curve of a capacitor is\na) Linear\nb) Logarithmic\nc) Exponential"", ""question"": ""The discharge curve of a capacitor is"", ""options"": [""Linear"", ""Logarithmic"", ""Exponential""], ""correct"": null, ""answer_text"": null, ""category"": null, ""source_file"": ""261722955-Module-3.pdf"", ""source_module"": ""M3"", ""fmt"": ""pdf"", ""module"": ""M3"", ""syllabusRef"": ""M3.3.9"", ""level"": 2, ""difficulty"": ""EASY""}"
M3,M3.03.04,,"To generate electricity with a fuel cell, you need a constant supply of",Oxygen & Hydrogen,Kerosene & Heat,Nitrogen & Sunlight,,,MEDIUM,,,,DRAFT,NEEDS_ANSWER — answer not provided in source; solve via Suntech corpus or admin review,1,261722955-Module-3.pdf,"{""raw"": ""584. To generate electricity with a fuel cell, you need a constant supply of\na) Oxygen & Hydrogen\nb) Kerosene & Heat\nc) Nitrogen & Sunlight"", ""question"": ""To generate electricity with a fuel cell, you need a constant supply of"", ""options"": [""Oxygen & Hydrogen"", ""Kerosene & Heat"", ""Nitrogen & Sunlight""], ""correct"": null, ""answer_text"": null, ""category"": null, ""source_file"": ""261722955-Module-3.pdf"", ""source_module"": ""M3"", ""fmt"": ""pdf"", ""module"": ""M3"", ""syllabusRef"": ""M3.03.04"", ""level"": null, ""difficulty"": ""MEDIUM""}"
M3,M3.3.07(b),,"them, how are the resistors connected?",In Series,In Parallel,In Series/Parallel,,,EASY,585. Five different value resistors all have the same voltage dropped across,,,DRAFT,NEEDS_ANSWER — answer not provided in source; solve via Suntech corpus or admin review,1,261722955-Module-3.pdf,"{""raw"": ""585. Five different value resistors all have the same voltage dropped across\nthem, how are the resistors connected?\na) In Series\nb) In Parallel\nc) In Series/Parallel"", ""question"": ""them, how are the resistors connected?"", ""options"": [""In Series"", ""In Parallel"", ""In Series/Parallel""], ""correct"": null, ""answer_text"": null, ""category"": ""585. Five different value resistors all have the same voltage dropped across"", ""source_file"": ""261722955-Module-3.pdf"", ""source_module"": ""M3"", ""fmt"": ""pdf"", ""module"": ""M3"", ""syllabusRef"": ""M3.3.07(b)"", ""level"": null, ""difficulty"": ""EASY""}"
M3,M3.3.2,2,The input is 115V and is applied across the 300 turn portion. What is,460V,115V,28V,,,MEDIUM,,,,DRAFT,NEEDS_ANSWER — answer not provided in source; solve via Suntech corpus or admin review,1,261722955-Module-3.pdf,"{""raw"": ""586. The input is 115V and is applied across the 300 turn portion. What is\nthe output?\na) 460V\nb) 115V\nc) 28V\nPage 74\nModule 3 – Electrical Fundamentals\nSample Questions"", ""question"": ""The input is 115V and is applied across the 300 turn portion. What is"", ""options"": [""460V"", ""115V"", ""28V""], ""correct"": null, ""answer_text"": null, ""category"": null, ""source_file"": ""261722955-Module-3.pdf"", ""source_module"": ""M3"", ""fmt"": ""pdf"", ""module"": ""M3"", ""syllabusRef"": ""M3.3.2"", ""level"": 2, ""difficulty"": ""MEDIUM""}"
M3,,,A near perfect 4:1 step up transformer has it's primary connected to,1 amp,0.3 amps,1.2 amps,,,MEDIUM,,,,DRAFT,NEEDS_ANSWER — answer not provided in source; solve via Suntech corpus or admin review,1,261722955-Module-3.pdf,"{""raw"": ""587. A near perfect 4:1 step up transformer has it's primary connected to\n120VAC, if the secondary is connected to a load with 1600 ohms resistance\nwhat is the current in the primary\na) 1 amp\nb) 0.3 amps\nc) 1.2 amps"", ""question"": ""A near perfect 4:1 step up transformer has it's primary connected to"", ""options"": [""1 amp"", ""0.3 amps"", ""1.2 amps""], ""correct"": null, ""answer_text"": null, ""category"": null, ""source_file"": ""261722955-Module-3.pdf"", ""source_module"": ""M3"", ""fmt"": ""pdf"", ""module"": ""M3"", ""difficulty"": ""MEDIUM""}"
M3,,,Flux losses in a transformer can be prevented by,the use of primary shielding,winding the primary on top of the secondary,laminating the core,,,EASY,,,,DRAFT,NEEDS_ANSWER — answer not provided in source; solve via Suntech corpus or admin review,1,261722955-Module-3.pdf,"{""raw"": ""588. Flux losses in a transformer can be prevented by\na) the use of primary shielding\nb) winding the primary on top of the secondary\nc) laminating the core"", ""question"": ""Flux losses in a transformer can be prevented by"", ""options"": [""the use of primary shielding"", ""winding the primary on top of the secondary"", ""laminating the core""], ""correct"": null, ""answer_text"": null, ""category"": null, ""source_file"": ""261722955-Module-3.pdf"", ""source_module"": ""M3"", ""fmt"": ""pdf"", ""module"": ""M3"", ""difficulty"": ""EASY""}"
M3,M3.1.5,,A ni-cad battery found to be below normal capacity should,be removed and used for ground use only,be re-charged with a freshening charge,have its electrolyte adjusted,,,MEDIUM,,,,DRAFT,NEEDS_ANSWER — answer not provided in source; solve via Suntech corpus or admin review,1,261722955-Module-3.pdf,"{""raw"": ""589. A ni-cad battery found to be below normal capacity should\na) be removed and used for ground use only\nb) be re-charged with a freshening charge\nc) have its electrolyte adjusted"", ""question"": ""A ni-cad battery found to be below normal capacity should"", ""options"": [""be removed and used for ground use only"", ""be re-charged with a freshening charge"", ""have its electrolyte adjusted""], ""correct"": null, ""answer_text"": null, ""category"": null, ""source_file"": ""261722955-Module-3.pdf"", ""source_module"": ""M3"", ""fmt"": ""pdf"", ""module"": ""M3"", ""syllabusRef"": ""M3.1.5"", ""level"": null, ""difficulty"": ""MEDIUM""}"
M3,,,In cold weather a battery must be kept,fully charged,fully discharged,does not matter,,,EASY,,,,DRAFT,NEEDS_ANSWER — answer not provided in source; solve via Suntech corpus or admin review,1,261722955-Module-3.pdf,"{""raw"": ""590. In cold weather a battery must be kept\na) fully charged\nb) fully discharged\nc) does not matter"", ""question"": ""In cold weather a battery must be kept"", ""options"": [""fully charged"", ""fully discharged"", ""does not matter""], ""correct"": null, ""answer_text"": null, ""category"": null, ""source_file"": ""261722955-Module-3.pdf"", ""source_module"": ""M3"", ""fmt"": ""pdf"", ""module"": ""M3"", ""difficulty"": ""EASY""}"
M3,,,A simple basic induction motor has,"poor starting torque, good running torque","good starting torque, poor running torque","poor starting torque, poor running torque",,,EASY,,,,DRAFT,NEEDS_ANSWER — answer not provided in source; solve via Suntech corpus or admin review,1,261722955-Module-3.pdf,"{""raw"": ""591. A simple basic induction motor has\na) poor starting torque, good running torque\nb) good starting torque, poor running torque\nc) poor starting torque, poor running torque"", ""question"": ""A simple basic induction motor has"", ""options"": [""poor starting torque, good running torque"", ""good starting torque, poor running torque"", ""poor starting torque, poor running torque""], ""correct"": null, ""answer_text"": null, ""category"": null, ""source_file"": ""261722955-Module-3.pdf"", ""source_module"": ""M3"", ""fmt"": ""pdf"", ""module"": ""M3"", ""difficulty"": ""EASY""}"
M3,M3.3.9,2,"If the frequency to a capacitor increases, the current through it",is zero,increases,decreases,,,MEDIUM,,,,DRAFT,NEEDS_ANSWER — answer not provided in source; solve via Suntech corpus or admin review,1,261722955-Module-3.pdf,"{""raw"": ""592. If the frequency to a capacitor increases, the current through it\na) is zero\nb) increases\nc) decreases"", ""question"": ""If the frequency to a capacitor increases, the current through it"", ""options"": [""is zero"", ""increases"", ""decreases""], ""correct"": null, ""answer_text"": null, ""category"": null, ""source_file"": ""261722955-Module-3.pdf"", ""source_module"": ""M3"", ""fmt"": ""pdf"", ""module"": ""M3"", ""syllabusRef"": ""M3.3.9"", ""level"": 2, ""difficulty"": ""MEDIUM""}"
M3,,,"In a 3-phase delta wound circuit, line current is",same as the phase current,in phase with the phase current,the vectorial sum of all 3 phase currents,,,EASY,,,,DRAFT,NEEDS_ANSWER — answer not provided in source; solve via Suntech corpus or admin review,1,261722955-Module-3.pdf,"{""raw"": ""593. In a 3-phase delta wound circuit, line current is\na) same as the phase current\nb) in phase with the phase current\nc) the vectorial sum of all 3 phase currents"", ""question"": ""In a 3-phase delta wound circuit, line current is"", ""options"": [""same as the phase current"", ""in phase with the phase current"", ""the vectorial sum of all 3 phase currents""], ""correct"": null, ""answer_text"": null, ""category"": null, ""source_file"": ""261722955-Module-3.pdf"", ""source_module"": ""M3"", ""fmt"": ""pdf"", ""module"": ""M3"", ""difficulty"": ""EASY""}"
M3,M3.03.07,,594. Conductance of a circuit is 2 milliMhos. What is its resistance?,5 MegaOhms,500 Ohms,5000 Ohms,,,MEDIUM,,,,DRAFT,NEEDS_ANSWER — answer not provided in source; solve via Suntech corpus or admin review,1,261722955-Module-3.pdf,"{""raw"": ""594. Conductance of a circuit is 2 milliMhos. What is its resistance?\na) 5 MegaOhms\nb) 500 Ohms\nc) 5000 Ohms"", ""question"": ""594. Conductance of a circuit is 2 milliMhos. What is its resistance?"", ""options"": [""5 MegaOhms"", ""500 Ohms"", ""5000 Ohms""], ""correct"": null, ""answer_text"": null, ""category"": null, ""source_file"": ""261722955-Module-3.pdf"", ""source_module"": ""M3"", ""fmt"": ""pdf"", ""module"": ""M3"", ""syllabusRef"": ""M3.03.07"", ""level"": null, ""difficulty"": ""MEDIUM""}"
M3,,,located in a magnetic field?,Maxwells corkscrew rule,Flemings right hand rule,Fleming's left hand rule,,,EASY,596. How would you find the direction of the current flow in an armature,,,DRAFT,NEEDS_ANSWER — answer not provided in source; solve via Suntech corpus or admin review,1,261722955-Module-3.pdf,"{""raw"": ""596. How would you find the direction of the current flow in an armature\nlocated in a magnetic field?\na) Maxwells corkscrew rule\nb) Flemings right hand rule\nc) Fleming's left hand rule"", ""question"": ""located in a magnetic field?"", ""options"": [""Maxwells corkscrew rule"", ""Flemings right hand rule"", ""Fleming's left hand rule""], ""correct"": null, ""answer_text"": null, ""category"": ""596. How would you find the direction of the current flow in an armature"", ""source_file"": ""261722955-Module-3.pdf"", ""source_module"": ""M3"", ""fmt"": ""pdf"", ""module"": ""M3"", ""difficulty"": ""EASY""}"
M3,M3.03.03,,If in an electrical circuit there is a difference between the capacitive,Unity,Less than unity,More than unity,,,MEDIUM,,,,DRAFT,NEEDS_ANSWER — answer not provided in source; solve via Suntech corpus or admin review,1,261722955-Module-3.pdf,"{""raw"": ""597. If in an electrical circuit there is a difference between the capacitive\nreactance and the inductive reactance, what would the power factor of the\ncircuit be?\na) Unity\nb) Less than unity\nc) More than unity"", ""question"": ""If in an electrical circuit there is a difference between the capacitive"", ""options"": [""Unity"", ""Less than unity"", ""More than unity""], ""correct"": null, ""answer_text"": null, ""category"": null, ""source_file"": ""261722955-Module-3.pdf"", ""source_module"": ""M3"", ""fmt"": ""pdf"", ""module"": ""M3"", ""syllabusRef"": ""M3.03.03"", ""level"": null, ""difficulty"": ""MEDIUM""}"
M3,,,598. What is the SI unit of conductance?,Sieman,Ohm,Ohm-metre,,,EASY,,,,DRAFT,NEEDS_ANSWER — answer not provided in source; solve via Suntech corpus or admin review,1,261722955-Module-3.pdf,"{""raw"": ""598. What is the SI unit of conductance?\na) Sieman\nb) Ohm\nc) Ohm-metre"", ""question"": ""598. What is the SI unit of conductance?"", ""options"": [""Sieman"", ""Ohm"", ""Ohm-metre""], ""correct"": null, ""answer_text"": null, ""category"": null, ""source_file"": ""261722955-Module-3.pdf"", ""source_module"": ""M3"", ""fmt"": ""pdf"", ""module"": ""M3"", ""difficulty"": ""EASY""}"
M3,,,599. What is the SI unit of resistivity?,Ohm metre,Ohms/metre,Ohms,,,EASY,,,,DRAFT,NEEDS_ANSWER — answer not provided in source; solve via Suntech corpus or admin review,1,261722955-Module-3.pdf,"{""raw"": ""599. What is the SI unit of resistivity?\na) Ohm metre\nb) Ohms/metre\nc) Ohms"", ""question"": ""599. What is the SI unit of resistivity?"", ""options"": [""Ohm metre"", ""Ohms/metre"", ""Ohms""], ""correct"": null, ""answer_text"": null, ""category"": null, ""source_file"": ""261722955-Module-3.pdf"", ""source_module"": ""M3"", ""fmt"": ""pdf"", ""module"": ""M3"", ""difficulty"": ""EASY""}"
M3,M3.1.5,,602. What is the formula for conductance?,1/R,1 - R,R + 1,,,EASY,,,,DRAFT,NEEDS_ANSWER — answer not provided in source; solve via Suntech corpus or admin review,1,261722955-Module-3.pdf,"{""raw"": ""602. What is the formula for conductance?\na) 1/R\nb) 1 - R\nc) R + 1"", ""question"": ""602. What is the formula for conductance?"", ""options"": [""1/R"", ""1 - R"", ""R + 1""], ""correct"": null, ""answer_text"": null, ""category"": null, ""source_file"": ""261722955-Module-3.pdf"", ""source_module"": ""M3"", ""fmt"": ""pdf"", ""module"": ""M3"", ""syllabusRef"": ""M3.1.5"", ""level"": null, ""difficulty"": ""EASY""}"
M3,M3.3.2,2,What happens if you reverse the supply to the field and armature of a,Reverses direction of rotation,Continues to rotate in same direction,Fails to start,,,MEDIUM,,,,DRAFT,NEEDS_ANSWER — answer not provided in source; solve via Suntech corpus or admin review,1,261722955-Module-3.pdf,"{""raw"": ""603. What happens if you reverse the supply to the field and armature of a\nDC shunt motor?\na) Reverses direction of rotation\nb) Continues to rotate in same direction\nc) Fails to start"", ""question"": ""What happens if you reverse the supply to the field and armature of a"", ""options"": [""Reverses direction of rotation"", ""Continues to rotate in same direction"", ""Fails to start""], ""correct"": null, ""answer_text"": null, ""category"": null, ""source_file"": ""261722955-Module-3.pdf"", ""source_module"": ""M3"", ""fmt"": ""pdf"", ""module"": ""M3"", ""syllabusRef"": ""M3.3.2"", ""level"": 2, ""difficulty"": ""MEDIUM""}"
M3,M3.03.07,,The internal resistance of a battery off load compared to on load is,same,increased,decreased,,,MEDIUM,,,,DRAFT,NEEDS_ANSWER — answer not provided in source; solve via Suntech corpus or admin review,1,261722955-Module-3.pdf,"{""raw"": ""604. The internal resistance of a battery off load compared to on load is\na) same\nb) increased\nc) decreased\nPage 76\nModule 3 – Electrical Fundamentals\nSample Questions"", ""question"": ""The internal resistance of a battery off load compared to on load is"", ""options"": [""same"", ""increased"", ""decreased""], ""correct"": null, ""answer_text"": null, ""category"": null, ""source_file"": ""261722955-Module-3.pdf"", ""source_module"": ""M3"", ""fmt"": ""pdf"", ""module"": ""M3"", ""syllabusRef"": ""M3.03.07"", ""level"": null, ""difficulty"": ""MEDIUM""}"
M3,M3.3.9,2,What is the rating of a monolithic capacitor with 103 on it,10000pf,100000pf,1000pf,,,MEDIUM,,,,DRAFT,NEEDS_ANSWER — answer not provided in source; solve via Suntech corpus or admin review,1,261722955-Module-3.pdf,"{""raw"": ""605. What is the rating of a monolithic capacitor with 103 on it\na) 10000pf\nb) 100000pf\nc) 1000pf"", ""question"": ""What is the rating of a monolithic capacitor with 103 on it"", ""options"": [""10000pf"", ""100000pf"", ""1000pf""], ""correct"": null, ""answer_text"": null, ""category"": null, ""source_file"": ""261722955-Module-3.pdf"", ""source_module"": ""M3"", ""fmt"": ""pdf"", ""module"": ""M3"", ""syllabusRef"": ""M3.3.9"", ""level"": 2, ""difficulty"": ""MEDIUM""}"
M3,M3.3.9,2,"dielectric constant, A = area of the plates, d = distance plates apart?",c = KA/d,c = Kd/A,c = d/KA,,,MEDIUM,606. What is the formula for working out the capacitance of a capacitor if K =,,,DRAFT,NEEDS_ANSWER — answer not provided in source; solve via Suntech corpus or admin review,1,261722955-Module-3.pdf,"{""raw"": ""606. What is the formula for working out the capacitance of a capacitor if K =\ndielectric constant, A = area of the plates, d = distance plates apart?\na) c = KA/d\nb) c = Kd/A\nc) c = d/KA"", ""question"": ""dielectric constant, A = area of the plates, d = distance plates apart?"", ""options"": [""c = KA/d"", ""c = Kd/A"", ""c = d/KA""], ""correct"": null, ""answer_text"": null, ""category"": ""606. What is the formula for working out the capacitance of a capacitor if K ="", ""source_file"": ""261722955-Module-3.pdf"", ""source_module"": ""M3"", ""fmt"": ""pdf"", ""module"": ""M3"", ""syllabusRef"": ""M3.3.9"", ""level"": 2, ""difficulty"": ""MEDIUM""}"
M3,,,607. 115V RMS 2.5A at 60 degrees what is the power disipated?,79 W,143 W,300 VA,,,MEDIUM,,,,DRAFT,NEEDS_ANSWER — answer not provided in source; solve via Suntech corpus or admin review,1,261722955-Module-3.pdf,"{""raw"": ""607. 115V RMS 2.5A at 60 degrees what is the power disipated?\na) 79 W\nb) 143 W\nc) 300 VA"", ""question"": ""607. 115V RMS 2.5A at 60 degrees what is the power disipated?"", ""options"": [""79 W"", ""143 W"", ""300 VA""], ""correct"": null, ""answer_text"": null, ""category"": null, ""source_file"": ""261722955-Module-3.pdf"", ""source_module"": ""M3"", ""fmt"": ""pdf"", ""module"": ""M3"", ""difficulty"": ""MEDIUM""}"
M3,,,If cobalt has a permeability of 4800 it is a,ferromagnetic,paramagnetic,diamagnetic,,,EASY,,,,DRAFT,NEEDS_ANSWER — answer not provided in source; solve via Suntech corpus or admin review,1,261722955-Module-3.pdf,"{""raw"": ""608. If cobalt has a permeability of 4800 it is a\na) ferromagnetic\nb) paramagnetic\nc) diamagnetic"", ""question"": ""If cobalt has a permeability of 4800 it is a"", ""options"": [""ferromagnetic"", ""paramagnetic"", ""diamagnetic""], ""correct"": null, ""answer_text"": null, ""category"": null, ""source_file"": ""261722955-Module-3.pdf"", ""source_module"": ""M3"", ""fmt"": ""pdf"", ""module"": ""M3"", ""difficulty"": ""EASY""}"
M3,,,The output from a generator to a commutator is,AC,DC,pulsed DC,,,EASY,,,,DRAFT,NEEDS_ANSWER — answer not provided in source; solve via Suntech corpus or admin review,1,261722955-Module-3.pdf,"{""raw"": ""609. The output from a generator to a commutator is\na) AC\nb) DC\nc) pulsed DC"", ""question"": ""The output from a generator to a commutator is"", ""options"": [""AC"", ""DC"", ""pulsed DC""], ""correct"": null, ""answer_text"": null, ""category"": null, ""source_file"": ""261722955-Module-3.pdf"", ""source_module"": ""M3"", ""fmt"": ""pdf"", ""module"": ""M3"", ""difficulty"": ""EASY""}"
M3,M3.03.07,,When light hits a photodiode resistance,increases,decreases,stays the same,,,EASY,,,,DRAFT,NEEDS_ANSWER — answer not provided in source; solve via Suntech corpus or admin review,1,261722955-Module-3.pdf,"{""raw"": ""610. When light hits a photodiode resistance\na) increases\nb) decreases\nc) stays the same"", ""question"": ""When light hits a photodiode resistance"", ""options"": [""increases"", ""decreases"", ""stays the same""], ""correct"": null, ""answer_text"": null, ""category"": null, ""source_file"": ""261722955-Module-3.pdf"", ""source_module"": ""M3"", ""fmt"": ""pdf"", ""module"": ""M3"", ""syllabusRef"": ""M3.03.07"", ""level"": null, ""difficulty"": ""EASY""}"
M3,M3.3.2,2,What type of wave is it when the vertical and horizontal distances are,Square,Rectangular,Sawtooth,,,MEDIUM,,,,DRAFT,NEEDS_ANSWER — answer not provided in source; solve via Suntech corpus or admin review,1,261722955-Module-3.pdf,"{""raw"": ""611. What type of wave is it when the vertical and horizontal distances are\nequal?\na) Square\nb) Rectangular\nc) Sawtooth"", ""question"": ""What type of wave is it when the vertical and horizontal distances are"", ""options"": [""Square"", ""Rectangular"", ""Sawtooth""], ""correct"": null, ""answer_text"": null, ""category"": null, ""source_file"": ""261722955-Module-3.pdf"", ""source_module"": ""M3"", ""fmt"": ""pdf"", ""module"": ""M3"", ""syllabusRef"": ""M3.3.2"", ""level"": 2, ""difficulty"": ""MEDIUM""}"
M3,,,Cobalt has permeability,greater than unity,same as unity,less than unity,,,EASY,,,,DRAFT,NEEDS_ANSWER — answer not provided in source; solve via Suntech corpus or admin review,1,261722955-Module-3.pdf,"{""raw"": ""612. Cobalt has permeability\na) greater than unity\nb) same as unity\nc) less than unity"", ""question"": ""Cobalt has permeability"", ""options"": [""greater than unity"", ""same as unity"", ""less than unity""], ""correct"": null, ""answer_text"": null, ""category"": null, ""source_file"": ""261722955-Module-3.pdf"", ""source_module"": ""M3"", ""fmt"": ""pdf"", ""module"": ""M3"", ""difficulty"": ""EASY""}"
M3,,,In an aircraft brushless alternator the armature is,in series with the field,star wound,delta wound,,,MEDIUM,,,,DRAFT,NEEDS_ANSWER — answer not provided in source; solve via Suntech corpus or admin review,1,261722955-Module-3.pdf,"{""raw"": ""613. In an aircraft brushless alternator the armature is\na) in series with the field\nb) star wound\nc) delta wound\nPage 77\nModule 3 – Electrical Fundamentals\nSample Questions"", ""question"": ""In an aircraft brushless alternator the armature is"", ""options"": [""in series with the field"", ""star wound"", ""delta wound""], ""correct"": null, ""answer_text"": null, ""category"": null, ""source_file"": ""261722955-Module-3.pdf"", ""source_module"": ""M3"", ""fmt"": ""pdf"", ""module"": ""M3"", ""difficulty"": ""MEDIUM""}"
M3,,,"To supply a 24 volt output with a transformer with a 5:1 turns ratio, the",120V,4.8V,24V,,,MEDIUM,,,,DRAFT,NEEDS_ANSWER — answer not provided in source; solve via Suntech corpus or admin review,1,261722955-Module-3.pdf,"{""raw"": ""614. To supply a 24 volt output with a transformer with a 5:1 turns ratio, the\ninput required is\na) 120V\nb) 4.8V\nc) 24V"", ""question"": ""To supply a 24 volt output with a transformer with a 5:1 turns ratio, the"", ""options"": [""120V"", ""4.8V"", ""24V""], ""correct"": null, ""answer_text"": null, ""category"": null, ""source_file"": ""261722955-Module-3.pdf"", ""source_module"": ""M3"", ""fmt"": ""pdf"", ""module"": ""M3"", ""difficulty"": ""MEDIUM""}"
M3,,,"in a resonant parallel circuit, current is",max,min,zero,,,EASY,,,,DRAFT,NEEDS_ANSWER — answer not provided in source; solve via Suntech corpus or admin review,1,261722955-Module-3.pdf,"{""raw"": ""615. in a resonant parallel circuit, current is\na) max\nb) min\nc) zero"", ""question"": ""in a resonant parallel circuit, current is"", ""options"": [""max"", ""min"", ""zero""], ""correct"": null, ""answer_text"": null, ""category"": null, ""source_file"": ""261722955-Module-3.pdf"", ""source_module"": ""M3"", ""fmt"": ""pdf"", ""module"": ""M3"", ""difficulty"": ""EASY""}"
M3,M3.3.2,2,A combination of 1 megohm and 8 microfarad would give a time,40 seconds,8 seconds,400 ms,,,MEDIUM,,,,DRAFT,NEEDS_ANSWER — answer not provided in source; solve via Suntech corpus or admin review,1,261722955-Module-3.pdf,"{""raw"": ""618. A combination of 1 megohm and 8 microfarad would give a time\nconstant of\na) 40 seconds\nb) 8 seconds\nc) 400 ms"", ""question"": ""A combination of 1 megohm and 8 microfarad would give a time"", ""options"": [""40 seconds"", ""8 seconds"", ""400 ms""], ""correct"": null, ""answer_text"": null, ""category"": null, ""source_file"": ""261722955-Module-3.pdf"", ""source_module"": ""M3"", ""fmt"": ""pdf"", ""module"": ""M3"", ""syllabusRef"": ""M3.3.2"", ""level"": 2, ""difficulty"": ""MEDIUM""}"
M3,M3.1.5,,620. What is the main disadvantage of a starter generator?,Will not supply output at low rpm,Heavier than like for like,Can only be used on piston engines,,,MEDIUM,,,,DRAFT,NEEDS_ANSWER — answer not provided in source; solve via Suntech corpus or admin review,1,261722955-Module-3.pdf,"{""raw"": ""620. What is the main disadvantage of a starter generator?\na) Will not supply output at low rpm\nb) Heavier than like for like\nc) Can only be used on piston engines"", ""question"": ""620. What is the main disadvantage of a starter generator?"", ""options"": [""Will not supply output at low rpm"", ""Heavier than like for like"", ""Can only be used on piston engines""], ""correct"": null, ""answer_text"": null, ""category"": null, ""source_file"": ""261722955-Module-3.pdf"", ""source_module"": ""M3"", ""fmt"": ""pdf"", ""module"": ""M3"", ""syllabusRef"": ""M3.1.5"", ""level"": null, ""difficulty"": ""MEDIUM""}"
M3,M3.3.9,2,621. What is the voltage across a fully charged capacitor?,Same as circuit voltage,Less than circuit voltage,More than circuit voltage,,,MEDIUM,,,,DRAFT,NEEDS_ANSWER — answer not provided in source; solve via Suntech corpus or admin review,1,261722955-Module-3.pdf,"{""raw"": ""621. What is the voltage across a fully charged capacitor?\na) Same as circuit voltage\nb) Less than circuit voltage\nc) More than circuit voltage"", ""question"": ""621. What is the voltage across a fully charged capacitor?"", ""options"": [""Same as circuit voltage"", ""Less than circuit voltage"", ""More than circuit voltage""], ""correct"": null, ""answer_text"": null, ""category"": null, ""source_file"": ""261722955-Module-3.pdf"", ""source_module"": ""M3"", ""fmt"": ""pdf"", ""module"": ""M3"", ""syllabusRef"": ""M3.3.9"", ""level"": 2, ""difficulty"": ""MEDIUM""}"
M3,,,Back-EMF is the greatest when a motor is,at operating speed,just starting to rotate,under heavy load,,,EASY,,,,DRAFT,NEEDS_ANSWER — answer not provided in source; solve via Suntech corpus or admin review,1,261722955-Module-3.pdf,"{""raw"": ""624. Back-EMF is the greatest when a motor is\na) at operating speed\nb) just starting to rotate\nc) under heavy load"", ""question"": ""Back-EMF is the greatest when a motor is"", ""options"": [""at operating speed"", ""just starting to rotate"", ""under heavy load""], ""correct"": null, ""answer_text"": null, ""category"": null, ""source_file"": ""261722955-Module-3.pdf"", ""source_module"": ""M3"", ""fmt"": ""pdf"", ""module"": ""M3"", ""difficulty"": ""EASY""}"
M3,M3.3.2,2,625. What are the factors affecting the frequency of an ac generator?,Number of turns in the armature coil and rpm,Number of pole pairs and rpm,Number of turns in the armature coil and number of pole pairs,,,MEDIUM,,,,DRAFT,NEEDS_ANSWER — answer not provided in source; solve via Suntech corpus or admin review,1,261722955-Module-3.pdf,"{""raw"": ""625. What are the factors affecting the frequency of an ac generator?\na) Number of turns in the armature coil and rpm\nb) Number of pole pairs and rpm\nc) Number of turns in the armature coil and number of pole pairs"", ""question"": ""625. What are the factors affecting the frequency of an ac generator?"", ""options"": [""Number of turns in the armature coil and rpm"", ""Number of pole pairs and rpm"", ""Number of turns in the armature coil and number of pole pairs""], ""correct"": null, ""answer_text"": null, ""category"": null, ""source_file"": ""261722955-Module-3.pdf"", ""source_module"": ""M3"", ""fmt"": ""pdf"", ""module"": ""M3"", ""syllabusRef"": ""M3.3.2"", ""level"": 2, ""difficulty"": ""MEDIUM""}"
M3,M3.1.5,,"Which of the following applications would require a ""continuously rated""",Flap drive actuator,Fuel pump motor,Cargo door actuator,,,MEDIUM,,,,DRAFT,NEEDS_ANSWER — answer not provided in source; solve via Suntech corpus or admin review,1,261722955-Module-3.pdf,"{""raw"": ""626. Which of the following applications would require a \""continuously rated\""\nmotor\na) Flap drive actuator\nb) Fuel pump motor\nc) Cargo door actuator"", ""question"": ""Which of the following applications would require a \""continuously rated\"""", ""options"": [""Flap drive actuator"", ""Fuel pump motor"", ""Cargo door actuator""], ""correct"": null, ""answer_text"": null, ""category"": null, ""source_file"": ""261722955-Module-3.pdf"", ""source_module"": ""M3"", ""fmt"": ""pdf"", ""module"": ""M3"", ""syllabusRef"": ""M3.1.5"", ""level"": null, ""difficulty"": ""MEDIUM""}"
M3,M3.1.5,,627. What would you use for the core in a generator current transformer?,Air core,Laminated core,Steel Core,,,MEDIUM,,,,DRAFT,NEEDS_ANSWER — answer not provided in source; solve via Suntech corpus or admin review,1,261722955-Module-3.pdf,"{""raw"": ""627. What would you use for the core in a generator current transformer?\na) Air core\nb) Laminated core\nc) Steel Core"", ""question"": ""627. What would you use for the core in a generator current transformer?"", ""options"": [""Air core"", ""Laminated core"", ""Steel Core""], ""correct"": null, ""answer_text"": null, ""category"": null, ""source_file"": ""261722955-Module-3.pdf"", ""source_module"": ""M3"", ""fmt"": ""pdf"", ""module"": ""M3"", ""syllabusRef"": ""M3.1.5"", ""level"": null, ""difficulty"": ""MEDIUM""}"
M3,,,Spontaneous magnetisation occurs in a,permomagnet,ferromagnet,diamagnet,,,EASY,,,,DRAFT,NEEDS_ANSWER — answer not provided in source; solve via Suntech corpus or admin review,1,261722955-Module-3.pdf,"{""raw"": ""628. Spontaneous magnetisation occurs in a\na) permomagnet\nb) ferromagnet\nc) diamagnet"", ""question"": ""Spontaneous magnetisation occurs in a"", ""options"": [""permomagnet"", ""ferromagnet"", ""diamagnet""], ""correct"": null, ""answer_text"": null, ""category"": null, ""source_file"": ""261722955-Module-3.pdf"", ""source_module"": ""M3"", ""fmt"": ""pdf"", ""module"": ""M3"", ""difficulty"": ""EASY""}"
M3,,,An aircraft transformer is needed to step up a voltage. What sort would,Air core,Laminated core,Solid core,,,MEDIUM,,,,DRAFT,NEEDS_ANSWER — answer not provided in source; solve via Suntech corpus or admin review,1,261722955-Module-3.pdf,"{""raw"": ""629. An aircraft transformer is needed to step up a voltage. What sort would\nbe used?\na) Air core\nb) Laminated core\nc) Solid core"", ""question"": ""An aircraft transformer is needed to step up a voltage. What sort would"", ""options"": [""Air core"", ""Laminated core"", ""Solid core""], ""correct"": null, ""answer_text"": null, ""category"": null, ""source_file"": ""261722955-Module-3.pdf"", ""source_module"": ""M3"", ""fmt"": ""pdf"", ""module"": ""M3"", ""difficulty"": ""MEDIUM""}"
M3,,,630. A conductor is placed in a magnetized coil. What will happen?,A force will be created,Nothing will happen unless the conductor is moved,The conductor will move,,,MEDIUM,,,,DRAFT,NEEDS_ANSWER — answer not provided in source; solve via Suntech corpus or admin review,1,261722955-Module-3.pdf,"{""raw"": ""630. A conductor is placed in a magnetized coil. What will happen?\na) A force will be created\nb) Nothing will happen unless the conductor is moved\nc) The conductor will move"", ""question"": ""630. A conductor is placed in a magnetized coil. What will happen?"", ""options"": [""A force will be created"", ""Nothing will happen unless the conductor is moved"", ""The conductor will move""], ""correct"": null, ""answer_text"": null, ""category"": null, ""source_file"": ""261722955-Module-3.pdf"", ""source_module"": ""M3"", ""fmt"": ""pdf"", ""module"": ""M3"", ""difficulty"": ""MEDIUM""}"
M3,M3.3.07(a),,An atom with less than 4 electrons in its outer shell has,low electrical resistance,high electrical resistance,no electrical resistance,,,MEDIUM,,,,DRAFT,NEEDS_ANSWER — answer not provided in source; solve via Suntech corpus or admin review,1,261722955-Module-3.pdf,"{""raw"": ""631. An atom with less than 4 electrons in its outer shell has\na) low electrical resistance\nb) high electrical resistance\nc) no electrical resistance\nPage 79\nModule 3 – Electrical Fundamentals\nSample Questions"", ""question"": ""An atom with less than 4 electrons in its outer shell has"", ""options"": [""low electrical resistance"", ""high electrical resistance"", ""no electrical resistance""], ""correct"": null, ""answer_text"": null, ""category"": null, ""source_file"": ""261722955-Module-3.pdf"", ""source_module"": ""M3"", ""fmt"": ""pdf"", ""module"": ""M3"", ""syllabusRef"": ""M3.3.07(a)"", ""level"": null, ""difficulty"": ""MEDIUM""}"
M3,M3.3.2,2,load on the secondary is 1600 Ohms. What is the current in the primary?,0.075A,1.2A,3A,,,MEDIUM,"632. In a 4:1 step-up transformer, 120V is applied to the primary, and the",,,DRAFT,NEEDS_ANSWER — answer not provided in source; solve via Suntech corpus or admin review,1,261722955-Module-3.pdf,"{""raw"": ""632. In a 4:1 step-up transformer, 120V is applied to the primary, and the\nload on the secondary is 1600 Ohms. What is the current in the primary?\na) 0.075A\nb) 1.2A\nc) 3A"", ""question"": ""load on the secondary is 1600 Ohms. What is the current in the primary?"", ""options"": [""0.075A"", ""1.2A"", ""3A""], ""correct"": null, ""answer_text"": null, ""category"": ""632. In a 4:1 step-up transformer, 120V is applied to the primary, and the"", ""source_file"": ""261722955-Module-3.pdf"", ""source_module"": ""M3"", ""fmt"": ""pdf"", ""module"": ""M3"", ""syllabusRef"": ""M3.3.2"", ""level"": 2, ""difficulty"": ""MEDIUM""}"
M3,,,"Two 12V, 40Ah cells in series gives",24V 40Ah,24V 80Ah,12V 40Ah,,,EASY,,,,DRAFT,NEEDS_ANSWER — answer not provided in source; solve via Suntech corpus or admin review,1,261722955-Module-3.pdf,"{""raw"": ""633. Two 12V, 40Ah cells in series gives\na) 24V 40Ah\nb) 24V 80Ah\nc) 12V 40Ah"", ""question"": ""Two 12V, 40Ah cells in series gives"", ""options"": [""24V 40Ah"", ""24V 80Ah"", ""12V 40Ah""], ""correct"": null, ""answer_text"": null, ""category"": null, ""source_file"": ""261722955-Module-3.pdf"", ""source_module"": ""M3"", ""fmt"": ""pdf"", ""module"": ""M3"", ""difficulty"": ""EASY""}"
M3,M3.03.07,,A 2 Megohm resistor can be written,M20F,2M0F,20MF,,,EASY,,,,DRAFT,NEEDS_ANSWER — answer not provided in source; solve via Suntech corpus or admin review,1,261722955-Module-3.pdf,"{""raw"": ""634. A 2 Megohm resistor can be written\na) M20F\nb) 2M0F\nc) 20MF"", ""question"": ""A 2 Megohm resistor can be written"", ""options"": [""M20F"", ""2M0F"", ""20MF""], ""correct"": null, ""answer_text"": null, ""category"": null, ""source_file"": ""261722955-Module-3.pdf"", ""source_module"": ""M3"", ""fmt"": ""pdf"", ""module"": ""M3"", ""syllabusRef"": ""M3.03.07"", ""level"": null, ""difficulty"": ""EASY""}"
M3,M3.03.07,,else is it's value indicated?,Dots,Letter code,Number code,,,EASY,"635. If a resistor is too small or misshapen to fit the colour code bands, how",,,DRAFT,NEEDS_ANSWER — answer not provided in source; solve via Suntech corpus or admin review,1,261722955-Module-3.pdf,"{""raw"": ""635. If a resistor is too small or misshapen to fit the colour code bands, how\nelse is it's value indicated?\na) Dots\nb) Letter code\nc) Number code"", ""question"": ""else is it's value indicated?"", ""options"": [""Dots"", ""Letter code"", ""Number code""], ""correct"": null, ""answer_text"": null, ""category"": ""635. If a resistor is too small or misshapen to fit the colour code bands, how"", ""source_file"": ""261722955-Module-3.pdf"", ""source_module"": ""M3"", ""fmt"": ""pdf"", ""module"": ""M3"", ""syllabusRef"": ""M3.03.07"", ""level"": null, ""difficulty"": ""EASY""}"
M3,,,"Elements such as phosphorus with 5 electrons in their outer shell,",donor,acceptor,isotopic,,,MEDIUM,,,,DRAFT,NEEDS_ANSWER — answer not provided in source; solve via Suntech corpus or admin review,1,261722955-Module-3.pdf,"{""raw"": ""636. Elements such as phosphorus with 5 electrons in their outer shell,\nwhen combined with pure silicon, is a\na) donor\nb) acceptor\nc) isotopic"", ""question"": ""Elements such as phosphorus with 5 electrons in their outer shell,"", ""options"": [""donor"", ""acceptor"", ""isotopic""], ""correct"": null, ""answer_text"": null, ""category"": null, ""source_file"": ""261722955-Module-3.pdf"", ""source_module"": ""M3"", ""fmt"": ""pdf"", ""module"": ""M3"", ""difficulty"": ""MEDIUM""}"
M3,M3.03.07,,A centrifugal speed switch is used,to cut out the resistor/inductor circuit on an AC motor,to cut out the capacitor circuit on an AC motor,to cut in the resistor/inductor circuit on an AC motor,,,EASY,,,,DRAFT,NEEDS_ANSWER — answer not provided in source; solve via Suntech corpus or admin review,1,261722955-Module-3.pdf,"{""raw"": ""638. A centrifugal speed switch is used\na) to cut out the resistor/inductor circuit on an AC motor\nb) to cut out the capacitor circuit on an AC motor\nc) to cut in the resistor/inductor circuit on an AC motor"", ""question"": ""A centrifugal speed switch is used"", ""options"": [""to cut out the resistor/inductor circuit on an AC motor"", ""to cut out the capacitor circuit on an AC motor"", ""to cut in the resistor/inductor circuit on an AC motor""], ""correct"": null, ""answer_text"": null, ""category"": null, ""source_file"": ""261722955-Module-3.pdf"", ""source_module"": ""M3"", ""fmt"": ""pdf"", ""module"": ""M3"", ""syllabusRef"": ""M3.03.07"", ""level"": null, ""difficulty"": ""EASY""}"
M3,,,Disconnecting one of the phases from a 3-phase motor will cause the,stop,run a 2/3 speed,run at the same speed,,,MEDIUM,,,,DRAFT,NEEDS_ANSWER — answer not provided in source; solve via Suntech corpus or admin review,1,261722955-Module-3.pdf,"{""raw"": ""639. Disconnecting one of the phases from a 3-phase motor will cause the\nmotor to\na) stop\nb) run a 2/3 speed\nc) run at the same speed\nPage 80\nModule 3 – Electrical Fundamentals\nSample Questions"", ""question"": ""Disconnecting one of the phases from a 3-phase motor will cause the"", ""options"": [""stop"", ""run a 2/3 speed"", ""run at the same speed""], ""correct"": null, ""answer_text"": null, ""category"": null, ""source_file"": ""261722955-Module-3.pdf"", ""source_module"": ""M3"", ""fmt"": ""pdf"", ""module"": ""M3"", ""difficulty"": ""MEDIUM""}"
M3,M3.03.07,,To find the internal resistance of a battery in a circuit of known current,use the formula R = V x I,find the lost volts of the circuit,find the EMF of the circuit,,,MEDIUM,,,,DRAFT,NEEDS_ANSWER — answer not provided in source; solve via Suntech corpus or admin review,1,261722955-Module-3.pdf,"{""raw"": ""640. To find the internal resistance of a battery in a circuit of known current\na) use the formula R = V x I\nb) find the lost volts of the circuit\nc) find the EMF of the circuit"", ""question"": ""To find the internal resistance of a battery in a circuit of known current"", ""options"": [""use the formula R = V x I"", ""find the lost volts of the circuit"", ""find the EMF of the circuit""], ""correct"": null, ""answer_text"": null, ""category"": null, ""source_file"": ""261722955-Module-3.pdf"", ""source_module"": ""M3"", ""fmt"": ""pdf"", ""module"": ""M3"", ""syllabusRef"": ""M3.03.07"", ""level"": null, ""difficulty"": ""MEDIUM""}"
M3,M3.3.9,2,A capacitor has Brown Black Orange bands. It's value is,10 picofarads,10 nanofarads,100 picofarads,,,MEDIUM,,,,DRAFT,NEEDS_ANSWER — answer not provided in source; solve via Suntech corpus or admin review,1,261722955-Module-3.pdf,"{""raw"": ""641. A capacitor has Brown Black Orange bands. It's value is\na) 10 picofarads\nb) 10 nanofarads\nc) 100 picofarads"", ""question"": ""A capacitor has Brown Black Orange bands. It's value is"", ""options"": [""10 picofarads"", ""10 nanofarads"", ""100 picofarads""], ""correct"": null, ""answer_text"": null, ""category"": null, ""source_file"": ""261722955-Module-3.pdf"", ""source_module"": ""M3"", ""fmt"": ""pdf"", ""module"": ""M3"", ""syllabusRef"": ""M3.3.9"", ""level"": 2, ""difficulty"": ""MEDIUM""}"
M3,M3.3.1,1,Hydrogen atom consist of,"Proton, Neutron and Electron",Proton and Electron only,Neutron and proton only,,,EASY,,,,DRAFT,NEEDS_ANSWER — answer not provided in source; solve via Suntech corpus or admin review,1,261722955-Module-3.pdf,"{""raw"": ""642. Hydrogen atom consist of\na) Proton, Neutron and Electron\nb) Proton and Electron only\nc) Neutron and proton only"", ""question"": ""Hydrogen atom consist of"", ""options"": [""Proton, Neutron and Electron"", ""Proton and Electron only"", ""Neutron and proton only""], ""correct"": null, ""answer_text"": null, ""category"": null, ""source_file"": ""261722955-Module-3.pdf"", ""source_module"": ""M3"", ""fmt"": ""pdf"", ""module"": ""M3"", ""syllabusRef"": ""M3.3.1"", ""level"": 1, ""difficulty"": ""EASY""}"
M3,,,A generator with more than two phases is known as,polyphase,delta phase,multiphase,,,EASY,,,,DRAFT,NEEDS_ANSWER — answer not provided in source; solve via Suntech corpus or admin review,1,261722955-Module-3.pdf,"{""raw"": ""643. A generator with more than two phases is known as\na) polyphase\nb) delta phase\nc) multiphase"", ""question"": ""A generator with more than two phases is known as"", ""options"": [""polyphase"", ""delta phase"", ""multiphase""], ""correct"": null, ""answer_text"": null, ""category"": null, ""source_file"": ""261722955-Module-3.pdf"", ""source_module"": ""M3"", ""fmt"": ""pdf"", ""module"": ""M3"", ""difficulty"": ""EASY""}"
M3,,,Magnetic lines are flowing parallel they will,repel each other,attract each other,have no effect on each other,,,EASY,,,,DRAFT,NEEDS_ANSWER — answer not provided in source; solve via Suntech corpus or admin review,1,261722955-Module-3.pdf,"{""raw"": ""644. Magnetic lines are flowing parallel they will\na) repel each other\nb) attract each other\nc) have no effect on each other"", ""question"": ""Magnetic lines are flowing parallel they will"", ""options"": [""repel each other"", ""attract each other"", ""have no effect on each other""], ""correct"": null, ""answer_text"": null, ""category"": null, ""source_file"": ""261722955-Module-3.pdf"", ""source_module"": ""M3"", ""fmt"": ""pdf"", ""module"": ""M3"", ""difficulty"": ""EASY""}"
M3,M3.03.03,,"In electrical circuit, direct current power in represented by",Ampere,Watt,Joules,,,MEDIUM,,,,DRAFT,NEEDS_ANSWER — answer not provided in source; solve via Suntech corpus or admin review,1,261722955-Module-3.pdf,"{""raw"": ""646. In electrical circuit, direct current power in represented by\na) Ampere\nb) Watt\nc) Joules"", ""question"": ""In electrical circuit, direct current power in represented by"", ""options"": [""Ampere"", ""Watt"", ""Joules""], ""correct"": null, ""answer_text"": null, ""category"": null, ""source_file"": ""261722955-Module-3.pdf"", ""source_module"": ""M3"", ""fmt"": ""pdf"", ""module"": ""M3"", ""syllabusRef"": ""M3.03.03"", ""level"": null, ""difficulty"": ""MEDIUM""}"
M3,M3.1.5,,"In S.I. units, work is denoted by",Newton-meter which is Joules,Kilogram-force-meter/sec which is Metric Horsepower,Joules/sec which is Watts,,,EASY,,,,DRAFT,NEEDS_ANSWER — answer not provided in source; solve via Suntech corpus or admin review,1,261722955-Module-3.pdf,"{""raw"": ""647. In S.I. units, work is denoted by\na) Newton-meter which is Joules\nb) Kilogram-force-meter/sec which is Metric Horsepower\nc) Joules/sec which is Watts"", ""question"": ""In S.I. units, work is denoted by"", ""options"": [""Newton-meter which is Joules"", ""Kilogram-force-meter/sec which is Metric Horsepower"", ""Joules/sec which is Watts""], ""correct"": null, ""answer_text"": null, ""category"": null, ""source_file"": ""261722955-Module-3.pdf"", ""source_module"": ""M3"", ""fmt"": ""pdf"", ""module"": ""M3"", ""syllabusRef"": ""M3.1.5"", ""level"": null, ""difficulty"": ""EASY""}"
M3,M3.3.2,2,When a conductor carrying a current and placed in a magnetic field it,an electrostatic force,an electromagnetic force,a magnetic force,,,MEDIUM,,,,DRAFT,NEEDS_ANSWER — answer not provided in source; solve via Suntech corpus or admin review,1,261722955-Module-3.pdf,"{""raw"": ""648. When a conductor carrying a current and placed in a magnetic field it\nexperiences\na) an electrostatic force\nb) an electromagnetic force\nc) a magnetic force"", ""question"": ""When a conductor carrying a current and placed in a magnetic field it"", ""options"": [""an electrostatic force"", ""an electromagnetic force"", ""a magnetic force""], ""correct"": null, ""answer_text"": null, ""category"": null, ""source_file"": ""261722955-Module-3.pdf"", ""source_module"": ""M3"", ""fmt"": ""pdf"", ""module"": ""M3"", ""syllabusRef"": ""M3.3.2"", ""level"": 2, ""difficulty"": ""MEDIUM""}"
M3,,,The horizontal component of the earth's magnetic field is most strongly,poles,equator,45 degrees latitude,,,MEDIUM,,,,DRAFT,NEEDS_ANSWER — answer not provided in source; solve via Suntech corpus or admin review,1,261722955-Module-3.pdf,"{""raw"": ""650. The horizontal component of the earth's magnetic field is most strongly\nfelt at\na) poles\nb) equator\nc) 45 degrees latitude"", ""question"": ""The horizontal component of the earth's magnetic field is most strongly"", ""options"": [""poles"", ""equator"", ""45 degrees latitude""], ""correct"": null, ""answer_text"": null, ""category"": null, ""source_file"": ""261722955-Module-3.pdf"", ""source_module"": ""M3"", ""fmt"": ""pdf"", ""module"": ""M3"", ""difficulty"": ""MEDIUM""}"
M3,M3.3.9,2,Voltage measured between the plates of a capacitor will be,same as applied voltage,less than applied voltage,can dangerously higher than applied voltage,,,MEDIUM,,,,DRAFT,NEEDS_ANSWER — answer not provided in source; solve via Suntech corpus or admin review,1,261722955-Module-3.pdf,"{""raw"": ""653. Voltage measured between the plates of a capacitor will be\na) same as applied voltage\nb) less than applied voltage\nc) can dangerously higher than applied voltage"", ""question"": ""Voltage measured between the plates of a capacitor will be"", ""options"": [""same as applied voltage"", ""less than applied voltage"", ""can dangerously higher than applied voltage""], ""correct"": null, ""answer_text"": null, ""category"": null, ""source_file"": ""261722955-Module-3.pdf"", ""source_module"": ""M3"", ""fmt"": ""pdf"", ""module"": ""M3"", ""syllabusRef"": ""M3.3.9"", ""level"": 2, ""difficulty"": ""MEDIUM""}"
M3,M3.03.08,,In a Series LC circuit if the value of the capacitance is increased then,greater than 1,equal to 1,less than 1,,,MEDIUM,,,,DRAFT,NEEDS_ANSWER — answer not provided in source; solve via Suntech corpus or admin review,1,261722955-Module-3.pdf,"{""raw"": ""654. In a Series LC circuit if the value of the capacitance is increased then\nthe power factor will be\na) greater than 1\nb) equal to 1\nc) less than 1"", ""question"": ""In a Series LC circuit if the value of the capacitance is increased then"", ""options"": [""greater than 1"", ""equal to 1"", ""less than 1""], ""correct"": null, ""answer_text"": null, ""category"": null, ""source_file"": ""261722955-Module-3.pdf"", ""source_module"": ""M3"", ""fmt"": ""pdf"", ""module"": ""M3"", ""syllabusRef"": ""M3.03.08"", ""level"": null, ""difficulty"": ""MEDIUM""}"
M3,M3.1.5,,A heater which consumes 800 Kilojoules/sec is on for 4hrs 15min. The,3400 kWh,3.4 kWh,340 kWh,,,MEDIUM,,,,DRAFT,NEEDS_ANSWER — answer not provided in source; solve via Suntech corpus or admin review,1,261722955-Module-3.pdf,"{""raw"": ""655. A heater which consumes 800 Kilojoules/sec is on for 4hrs 15min. The\npower consumed is\na) 3400 kWh\nb) 3.4 kWh\nc) 340 kWh\nPage 82\nModule 3 – Electrical Fundamentals\nSample Questions"", ""question"": ""A heater which consumes 800 Kilojoules/sec is on for 4hrs 15min. The"", ""options"": [""3400 kWh"", ""3.4 kWh"", ""340 kWh""], ""correct"": null, ""answer_text"": null, ""category"": null, ""source_file"": ""261722955-Module-3.pdf"", ""source_module"": ""M3"", ""fmt"": ""pdf"", ""module"": ""M3"", ""syllabusRef"": ""M3.1.5"", ""level"": null, ""difficulty"": ""MEDIUM""}"
M3,M3.1.5,,the power supplied?,100W,10VA,10W,,,EASY,656. A 10V battery supplies a resistive load of 10 ohms for 1 minute. What is,,,DRAFT,NEEDS_ANSWER — answer not provided in source; solve via Suntech corpus or admin review,1,261722955-Module-3.pdf,"{""raw"": ""656. A 10V battery supplies a resistive load of 10 ohms for 1 minute. What is\nthe power supplied?\na) 100W\nb) 10VA\nc) 10W"", ""question"": ""the power supplied?"", ""options"": [""100W"", ""10VA"", ""10W""], ""correct"": null, ""answer_text"": null, ""category"": ""656. A 10V battery supplies a resistive load of 10 ohms for 1 minute. What is"", ""source_file"": ""261722955-Module-3.pdf"", ""source_module"": ""M3"", ""fmt"": ""pdf"", ""module"": ""M3"", ""syllabusRef"": ""M3.1.5"", ""level"": null, ""difficulty"": ""EASY""}"
M3,,,657. A 24V 40AH battery discharges at 200mA. How long will it last?,200 hours,300 hours,400 hours,,,MEDIUM,,,,DRAFT,NEEDS_ANSWER — answer not provided in source; solve via Suntech corpus or admin review,1,261722955-Module-3.pdf,"{""raw"": ""657. A 24V 40AH battery discharges at 200mA. How long will it last?\na) 200 hours\nb) 300 hours\nc) 400 hours"", ""question"": ""657. A 24V 40AH battery discharges at 200mA. How long will it last?"", ""options"": [""200 hours"", ""300 hours"", ""400 hours""], ""correct"": null, ""answer_text"": null, ""category"": null, ""source_file"": ""261722955-Module-3.pdf"", ""source_module"": ""M3"", ""fmt"": ""pdf"", ""module"": ""M3"", ""difficulty"": ""MEDIUM""}"
M3,M3.1.5,,In a Wheatstone bridge at balance the galvanometer reads zero,volts,amps,ohms,,,MEDIUM,,,,DRAFT,NEEDS_ANSWER — answer not provided in source; solve via Suntech corpus or admin review,1,261722955-Module-3.pdf,"{""raw"": ""658. In a Wheatstone bridge at balance the galvanometer reads zero\na) volts\nb) amps\nc) ohms"", ""question"": ""In a Wheatstone bridge at balance the galvanometer reads zero"", ""options"": [""volts"", ""amps"", ""ohms""], ""correct"": null, ""answer_text"": null, ""category"": null, ""source_file"": ""261722955-Module-3.pdf"", ""source_module"": ""M3"", ""fmt"": ""pdf"", ""module"": ""M3"", ""syllabusRef"": ""M3.1.5"", ""level"": null, ""difficulty"": ""MEDIUM""}"
M3,M3.1.5,,1 Volt is produced when a current of 1 Amp per second is varied in a,1 Henry,1 Coulomb per second,1 Ampere per meter,,,MEDIUM,,,,DRAFT,NEEDS_ANSWER — answer not provided in source; solve via Suntech corpus or admin review,1,261722955-Module-3.pdf,"{""raw"": ""659. 1 Volt is produced when a current of 1 Amp per second is varied in a\ncoil - this is a definition of\na) 1 Henry\nb) 1 Coulomb per second\nc) 1 Ampere per meter"", ""question"": ""1 Volt is produced when a current of 1 Amp per second is varied in a"", ""options"": [""1 Henry"", ""1 Coulomb per second"", ""1 Ampere per meter""], ""correct"": null, ""answer_text"": null, ""category"": null, ""source_file"": ""261722955-Module-3.pdf"", ""source_module"": ""M3"", ""fmt"": ""pdf"", ""module"": ""M3"", ""syllabusRef"": ""M3.1.5"", ""level"": null, ""difficulty"": ""MEDIUM""}"
M3,M3.3.2,2,what is the phase current?,15 A,1.5 A,25.5 A,,,EASY,660. A generator supplies 150VAC phase and load is 10 Ohms per phase -,,,DRAFT,NEEDS_ANSWER — answer not provided in source; solve via Suntech corpus or admin review,1,261722955-Module-3.pdf,"{""raw"": ""660. A generator supplies 150VAC phase and load is 10 Ohms per phase -\nwhat is the phase current?\na) 15 A\nb) 1.5 A\nc) 25.5 A"", ""question"": ""what is the phase current?"", ""options"": [""15 A"", ""1.5 A"", ""25.5 A""], ""correct"": null, ""answer_text"": null, ""category"": ""660. A generator supplies 150VAC phase and load is 10 Ohms per phase -"", ""source_file"": ""261722955-Module-3.pdf"", ""source_module"": ""M3"", ""fmt"": ""pdf"", ""module"": ""M3"", ""syllabusRef"": ""M3.3.2"", ""level"": 2, ""difficulty"": ""EASY""}"
M3,,,Band pass filter in a circuit,allows frequencies above a cut-off frequency to pass,allows frequencies below a cut-off frequency to pass,only allows a narrow band of frequency to pass,,,EASY,,,,DRAFT,NEEDS_ANSWER — answer not provided in source; solve via Suntech corpus or admin review,1,261722955-Module-3.pdf,"{""raw"": ""661. Band pass filter in a circuit\na) allows frequencies above a cut-off frequency to pass\nb) allows frequencies below a cut-off frequency to pass\nc) only allows a narrow band of frequency to pass"", ""question"": ""Band pass filter in a circuit"", ""options"": [""allows frequencies above a cut-off frequency to pass"", ""allows frequencies below a cut-off frequency to pass"", ""only allows a narrow band of frequency to pass""], ""correct"": null, ""answer_text"": null, ""category"": null, ""source_file"": ""261722955-Module-3.pdf"", ""source_module"": ""M3"", ""fmt"": ""pdf"", ""module"": ""M3"", ""difficulty"": ""EASY""}"
M3,,,Eddy current losses is due to,resistant of the copper conductors used in windings,I flowing in transformer core caused by induced V,magnetic flux produced by primary winding not linking with secondary,,,EASY,,,,DRAFT,NEEDS_ANSWER — answer not provided in source; solve via Suntech corpus or admin review,1,261722955-Module-3.pdf,"{""raw"": ""662. Eddy current losses is due to\na) resistant of the copper conductors used in windings\nb) I flowing in transformer core caused by induced V\nc) magnetic flux produced by primary winding not linking with secondary\nwinding"", ""question"": ""Eddy current losses is due to"", ""options"": [""resistant of the copper conductors used in windings"", ""I flowing in transformer core caused by induced V"", ""magnetic flux produced by primary winding not linking with secondary""], ""correct"": null, ""answer_text"": null, ""category"": null, ""source_file"": ""261722955-Module-3.pdf"", ""source_module"": ""M3"", ""fmt"": ""pdf"", ""module"": ""M3"", ""difficulty"": ""EASY""}"
M3,,,The ability of a circuit to produce a magnetic flux under the influence of,permeability,permeance,permanence,,,MEDIUM,,,,DRAFT,NEEDS_ANSWER — answer not provided in source; solve via Suntech corpus or admin review,1,261722955-Module-3.pdf,"{""raw"": ""663. The ability of a circuit to produce a magnetic flux under the influence of\na MMF\na) permeability\nb) permeance\nc) permanence"", ""question"": ""The ability of a circuit to produce a magnetic flux under the influence of"", ""options"": [""permeability"", ""permeance"", ""permanence""], ""correct"": null, ""answer_text"": null, ""category"": null, ""source_file"": ""261722955-Module-3.pdf"", ""source_module"": ""M3"", ""fmt"": ""pdf"", ""module"": ""M3"", ""difficulty"": ""MEDIUM""}"
M3,,,Two inductor coils in very close proximity; if one of the coils is rotated,increases,decreases,remains the same,,,MEDIUM,,,,DRAFT,NEEDS_ANSWER — answer not provided in source; solve via Suntech corpus or admin review,1,261722955-Module-3.pdf,"{""raw"": ""664. Two inductor coils in very close proximity; if one of the coils is rotated\n90 degrees slowly away from the other the mutual inductance\na) increases\nb) decreases\nc) remains the same\nPage 83\nModule 3 – Electrical Fundamentals\nSample Questions"", ""question"": ""Two inductor coils in very close proximity; if one of the coils is rotated"", ""options"": [""increases"", ""decreases"", ""remains the same""], ""correct"": null, ""answer_text"": null, ""category"": null, ""source_file"": ""261722955-Module-3.pdf"", ""source_module"": ""M3"", ""fmt"": ""pdf"", ""module"": ""M3"", ""difficulty"": ""MEDIUM""}"
M3,,,Magnetic flux saturation takes place when,the magnetised medium will accept no further lines of flux,the magnetic field starts to reduce with increased magnetising force,the magnetic field drops to zero,,,EASY,,,,DRAFT,NEEDS_ANSWER — answer not provided in source; solve via Suntech corpus or admin review,1,261722955-Module-3.pdf,"{""raw"": ""665. Magnetic flux saturation takes place when\na) the magnetised medium will accept no further lines of flux\nb) the magnetic field starts to reduce with increased magnetising force\nc) the magnetic field drops to zero"", ""question"": ""Magnetic flux saturation takes place when"", ""options"": [""the magnetised medium will accept no further lines of flux"", ""the magnetic field starts to reduce with increased magnetising force"", ""the magnetic field drops to zero""], ""correct"": null, ""answer_text"": null, ""category"": null, ""source_file"": ""261722955-Module-3.pdf"", ""source_module"": ""M3"", ""fmt"": ""pdf"", ""module"": ""M3"", ""difficulty"": ""EASY""}"
M3,,,The type of motor used in a linear actuator is,compound,series,parallel (shunt wound),,,EASY,,,,DRAFT,NEEDS_ANSWER — answer not provided in source; solve via Suntech corpus or admin review,1,261722955-Module-3.pdf,"{""raw"": ""667. The type of motor used in a linear actuator is\na) compound\nb) series\nc) parallel (shunt wound)"", ""question"": ""The type of motor used in a linear actuator is"", ""options"": [""compound"", ""series"", ""parallel (shunt wound)""], ""correct"": null, ""answer_text"": null, ""category"": null, ""source_file"": ""261722955-Module-3.pdf"", ""source_module"": ""M3"", ""fmt"": ""pdf"", ""module"": ""M3"", ""difficulty"": ""EASY""}"
M3,,,The phases on a three phase a.c generator are spaced at,90 degrees,180 degrees,120 degrees,,,MEDIUM,,,,DRAFT,NEEDS_ANSWER — answer not provided in source; solve via Suntech corpus or admin review,1,261722955-Module-3.pdf,"{""raw"": ""668. The phases on a three phase a.c generator are spaced at\na) 90 degrees\nb) 180 degrees\nc) 120 degrees"", ""question"": ""The phases on a three phase a.c generator are spaced at"", ""options"": [""90 degrees"", ""180 degrees"", ""120 degrees""], ""correct"": null, ""answer_text"": null, ""category"": null, ""source_file"": ""261722955-Module-3.pdf"", ""source_module"": ""M3"", ""fmt"": ""pdf"", ""module"": ""M3"", ""difficulty"": ""MEDIUM""}"
M3,,,The controlling wave in a CRT is,sinusoidal,square,sawtooth,,,EASY,,,,DRAFT,NEEDS_ANSWER — answer not provided in source; solve via Suntech corpus or admin review,1,261722955-Module-3.pdf,"{""raw"": ""669. The controlling wave in a CRT is\na) sinusoidal\nb) square\nc) sawtooth"", ""question"": ""The controlling wave in a CRT is"", ""options"": [""sinusoidal"", ""square"", ""sawtooth""], ""correct"": null, ""answer_text"": null, ""category"": null, ""source_file"": ""261722955-Module-3.pdf"", ""source_module"": ""M3"", ""fmt"": ""pdf"", ""module"": ""M3"", ""difficulty"": ""EASY""}"
M3,M3.3.2,2,If the speed of a coil in a magnetic field is doubled and the field,half,stay the same,quadruple,,,MEDIUM,,,,DRAFT,NEEDS_ANSWER — answer not provided in source; solve via Suntech corpus or admin review,1,261722955-Module-3.pdf,"{""raw"": ""670. If the speed of a coil in a magnetic field is doubled and the field\nstrength is doubled the output will\na) half\nb) stay the same\nc) quadruple"", ""question"": ""If the speed of a coil in a magnetic field is doubled and the field"", ""options"": [""half"", ""stay the same"", ""quadruple""], ""correct"": null, ""answer_text"": null, ""category"": null, ""source_file"": ""261722955-Module-3.pdf"", ""source_module"": ""M3"", ""fmt"": ""pdf"", ""module"": ""M3"", ""syllabusRef"": ""M3.3.2"", ""level"": 2, ""difficulty"": ""MEDIUM""}"
M3,M3.3.2,2,A wave form having equal amplitude and time base is a,square waveform,sawtooth,rectangular,,,MEDIUM,,,,DRAFT,NEEDS_ANSWER — answer not provided in source; solve via Suntech corpus or admin review,1,261722955-Module-3.pdf,"{""raw"": ""671. A wave form having equal amplitude and time base is a\na) square waveform\nb) sawtooth\nc) rectangular"", ""question"": ""A wave form having equal amplitude and time base is a"", ""options"": [""square waveform"", ""sawtooth"", ""rectangular""], ""correct"": null, ""answer_text"": null, ""category"": null, ""source_file"": ""261722955-Module-3.pdf"", ""source_module"": ""M3"", ""fmt"": ""pdf"", ""module"": ""M3"", ""syllabusRef"": ""M3.3.2"", ""level"": 2, ""difficulty"": ""MEDIUM""}"
M3,,,An inductor is said to be saturated when,the current is at a maximum,it will no longer accept lines of flux,the current through it is zero,,,EASY,,,,DRAFT,NEEDS_ANSWER — answer not provided in source; solve via Suntech corpus or admin review,1,261722955-Module-3.pdf,"{""raw"": ""672. An inductor is said to be saturated when\na) the current is at a maximum\nb) it will no longer accept lines of flux\nc) the current through it is zero"", ""question"": ""An inductor is said to be saturated when"", ""options"": [""the current is at a maximum"", ""it will no longer accept lines of flux"", ""the current through it is zero""], ""correct"": null, ""answer_text"": null, ""category"": null, ""source_file"": ""261722955-Module-3.pdf"", ""source_module"": ""M3"", ""fmt"": ""pdf"", ""module"": ""M3"", ""difficulty"": ""EASY""}"
M3,M3.03.09,,The controlling phase on a two phase generator is of a,fixed amplitude,variable amplitude,direct current,,,MEDIUM,,,,DRAFT,NEEDS_ANSWER — answer not provided in source; solve via Suntech corpus or admin review,1,261722955-Module-3.pdf,"{""raw"": ""673. The controlling phase on a two phase generator is of a\na) fixed amplitude\nb) variable amplitude\nc) direct current"", ""question"": ""The controlling phase on a two phase generator is of a"", ""options"": [""fixed amplitude"", ""variable amplitude"", ""direct current""], ""correct"": null, ""answer_text"": null, ""category"": null, ""source_file"": ""261722955-Module-3.pdf"", ""source_module"": ""M3"", ""fmt"": ""pdf"", ""module"": ""M3"", ""syllabusRef"": ""M3.03.09"", ""level"": null, ""difficulty"": ""MEDIUM""}"
M3,,,How many brushes are used in an 8 pole wave wound machine,2,6,8,,,MEDIUM,,,,DRAFT,NEEDS_ANSWER — answer not provided in source; solve via Suntech corpus or admin review,1,261722955-Module-3.pdf,"{""raw"": ""674. How many brushes are used in an 8 pole wave wound machine\na) 2\nb) 6\nc) 8\nPage 84\nModule 3 – Electrical Fundamentals\nSample Questions"", ""question"": ""How many brushes are used in an 8 pole wave wound machine"", ""options"": [""2"", ""6"", ""8""], ""correct"": null, ""answer_text"": null, ""category"": null, ""source_file"": ""261722955-Module-3.pdf"", ""source_module"": ""M3"", ""fmt"": ""pdf"", ""module"": ""M3"", ""difficulty"": ""MEDIUM""}"
M3,M3.3.1,1,For an atom to become a negative ion it must,gain at least one electron,lose at least one electron,have undergone ionisation by the sun,,,EASY,,,,DRAFT,NEEDS_ANSWER — answer not provided in source; solve via Suntech corpus or admin review,1,261722955-Module-3.pdf,"{""raw"": ""676. For an atom to become a negative ion it must\na) gain at least one electron\nb) lose at least one electron\nc) have undergone ionisation by the sun"", ""question"": ""For an atom to become a negative ion it must"", ""options"": [""gain at least one electron"", ""lose at least one electron"", ""have undergone ionisation by the sun""], ""correct"": null, ""answer_text"": null, ""category"": null, ""source_file"": ""261722955-Module-3.pdf"", ""source_module"": ""M3"", ""fmt"": ""pdf"", ""module"": ""M3"", ""syllabusRef"": ""M3.3.1"", ""level"": 1, ""difficulty"": ""EASY""}"
M3,,,678. A neutral atom with an atomic no. of 3 has how many electrons?,1,3,Dependant on type of atom,,,MEDIUM,,,,DRAFT,NEEDS_ANSWER — answer not provided in source; solve via Suntech corpus or admin review,1,261722955-Module-3.pdf,"{""raw"": ""678. A neutral atom with an atomic no. of 3 has how many electrons?\na) 1\nb) 3\nc) Dependant on type of atom"", ""question"": ""678. A neutral atom with an atomic no. of 3 has how many electrons?"", ""options"": [""1"", ""3"", ""Dependant on type of atom""], ""correct"": null, ""answer_text"": null, ""category"": null, ""source_file"": ""261722955-Module-3.pdf"", ""source_module"": ""M3"", ""fmt"": ""pdf"", ""module"": ""M3"", ""difficulty"": ""MEDIUM""}"
M3,,,The nucleus of an atom is,+ve charged,neutral,-ve charged,,,EASY,,,,DRAFT,NEEDS_ANSWER — answer not provided in source; solve via Suntech corpus or admin review,1,261722955-Module-3.pdf,"{""raw"": ""679. The nucleus of an atom is\na) +ve charged\nb) neutral\nc) -ve charged"", ""question"": ""The nucleus of an atom is"", ""options"": [""+ve charged"", ""neutral"", ""-ve charged""], ""correct"": null, ""answer_text"": null, ""category"": null, ""source_file"": ""261722955-Module-3.pdf"", ""source_module"": ""M3"", ""fmt"": ""pdf"", ""module"": ""M3"", ""difficulty"": ""EASY""}"
M3,M3.3.1,1,Electron orbits are called,shells,waves,valences,,,EASY,,,,DRAFT,NEEDS_ANSWER — answer not provided in source; solve via Suntech corpus or admin review,1,261722955-Module-3.pdf,"{""raw"": ""680. Electron orbits are called\na) shells\nb) waves\nc) valences"", ""question"": ""Electron orbits are called"", ""options"": [""shells"", ""waves"", ""valences""], ""correct"": null, ""answer_text"": null, ""category"": null, ""source_file"": ""261722955-Module-3.pdf"", ""source_module"": ""M3"", ""fmt"": ""pdf"", ""module"": ""M3"", ""syllabusRef"": ""M3.3.1"", ""level"": 1, ""difficulty"": ""EASY""}"
M3,M3.3.07(a),,The unit of energy is the,Watt,Joule,Coulomb,,,EASY,,,,DRAFT,NEEDS_ANSWER — answer not provided in source; solve via Suntech corpus or admin review,1,261722955-Module-3.pdf,"{""raw"": ""681. The unit of energy is the\na) Watt\nb) Joule\nc) Coulomb"", ""question"": ""The unit of energy is the"", ""options"": [""Watt"", ""Joule"", ""Coulomb""], ""correct"": null, ""answer_text"": null, ""category"": null, ""source_file"": ""261722955-Module-3.pdf"", ""source_module"": ""M3"", ""fmt"": ""pdf"", ""module"": ""M3"", ""syllabusRef"": ""M3.3.07(a)"", ""level"": null, ""difficulty"": ""EASY""}"
M3,M3.1.5,,Potential difference is another term for,energy,voltage,charge,,,EASY,,,,DRAFT,NEEDS_ANSWER — answer not provided in source; solve via Suntech corpus or admin review,1,261722955-Module-3.pdf,"{""raw"": ""682. Potential difference is another term for\na) energy\nb) voltage\nc) charge"", ""question"": ""Potential difference is another term for"", ""options"": [""energy"", ""voltage"", ""charge""], ""correct"": null, ""answer_text"": null, ""category"": null, ""source_file"": ""261722955-Module-3.pdf"", ""source_module"": ""M3"", ""fmt"": ""pdf"", ""module"": ""M3"", ""syllabusRef"": ""M3.1.5"", ""level"": null, ""difficulty"": ""EASY""}"
M3,M3.3.7(a),2,The electrolyte level of a ni-cad battery,falls during discharge,falls during charge,rises during discharge,,,EASY,,,,DRAFT,NEEDS_ANSWER — answer not provided in source; solve via Suntech corpus or admin review,1,261722955-Module-3.pdf,"{""raw"": ""683. The electrolyte level of a ni-cad battery\na) falls during discharge\nb) falls during charge\nc) rises during discharge"", ""question"": ""The electrolyte level of a ni-cad battery"", ""options"": [""falls during discharge"", ""falls during charge"", ""rises during discharge""], ""correct"": null, ""answer_text"": null, ""category"": null, ""source_file"": ""261722955-Module-3.pdf"", ""source_module"": ""M3"", ""fmt"": ""pdf"", ""module"": ""M3"", ""syllabusRef"": ""M3.3.7(a)"", ""level"": 2, ""difficulty"": ""EASY""}"
M3,,,XL is the symbol of,inductive reactance,capacitive reactance,impedance,,,EASY,,,,DRAFT,NEEDS_ANSWER — answer not provided in source; solve via Suntech corpus or admin review,1,261722955-Module-3.pdf,"{""raw"": ""685. XL is the symbol of\na) inductive reactance\nb) capacitive reactance\nc) impedance"", ""question"": ""XL is the symbol of"", ""options"": [""inductive reactance"", ""capacitive reactance"", ""impedance""], ""correct"": null, ""answer_text"": null, ""category"": null, ""source_file"": ""261722955-Module-3.pdf"", ""source_module"": ""M3"", ""fmt"": ""pdf"", ""module"": ""M3"", ""difficulty"": ""EASY""}"
M3,,,In the shunt generator the field is supplied by,a separate supply,the armature,the load,,,EASY,,,,DRAFT,NEEDS_ANSWER — answer not provided in source; solve via Suntech corpus or admin review,1,261722955-Module-3.pdf,"{""raw"": ""686. In the shunt generator the field is supplied by\na) a separate supply\nb) the armature\nc) the load"", ""question"": ""In the shunt generator the field is supplied by"", ""options"": [""a separate supply"", ""the armature"", ""the load""], ""correct"": null, ""answer_text"": null, ""category"": null, ""source_file"": ""261722955-Module-3.pdf"", ""source_module"": ""M3"", ""fmt"": ""pdf"", ""module"": ""M3"", ""difficulty"": ""EASY""}"
M3,M3.03.07,,Increasing the speed of an aircraft generator results in an automa,field circuit resistance increase,field circuit resistance decrease,armature circuit resistance increase,,,MEDIUM,,,,DRAFT,NEEDS_ANSWER — answer not provided in source; solve via Suntech corpus or admin review,1,261722955-Module-3.pdf,"{""raw"": ""687. Increasing the speed of an aircraft generator results in an automa\na) field circuit resistance increase\nb) field circuit resistance decrease\nc) armature circuit resistance increase"", ""question"": ""Increasing the speed of an aircraft generator results in an automa"", ""options"": [""field circuit resistance increase"", ""field circuit resistance decrease"", ""armature circuit resistance increase""], ""correct"": null, ""answer_text"": null, ""category"": null, ""source_file"": ""261722955-Module-3.pdf"", ""source_module"": ""M3"", ""fmt"": ""pdf"", ""module"": ""M3"", ""syllabusRef"": ""M3.03.07"", ""level"": null, ""difficulty"": ""MEDIUM""}"
M3,M3.1.5,,688. Which generators are usually used on aircraft?,Series,Shunt,Compound,,,MEDIUM,,,,DRAFT,NEEDS_ANSWER — answer not provided in source; solve via Suntech corpus or admin review,1,261722955-Module-3.pdf,"{""raw"": ""688. Which generators are usually used on aircraft?\na) Series\nb) Shunt\nc) Compound"", ""question"": ""688. Which generators are usually used on aircraft?"", ""options"": [""Series"", ""Shunt"", ""Compound""], ""correct"": null, ""answer_text"": null, ""category"": null, ""source_file"": ""261722955-Module-3.pdf"", ""source_module"": ""M3"", ""fmt"": ""pdf"", ""module"": ""M3"", ""syllabusRef"": ""M3.1.5"", ""level"": null, ""difficulty"": ""MEDIUM""}"
M3,M3.3.2,2,In a cumulative compound wound generator the,the series and shunt fields oppose each other,the series and shunt fields assist each other,the voltage falls suddenly with an increase in load,,,EASY,,,,DRAFT,NEEDS_ANSWER — answer not provided in source; solve via Suntech corpus or admin review,1,261722955-Module-3.pdf,"{""raw"": ""689. In a cumulative compound wound generator the\na) the series and shunt fields oppose each other\nb) the series and shunt fields assist each other\nc) the voltage falls suddenly with an increase in load"", ""question"": ""In a cumulative compound wound generator the"", ""options"": [""the series and shunt fields oppose each other"", ""the series and shunt fields assist each other"", ""the voltage falls suddenly with an increase in load""], ""correct"": null, ""answer_text"": null, ""category"": null, ""source_file"": ""261722955-Module-3.pdf"", ""source_module"": ""M3"", ""fmt"": ""pdf"", ""module"": ""M3"", ""syllabusRef"": ""M3.3.2"", ""level"": 2, ""difficulty"": ""EASY""}"
M3,M3.03.07,,The shunt wound generator is controlled by a variable resistance in,series with the armature,series with the field,parallel with the field,,,MEDIUM,,,,DRAFT,NEEDS_ANSWER — answer not provided in source; solve via Suntech corpus or admin review,1,261722955-Module-3.pdf,"{""raw"": ""690. The shunt wound generator is controlled by a variable resistance in\na) series with the armature\nb) series with the field\nc) parallel with the field"", ""question"": ""The shunt wound generator is controlled by a variable resistance in"", ""options"": [""series with the armature"", ""series with the field"", ""parallel with the field""], ""correct"": null, ""answer_text"": null, ""category"": null, ""source_file"": ""261722955-Module-3.pdf"", ""source_module"": ""M3"", ""fmt"": ""pdf"", ""module"": ""M3"", ""syllabusRef"": ""M3.03.07"", ""level"": null, ""difficulty"": ""MEDIUM""}"
M3,,,Increasing the load on a permanent magnet generator will,reduce the terminal voltage by a large amount,reduce the terminal voltage by a small amount,increase the terminal voltage by a small amount,,,MEDIUM,,,,DRAFT,NEEDS_ANSWER — answer not provided in source; solve via Suntech corpus or admin review,1,261722955-Module-3.pdf,"{""raw"": ""691. Increasing the load on a permanent magnet generator will\na) reduce the terminal voltage by a large amount\nb) reduce the terminal voltage by a small amount\nc) increase the terminal voltage by a small amount"", ""question"": ""Increasing the load on a permanent magnet generator will"", ""options"": [""reduce the terminal voltage by a large amount"", ""reduce the terminal voltage by a small amount"", ""increase the terminal voltage by a small amount""], ""correct"": null, ""answer_text"": null, ""category"": null, ""source_file"": ""261722955-Module-3.pdf"", ""source_module"": ""M3"", ""fmt"": ""pdf"", ""module"": ""M3"", ""difficulty"": ""MEDIUM""}"
M3,,,"The series wound generator's terminal voltage will, when below",increase with an increase in load,decrease with an increase in load,decrease with a decrease in rotational speed,,,MEDIUM,,,,DRAFT,NEEDS_ANSWER — answer not provided in source; solve via Suntech corpus or admin review,1,261722955-Module-3.pdf,"{""raw"": ""692. The series wound generator's terminal voltage will, when below\nsaturation\na) increase with an increase in load\nb) decrease with an increase in load\nc) decrease with a decrease in rotational speed"", ""question"": ""The series wound generator's terminal voltage will, when below"", ""options"": [""increase with an increase in load"", ""decrease with an increase in load"", ""decrease with a decrease in rotational speed""], ""correct"": null, ""answer_text"": null, ""category"": null, ""source_file"": ""261722955-Module-3.pdf"", ""source_module"": ""M3"", ""fmt"": ""pdf"", ""module"": ""M3"", ""difficulty"": ""MEDIUM""}"
M3,,,The shunt wound generator is normally started,off load,on load,Either of the above,,,EASY,,,,DRAFT,NEEDS_ANSWER — answer not provided in source; solve via Suntech corpus or admin review,1,261722955-Module-3.pdf,"{""raw"": ""693. The shunt wound generator is normally started\na) off load\nb) on load\nc) Either of the above\nPage 86\nModule 3 – Electrical Fundamentals\nSample Questions"", ""question"": ""The shunt wound generator is normally started"", ""options"": [""off load"", ""on load"", ""Either of the above""], ""correct"": null, ""answer_text"": null, ""category"": null, ""source_file"": ""261722955-Module-3.pdf"", ""source_module"": ""M3"", ""fmt"": ""pdf"", ""module"": ""M3"", ""difficulty"": ""EASY""}"
M3,M3.3.2,2,Two 3 phase generators operating in parallel with different phase and,star configuration,delta configuration,Parallel configuration,,,MEDIUM,,,,DRAFT,NEEDS_ANSWER — answer not provided in source; solve via Suntech corpus or admin review,1,261722955-Module-3.pdf,"{""raw"": ""694. Two 3 phase generators operating in parallel with different phase and\nline voltages will be connected in\na) star configuration\nb) delta configuration\nc) Parallel configuration"", ""question"": ""Two 3 phase generators operating in parallel with different phase and"", ""options"": [""star configuration"", ""delta configuration"", ""Parallel configuration""], ""correct"": null, ""answer_text"": null, ""category"": null, ""source_file"": ""261722955-Module-3.pdf"", ""source_module"": ""M3"", ""fmt"": ""pdf"", ""module"": ""M3"", ""syllabusRef"": ""M3.3.2"", ""level"": 2, ""difficulty"": ""MEDIUM""}"
M3,,,Extra windings in a 3 phase AC generator are to sense,overvolt,phase shift,field oscillations,,,MEDIUM,,,,DRAFT,NEEDS_ANSWER — answer not provided in source; solve via Suntech corpus or admin review,1,261722955-Module-3.pdf,"{""raw"": ""695. Extra windings in a 3 phase AC generator are to sense\na) overvolt\nb) phase shift\nc) field oscillations"", ""question"": ""Extra windings in a 3 phase AC generator are to sense"", ""options"": [""overvolt"", ""phase shift"", ""field oscillations""], ""correct"": null, ""answer_text"": null, ""category"": null, ""source_file"": ""261722955-Module-3.pdf"", ""source_module"": ""M3"", ""fmt"": ""pdf"", ""module"": ""M3"", ""difficulty"": ""MEDIUM""}"
M3,,,"Cables are shielded to prevent ""H"" magnetic interference in wires with",Copper braiding,Ferromagnetic material,Diamagnetic material,,,MEDIUM,,,,DRAFT,NEEDS_ANSWER — answer not provided in source; solve via Suntech corpus or admin review,1,261722955-Module-3.pdf,"{""raw"": ""696. Cables are shielded to prevent \""H\"" magnetic interference in wires with\nthe following material:\na) Copper braiding\nb) Ferromagnetic material\nc) Diamagnetic material"", ""question"": ""Cables are shielded to prevent \""H\"" magnetic interference in wires with"", ""options"": [""Copper braiding"", ""Ferromagnetic material"", ""Diamagnetic material""], ""correct"": null, ""answer_text"": null, ""category"": null, ""source_file"": ""261722955-Module-3.pdf"", ""source_module"": ""M3"", ""fmt"": ""pdf"", ""module"": ""M3"", ""difficulty"": ""MEDIUM""}"
M3,M3.03.07,,Using Ohm's law,current is directly proportional to the EMF,resistance is directly proportional to EMF,current is directly proportional to the resistance,,,EASY,,,,DRAFT,NEEDS_ANSWER — answer not provided in source; solve via Suntech corpus or admin review,1,261722955-Module-3.pdf,"{""raw"": ""697. Using Ohm's law\na) current is directly proportional to the EMF\nb) resistance is directly proportional to EMF\nc) current is directly proportional to the resistance"", ""question"": ""Using Ohm's law"", ""options"": [""current is directly proportional to the EMF"", ""resistance is directly proportional to EMF"", ""current is directly proportional to the resistance""], ""correct"": null, ""answer_text"": null, ""category"": null, ""source_file"": ""261722955-Module-3.pdf"", ""source_module"": ""M3"", ""fmt"": ""pdf"", ""module"": ""M3"", ""syllabusRef"": ""M3.03.07"", ""level"": null, ""difficulty"": ""EASY""}"
M3,M3.3.2,2,"the primary, and 0.285 A flowing through the secondary what is the efficiency?",90%,95%,85%,,,MEDIUM,"698. A 10:1 step up power transformer has 120 V, and 3A flowing through",,,DRAFT,NEEDS_ANSWER — answer not provided in source; solve via Suntech corpus or admin review,1,261722955-Module-3.pdf,"{""raw"": ""698. A 10:1 step up power transformer has 120 V, and 3A flowing through\nthe primary, and 0.285 A flowing through the secondary what is the efficiency?\na) 90%\nb) 95%\nc) 85%"", ""question"": ""the primary, and 0.285 A flowing through the secondary what is the efficiency?"", ""options"": [""90%"", ""95%"", ""85%""], ""correct"": null, ""answer_text"": null, ""category"": ""698. A 10:1 step up power transformer has 120 V, and 3A flowing through"", ""source_file"": ""261722955-Module-3.pdf"", ""source_module"": ""M3"", ""fmt"": ""pdf"", ""module"": ""M3"", ""syllabusRef"": ""M3.3.2"", ""level"": 2, ""difficulty"": ""MEDIUM""}"
M3,,,"699. When light energises a component, what is the component?",Photodiode,Lazerdiode,Light emitting diode,,,MEDIUM,,,,DRAFT,NEEDS_ANSWER — answer not provided in source; solve via Suntech corpus or admin review,1,261722955-Module-3.pdf,"{""raw"": ""699. When light energises a component, what is the component?\na) Photodiode\nb) Lazerdiode\nc) Light emitting diode"", ""question"": ""699. When light energises a component, what is the component?"", ""options"": [""Photodiode"", ""Lazerdiode"", ""Light emitting diode""], ""correct"": null, ""answer_text"": null, ""category"": null, ""source_file"": ""261722955-Module-3.pdf"", ""source_module"": ""M3"", ""fmt"": ""pdf"", ""module"": ""M3"", ""difficulty"": ""MEDIUM""}"
M3,,,Delta wound alternator currents are,the same as line current,the same as phase current,the phase current multiplied be the square root of 3,,,EASY,,,,DRAFT,NEEDS_ANSWER — answer not provided in source; solve via Suntech corpus or admin review,1,261722955-Module-3.pdf,"{""raw"": ""700. Delta wound alternator currents are\na) the same as line current\nb) the same as phase current\nc) the phase current multiplied be the square root of 3"", ""question"": ""Delta wound alternator currents are"", ""options"": [""the same as line current"", ""the same as phase current"", ""the phase current multiplied be the square root of 3""], ""correct"": null, ""answer_text"": null, ""category"": null, ""source_file"": ""261722955-Module-3.pdf"", ""source_module"": ""M3"", ""fmt"": ""pdf"", ""module"": ""M3"", ""difficulty"": ""EASY""}"
M3,,,Aircraft autotransformers are of what type,Open core,Twin core,Laminated core,,,EASY,,,,DRAFT,NEEDS_ANSWER — answer not provided in source; solve via Suntech corpus or admin review,1,261722955-Module-3.pdf,"{""raw"": ""701. Aircraft autotransformers are of what type\na) Open core\nb) Twin core\nc) Laminated core"", ""question"": ""Aircraft autotransformers are of what type"", ""options"": [""Open core"", ""Twin core"", ""Laminated core""], ""correct"": null, ""answer_text"": null, ""category"": null, ""source_file"": ""261722955-Module-3.pdf"", ""source_module"": ""M3"", ""fmt"": ""pdf"", ""module"": ""M3"", ""difficulty"": ""EASY""}"
M3,M3.3.07(b),,"In a series circuit with 3 resistors, the current is",lower than the smallest,even in all 3,the total of all 3 using ohms law to find the current,,,MEDIUM,,,,DRAFT,NEEDS_ANSWER — answer not provided in source; solve via Suntech corpus or admin review,1,261722955-Module-3.pdf,"{""raw"": ""702. In a series circuit with 3 resistors, the current is\na) lower than the smallest\nb) even in all 3\nc) the total of all 3 using ohms law to find the current\nPage 87\nModule 3 – Electrical Fundamentals\nSample Questions"", ""question"": ""In a series circuit with 3 resistors, the current is"", ""options"": [""lower than the smallest"", ""even in all 3"", ""the total of all 3 using ohms law to find the current""], ""correct"": null, ""answer_text"": null, ""category"": null, ""source_file"": ""261722955-Module-3.pdf"", ""source_module"": ""M3"", ""fmt"": ""pdf"", ""module"": ""M3"", ""syllabusRef"": ""M3.3.07(b)"", ""level"": null, ""difficulty"": ""MEDIUM""}"
M3,M3.3.2,2,An oxygen atom has,"electrons, neutrons and protons",protons and electrons only,protons and neutrons only,,,EASY,,,,DRAFT,NEEDS_ANSWER — answer not provided in source; solve via Suntech corpus or admin review,1,261722955-Module-3.pdf,"{""raw"": ""703. An oxygen atom has\na) electrons, neutrons and protons\nb) protons and electrons only\nc) protons and neutrons only"", ""question"": ""An oxygen atom has"", ""options"": [""electrons, neutrons and protons"", ""protons and electrons only"", ""protons and neutrons only""], ""correct"": null, ""answer_text"": null, ""category"": null, ""source_file"": ""261722955-Module-3.pdf"", ""source_module"": ""M3"", ""fmt"": ""pdf"", ""module"": ""M3"", ""syllabusRef"": ""M3.3.2"", ""level"": 2, ""difficulty"": ""EASY""}"
M3,M3.03.07,,704. What is the voltage dropped across resistor 'A'?,2 V,10 V,20 V,,,MEDIUM,,,,DRAFT,NEEDS_ANSWER — answer not provided in source; solve via Suntech corpus or admin review,1,261722955-Module-3.pdf,"{""raw"": ""704. What is the voltage dropped across resistor 'A'?\na) 2 V\nb) 10 V\nc) 20 V"", ""question"": ""704. What is the voltage dropped across resistor 'A'?"", ""options"": [""2 V"", ""10 V"", ""20 V""], ""correct"": null, ""answer_text"": null, ""category"": null, ""source_file"": ""261722955-Module-3.pdf"", ""source_module"": ""M3"", ""fmt"": ""pdf"", ""module"": ""M3"", ""syllabusRef"": ""M3.03.07"", ""level"": null, ""difficulty"": ""MEDIUM""}"
M3,M3.03.07,,705. What is the current through resistor C?,9A,4.5A,18A,,,EASY,,,,DRAFT,NEEDS_ANSWER — answer not provided in source; solve via Suntech corpus or admin review,1,261722955-Module-3.pdf,"{""raw"": ""705. What is the current through resistor C?\na) 9A\nb) 4.5A\nc) 18A"", ""question"": ""705. What is the current through resistor C?"", ""options"": [""9A"", ""4.5A"", ""18A""], ""correct"": null, ""answer_text"": null, ""category"": null, ""source_file"": ""261722955-Module-3.pdf"", ""source_module"": ""M3"", ""fmt"": ""pdf"", ""module"": ""M3"", ""syllabusRef"": ""M3.03.07"", ""level"": null, ""difficulty"": ""EASY""}"
M3,,,One volt is induced into a circuit with a current varying at 1 amp per,1 Henry,1 ampere turn,1 Tesla,,,MEDIUM,,,,DRAFT,NEEDS_ANSWER — answer not provided in source; solve via Suntech corpus or admin review,1,261722955-Module-3.pdf,"{""raw"": ""706. One volt is induced into a circuit with a current varying at 1 amp per\nsecond. The circuit has\na) 1 Henry\nb) 1 ampere turn\nc) 1 Tesla\nPage 88\nModule 3 – Electrical Fundamentals\nSample Questions"", ""question"": ""One volt is induced into a circuit with a current varying at 1 amp per"", ""options"": [""1 Henry"", ""1 ampere turn"", ""1 Tesla""], ""correct"": null, ""answer_text"": null, ""category"": null, ""source_file"": ""261722955-Module-3.pdf"", ""source_module"": ""M3"", ""fmt"": ""pdf"", ""module"": ""M3"", ""difficulty"": ""MEDIUM""}"
M3,M3.3.2,2,707. How do you reduce ripple on the output of a DC generator?,Increase the speed of the armature and add more turns,Increase the commutator segments and connect each to a separate,,,,MEDIUM,,,,DRAFT,NEEDS_ANSWER — answer not provided in source; solve via Suntech corpus or admin review,1,261722955-Module-3.pdf,"{""raw"": ""707. How do you reduce ripple on the output of a DC generator?\na) Increase the speed of the armature and add more turns\nb) Increase the commutator segments and connect each to a separate\nparallel winding\nc) Decrease the speed of the armature and add more series windings"", ""question"": ""707. How do you reduce ripple on the output of a DC generator?"", ""options"": [""Increase the speed of the armature and add more turns"", ""Increase the commutator segments and connect each to a separate""], ""correct"": null, ""answer_text"": null, ""category"": null, ""source_file"": ""261722955-Module-3.pdf"", ""source_module"": ""M3"", ""fmt"": ""pdf"", ""module"": ""M3"", ""syllabusRef"": ""M3.3.2"", ""level"": 2, ""difficulty"": ""MEDIUM""}"
M3,M3.3.07(b),,Resistors required to carry a comparatively high current and dissipate,Carbon compound type,Wire wound metal type,Wire wound ceramic type,,,MEDIUM,,,,DRAFT,NEEDS_ANSWER — answer not provided in source; solve via Suntech corpus or admin review,1,261722955-Module-3.pdf,"{""raw"": ""708. Resistors required to carry a comparatively high current and dissipate\nhigh power are usually of\na) Carbon compound type\nb) Wire wound metal type\nc) Wire wound ceramic type"", ""question"": ""Resistors required to carry a comparatively high current and dissipate"", ""options"": [""Carbon compound type"", ""Wire wound metal type"", ""Wire wound ceramic type""], ""correct"": null, ""answer_text"": null, ""category"": null, ""source_file"": ""261722955-Module-3.pdf"", ""source_module"": ""M3"", ""fmt"": ""pdf"", ""module"": ""M3"", ""syllabusRef"": ""M3.3.07(b)"", ""level"": null, ""difficulty"": ""MEDIUM""}"
M3,M3.03.04,,The property of a conductor of electricity that limits or restricts the flow,limiter,fuse,resistance,,,MEDIUM,,,,DRAFT,NEEDS_ANSWER — answer not provided in source; solve via Suntech corpus or admin review,1,261722955-Module-3.pdf,"{""raw"": ""709. The property of a conductor of electricity that limits or restricts the flow\nof electric current is\na) limiter\nb) fuse\nc) resistance"", ""question"": ""The property of a conductor of electricity that limits or restricts the flow"", ""options"": [""limiter"", ""fuse"", ""resistance""], ""correct"": null, ""answer_text"": null, ""category"": null, ""source_file"": ""261722955-Module-3.pdf"", ""source_module"": ""M3"", ""fmt"": ""pdf"", ""module"": ""M3"", ""syllabusRef"": ""M3.03.04"", ""level"": null, ""difficulty"": ""MEDIUM""}"
M3,,,Armature reaction causes neutral axis to shift in the direction,opposite to the direction of armature rotation,in the direction of armature rotation,either (a) or (b) depending on current flow,,,MEDIUM,,,,DRAFT,NEEDS_ANSWER — answer not provided in source; solve via Suntech corpus or admin review,1,261722955-Module-3.pdf,"{""raw"": ""710. Armature reaction causes neutral axis to shift in the direction\na) opposite to the direction of armature rotation\nb) in the direction of armature rotation\nc) either (a) or (b) depending on current flow"", ""question"": ""Armature reaction causes neutral axis to shift in the direction"", ""options"": [""opposite to the direction of armature rotation"", ""in the direction of armature rotation"", ""either (a) or (b) depending on current flow""], ""correct"": null, ""answer_text"": null, ""category"": null, ""source_file"": ""261722955-Module-3.pdf"", ""source_module"": ""M3"", ""fmt"": ""pdf"", ""module"": ""M3"", ""difficulty"": ""MEDIUM""}"
M3,M3.03.07,,713. Which is not thermally operated?,current limiter,fuse,limiting resistor,,,EASY,,,,DRAFT,NEEDS_ANSWER — answer not provided in source; solve via Suntech corpus or admin review,1,261722955-Module-3.pdf,"{""raw"": ""713. Which is not thermally operated?\na) current limiter\nb) fuse\nc) limiting resistor"", ""question"": ""713. Which is not thermally operated?"", ""options"": [""current limiter"", ""fuse"", ""limiting resistor""], ""correct"": null, ""answer_text"": null, ""category"": null, ""source_file"": ""261722955-Module-3.pdf"", ""source_module"": ""M3"", ""fmt"": ""pdf"", ""module"": ""M3"", ""syllabusRef"": ""M3.03.07"", ""level"": null, ""difficulty"": ""EASY""}"
M3,M3.03.07,,"What is the current in the circuit with a resistance of 8 ohms, inductive",2 amps,1 amp,10 amps,,,MEDIUM,,,,DRAFT,NEEDS_ANSWER — answer not provided in source; solve via Suntech corpus or admin review,1,261722955-Module-3.pdf,"{""raw"": ""714. What is the current in the circuit with a resistance of 8 ohms, inductive\nreactance of 12 ohms, capacitive reactance of 18 ohms with 20 volts applied\nacross it?\na) 2 amps\nb) 1 amp\nc) 10 amps"", ""question"": ""What is the current in the circuit with a resistance of 8 ohms, inductive"", ""options"": [""2 amps"", ""1 amp"", ""10 amps""], ""correct"": null, ""answer_text"": null, ""category"": null, ""source_file"": ""261722955-Module-3.pdf"", ""source_module"": ""M3"", ""fmt"": ""pdf"", ""module"": ""M3"", ""syllabusRef"": ""M3.03.07"", ""level"": null, ""difficulty"": ""MEDIUM""}"
M3,,,Formation of white crystals of potassium carbonate on a properly,full charged,under charged,over charged,,,MEDIUM,,,,DRAFT,NEEDS_ANSWER — answer not provided in source; solve via Suntech corpus or admin review,1,261722955-Module-3.pdf,"{""raw"": ""715. Formation of white crystals of potassium carbonate on a properly\nserviced Ni-cd battery indicates\na) full charged\nb) under charged\nc) over charged\nPage 89\nModule 3 – Electrical Fundamentals\nSample Questions"", ""question"": ""Formation of white crystals of potassium carbonate on a properly"", ""options"": [""full charged"", ""under charged"", ""over charged""], ""correct"": null, ""answer_text"": null, ""category"": null, ""source_file"": ""261722955-Module-3.pdf"", ""source_module"": ""M3"", ""fmt"": ""pdf"", ""module"": ""M3"", ""difficulty"": ""MEDIUM""}"
M3,M3.3.2,2,Thermal runaway causes,violent gassing,boiling of electrolyte and melting of plates and casing,both (a) and (b),,,EASY,,,,DRAFT,NEEDS_ANSWER — answer not provided in source; solve via Suntech corpus or admin review,1,261722955-Module-3.pdf,"{""raw"": ""716. Thermal runaway causes\na) violent gassing\nb) boiling of electrolyte and melting of plates and casing\nc) both (a) and (b)"", ""question"": ""Thermal runaway causes"", ""options"": [""violent gassing"", ""boiling of electrolyte and melting of plates and casing"", ""both (a) and (b)""], ""correct"": null, ""answer_text"": null, ""category"": null, ""source_file"": ""261722955-Module-3.pdf"", ""source_module"": ""M3"", ""fmt"": ""pdf"", ""module"": ""M3"", ""syllabusRef"": ""M3.3.2"", ""level"": 2, ""difficulty"": ""EASY""}"
M3,,,In smaller single or twin engine aircraft the primary DC power is,frequency wild ac generator,under charged,over charged,,,MEDIUM,,,,DRAFT,NEEDS_ANSWER — answer not provided in source; solve via Suntech corpus or admin review,1,261722955-Module-3.pdf,"{""raw"": ""717. In smaller single or twin engine aircraft the primary DC power is\nsupplied in the form of rectified output from\na) frequency wild ac generator\nb) under charged\nc) over charged"", ""question"": ""In smaller single or twin engine aircraft the primary DC power is"", ""options"": [""frequency wild ac generator"", ""under charged"", ""over charged""], ""correct"": null, ""answer_text"": null, ""category"": null, ""source_file"": ""261722955-Module-3.pdf"", ""source_module"": ""M3"", ""fmt"": ""pdf"", ""module"": ""M3"", ""difficulty"": ""MEDIUM""}"
M3,M3.1.5,,The unit for resistivity,ohms/square meter,ohmmeter,ohms/meter,,,EASY,,,,DRAFT,NEEDS_ANSWER — answer not provided in source; solve via Suntech corpus or admin review,1,261722955-Module-3.pdf,"{""raw"": ""718. The unit for resistivity\na) ohms/square meter\nb) ohmmeter\nc) ohms/meter"", ""question"": ""The unit for resistivity"", ""options"": [""ohms/square meter"", ""ohmmeter"", ""ohms/meter""], ""correct"": null, ""answer_text"": null, ""category"": null, ""source_file"": ""261722955-Module-3.pdf"", ""source_module"": ""M3"", ""fmt"": ""pdf"", ""module"": ""M3"", ""syllabusRef"": ""M3.1.5"", ""level"": null, ""difficulty"": ""EASY""}"
M3,M3.3.2,2,An auto transformer is,primary and secondary coils,primary and secondary coils on single bar,primary coil only,,,EASY,,,,DRAFT,NEEDS_ANSWER — answer not provided in source; solve via Suntech corpus or admin review,1,261722955-Module-3.pdf,"{""raw"": ""719. An auto transformer is\na) primary and secondary coils\nb) primary and secondary coils on single bar\nc) primary coil only"", ""question"": ""An auto transformer is"", ""options"": [""primary and secondary coils"", ""primary and secondary coils on single bar"", ""primary coil only""], ""correct"": null, ""answer_text"": null, ""category"": null, ""source_file"": ""261722955-Module-3.pdf"", ""source_module"": ""M3"", ""fmt"": ""pdf"", ""module"": ""M3"", ""syllabusRef"": ""M3.3.2"", ""level"": 2, ""difficulty"": ""EASY""}"
M3,M3.1.5,,A neutral atom gains electrons.,It gains a positive charge,It remains neutral,It gains a negative charge,,,EASY,,,,DRAFT,NEEDS_ANSWER — answer not provided in source; solve via Suntech corpus or admin review,1,261722955-Module-3.pdf,"{""raw"": ""720. A neutral atom gains electrons.\na) It gains a positive charge\nb) It remains neutral\nc) It gains a negative charge"", ""question"": ""A neutral atom gains electrons."", ""options"": [""It gains a positive charge"", ""It remains neutral"", ""It gains a negative charge""], ""correct"": null, ""answer_text"": null, ""category"": null, ""source_file"": ""261722955-Module-3.pdf"", ""source_module"": ""M3"", ""fmt"": ""pdf"", ""module"": ""M3"", ""syllabusRef"": ""M3.1.5"", ""level"": null, ""difficulty"": ""EASY""}"
M3,,,Two parallel lines of magnetic flux,attract each other,repel each other,have no effect on each other,,,EASY,,,,DRAFT,NEEDS_ANSWER — answer not provided in source; solve via Suntech corpus or admin review,1,261722955-Module-3.pdf,"{""raw"": ""723. Two parallel lines of magnetic flux\na) attract each other\nb) repel each other\nc) have no effect on each other"", ""question"": ""Two parallel lines of magnetic flux"", ""options"": [""attract each other"", ""repel each other"", ""have no effect on each other""], ""correct"": null, ""answer_text"": null, ""category"": null, ""source_file"": ""261722955-Module-3.pdf"", ""source_module"": ""M3"", ""fmt"": ""pdf"", ""module"": ""M3"", ""difficulty"": ""EASY""}"
M3,,,One micro farad is,1 x 10 12 farads,1 x 10 -6 farads,1 x 10 -12 farads,,,EASY,,,,DRAFT,NEEDS_ANSWER — answer not provided in source; solve via Suntech corpus or admin review,1,261722955-Module-3.pdf,"{""raw"": ""724. One micro farad is\na) 1 x 10 12 farads\nb) 1 x 10 -6 farads\nc) 1 x 10 -12 farads"", ""question"": ""One micro farad is"", ""options"": [""1 x 10 12 farads"", ""1 x 10 -6 farads"", ""1 x 10 -12 farads""], ""correct"": null, ""answer_text"": null, ""category"": null, ""source_file"": ""261722955-Module-3.pdf"", ""source_module"": ""M3"", ""fmt"": ""pdf"", ""module"": ""M3"", ""difficulty"": ""EASY""}"
M3,,,Spontaneous magnetism is associated with,ferromagnetic materials,diamagnetic materials,paramagnetic materials,,,EASY,,,,DRAFT,NEEDS_ANSWER — answer not provided in source; solve via Suntech corpus or admin review,1,261722955-Module-3.pdf,"{""raw"": ""725. Spontaneous magnetism is associated with\na) ferromagnetic materials\nb) diamagnetic materials\nc) paramagnetic materials\nPage 90\nModule 3 – Electrical Fundamentals\nSample Questions"", ""question"": ""Spontaneous magnetism is associated with"", ""options"": [""ferromagnetic materials"", ""diamagnetic materials"", ""paramagnetic materials""], ""correct"": null, ""answer_text"": null, ""category"": null, ""source_file"": ""261722955-Module-3.pdf"", ""source_module"": ""M3"", ""fmt"": ""pdf"", ""module"": ""M3"", ""difficulty"": ""EASY""}"
M3,M3.3.2,2,The difference in speed between a synchronous motor's rotor and,phase lag,slip speed,rotor lag,,,MEDIUM,,,,DRAFT,NEEDS_ANSWER — answer not provided in source; solve via Suntech corpus or admin review,1,261722955-Module-3.pdf,"{""raw"": ""726. The difference in speed between a synchronous motor's rotor and\nstator is known as\na) phase lag\nb) slip speed\nc) rotor lag"", ""question"": ""The difference in speed between a synchronous motor's rotor and"", ""options"": [""phase lag"", ""slip speed"", ""rotor lag""], ""correct"": null, ""answer_text"": null, ""category"": null, ""source_file"": ""261722955-Module-3.pdf"", ""source_module"": ""M3"", ""fmt"": ""pdf"", ""module"": ""M3"", ""syllabusRef"": ""M3.3.2"", ""level"": 2, ""difficulty"": ""MEDIUM""}"
M3,,,727. A voltage of 250V causes a current of 30mA. What is the wattage?,0.225W,7.5W,7500W,,,MEDIUM,,,,DRAFT,NEEDS_ANSWER — answer not provided in source; solve via Suntech corpus or admin review,1,261722955-Module-3.pdf,"{""raw"": ""727. A voltage of 250V causes a current of 30mA. What is the wattage?\na) 0.225W\nb) 7.5W\nc) 7500W"", ""question"": ""727. A voltage of 250V causes a current of 30mA. What is the wattage?"", ""options"": [""0.225W"", ""7.5W"", ""7500W""], ""correct"": null, ""answer_text"": null, ""category"": null, ""source_file"": ""261722955-Module-3.pdf"", ""source_module"": ""M3"", ""fmt"": ""pdf"", ""module"": ""M3"", ""difficulty"": ""MEDIUM""}"
M3,M3.1.5,,728. The EMF of a generator can be calculated from which law?,Lenzs law,Kirchhoff's law,Faradays law,,,MEDIUM,,,,DRAFT,NEEDS_ANSWER — answer not provided in source; solve via Suntech corpus or admin review,1,261722955-Module-3.pdf,"{""raw"": ""728. The EMF of a generator can be calculated from which law?\na) Lenzs law\nb) Kirchhoff's law\nc) Faradays law"", ""question"": ""728. The EMF of a generator can be calculated from which law?"", ""options"": [""Lenzs law"", ""Kirchhoff's law"", ""Faradays law""], ""correct"": null, ""answer_text"": null, ""category"": null, ""source_file"": ""261722955-Module-3.pdf"", ""source_module"": ""M3"", ""fmt"": ""pdf"", ""module"": ""M3"", ""syllabusRef"": ""M3.1.5"", ""level"": null, ""difficulty"": ""MEDIUM""}"
M3,,,A primary cell,can be recharged,can not recharged,can be recharged but only a few times,,,EASY,,,,DRAFT,NEEDS_ANSWER — answer not provided in source; solve via Suntech corpus or admin review,1,261722955-Module-3.pdf,"{""raw"": ""730. A primary cell\na) can be recharged\nb) can not recharged\nc) can be recharged but only a few times"", ""question"": ""A primary cell"", ""options"": [""can be recharged"", ""can not recharged"", ""can be recharged but only a few times""], ""correct"": null, ""answer_text"": null, ""category"": null, ""source_file"": ""261722955-Module-3.pdf"", ""source_module"": ""M3"", ""fmt"": ""pdf"", ""module"": ""M3"", ""difficulty"": ""EASY""}"
M3,M3.03.07,,If the insulation resistance of a lead/acid battery is down it indicates,intercell leakage,case leakage,leakage between positive and negative terminals,,,MEDIUM,,,,DRAFT,NEEDS_ANSWER — answer not provided in source; solve via Suntech corpus or admin review,1,261722955-Module-3.pdf,"{""raw"": ""731. If the insulation resistance of a lead/acid battery is down it indicates\na) intercell leakage\nb) case leakage\nc) leakage between positive and negative terminals"", ""question"": ""If the insulation resistance of a lead/acid battery is down it indicates"", ""options"": [""intercell leakage"", ""case leakage"", ""leakage between positive and negative terminals""], ""correct"": null, ""answer_text"": null, ""category"": null, ""source_file"": ""261722955-Module-3.pdf"", ""source_module"": ""M3"", ""fmt"": ""pdf"", ""module"": ""M3"", ""syllabusRef"": ""M3.03.07"", ""level"": null, ""difficulty"": ""MEDIUM""}"
M3,,,An indication of good commutation on a DC machine would be,silent operation of the machine,little or no sparking at the commutator,high armature currents,,,MEDIUM,,,,DRAFT,NEEDS_ANSWER — answer not provided in source; solve via Suntech corpus or admin review,1,261722955-Module-3.pdf,"{""raw"": ""732. An indication of good commutation on a DC machine would be\na) silent operation of the machine\nb) little or no sparking at the commutator\nc) high armature currents"", ""question"": ""An indication of good commutation on a DC machine would be"", ""options"": [""silent operation of the machine"", ""little or no sparking at the commutator"", ""high armature currents""], ""correct"": null, ""answer_text"": null, ""category"": null, ""source_file"": ""261722955-Module-3.pdf"", ""source_module"": ""M3"", ""fmt"": ""pdf"", ""module"": ""M3"", ""difficulty"": ""MEDIUM""}"
M3,,,Under frequency in an AC supply would cause,overheating of inductive devices,overspeeding of AC motors,overvoltage of capacitive devices,,,EASY,,,,DRAFT,NEEDS_ANSWER — answer not provided in source; solve via Suntech corpus or admin review,1,261722955-Module-3.pdf,"{""raw"": ""734. Under frequency in an AC supply would cause\na) overheating of inductive devices\nb) overspeeding of AC motors\nc) overvoltage of capacitive devices\nPage 91\nModule 3 – Electrical Fundamentals\nSample Questions"", ""question"": ""Under frequency in an AC supply would cause"", ""options"": [""overheating of inductive devices"", ""overspeeding of AC motors"", ""overvoltage of capacitive devices""], ""correct"": null, ""answer_text"": null, ""category"": null, ""source_file"": ""261722955-Module-3.pdf"", ""source_module"": ""M3"", ""fmt"": ""pdf"", ""module"": ""M3"", ""difficulty"": ""EASY""}"
M3,,,The line voltage of a 3 phase star connected AC generator is,less than the phase voltage,greater than the phase voltage,equal to the phase voltage,,,MEDIUM,,,,DRAFT,NEEDS_ANSWER — answer not provided in source; solve via Suntech corpus or admin review,1,261722955-Module-3.pdf,"{""raw"": ""735. The line voltage of a 3 phase star connected AC generator is\na) less than the phase voltage\nb) greater than the phase voltage\nc) equal to the phase voltage"", ""question"": ""The line voltage of a 3 phase star connected AC generator is"", ""options"": [""less than the phase voltage"", ""greater than the phase voltage"", ""equal to the phase voltage""], ""correct"": null, ""answer_text"": null, ""category"": null, ""source_file"": ""261722955-Module-3.pdf"", ""source_module"": ""M3"", ""fmt"": ""pdf"", ""module"": ""M3"", ""difficulty"": ""MEDIUM""}"
M3,,,In an AC generator of the brushless type the rotating field winding is,DC via the slip rings from an external supply,DC via diodes from the main exciter winding on the rotor,AC via rotating exciter windings,,,MEDIUM,,,,DRAFT,NEEDS_ANSWER — answer not provided in source; solve via Suntech corpus or admin review,1,261722955-Module-3.pdf,"{""raw"": ""736. In an AC generator of the brushless type the rotating field winding is\nfed with\na) DC via the slip rings from an external supply\nb) DC via diodes from the main exciter winding on the rotor\nc) AC via rotating exciter windings"", ""question"": ""In an AC generator of the brushless type the rotating field winding is"", ""options"": [""DC via the slip rings from an external supply"", ""DC via diodes from the main exciter winding on the rotor"", ""AC via rotating exciter windings""], ""correct"": null, ""answer_text"": null, ""category"": null, ""source_file"": ""261722955-Module-3.pdf"", ""source_module"": ""M3"", ""fmt"": ""pdf"", ""module"": ""M3"", ""difficulty"": ""MEDIUM""}"
M3,,,"To adjust the voltage of an AC generator, whilst maintaining constant",alter the driving speed,alter the field current,alter the reactance of the starter winding circuit,,,MEDIUM,,,,DRAFT,NEEDS_ANSWER — answer not provided in source; solve via Suntech corpus or admin review,1,261722955-Module-3.pdf,"{""raw"": ""738. To adjust the voltage of an AC generator, whilst maintaining constant\nfrequency, it is necessary to\na) alter the driving speed\nb) alter the field current\nc) alter the reactance of the starter winding circuit"", ""question"": ""To adjust the voltage of an AC generator, whilst maintaining constant"", ""options"": [""alter the driving speed"", ""alter the field current"", ""alter the reactance of the starter winding circuit""], ""correct"": null, ""answer_text"": null, ""category"": null, ""source_file"": ""261722955-Module-3.pdf"", ""source_module"": ""M3"", ""fmt"": ""pdf"", ""module"": ""M3"", ""difficulty"": ""MEDIUM""}"
M3,,,If compound DC generators are operated in parallel they must,all rotate at the same speed,have an equilising or load sharing loop,all use the same voltage,,,MEDIUM,,,,DRAFT,NEEDS_ANSWER — answer not provided in source; solve via Suntech corpus or admin review,1,261722955-Module-3.pdf,"{""raw"": ""739. If compound DC generators are operated in parallel they must\na) all rotate at the same speed\nb) have an equilising or load sharing loop\nc) all use the same voltage"", ""question"": ""If compound DC generators are operated in parallel they must"", ""options"": [""all rotate at the same speed"", ""have an equilising or load sharing loop"", ""all use the same voltage""], ""correct"": null, ""answer_text"": null, ""category"": null, ""source_file"": ""261722955-Module-3.pdf"", ""source_module"": ""M3"", ""fmt"": ""pdf"", ""module"": ""M3"", ""difficulty"": ""MEDIUM""}"
M3,,,The Sine wave signals of a circular time base are,phase separated by 90o,phase separated by 180o,in phase,,,EASY,,,,DRAFT,NEEDS_ANSWER — answer not provided in source; solve via Suntech corpus or admin review,1,261722955-Module-3.pdf,"{""raw"": ""741. The Sine wave signals of a circular time base are\na) phase separated by 90o\nb) phase separated by 180o\nc) in phase"", ""question"": ""The Sine wave signals of a circular time base are"", ""options"": [""phase separated by 90o"", ""phase separated by 180o"", ""in phase""], ""correct"": null, ""answer_text"": null, ""category"": null, ""source_file"": ""261722955-Module-3.pdf"", ""source_module"": ""M3"", ""fmt"": ""pdf"", ""module"": ""M3"", ""difficulty"": ""EASY""}"
M3,,,In a Delta connecte the line current is,1.7 X phase I,1.7 X phase V,phase I,,,EASY,,,,DRAFT,NEEDS_ANSWER — answer not provided in source; solve via Suntech corpus or admin review,1,261722955-Module-3.pdf,"{""raw"": ""742. In a Delta connecte the line current is\na) 1.7 X phase I\nb) 1.7 X phase V\nc) phase I"", ""question"": ""In a Delta connecte the line current is"", ""options"": [""1.7 X phase I"", ""1.7 X phase V"", ""phase I""], ""correct"": null, ""answer_text"": null, ""category"": null, ""source_file"": ""261722955-Module-3.pdf"", ""source_module"": ""M3"", ""fmt"": ""pdf"", ""module"": ""M3"", ""difficulty"": ""EASY""}"
M3,,,"In a Desynn indicator system, the rotor is",a permanent magnet,an electromagnet,an AC magnet,,,EASY,,,,DRAFT,NEEDS_ANSWER — answer not provided in source; solve via Suntech corpus or admin review,1,261722955-Module-3.pdf,"{""raw"": ""743. In a Desynn indicator system, the rotor is\na) a permanent magnet\nb) an electromagnet\nc) an AC magnet\nPage 92\nModule 3 – Electrical Fundamentals\nSample Questions"", ""question"": ""In a Desynn indicator system, the rotor is"", ""options"": [""a permanent magnet"", ""an electromagnet"", ""an AC magnet""], ""correct"": null, ""answer_text"": null, ""category"": null, ""source_file"": ""261722955-Module-3.pdf"", ""source_module"": ""M3"", ""fmt"": ""pdf"", ""module"": ""M3"", ""difficulty"": ""EASY""}"
M3,,,A thyristor,has a positive temperature coefficient,"if energized on, will switch on a circuit","if energized on, will switch off a circuit",,,EASY,,,,DRAFT,NEEDS_ANSWER — answer not provided in source; solve via Suntech corpus or admin review,1,261722955-Module-3.pdf,"{""raw"": ""745. A thyristor\na) has a positive temperature coefficient\nb) if energized on, will switch on a circuit\nc) if energized on, will switch off a circuit"", ""question"": ""A thyristor"", ""options"": [""has a positive temperature coefficient"", ""if energized on, will switch on a circuit"", ""if energized on, will switch off a circuit""], ""correct"": null, ""answer_text"": null, ""category"": null, ""source_file"": ""261722955-Module-3.pdf"", ""source_module"": ""M3"", ""fmt"": ""pdf"", ""module"": ""M3"", ""difficulty"": ""EASY""}"
M3,M3.1.5,,A circuit with a capacitor has 6 volts applied to it with a charge of 2400,2400 x 10-12 coulombs,600 x 10-9 coulombs,600 x 10-12 coulombs,,,MEDIUM,,,,DRAFT,NEEDS_ANSWER — answer not provided in source; solve via Suntech corpus or admin review,1,261722955-Module-3.pdf,"{""raw"": ""746. A circuit with a capacitor has 6 volts applied to it with a charge of 2400\nPico-coulombs. What would the charge be if the applied voltage was 1.5\nvolts?\na) 2400 x 10-12 coulombs\nb) 600 x 10-9 coulombs\nc) 600 x 10-12 coulombs"", ""question"": ""A circuit with a capacitor has 6 volts applied to it with a charge of 2400"", ""options"": [""2400 x 10-12 coulombs"", ""600 x 10-9 coulombs"", ""600 x 10-12 coulombs""], ""correct"": null, ""answer_text"": null, ""category"": null, ""source_file"": ""261722955-Module-3.pdf"", ""source_module"": ""M3"", ""fmt"": ""pdf"", ""module"": ""M3"", ""syllabusRef"": ""M3.1.5"", ""level"": null, ""difficulty"": ""MEDIUM""}"
M3,M3.03.07,,"A circuit containing a resistor, capacitor and inductor where resonant",zero,resistance across the resistor,maximum,,,MEDIUM,,,,DRAFT,NEEDS_ANSWER — answer not provided in source; solve via Suntech corpus or admin review,1,261722955-Module-3.pdf,"{""raw"": ""747. A circuit containing a resistor, capacitor and inductor where resonant\nfrequency is met, what will the impedance of the circuit be\na) zero\nb) resistance across the resistor\nc) maximum"", ""question"": ""A circuit containing a resistor, capacitor and inductor where resonant"", ""options"": [""zero"", ""resistance across the resistor"", ""maximum""], ""correct"": null, ""answer_text"": null, ""category"": null, ""source_file"": ""261722955-Module-3.pdf"", ""source_module"": ""M3"", ""fmt"": ""pdf"", ""module"": ""M3"", ""syllabusRef"": ""M3.03.07"", ""level"": null, ""difficulty"": ""MEDIUM""}"
M3,M3.03.07,,What temp scale is used?,Centigrade,Fahrenheit,Absolute,,,EASY,748. The temperature of a pure metal can greatly affect the resistance of it.,,,DRAFT,NEEDS_ANSWER — answer not provided in source; solve via Suntech corpus or admin review,1,261722955-Module-3.pdf,"{""raw"": ""748. The temperature of a pure metal can greatly affect the resistance of it.\nWhat temp scale is used?\na) Centigrade\nb) Fahrenheit\nc) Absolute"", ""question"": ""What temp scale is used?"", ""options"": [""Centigrade"", ""Fahrenheit"", ""Absolute""], ""correct"": null, ""answer_text"": null, ""category"": ""748. The temperature of a pure metal can greatly affect the resistance of it."", ""source_file"": ""261722955-Module-3.pdf"", ""source_module"": ""M3"", ""fmt"": ""pdf"", ""module"": ""M3"", ""syllabusRef"": ""M3.03.07"", ""level"": null, ""difficulty"": ""EASY""}"
M3,M3.1.5,,"When battery connected to the aircraft, which terminal should connect",+ve,-ve,any,,,MEDIUM,,,,DRAFT,NEEDS_ANSWER — answer not provided in source; solve via Suntech corpus or admin review,1,261722955-Module-3.pdf,"{""raw"": ""749. When battery connected to the aircraft, which terminal should connect\nfirst?\na) +ve\nb) -ve\nc) any"", ""question"": ""When battery connected to the aircraft, which terminal should connect"", ""options"": [""+ve"", ""-ve"", ""any""], ""correct"": null, ""answer_text"": null, ""category"": null, ""source_file"": ""261722955-Module-3.pdf"", ""source_module"": ""M3"", ""fmt"": ""pdf"", ""module"": ""M3"", ""syllabusRef"": ""M3.1.5"", ""level"": null, ""difficulty"": ""MEDIUM""}"
M3,M3.1.5,,An ammeter in a battery charging system is for the purpose of,amperage available for use,total amperes being used in the aeroplane,rate of current used to charge the battery,,,MEDIUM,,,,DRAFT,NEEDS_ANSWER — answer not provided in source; solve via Suntech corpus or admin review,1,261722955-Module-3.pdf,"{""raw"": ""752. An ammeter in a battery charging system is for the purpose of\nindicating the\na) amperage available for use\nb) total amperes being used in the aeroplane\nc) rate of current used to charge the battery"", ""question"": ""An ammeter in a battery charging system is for the purpose of"", ""options"": [""amperage available for use"", ""total amperes being used in the aeroplane"", ""rate of current used to charge the battery""], ""correct"": null, ""answer_text"": null, ""category"": null, ""source_file"": ""261722955-Module-3.pdf"", ""source_module"": ""M3"", ""fmt"": ""pdf"", ""module"": ""M3"", ""syllabusRef"": ""M3.1.5"", ""level"": null, ""difficulty"": ""MEDIUM""}"
M3,,,The maximum output voltage from a basic single loop generator is,cutting maximum lines of magnetic flux,rotating anti -clockwise relative to the direction of the magnetic flux,at 45o to the magnetic flux,,,MEDIUM,,,,DRAFT,NEEDS_ANSWER — answer not provided in source; solve via Suntech corpus or admin review,1,261722955-Module-3.pdf,"{""raw"": ""753. The maximum output voltage from a basic single loop generator is\nwhen the loop is\na) cutting maximum lines of magnetic flux\nb) rotating anti -clockwise relative to the direction of the magnetic flux\nc) at 45o to the magnetic flux"", ""question"": ""The maximum output voltage from a basic single loop generator is"", ""options"": [""cutting maximum lines of magnetic flux"", ""rotating anti -clockwise relative to the direction of the magnetic flux"", ""at 45o to the magnetic flux""], ""correct"": null, ""answer_text"": null, ""category"": null, ""source_file"": ""261722955-Module-3.pdf"", ""source_module"": ""M3"", ""fmt"": ""pdf"", ""module"": ""M3"", ""difficulty"": ""MEDIUM""}"
M3,,,Prolonged reactive sparking in a DC generator could damage the,commutator,armature,pole pieces,,,MEDIUM,,,,DRAFT,NEEDS_ANSWER — answer not provided in source; solve via Suntech corpus or admin review,1,261722955-Module-3.pdf,"{""raw"": ""754. Prolonged reactive sparking in a DC generator could damage the\na) commutator\nb) armature\nc) pole pieces"", ""question"": ""Prolonged reactive sparking in a DC generator could damage the"", ""options"": [""commutator"", ""armature"", ""pole pieces""], ""correct"": null, ""answer_text"": null, ""category"": null, ""source_file"": ""261722955-Module-3.pdf"", ""source_module"": ""M3"", ""fmt"": ""pdf"", ""module"": ""M3"", ""difficulty"": ""MEDIUM""}"
M3,,,The poles of a d.c generator are laminated to,reduce hysterisis losses,reduce flux losses,reduce eddy current losses,,,EASY,,,,DRAFT,NEEDS_ANSWER — answer not provided in source; solve via Suntech corpus or admin review,1,261722955-Module-3.pdf,"{""raw"": ""755. The poles of a d.c generator are laminated to\na) reduce hysterisis losses\nb) reduce flux losses\nc) reduce eddy current losses"", ""question"": ""The poles of a d.c generator are laminated to"", ""options"": [""reduce hysterisis losses"", ""reduce flux losses"", ""reduce eddy current losses""], ""correct"": null, ""answer_text"": null, ""category"": null, ""source_file"": ""261722955-Module-3.pdf"", ""source_module"": ""M3"", ""fmt"": ""pdf"", ""module"": ""M3"", ""difficulty"": ""EASY""}"
M3,M3.03.03,,756. Which requires the most electrical power during operation?,A 12-volt motor requiring 8 amperes,Four 30-watt lamps in a 12-volt parallel circuit,Two lights requiring 3 amperes each in a 24-volt parallel system,,,MEDIUM,,,,DRAFT,NEEDS_ANSWER — answer not provided in source; solve via Suntech corpus or admin review,1,261722955-Module-3.pdf,"{""raw"": ""756. Which requires the most electrical power during operation?\na) A 12-volt motor requiring 8 amperes\nb) Four 30-watt lamps in a 12-volt parallel circuit\nc) Two lights requiring 3 amperes each in a 24-volt parallel system"", ""question"": ""756. Which requires the most electrical power during operation?"", ""options"": [""A 12-volt motor requiring 8 amperes"", ""Four 30-watt lamps in a 12-volt parallel circuit"", ""Two lights requiring 3 amperes each in a 24-volt parallel system""], ""correct"": null, ""answer_text"": null, ""category"": null, ""source_file"": ""261722955-Module-3.pdf"", ""source_module"": ""M3"", ""fmt"": ""pdf"", ""module"": ""M3"", ""syllabusRef"": ""M3.03.03"", ""level"": null, ""difficulty"": ""MEDIUM""}"
M3,M3.03.07,,A 47K Ohm resistor with a 10% tolerance has the following color code:,"Yellow, Violet, Orange, Silver","Orange, Violet, Red, Gold","Red, Orange, Yellow, Silver",,,MEDIUM,,,,DRAFT,NEEDS_ANSWER — answer not provided in source; solve via Suntech corpus or admin review,1,261722955-Module-3.pdf,"{""raw"": ""757. A 47K Ohm resistor with a 10% tolerance has the following color code:\na) Yellow, Violet, Orange, Silver\nb) Orange, Violet, Red, Gold\nc) Red, Orange, Yellow, Silver"", ""question"": ""A 47K Ohm resistor with a 10% tolerance has the following color code:"", ""options"": [""Yellow, Violet, Orange, Silver"", ""Orange, Violet, Red, Gold"", ""Red, Orange, Yellow, Silver""], ""correct"": null, ""answer_text"": null, ""category"": null, ""source_file"": ""261722955-Module-3.pdf"", ""source_module"": ""M3"", ""fmt"": ""pdf"", ""module"": ""M3"", ""syllabusRef"": ""M3.03.07"", ""level"": null, ""difficulty"": ""MEDIUM""}"
M3,M3.1.5,,758. For how many hours will a 140AH battery deliver 15A?,15.15 hours,9.33 hours,27.25 hours,,,MEDIUM,,,,DRAFT,NEEDS_ANSWER — answer not provided in source; solve via Suntech corpus or admin review,1,261722955-Module-3.pdf,"{""raw"": ""758. For how many hours will a 140AH battery deliver 15A?\na) 15.15 hours\nb) 9.33 hours\nc) 27.25 hours"", ""question"": ""758. For how many hours will a 140AH battery deliver 15A?"", ""options"": [""15.15 hours"", ""9.33 hours"", ""27.25 hours""], ""correct"": null, ""answer_text"": null, ""category"": null, ""source_file"": ""261722955-Module-3.pdf"", ""source_module"": ""M3"", ""fmt"": ""pdf"", ""module"": ""M3"", ""syllabusRef"": ""M3.1.5"", ""level"": null, ""difficulty"": ""MEDIUM""}"
M3,,,759. What part of a nickel-cadmium cell helps to prevent thermal runaway?,The positive plate,The negative plate,The separator,,,MEDIUM,,,,DRAFT,NEEDS_ANSWER — answer not provided in source; solve via Suntech corpus or admin review,1,261722955-Module-3.pdf,"{""raw"": ""759. What part of a nickel-cadmium cell helps to prevent thermal runaway?\na) The positive plate\nb) The negative plate\nc) The separator"", ""question"": ""759. What part of a nickel-cadmium cell helps to prevent thermal runaway?"", ""options"": [""The positive plate"", ""The negative plate"", ""The separator""], ""correct"": null, ""answer_text"": null, ""category"": null, ""source_file"": ""261722955-Module-3.pdf"", ""source_module"": ""M3"", ""fmt"": ""pdf"", ""module"": ""M3"", ""difficulty"": ""MEDIUM""}"
M3,M3.3.7(a),2,"When charging current is applied to a nickel-cadmium battery, the cells",toward the end of the charging cycle,when the electrolyte level is low,if the cells are defective,,,MEDIUM,,,,DRAFT,NEEDS_ANSWER — answer not provided in source; solve via Suntech corpus or admin review,1,261722955-Module-3.pdf,"{""raw"": ""760. When charging current is applied to a nickel-cadmium battery, the cells\nemit gas only\na) toward the end of the charging cycle\nb) when the electrolyte level is low\nc) if the cells are defective\nPage 94\nModule 3 – Electrical Fundamentals\nSample Questions"", ""question"": ""When charging current is applied to a nickel-cadmium battery, the cells"", ""options"": [""toward the end of the charging cycle"", ""when the electrolyte level is low"", ""if the cells are defective""], ""correct"": null, ""answer_text"": null, ""category"": null, ""source_file"": ""261722955-Module-3.pdf"", ""source_module"": ""M3"", ""fmt"": ""pdf"", ""module"": ""M3"", ""syllabusRef"": ""M3.3.7(a)"", ""level"": 2, ""difficulty"": ""MEDIUM""}"
M3,M3.03.08,,"Three capacitors connected in series, each having a value of 12",36 picofarads,12 picofarads,4 picofarads,,,MEDIUM,,,,DRAFT,NEEDS_ANSWER — answer not provided in source; solve via Suntech corpus or admin review,1,261722955-Module-3.pdf,"{""raw"": ""762. Three capacitors connected in series, each having a value of 12\npicofarads, calculate the total capacitance.\na) 36 picofarads\nb) 12 picofarads\nc) 4 picofarads"", ""question"": ""Three capacitors connected in series, each having a value of 12"", ""options"": [""36 picofarads"", ""12 picofarads"", ""4 picofarads""], ""correct"": null, ""answer_text"": null, ""category"": null, ""source_file"": ""261722955-Module-3.pdf"", ""source_module"": ""M3"", ""fmt"": ""pdf"", ""module"": ""M3"", ""syllabusRef"": ""M3.03.08"", ""level"": null, ""difficulty"": ""MEDIUM""}"
M3,,,Magnetic fields around two parallel conductors carrying current in the,attract,repel,will attract or repel depending on the type of current,,,MEDIUM,,,,DRAFT,NEEDS_ANSWER — answer not provided in source; solve via Suntech corpus or admin review,1,261722955-Module-3.pdf,"{""raw"": ""763. Magnetic fields around two parallel conductors carrying current in the\nsame directions will\na) attract\nb) repel\nc) will attract or repel depending on the type of current"", ""question"": ""Magnetic fields around two parallel conductors carrying current in the"", ""options"": [""attract"", ""repel"", ""will attract or repel depending on the type of current""], ""correct"": null, ""answer_text"": null, ""category"": null, ""source_file"": ""261722955-Module-3.pdf"", ""source_module"": ""M3"", ""fmt"": ""pdf"", ""module"": ""M3"", ""difficulty"": ""MEDIUM""}"
M3,M3.3.2,2,Magnetic field on a solenoid is,strongest outside the coil,weakest outside the coil,the same both inside and outside the coil,,,EASY,,,,DRAFT,NEEDS_ANSWER — answer not provided in source; solve via Suntech corpus or admin review,1,261722955-Module-3.pdf,"{""raw"": ""764. Magnetic field on a solenoid is\na) strongest outside the coil\nb) weakest outside the coil\nc) the same both inside and outside the coil"", ""question"": ""Magnetic field on a solenoid is"", ""options"": [""strongest outside the coil"", ""weakest outside the coil"", ""the same both inside and outside the coil""], ""correct"": null, ""answer_text"": null, ""category"": null, ""source_file"": ""261722955-Module-3.pdf"", ""source_module"": ""M3"", ""fmt"": ""pdf"", ""module"": ""M3"", ""syllabusRef"": ""M3.3.2"", ""level"": 2, ""difficulty"": ""EASY""}"
M3,,,766. What is the power factor in a purely resistive circuit?,Greater than 1,Less than 1 but greater than zero,Equal to 1,,,MEDIUM,,,,DRAFT,NEEDS_ANSWER — answer not provided in source; solve via Suntech corpus or admin review,1,261722955-Module-3.pdf,"{""raw"": ""766. What is the power factor in a purely resistive circuit?\na) Greater than 1\nb) Less than 1 but greater than zero\nc) Equal to 1"", ""question"": ""766. What is the power factor in a purely resistive circuit?"", ""options"": [""Greater than 1"", ""Less than 1 but greater than zero"", ""Equal to 1""], ""correct"": null, ""answer_text"": null, ""category"": null, ""source_file"": ""261722955-Module-3.pdf"", ""source_module"": ""M3"", ""fmt"": ""pdf"", ""module"": ""M3"", ""difficulty"": ""MEDIUM""}"
M3,,,One advantage of a DC motor over an AC motor is,the DC motor will use less current,the direction of rotation of the rotor can be changed,less voltage is required in DC than AC,,,EASY,,,,DRAFT,NEEDS_ANSWER — answer not provided in source; solve via Suntech corpus or admin review,1,261722955-Module-3.pdf,"{""raw"": ""767. One advantage of a DC motor over an AC motor is\na) the DC motor will use less current\nb) the direction of rotation of the rotor can be changed\nc) less voltage is required in DC than AC"", ""question"": ""One advantage of a DC motor over an AC motor is"", ""options"": [""the DC motor will use less current"", ""the direction of rotation of the rotor can be changed"", ""less voltage is required in DC than AC""], ""correct"": null, ""answer_text"": null, ""category"": null, ""source_file"": ""261722955-Module-3.pdf"", ""source_module"": ""M3"", ""fmt"": ""pdf"", ""module"": ""M3"", ""difficulty"": ""EASY""}"
M3,M3.3.2,2,A load that is subject to a potential difference with a current running,dissipate power in the form of heat,have a magnetic field around it with the magnitude and direction of the,will move in a,,,MEDIUM,,,,DRAFT,NEEDS_ANSWER — answer not provided in source; solve via Suntech corpus or admin review,1,261722955-Module-3.pdf,"{""raw"": ""768. A load that is subject to a potential difference with a current running\nthrough it will\na) dissipate power in the form of heat\nb) have a magnetic field around it with the magnitude and direction of the\nfield determined by the corkscrew rule\nc) will move in a"", ""question"": ""A load that is subject to a potential difference with a current running"", ""options"": [""dissipate power in the form of heat"", ""have a magnetic field around it with the magnitude and direction of the"", ""will move in a""], ""correct"": null, ""answer_text"": null, ""category"": null, ""source_file"": ""261722955-Module-3.pdf"", ""source_module"": ""M3"", ""fmt"": ""pdf"", ""module"": ""M3"", ""syllabusRef"": ""M3.3.2"", ""level"": 2, ""difficulty"": ""MEDIUM""}"
M3,,,In a shunt wound direct current,independent of load,propotional to the current in the armature,inversely proportional to the current in the armature,,,EASY,,,,DRAFT,NEEDS_ANSWER — answer not provided in source; solve via Suntech corpus or admin review,1,261722955-Module-3.pdf,"{""raw"": ""769. In a shunt wound direct current\na) independent of load\nb) propotional to the current in the armature\nc) inversely proportional to the current in the armature\nPage 95\nModule 3 – Electrical Fundamentals\nSample Questions"", ""question"": ""In a shunt wound direct current"", ""options"": [""independent of load"", ""propotional to the current in the armature"", ""inversely proportional to the current in the armature""], ""correct"": null, ""answer_text"": null, ""category"": null, ""source_file"": ""261722955-Module-3.pdf"", ""source_module"": ""M3"", ""fmt"": ""pdf"", ""module"": ""M3"", ""difficulty"": ""EASY""}"
M3,M3.03.07,,The power dissipated in a circuit with a known potential difference and,finding the current and multiplying the answer by the resistance,dividing the square of the potential difference by the resistance,multiplying the square of the potential difference by the resistance,,,MEDIUM,,,,DRAFT,NEEDS_ANSWER — answer not provided in source; solve via Suntech corpus or admin review,1,261722955-Module-3.pdf,"{""raw"": ""770. The power dissipated in a circuit with a known potential difference and\nresistance is calculated by\na) finding the current and multiplying the answer by the resistance\nb) dividing the square of the potential difference by the resistance\nc) multiplying the square of the potential difference by the resistance\nPage 96"", ""question"": ""The power dissipated in a circuit with a known potential difference and"", ""options"": [""finding the current and multiplying the answer by the resistance"", ""dividing the square of the potential difference by the resistance"", ""multiplying the square of the potential difference by the resistance""], ""correct"": null, ""answer_text"": null, ""category"": null, ""source_file"": ""261722955-Module-3.pdf"", ""source_module"": ""M3"", ""fmt"": ""pdf"", ""module"": ""M3"", ""syllabusRef"": ""M3.03.07"", ""level"": null, ""difficulty"": ""MEDIUM""}"
M3,,,Question 2: How is mass related to the amount of matter in an object?,Mass is independent of the amount of matter.,"The more matter in an object, the less mass it has.","The more matter in an object, the more mass it has.",,,MEDIUM,,,,DRAFT,NEEDS_ANSWER — answer not provided in source; solve via Suntech corpus or admin review,1,3.1.docx,"{""raw"": ""Question 2: How is mass related to the amount of matter in an object?\nA) Mass is independent of the amount of matter.\nB) The more matter in an object, the less mass it has.\nC) The more matter in an object, the more mass it has.\nQuestion 3:"", ""question"": ""Question 2: How is mass related to the amount of matter in an object?"", ""options"": [""Mass is independent of the amount of matter."", ""The more matter in an object, the less mass it has."", ""The more matter in an object, the more mass it has.""], ""correct"": null, ""answer_text"": null, ""category"": null, ""source_file"": ""3.1.docx"", ""source_module"": ""M3"", ""fmt"": ""docx"", ""module"": ""M3"", ""difficulty"": ""MEDIUM""}"
M3,M3.3.2,2,What is the difference between mass and weight?,"Mass is determined by gravity, while weight is the amount of matter.","Mass is the amount of matter, while weight is determined by how much something is pulled by gravity.",Mass and weight are the same.,,,EASY,,,,DRAFT,NEEDS_ANSWER — answer not provided in source; solve via Suntech corpus or admin review,1,3.1.docx,"{""raw"": ""What is the difference between mass and weight?\nA) Mass is determined by gravity, while weight is the amount of matter.\nB) Mass is the amount of matter, while weight is determined by how much something is pulled by gravity.\nC) Mass and weight are the same."", ""question"": ""What is the difference between mass and weight?"", ""options"": [""Mass is determined by gravity, while weight is the amount of matter."", ""Mass is the amount of matter, while weight is determined by how much something is pulled by gravity."", ""Mass and weight are the same.""], ""correct"": null, ""answer_text"": null, ""category"": null, ""source_file"": ""3.1.docx"", ""source_module"": ""M3"", ""fmt"": ""docx"", ""module"": ""M3"", ""syllabusRef"": ""M3.3.2"", ""level"": 2, ""difficulty"": ""EASY""}"
M3,,,"Question 4: How is mass indirectly determined, as described in the passage?",By measuring an object's volume.,By measuring the amount of matter in an object.,By measuring how much something is pulled by gravity.,,,MEDIUM,,,,DRAFT,NEEDS_ANSWER — answer not provided in source; solve via Suntech corpus or admin review,1,3.1.docx,"{""raw"": ""Question 4: How is mass indirectly determined, as described in the passage?\nA) By measuring an object's volume.\nB) By measuring the amount of matter in an object.\nC) By measuring how much something is pulled by gravity."", ""question"": ""Question 4: How is mass indirectly determined, as described in the passage?"", ""options"": [""By measuring an object's volume."", ""By measuring the amount of matter in an object."", ""By measuring how much something is pulled by gravity.""], ""correct"": null, ""answer_text"": null, ""category"": null, ""source_file"": ""3.1.docx"", ""source_module"": ""M3"", ""fmt"": ""docx"", ""module"": ""M3"", ""difficulty"": ""MEDIUM""}"
M3,M3.1.5,,"Question 5: For the purposes of the aircraft technician, which states of matter are considered?",Solids and gases,"Solids, liquids, and gases",Solids and plasma,,,MEDIUM,,,,DRAFT,NEEDS_ANSWER — answer not provided in source; solve via Suntech corpus or admin review,1,3.1.docx,"{""raw"": ""Question 5: For the purposes of the aircraft technician, which states of matter are considered?\nA) Solids and gases\nB) Solids, liquids, and gases\nC) Solids and plasma"", ""question"": ""Question 5: For the purposes of the aircraft technician, which states of matter are considered?"", ""options"": [""Solids and gases"", ""Solids, liquids, and gases"", ""Solids and plasma""], ""correct"": null, ""answer_text"": null, ""category"": null, ""source_file"": ""3.1.docx"", ""source_module"": ""M3"", ""fmt"": ""docx"", ""module"": ""M3"", ""syllabusRef"": ""M3.1.5"", ""level"": null, ""difficulty"": ""MEDIUM""}"
M3,M3.1.5,,Question 6: What is an element?,A substance that can be easily reduced to simpler forms.,A substance that can be transformed into other elements through chemical means.,A substance that cannot be reduced to a simpler form by chemical means.,,,EASY,,,,DRAFT,NEEDS_ANSWER — answer not provided in source; solve via Suntech corpus or admin review,1,3.1.docx,"{""raw"": ""Question 6: What is an element?\nA) A substance that can be easily reduced to simpler forms.\nB) A substance that can be transformed into other elements through chemical means.\nC) A substance that cannot be reduced to a simpler form by chemical means."", ""question"": ""Question 6: What is an element?"", ""options"": [""A substance that can be easily reduced to simpler forms."", ""A substance that can be transformed into other elements through chemical means."", ""A substance that cannot be reduced to a simpler form by chemical means.""], ""correct"": null, ""answer_text"": null, ""category"": null, ""source_file"": ""3.1.docx"", ""source_module"": ""M3"", ""fmt"": ""docx"", ""module"": ""M3"", ""syllabusRef"": ""M3.1.5"", ""level"": null, ""difficulty"": ""EASY""}"
M3,M3.1.5,,Question 7: Which of the following is NOT an example of an element mentioned in the passage?,Iron,Silver,Water,,,MEDIUM,,,,DRAFT,NEEDS_ANSWER — answer not provided in source; solve via Suntech corpus or admin review,1,3.1.docx,"{""raw"": ""Question 7: Which of the following is NOT an example of an element mentioned in the passage?\nA) Iron\nB) Silver\nC) Water"", ""question"": ""Question 7: Which of the following is NOT an example of an element mentioned in the passage?"", ""options"": [""Iron"", ""Silver"", ""Water""], ""correct"": null, ""answer_text"": null, ""category"": null, ""source_file"": ""3.1.docx"", ""source_module"": ""M3"", ""fmt"": ""docx"", ""module"": ""M3"", ""syllabusRef"": ""M3.1.5"", ""level"": null, ""difficulty"": ""MEDIUM""}"
M3,,,Question 8: What happens to an element when it reaches the point of reduction?,It becomes a compound.,It ceases to exist.,It remains the same element.,,,MEDIUM,,,,DRAFT,NEEDS_ANSWER — answer not provided in source; solve via Suntech corpus or admin review,1,3.1.docx,"{""raw"": ""Question 8: What happens to an element when it reaches the point of reduction?\nA) It becomes a compound.\nB) It ceases to exist.\nC) It remains the same element."", ""question"": ""Question 8: What happens to an element when it reaches the point of reduction?"", ""options"": [""It becomes a compound."", ""It ceases to exist."", ""It remains the same element.""], ""correct"": null, ""answer_text"": null, ""category"": null, ""source_file"": ""3.1.docx"", ""source_module"": ""M3"", ""fmt"": ""docx"", ""module"": ""M3"", ""difficulty"": ""MEDIUM""}"
M3,,,Question 10: What is a compound?,A chemical combination of two or more elements.,A single element.,A substance made up of only one type of atom.,,,EASY,,,,DRAFT,NEEDS_ANSWER — answer not provided in source; solve via Suntech corpus or admin review,1,3.1.docx,"{""raw"": ""Question 10: What is a compound?\nA) A chemical combination of two or more elements.\nB) A single element.\nC) A substance made up of only one type of atom."", ""question"": ""Question 10: What is a compound?"", ""options"": [""A chemical combination of two or more elements."", ""A single element."", ""A substance made up of only one type of atom.""], ""correct"": null, ""answer_text"": null, ""category"": null, ""source_file"": ""3.1.docx"", ""source_module"": ""M3"", ""fmt"": ""docx"", ""module"": ""M3"", ""difficulty"": ""EASY""}"
M3,M3.3.2,2,Question 11: What is the chemical composition of water?,Two hydrogen atoms and two oxygen atoms.,Two hydrogen atoms and one oxygen atom.,One hydrogen atom and one oxygen atom.,,,MEDIUM,,,,DRAFT,NEEDS_ANSWER — answer not provided in source; solve via Suntech corpus or admin review,1,3.1.docx,"{""raw"": ""Question 11: What is the chemical composition of water?\nA) Two hydrogen atoms and two oxygen atoms.\nB) Two hydrogen atoms and one oxygen atom.\nC) One hydrogen atom and one oxygen atom."", ""question"": ""Question 11: What is the chemical composition of water?"", ""options"": [""Two hydrogen atoms and two oxygen atoms."", ""Two hydrogen atoms and one oxygen atom."", ""One hydrogen atom and one oxygen atom.""], ""correct"": null, ""answer_text"": null, ""category"": null, ""source_file"": ""3.1.docx"", ""source_module"": ""M3"", ""fmt"": ""docx"", ""module"": ""M3"", ""syllabusRef"": ""M3.3.2"", ""level"": 2, ""difficulty"": ""MEDIUM""}"
M3,M3.1.5,,Question 12: Which of the following is an example of a compound?,Oxygen,Hydrogen,Water,,,MEDIUM,,,,DRAFT,NEEDS_ANSWER — answer not provided in source; solve via Suntech corpus or admin review,1,3.1.docx,"{""raw"": ""Question 12: Which of the following is an example of a compound?\nA) Oxygen\nB) Hydrogen\nC) Water"", ""question"": ""Question 12: Which of the following is an example of a compound?"", ""options"": [""Oxygen"", ""Hydrogen"", ""Water""], ""correct"": null, ""answer_text"": null, ""category"": null, ""source_file"": ""3.1.docx"", ""source_module"": ""M3"", ""fmt"": ""docx"", ""module"": ""M3"", ""syllabusRef"": ""M3.1.5"", ""level"": null, ""difficulty"": ""MEDIUM""}"
M3,M3.3.2,2,Question 13: What is the definition of a molecule?,The smallest particle of matter that can exist but does not retain its identity.,The smallest particle of matter that can exist and still retain its identity.,A combination of two or more elements.,,,MEDIUM,,,,DRAFT,NEEDS_ANSWER — answer not provided in source; solve via Suntech corpus or admin review,1,3.1.docx,"{""raw"": ""Question 13: What is the definition of a molecule?\nA) The smallest particle of matter that can exist but does not retain its identity.\nB) The smallest particle of matter that can exist and still retain its identity.\nC) A combination of two or more elements."", ""question"": ""Question 13: What is the definition of a molecule?"", ""options"": [""The smallest particle of matter that can exist but does not retain its identity."", ""The smallest particle of matter that can exist and still retain its identity."", ""A combination of two or more elements.""], ""correct"": null, ""answer_text"": null, ""category"": null, ""source_file"": ""3.1.docx"", ""source_module"": ""M3"", ""fmt"": ""docx"", ""module"": ""M3"", ""syllabusRef"": ""M3.3.2"", ""level"": 2, ""difficulty"": ""MEDIUM""}"
M3,M3.1.5,,"Question 14: What is the term for substances composed of only one type of atom, according to the passage?",Molecules,Compounds,Elements,,,MEDIUM,,,,DRAFT,NEEDS_ANSWER — answer not provided in source; solve via Suntech corpus or admin review,1,3.1.docx,"{""raw"": ""Question 14: What is the term for substances composed of only one type of atom, according to the passage?\nA) Molecules\nB) Compounds\nC) Elements"", ""question"": ""Question 14: What is the term for substances composed of only one type of atom, according to the passage?"", ""options"": [""Molecules"", ""Compounds"", ""Elements""], ""correct"": null, ""answer_text"": null, ""category"": null, ""source_file"": ""3.1.docx"", ""source_module"": ""M3"", ""fmt"": ""docx"", ""module"": ""M3"", ""syllabusRef"": ""M3.1.5"", ""level"": null, ""difficulty"": ""MEDIUM""}"
M3,M3.3.2,2,Question 15: What would happen to water if it were compounded of one atom of hydrogen and two atoms of oxygen?,It would remain the same.,It would no longer retain its characteristics as water.,It would become a different compound.,,,MEDIUM,,,,DRAFT,NEEDS_ANSWER — answer not provided in source; solve via Suntech corpus or admin review,1,3.1.docx,"{""raw"": ""Question 15: What would happen to water if it were compounded of one atom of hydrogen and two atoms of oxygen?\nA) It would remain the same.\nB) It would no longer retain its characteristics as water.\nC) It would become a different compound."", ""question"": ""Question 15: What would happen to water if it were compounded of one atom of hydrogen and two atoms of oxygen?"", ""options"": [""It would remain the same."", ""It would no longer retain its characteristics as water."", ""It would become a different compound.""], ""correct"": null, ""answer_text"": null, ""category"": null, ""source_file"": ""3.1.docx"", ""source_module"": ""M3"", ""fmt"": ""docx"", ""module"": ""M3"", ""syllabusRef"": ""M3.3.2"", ""level"": 2, ""difficulty"": ""MEDIUM""}"
M3,,,Question 16: What happens to a drop of water when it is divided repeatedly?,It turns into a different substance.,It becomes smaller but still retains its identity as water.,It cannot be divided any longer.,,,MEDIUM,,,,DRAFT,NEEDS_ANSWER — answer not provided in source; solve via Suntech corpus or admin review,1,3.1.docx,"{""raw"": ""Question 16: What happens to a drop of water when it is divided repeatedly?\nA) It turns into a different substance.\nB) It becomes smaller but still retains its identity as water.\nC) It cannot be divided any longer."", ""question"": ""Question 16: What happens to a drop of water when it is divided repeatedly?"", ""options"": [""It turns into a different substance."", ""It becomes smaller but still retains its identity as water."", ""It cannot be divided any longer.""], ""correct"": null, ""answer_text"": null, ""category"": null, ""source_file"": ""3.1.docx"", ""source_module"": ""M3"", ""fmt"": ""docx"", ""module"": ""M3"", ""difficulty"": ""MEDIUM""}"
M3,,,Question 17: What is considered the most basic building block of all matter?,Protons,Electrons,Atoms,,,MEDIUM,,,,DRAFT,NEEDS_ANSWER — answer not provided in source; solve via Suntech corpus or admin review,1,3.1.docx,"{""raw"": ""Question 17: What is considered the most basic building block of all matter?\nA) Protons\nB) Electrons\nC) Atoms"", ""question"": ""Question 17: What is considered the most basic building block of all matter?"", ""options"": [""Protons"", ""Electrons"", ""Atoms""], ""correct"": null, ""answer_text"": null, ""category"": null, ""source_file"": ""3.1.docx"", ""source_module"": ""M3"", ""fmt"": ""docx"", ""module"": ""M3"", ""difficulty"": ""MEDIUM""}"
M3,M3.3.2,2,Question 18: What are the three subatomic particles that compose an atom?,"Electrons, protons, and photons.","Neutrons, electrons, and positrons.","Protons, neutrons, and electrons.",,,MEDIUM,,,,DRAFT,NEEDS_ANSWER — answer not provided in source; solve via Suntech corpus or admin review,1,3.1.docx,"{""raw"": ""Question 18: What are the three subatomic particles that compose an atom?\nA) Electrons, protons, and photons.\nB) Neutrons, electrons, and positrons.\nC) Protons, neutrons, and electrons."", ""question"": ""Question 18: What are the three subatomic particles that compose an atom?"", ""options"": [""Electrons, protons, and photons."", ""Neutrons, electrons, and positrons."", ""Protons, neutrons, and electrons.""], ""correct"": null, ""answer_text"": null, ""category"": null, ""source_file"": ""3.1.docx"", ""source_module"": ""M3"", ""fmt"": ""docx"", ""module"": ""M3"", ""syllabusRef"": ""M3.3.2"", ""level"": 2, ""difficulty"": ""MEDIUM""}"
M3,M3.3.2,2,Question 19: What determines the properties of specific atoms?,The number of electrons.,The number of neutrons.,"The number of protons, neutrons, and electrons.",,,MEDIUM,,,,DRAFT,NEEDS_ANSWER — answer not provided in source; solve via Suntech corpus or admin review,1,3.1.docx,"{""raw"": ""Question 19: What determines the properties of specific atoms?\nA) The number of electrons.\nB) The number of neutrons.\nC) The number of protons, neutrons, and electrons.\nQuestion 20:"", ""question"": ""Question 19: What determines the properties of specific atoms?"", ""options"": [""The number of electrons."", ""The number of neutrons."", ""The number of protons, neutrons, and electrons.""], ""correct"": null, ""answer_text"": null, ""category"": null, ""source_file"": ""3.1.docx"", ""source_module"": ""M3"", ""fmt"": ""docx"", ""module"": ""M3"", ""syllabusRef"": ""M3.3.2"", ""level"": 2, ""difficulty"": ""MEDIUM""}"
M3,M3.3.2,2,What is the main property that defines each element?,The number of protons.,The number of neutrons.,"The number of protons, neutrons, and electrons.",,,MEDIUM,,,,DRAFT,NEEDS_ANSWER — answer not provided in source; solve via Suntech corpus or admin review,1,3.1.docx,"{""raw"": ""What is the main property that defines each element?\nA) The number of protons.\nB) The number of neutrons.\nC) The number of protons, neutrons, and electrons.\nQuestion 21:"", ""question"": ""What is the main property that defines each element?"", ""options"": [""The number of protons."", ""The number of neutrons."", ""The number of protons, neutrons, and electrons.""], ""correct"": null, ""answer_text"": null, ""category"": null, ""source_file"": ""3.1.docx"", ""source_module"": ""M3"", ""fmt"": ""docx"", ""module"": ""M3"", ""syllabusRef"": ""M3.3.2"", ""level"": 2, ""difficulty"": ""MEDIUM""}"
M3,M3.3.2,2,How do hydrogen and helium differ from each other in terms of their atomic properties?,"They have the same number of neutrons, protons, and electrons.","They have different numbers of neutrons, protons, and electrons.",They both lack neutrons.,,,MEDIUM,,,,DRAFT,NEEDS_ANSWER — answer not provided in source; solve via Suntech corpus or admin review,1,3.1.docx,"{""raw"": ""How do hydrogen and helium differ from each other in terms of their atomic properties?\nA) They have the same number of neutrons, protons, and electrons.\nB) They have different numbers of neutrons, protons, and electrons.\nC) They both lack neutrons.\nQuestion 22:"", ""question"": ""How do hydrogen and helium differ from each other in terms of their atomic properties?"", ""options"": [""They have the same number of neutrons, protons, and electrons."", ""They have different numbers of neutrons, protons, and electrons."", ""They both lack neutrons.""], ""correct"": null, ""answer_text"": null, ""category"": null, ""source_file"": ""3.1.docx"", ""source_module"": ""M3"", ""fmt"": ""docx"", ""module"": ""M3"", ""syllabusRef"": ""M3.3.2"", ""level"": 2, ""difficulty"": ""MEDIUM""}"
M3,,,How are elements categorized in the periodic table?,Alphabetically.,According to their atomic number.,According to their chemical reactions.,,,MEDIUM,,,,DRAFT,NEEDS_ANSWER — answer not provided in source; solve via Suntech corpus or admin review,1,3.1.docx,"{""raw"": ""How are elements categorized in the periodic table?\nA) Alphabetically.\nB) According to their atomic number.\nC) According to their chemical reactions."", ""question"": ""How are elements categorized in the periodic table?"", ""options"": [""Alphabetically."", ""According to their atomic number."", ""According to their chemical reactions.""], ""correct"": null, ""answer_text"": null, ""category"": null, ""source_file"": ""3.1.docx"", ""source_module"": ""M3"", ""fmt"": ""docx"", ""module"": ""M3"", ""difficulty"": ""MEDIUM""}"
M3,M3.3.1,1,"Question 23: According to the kinetic theory of matter, what is the behaviour of the particles that make up matter?",They are stationary.,They are always moving.,They only move in a vacuum.,,,MEDIUM,,,,DRAFT,NEEDS_ANSWER — answer not provided in source; solve via Suntech corpus or admin review,1,3.1.docx,"{""raw"": ""Question 23: According to the kinetic theory of matter, what is the behaviour of the particles that make up matter?\nA) They are stationary.\nB) They are always moving.\nC) They only move in a vacuum."", ""question"": ""Question 23: According to the kinetic theory of matter, what is the behaviour of the particles that make up matter?"", ""options"": [""They are stationary."", ""They are always moving."", ""They only move in a vacuum.""], ""correct"": null, ""answer_text"": null, ""category"": null, ""source_file"": ""3.1.docx"", ""source_module"": ""M3"", ""fmt"": ""docx"", ""module"": ""M3"", ""syllabusRef"": ""M3.3.1"", ""level"": 1, ""difficulty"": ""MEDIUM""}"
M3,M3.3.1,1,Question 24: Why does matter contract when it is cool and expand when it is hot?,Because of thermal expansion.,Because of chemical reactions.,Because of the kinetic theory.,,,MEDIUM,,,,DRAFT,NEEDS_ANSWER — answer not provided in source; solve via Suntech corpus or admin review,1,3.1.docx,"{""raw"": ""Question 24: Why does matter contract when it is cool and expand when it is hot?\nA) Because of thermal expansion.\nB) Because of chemical reactions.\nC) Because of the kinetic theory."", ""question"": ""Question 24: Why does matter contract when it is cool and expand when it is hot?"", ""options"": [""Because of thermal expansion."", ""Because of chemical reactions."", ""Because of the kinetic theory.""], ""correct"": null, ""answer_text"": null, ""category"": null, ""source_file"": ""3.1.docx"", ""source_module"": ""M3"", ""fmt"": ""docx"", ""module"": ""M3"", ""syllabusRef"": ""M3.3.1"", ""level"": 1, ""difficulty"": ""MEDIUM""}"
M3,M3.3.1,1,Question 25: Where are protons and neutrons primarily located within the atom?,In the outer electron shells,In the nucleus,In the electron cloud,,,MEDIUM,,,,DRAFT,NEEDS_ANSWER — answer not provided in source; solve via Suntech corpus or admin review,1,3.1.docx,"{""raw"": ""Question 25: Where are protons and neutrons primarily located within the atom?\nA) In the outer electron shells\nB) In the nucleus\nC) In the electron cloud"", ""question"": ""Question 25: Where are protons and neutrons primarily located within the atom?"", ""options"": [""In the outer electron shells"", ""In the nucleus"", ""In the electron cloud""], ""correct"": null, ""answer_text"": null, ""category"": null, ""source_file"": ""3.1.docx"", ""source_module"": ""M3"", ""fmt"": ""docx"", ""module"": ""M3"", ""syllabusRef"": ""M3.3.1"", ""level"": 1, ""difficulty"": ""MEDIUM""}"
M3,M3.1.5,,Question 26: Which subatomic particle is described as having a neutrally charged particle?,Protons,Electrons,Neutrons,,,MEDIUM,,,,DRAFT,NEEDS_ANSWER — answer not provided in source; solve via Suntech corpus or admin review,1,3.1.docx,"{""raw"": ""Question 26: Which subatomic particle is described as having a neutrally charged particle?\nA) Protons\nB) Electrons\nC) Neutrons"", ""question"": ""Question 26: Which subatomic particle is described as having a neutrally charged particle?"", ""options"": [""Protons"", ""Electrons"", ""Neutrons""], ""correct"": null, ""answer_text"": null, ""category"": null, ""source_file"": ""3.1.docx"", ""source_module"": ""M3"", ""fmt"": ""docx"", ""module"": ""M3"", ""syllabusRef"": ""M3.1.5"", ""level"": null, ""difficulty"": ""MEDIUM""}"
M3,M3.3.1,1,Question 27: What is the relative mass comparison between a proton and an electron?,The mass of a proton is greater.,The mass of an electron is greater.,The mass of a proton and an electron is approximately the same.,,,MEDIUM,,,,DRAFT,NEEDS_ANSWER — answer not provided in source; solve via Suntech corpus or admin review,1,3.1.docx,"{""raw"": ""Question 27: What is the relative mass comparison between a proton and an electron?\nA) The mass of a proton is greater.\nB) The mass of an electron is greater.\nC) The mass of a proton and an electron is approximately the same."", ""question"": ""Question 27: What is the relative mass comparison between a proton and an electron?"", ""options"": [""The mass of a proton is greater."", ""The mass of an electron is greater."", ""The mass of a proton and an electron is approximately the same.""], ""correct"": null, ""answer_text"": null, ""category"": null, ""source_file"": ""3.1.docx"", ""source_module"": ""M3"", ""fmt"": ""docx"", ""module"": ""M3"", ""syllabusRef"": ""M3.3.1"", ""level"": 1, ""difficulty"": ""MEDIUM""}"
M3,M3.1.5,,Question 28: Why is it the electron that undergoes changes during chemical reactions?,Because electrons change their mass.,Because electrons change their charge.,Because electrons change their location in the atom.,,,MEDIUM,,,,DRAFT,NEEDS_ANSWER — answer not provided in source; solve via Suntech corpus or admin review,1,3.1.docx,"{""raw"": ""Question 28: Why is it the electron that undergoes changes during chemical reactions?\nA) Because electrons change their mass.\nB) Because electrons change their charge.\nC) Because electrons change their location in the atom."", ""question"": ""Question 28: Why is it the electron that undergoes changes during chemical reactions?"", ""options"": [""Because electrons change their mass."", ""Because electrons change their charge."", ""Because electrons change their location in the atom.""], ""correct"": null, ""answer_text"": null, ""category"": null, ""source_file"": ""3.1.docx"", ""source_module"": ""M3"", ""fmt"": ""docx"", ""module"": ""M3"", ""syllabusRef"": ""M3.1.5"", ""level"": null, ""difficulty"": ""MEDIUM""}"
M3,M3.3.2,2,Question 29: What determines the overall weight of an atom?,The number of electrons,The number of protons,The number of protons and neutrons in the nucleus,,,MEDIUM,,,,DRAFT,NEEDS_ANSWER — answer not provided in source; solve via Suntech corpus or admin review,1,3.1.docx,"{""raw"": ""Question 29: What determines the overall weight of an atom?\nA) The number of electrons\nB) The number of protons\nC) The number of protons and neutrons in the nucleus"", ""question"": ""Question 29: What determines the overall weight of an atom?"", ""options"": [""The number of electrons"", ""The number of protons"", ""The number of protons and neutrons in the nucleus""], ""correct"": null, ""answer_text"": null, ""category"": null, ""source_file"": ""3.1.docx"", ""source_module"": ""M3"", ""fmt"": ""docx"", ""module"": ""M3"", ""syllabusRef"": ""M3.3.2"", ""level"": 2, ""difficulty"": ""MEDIUM""}"
M3,,,"Question 30: In the context of determining the weight of an atom, what is not considered?",The weight of electrons,The weight of protons,The weight of neutrons,,,MEDIUM,,,,DRAFT,NEEDS_ANSWER — answer not provided in source; solve via Suntech corpus or admin review,1,3.1.docx,"{""raw"": ""Question 30: In the context of determining the weight of an atom, what is not considered?\nA) The weight of electrons \nB) The weight of protons\nC) The weight of neutrons"", ""question"": ""Question 30: In the context of determining the weight of an atom, what is not considered?"", ""options"": [""The weight of electrons"", ""The weight of protons"", ""The weight of neutrons""], ""correct"": null, ""answer_text"": null, ""category"": null, ""source_file"": ""3.1.docx"", ""source_module"": ""M3"", ""fmt"": ""docx"", ""module"": ""M3"", ""difficulty"": ""MEDIUM""}"
M3,M3.03.04,,Question 31: What remains uncertain about the nature of electricity?,The charge of electrons,The charge of protons,Whether electrons have mass,,,MEDIUM,,,,DRAFT,NEEDS_ANSWER — answer not provided in source; solve via Suntech corpus or admin review,1,3.1.docx,"{""raw"": ""Question 31: What remains uncertain about the nature of electricity?\nA) The charge of electrons\nB) The charge of protons\nC) Whether electrons have mass"", ""question"": ""Question 31: What remains uncertain about the nature of electricity?"", ""options"": [""The charge of electrons"", ""The charge of protons"", ""Whether electrons have mass""], ""correct"": null, ""answer_text"": null, ""category"": null, ""source_file"": ""3.1.docx"", ""source_module"": ""M3"", ""fmt"": ""docx"", ""module"": ""M3"", ""syllabusRef"": ""M3.03.04"", ""level"": null, ""difficulty"": ""MEDIUM""}"
M3,M3.1.5,,Question 32: Which atom represents the simplest form?,Helium,Oxygen,Hydrogen,,,MEDIUM,,,,DRAFT,NEEDS_ANSWER — answer not provided in source; solve via Suntech corpus or admin review,1,3.1.docx,"{""raw"": ""Question 32: Which atom represents the simplest form?\nA) Helium\nB) Oxygen\nC) Hydrogen"", ""question"": ""Question 32: Which atom represents the simplest form?"", ""options"": [""Helium"", ""Oxygen"", ""Hydrogen""], ""correct"": null, ""answer_text"": null, ""category"": null, ""source_file"": ""3.1.docx"", ""source_module"": ""M3"", ""fmt"": ""docx"", ""module"": ""M3"", ""syllabusRef"": ""M3.1.5"", ""level"": null, ""difficulty"": ""MEDIUM""}"
M3,M3.3.2,2,Question 33: When is an atom said to have a neutral charge?,When there are no electrons in the atom.,When the total positive charge of protons equals the total negative charge of electrons.,When the atom has an equal number of protons and neutrons.,,,MEDIUM,,,,DRAFT,NEEDS_ANSWER — answer not provided in source; solve via Suntech corpus or admin review,1,3.1.docx,"{""raw"": ""Question 33: When is an atom said to have a neutral charge?\nA) When there are no electrons in the atom.\nB) When the total positive charge of protons equals the total negative charge of electrons.\nC) When the atom has an equal number of protons and neutrons."", ""question"": ""Question 33: When is an atom said to have a neutral charge?"", ""options"": [""When there are no electrons in the atom."", ""When the total positive charge of protons equals the total negative charge of electrons."", ""When the atom has an equal number of protons and neutrons.""], ""correct"": null, ""answer_text"": null, ""category"": null, ""source_file"": ""3.1.docx"", ""source_module"": ""M3"", ""fmt"": ""docx"", ""module"": ""M3"", ""syllabusRef"": ""M3.3.2"", ""level"": 2, ""difficulty"": ""MEDIUM""}"
M3,M3.3.07(a),,Question 34: What determines the radius of an electron's orbit?,Its kinetic energy,Its potential energy,Its total energy,,,MEDIUM,,,,DRAFT,NEEDS_ANSWER — answer not provided in source; solve via Suntech corpus or admin review,1,3.1.docx,"{""raw"": ""Question 34: What determines the radius of an electron's orbit?\nA) Its kinetic energy\nB) Its potential energy\nC) Its total energy"", ""question"": ""Question 34: What determines the radius of an electron's orbit?"", ""options"": [""Its kinetic energy"", ""Its potential energy"", ""Its total energy""], ""correct"": null, ""answer_text"": null, ""category"": null, ""source_file"": ""3.1.docx"", ""source_module"": ""M3"", ""fmt"": ""docx"", ""module"": ""M3"", ""syllabusRef"": ""M3.3.07(a)"", ""level"": null, ""difficulty"": ""MEDIUM""}"
M3,M3.3.1,1,Question 35: What do we call the specific quantity of energy required to keep an electron in orbit?,Kinetic energy,Potential energy,Energy level,,,MEDIUM,,,,DRAFT,NEEDS_ANSWER — answer not provided in source; solve via Suntech corpus or admin review,1,3.1.docx,"{""raw"": ""Question 35: What do we call the specific quantity of energy required to keep an electron in orbit?\nA) Kinetic energy\nB) Potential energy\nC) Energy level"", ""question"": ""Question 35: What do we call the specific quantity of energy required to keep an electron in orbit?"", ""options"": [""Kinetic energy"", ""Potential energy"", ""Energy level""], ""correct"": null, ""answer_text"": null, ""category"": null, ""source_file"": ""3.1.docx"", ""source_module"": ""M3"", ""fmt"": ""docx"", ""module"": ""M3"", ""syllabusRef"": ""M3.3.1"", ""level"": 1, ""difficulty"": ""MEDIUM""}"
M3,M3.3.1,1,Question 36: Why are certain energy levels grouped together into electron shells?,To determine the chemical properties of elements,To catalogue the elements,To create electron configurations,,,MEDIUM,,,,DRAFT,NEEDS_ANSWER — answer not provided in source; solve via Suntech corpus or admin review,1,3.1.docx,"{""raw"": ""Question 36: Why are certain energy levels grouped together into electron shells?\nA) To determine the chemical properties of elements\nB) To catalogue the elements\nC) To create electron configurations"", ""question"": ""Question 36: Why are certain energy levels grouped together into electron shells?"", ""options"": [""To determine the chemical properties of elements"", ""To catalogue the elements"", ""To create electron configurations""], ""correct"": null, ""answer_text"": null, ""category"": null, ""source_file"": ""3.1.docx"", ""source_module"": ""M3"", ""fmt"": ""docx"", ""module"": ""M3"", ""syllabusRef"": ""M3.3.1"", ""level"": 1, ""difficulty"": ""MEDIUM""}"
M3,M3.1.5,,Question 37: What is the maximum number of electrons that can be contained in the second shell?,2,8,18,,,MEDIUM,,,,DRAFT,NEEDS_ANSWER — answer not provided in source; solve via Suntech corpus or admin review,1,3.1.docx,"{""raw"": ""Question 37: What is the maximum number of electrons that can be contained in the second shell?\nA) 2\nB) 8\nC) 18"", ""question"": ""Question 37: What is the maximum number of electrons that can be contained in the second shell?"", ""options"": [""2"", ""8"", ""18""], ""correct"": null, ""answer_text"": null, ""category"": null, ""source_file"": ""3.1.docx"", ""source_module"": ""M3"", ""fmt"": ""docx"", ""module"": ""M3"", ""syllabusRef"": ""M3.1.5"", ""level"": null, ""difficulty"": ""MEDIUM""}"
M3,M3.3.07(a),,Question 38: How many energy levels are there in the heaviest atoms?,3,6,7,,,MEDIUM,,,,DRAFT,NEEDS_ANSWER — answer not provided in source; solve via Suntech corpus or admin review,1,3.1.docx,"{""raw"": ""Question 38: How many energy levels are there in the heaviest atoms?\nA) 3\nB) 6 \nC) 7"", ""question"": ""Question 38: How many energy levels are there in the heaviest atoms?"", ""options"": [""3"", ""6"", ""7""], ""correct"": null, ""answer_text"": null, ""category"": null, ""source_file"": ""3.1.docx"", ""source_module"": ""M3"", ""fmt"": ""docx"", ""module"": ""M3"", ""syllabusRef"": ""M3.3.07(a)"", ""level"": null, ""difficulty"": ""MEDIUM""}"
M3,M3.3.1,1,Question 39: How does the filling of electron shells typically occur in atoms?,From the outermost shell to the innermost shell,From the innermost shell to the outermost shell,Randomly,,,MEDIUM,,,,DRAFT,NEEDS_ANSWER — answer not provided in source; solve via Suntech corpus or admin review,1,3.1.docx,"{""raw"": ""Question 39: How does the filling of electron shells typically occur in atoms?\nA) From the outermost shell to the innermost shell\nB) From the innermost shell to the outermost shell\nC) Randomly"", ""question"": ""Question 39: How does the filling of electron shells typically occur in atoms?"", ""options"": [""From the outermost shell to the innermost shell"", ""From the innermost shell to the outermost shell"", ""Randomly""], ""correct"": null, ""answer_text"": null, ""category"": null, ""source_file"": ""3.1.docx"", ""source_module"": ""M3"", ""fmt"": ""docx"", ""module"": ""M3"", ""syllabusRef"": ""M3.3.1"", ""level"": 1, ""difficulty"": ""MEDIUM""}"
M3,M3.3.7(a),2,Question 40: When does an energy level start to fill up with electrons?,Only when the previous energy level is completely filled,Immediately upon reaching its capacity,After the outermost shell is filled,,,MEDIUM,,,,DRAFT,NEEDS_ANSWER — answer not provided in source; solve via Suntech corpus or admin review,1,3.1.docx,"{""raw"": ""Question 40: When does an energy level start to fill up with electrons?\nA) Only when the previous energy level is completely filled\nB) Immediately upon reaching its capacity\nC) After the outermost shell is filled"", ""question"": ""Question 40: When does an energy level start to fill up with electrons?"", ""options"": [""Only when the previous energy level is completely filled"", ""Immediately upon reaching its capacity"", ""After the outermost shell is filled""], ""correct"": null, ""answer_text"": null, ""category"": null, ""source_file"": ""3.1.docx"", ""source_module"": ""M3"", ""fmt"": ""docx"", ""module"": ""M3"", ""syllabusRef"": ""M3.3.7(a)"", ""level"": 2, ""difficulty"": ""MEDIUM""}"
M3,M3.3.1,1,Question 41: Where can you find information about an element's electron configuration?,In a chemistry textbook,In the electron shell diagram,In the Periodic Table of Elements,,,MEDIUM,,,,DRAFT,NEEDS_ANSWER — answer not provided in source; solve via Suntech corpus or admin review,1,3.1.docx,"{""raw"": ""Question 41: Where can you find information about an element's electron configuration?\nA) In a chemistry textbook\nB) In the electron shell diagram\nC) In the Periodic Table of Elements"", ""question"": ""Question 41: Where can you find information about an element's electron configuration?"", ""options"": [""In a chemistry textbook"", ""In the electron shell diagram"", ""In the Periodic Table of Elements""], ""correct"": null, ""answer_text"": null, ""category"": null, ""source_file"": ""3.1.docx"", ""source_module"": ""M3"", ""fmt"": ""docx"", ""module"": ""M3"", ""syllabusRef"": ""M3.3.1"", ""level"": 1, ""difficulty"": ""MEDIUM""}"
M3,,,Question 42: What does valence represent in terms of an atom's chemistry?,The number of electrons in the nucleus,The number of chemical bonds an atom can form,The atomic number of the element,,,MEDIUM,,,,DRAFT,NEEDS_ANSWER — answer not provided in source; solve via Suntech corpus or admin review,1,3.1.docx,"{""raw"": ""Question 42: What does valence represent in terms of an atom's chemistry?\nA) The number of electrons in the nucleus\nB) The number of chemical bonds an atom can form\nC) The atomic number of the element"", ""question"": ""Question 42: What does valence represent in terms of an atom's chemistry?"", ""options"": [""The number of electrons in the nucleus"", ""The number of chemical bonds an atom can form"", ""The atomic number of the element""], ""correct"": null, ""answer_text"": null, ""category"": null, ""source_file"": ""3.1.docx"", ""source_module"": ""M3"", ""fmt"": ""docx"", ""module"": ""M3"", ""difficulty"": ""MEDIUM""}"
M3,M3.1.5,,Question 43: What are valence electrons?,Electrons in the innermost shell,Electrons that can participate in chemical bonds,Electrons in the nucleus,,,EASY,,,,DRAFT,NEEDS_ANSWER — answer not provided in source; solve via Suntech corpus or admin review,1,3.1.docx,"{""raw"": ""Question 43: What are valence electrons?\nA) Electrons in the innermost shell\nB) Electrons that can participate in chemical bonds\nC) Electrons in the nucleus"", ""question"": ""Question 43: What are valence electrons?"", ""options"": [""Electrons in the innermost shell"", ""Electrons that can participate in chemical bonds"", ""Electrons in the nucleus""], ""correct"": null, ""answer_text"": null, ""category"": null, ""source_file"": ""3.1.docx"", ""source_module"": ""M3"", ""fmt"": ""docx"", ""module"": ""M3"", ""syllabusRef"": ""M3.1.5"", ""level"": null, ""difficulty"": ""EASY""}"
M3,,,Question 44: What is the determining factor in an atom's valence?,The number of electrons in the nucleus,The number of protons,The number of electrons in the outermost shell,,,MEDIUM,,,,DRAFT,NEEDS_ANSWER — answer not provided in source; solve via Suntech corpus or admin review,1,3.1.docx,"{""raw"": ""Question 44: What is the determining factor in an atom's valence?\nA) The number of electrons in the nucleus\nB) The number of protons\nC) The number of electrons in the outermost shell"", ""question"": ""Question 44: What is the determining factor in an atom's valence?"", ""options"": [""The number of electrons in the nucleus"", ""The number of protons"", ""The number of electrons in the outermost shell""], ""correct"": null, ""answer_text"": null, ""category"": null, ""source_file"": ""3.1.docx"", ""source_module"": ""M3"", ""fmt"": ""docx"", ""module"": ""M3"", ""difficulty"": ""MEDIUM""}"
M3,,,Question 45: What is ionization in the context of atoms?,The process of converting atoms into molecules,The process of an atom losing or gaining electrons,The process of breaking an atom apart,,,MEDIUM,,,,DRAFT,NEEDS_ANSWER — answer not provided in source; solve via Suntech corpus or admin review,1,3.1.docx,"{""raw"": ""Question 45: What is ionization in the context of atoms?\nA) The process of converting atoms into molecules\nB) The process of an atom losing or gaining electrons\nC) The process of breaking an atom apart"", ""question"": ""Question 45: What is ionization in the context of atoms?"", ""options"": [""The process of converting atoms into molecules"", ""The process of an atom losing or gaining electrons"", ""The process of breaking an atom apart""], ""correct"": null, ""answer_text"": null, ""category"": null, ""source_file"": ""3.1.docx"", ""source_module"": ""M3"", ""fmt"": ""docx"", ""module"": ""M3"", ""difficulty"": ""MEDIUM""}"
M3,M3.3.1,1,Question 46: What happens to an atom when it loses an electron?,It becomes negatively charged.,It becomes positively charged.,It remains neutral.,,,MEDIUM,,,,DRAFT,NEEDS_ANSWER — answer not provided in source; solve via Suntech corpus or admin review,1,3.1.docx,"{""raw"": ""Question 46: What happens to an atom when it loses an electron?\nA) It becomes negatively charged.\nB) It becomes positively charged.\nC) It remains neutral."", ""question"": ""Question 46: What happens to an atom when it loses an electron?"", ""options"": [""It becomes negatively charged."", ""It becomes positively charged."", ""It remains neutral.""], ""correct"": null, ""answer_text"": null, ""category"": null, ""source_file"": ""3.1.docx"", ""source_module"": ""M3"", ""fmt"": ""docx"", ""module"": ""M3"", ""syllabusRef"": ""M3.3.1"", ""level"": 1, ""difficulty"": ""MEDIUM""}"
M3,M3.1.5,,Question 47: What is the term for a net positively charged atom?,A negative ion,A cation,An anion,,,MEDIUM,,,,DRAFT,NEEDS_ANSWER — answer not provided in source; solve via Suntech corpus or admin review,1,3.1.docx,"{""raw"": ""Question 47: What is the term for a net positively charged atom?\nA) A negative ion\nB) A cation\nC) An anion"", ""question"": ""Question 47: What is the term for a net positively charged atom?"", ""options"": [""A negative ion"", ""A cation"", ""An anion""], ""correct"": null, ""answer_text"": null, ""category"": null, ""source_file"": ""3.1.docx"", ""source_module"": ""M3"", ""fmt"": ""docx"", ""module"": ""M3"", ""syllabusRef"": ""M3.1.5"", ""level"": null, ""difficulty"": ""MEDIUM""}"
M3,,,Question 48: How is an atom described when it gains extra electrons?,As positively charged,As negatively charged,As neutrally charged,,,MEDIUM,,,,DRAFT,NEEDS_ANSWER — answer not provided in source; solve via Suntech corpus or admin review,1,3.1.docx,"{""raw"": ""Question 48: How is an atom described when it gains extra electrons?\nA) As positively charged\nB) As negatively charged\nC) As neutrally charged"", ""question"": ""Question 48: How is an atom described when it gains extra electrons?"", ""options"": [""As positively charged"", ""As negatively charged"", ""As neutrally charged""], ""correct"": null, ""answer_text"": null, ""category"": null, ""source_file"": ""3.1.docx"", ""source_module"": ""M3"", ""fmt"": ""docx"", ""module"": ""M3"", ""difficulty"": ""MEDIUM""}"
M3,M3.1.5,,Question 49: What is the term for a negatively charged atom that has gained extra electrons?,A positive ion,A cation,An anion,,,MEDIUM,,,,DRAFT,NEEDS_ANSWER — answer not provided in source; solve via Suntech corpus or admin review,1,3.1.docx,"{""raw"": ""Question 49: What is the term for a negatively charged atom that has gained extra electrons?\nA) A positive ion\nB) A cation\nC) An anion"", ""question"": ""Question 49: What is the term for a negatively charged atom that has gained extra electrons?"", ""options"": [""A positive ion"", ""A cation"", ""An anion""], ""correct"": null, ""answer_text"": null, ""category"": null, ""source_file"": ""3.1.docx"", ""source_module"": ""M3"", ""fmt"": ""docx"", ""module"": ""M3"", ""syllabusRef"": ""M3.1.5"", ""level"": null, ""difficulty"": ""MEDIUM""}"
M3,M3.3.2,2,Question 50: In what state are atoms when they are neutral?,The protons are more than the electrons.,The electrons are more than the protons.,The positively charged protons and the negatively charged electrons are equal in number.,,,MEDIUM,,,,DRAFT,NEEDS_ANSWER — answer not provided in source; solve via Suntech corpus or admin review,1,3.1.docx,"{""raw"": ""Question 50: In what state are atoms when they are neutral?\nA) The protons are more than the electrons.\nB) The electrons are more than the protons.\nC) The positively charged protons and the negatively charged electrons are equal in number."", ""question"": ""Question 50: In what state are atoms when they are neutral?"", ""options"": [""The protons are more than the electrons."", ""The electrons are more than the protons."", ""The positively charged protons and the negatively charged electrons are equal in number.""], ""correct"": null, ""answer_text"": null, ""category"": null, ""source_file"": ""3.1.docx"", ""source_module"": ""M3"", ""fmt"": ""docx"", ""module"": ""M3"", ""syllabusRef"": ""M3.3.2"", ""level"": 2, ""difficulty"": ""MEDIUM""}"
M3,,,Question 51: Where are valence electrons typically found in an atom?,In the nucleus,Drifting midway between two nuclei,In the innermost shell,,,MEDIUM,,,,DRAFT,NEEDS_ANSWER — answer not provided in source; solve via Suntech corpus or admin review,1,3.1.docx,"{""raw"": ""Question 51: Where are valence electrons typically found in an atom?\nA) In the nucleus\nB) Drifting midway between two nuclei\nC) In the innermost shell"", ""question"": ""Question 51: Where are valence electrons typically found in an atom?"", ""options"": [""In the nucleus"", ""Drifting midway between two nuclei"", ""In the innermost shell""], ""correct"": null, ""answer_text"": null, ""category"": null, ""source_file"": ""3.1.docx"", ""source_module"": ""M3"", ""fmt"": ""docx"", ""module"": ""M3"", ""difficulty"": ""MEDIUM""}"
M3,M3.3.7(a),2,Question 52: Why are some electrons in an atom described as being more loosely bound?,Because they are positioned closer to the nucleus,Because they are positioned farther from the nucleus,Because they have a higher energy level,,,MEDIUM,,,,DRAFT,NEEDS_ANSWER — answer not provided in source; solve via Suntech corpus or admin review,1,3.1.docx,"{""raw"": ""Question 52: Why are some electrons in an atom described as being more loosely bound?\nA) Because they are positioned closer to the nucleus\nB) Because they are positioned farther from the nucleus\nC) Because they have a higher energy level"", ""question"": ""Question 52: Why are some electrons in an atom described as being more loosely bound?"", ""options"": [""Because they are positioned closer to the nucleus"", ""Because they are positioned farther from the nucleus"", ""Because they have a higher energy level""], ""correct"": null, ""answer_text"": null, ""category"": null, ""source_file"": ""3.1.docx"", ""source_module"": ""M3"", ""fmt"": ""docx"", ""module"": ""M3"", ""syllabusRef"": ""M3.3.7(a)"", ""level"": 2, ""difficulty"": ""MEDIUM""}"
M3,M3.1.5,,Question 53: What is the term for the outermost electrons that can be easily dislodged from the atom?,Bound electrons,Valence electrons,Inner electrons,,,MEDIUM,,,,DRAFT,NEEDS_ANSWER — answer not provided in source; solve via Suntech corpus or admin review,1,3.1.docx,"{""raw"": ""Question 53: What is the term for the outermost electrons that can be easily dislodged from the atom?\nA) Bound electrons\nB) Valence electrons\nC) Inner electrons"", ""question"": ""Question 53: What is the term for the outermost electrons that can be easily dislodged from the atom?"", ""options"": [""Bound electrons"", ""Valence electrons"", ""Inner electrons""], ""correct"": null, ""answer_text"": null, ""category"": null, ""source_file"": ""3.1.docx"", ""source_module"": ""M3"", ""fmt"": ""docx"", ""module"": ""M3"", ""syllabusRef"": ""M3.1.5"", ""level"": null, ""difficulty"": ""MEDIUM""}"
M3,,,Question 54: What can valence electrons become when they are dislodged from the atom?,Neutrons,Protons,Free electrons,,,MEDIUM,,,,DRAFT,NEEDS_ANSWER — answer not provided in source; solve via Suntech corpus or admin review,1,3.1.docx,"{""raw"": ""Question 54: What can valence electrons become when they are dislodged from the atom?\nA) Neutrons\nB) Protons\nC) Free electrons"", ""question"": ""Question 54: What can valence electrons become when they are dislodged from the atom?"", ""options"": [""Neutrons"", ""Protons"", ""Free electrons""], ""correct"": null, ""answer_text"": null, ""category"": null, ""source_file"": ""3.1.docx"", ""source_module"": ""M3"", ""fmt"": ""docx"", ""module"": ""M3"", ""difficulty"": ""MEDIUM""}"
M3,M3.03.01,,Question 55: What is the term for the flow of electrons in a practical electrical circuit?,Atomic motion,Electron drift,Current,,,MEDIUM,,,,DRAFT,NEEDS_ANSWER — answer not provided in source; solve via Suntech corpus or admin review,1,3.1.docx,"{""raw"": ""Question 55: What is the term for the flow of electrons in a practical electrical circuit?\nA) Atomic motion\nB) Electron drift\nC) Current"", ""question"": ""Question 55: What is the term for the flow of electrons in a practical electrical circuit?"", ""options"": [""Atomic motion"", ""Electron drift"", ""Current""], ""correct"": null, ""answer_text"": null, ""category"": null, ""source_file"": ""3.1.docx"", ""source_module"": ""M3"", ""fmt"": ""docx"", ""module"": ""M3"", ""syllabusRef"": ""M3.03.01"", ""level"": null, ""difficulty"": ""MEDIUM""}"
M3,M3.03.03,,Question 56: What determines the chemical and electrical properties of an atom?,The number of protons in the atom,The valence of the atom,The size of the atom,,,MEDIUM,,,,DRAFT,NEEDS_ANSWER — answer not provided in source; solve via Suntech corpus or admin review,1,3.1.docx,"{""raw"": ""Question 56: What determines the chemical and electrical properties of an atom?\nA) The number of protons in the atom\nB) The valence of the atom\nC) The size of the atom"", ""question"": ""Question 56: What determines the chemical and electrical properties of an atom?"", ""options"": [""The number of protons in the atom"", ""The valence of the atom"", ""The size of the atom""], ""correct"": null, ""answer_text"": null, ""category"": null, ""source_file"": ""3.1.docx"", ""source_module"": ""M3"", ""fmt"": ""docx"", ""module"": ""M3"", ""syllabusRef"": ""M3.03.03"", ""level"": null, ""difficulty"": ""MEDIUM""}"
M3,,,Question 57: How can the properties of a material be categorized?,"As conductor, semiconductor, or insulator","As metallic, non-metallic, or metalloid","As reactive, non-reactive, or inert",,,MEDIUM,,,,DRAFT,NEEDS_ANSWER — answer not provided in source; solve via Suntech corpus or admin review,1,3.1.docx,"{""raw"": ""Question 57: How can the properties of a material be categorized?\nA) As conductor, semiconductor, or insulator\nB) As metallic, non-metallic, or metalloid\nC) As reactive, non-reactive, or inert"", ""question"": ""Question 57: How can the properties of a material be categorized?"", ""options"": [""As conductor, semiconductor, or insulator"", ""As metallic, non-metallic, or metalloid"", ""As reactive, non-reactive, or inert""], ""correct"": null, ""answer_text"": null, ""category"": null, ""source_file"": ""3.1.docx"", ""source_module"": ""M3"", ""fmt"": ""docx"", ""module"": ""M3"", ""difficulty"": ""MEDIUM""}"
M3,,,Question 58: What determines a material's ability to conduct a greater current?,The number of protons in the material,The valence of the material,The availability of free electrons in the material,,,MEDIUM,,,,DRAFT,NEEDS_ANSWER — answer not provided in source; solve via Suntech corpus or admin review,1,3.1.docx,"{""raw"": ""Question 58: What determines a material's ability to conduct a greater current?\nA) The number of protons in the material\nB) The valence of the material\nC) The availability of free electrons in the material"", ""question"": ""Question 58: What determines a material's ability to conduct a greater current?"", ""options"": [""The number of protons in the material"", ""The valence of the material"", ""The availability of free electrons in the material""], ""correct"": null, ""answer_text"": null, ""category"": null, ""source_file"": ""3.1.docx"", ""source_module"": ""M3"", ""fmt"": ""docx"", ""module"": ""M3"", ""difficulty"": ""MEDIUM""}"
M3,M3.3.2,2,Question 59: What type of elements make good conductors of electricity?,Noble gases,Non-metals,"Gold, copper, and silver",,,MEDIUM,,,,DRAFT,NEEDS_ANSWER — answer not provided in source; solve via Suntech corpus or admin review,1,3.1.docx,"{""raw"": ""Question 59: What type of elements make good conductors of electricity?\nA) Noble gases\nB) Non-metals\nC) Gold, copper, and silver"", ""question"": ""Question 59: What type of elements make good conductors of electricity?"", ""options"": [""Noble gases"", ""Non-metals"", ""Gold, copper, and silver""], ""correct"": null, ""answer_text"": null, ""category"": null, ""source_file"": ""3.1.docx"", ""source_module"": ""M3"", ""fmt"": ""docx"", ""module"": ""M3"", ""syllabusRef"": ""M3.3.2"", ""level"": 2, ""difficulty"": ""MEDIUM""}"
M3,,,Question 60: What characterizes the outer orbits of the atoms in good conductors?,They are empty.,They have many free electrons.,They have tightly bound electrons.,,,MEDIUM,,,,DRAFT,NEEDS_ANSWER — answer not provided in source; solve via Suntech corpus or admin review,1,3.1.docx,"{""raw"": ""Question 60: What characterizes the outer orbits of the atoms in good conductors?\nA) They are empty.\nB) They have many free electrons.\nC) They have tightly bound electrons."", ""question"": ""Question 60: What characterizes the outer orbits of the atoms in good conductors?"", ""options"": [""They are empty."", ""They have many free electrons."", ""They have tightly bound electrons.""], ""correct"": null, ""answer_text"": null, ""category"": null, ""source_file"": ""3.1.docx"", ""source_module"": ""M3"", ""fmt"": ""docx"", ""module"": ""M3"", ""difficulty"": ""MEDIUM""}"
M3,M3.3.07(a),,Question 61: What can cause the electrons in the outer orbit of conductor atoms to break loose and move through the material?,Pressure applied to the material,Energy in the form of heat,Magnetic fields,,,MEDIUM,,,,DRAFT,NEEDS_ANSWER — answer not provided in source; solve via Suntech corpus or admin review,1,3.1.docx,"{""raw"": ""Question 61: What can cause the electrons in the outer orbit of conductor atoms to break loose and move through the material?\nA) Pressure applied to the material\nB) Energy in the form of heat\nC) Magnetic fields"", ""question"": ""Question 61: What can cause the electrons in the outer orbit of conductor atoms to break loose and move through the material?"", ""options"": [""Pressure applied to the material"", ""Energy in the form of heat"", ""Magnetic fields""], ""correct"": null, ""answer_text"": null, ""category"": null, ""source_file"": ""3.1.docx"", ""source_module"": ""M3"", ""fmt"": ""docx"", ""module"": ""M3"", ""syllabusRef"": ""M3.3.07(a)"", ""level"": null, ""difficulty"": ""MEDIUM""}"
M3,M3.3.2,2,Question 62: How many electrons are typically in the outer orbit of copper and silver atoms at room temperature?,None,One,Billions,,,MEDIUM,,,,DRAFT,NEEDS_ANSWER — answer not provided in source; solve via Suntech corpus or admin review,1,3.1.docx,"{""raw"": ""Question 62: How many electrons are typically in the outer orbit of copper and silver atoms at room temperature?\nA) None\nB) One\nC) Billions"", ""question"": ""Question 62: How many electrons are typically in the outer orbit of copper and silver atoms at room temperature?"", ""options"": [""None"", ""One"", ""Billions""], ""correct"": null, ""answer_text"": null, ""category"": null, ""source_file"": ""3.1.docx"", ""source_module"": ""M3"", ""fmt"": ""docx"", ""module"": ""M3"", ""syllabusRef"": ""M3.3.2"", ""level"": 2, ""difficulty"": ""MEDIUM""}"
M3,M3.03.03,,Question 63: How do insulators generally behave in terms of conducting electrical current?,They conduct electrical current very well.,They conduct electrical current moderately.,They do not conduct electrical current well or not at all.,,,MEDIUM,,,,DRAFT,NEEDS_ANSWER — answer not provided in source; solve via Suntech corpus or admin review,1,3.1.docx,"{""raw"": ""Question 63: How do insulators generally behave in terms of conducting electrical current?\nA) They conduct electrical current very well.\nB) They conduct electrical current moderately.\nC) They do not conduct electrical current well or not at all."", ""question"": ""Question 63: How do insulators generally behave in terms of conducting electrical current?"", ""options"": [""They conduct electrical current very well."", ""They conduct electrical current moderately."", ""They do not conduct electrical current well or not at all.""], ""correct"": null, ""answer_text"": null, ""category"": null, ""source_file"": ""3.1.docx"", ""source_module"": ""M3"", ""fmt"": ""docx"", ""module"": ""M3"", ""syllabusRef"": ""M3.03.03"", ""level"": null, ""difficulty"": ""MEDIUM""}"
M3,,,Question 64: What is an example of an insulator?,Copper,Glass,Silver,,,EASY,,,,DRAFT,NEEDS_ANSWER — answer not provided in source; solve via Suntech corpus or admin review,1,3.1.docx,"{""raw"": ""Question 64: What is an example of an insulator?\nA) Copper\nB) Glass\nC) Silver"", ""question"": ""Question 64: What is an example of an insulator?"", ""options"": [""Copper"", ""Glass"", ""Silver""], ""correct"": null, ""answer_text"": null, ""category"": null, ""source_file"": ""3.1.docx"", ""source_module"": ""M3"", ""fmt"": ""docx"", ""module"": ""M3"", ""difficulty"": ""EASY""}"
M3,M3.03.03,,Question 65: What typically prevents electrical current from being conducted in insulators?,The presence of free electrons,The absence of free electrons,The material's high temperature,,,MEDIUM,,,,DRAFT,NEEDS_ANSWER — answer not provided in source; solve via Suntech corpus or admin review,1,3.1.docx,"{""raw"": ""Question 65: What typically prevents electrical current from being conducted in insulators?\nA) The presence of free electrons\nB) The absence of free electrons\nC) The material's high temperature"", ""question"": ""Question 65: What typically prevents electrical current from being conducted in insulators?"", ""options"": [""The presence of free electrons"", ""The absence of free electrons"", ""The material's high temperature""], ""correct"": null, ""answer_text"": null, ""category"": null, ""source_file"": ""3.1.docx"", ""source_module"": ""M3"", ""fmt"": ""docx"", ""module"": ""M3"", ""syllabusRef"": ""M3.03.03"", ""level"": null, ""difficulty"": ""MEDIUM""}"
M3,M3.03.03,,Question 66: In what condition can the outer electrons in insulator atoms be dislodged to allow electrical current to flow?,Under normal conditions,In an extremely strong electrical field,In the presence of other insulators,,,MEDIUM,,,,DRAFT,NEEDS_ANSWER — answer not provided in source; solve via Suntech corpus or admin review,1,3.1.docx,"{""raw"": ""Question 66: In what condition can the outer electrons in insulator atoms be dislodged to allow electrical current to flow?\nA) Under normal conditions\nB) In an extremely strong electrical field\nC) In the presence of other insulators"", ""question"": ""Question 66: In what condition can the outer electrons in insulator atoms be dislodged to allow electrical current to flow?"", ""options"": [""Under normal conditions"", ""In an extremely strong electrical field"", ""In the presence of other insulators""], ""correct"": null, ""answer_text"": null, ""category"": null, ""source_file"": ""3.1.docx"", ""source_module"": ""M3"", ""fmt"": ""docx"", ""module"": ""M3"", ""syllabusRef"": ""M3.03.03"", ""level"": null, ""difficulty"": ""MEDIUM""}"
M3,M3.3.2,2,Question 68: How do the characteristics of semiconductors generally compare to conductors and insulators?,Semiconductors are better conductors than conductors.,Semiconductors are not good at conducting or insulating.,Semiconductors are excellent insulators.,,,MEDIUM,,,,DRAFT,NEEDS_ANSWER — answer not provided in source; solve via Suntech corpus or admin review,1,3.1.docx,"{""raw"": ""Question 68: How do the characteristics of semiconductors generally compare to conductors and insulators?\nA) Semiconductors are better conductors than conductors.\nB) Semiconductors are not good at conducting or insulating.\nC) Semiconductors are excellent insulators."", ""question"": ""Question 68: How do the characteristics of semiconductors generally compare to conductors and insulators?"", ""options"": [""Semiconductors are better conductors than conductors."", ""Semiconductors are not good at conducting or insulating."", ""Semiconductors are excellent insulators.""], ""correct"": null, ""answer_text"": null, ""category"": null, ""source_file"": ""3.1.docx"", ""source_module"": ""M3"", ""fmt"": ""docx"", ""module"": ""M3"", ""syllabusRef"": ""M3.3.2"", ""level"": 2, ""difficulty"": ""MEDIUM""}"
M3,M3.3.2,2,Question 69: What are the two most widely used semiconductor materials?,Gold and silver,Silicon and germanium,Glass and ceramic,,,MEDIUM,,,,DRAFT,NEEDS_ANSWER — answer not provided in source; solve via Suntech corpus or admin review,1,3.1.docx,"{""raw"": ""Question 69: What are the two most widely used semiconductor materials?\nA) Gold and silver\nB) Silicon and germanium\nC) Glass and ceramic\nAnswers\n1: B) Anything that can be touched and has mass and volume.\n2: C) The more matter in an object, the more mass it has.\n3: B) Mass is the amount of matter, while weight is determined by how much something is pulled by gravity.\n4: C) By measuring how much something is pulled by gravity.\n5: B) Solids, liquids, and gases\n6: C) A substance that cannot be reduced to a simpler form by chemical means.\n7: C) Water\n8: B) It ceases to exist.\n9: C) Oxygen\n10: A) A chemical combination of two or more elements.\n11: B) Two hydrogen atoms and one oxygen atom.\n12: C) Water\n13: B) The smallest particle of matter that can exist and still retain its identity.\n14: C) Elements\n15: B) It would no longer retain its characteristics as water.\n16: B) It becomes smaller but still retains its identity as water.\n17: C) Atoms\n18: C) Protons, neutrons, and electrons.\n19: C) The number of protons, neutrons, and electrons.\n20: A) The number of protons.\n21: B) They have different numbers of neutrons, protons, and electrons.\n22: B) According to their atomic number.\n23: B) They are always moving.\n24: A) Because of thermal expansion.\n25: B) In the nucleus\n26: C) Neutrons\n27: A) The mass of a proton is greater.\n28: C) Because electrons change their location in the atom.\n29: C) The number of protons and neutrons in the nucleus\n30: A) The weight of electrons \n31: C) Whether electrons have mass\n32: C) Hydrogen\n33: B) When the total positive charge of protons equals the total negative charge of electrons.\n34: C) Its total energy\n35: C) Energy level\n36: A) To determine the chemical properties of elements\n37: B) 8\n38: C) 7\n39: B) From the innermost shell to the outermost shell\n40: A) Only when the previous energy level is completely filled\n41: C) In the Periodic Table of Elements\n42: B) The number of chemical bonds an atom can form\n43: B) Electrons that can participate in chemical bonds\n44: C) The number of electrons in the outermost shell\n45: B) The process of an atom losing or gaining electrons\n46: B) It becomes positively charged.\n47: B) A cation\n48: B) As negatively charged\n49: C) An anion\n50: C) The positively charged protons and the negatively charged electrons are equal in number.\n51: B) Drifting midway between two nuclei\n52: B) Because they are positioned farther from the nucleus\n53: B) Valence electrons\n54: C) Free electrons\n55: C) Current\n56: B) The valence of the atom\n57: A) As conductor, semiconductor, or insulator\n58: C) The availability of free electrons in the material\n59: C) Gold, copper, and silver\n60: B) They have many free electrons.\n61: B) Energy in the form of heat\n62: B) One\n63: C) They do not conduct electrical current well or not at all.\n64: B) Glass\n65: B) The absence of free electrons\n66: B) In an extremely strong electrical field\n67: B) A) Breakdown\n68: B) Semiconductors are not good at conducting or insulating.\n69: B) Silicon and germanium"", ""question"": ""Question 69: What are the two most widely used semiconductor materials?"", ""options"": [""Gold and silver"", ""Silicon and germanium"", ""Glass and ceramic""], ""correct"": null, ""answer_text"": null, ""category"": null, ""source_file"": ""3.1.docx"", ""source_module"": ""M3"", ""fmt"": ""docx"", ""module"": ""M3"", ""syllabusRef"": ""M3.3.2"", ""level"": 2, ""difficulty"": ""MEDIUM""}"
M3,M3.03.02,,**2. How is static electricity defined in the text?,As the motion of electrons,As a build-up of electrical charge on an object's surface,As the flow of current in AC or DC electricity,,,MEDIUM,,,,DRAFT,NEEDS_ANSWER — answer not provided in source; solve via Suntech corpus or admin review,1,3.2.docx,"{""raw"": ""**2. How is static electricity defined in the text?\n   a) As the motion of electrons  \n   b) As a build-up of electrical charge on an object's surface  \n   c) As the flow of current in AC or DC electricity"", ""question"": ""**2. How is static electricity defined in the text?"", ""options"": [""As the motion of electrons"", ""As a build-up of electrical charge on an object's surface"", ""As the flow of current in AC or DC electricity""], ""correct"": null, ""answer_text"": null, ""category"": null, ""source_file"": ""3.2.docx"", ""source_module"": ""M3"", ""fmt"": ""docx"", ""module"": ""M3"", ""syllabusRef"": ""M3.03.02"", ""level"": null, ""difficulty"": ""MEDIUM""}"
M3,M3.03.02,,"**3. What causes static electricity, according to the text?",Conductive materials,Rubbing non-conductive materials together,The flow of electrons,,,MEDIUM,,,,DRAFT,NEEDS_ANSWER — answer not provided in source; solve via Suntech corpus or admin review,1,3.2.docx,"{""raw"": ""**3. What causes static electricity, according to the text?\n   a) Conductive materials  \n   b) Rubbing non-conductive materials together  \n   c) The flow of electrons"", ""question"": ""**3. What causes static electricity, according to the text?"", ""options"": [""Conductive materials"", ""Rubbing non-conductive materials together"", ""The flow of electrons""], ""correct"": null, ""answer_text"": null, ""category"": null, ""source_file"": ""3.2.docx"", ""source_module"": ""M3"", ""fmt"": ""docx"", ""module"": ""M3"", ""syllabusRef"": ""M3.03.02"", ""level"": null, ""difficulty"": ""MEDIUM""}"
M3,M3.03.02,,"**4. Why is it called ""static"" electricity?",Because it involves the motion of electrons,Because it occurs in conductive materials,Because there is no current flowing,,,EASY,,,,DRAFT,NEEDS_ANSWER — answer not provided in source; solve via Suntech corpus or admin review,1,3.2.docx,"{""raw"": ""**4. Why is it called \""static\"" electricity?\n   a) Because it involves the motion of electrons  \n   b) Because it occurs in conductive materials  \n   c) Because there is no current flowing  \n**5. Which materials are mentioned as often causing static electricity?**\n   a) Metal and wood  \n   b) Rubber, plastic, and glass  \n   c) Copper and aluminum"", ""question"": ""**4. Why is it called \""static\"" electricity?"", ""options"": [""Because it involves the motion of electrons"", ""Because it occurs in conductive materials"", ""Because there is no current flowing""], ""correct"": null, ""answer_text"": null, ""category"": null, ""source_file"": ""3.2.docx"", ""source_module"": ""M3"", ""fmt"": ""docx"", ""module"": ""M3"", ""syllabusRef"": ""M3.03.02"", ""level"": null, ""difficulty"": ""EASY""}"
M3,M3.1.5,,**6. What results from the transfer of electrons between non-conductive materials?,A decrease in charge,An imbalance of charges,A flow of current,,,MEDIUM,,,,DRAFT,NEEDS_ANSWER — answer not provided in source; solve via Suntech corpus or admin review,1,3.2.docx,"{""raw"": ""**6. What results from the transfer of electrons between non-conductive materials?\n   a) A decrease in charge  \n   b) An imbalance of charges  \n   c) A flow of current"", ""question"": ""**6. What results from the transfer of electrons between non-conductive materials?"", ""options"": [""A decrease in charge"", ""An imbalance of charges"", ""A flow of current""], ""correct"": null, ""answer_text"": null, ""category"": null, ""source_file"": ""3.2.docx"", ""source_module"": ""M3"", ""fmt"": ""docx"", ""module"": ""M3"", ""syllabusRef"": ""M3.1.5"", ""level"": null, ""difficulty"": ""MEDIUM""}"
M3,,,**7. What force can objects with an imbalance of charges exhibit?,No force,Attractive or repulsive force,Gravitational force,,,MEDIUM,,,,DRAFT,NEEDS_ANSWER — answer not provided in source; solve via Suntech corpus or admin review,1,3.2.docx,"{""raw"": ""**7. What force can objects with an imbalance of charges exhibit?\n   a) No force  \n   b) Attractive or repulsive force  \n   c) Gravitational force"", ""question"": ""**7. What force can objects with an imbalance of charges exhibit?"", ""options"": [""No force"", ""Attractive or repulsive force"", ""Gravitational force""], ""correct"": null, ""answer_text"": null, ""category"": null, ""source_file"": ""3.2.docx"", ""source_module"": ""M3"", ""fmt"": ""docx"", ""module"": ""M3"", ""difficulty"": ""MEDIUM""}"
M3,M3.03.02,,**8. Which type of electricity involves the motion of electrons?,Static electricity,Dynamic electricity,Electromagnetic electricity,,,MEDIUM,,,,DRAFT,NEEDS_ANSWER — answer not provided in source; solve via Suntech corpus or admin review,1,3.2.docx,"{""raw"": ""**8. Which type of electricity involves the motion of electrons?\n   a) Static electricity  \n   b) Dynamic electricity  \n   c) Electromagnetic electricity"", ""question"": ""**8. Which type of electricity involves the motion of electrons?"", ""options"": [""Static electricity"", ""Dynamic electricity"", ""Electromagnetic electricity""], ""correct"": null, ""answer_text"": null, ""category"": null, ""source_file"": ""3.2.docx"", ""source_module"": ""M3"", ""fmt"": ""docx"", ""module"": ""M3"", ""syllabusRef"": ""M3.03.02"", ""level"": null, ""difficulty"": ""MEDIUM""}"
M3,M3.03.02,,**9. In which type of electricity is there no current flowing?,Dynamic electricity,Electromagnetic electricity,Static electricity,,,MEDIUM,,,,DRAFT,NEEDS_ANSWER — answer not provided in source; solve via Suntech corpus or admin review,1,3.2.docx,"{""raw"": ""**9. In which type of electricity is there no current flowing?\n   a) Dynamic electricity  \n   b) Electromagnetic electricity  \n   c) Static electricity"", ""question"": ""**9. In which type of electricity is there no current flowing?"", ""options"": [""Dynamic electricity"", ""Electromagnetic electricity"", ""Static electricity""], ""correct"": null, ""answer_text"": null, ""category"": null, ""source_file"": ""3.2.docx"", ""source_module"": ""M3"", ""fmt"": ""docx"", ""module"": ""M3"", ""syllabusRef"": ""M3.03.02"", ""level"": null, ""difficulty"": ""MEDIUM""}"
M3,M3.03.04,,**10. What causes dynamic electricity?,Rubbing conductive materials together,The motion of electrons in a circuit,An imbalance of charges,,,EASY,,,,DRAFT,NEEDS_ANSWER — answer not provided in source; solve via Suntech corpus or admin review,1,3.2.docx,"{""raw"": ""**10. What causes dynamic electricity?\n   a) Rubbing conductive materials together  \n   b) The motion of electrons in a circuit  \n   c) An imbalance of charges"", ""question"": ""**10. What causes dynamic electricity?"", ""options"": [""Rubbing conductive materials together"", ""The motion of electrons in a circuit"", ""An imbalance of charges""], ""correct"": null, ""answer_text"": null, ""category"": null, ""source_file"": ""3.2.docx"", ""source_module"": ""M3"", ""fmt"": ""docx"", ""module"": ""M3"", ""syllabusRef"": ""M3.03.04"", ""level"": null, ""difficulty"": ""EASY""}"
M3,M3.3.2,2,**11. What are common examples of conductive materials mentioned in the text?,Rubber and plastic,Metal and wood,Glass and ceramics,,,MEDIUM,,,,DRAFT,NEEDS_ANSWER — answer not provided in source; solve via Suntech corpus or admin review,1,3.2.docx,"{""raw"": ""**11. What are common examples of conductive materials mentioned in the text?\n   a) Rubber and plastic  \n   b) Metal and wood  \n   c) Glass and ceramics"", ""question"": ""**11. What are common examples of conductive materials mentioned in the text?"", ""options"": [""Rubber and plastic"", ""Metal and wood"", ""Glass and ceramics""], ""correct"": null, ""answer_text"": null, ""category"": null, ""source_file"": ""3.2.docx"", ""source_module"": ""M3"", ""fmt"": ""docx"", ""module"": ""M3"", ""syllabusRef"": ""M3.3.2"", ""level"": 2, ""difficulty"": ""MEDIUM""}"
M3,M3.3.2,2,**12. Which type of electricity is associated with AC and DC electricity?,Static electricity,Electromagnetic electricity,Dynamic electricity,,,MEDIUM,,,,DRAFT,NEEDS_ANSWER — answer not provided in source; solve via Suntech corpus or admin review,1,3.2.docx,"{""raw"": ""**12. Which type of electricity is associated with AC and DC electricity?\n   a) Static electricity  \n   b) Electromagnetic electricity  \n   c) Dynamic electricity"", ""question"": ""**12. Which type of electricity is associated with AC and DC electricity?"", ""options"": [""Static electricity"", ""Electromagnetic electricity"", ""Dynamic electricity""], ""correct"": null, ""answer_text"": null, ""category"": null, ""source_file"": ""3.2.docx"", ""source_module"": ""M3"", ""fmt"": ""docx"", ""module"": ""M3"", ""syllabusRef"": ""M3.3.2"", ""level"": 2, ""difficulty"": ""MEDIUM""}"
M3,,,**13. What happens when there is an imbalance of charges between two materials?,No effect on the materials,They repel each other,They exhibit an attractive or repulsive force,,,MEDIUM,,,,DRAFT,NEEDS_ANSWER — answer not provided in source; solve via Suntech corpus or admin review,1,3.2.docx,"{""raw"": ""**13. What happens when there is an imbalance of charges between two materials?\n   a) No effect on the materials  \n   b) They repel each other  \n   c) They exhibit an attractive or repulsive force"", ""question"": ""**13. What happens when there is an imbalance of charges between two materials?"", ""options"": [""No effect on the materials"", ""They repel each other"", ""They exhibit an attractive or repulsive force""], ""correct"": null, ""answer_text"": null, ""category"": null, ""source_file"": ""3.2.docx"", ""source_module"": ""M3"", ""fmt"": ""docx"", ""module"": ""M3"", ""difficulty"": ""MEDIUM""}"
M3,M3.1.5,,**14. Which of the following is NOT a non-conductive material mentioned in the text?,Rubber,Plastic,Copper,,,MEDIUM,,,,DRAFT,NEEDS_ANSWER — answer not provided in source; solve via Suntech corpus or admin review,1,3.2.docx,"{""raw"": ""**14. Which of the following is NOT a non-conductive material mentioned in the text?\n   a) Rubber  \n   b) Plastic  \n   c) Copper"", ""question"": ""**14. Which of the following is NOT a non-conductive material mentioned in the text?"", ""options"": [""Rubber"", ""Plastic"", ""Copper""], ""correct"": null, ""answer_text"": null, ""category"": null, ""source_file"": ""3.2.docx"", ""source_module"": ""M3"", ""fmt"": ""docx"", ""module"": ""M3"", ""syllabusRef"": ""M3.1.5"", ""level"": null, ""difficulty"": ""MEDIUM""}"
M3,M3.03.02,,"**15. What kind of electricity is considered ""static""?",Electricity with constant motion,Electricity with no charges,Electricity with no current flow,,,MEDIUM,,,,DRAFT,NEEDS_ANSWER — answer not provided in source; solve via Suntech corpus or admin review,1,3.2.docx,"{""raw"": ""**15. What kind of electricity is considered \""static\""?\n   a) Electricity with constant motion  \n   b) Electricity with no charges  \n   c) Electricity with no current flow"", ""question"": ""**15. What kind of electricity is considered \""static\""?"", ""options"": [""Electricity with constant motion"", ""Electricity with no charges"", ""Electricity with no current flow""], ""correct"": null, ""answer_text"": null, ""category"": null, ""source_file"": ""3.2.docx"", ""source_module"": ""M3"", ""fmt"": ""docx"", ""module"": ""M3"", ""syllabusRef"": ""M3.03.02"", ""level"": null, ""difficulty"": ""MEDIUM""}"
M3,M3.3.2,2,**16. What happens when rubber and plastic are rubbed together?,They create dynamic electricity,They exhibit an attractive force,They may generate static electricity,,,MEDIUM,,,,DRAFT,NEEDS_ANSWER — answer not provided in source; solve via Suntech corpus or admin review,1,3.2.docx,"{""raw"": ""**16. What happens when rubber and plastic are rubbed together?\n   a) They create dynamic electricity  \n   b) They exhibit an attractive force  \n   c) They may generate static electricity"", ""question"": ""**16. What happens when rubber and plastic are rubbed together?"", ""options"": [""They create dynamic electricity"", ""They exhibit an attractive force"", ""They may generate static electricity""], ""correct"": null, ""answer_text"": null, ""category"": null, ""source_file"": ""3.2.docx"", ""source_module"": ""M3"", ""fmt"": ""docx"", ""module"": ""M3"", ""syllabusRef"": ""M3.3.2"", ""level"": 2, ""difficulty"": ""MEDIUM""}"
M3,M3.03.02,,**17. Which type of electricity is characterized by an electrical charge buildup on an object's surface?,Electromagnetic electricity,Dynamic electricity,Static electricity,,,MEDIUM,,,,DRAFT,NEEDS_ANSWER — answer not provided in source; solve via Suntech corpus or admin review,1,3.2.docx,"{""raw"": ""**17. Which type of electricity is characterized by an electrical charge buildup on an object's surface?\n   a) Electromagnetic electricity  \n   b) Dynamic electricity  \n   c) Static electricity"", ""question"": ""**17. Which type of electricity is characterized by an electrical charge buildup on an object's surface?"", ""options"": [""Electromagnetic electricity"", ""Dynamic electricity"", ""Static electricity""], ""correct"": null, ""answer_text"": null, ""category"": null, ""source_file"": ""3.2.docx"", ""source_module"": ""M3"", ""fmt"": ""docx"", ""module"": ""M3"", ""syllabusRef"": ""M3.03.02"", ""level"": null, ""difficulty"": ""MEDIUM""}"
M3,M3.03.02,,**18. In which type of electricity are electrons at rest?,Dynamic electricity,Electromagnetic electricity,Static electricity,,,MEDIUM,,,,DRAFT,NEEDS_ANSWER — answer not provided in source; solve via Suntech corpus or admin review,1,3.2.docx,"{""raw"": ""**18. In which type of electricity are electrons at rest?\n   a) Dynamic electricity  \n   b) Electromagnetic electricity  \n   c) Static electricity"", ""question"": ""**18. In which type of electricity are electrons at rest?"", ""options"": [""Dynamic electricity"", ""Electromagnetic electricity"", ""Static electricity""], ""correct"": null, ""answer_text"": null, ""category"": null, ""source_file"": ""3.2.docx"", ""source_module"": ""M3"", ""fmt"": ""docx"", ""module"": ""M3"", ""syllabusRef"": ""M3.03.02"", ""level"": null, ""difficulty"": ""MEDIUM""}"
M3,M3.3.2,2,**19. What kind of electricity involves AC and DC current flow?,Electromagnetic electricity,Dynamic electricity,Static electricity,,,MEDIUM,,,,DRAFT,NEEDS_ANSWER — answer not provided in source; solve via Suntech corpus or admin review,1,3.2.docx,"{""raw"": ""**19. What kind of electricity involves AC and DC current flow?\n   a) Electromagnetic electricity  \n   b) Dynamic electricity  \n   c) Static electricity"", ""question"": ""**19. What kind of electricity involves AC and DC current flow?"", ""options"": [""Electromagnetic electricity"", ""Dynamic electricity"", ""Static electricity""], ""correct"": null, ""answer_text"": null, ""category"": null, ""source_file"": ""3.2.docx"", ""source_module"": ""M3"", ""fmt"": ""docx"", ""module"": ""M3"", ""syllabusRef"": ""M3.3.2"", ""level"": 2, ""difficulty"": ""MEDIUM""}"
M3,M3.03.02,,**20. What causes the imbalance of charges between materials in static electricity?,The absence of electrons,The flow of protons,The transfer of electrons,,,MEDIUM,,,,DRAFT,NEEDS_ANSWER — answer not provided in source; solve via Suntech corpus or admin review,1,3.2.docx,"{""raw"": ""**20. What causes the imbalance of charges between materials in static electricity?\n   a) The absence of electrons  \n   b) The flow of protons  \n   c) The transfer of electrons  \nCertainly, here are the answers to the multiple-choice questions:\n**1. c) Static electricity\n**2. b) As a build-up of electrical charge on an object's surface\n**3. b) Rubbing non-conductive materials together\n**4. c) Because there is no current flowing\n**5. b) Rubber, plastic, and glass\n**6. b) An imbalance of charges\n**7. b) Attractive or repulsive force\n**8. b) Dynamic electricity\n**9. c) Static electricity\n**10. b) The motion of electrons in a circuit\n**11. b) Metal and wood\n**12. c) Dynamic electricity\n**13. c) They exhibit an attractive or repulsive force\n**14. c) Copper\n**15. c) Electricity with no current flow\n**16. c) They may generate static electricity\n**17. c) Static electricity\n**18. c) Static electricity\n**19. b) Dynamic electricity\n**20. c) The transfer of electrons\nGreat! Here are 10 multiple-choice questions based on the new text you provided:\n**1. What fundamental law of static electricity is discussed in the text?**\n   a) Ohm's law  \n   b) Faraday's law  \n   c) Attraction and repulsion  \n**2. According to the text, what happens when like charges are brought close together?**\n   a) They attract each other  \n   b) They repel each other  \n   c) They remain neutral  \n**3. What is the charge of electrons, as mentioned in the text?**\n   a) Positive  \n   b) Negative  \n   c) Neutral  \n**4. What is the charge of protons, as mentioned in the text?**\n   a) Positive  \n   b) Negative  \n   c) Neutral  \n**5. What kind of charges do electrons and protons possess?**\n   a) Both possess positive charges  \n   b) Both possess negative charges  \n   c) They possess opposite charges  \n**6. How do electrons and protons behave towards each other due to their charges?**\n   a) They repel each other  \n   b) They attract each other  \n   c) They remain neutral  \n**7. What happens when two pith balls with similar charges are brought close together?**\n   a) They attract each other  \n   b) They repel each other  \n   c) They remain stationary  \n**8. How do the pith balls behave after being touched with a charged glass rod, according to the text?**\n   a) They remain neutral  \n   b) They attract each other  \n   c) They repel each other  \n**9. What is Coulomb's law mentioned in the text?**\n   a) The law of resistance  \n   b) The law of magnetism  \n   c) The law defining the relationship between charges  \n**10. According to Coulomb's law, what happens when charges are farther apart from each other?**\n   a) The attraction or repulsion between charges increases  \n   b) The attraction or repulsion between charges decreases  \n   c) Charges become neutral  \nCertainly! Here are 10 more multiple-choice questions based on the provided text:\n**11. According to the text, what force occurs when like charges are brought close together?**\n   a) Attraction  \n   b) Repulsion  \n   c) Neutralization  \n**12. What are the charges of electrons and protons?**\n   a) Electrons are positive, protons are negative  \n   b) Electrons and protons both have negative charges  \n   c) Electrons are negative, protons are positive  \n**13. In the example with pith balls, what happens when they obtain opposite charges?**\n   a) They repel each other  \n   b) They attract each other  \n   c) They remain stationary  \n**14. What does Coulomb's law state about the force between charges?**\n   a) It's unrelated to the product of charges  \n   b) It's inversely proportional to the distance between them  \n   c) It's proportional to the product of charges and inversely proportional to the square of the distance  \n**15. How does the strength of attraction or repulsion change as charges become greater, according to Coulomb's law?**\n   a) It remains the same  \n   b) It becomes weaker  \n   c) It becomes stronger  \n**16. What does Coulomb's law say about the force between charges and their distance?**\n   a) The force is unrelated to the distance  \n   b) The force increases with distance  \n   c) The force decreases with distance  \n**17. Which charges will attract each other, according to Coulomb's law?**\n   a) Like charges  \n   b) Neutral charges  \n   c) Opposite charges  \n**18. If two charges have a greater product of charges, what does Coulomb's law predict about their force of attraction or repulsion?**\n   a) The force is weaker  \n   b) The force is stronger  \n   c) The force remains the same  \n**19. What does Coulomb's law indicate about the force between like charges?**\n   a) It's attractive  \n   b) It's repulsive  \n   c) It's neutral  \n**20. How does Coulomb's law describe the relationship between charges and force when the distance between them increases?**\n   a) The force increases  \n   b) The force decreases  \n   c) The force remains constant  \n**1. c) Attraction and repulsion\n**2. b) They repel each other\n**3. b) Negative\n**4. a) Positive\n**5. c) They possess opposite charges\n**6. b) They attract each other\n**7. b) They repel each other\n**8. c) They repel each other\n**9. c) The law defining the relationship between charges\n**10. b) The attraction or repulsion between charges decreases\n**11. b) Repulsion**\n**12. c) Electrons are negative, protons are positive\n**13. b) They attract each other\n**14. c) It's proportional to the product of charges and inversely proportional to the square of the distance\n**15. c) It becomes stronger\n**16. c) The force decreases with distance\n**17. c) Opposite charges\n**18. b) The force is stronger\n**19. b) It's repulsive\n**20. b) The force decreases**\nCertainly, I can provide you with multiple-choice questions based on the text you provided earlier about electrical charge. Here are 20 questions:"", ""question"": ""**20. What causes the imbalance of charges between materials in static electricity?"", ""options"": [""The absence of electrons"", ""The flow of protons"", ""The transfer of electrons""], ""correct"": null, ""answer_text"": null, ""category"": null, ""source_file"": ""3.2.docx"", ""source_module"": ""M3"", ""fmt"": ""docx"", ""module"": ""M3"", ""syllabusRef"": ""M3.03.02"", ""level"": null, ""difficulty"": ""MEDIUM""}"
M3,M3.1.5,,1. What is the charge carried by a single proton or electron?,Coulomb,Ampere,Elementary charge,,,MEDIUM,,,,DRAFT,NEEDS_ANSWER — answer not provided in source; solve via Suntech corpus or admin review,1,3.2.docx,"{""raw"": ""1. What is the charge carried by a single proton or electron?\n   a) Coulomb\n   b) Ampere\n   c) Elementary charge"", ""question"": ""1. What is the charge carried by a single proton or electron?"", ""options"": [""Coulomb"", ""Ampere"", ""Elementary charge""], ""correct"": null, ""answer_text"": null, ""category"": null, ""source_file"": ""3.2.docx"", ""source_module"": ""M3"", ""fmt"": ""docx"", ""module"": ""M3"", ""syllabusRef"": ""M3.1.5"", ""level"": null, ""difficulty"": ""MEDIUM""}"
M3,M3.1.5,,2. Which unit is used to measure electrical charge in the International System of Units (SI)?,Coulomb,Ampere,Electronvolt,,,MEDIUM,,,,DRAFT,NEEDS_ANSWER — answer not provided in source; solve via Suntech corpus or admin review,1,3.2.docx,"{""raw"": ""2. Which unit is used to measure electrical charge in the International System of Units (SI)?\n   a) Coulomb\n   b) Ampere\n   c) Electronvolt"", ""question"": ""2. Which unit is used to measure electrical charge in the International System of Units (SI)?"", ""options"": [""Coulomb"", ""Ampere"", ""Electronvolt""], ""correct"": null, ""answer_text"": null, ""category"": null, ""source_file"": ""3.2.docx"", ""source_module"": ""M3"", ""fmt"": ""docx"", ""module"": ""M3"", ""syllabusRef"": ""M3.1.5"", ""level"": null, ""difficulty"": ""MEDIUM""}"
M3,,,3. How many electrons flow through a point in one second to constitute 1 ampere of current?,1,6.241 x 10^18,10,,,MEDIUM,,,,DRAFT,NEEDS_ANSWER — answer not provided in source; solve via Suntech corpus or admin review,1,3.2.docx,"{""raw"": ""3. How many electrons flow through a point in one second to constitute 1 ampere of current?\n   a) 1\n   b) 6.241 x 10^18\n   c) 10"", ""question"": ""3. How many electrons flow through a point in one second to constitute 1 ampere of current?"", ""options"": [""1"", ""6.241 x 10^18"", ""10""], ""correct"": null, ""answer_text"": null, ""category"": null, ""source_file"": ""3.2.docx"", ""source_module"": ""M3"", ""fmt"": ""docx"", ""module"": ""M3"", ""difficulty"": ""MEDIUM""}"
M3,,,"4. When two objects become charged through friction, one becomes positively charged. What happens to the other object?",It becomes negatively charged.,It remains uncharged.,It becomes neutral.,,,MEDIUM,,,,DRAFT,NEEDS_ANSWER — answer not provided in source; solve via Suntech corpus or admin review,1,3.2.docx,"{""raw"": ""4. When two objects become charged through friction, one becomes positively charged. What happens to the other object?\n   a) It becomes negatively charged.\n   b) It remains uncharged.\n   c) It becomes neutral."", ""question"": ""4. When two objects become charged through friction, one becomes positively charged. What happens to the other object?"", ""options"": [""It becomes negatively charged."", ""It remains uncharged."", ""It becomes neutral.""], ""correct"": null, ""answer_text"": null, ""category"": null, ""source_file"": ""3.2.docx"", ""source_module"": ""M3"", ""fmt"": ""docx"", ""module"": ""M3"", ""difficulty"": ""MEDIUM""}"
M3,M3.1.5,,"5. If a positively charged rod touches an uncharged metal bar, what is the resulting charge on the metal bar?",Positively charged,Negatively charged,Neutral,,,MEDIUM,,,,DRAFT,NEEDS_ANSWER — answer not provided in source; solve via Suntech corpus or admin review,1,3.2.docx,"{""raw"": ""5. If a positively charged rod touches an uncharged metal bar, what is the resulting charge on the metal bar?\n   a) Positively charged\n   b) Negatively charged\n   c) Neutral"", ""question"": ""5. If a positively charged rod touches an uncharged metal bar, what is the resulting charge on the metal bar?"", ""options"": [""Positively charged"", ""Negatively charged"", ""Neutral""], ""correct"": null, ""answer_text"": null, ""category"": null, ""source_file"": ""3.2.docx"", ""source_module"": ""M3"", ""fmt"": ""docx"", ""module"": ""M3"", ""syllabusRef"": ""M3.1.5"", ""level"": null, ""difficulty"": ""MEDIUM""}"
M3,,,"7. In charging by induction, where do electrons in the metal bar get attracted to?",The side farthest from the charged rod,The side nearest to the charged rod,The middle of the bar,,,MEDIUM,,,,DRAFT,NEEDS_ANSWER — answer not provided in source; solve via Suntech corpus or admin review,1,3.2.docx,"{""raw"": ""7. In charging by induction, where do electrons in the metal bar get attracted to?\n   a) The side farthest from the charged rod\n   b) The side nearest to the charged rod\n   c) The middle of the bar"", ""question"": ""7. In charging by induction, where do electrons in the metal bar get attracted to?"", ""options"": [""The side farthest from the charged rod"", ""The side nearest to the charged rod"", ""The middle of the bar""], ""correct"": null, ""answer_text"": null, ""category"": null, ""source_file"": ""3.2.docx"", ""source_module"": ""M3"", ""fmt"": ""docx"", ""module"": ""M3"", ""difficulty"": ""MEDIUM""}"
M3,,,8. What happens when a neutral object touches the positively charged end of a metal bar charged by induction?,Electrons flow out of the metal bar.,Electrons flow into the metal bar.,The metal bar remains unchanged.,,,MEDIUM,,,,DRAFT,NEEDS_ANSWER — answer not provided in source; solve via Suntech corpus or admin review,1,3.2.docx,"{""raw"": ""8. What happens when a neutral object touches the positively charged end of a metal bar charged by induction?\n   a) Electrons flow out of the metal bar.\n   b) Electrons flow into the metal bar.\n   c) The metal bar remains unchanged."", ""question"": ""8. What happens when a neutral object touches the positively charged end of a metal bar charged by induction?"", ""options"": [""Electrons flow out of the metal bar."", ""Electrons flow into the metal bar."", ""The metal bar remains unchanged.""], ""correct"": null, ""answer_text"": null, ""category"": null, ""source_file"": ""3.2.docx"", ""source_module"": ""M3"", ""fmt"": ""docx"", ""module"": ""M3"", ""difficulty"": ""MEDIUM""}"
M3,M3.1.5,,9. How is a coulomb defined in terms of amperes and time?,1 ampere for 1 second,6.241 x 10^18 amperes for 1 second,6.241 x 10^18 amperes for 6 seconds,,,MEDIUM,,,,DRAFT,NEEDS_ANSWER — answer not provided in source; solve via Suntech corpus or admin review,1,3.2.docx,"{""raw"": ""9. How is a coulomb defined in terms of amperes and time?\n   a) 1 ampere for 1 second\n   b) 6.241 x 10^18 amperes for 1 second\n   c) 6.241 x 10^18 amperes for 6 seconds"", ""question"": ""9. How is a coulomb defined in terms of amperes and time?"", ""options"": [""1 ampere for 1 second"", ""6.241 x 10^18 amperes for 1 second"", ""6.241 x 10^18 amperes for 6 seconds""], ""correct"": null, ""answer_text"": null, ""category"": null, ""source_file"": ""3.2.docx"", ""source_module"": ""M3"", ""fmt"": ""docx"", ""module"": ""M3"", ""syllabusRef"": ""M3.1.5"", ""level"": null, ""difficulty"": ""MEDIUM""}"
M3,M3.1.5,,10. Which unit represents the flow of electrons?,Coulomb,Ampere,Volt,,,EASY,,,,DRAFT,NEEDS_ANSWER — answer not provided in source; solve via Suntech corpus or admin review,1,3.2.docx,"{""raw"": ""10. Which unit represents the flow of electrons?\n    a) Coulomb\n    b) Ampere\n    c) Volt"", ""question"": ""10. Which unit represents the flow of electrons?"", ""options"": [""Coulomb"", ""Ampere"", ""Volt""], ""correct"": null, ""answer_text"": null, ""category"": null, ""source_file"": ""3.2.docx"", ""source_module"": ""M3"", ""fmt"": ""docx"", ""module"": ""M3"", ""syllabusRef"": ""M3.1.5"", ""level"": null, ""difficulty"": ""EASY""}"
M3,M3.3.1,1,11. What is the charge of an electron?,Positive,Negative,Neutral,,,EASY,,,,DRAFT,NEEDS_ANSWER — answer not provided in source; solve via Suntech corpus or admin review,1,3.2.docx,"{""raw"": ""11. What is the charge of an electron?\n    a) Positive\n    b) Negative\n    c) Neutral"", ""question"": ""11. What is the charge of an electron?"", ""options"": [""Positive"", ""Negative"", ""Neutral""], ""correct"": null, ""answer_text"": null, ""category"": null, ""source_file"": ""3.2.docx"", ""source_module"": ""M3"", ""fmt"": ""docx"", ""module"": ""M3"", ""syllabusRef"": ""M3.3.1"", ""level"": 1, ""difficulty"": ""EASY""}"
M3,M3.03.01,,"12. In the context of electrical charge, what is the significance of 6.241 x 10^18?",The charge of a proton,The charge of an electron,The number of electrons in 1 coulomb,,,MEDIUM,,,,DRAFT,NEEDS_ANSWER — answer not provided in source; solve via Suntech corpus or admin review,1,3.2.docx,"{""raw"": ""12. In the context of electrical charge, what is the significance of 6.241 x 10^18?\n    a) The charge of a proton\n    b) The charge of an electron\n    c) The number of electrons in 1 coulomb"", ""question"": ""12. In the context of electrical charge, what is the significance of 6.241 x 10^18?"", ""options"": [""The charge of a proton"", ""The charge of an electron"", ""The number of electrons in 1 coulomb""], ""correct"": null, ""answer_text"": null, ""category"": null, ""source_file"": ""3.2.docx"", ""source_module"": ""M3"", ""fmt"": ""docx"", ""module"": ""M3"", ""syllabusRef"": ""M3.03.01"", ""level"": null, ""difficulty"": ""MEDIUM""}"
M3,M3.03.02,,13. What is the term for charging objects through friction?,Conduction,Induction,Triboelectricity,,,MEDIUM,,,,DRAFT,NEEDS_ANSWER — answer not provided in source; solve via Suntech corpus or admin review,1,3.2.docx,"{""raw"": ""13. What is the term for charging objects through friction?\n    a) Conduction\n    b) Induction\n    c) Triboelectricity"", ""question"": ""13. What is the term for charging objects through friction?"", ""options"": [""Conduction"", ""Induction"", ""Triboelectricity""], ""correct"": null, ""answer_text"": null, ""category"": null, ""source_file"": ""3.2.docx"", ""source_module"": ""M3"", ""fmt"": ""docx"", ""module"": ""M3"", ""syllabusRef"": ""M3.03.02"", ""level"": null, ""difficulty"": ""MEDIUM""}"
M3,M3.1.5,,"14. When objects become charged by friction, what type of charge does the object losing electrons acquire?",Positive charge,Negative charge,Neutral charge,,,MEDIUM,,,,DRAFT,NEEDS_ANSWER — answer not provided in source; solve via Suntech corpus or admin review,1,3.2.docx,"{""raw"": ""14. When objects become charged by friction, what type of charge does the object losing electrons acquire?\n    a) Positive charge\n    b) Negative charge\n    c) Neutral charge"", ""question"": ""14. When objects become charged by friction, what type of charge does the object losing electrons acquire?"", ""options"": [""Positive charge"", ""Negative charge"", ""Neutral charge""], ""correct"": null, ""answer_text"": null, ""category"": null, ""source_file"": ""3.2.docx"", ""source_module"": ""M3"", ""fmt"": ""docx"", ""module"": ""M3"", ""syllabusRef"": ""M3.1.5"", ""level"": null, ""difficulty"": ""MEDIUM""}"
M3,M3.1.5,,15. How is a coulomb related to an ampere?,1 ampere = 1 coulomb per hour,1 ampere = 1 coulomb per minute,1 ampere = 1 coulomb per second,,,EASY,,,,DRAFT,NEEDS_ANSWER — answer not provided in source; solve via Suntech corpus or admin review,1,3.2.docx,"{""raw"": ""15. How is a coulomb related to an ampere?\n    a) 1 ampere = 1 coulomb per hour\n    b) 1 ampere = 1 coulomb per minute\n    c) 1 ampere = 1 coulomb per second"", ""question"": ""15. How is a coulomb related to an ampere?"", ""options"": [""1 ampere = 1 coulomb per hour"", ""1 ampere = 1 coulomb per minute"", ""1 ampere = 1 coulomb per second""], ""correct"": null, ""answer_text"": null, ""category"": null, ""source_file"": ""3.2.docx"", ""source_module"": ""M3"", ""fmt"": ""docx"", ""module"": ""M3"", ""syllabusRef"": ""M3.1.5"", ""level"": null, ""difficulty"": ""EASY""}"
M3,M3.1.5,,16. What is the charge carried by a single proton?,Positive charge,Negative charge,Neutral charge,,,MEDIUM,,,,DRAFT,NEEDS_ANSWER — answer not provided in source; solve via Suntech corpus or admin review,1,3.2.docx,"{""raw"": ""16. What is the charge carried by a single proton?\n    a) Positive charge\n    b) Negative charge\n    c) Neutral charge"", ""question"": ""16. What is the charge carried by a single proton?"", ""options"": [""Positive charge"", ""Negative charge"", ""Neutral charge""], ""correct"": null, ""answer_text"": null, ""category"": null, ""source_file"": ""3.2.docx"", ""source_module"": ""M3"", ""fmt"": ""docx"", ""module"": ""M3"", ""syllabusRef"": ""M3.1.5"", ""level"": null, ""difficulty"": ""MEDIUM""}"
M3,,,"17. In charging by contact, what happens to the uncharged object when it touches a positively charged object?",It becomes negatively charged.,It becomes positively charged.,It remains uncharged.,,,MEDIUM,,,,DRAFT,NEEDS_ANSWER — answer not provided in source; solve via Suntech corpus or admin review,1,3.2.docx,"{""raw"": ""17. In charging by contact, what happens to the uncharged object when it touches a positively charged object?\n    a) It becomes negatively charged.\n    b) It becomes positively charged.\n    c) It remains uncharged."", ""question"": ""17. In charging by contact, what happens to the uncharged object when it touches a positively charged object?"", ""options"": [""It becomes negatively charged."", ""It becomes positively charged."", ""It remains uncharged.""], ""correct"": null, ""answer_text"": null, ""category"": null, ""source_file"": ""3.2.docx"", ""source_module"": ""M3"", ""fmt"": ""docx"", ""module"": ""M3"", ""difficulty"": ""MEDIUM""}"
M3,M3.1.5,,18. What is the primary unit for measuring electric current?,Coulomb,Ampere,Ohm,,,MEDIUM,,,,DRAFT,NEEDS_ANSWER — answer not provided in source; solve via Suntech corpus or admin review,1,3.2.docx,"{""raw"": ""18. What is the primary unit for measuring electric current?\n    a) Coulomb\n    b) Ampere\n    c) Ohm"", ""question"": ""18. What is the primary unit for measuring electric current?"", ""options"": [""Coulomb"", ""Ampere"", ""Ohm""], ""correct"": null, ""answer_text"": null, ""category"": null, ""source_file"": ""3.2.docx"", ""source_module"": ""M3"", ""fmt"": ""docx"", ""module"": ""M3"", ""syllabusRef"": ""M3.1.5"", ""level"": null, ""difficulty"": ""MEDIUM""}"
M3,M3.1.5,,20. Which unit represents the smallest unit of charge in the text?,Coulomb,Ampere,Elementary charge,,,MEDIUM,,,,DRAFT,NEEDS_ANSWER — answer not provided in source; solve via Suntech corpus or admin review,1,3.2.docx,"{""raw"": ""20. Which unit represents the smallest unit of charge in the text?\n    a) Coulomb\n    b) Ampere\n    c) Elementary charge"", ""question"": ""20. Which unit represents the smallest unit of charge in the text?"", ""options"": [""Coulomb"", ""Ampere"", ""Elementary charge""], ""correct"": null, ""answer_text"": null, ""category"": null, ""source_file"": ""3.2.docx"", ""source_module"": ""M3"", ""fmt"": ""docx"", ""module"": ""M3"", ""syllabusRef"": ""M3.1.5"", ""level"": null, ""difficulty"": ""MEDIUM""}"
M3,M3.3.2,2,1.1 What factors are involved in defining work in the field of physical science?,Force and distance,Velocity and time,Mass and acceleration,,,MEDIUM,,,,DRAFT,NEEDS_ANSWER — answer not provided in source; solve via Suntech corpus or admin review,1,3.3.docx,"{""raw"": ""1.1 What factors are involved in defining work in the field of physical science?\nA) Force and distance\nB) Velocity and time\nC) Mass and acceleration"", ""question"": ""1.1 What factors are involved in defining work in the field of physical science?"", ""options"": [""Force and distance"", ""Velocity and time"", ""Mass and acceleration""], ""correct"": null, ""answer_text"": null, ""category"": null, ""source_file"": ""3.3.docx"", ""source_module"": ""M3"", ""fmt"": ""docx"", ""module"": ""M3"", ""syllabusRef"": ""M3.3.2"", ""level"": 2, ""difficulty"": ""MEDIUM""}"
M3,,,1.2 When is work considered to be accomplished in a physical sense?,When a stationary object is moved,When a moving object changes velocity,When a force is applied,,,MEDIUM,,,,DRAFT,NEEDS_ANSWER — answer not provided in source; solve via Suntech corpus or admin review,1,3.3.docx,"{""raw"": ""1.2 When is work considered to be accomplished in a physical sense?\nA) When a stationary object is moved\nB) When a moving object changes velocity\nC) When a force is applied"", ""question"": ""1.2 When is work considered to be accomplished in a physical sense?"", ""options"": [""When a stationary object is moved"", ""When a moving object changes velocity"", ""When a force is applied""], ""correct"": null, ""answer_text"": null, ""category"": null, ""source_file"": ""3.3.docx"", ""source_module"": ""M3"", ""fmt"": ""docx"", ""module"": ""M3"", ""difficulty"": ""MEDIUM""}"
M3,M3.3.07(a),,1.3 How is energy defined in the context of performing work?,The ability to do work,The force applied,The product of force and distance,,,MEDIUM,,,,DRAFT,NEEDS_ANSWER — answer not provided in source; solve via Suntech corpus or admin review,1,3.3.docx,"{""raw"": ""1.3 How is energy defined in the context of performing work?\nA) The ability to do work\nB) The force applied\nC) The product of force and distance"", ""question"": ""1.3 How is energy defined in the context of performing work?"", ""options"": [""The ability to do work"", ""The force applied"", ""The product of force and distance""], ""correct"": null, ""answer_text"": null, ""category"": null, ""source_file"": ""3.3.docx"", ""source_module"": ""M3"", ""fmt"": ""docx"", ""module"": ""M3"", ""syllabusRef"": ""M3.3.07(a)"", ""level"": null, ""difficulty"": ""MEDIUM""}"
M3,M3.3.07(a),,1.4 What is kinetic energy?,Energy due to motion,Energy due to position,Energy due to elevation,,,EASY,,,,DRAFT,NEEDS_ANSWER — answer not provided in source; solve via Suntech corpus or admin review,1,3.3.docx,"{""raw"": ""1.4 What is kinetic energy?\nA) Energy due to motion\nB) Energy due to position\nC) Energy due to elevation"", ""question"": ""1.4 What is kinetic energy?"", ""options"": [""Energy due to motion"", ""Energy due to position"", ""Energy due to elevation""], ""correct"": null, ""answer_text"": null, ""category"": null, ""source_file"": ""3.3.docx"", ""source_module"": ""M3"", ""fmt"": ""docx"", ""module"": ""M3"", ""syllabusRef"": ""M3.3.07(a)"", ""level"": null, ""difficulty"": ""EASY""}"
M3,M3.1.5,,2.1 What unit is adopted for measuring charges in electrical systems?,Coulomb,Volt,Watt,,,MEDIUM,,,,DRAFT,NEEDS_ANSWER — answer not provided in source; solve via Suntech corpus or admin review,1,3.3.docx,"{""raw"": ""2.1 What unit is adopted for measuring charges in electrical systems?\nA) Coulomb\nB) Volt\nC) Watt"", ""question"": ""2.1 What unit is adopted for measuring charges in electrical systems?"", ""options"": [""Coulomb"", ""Volt"", ""Watt""], ""correct"": null, ""answer_text"": null, ""category"": null, ""source_file"": ""3.3.docx"", ""source_module"": ""M3"", ""fmt"": ""docx"", ""module"": ""M3"", ""syllabusRef"": ""M3.1.5"", ""level"": null, ""difficulty"": ""MEDIUM""}"
M3,M3.3.07(a),,2.2 What is the relationship between potential difference and charges in an electrical system?,One coulomb of charge creates one volt of potential difference,One coulomb of charge creates one ampere of current,One coulomb of charge creates one joule of energy,,,MEDIUM,,,,DRAFT,NEEDS_ANSWER — answer not provided in source; solve via Suntech corpus or admin review,1,3.3.docx,"{""raw"": ""2.2 What is the relationship between potential difference and charges in an electrical system?\nA) One coulomb of charge creates one volt of potential difference\nB) One coulomb of charge creates one ampere of current\nC) One coulomb of charge creates one joule of energy"", ""question"": ""2.2 What is the relationship between potential difference and charges in an electrical system?"", ""options"": [""One coulomb of charge creates one volt of potential difference"", ""One coulomb of charge creates one ampere of current"", ""One coulomb of charge creates one joule of energy""], ""correct"": null, ""answer_text"": null, ""category"": null, ""source_file"": ""3.3.docx"", ""source_module"": ""M3"", ""fmt"": ""docx"", ""module"": ""M3"", ""syllabusRef"": ""M3.3.07(a)"", ""level"": null, ""difficulty"": ""MEDIUM""}"
M3,,,"2.3 According to conventional current flow, how is the direction of current assumed to be?",From positive to negative terminals,From negative to positive terminals,,,,MEDIUM,,,,DRAFT,NEEDS_ANSWER — answer not provided in source; solve via Suntech corpus or admin review,1,3.3.docx,"{""raw"": ""2.3 According to conventional current flow, how is the direction of current assumed to be?\nA) From positive to negative terminals\nB) From negative to positive terminals"", ""question"": ""2.3 According to conventional current flow, how is the direction of current assumed to be?"", ""options"": [""From positive to negative terminals"", ""From negative to positive terminals""], ""correct"": null, ""answer_text"": null, ""category"": null, ""source_file"": ""3.3.docx"", ""source_module"": ""M3"", ""fmt"": ""docx"", ""module"": ""M3"", ""difficulty"": ""MEDIUM""}"
M3,M3.03.03,,3.1 How is current measured in an electrical circuit?,Ampere (A),Volt (V),Ohm (Ω),,,MEDIUM,,,,DRAFT,NEEDS_ANSWER — answer not provided in source; solve via Suntech corpus or admin review,1,3.3.docx,"{""raw"": ""3.1 How is current measured in an electrical circuit?\nA) Ampere (A)\nB) Volt (V)\nC) Ohm (Ω)"", ""question"": ""3.1 How is current measured in an electrical circuit?"", ""options"": [""Ampere (A)"", ""Volt (V)"", ""Ohm (Ω)""], ""correct"": null, ""answer_text"": null, ""category"": null, ""source_file"": ""3.3.docx"", ""source_module"": ""M3"", ""fmt"": ""docx"", ""module"": ""M3"", ""syllabusRef"": ""M3.03.03"", ""level"": null, ""difficulty"": ""MEDIUM""}"
M3,M3.03.07,,3.2 What is the unit of resistance?,Volt (V),Ohm (Ω),Ampere (A),,,EASY,,,,DRAFT,NEEDS_ANSWER — answer not provided in source; solve via Suntech corpus or admin review,1,3.3.docx,"{""raw"": ""3.2 What is the unit of resistance?\nA) Volt (V)\nB) Ohm (Ω)\nC) Ampere (A)"", ""question"": ""3.2 What is the unit of resistance?"", ""options"": [""Volt (V)"", ""Ohm (Ω)"", ""Ampere (A)""], ""correct"": null, ""answer_text"": null, ""category"": null, ""source_file"": ""3.3.docx"", ""source_module"": ""M3"", ""fmt"": ""docx"", ""module"": ""M3"", ""syllabusRef"": ""M3.03.07"", ""level"": null, ""difficulty"": ""EASY""}"
M3,M3.03.04,,3.3 What term refers to the ability of a system to conduct electricity?,Resistance,Conductance,,,,MEDIUM,,,,DRAFT,NEEDS_ANSWER — answer not provided in source; solve via Suntech corpus or admin review,1,3.3.docx,"{""raw"": ""3.3 What term refers to the ability of a system to conduct electricity?\nA) Resistance\nB) Conductance"", ""question"": ""3.3 What term refers to the ability of a system to conduct electricity?"", ""options"": [""Resistance"", ""Conductance""], ""correct"": null, ""answer_text"": null, ""category"": null, ""source_file"": ""3.3.docx"", ""source_module"": ""M3"", ""fmt"": ""docx"", ""module"": ""M3"", ""syllabusRef"": ""M3.03.04"", ""level"": null, ""difficulty"": ""MEDIUM""}"
M3,M3.3.1,1,"3.6 In electron flow, which terminal do electrons flow out of?",Positive,Negative,,,,MEDIUM,,,,DRAFT,NEEDS_ANSWER — answer not provided in source; solve via Suntech corpus or admin review,1,3.3.docx,"{""raw"": ""3.6 In electron flow, which terminal do electrons flow out of?\nA) Positive\nB) Negative"", ""question"": ""3.6 In electron flow, which terminal do electrons flow out of?"", ""options"": [""Positive"", ""Negative""], ""correct"": null, ""answer_text"": null, ""category"": null, ""source_file"": ""3.3.docx"", ""source_module"": ""M3"", ""fmt"": ""docx"", ""module"": ""M3"", ""syllabusRef"": ""M3.3.1"", ""level"": 1, ""difficulty"": ""MEDIUM""}"
M3,M3.1.5,,"4.1 According to Benjamin Franklin's convention, which direction did he assume positive charge carriers to flow?",From positive to negative terminals,From negative to positive terminals,,,,MEDIUM,,,,DRAFT,NEEDS_ANSWER — answer not provided in source; solve via Suntech corpus or admin review,1,3.3.docx,"{""raw"": ""4.1 According to Benjamin Franklin's convention, which direction did he assume positive charge carriers to flow?\nA) From positive to negative terminals\nB) From negative to positive terminals"", ""question"": ""4.1 According to Benjamin Franklin's convention, which direction did he assume positive charge carriers to flow?"", ""options"": [""From positive to negative terminals"", ""From negative to positive terminals""], ""correct"": null, ""answer_text"": null, ""category"": null, ""source_file"": ""3.3.docx"", ""source_module"": ""M3"", ""fmt"": ""docx"", ""module"": ""M3"", ""syllabusRef"": ""M3.1.5"", ""level"": null, ""difficulty"": ""MEDIUM""}"
M3,M3.1.5,,4.2 Which type of charge carriers actually constitute electron current?,Electrons with a negative charge,Protons with a positive charge,,,,MEDIUM,,,,DRAFT,NEEDS_ANSWER — answer not provided in source; solve via Suntech corpus or admin review,1,3.3.docx,"{""raw"": ""4.2 Which type of charge carriers actually constitute electron current?\nA) Electrons with a negative charge\nB) Protons with a positive charge"", ""question"": ""4.2 Which type of charge carriers actually constitute electron current?"", ""options"": [""Electrons with a negative charge"", ""Protons with a positive charge""], ""correct"": null, ""answer_text"": null, ""category"": null, ""source_file"": ""3.3.docx"", ""source_module"": ""M3"", ""fmt"": ""docx"", ""module"": ""M3"", ""syllabusRef"": ""M3.1.5"", ""level"": null, ""difficulty"": ""MEDIUM""}"
M3,M3.3.1,1,4.3 What cultural factor influences the choice between conventional flow notation and electron flow notation?,Geographic location and engineering practices,Temperature and humidity,,,,MEDIUM,,,,DRAFT,NEEDS_ANSWER — answer not provided in source; solve via Suntech corpus or admin review,1,3.3.docx,"{""raw"": ""4.3 What cultural factor influences the choice between conventional flow notation and electron flow notation?\nA) Geographic location and engineering practices\nB) Temperature and humidity"", ""question"": ""4.3 What cultural factor influences the choice between conventional flow notation and electron flow notation?"", ""options"": [""Geographic location and engineering practices"", ""Temperature and humidity""], ""correct"": null, ""answer_text"": null, ""category"": null, ""source_file"": ""3.3.docx"", ""source_module"": ""M3"", ""fmt"": ""docx"", ""module"": ""M3"", ""syllabusRef"": ""M3.3.1"", ""level"": 1, ""difficulty"": ""MEDIUM""}"
M3,M3.1.5,,Question 2: Which materials are commonly used for piezoelectric generation?,Crystalline quartz and copper,Copper and Rochelle salt,Crystalline quartz and Rochelle salt,,,MEDIUM,,,,DRAFT,NEEDS_ANSWER — answer not provided in source; solve via Suntech corpus or admin review,1,3.4.docx,"{""raw"": ""Question 2: Which materials are commonly used for piezoelectric generation?\nA) Crystalline quartz and copper\nB) Copper and Rochelle salt\nC) Crystalline quartz and Rochelle salt"", ""question"": ""Question 2: Which materials are commonly used for piezoelectric generation?"", ""options"": [""Crystalline quartz and copper"", ""Copper and Rochelle salt"", ""Crystalline quartz and Rochelle salt""], ""correct"": null, ""answer_text"": null, ""category"": null, ""source_file"": ""3.4.docx"", ""source_module"": ""M3"", ""fmt"": ""docx"", ""module"": ""M3"", ""syllabusRef"": ""M3.1.5"", ""level"": null, ""difficulty"": ""MEDIUM""}"
M3,,,Question 3: What happens when a mechanical stress is applied to a piezoelectric crystal?,It produces heat.,It generates an electric polarization.,It creates light.,,,MEDIUM,,,,DRAFT,NEEDS_ANSWER — answer not provided in source; solve via Suntech corpus or admin review,1,3.4.docx,"{""raw"": ""Question 3: What happens when a mechanical stress is applied to a piezoelectric crystal?\nA) It produces heat.\nB) It generates an electric polarization.\nC) It creates light."", ""question"": ""Question 3: What happens when a mechanical stress is applied to a piezoelectric crystal?"", ""options"": [""It produces heat."", ""It generates an electric polarization."", ""It creates light.""], ""correct"": null, ""answer_text"": null, ""category"": null, ""source_file"": ""3.4.docx"", ""source_module"": ""M3"", ""fmt"": ""docx"", ""module"": ""M3"", ""difficulty"": ""MEDIUM""}"
M3,M3.1.5,,Question 4: What can be observed when a circuit is connected across a piezoelectric crystal that is loaded (pressure is applied)?,No change in the crystal,A flow of current,The crystal emits a sound,,,MEDIUM,,,,DRAFT,NEEDS_ANSWER — answer not provided in source; solve via Suntech corpus or admin review,1,3.4.docx,"{""raw"": ""Question 4: What can be observed when a circuit is connected across a piezoelectric crystal that is loaded (pressure is applied)?\nA) No change in the crystal\nB) A flow of current\nC) The crystal emits a sound"", ""question"": ""Question 4: What can be observed when a circuit is connected across a piezoelectric crystal that is loaded (pressure is applied)?"", ""options"": [""No change in the crystal"", ""A flow of current"", ""The crystal emits a sound""], ""correct"": null, ""answer_text"": null, ""category"": null, ""source_file"": ""3.4.docx"", ""source_module"": ""M3"", ""fmt"": ""docx"", ""module"": ""M3"", ""syllabusRef"": ""M3.1.5"", ""level"": null, ""difficulty"": ""MEDIUM""}"
M3,M3.03.03,,"Question 5: What is the opposite effect of the piezoelectric effect, where a mechanical output is derived from an electrical signal input?",Photoelectric effect,Electrostatic effect,Piezoelectric effect,,,MEDIUM,,,,DRAFT,NEEDS_ANSWER — answer not provided in source; solve via Suntech corpus or admin review,1,3.4.docx,"{""raw"": ""Question 5: What is the opposite effect of the piezoelectric effect, where a mechanical output is derived from an electrical signal input?\nA) Photoelectric effect\nB) Electrostatic effect\nC) Piezoelectric effect"", ""question"": ""Question 5: What is the opposite effect of the piezoelectric effect, where a mechanical output is derived from an electrical signal input?"", ""options"": [""Photoelectric effect"", ""Electrostatic effect"", ""Piezoelectric effect""], ""correct"": null, ""answer_text"": null, ""category"": null, ""source_file"": ""3.4.docx"", ""source_module"": ""M3"", ""fmt"": ""docx"", ""module"": ""M3"", ""syllabusRef"": ""M3.03.03"", ""level"": null, ""difficulty"": ""MEDIUM""}"
M3,M3.03.03,,Question 6: In what type of devices are piezoelectric materials used for converting a mechanical strain into an electrical signal?,Thermometers,Microphones and phonograph pickups,Light bulbs,,,MEDIUM,,,,DRAFT,NEEDS_ANSWER — answer not provided in source; solve via Suntech corpus or admin review,1,3.4.docx,"{""raw"": ""Question 6: In what type of devices are piezoelectric materials used for converting a mechanical strain into an electrical signal?\nA) Thermometers\nB) Microphones and phonograph pickups\nC) Light bulbs"", ""question"": ""Question 6: In what type of devices are piezoelectric materials used for converting a mechanical strain into an electrical signal?"", ""options"": [""Thermometers"", ""Microphones and phonograph pickups"", ""Light bulbs""], ""correct"": null, ""answer_text"": null, ""category"": null, ""source_file"": ""3.4.docx"", ""source_module"": ""M3"", ""fmt"": ""docx"", ""module"": ""M3"", ""syllabusRef"": ""M3.03.03"", ""level"": null, ""difficulty"": ""MEDIUM""}"
M3,M3.03.04,,Question 8: What is the most common form of converting chemical energy into electricity?,Solar panels,Batteries,Wind turbines,,,MEDIUM,,,,DRAFT,NEEDS_ANSWER — answer not provided in source; solve via Suntech corpus or admin review,1,3.4.docx,"{""raw"": ""Question 8: What is the most common form of converting chemical energy into electricity?\nA) Solar panels\nB) Batteries\nC) Wind turbines"", ""question"": ""Question 8: What is the most common form of converting chemical energy into electricity?"", ""options"": [""Solar panels"", ""Batteries"", ""Wind turbines""], ""correct"": null, ""answer_text"": null, ""category"": null, ""source_file"": ""3.4.docx"", ""source_module"": ""M3"", ""fmt"": ""docx"", ""module"": ""M3"", ""syllabusRef"": ""M3.03.04"", ""level"": null, ""difficulty"": ""MEDIUM""}"
M3,M3.03.04,,Question 9: How does a primary battery produce electricity?,By converting light energy,By heating a chemical solution,By a chemical reaction between two different metals,,,MEDIUM,,,,DRAFT,NEEDS_ANSWER — answer not provided in source; solve via Suntech corpus or admin review,1,3.4.docx,"{""raw"": ""Question 9: How does a primary battery produce electricity?\nA) By converting light energy\nB) By heating a chemical solution\nC) By a chemical reaction between two different metals"", ""question"": ""Question 9: How does a primary battery produce electricity?"", ""options"": [""By converting light energy"", ""By heating a chemical solution"", ""By a chemical reaction between two different metals""], ""correct"": null, ""answer_text"": null, ""category"": null, ""source_file"": ""3.4.docx"", ""source_module"": ""M3"", ""fmt"": ""docx"", ""module"": ""M3"", ""syllabusRef"": ""M3.03.04"", ""level"": null, ""difficulty"": ""MEDIUM""}"
M3,M3.03.03,,Question 10: What is the role of the alkaline electrolyte in a primary battery?,It generates heat.,It stores electrical charge.,It facilitates the chemical reaction between metals.,,,MEDIUM,,,,DRAFT,NEEDS_ANSWER — answer not provided in source; solve via Suntech corpus or admin review,1,3.4.docx,"{""raw"": ""Question 10: What is the role of the alkaline electrolyte in a primary battery?\nA) It generates heat.\nB) It stores electrical charge.\nC) It facilitates the chemical reaction between metals."", ""question"": ""Question 10: What is the role of the alkaline electrolyte in a primary battery?"", ""options"": [""It generates heat."", ""It stores electrical charge."", ""It facilitates the chemical reaction between metals.""], ""correct"": null, ""answer_text"": null, ""category"": null, ""source_file"": ""3.4.docx"", ""source_module"": ""M3"", ""fmt"": ""docx"", ""module"": ""M3"", ""syllabusRef"": ""M3.03.03"", ""level"": null, ""difficulty"": ""MEDIUM""}"
M3,M3.1.5,,Question 11: What happens at one terminal of a battery when electrons are freed during a chemical reaction?,It develops a positive charge.,It develops a negative charge.,It remains neutral.,,,MEDIUM,,,,DRAFT,NEEDS_ANSWER — answer not provided in source; solve via Suntech corpus or admin review,1,3.4.docx,"{""raw"": ""Question 11: What happens at one terminal of a battery when electrons are freed during a chemical reaction?\nA) It develops a positive charge.\nB) It develops a negative charge.\nC) It remains neutral."", ""question"": ""Question 11: What happens at one terminal of a battery when electrons are freed during a chemical reaction?"", ""options"": [""It develops a positive charge."", ""It develops a negative charge."", ""It remains neutral.""], ""correct"": null, ""answer_text"": null, ""category"": null, ""source_file"": ""3.4.docx"", ""source_module"": ""M3"", ""fmt"": ""docx"", ""module"": ""M3"", ""syllabusRef"": ""M3.1.5"", ""level"": null, ""difficulty"": ""MEDIUM""}"
M3,,,Question 12: How do electrons flow in a battery circuit?,From the negative end to the positive end,From the positive end to the negative end,They don't flow in a closed circuit.,,,MEDIUM,,,,DRAFT,NEEDS_ANSWER — answer not provided in source; solve via Suntech corpus or admin review,1,3.4.docx,"{""raw"": ""Question 12: How do electrons flow in a battery circuit?\nA) From the negative end to the positive end\nB) From the positive end to the negative end\nC) They don't flow in a closed circuit."", ""question"": ""Question 12: How do electrons flow in a battery circuit?"", ""options"": [""From the negative end to the positive end"", ""From the positive end to the negative end"", ""They don't flow in a closed circuit.""], ""correct"": null, ""answer_text"": null, ""category"": null, ""source_file"": ""3.4.docx"", ""source_module"": ""M3"", ""fmt"": ""docx"", ""module"": ""M3"", ""difficulty"": ""MEDIUM""}"
M3,M3.03.04,,Question 13: What is the most common source of thermal electricity in the aviation industry?,Solar panels,Thermocouples,Fuel cells,,,MEDIUM,,,,DRAFT,NEEDS_ANSWER — answer not provided in source; solve via Suntech corpus or admin review,1,3.4.docx,"{""raw"": ""Question 13: What is the most common source of thermal electricity in the aviation industry?\nA) Solar panels\nB) Thermocouples\nC) Fuel cells"", ""question"": ""Question 13: What is the most common source of thermal electricity in the aviation industry?"", ""options"": [""Solar panels"", ""Thermocouples"", ""Fuel cells""], ""correct"": null, ""answer_text"": null, ""category"": null, ""source_file"": ""3.4.docx"", ""source_module"": ""M3"", ""fmt"": ""docx"", ""module"": ""M3"", ""syllabusRef"": ""M3.03.04"", ""level"": null, ""difficulty"": ""MEDIUM""}"
M3,M3.3.2,2,Question 14: What is one significant advantage of using thermocouples as temperature sensors in aviation?,They are expensive.,They are not interchangeable.,They are cheap and interchangeable.,,,MEDIUM,,,,DRAFT,NEEDS_ANSWER — answer not provided in source; solve via Suntech corpus or admin review,1,3.4.docx,"{""raw"": ""Question 14: What is one significant advantage of using thermocouples as temperature sensors in aviation?\nA) They are expensive.\nB) They are not interchangeable.\nC) They are cheap and interchangeable."", ""question"": ""Question 14: What is one significant advantage of using thermocouples as temperature sensors in aviation?"", ""options"": [""They are expensive."", ""They are not interchangeable."", ""They are cheap and interchangeable.""], ""correct"": null, ""answer_text"": null, ""category"": null, ""source_file"": ""3.4.docx"", ""source_module"": ""M3"", ""fmt"": ""docx"", ""module"": ""M3"", ""syllabusRef"": ""M3.3.2"", ""level"": 2, ""difficulty"": ""MEDIUM""}"
M3,M3.3.2,2,Question 15: What is the phenomenon that generates a voltage between two dissimilar metal wires in a thermocouple and is proportional to the temperature at the junction?,The Faraday effect,The Seebeck effect,The Edison effect,,,MEDIUM,,,,DRAFT,NEEDS_ANSWER — answer not provided in source; solve via Suntech corpus or admin review,1,3.4.docx,"{""raw"": ""Question 15: What is the phenomenon that generates a voltage between two dissimilar metal wires in a thermocouple and is proportional to the temperature at the junction?\nA) The Faraday effect\nB) The Seebeck effect\nC) The Edison effect"", ""question"": ""Question 15: What is the phenomenon that generates a voltage between two dissimilar metal wires in a thermocouple and is proportional to the temperature at the junction?"", ""options"": [""The Faraday effect"", ""The Seebeck effect"", ""The Edison effect""], ""correct"": null, ""answer_text"": null, ""category"": null, ""source_file"": ""3.4.docx"", ""source_module"": ""M3"", ""fmt"": ""docx"", ""module"": ""M3"", ""syllabusRef"": ""M3.3.2"", ""level"": 2, ""difficulty"": ""MEDIUM""}"
M3,,,Question 16: Who is credited with first noticing the Seebeck effect in 1821?,Thomas Edison,Thomas Seebeck,Albert Einstein,,,MEDIUM,,,,DRAFT,NEEDS_ANSWER — answer not provided in source; solve via Suntech corpus or admin review,1,3.4.docx,"{""raw"": ""Question 16: Who is credited with first noticing the Seebeck effect in 1821?\nA) Thomas Edison\nB) Thomas Seebeck\nC) Albert Einstein"", ""question"": ""Question 16: Who is credited with first noticing the Seebeck effect in 1821?"", ""options"": [""Thomas Edison"", ""Thomas Seebeck"", ""Albert Einstein""], ""correct"": null, ""answer_text"": null, ""category"": null, ""source_file"": ""3.4.docx"", ""source_module"": ""M3"", ""fmt"": ""docx"", ""module"": ""M3"", ""difficulty"": ""MEDIUM""}"
M3,M3.3.2,2,Question 17: How are thermocouples utilized in aviation?,To generate electricity,"To measure cylinder head temperatures, inter-turbine temperature, and exhaust gas temperature",To power aircraft engines,,,MEDIUM,,,,DRAFT,NEEDS_ANSWER — answer not provided in source; solve via Suntech corpus or admin review,1,3.4.docx,"{""raw"": ""Question 17: How are thermocouples utilized in aviation?\nA) To generate electricity\nB) To measure cylinder head temperatures, inter-turbine temperature, and exhaust gas temperature\nC) To power aircraft engines"", ""question"": ""Question 17: How are thermocouples utilized in aviation?"", ""options"": [""To generate electricity"", ""To measure cylinder head temperatures, inter-turbine temperature, and exhaust gas temperature"", ""To power aircraft engines""], ""correct"": null, ""answer_text"": null, ""category"": null, ""source_file"": ""3.4.docx"", ""source_module"": ""M3"", ""fmt"": ""docx"", ""module"": ""M3"", ""syllabusRef"": ""M3.3.2"", ""level"": 2, ""difficulty"": ""MEDIUM""}"
M3,M3.3.07(a),,Question 18: What is the primary function of a solar cell or photovoltaic cell?,To convert heat energy into electricity,To convert light energy into electricity,To store electrical energy,,,MEDIUM,,,,DRAFT,NEEDS_ANSWER — answer not provided in source; solve via Suntech corpus or admin review,1,3.4.docx,"{""raw"": ""Question 18: What is the primary function of a solar cell or photovoltaic cell?\nA) To convert heat energy into electricity\nB) To convert light energy into electricity\nC) To store electrical energy"", ""question"": ""Question 18: What is the primary function of a solar cell or photovoltaic cell?"", ""options"": [""To convert heat energy into electricity"", ""To convert light energy into electricity"", ""To store electrical energy""], ""correct"": null, ""answer_text"": null, ""category"": null, ""source_file"": ""3.4.docx"", ""source_module"": ""M3"", ""fmt"": ""docx"", ""module"": ""M3"", ""syllabusRef"": ""M3.3.07(a)"", ""level"": null, ""difficulty"": ""MEDIUM""}"
M3,M3.3.07(a),,Question 19: What happens when certain chemical elements in a solar cell are exposed to light energy?,They produce heat.,They release electrons.,They emit photons.,,,MEDIUM,,,,DRAFT,NEEDS_ANSWER — answer not provided in source; solve via Suntech corpus or admin review,1,3.4.docx,"{""raw"": ""Question 19: What happens when certain chemical elements in a solar cell are exposed to light energy?\nA) They produce heat.\nB) They release electrons.\nC) They emit photons."", ""question"": ""Question 19: What happens when certain chemical elements in a solar cell are exposed to light energy?"", ""options"": [""They produce heat."", ""They release electrons."", ""They emit photons.""], ""correct"": null, ""answer_text"": null, ""category"": null, ""source_file"": ""3.4.docx"", ""source_module"": ""M3"", ""fmt"": ""docx"", ""module"": ""M3"", ""syllabusRef"": ""M3.3.07(a)"", ""level"": null, ""difficulty"": ""MEDIUM""}"
M3,,,Question 20: What are photons in sunlight absorbed by in a solar cell?,Conductive materials,Semiconductor materials,Insulating materials,,,MEDIUM,,,,DRAFT,NEEDS_ANSWER — answer not provided in source; solve via Suntech corpus or admin review,1,3.4.docx,"{""raw"": ""Question 20: What are photons in sunlight absorbed by in a solar cell?\nA) Conductive materials\nB) Semiconductor materials\nC) Insulating materials"", ""question"": ""Question 20: What are photons in sunlight absorbed by in a solar cell?"", ""options"": [""Conductive materials"", ""Semiconductor materials"", ""Insulating materials""], ""correct"": null, ""answer_text"": null, ""category"": null, ""source_file"": ""3.4.docx"", ""source_module"": ""M3"", ""fmt"": ""docx"", ""module"": ""M3"", ""difficulty"": ""MEDIUM""}"
M3,,,Question 22: What are the complementary positive charges created in a solar cell when electrons are released?,Electrons,Holes,Photons,,,MEDIUM,,,,DRAFT,NEEDS_ANSWER — answer not provided in source; solve via Suntech corpus or admin review,1,3.4.docx,"{""raw"": ""Question 22: What are the complementary positive charges created in a solar cell when electrons are released?\nA) Electrons\nB) Holes\nC) Photons"", ""question"": ""Question 22: What are the complementary positive charges created in a solar cell when electrons are released?"", ""options"": [""Electrons"", ""Holes"", ""Photons""], ""correct"": null, ""answer_text"": null, ""category"": null, ""source_file"": ""3.4.docx"", ""source_module"": ""M3"", ""fmt"": ""docx"", ""module"": ""M3"", ""difficulty"": ""MEDIUM""}"
M3,M3.1.5,,Question 23: In which direction do the holes in a silicon solar panel flow relative to the electrons?,In the same direction,In the opposite direction,In a random direction,,,MEDIUM,,,,DRAFT,NEEDS_ANSWER — answer not provided in source; solve via Suntech corpus or admin review,1,3.4.docx,"{""raw"": ""Question 23: In which direction do the holes in a silicon solar panel flow relative to the electrons?\nA) In the same direction\nB) In the opposite direction\nC) In a random direction"", ""question"": ""Question 23: In which direction do the holes in a silicon solar panel flow relative to the electrons?"", ""options"": [""In the same direction"", ""In the opposite direction"", ""In a random direction""], ""correct"": null, ""answer_text"": null, ""category"": null, ""source_file"": ""3.4.docx"", ""source_module"": ""M3"", ""fmt"": ""docx"", ""module"": ""M3"", ""syllabusRef"": ""M3.1.5"", ""level"": null, ""difficulty"": ""MEDIUM""}"
M3,,,Question 24: Where have solar cells historically been used as a power source?,In automobiles,In wristwatches,In cooking appliances,,,MEDIUM,,,,DRAFT,NEEDS_ANSWER — answer not provided in source; solve via Suntech corpus or admin review,1,3.4.docx,"{""raw"": ""Question 24: Where have solar cells historically been used as a power source?\nA) In automobiles\nB) In wristwatches\nC) In cooking appliances"", ""question"": ""Question 24: Where have solar cells historically been used as a power source?"", ""options"": [""In automobiles"", ""In wristwatches"", ""In cooking appliances""], ""correct"": null, ""answer_text"": null, ""category"": null, ""source_file"": ""3.4.docx"", ""source_module"": ""M3"", ""fmt"": ""docx"", ""module"": ""M3"", ""difficulty"": ""MEDIUM""}"
M3,M3.03.04,,Question 25: What is the production of electricity by friction primarily related to?,The generation of heat,The buildup of static electricity,The creation of light,,,MEDIUM,,,,DRAFT,NEEDS_ANSWER — answer not provided in source; solve via Suntech corpus or admin review,1,3.4.docx,"{""raw"": ""Question 25: What is the production of electricity by friction primarily related to?\nA) The generation of heat\nB) The buildup of static electricity\nC) The creation of light"", ""question"": ""Question 25: What is the production of electricity by friction primarily related to?"", ""options"": [""The generation of heat"", ""The buildup of static electricity"", ""The creation of light""], ""correct"": null, ""answer_text"": null, ""category"": null, ""source_file"": ""3.4.docx"", ""source_module"": ""M3"", ""fmt"": ""docx"", ""module"": ""M3"", ""syllabusRef"": ""M3.03.04"", ""level"": null, ""difficulty"": ""MEDIUM""}"
M3,M3.03.04,,"Question 26: When non-conductive materials are rubbed together, what phenomenon occurs?",The production of heat,A transfer of electrons,The generation of light,,,MEDIUM,,,,DRAFT,NEEDS_ANSWER — answer not provided in source; solve via Suntech corpus or admin review,1,3.4.docx,"{""raw"": ""Question 26: When non-conductive materials are rubbed together, what phenomenon occurs?\nA) The production of heat\nB) A transfer of electrons\nC) The generation of light"", ""question"": ""Question 26: When non-conductive materials are rubbed together, what phenomenon occurs?"", ""options"": [""The production of heat"", ""A transfer of electrons"", ""The generation of light""], ""correct"": null, ""answer_text"": null, ""category"": null, ""source_file"": ""3.4.docx"", ""source_module"": ""M3"", ""fmt"": ""docx"", ""module"": ""M3"", ""syllabusRef"": ""M3.03.04"", ""level"": null, ""difficulty"": ""MEDIUM""}"
M3,,,Question 27: What happens to the charges between materials when a transfer of electrons occurs during friction?,They remain balanced.,They become neutral.,They become imbalanced.,,,MEDIUM,,,,DRAFT,NEEDS_ANSWER — answer not provided in source; solve via Suntech corpus or admin review,1,3.4.docx,"{""raw"": ""Question 27: What happens to the charges between materials when a transfer of electrons occurs during friction?\nA) They remain balanced.\nB) They become neutral.\nC) They become imbalanced."", ""question"": ""Question 27: What happens to the charges between materials when a transfer of electrons occurs during friction?"", ""options"": [""They remain balanced."", ""They become neutral."", ""They become imbalanced.""], ""correct"": null, ""answer_text"": null, ""category"": null, ""source_file"": ""3.4.docx"", ""source_module"": ""M3"", ""fmt"": ""docx"", ""module"": ""M3"", ""difficulty"": ""MEDIUM""}"
M3,,,Question 28: What is created when a conductor is moved through the magnetic lines of flux created by a magnet or electromagnet?,Heat,Electromotive force,Light,,,MEDIUM,,,,DRAFT,NEEDS_ANSWER — answer not provided in source; solve via Suntech corpus or admin review,1,3.4.docx,"{""raw"": ""Question 28: What is created when a conductor is moved through the magnetic lines of flux created by a magnet or electromagnet?\nA) Heat\nB) Electromotive force\nC) Light"", ""question"": ""Question 28: What is created when a conductor is moved through the magnetic lines of flux created by a magnet or electromagnet?"", ""options"": [""Heat"", ""Electromotive force"", ""Light""], ""correct"": null, ""answer_text"": null, ""category"": null, ""source_file"": ""3.4.docx"", ""source_module"": ""M3"", ""fmt"": ""docx"", ""module"": ""M3"", ""difficulty"": ""MEDIUM""}"
M3,,,Question 29: What is the result of the creation of electromotive force when a conductor is moved through magnetic lines of flux?,Production of heat,Production of sound,Production of current flow,,,MEDIUM,,,,DRAFT,NEEDS_ANSWER — answer not provided in source; solve via Suntech corpus or admin review,1,3.4.docx,"{""raw"": ""Question 29: What is the result of the creation of electromotive force when a conductor is moved through magnetic lines of flux?\nA) Production of heat\nB) Production of sound\nC) Production of current flow"", ""question"": ""Question 29: What is the result of the creation of electromotive force when a conductor is moved through magnetic lines of flux?"", ""options"": [""Production of heat"", ""Production of sound"", ""Production of current flow""], ""correct"": null, ""answer_text"": null, ""category"": null, ""source_file"": ""3.4.docx"", ""source_module"": ""M3"", ""fmt"": ""docx"", ""module"": ""M3"", ""difficulty"": ""MEDIUM""}"
M3,M3.3.2,2,Question 30: For what purpose is the current flow produced by the movement of a conductor through magnetic lines of flux typically used?,To generate radio waves,To create mechanical motion,To power electrically operated devices and components,,,MEDIUM,,,,DRAFT,NEEDS_ANSWER — answer not provided in source; solve via Suntech corpus or admin review,1,3.4.docx,"{""raw"": ""Question 30: For what purpose is the current flow produced by the movement of a conductor through magnetic lines of flux typically used?\nA) To generate radio waves\nB) To create mechanical motion\nC) To power electrically operated devices and components\nAnswers\n1: A) Piezoelectric\n2: C) Crystalline quartz and Rochelle salt\n3: B) It generates an electric polarization.\n4: B) A flow of current\n5: C) Piezoelectric effect\n6: B) Microphones and phonograph pickups\n7: B) In headphones and loudspeakers\n8: B) Batteries\n9: C) By a chemical reaction between two different metals\n10: C) It facilitates the chemical reaction between metals.\n11: A) It develops a positive charge.\n12: B) From the positive end to the negative end\n13: B) Thermocouples\n14: C) They are cheap and interchangeable.\n15: B) The Seebeck effect\n16: B) Thomas Seebeck\n17: B) To measure cylinder head temperatures, inter-turbine temperature, and exhaust gas temperature\n18: B) To convert light energy into electricity\n19: B) They release electrons.\n20: B) Semiconductor materials\n21: B) They are broken loose from their atoms, allowing them to flow and produce electricity.\n22: B) Holes\n23: B) In the opposite direction\n24: B) In wristwatches\n25: B) The buildup of static electricity\n26: B) A transfer of electrons\n27: C) They become imbalanced.\n28: B) Electromotive force\n29: C) Production of current flow\n30: C) To power electrically operated devices and components"", ""question"": ""Question 30: For what purpose is the current flow produced by the movement of a conductor through magnetic lines of flux typically used?"", ""options"": [""To generate radio waves"", ""To create mechanical motion"", ""To power electrically operated devices and components""], ""correct"": null, ""answer_text"": null, ""category"": null, ""source_file"": ""3.4.docx"", ""source_module"": ""M3"", ""fmt"": ""docx"", ""module"": ""M3"", ""syllabusRef"": ""M3.3.2"", ""level"": 2, ""difficulty"": ""MEDIUM""}"
M3,M3.03.03,,What is the typical application of dry cell batteries?,Powering laptops,Energizing electric cars,Operating flashlights,,,MEDIUM,,,,DRAFT,NEEDS_ANSWER — answer not provided in source; solve via Suntech corpus or admin review,1,3.5.docx,"{""raw"": ""What is the typical application of dry cell batteries?\n    a) Powering laptops\n    b) Energizing electric cars\n    c) Operating flashlights\n   **Answer: c) Operating flashlights**"", ""question"": ""What is the typical application of dry cell batteries?"", ""options"": [""Powering laptops"", ""Energizing electric cars"", ""Operating flashlights""], ""correct"": null, ""answer_text"": null, ""category"": null, ""source_file"": ""3.5.docx"", ""source_module"": ""M3"", ""fmt"": ""docx"", ""module"": ""M3"", ""syllabusRef"": ""M3.03.03"", ""level"": null, ""difficulty"": ""MEDIUM""}"
M3,,,What happens to one of the metals in a primary cell during discharge?,It evaporates.,It gets magnetized.,It gets consumed.,,,MEDIUM,,,,DRAFT,NEEDS_ANSWER — answer not provided in source; solve via Suntech corpus or admin review,1,3.5.docx,"{""raw"": ""What happens to one of the metals in a primary cell during discharge?\n    a) It evaporates.\n    b) It gets magnetized.\n    c) It gets consumed.\n   **Answer: c) It gets consumed.**"", ""question"": ""What happens to one of the metals in a primary cell during discharge?"", ""options"": [""It evaporates."", ""It gets magnetized."", ""It gets consumed.""], ""correct"": null, ""answer_text"": null, ""category"": null, ""source_file"": ""3.5.docx"", ""source_module"": ""M3"", ""fmt"": ""docx"", ""module"": ""M3"", ""difficulty"": ""MEDIUM""}"
M3,,,Why is recharging a primary cell not recommended?,It's too expensive.,It's inefficient.,It can be dangerous.,,,EASY,,,,DRAFT,NEEDS_ANSWER — answer not provided in source; solve via Suntech corpus or admin review,1,3.5.docx,"{""raw"": ""Why is recharging a primary cell not recommended?\n    a) It's too expensive.\n    b) It's inefficient.\n    c) It can be dangerous.\n   **Answer: c) It can be dangerous.**"", ""question"": ""Why is recharging a primary cell not recommended?"", ""options"": [""It's too expensive."", ""It's inefficient."", ""It can be dangerous.""], ""correct"": null, ""answer_text"": null, ""category"": null, ""source_file"": ""3.5.docx"", ""source_module"": ""M3"", ""fmt"": ""docx"", ""module"": ""M3"", ""difficulty"": ""EASY""}"
M3,M3.03.03,,Which primary cell types are commonly used today besides dry cells?,Carbon-zinc cells only,"Alkaline batteries, silver-oxide, and lithium batteries",Nickel-cadmium cells,,,MEDIUM,,,,DRAFT,NEEDS_ANSWER — answer not provided in source; solve via Suntech corpus or admin review,1,3.5.docx,"{""raw"": ""Which primary cell types are commonly used today besides dry cells?\n    a) Carbon-zinc cells only\n    b) Alkaline batteries, silver-oxide, and lithium batteries\n    c) Nickel-cadmium cells\n   **Answer: b) Alkaline batteries, silver-oxide, and lithium batteries**\n**Secondary Cell:**"", ""question"": ""Which primary cell types are commonly used today besides dry cells?"", ""options"": [""Carbon-zinc cells only"", ""Alkaline batteries, silver-oxide, and lithium batteries"", ""Nickel-cadmium cells""], ""correct"": null, ""answer_text"": null, ""category"": null, ""source_file"": ""3.5.docx"", ""source_module"": ""M3"", ""fmt"": ""docx"", ""module"": ""M3"", ""syllabusRef"": ""M3.03.03"", ""level"": null, ""difficulty"": ""MEDIUM""}"
M3,,,What is the chemical composition of the positive electrode in a lead-acid battery?,Zinc,Lead peroxide,Aluminum,,,MEDIUM,,,,DRAFT,NEEDS_ANSWER — answer not provided in source; solve via Suntech corpus or admin review,1,3.5.docx,"{""raw"": ""What is the chemical composition of the positive electrode in a lead-acid battery?\n    a) Zinc\n    b) Lead peroxide\n    c) Aluminum\n   **Answer: b) Lead peroxide**"", ""question"": ""What is the chemical composition of the positive electrode in a lead-acid battery?"", ""options"": [""Zinc"", ""Lead peroxide"", ""Aluminum""], ""correct"": null, ""answer_text"": null, ""category"": null, ""source_file"": ""3.5.docx"", ""source_module"": ""M3"", ""fmt"": ""docx"", ""module"": ""M3"", ""difficulty"": ""MEDIUM""}"
M3,M3.1.5,,How many volts does each cell in a lead-acid battery produce?,1 volt,2 volts,6 volts,,,MEDIUM,,,,DRAFT,NEEDS_ANSWER — answer not provided in source; solve via Suntech corpus or admin review,1,3.5.docx,"{""raw"": ""How many volts does each cell in a lead-acid battery produce?\n    a) 1 volt\n    b) 2 volts\n    c) 6 volts\n   **Answer: b) 2 volts**"", ""question"": ""How many volts does each cell in a lead-acid battery produce?"", ""options"": [""1 volt"", ""2 volts"", ""6 volts""], ""correct"": null, ""answer_text"": null, ""category"": null, ""source_file"": ""3.5.docx"", ""source_module"": ""M3"", ""fmt"": ""docx"", ""module"": ""M3"", ""syllabusRef"": ""M3.1.5"", ""level"": null, ""difficulty"": ""MEDIUM""}"
M3,M3.3.2,2,. What are other common secondary cell chemistry types besides lead-acid?,Silver-oxide and nickel metal hydride (NiMH),Alkaline and lithium-ion (Li-ion),Carbon-zinc and nickel cadmium (NiCd),,,MEDIUM,,,,DRAFT,NEEDS_ANSWER — answer not provided in source; solve via Suntech corpus or admin review,1,3.5.docx,"{""raw"": "". What are other common secondary cell chemistry types besides lead-acid?\n    a) Silver-oxide and nickel metal hydride (NiMH)\n    b) Alkaline and lithium-ion (Li-ion)\n    c) Carbon-zinc and nickel cadmium (NiCd)\n   **Answer: a) Silver-oxide and nickel metal hydride (NiMH)**"", ""question"": "". What are other common secondary cell chemistry types besides lead-acid?"", ""options"": [""Silver-oxide and nickel metal hydride (NiMH)"", ""Alkaline and lithium-ion (Li-ion)"", ""Carbon-zinc and nickel cadmium (NiCd)""], ""correct"": null, ""answer_text"": null, ""category"": null, ""source_file"": ""3.5.docx"", ""source_module"": ""M3"", ""fmt"": ""docx"", ""module"": ""M3"", ""syllabusRef"": ""M3.3.2"", ""level"": 2, ""difficulty"": ""MEDIUM""}"
M3,M3.1.5,,. Which of the following is not a common secondary cell chemistry?,Nickel-cadmium (NiCd),Lithium-ion polymer (Li-ion polymer),Hydrogen-ion (H-ion),,,MEDIUM,,,,DRAFT,NEEDS_ANSWER — answer not provided in source; solve via Suntech corpus or admin review,1,3.5.docx,"{""raw"": "". Which of the following is not a common secondary cell chemistry?\n    a) Nickel-cadmium (NiCd)\n    b) Lithium-ion polymer (Li-ion polymer)\n    c) Hydrogen-ion (H-ion)\n   **Answer: c) Hydrogen-ion (H-ion)**\n**Lead-Acid Batteries:**"", ""question"": "". Which of the following is not a common secondary cell chemistry?"", ""options"": [""Nickel-cadmium (NiCd)"", ""Lithium-ion polymer (Li-ion polymer)"", ""Hydrogen-ion (H-ion)""], ""correct"": null, ""answer_text"": null, ""category"": null, ""source_file"": ""3.5.docx"", ""source_module"": ""M3"", ""fmt"": ""docx"", ""module"": ""M3"", ""syllabusRef"": ""M3.1.5"", ""level"": null, ""difficulty"": ""MEDIUM""}"
M3,M3.3.2,2,. How is short-circuiting between the positive and negative plates in a lead-acid battery prevented?,By using rubber seals,By using porous separators,By using solid separators,,,MEDIUM,,,,DRAFT,NEEDS_ANSWER — answer not provided in source; solve via Suntech corpus or admin review,1,3.5.docx,"{""raw"": "". How is short-circuiting between the positive and negative plates in a lead-acid battery prevented?\n    a) By using rubber seals\n    b) By using porous separators\n    c) By using solid separators\n   **Answer: b) By using porous separators**"", ""question"": "". How is short-circuiting between the positive and negative plates in a lead-acid battery prevented?"", ""options"": [""By using rubber seals"", ""By using porous separators"", ""By using solid separators""], ""correct"": null, ""answer_text"": null, ""category"": null, ""source_file"": ""3.5.docx"", ""source_module"": ""M3"", ""fmt"": ""docx"", ""module"": ""M3"", ""syllabusRef"": ""M3.3.2"", ""level"": 2, ""difficulty"": ""MEDIUM""}"
M3,M3.1.5,,. What does the vent plug in a lead-acid battery allow?,It allows gases to escape from the battery.,It allows for easy filling of the electrolyte.,It prevents overcharging.,,,MEDIUM,,,,DRAFT,NEEDS_ANSWER — answer not provided in source; solve via Suntech corpus or admin review,1,3.5.docx,"{""raw"": "". What does the vent plug in a lead-acid battery allow?\n    a) It allows gases to escape from the battery.\n    b) It allows for easy filling of the electrolyte.\n    c) It prevents overcharging.\n   **Answer: a) It allows gases to escape from the battery.**"", ""question"": "". What does the vent plug in a lead-acid battery allow?"", ""options"": [""It allows gases to escape from the battery."", ""It allows for easy filling of the electrolyte."", ""It prevents overcharging.""], ""correct"": null, ""answer_text"": null, ""category"": null, ""source_file"": ""3.5.docx"", ""source_module"": ""M3"", ""fmt"": ""docx"", ""module"": ""M3"", ""syllabusRef"": ""M3.1.5"", ""level"": null, ""difficulty"": ""MEDIUM""}"
M3,M3.03.06,,. What is the primary role of separators between positive and negative plates in a lead-acid battery?,To increase voltage output,To prevent short circuits,To enhance chemical reactions,,,MEDIUM,,,,DRAFT,NEEDS_ANSWER — answer not provided in source; solve via Suntech corpus or admin review,1,3.5.docx,"{""raw"": "". What is the primary role of separators between positive and negative plates in a lead-acid battery?\n    a) To increase voltage output\n    b) To prevent short circuits\n    c) To enhance chemical reactions\n   **Answer: b) To prevent short circuits**\nCertainly, here are 30 multiple-choice questions related to the information about batteries, along with their solutions:\n**Primary Cell:**"", ""question"": "". What is the primary role of separators between positive and negative plates in a lead-acid battery?"", ""options"": [""To increase voltage output"", ""To prevent short circuits"", ""To enhance chemical reactions""], ""correct"": null, ""answer_text"": null, ""category"": null, ""source_file"": ""3.5.docx"", ""source_module"": ""M3"", ""fmt"": ""docx"", ""module"": ""M3"", ""syllabusRef"": ""M3.03.06"", ""level"": null, ""difficulty"": ""MEDIUM""}"
M3,,,1. What is the most common type of primary cell battery?,Alkaline battery,Lithium-ion battery,Dry cell,,,MEDIUM,,,,DRAFT,NEEDS_ANSWER — answer not provided in source; solve via Suntech corpus or admin review,1,3.5.docx,"{""raw"": ""1. What is the most common type of primary cell battery?\n   a) Alkaline battery\n   b) Lithium-ion battery\n   c) Dry cell\n   **Answer: c) Dry cell**"", ""question"": ""1. What is the most common type of primary cell battery?"", ""options"": [""Alkaline battery"", ""Lithium-ion battery"", ""Dry cell""], ""correct"": null, ""answer_text"": null, ""category"": null, ""source_file"": ""3.5.docx"", ""source_module"": ""M3"", ""fmt"": ""docx"", ""module"": ""M3"", ""difficulty"": ""MEDIUM""}"
M3,,,2. How is the cathode terminal represented in a dry cell?,Metal electrode,Graphite rod,Zinc container,,,MEDIUM,,,,DRAFT,NEEDS_ANSWER — answer not provided in source; solve via Suntech corpus or admin review,1,3.5.docx,"{""raw"": ""2. How is the cathode terminal represented in a dry cell?\n   a) Metal electrode\n   b) Graphite rod\n   c) Zinc container\n   **Answer: a) Metal electrode**"", ""question"": ""2. How is the cathode terminal represented in a dry cell?"", ""options"": [""Metal electrode"", ""Graphite rod"", ""Zinc container""], ""correct"": null, ""answer_text"": null, ""category"": null, ""source_file"": ""3.5.docx"", ""source_module"": ""M3"", ""fmt"": ""docx"", ""module"": ""M3"", ""difficulty"": ""MEDIUM""}"
M3,,,4. Why is attempting to recharge a primary cell dangerous?,It can lead to a chemical explosion.,It can cause overheating.,It can create a short circuit.,,,MEDIUM,,,,DRAFT,NEEDS_ANSWER — answer not provided in source; solve via Suntech corpus or admin review,1,3.5.docx,"{""raw"": ""4. Why is attempting to recharge a primary cell dangerous?\n   a) It can lead to a chemical explosion.\n   b) It can cause overheating.\n   c) It can create a short circuit.\n   **Answer: a) It can lead to a chemical explosion.**"", ""question"": ""4. Why is attempting to recharge a primary cell dangerous?"", ""options"": [""It can lead to a chemical explosion."", ""It can cause overheating."", ""It can create a short circuit.""], ""correct"": null, ""answer_text"": null, ""category"": null, ""source_file"": ""3.5.docx"", ""source_module"": ""M3"", ""fmt"": ""docx"", ""module"": ""M3"", ""difficulty"": ""MEDIUM""}"
M3,M3.03.03,,5. Which types of primary cells are common today?,Carbon-zinc cells,Alkaline batteries,Silver-oxide batteries,,,EASY,,,,DRAFT,NEEDS_ANSWER — answer not provided in source; solve via Suntech corpus or admin review,1,3.5.docx,"{""raw"": ""5. Which types of primary cells are common today?\n   a) Carbon-zinc cells\n   b) Alkaline batteries\n   c) Silver-oxide batteries\n   **Answer: b) Alkaline batteries**\n**Secondary Cell:**"", ""question"": ""5. Which types of primary cells are common today?"", ""options"": [""Carbon-zinc cells"", ""Alkaline batteries"", ""Silver-oxide batteries""], ""correct"": null, ""answer_text"": null, ""category"": null, ""source_file"": ""3.5.docx"", ""source_module"": ""M3"", ""fmt"": ""docx"", ""module"": ""M3"", ""syllabusRef"": ""M3.03.03"", ""level"": null, ""difficulty"": ""EASY""}"
M3,,,6. What distinguishes a secondary cell from a primary cell?,Secondary cells are larger.,Secondary cells have a higher voltage.,Secondary cells have a reversible electrochemical reaction.,,,MEDIUM,,,,DRAFT,NEEDS_ANSWER — answer not provided in source; solve via Suntech corpus or admin review,1,3.5.docx,"{""raw"": ""6. What distinguishes a secondary cell from a primary cell?\n   a) Secondary cells are larger.\n   b) Secondary cells have a higher voltage.\n   c) Secondary cells have a reversible electrochemical reaction.\n   **Answer: c) Secondary cells have a reversible electrochemical reaction.**"", ""question"": ""6. What distinguishes a secondary cell from a primary cell?"", ""options"": [""Secondary cells are larger."", ""Secondary cells have a higher voltage."", ""Secondary cells have a reversible electrochemical reaction.""], ""correct"": null, ""answer_text"": null, ""category"": null, ""source_file"": ""3.5.docx"", ""source_module"": ""M3"", ""fmt"": ""docx"", ""module"": ""M3"", ""difficulty"": ""MEDIUM""}"
M3,,,8. How many cells are typically found in a lead-acid car battery?,2 cells,6 cells,12 cells,,,MEDIUM,,,,DRAFT,NEEDS_ANSWER — answer not provided in source; solve via Suntech corpus or admin review,1,3.5.docx,"{""raw"": ""8. How many cells are typically found in a lead-acid car battery?\n   a) 2 cells\n   b) 6 cells\n   c) 12 cells\n   **Answer: b) 6 cells**"", ""question"": ""8. How many cells are typically found in a lead-acid car battery?"", ""options"": [""2 cells"", ""6 cells"", ""12 cells""], ""correct"": null, ""answer_text"": null, ""category"": null, ""source_file"": ""3.5.docx"", ""source_module"": ""M3"", ""fmt"": ""docx"", ""module"": ""M3"", ""difficulty"": ""MEDIUM""}"
M3,M3.1.5,,10. What is the total voltage produced by a lead-acid car battery?,2 volts,6 volts,12 volts,,,MEDIUM,,,,DRAFT,NEEDS_ANSWER — answer not provided in source; solve via Suntech corpus or admin review,1,3.5.docx,"{""raw"": ""10. What is the total voltage produced by a lead-acid car battery?\n    a) 2 volts\n    b) 6 volts\n    c) 12 volts\n    **Answer: c) 12 volts**\n**Lead-Acid Batteries:**"", ""question"": ""10. What is the total voltage produced by a lead-acid car battery?"", ""options"": [""2 volts"", ""6 volts"", ""12 volts""], ""correct"": null, ""answer_text"": null, ""category"": null, ""source_file"": ""3.5.docx"", ""source_module"": ""M3"", ""fmt"": ""docx"", ""module"": ""M3"", ""syllabusRef"": ""M3.1.5"", ""level"": null, ""difficulty"": ""MEDIUM""}"
M3,,,12. How is the circulation of electrolyte around the plates in a lead-acid battery ensured?,By using porous separators,By using solid separators,By using rubber seals,,,MEDIUM,,,,DRAFT,NEEDS_ANSWER — answer not provided in source; solve via Suntech corpus or admin review,1,3.5.docx,"{""raw"": ""12. How is the circulation of electrolyte around the plates in a lead-acid battery ensured?\n    a) By using porous separators\n    b) By using solid separators\n    c) By using rubber seals\n    **Answer: a) By using porous separators**"", ""question"": ""12. How is the circulation of electrolyte around the plates in a lead-acid battery ensured?"", ""options"": [""By using porous separators"", ""By using solid separators"", ""By using rubber seals""], ""correct"": null, ""answer_text"": null, ""category"": null, ""source_file"": ""3.5.docx"", ""source_module"": ""M3"", ""fmt"": ""docx"", ""module"": ""M3"", ""difficulty"": ""MEDIUM""}"
M3,,,14. How is the venting of gases from a lead-acid battery managed during flight?,Through a vent tube connected to the battery drain sump,By sealing the battery completely,By increasing the battery pressure,,,MEDIUM,,,,DRAFT,NEEDS_ANSWER — answer not provided in source; solve via Suntech corpus or admin review,1,3.5.docx,"{""raw"": ""14. How is the venting of gases from a lead-acid battery managed during flight?\n    a) Through a vent tube connected to the battery drain sump\n    b) By sealing the battery completely\n    c) By increasing the battery pressure\n    **Answer: a) Through a vent tube connected to the battery drain sump**"", ""question"": ""14. How is the venting of gases from a lead-acid battery managed during flight?"", ""options"": [""Through a vent tube connected to the battery drain sump"", ""By sealing the battery completely"", ""By increasing the battery pressure""], ""correct"": null, ""answer_text"": null, ""category"": null, ""source_file"": ""3.5.docx"", ""source_module"": ""M3"", ""fmt"": ""docx"", ""module"": ""M3"", ""difficulty"": ""MEDIUM""}"
M3,M3.03.04,,15. What role does the acid-resisting metal container (battery box) play in a lead-acid battery?,It holds the electrolyte.,It shields against electricity.,It protects against mechanical damage.,,,MEDIUM,,,,DRAFT,NEEDS_ANSWER — answer not provided in source; solve via Suntech corpus or admin review,1,3.5.docx,"{""raw"": ""15. What role does the acid-resisting metal container (battery box) play in a lead-acid battery?\n    a) It holds the electrolyte.\n    b) It shields against electricity.\n    c) It protects against mechanical damage.\n    **Answer: c) It protects against mechanical damage.**"", ""question"": ""15. What role does the acid-resisting metal container (battery box) play in a lead-acid battery?"", ""options"": [""It holds the electrolyte."", ""It shields against electricity."", ""It protects against mechanical damage.""], ""correct"": null, ""answer_text"": null, ""category"": null, ""source_file"": ""3.5.docx"", ""source_module"": ""M3"", ""fmt"": ""docx"", ""module"": ""M3"", ""syllabusRef"": ""M3.03.04"", ""level"": null, ""difficulty"": ""MEDIUM""}"
M3,,,16. How are individual cells of the battery connected in a lead-acid battery?,Through chemical bonds,By heavy gage metal straps,By insulating materials,,,MEDIUM,,,,DRAFT,NEEDS_ANSWER — answer not provided in source; solve via Suntech corpus or admin review,1,3.5.docx,"{""raw"": ""16. How are individual cells of the battery connected in a lead-acid battery?\n    a) Through chemical bonds\n    b) By heavy gage metal straps\n    c) By insulating materials\n    **Answer: b) By heavy gage metal straps**"", ""question"": ""16. How are individual cells of the battery connected in a lead-acid battery?"", ""options"": [""Through chemical bonds"", ""By heavy gage metal straps"", ""By insulating materials""], ""correct"": null, ""answer_text"": null, ""category"": null, ""source_file"": ""3.5.docx"", ""source_module"": ""M3"", ""fmt"": ""docx"", ""module"": ""M3"", ""difficulty"": ""MEDIUM""}"
M3,,,17. What happens to the specific gravity of the electrolyte after discharge in a lead-acid battery?,It remains the same.,It increases.,It decreases.,,,MEDIUM,,,,DRAFT,NEEDS_ANSWER — answer not provided in source; solve via Suntech corpus or admin review,1,3.5.docx,"{""raw"": ""17. What happens to the specific gravity of the electrolyte after discharge in a lead-acid battery?\n    a) It remains the same.\n    b) It increases.\n    c) It decreases.\n    **Answer: c) It decreases.**"", ""question"": ""17. What happens to the specific gravity of the electrolyte after discharge in a lead-acid battery?"", ""options"": [""It remains the same."", ""It increases."", ""It decreases.""], ""correct"": null, ""answer_text"": null, ""category"": null, ""source_file"": ""3.5.docx"", ""source_module"": ""M3"", ""fmt"": ""docx"", ""module"": ""M3"", ""difficulty"": ""MEDIUM""}"
M3,M3.1.5,,19. What is the purpose of the non-spill vent cap on a lead-acid battery?,To prevent gases from escaping,To allow for electrolyte refilling,To prevent leakage during handling,,,MEDIUM,,,,DRAFT,NEEDS_ANSWER — answer not provided in source; solve via Suntech corpus or admin review,1,3.5.docx,"{""raw"": ""19. What is the purpose of the non-spill vent cap on a lead-acid battery?\n    a) To prevent gases from escaping\n    b) To allow for electrolyte refilling\n    c) To prevent leakage during handling\n    **Answer: c) To prevent leakage during handling.**"", ""question"": ""19. What is the purpose of the non-spill vent cap on a lead-acid battery?"", ""options"": [""To prevent gases from escaping"", ""To allow for electrolyte refilling"", ""To prevent leakage during handling""], ""correct"": null, ""answer_text"": null, ""category"": null, ""source_file"": ""3.5.docx"", ""source_module"": ""M3"", ""fmt"": ""docx"", ""module"": ""M3"", ""syllabusRef"": ""M3.1.5"", ""level"": null, ""difficulty"": ""MEDIUM""}"
M3,M3.03.03,,20. How does a quick disconnect assembly facilitate battery installation and removal in aircraft?,It allows for easy recharging of the battery.,It simplifies the electrical connections.,It reduces the battery's weight.,,,MEDIUM,,,,DRAFT,NEEDS_ANSWER — answer not provided in source; solve via Suntech corpus or admin review,1,3.5.docx,"{""raw"": ""20. How does a quick disconnect assembly facilitate battery installation and removal in aircraft?\n    a) It allows for easy recharging of the battery.\n    b) It simplifies the electrical connections.\n    c) It reduces the battery's weight.\n    **Answer: b) It simplifies the electrical connections.**"", ""question"": ""20. How does a quick disconnect assembly facilitate battery installation and removal in aircraft?"", ""options"": [""It allows for easy recharging of the battery."", ""It simplifies the electrical connections."", ""It reduces the battery's weight.""], ""correct"": null, ""answer_text"": null, ""category"": null, ""source_file"": ""3.5.docx"", ""source_module"": ""M3"", ""fmt"": ""docx"", ""module"": ""M3"", ""syllabusRef"": ""M3.03.03"", ""level"": null, ""difficulty"": ""MEDIUM""}"
M3,M3.1.5,,21. What voltage does each lead-acid cell typically produce?,2 volts,6 volts,12 volts,,,MEDIUM,,,,DRAFT,NEEDS_ANSWER — answer not provided in source; solve via Suntech corpus or admin review,1,3.5.docx,"{""raw"": ""21. What voltage does each lead-acid cell typically produce?\n    a) 2 volts\n    b) 6 volts\n    c) 12 volts\n    **Answer: a) 2 volts**"", ""question"": ""21. What voltage does each lead-acid cell typically produce?"", ""options"": [""2 volts"", ""6 volts"", ""12 volts""], ""correct"": null, ""answer_text"": null, ""category"": null, ""source_file"": ""3.5.docx"", ""source_module"": ""M3"", ""fmt"": ""docx"", ""module"": ""M3"", ""syllabusRef"": ""M3.1.5"", ""level"": null, ""difficulty"": ""MEDIUM""}"
M3,M3.1.5,,22. How is the voltage required for a specific application achieved using lead-acid cells?,By connecting cells in parallel,By connecting cells in series,By varying the electrolyte strength,,,MEDIUM,,,,DRAFT,NEEDS_ANSWER — answer not provided in source; solve via Suntech corpus or admin review,1,3.5.docx,"{""raw"": ""22. How is the voltage required for a specific application achieved using lead-acid cells?\n    a) By connecting cells in parallel\n    b) By connecting cells in series\n    c) By varying the electrolyte strength\n    **Answer: b) By connecting cells in series.**"", ""question"": ""22. How is the voltage required for a specific application achieved using lead-acid cells?"", ""options"": [""By connecting cells in parallel"", ""By connecting cells in series"", ""By varying the electrolyte strength""], ""correct"": null, ""answer_text"": null, ""category"": null, ""source_file"": ""3.5.docx"", ""source_module"": ""M3"", ""fmt"": ""docx"", ""module"": ""M3"", ""syllabusRef"": ""M3.1.5"", ""level"": null, ""difficulty"": ""MEDIUM""}"
M3,M3.03.05,,23. Why are lead-acid batteries used in aircraft similar to those in automobiles?,Because aircraft and automobiles use the same power sources,Because aircraft batteries are designed for use in automobiles,Because lead-acid batteries are versatile and readily available,,,MEDIUM,,,,DRAFT,NEEDS_ANSWER — answer not provided in source; solve via Suntech corpus or admin review,1,3.5.docx,"{""raw"": ""23. Why are lead-acid batteries used in aircraft similar to those in automobiles?\n    a) Because aircraft and automobiles use the same power sources\n    b) Because aircraft batteries are designed for use in automobiles\n    c) Because lead-acid batteries are versatile and readily available\n    **Answer: c) Because lead-acid batteries are versatile and readily available.**\nHere are 30 multiple-choice questions related to the information about battery ratings, battery life cycles, and lead-acid battery testing methods, along with their solutions:\n**Battery Ratings:**"", ""question"": ""23. Why are lead-acid batteries used in aircraft similar to those in automobiles?"", ""options"": [""Because aircraft and automobiles use the same power sources"", ""Because aircraft batteries are designed for use in automobiles"", ""Because lead-acid batteries are versatile and readily available""], ""correct"": null, ""answer_text"": null, ""category"": null, ""source_file"": ""3.5.docx"", ""source_module"": ""M3"", ""fmt"": ""docx"", ""module"": ""M3"", ""syllabusRef"": ""M3.03.05"", ""level"": null, ""difficulty"": ""MEDIUM""}"
M3,,,1. How is the voltage of a battery determined?,By the type of metal used in the cells,By the number of cells connected in series,By the size of the battery case,,,EASY,,,,DRAFT,NEEDS_ANSWER — answer not provided in source; solve via Suntech corpus or admin review,1,3.5.docx,"{""raw"": ""1. How is the voltage of a battery determined?\n   a) By the type of metal used in the cells\n   b) By the number of cells connected in series\n   c) By the size of the battery case\n   **Answer: b) By the number of cells connected in series**"", ""question"": ""1. How is the voltage of a battery determined?"", ""options"": [""By the type of metal used in the cells"", ""By the number of cells connected in series"", ""By the size of the battery case""], ""correct"": null, ""answer_text"": null, ""category"": null, ""source_file"": ""3.5.docx"", ""source_module"": ""M3"", ""fmt"": ""docx"", ""module"": ""M3"", ""difficulty"": ""EASY""}"
M3,M3.1.5,,2. What is the typical voltage rating of a lead-acid cell?,2.2 volts,2 volts,3 volts,,,MEDIUM,,,,DRAFT,NEEDS_ANSWER — answer not provided in source; solve via Suntech corpus or admin review,1,3.5.docx,"{""raw"": ""2. What is the typical voltage rating of a lead-acid cell?\n   a) 2.2 volts\n   b) 2 volts\n   c) 3 volts\n   **Answer: b) 2 volts**"", ""question"": ""2. What is the typical voltage rating of a lead-acid cell?"", ""options"": [""2.2 volts"", ""2 volts"", ""3 volts""], ""correct"": null, ""answer_text"": null, ""category"": null, ""source_file"": ""3.5.docx"", ""source_module"": ""M3"", ""fmt"": ""docx"", ""module"": ""M3"", ""syllabusRef"": ""M3.1.5"", ""level"": null, ""difficulty"": ""MEDIUM""}"
M3,,,3. How many lead-acid cells are connected in series to create a 12-volt battery?,3 cells,6 cells,12 cells,,,MEDIUM,,,,DRAFT,NEEDS_ANSWER — answer not provided in source; solve via Suntech corpus or admin review,1,3.5.docx,"{""raw"": ""3. How many lead-acid cells are connected in series to create a 12-volt battery?\n   a) 3 cells\n   b) 6 cells\n   c) 12 cells\n   **Answer: b) 6 cells**"", ""question"": ""3. How many lead-acid cells are connected in series to create a 12-volt battery?"", ""options"": [""3 cells"", ""6 cells"", ""12 cells""], ""correct"": null, ""answer_text"": null, ""category"": null, ""source_file"": ""3.5.docx"", ""source_module"": ""M3"", ""fmt"": ""docx"", ""module"": ""M3"", ""difficulty"": ""MEDIUM""}"
M3,,,4. What is the most common rating used to measure battery capacity?,Voltage rating,Amp-hour rating,Wattage rating,,,MEDIUM,,,,DRAFT,NEEDS_ANSWER — answer not provided in source; solve via Suntech corpus or admin review,1,3.5.docx,"{""raw"": ""4. What is the most common rating used to measure battery capacity?\n   a) Voltage rating\n   b) Amp-hour rating\n   c) Wattage rating\n   **Answer: b) Amp-hour rating**"", ""question"": ""4. What is the most common rating used to measure battery capacity?"", ""options"": [""Voltage rating"", ""Amp-hour rating"", ""Wattage rating""], ""correct"": null, ""answer_text"": null, ""category"": null, ""source_file"": ""3.5.docx"", ""source_module"": ""M3"", ""fmt"": ""docx"", ""module"": ""M3"", ""difficulty"": ""MEDIUM""}"
M3,M3.1.5,,5. What does a battery with a capacity of 1 amp-hour mean?,It can supply 1 ampere for 1 hour.,It can supply 2 amperes for 1 hour.,It can supply 1 ampere for 2 hours.,,,MEDIUM,,,,DRAFT,NEEDS_ANSWER — answer not provided in source; solve via Suntech corpus or admin review,1,3.5.docx,"{""raw"": ""5. What does a battery with a capacity of 1 amp-hour mean?\n   a) It can supply 1 ampere for 1 hour.\n   b) It can supply 2 amperes for 1 hour.\n   c) It can supply 1 ampere for 2 hours.\n   **Answer: a) It can supply 1 ampere for 1 hour.**\n**Battery Life Cycle:**"", ""question"": ""5. What does a battery with a capacity of 1 amp-hour mean?"", ""options"": [""It can supply 1 ampere for 1 hour."", ""It can supply 2 amperes for 1 hour."", ""It can supply 1 ampere for 2 hours.""], ""correct"": null, ""answer_text"": null, ""category"": null, ""source_file"": ""3.5.docx"", ""source_module"": ""M3"", ""fmt"": ""docx"", ""module"": ""M3"", ""syllabusRef"": ""M3.1.5"", ""level"": null, ""difficulty"": ""MEDIUM""}"
M3,M3.1.5,,6. How is the life cycle of a battery defined?,The number of times it can be charged,The number of complete charge/discharge cycles before capacity falls below 80%,The time it takes to fully discharge the battery,,,EASY,,,,DRAFT,NEEDS_ANSWER — answer not provided in source; solve via Suntech corpus or admin review,1,3.5.docx,"{""raw"": ""6. How is the life cycle of a battery defined?\n   a) The number of times it can be charged\n   b) The number of complete charge/discharge cycles before capacity falls below 80%\n   c) The time it takes to fully discharge the battery\n   **Answer: b) The number of complete charge/discharge cycles before capacity falls below 80%**"", ""question"": ""6. How is the life cycle of a battery defined?"", ""options"": [""The number of times it can be charged"", ""The number of complete charge/discharge cycles before capacity falls below 80%"", ""The time it takes to fully discharge the battery""], ""correct"": null, ""answer_text"": null, ""category"": null, ""source_file"": ""3.5.docx"", ""source_module"": ""M3"", ""fmt"": ""docx"", ""module"": ""M3"", ""syllabusRef"": ""M3.1.5"", ""level"": null, ""difficulty"": ""EASY""}"
M3,M3.3.2,2,7. What can cause the deterioration of a battery and shorten its service life?,Overcharging,Rapid discharging,Over-discharging and rapid charging or discharging,,,MEDIUM,,,,DRAFT,NEEDS_ANSWER — answer not provided in source; solve via Suntech corpus or admin review,1,3.5.docx,"{""raw"": ""7. What can cause the deterioration of a battery and shorten its service life?\n   a) Overcharging\n   b) Rapid discharging\n   c) Over-discharging and rapid charging or discharging\n   **Answer: c) Over-discharging and rapid charging or discharging**"", ""question"": ""7. What can cause the deterioration of a battery and shorten its service life?"", ""options"": [""Overcharging"", ""Rapid discharging"", ""Over-discharging and rapid charging or discharging""], ""correct"": null, ""answer_text"": null, ""category"": null, ""source_file"": ""3.5.docx"", ""source_module"": ""M3"", ""fmt"": ""docx"", ""module"": ""M3"", ""syllabusRef"": ""M3.3.2"", ""level"": 2, ""difficulty"": ""MEDIUM""}"
M3,,,8. What happens to a battery's efficiency with heavy discharge current?,It increases,It remains the same,It decreases,,,MEDIUM,,,,DRAFT,NEEDS_ANSWER — answer not provided in source; solve via Suntech corpus or admin review,1,3.5.docx,"{""raw"": ""8. What happens to a battery's efficiency with heavy discharge current?\n   a) It increases\n   b) It remains the same\n   c) It decreases\n   **Answer: c) It decreases**"", ""question"": ""8. What happens to a battery's efficiency with heavy discharge current?"", ""options"": [""It increases"", ""It remains the same"", ""It decreases""], ""correct"": null, ""answer_text"": null, ""category"": null, ""source_file"": ""3.5.docx"", ""source_module"": ""M3"", ""fmt"": ""docx"", ""module"": ""M3"", ""difficulty"": ""MEDIUM""}"
M3,M3.1.5,,9. Under what conditions is a 5-hour discharge time used for rating battery capacity?,In actual service conditions,During charging,For the basis of rating,,,MEDIUM,,,,DRAFT,NEEDS_ANSWER — answer not provided in source; solve via Suntech corpus or admin review,1,3.5.docx,"{""raw"": ""9. Under what conditions is a 5-hour discharge time used for rating battery capacity?\n   a) In actual service conditions\n   b) During charging\n   c) For the basis of rating\n   **Answer: c) For the basis of rating**"", ""question"": ""9. Under what conditions is a 5-hour discharge time used for rating battery capacity?"", ""options"": [""In actual service conditions"", ""During charging"", ""For the basis of rating""], ""correct"": null, ""answer_text"": null, ""category"": null, ""source_file"": ""3.5.docx"", ""source_module"": ""M3"", ""fmt"": ""docx"", ""module"": ""M3"", ""syllabusRef"": ""M3.1.5"", ""level"": null, ""difficulty"": ""MEDIUM""}"
M3,M3.03.03,,10. How does connecting batteries in parallel affect amp-hour capacity?,Increases it,Decreases it,Has no effect on it,,,MEDIUM,,,,DRAFT,NEEDS_ANSWER — answer not provided in source; solve via Suntech corpus or admin review,1,3.5.docx,"{""raw"": ""10. How does connecting batteries in parallel affect amp-hour capacity?\n    a) Increases it\n    b) Decreases it\n    c) Has no effect on it\n    **Answer: a) Increases it**\n**Lead-Acid Battery Testing Methods:**"", ""question"": ""10. How does connecting batteries in parallel affect amp-hour capacity?"", ""options"": [""Increases it"", ""Decreases it"", ""Has no effect on it""], ""correct"": null, ""answer_text"": null, ""category"": null, ""source_file"": ""3.5.docx"", ""source_module"": ""M3"", ""fmt"": ""docx"", ""module"": ""M3"", ""syllabusRef"": ""M3.03.03"", ""level"": null, ""difficulty"": ""MEDIUM""}"
M3,M3.1.5,,11. What is used to check the state of charge of a battery?,Voltage,Hydrometer,Ammeter,,,MEDIUM,,,,DRAFT,NEEDS_ANSWER — answer not provided in source; solve via Suntech corpus or admin review,1,3.5.docx,"{""raw"": ""11. What is used to check the state of charge of a battery?\n    a) Voltage\n    b) Hydrometer\n    c) Ammeter\n    **Answer: b) Hydrometer**"", ""question"": ""11. What is used to check the state of charge of a battery?"", ""options"": [""Voltage"", ""Hydrometer"", ""Ammeter""], ""correct"": null, ""answer_text"": null, ""category"": null, ""source_file"": ""3.5.docx"", ""source_module"": ""M3"", ""fmt"": ""docx"", ""module"": ""M3"", ""syllabusRef"": ""M3.1.5"", ""level"": null, ""difficulty"": ""MEDIUM""}"
M3,,,12. What does a hydrometer measure in the electrolyte of a battery?,Temperature,Voltage,Specific gravity,,,MEDIUM,,,,DRAFT,NEEDS_ANSWER — answer not provided in source; solve via Suntech corpus or admin review,1,3.5.docx,"{""raw"": ""12. What does a hydrometer measure in the electrolyte of a battery?\n    a) Temperature\n    b) Voltage\n    c) Specific gravity\n    **Answer: c) Specific gravity**"", ""question"": ""12. What does a hydrometer measure in the electrolyte of a battery?"", ""options"": [""Temperature"", ""Voltage"", ""Specific gravity""], ""correct"": null, ""answer_text"": null, ""category"": null, ""source_file"": ""3.5.docx"", ""source_module"": ""M3"", ""fmt"": ""docx"", ""module"": ""M3"", ""difficulty"": ""MEDIUM""}"
M3,,,13. How does the specific gravity of the electrolyte change during discharge?,It becomes denser,It remains the same,It becomes less dense,,,MEDIUM,,,,DRAFT,NEEDS_ANSWER — answer not provided in source; solve via Suntech corpus or admin review,1,3.5.docx,"{""raw"": ""13. How does the specific gravity of the electrolyte change during discharge?\n    a) It becomes denser\n    b) It remains the same\n    c) It becomes less dense\n    **Answer: c) It becomes less dense**"", ""question"": ""13. How does the specific gravity of the electrolyte change during discharge?"", ""options"": [""It becomes denser"", ""It remains the same"", ""It becomes less dense""], ""correct"": null, ""answer_text"": null, ""category"": null, ""source_file"": ""3.5.docx"", ""source_module"": ""M3"", ""fmt"": ""docx"", ""module"": ""M3"", ""difficulty"": ""MEDIUM""}"
M3,M3.1.5,,14. What specific gravity reading indicates a high state of charge?,1.100 to 1.200,1.200 to 1.240,1.275 to 1.300,,,MEDIUM,,,,DRAFT,NEEDS_ANSWER — answer not provided in source; solve via Suntech corpus or admin review,1,3.5.docx,"{""raw"": ""14. What specific gravity reading indicates a high state of charge?\n    a) 1.100 to 1.200\n    b) 1.200 to 1.240\n    c) 1.275 to 1.300\n    **Answer: c) 1.275 to 1.300**"", ""question"": ""14. What specific gravity reading indicates a high state of charge?"", ""options"": [""1.100 to 1.200"", ""1.200 to 1.240"", ""1.275 to 1.300""], ""correct"": null, ""answer_text"": null, ""category"": null, ""source_file"": ""3.5.docx"", ""source_module"": ""M3"", ""fmt"": ""docx"", ""module"": ""M3"", ""syllabusRef"": ""M3.1.5"", ""level"": null, ""difficulty"": ""MEDIUM""}"
M3,,,15. When is it recommended to take hydrometer readings in relation to adding distilled water?,After adding distilled water,Before adding distilled water,It doesn't matter when,,,MEDIUM,,,,DRAFT,NEEDS_ANSWER — answer not provided in source; solve via Suntech corpus or admin review,1,3.5.docx,"{""raw"": ""15. When is it recommended to take hydrometer readings in relation to adding distilled water?\n    a) After adding distilled water\n    b) Before adding distilled water\n    c) It doesn't matter when\n    **Answer: b) Before adding distilled water**"", ""question"": ""15. When is it recommended to take hydrometer readings in relation to adding distilled water?"", ""options"": [""After adding distilled water"", ""Before adding distilled water"", ""It doesn't matter when""], ""correct"": null, ""answer_text"": null, ""category"": null, ""source_file"": ""3.5.docx"", ""source_module"": ""M3"", ""fmt"": ""docx"", ""module"": ""M3"", ""difficulty"": ""MEDIUM""}"
M3,M3.3.2,2,16. What should be done if sulfuric acid comes in contact with the skin?,Wash with water and apply bicarbonate of soda,Leave it alone; it will evaporate,Apply oil or grease to neutralize it,,,MEDIUM,,,,DRAFT,NEEDS_ANSWER — answer not provided in source; solve via Suntech corpus or admin review,1,3.5.docx,"{""raw"": ""16. What should be done if sulfuric acid comes in contact with the skin?\n    a) Wash with water and apply bicarbonate of soda\n    b) Leave it alone; it will evaporate\n    c) Apply oil or grease to neutralize it\n    **Answer: a) Wash with water and apply bicarbonate of soda**\nCertainly, here are more multiple-choice questions related to the information about battery ratings, battery life cycles, and lead-acid battery testing methods, along with their solutions:\n**Battery Ratings:**"", ""question"": ""16. What should be done if sulfuric acid comes in contact with the skin?"", ""options"": [""Wash with water and apply bicarbonate of soda"", ""Leave it alone; it will evaporate"", ""Apply oil or grease to neutralize it""], ""correct"": null, ""answer_text"": null, ""category"": null, ""source_file"": ""3.5.docx"", ""source_module"": ""M3"", ""fmt"": ""docx"", ""module"": ""M3"", ""syllabusRef"": ""M3.3.2"", ""level"": 2, ""difficulty"": ""MEDIUM""}"
M3,M3.1.5,,17. What is the typical voltage rating of a 24-volt battery composed of lead-acid cells connected in series?,12 volts,24 volts,48 volts,,,MEDIUM,,,,DRAFT,NEEDS_ANSWER — answer not provided in source; solve via Suntech corpus or admin review,1,3.5.docx,"{""raw"": ""17. What is the typical voltage rating of a 24-volt battery composed of lead-acid cells connected in series?\n    a) 12 volts\n    b) 24 volts\n    c) 48 volts\n    **Answer: b) 24 volts**"", ""question"": ""17. What is the typical voltage rating of a 24-volt battery composed of lead-acid cells connected in series?"", ""options"": [""12 volts"", ""24 volts"", ""48 volts""], ""correct"": null, ""answer_text"": null, ""category"": null, ""source_file"": ""3.5.docx"", ""source_module"": ""M3"", ""fmt"": ""docx"", ""module"": ""M3"", ""syllabusRef"": ""M3.1.5"", ""level"": null, ""difficulty"": ""MEDIUM""}"
M3,M3.1.5,,18. Which factor determines the amp-hour capacity of a battery?,The size of the battery case,The rate of discharge,The total effective plate area,,,MEDIUM,,,,DRAFT,NEEDS_ANSWER — answer not provided in source; solve via Suntech corpus or admin review,1,3.5.docx,"{""raw"": ""18. Which factor determines the amp-hour capacity of a battery?\n    a) The size of the battery case\n    b) The rate of discharge\n    c) The total effective plate area\n    **Answer: c) The total effective plate area**"", ""question"": ""18. Which factor determines the amp-hour capacity of a battery?"", ""options"": [""The size of the battery case"", ""The rate of discharge"", ""The total effective plate area""], ""correct"": null, ""answer_text"": null, ""category"": null, ""source_file"": ""3.5.docx"", ""source_module"": ""M3"", ""fmt"": ""docx"", ""module"": ""M3"", ""syllabusRef"": ""M3.1.5"", ""level"": null, ""difficulty"": ""MEDIUM""}"
M3,M3.03.03,,19. How does connecting batteries in series affect voltage?,Increases it,Decreases it,Has no effect on it,,,MEDIUM,,,,DRAFT,NEEDS_ANSWER — answer not provided in source; solve via Suntech corpus or admin review,1,3.5.docx,"{""raw"": ""19. How does connecting batteries in series affect voltage?\n    a) Increases it\n    b) Decreases it\n    c) Has no effect on it\n    **Answer: a) Increases it**"", ""question"": ""19. How does connecting batteries in series affect voltage?"", ""options"": [""Increases it"", ""Decreases it"", ""Has no effect on it""], ""correct"": null, ""answer_text"": null, ""category"": null, ""source_file"": ""3.5.docx"", ""source_module"": ""M3"", ""fmt"": ""docx"", ""module"": ""M3"", ""syllabusRef"": ""M3.03.03"", ""level"": null, ""difficulty"": ""MEDIUM""}"
M3,M3.1.5,,"20. In an aircraft battery, what does a low state of charge indicate?",Less than 20% capacity remaining,An immediate need for recharging,Sufficient charge for normal operation,,,MEDIUM,,,,DRAFT,NEEDS_ANSWER — answer not provided in source; solve via Suntech corpus or admin review,1,3.5.docx,"{""raw"": ""20. In an aircraft battery, what does a low state of charge indicate?\n    a) Less than 20% capacity remaining\n    b) An immediate need for recharging\n    c) Sufficient charge for normal operation\n    **Answer: b) An immediate need for recharging**\n**Lead-Acid Battery Testing Methods:**"", ""question"": ""20. In an aircraft battery, what does a low state of charge indicate?"", ""options"": [""Less than 20% capacity remaining"", ""An immediate need for recharging"", ""Sufficient charge for normal operation""], ""correct"": null, ""answer_text"": null, ""category"": null, ""source_file"": ""3.5.docx"", ""source_module"": ""M3"", ""fmt"": ""docx"", ""module"": ""M3"", ""syllabusRef"": ""M3.1.5"", ""level"": null, ""difficulty"": ""MEDIUM""}"
M3,,,24. How does temperature affect hydrometer readings?,It has no effect on readings,It can cause hydrometer damage,Correction factors must be applied,,,MEDIUM,,,,DRAFT,NEEDS_ANSWER — answer not provided in source; solve via Suntech corpus or admin review,1,3.5.docx,"{""raw"": ""24. How does temperature affect hydrometer readings?\n    a) It has no effect on readings\n    b) It can cause hydrometer damage\n    c) Correction factors must be applied\n    **Answer: c) Correction factors must be applied**"", ""question"": ""24. How does temperature affect hydrometer readings?"", ""options"": [""It has no effect on readings"", ""It can cause hydrometer damage"", ""Correction factors must be applied""], ""correct"": null, ""answer_text"": null, ""category"": null, ""source_file"": ""3.5.docx"", ""source_module"": ""M3"", ""fmt"": ""docx"", ""module"": ""M3"", ""difficulty"": ""MEDIUM""}"
M3,M3.1.5,,25. What should you do if the electrolyte in a cell has additives other than distilled water?,Conduct the hydrometer test as usual,Avoid conducting the hydrometer test,Consult the manufacturer for specific gravity values,,,MEDIUM,,,,DRAFT,NEEDS_ANSWER — answer not provided in source; solve via Suntech corpus or admin review,1,3.5.docx,"{""raw"": ""25. What should you do if the electrolyte in a cell has additives other than distilled water?\n    a) Conduct the hydrometer test as usual\n    b) Avoid conducting the hydrometer test\n    c) Consult the manufacturer for specific gravity values\n    **Answer: b) Avoid conducting the hydrometer test**"", ""question"": ""25. What should you do if the electrolyte in a cell has additives other than distilled water?"", ""options"": [""Conduct the hydrometer test as usual"", ""Avoid conducting the hydrometer test"", ""Consult the manufacturer for specific gravity values""], ""correct"": null, ""answer_text"": null, ""category"": null, ""source_file"": ""3.5.docx"", ""source_module"": ""M3"", ""fmt"": ""docx"", ""module"": ""M3"", ""syllabusRef"": ""M3.1.5"", ""level"": null, ""difficulty"": ""MEDIUM""}"
M3,,,26. Why is it important to handle the electrolyte in lead-acid cells with care?,To prevent it from evaporating,To avoid contamination,To increase its density,,,MEDIUM,,,,DRAFT,NEEDS_ANSWER — answer not provided in source; solve via Suntech corpus or admin review,1,3.5.docx,"{""raw"": ""26. Why is it important to handle the electrolyte in lead-acid cells with care?\n    a) To prevent it from evaporating\n    b) To avoid contamination\n    c) To increase its density\n    **Answer: b) To avoid contamination**\nCertainly! Here are 20 multiple-choice questions related to the information about lead-acid battery charging methods, along with their solutions:"", ""question"": ""26. Why is it important to handle the electrolyte in lead-acid cells with care?"", ""options"": [""To prevent it from evaporating"", ""To avoid contamination"", ""To increase its density""], ""correct"": null, ""answer_text"": null, ""category"": null, ""source_file"": ""3.5.docx"", ""source_module"": ""M3"", ""fmt"": ""docx"", ""module"": ""M3"", ""difficulty"": ""MEDIUM""}"
M3,M3.03.07,,1. What is the primary purpose of passing direct current through a storage battery in the opposite direction of discharge current?,To increase internal resistance,To discharge the battery,To charge the battery,,,MEDIUM,,,,DRAFT,NEEDS_ANSWER — answer not provided in source; solve via Suntech corpus or admin review,1,3.5.docx,"{""raw"": ""1. What is the primary purpose of passing direct current through a storage battery in the opposite direction of discharge current?\n   a) To increase internal resistance\n   b) To discharge the battery\n   c) To charge the battery\n   **Answer: c) To charge the battery**"", ""question"": ""1. What is the primary purpose of passing direct current through a storage battery in the opposite direction of discharge current?"", ""options"": [""To increase internal resistance"", ""To discharge the battery"", ""To charge the battery""], ""correct"": null, ""answer_text"": null, ""category"": null, ""source_file"": ""3.5.docx"", ""source_module"": ""M3"", ""fmt"": ""docx"", ""module"": ""M3"", ""syllabusRef"": ""M3.03.07"", ""level"": null, ""difficulty"": ""MEDIUM""}"
M3,M3.03.07,,2. Why does the external charging source voltage need to be greater than the open circuit voltage of a lead-acid battery?,To reduce the internal resistance,To prevent overcharging,To overcome the voltage drop caused by internal resistance,,,MEDIUM,,,,DRAFT,NEEDS_ANSWER — answer not provided in source; solve via Suntech corpus or admin review,1,3.5.docx,"{""raw"": ""2. Why does the external charging source voltage need to be greater than the open circuit voltage of a lead-acid battery?\n   a) To reduce the internal resistance\n   b) To prevent overcharging\n   c) To overcome the voltage drop caused by internal resistance\n   **Answer: c) To overcome the voltage drop caused by internal resistance**"", ""question"": ""2. Why does the external charging source voltage need to be greater than the open circuit voltage of a lead-acid battery?"", ""options"": [""To reduce the internal resistance"", ""To prevent overcharging"", ""To overcome the voltage drop caused by internal resistance""], ""correct"": null, ""answer_text"": null, ""category"": null, ""source_file"": ""3.5.docx"", ""source_module"": ""M3"", ""fmt"": ""docx"", ""module"": ""M3"", ""syllabusRef"": ""M3.03.07"", ""level"": null, ""difficulty"": ""MEDIUM""}"
M3,M3.03.07,,3. What happens to the internal resistance of a battery over time?,It decreases,It remains constant,It increases,,,MEDIUM,,,,DRAFT,NEEDS_ANSWER — answer not provided in source; solve via Suntech corpus or admin review,1,3.5.docx,"{""raw"": ""3. What happens to the internal resistance of a battery over time?\n   a) It decreases\n   b) It remains constant\n   c) It increases\n   **Answer: c) It increases**"", ""question"": ""3. What happens to the internal resistance of a battery over time?"", ""options"": [""It decreases"", ""It remains constant"", ""It increases""], ""correct"": null, ""answer_text"": null, ""category"": null, ""source_file"": ""3.5.docx"", ""source_module"": ""M3"", ""fmt"": ""docx"", ""module"": ""M3"", ""syllabusRef"": ""M3.03.07"", ""level"": null, ""difficulty"": ""MEDIUM""}"
M3,M3.1.5,,4. Which charging method requires a longer time to fully charge a battery and presents the danger of overcharging?,Constant voltage method,Constant current method,Both methods take the same amount of time,,,MEDIUM,,,,DRAFT,NEEDS_ANSWER — answer not provided in source; solve via Suntech corpus or admin review,1,3.5.docx,"{""raw"": ""4. Which charging method requires a longer time to fully charge a battery and presents the danger of overcharging?\n   a) Constant voltage method\n   b) Constant current method\n   c) Both methods take the same amount of time\n   **Answer: b) Constant current method**"", ""question"": ""4. Which charging method requires a longer time to fully charge a battery and presents the danger of overcharging?"", ""options"": [""Constant voltage method"", ""Constant current method"", ""Both methods take the same amount of time""], ""correct"": null, ""answer_text"": null, ""category"": null, ""source_file"": ""3.5.docx"", ""source_module"": ""M3"", ""fmt"": ""docx"", ""module"": ""M3"", ""syllabusRef"": ""M3.1.5"", ""level"": null, ""difficulty"": ""MEDIUM""}"
M3,M3.3.2,2,5. What is generated by a storage battery during the charging process and requires precautions to prevent ignition?,Carbon dioxide,Nitrogen,Hydrogen and oxygen,,,MEDIUM,,,,DRAFT,NEEDS_ANSWER — answer not provided in source; solve via Suntech corpus or admin review,1,3.5.docx,"{""raw"": ""5. What is generated by a storage battery during the charging process and requires precautions to prevent ignition?\n   a) Carbon dioxide\n   b) Nitrogen\n   c) Hydrogen and oxygen\n   **Answer: c) Hydrogen and oxygen**"", ""question"": ""5. What is generated by a storage battery during the charging process and requires precautions to prevent ignition?"", ""options"": [""Carbon dioxide"", ""Nitrogen"", ""Hydrogen and oxygen""], ""correct"": null, ""answer_text"": null, ""category"": null, ""source_file"": ""3.5.docx"", ""source_module"": ""M3"", ""fmt"": ""docx"", ""module"": ""M3"", ""syllabusRef"": ""M3.3.2"", ""level"": 2, ""difficulty"": ""MEDIUM""}"
M3,M3.1.5,,6. What precaution should be taken when connecting or disconnecting a battery to the charge?,Leave the vent caps open,Ensure open flames are present,Turn off the power by means of a remote switch,,,MEDIUM,,,,DRAFT,NEEDS_ANSWER — answer not provided in source; solve via Suntech corpus or admin review,1,3.5.docx,"{""raw"": ""6. What precaution should be taken when connecting or disconnecting a battery to the charge?\n   a) Leave the vent caps open\n   b) Ensure open flames are present\n   c) Turn off the power by means of a remote switch\n   **Answer: c) Turn off the power by means of a remote switch**"", ""question"": ""6. What precaution should be taken when connecting or disconnecting a battery to the charge?"", ""options"": [""Leave the vent caps open"", ""Ensure open flames are present"", ""Turn off the power by means of a remote switch""], ""correct"": null, ""answer_text"": null, ""category"": null, ""source_file"": ""3.5.docx"", ""source_module"": ""M3"", ""fmt"": ""docx"", ""module"": ""M3"", ""syllabusRef"": ""M3.1.5"", ""level"": null, ""difficulty"": ""MEDIUM""}"
M3,M3.03.07,,"7. In lead-acid batteries, what causes the internal resistance to increase over time?",Charging at higher voltages,Conversion of active material to lead sulfate,Use of a voltage regulator,,,MEDIUM,,,,DRAFT,NEEDS_ANSWER — answer not provided in source; solve via Suntech corpus or admin review,1,3.5.docx,"{""raw"": ""7. In lead-acid batteries, what causes the internal resistance to increase over time?\n   a) Charging at higher voltages\n   b) Conversion of active material to lead sulfate\n   c) Use of a voltage regulator\n   **Answer: b) Conversion of active material to lead sulfate**"", ""question"": ""7. In lead-acid batteries, what causes the internal resistance to increase over time?"", ""options"": [""Charging at higher voltages"", ""Conversion of active material to lead sulfate"", ""Use of a voltage regulator""], ""correct"": null, ""answer_text"": null, ""category"": null, ""source_file"": ""3.5.docx"", ""source_module"": ""M3"", ""fmt"": ""docx"", ""module"": ""M3"", ""syllabusRef"": ""M3.03.07"", ""level"": null, ""difficulty"": ""MEDIUM""}"
M3,M3.1.5,,8. Which method of charging a lead-acid battery is characterized by a high initial current that tapers off as the battery becomes fully charged?,Constant voltage method,Constant current method,Variable voltage method,,,MEDIUM,,,,DRAFT,NEEDS_ANSWER — answer not provided in source; solve via Suntech corpus or admin review,1,3.5.docx,"{""raw"": ""8. Which method of charging a lead-acid battery is characterized by a high initial current that tapers off as the battery becomes fully charged?\n   a) Constant voltage method\n   b) Constant current method\n   c) Variable voltage method\n   **Answer: a) Constant voltage method**"", ""question"": ""8. Which method of charging a lead-acid battery is characterized by a high initial current that tapers off as the battery becomes fully charged?"", ""options"": [""Constant voltage method"", ""Constant current method"", ""Variable voltage method""], ""correct"": null, ""answer_text"": null, ""category"": null, ""source_file"": ""3.5.docx"", ""source_module"": ""M3"", ""fmt"": ""docx"", ""module"": ""M3"", ""syllabusRef"": ""M3.1.5"", ""level"": null, ""difficulty"": ""MEDIUM""}"
M3,,,9. What is the danger associated with the constant current method of charging a battery?,Over-discharging,Overheating of the plates,Voltage drop in the external circuit,,,MEDIUM,,,,DRAFT,NEEDS_ANSWER — answer not provided in source; solve via Suntech corpus or admin review,1,3.5.docx,"{""raw"": ""9. What is the danger associated with the constant current method of charging a battery?\n   a) Over-discharging\n   b) Overheating of the plates\n   c) Voltage drop in the external circuit\n   **Answer: b) Overheating of the plates**"", ""question"": ""9. What is the danger associated with the constant current method of charging a battery?"", ""options"": [""Over-discharging"", ""Overheating of the plates"", ""Voltage drop in the external circuit""], ""correct"": null, ""answer_text"": null, ""category"": null, ""source_file"": ""3.5.docx"", ""source_module"": ""M3"", ""fmt"": ""docx"", ""module"": ""M3"", ""difficulty"": ""MEDIUM""}"
M3,,,10. How is the specific gravity of the electrolyte in a lead-acid cell measured?,Using a voltmeter,Using a hydrometer,Using an ammeter,,,MEDIUM,,,,DRAFT,NEEDS_ANSWER — answer not provided in source; solve via Suntech corpus or admin review,1,3.5.docx,"{""raw"": ""10. How is the specific gravity of the electrolyte in a lead-acid cell measured?\n    a) Using a voltmeter\n    b) Using a hydrometer\n    c) Using an ammeter\n    **Answer: b) Using a hydrometer**"", ""question"": ""10. How is the specific gravity of the electrolyte in a lead-acid cell measured?"", ""options"": [""Using a voltmeter"", ""Using a hydrometer"", ""Using an ammeter""], ""correct"": null, ""answer_text"": null, ""category"": null, ""source_file"": ""3.5.docx"", ""source_module"": ""M3"", ""fmt"": ""docx"", ""module"": ""M3"", ""difficulty"": ""MEDIUM""}"
M3,M3.1.5,,11. When should hydrometer readings be taken for a lead-acid battery?,After adding distilled water,Before adding distilled water,During the charging process,,,MEDIUM,,,,DRAFT,NEEDS_ANSWER — answer not provided in source; solve via Suntech corpus or admin review,1,3.5.docx,"{""raw"": ""11. When should hydrometer readings be taken for a lead-acid battery?\n    a) After adding distilled water\n    b) Before adding distilled water\n    c) During the charging process\n    **Answer: b) Before adding distilled water**"", ""question"": ""11. When should hydrometer readings be taken for a lead-acid battery?"", ""options"": [""After adding distilled water"", ""Before adding distilled water"", ""During the charging process""], ""correct"": null, ""answer_text"": null, ""category"": null, ""source_file"": ""3.5.docx"", ""source_module"": ""M3"", ""fmt"": ""docx"", ""module"": ""M3"", ""syllabusRef"": ""M3.1.5"", ""level"": null, ""difficulty"": ""MEDIUM""}"
M3,M3.03.07,,12. What is the purpose of adding distilled water to a lead-acid battery?,To increase the specific gravity,To decrease the internal resistance,To replace evaporated water,,,MEDIUM,,,,DRAFT,NEEDS_ANSWER — answer not provided in source; solve via Suntech corpus or admin review,1,3.5.docx,"{""raw"": ""12. What is the purpose of adding distilled water to a lead-acid battery?\n    a) To increase the specific gravity\n    b) To decrease the internal resistance\n    c) To replace evaporated water\n    **Answer: c) To replace evaporated water**"", ""question"": ""12. What is the purpose of adding distilled water to a lead-acid battery?"", ""options"": [""To increase the specific gravity"", ""To decrease the internal resistance"", ""To replace evaporated water""], ""correct"": null, ""answer_text"": null, ""category"": null, ""source_file"": ""3.5.docx"", ""source_module"": ""M3"", ""fmt"": ""docx"", ""module"": ""M3"", ""syllabusRef"": ""M3.03.07"", ""level"": null, ""difficulty"": ""MEDIUM""}"
M3,,,13. Why is it important to consider the temperature when using a hydrometer to measure specific gravity?,Temperature affects the battery's color,Temperature affects the battery's voltage,Temperature affects the hydrometer readings,,,MEDIUM,,,,DRAFT,NEEDS_ANSWER — answer not provided in source; solve via Suntech corpus or admin review,1,3.5.docx,"{""raw"": ""13. Why is it important to consider the temperature when using a hydrometer to measure specific gravity?\n    a) Temperature affects the battery's color\n    b) Temperature affects the battery's voltage\n    c) Temperature affects the hydrometer readings\n    **Answer: c) Temperature affects the hydrometer readings**"", ""question"": ""13. Why is it important to consider the temperature when using a hydrometer to measure specific gravity?"", ""options"": [""Temperature affects the battery's color"", ""Temperature affects the battery's voltage"", ""Temperature affects the hydrometer readings""], ""correct"": null, ""answer_text"": null, ""category"": null, ""source_file"": ""3.5.docx"", ""source_module"": ""M3"", ""fmt"": ""docx"", ""module"": ""M3"", ""difficulty"": ""MEDIUM""}"
M3,M3.03.07,,14. What precautions should be taken when handling the electrolyte in a lead-acid battery?,Wear gloves and safety goggles,Use a voltmeter to check acidity,Heat the electrolyte to reduce resistance,,,MEDIUM,,,,DRAFT,NEEDS_ANSWER — answer not provided in source; solve via Suntech corpus or admin review,1,3.5.docx,"{""raw"": ""14. What precautions should be taken when handling the electrolyte in a lead-acid battery?\n    a) Wear gloves and safety goggles\n    b) Use a voltmeter to check acidity\n    c) Heat the electrolyte to reduce resistance\n    **Answer: a) Wear gloves and safety goggles**"", ""question"": ""14. What precautions should be taken when handling the electrolyte in a lead-acid battery?"", ""options"": [""Wear gloves and safety goggles"", ""Use a voltmeter to check acidity"", ""Heat the electrolyte to reduce resistance""], ""correct"": null, ""answer_text"": null, ""category"": null, ""source_file"": ""3.5.docx"", ""source_module"": ""M3"", ""fmt"": ""docx"", ""module"": ""M3"", ""syllabusRef"": ""M3.03.07"", ""level"": null, ""difficulty"": ""MEDIUM""}"
M3,M3.3.2,2,15. What precautions should be taken to prevent ignition of the hydrogen and oxygen mixture generated during battery charging?,Tighten the vent caps,Use open flames for illumination,Avoid open flames and sparks in the vicinity,,,MEDIUM,,,,DRAFT,NEEDS_ANSWER — answer not provided in source; solve via Suntech corpus or admin review,1,3.5.docx,"{""raw"": ""15. What precautions should be taken to prevent ignition of the hydrogen and oxygen mixture generated during battery charging?\n    a) Tighten the vent caps\n    b) Use open flames for illumination\n    c) Avoid open flames and sparks in the vicinity\n    **Answer: c) Avoid open flames and sparks in the vicinity**"", ""question"": ""15. What precautions should be taken to prevent ignition of the hydrogen and oxygen mixture generated during battery charging?"", ""options"": [""Tighten the vent caps"", ""Use open flames for illumination"", ""Avoid open flames and sparks in the vicinity""], ""correct"": null, ""answer_text"": null, ""category"": null, ""source_file"": ""3.5.docx"", ""source_module"": ""M3"", ""fmt"": ""docx"", ""module"": ""M3"", ""syllabusRef"": ""M3.3.2"", ""level"": 2, ""difficulty"": ""MEDIUM""}"
M3,,,17. What is the purpose of the vent caps on a lead-acid battery during the charging process?,To release excess oxygen,To prevent overcharging,To allow gases to escape safely,,,MEDIUM,,,,DRAFT,NEEDS_ANSWER — answer not provided in source; solve via Suntech corpus or admin review,1,3.5.docx,"{""raw"": ""17. What is the purpose of the vent caps on a lead-acid battery during the charging process?\n    a) To release excess oxygen\n    b) To prevent overcharging\n    c) To allow gases to escape safely\n    **Answer: c) To allow gases to escape safely**"", ""question"": ""17. What is the purpose of the vent caps on a lead-acid battery during the charging process?"", ""options"": [""To release excess oxygen"", ""To prevent overcharging"", ""To allow gases to escape safely""], ""correct"": null, ""answer_text"": null, ""category"": null, ""source_file"": ""3.5.docx"", ""source_module"": ""M3"", ""fmt"": ""docx"", ""module"": ""M3"", ""difficulty"": ""MEDIUM""}"
M3,M3.1.5,,18. Which method of charging a lead-acid battery is more commonly used in aircraft charging systems?,Constant voltage method,Constant current method,Variable voltage method,,,MEDIUM,,,,DRAFT,NEEDS_ANSWER — answer not provided in source; solve via Suntech corpus or admin review,1,3.5.docx,"{""raw"": ""18. Which method of charging a lead-acid battery is more commonly used in aircraft charging systems?\n    a) Constant voltage method\n    b) Constant current method\n    c) Variable voltage method\n    **Answer: a) Constant voltage method**"", ""question"": ""18. Which method of charging a lead-acid battery is more commonly used in aircraft charging systems?"", ""options"": [""Constant voltage method"", ""Constant current method"", ""Variable voltage method""], ""correct"": null, ""answer_text"": null, ""category"": null, ""source_file"": ""3.5.docx"", ""source_module"": ""M3"", ""fmt"": ""docx"", ""module"": ""M3"", ""syllabusRef"": ""M3.1.5"", ""level"": null, ""difficulty"": ""MEDIUM""}"
M3,M3.1.5,,19. When should the power be turned off by means of a remote switch when working with a battery?,After connecting the battery to the charge,Before connecting the battery to the charge,During the charging process,,,MEDIUM,,,,DRAFT,NEEDS_ANSWER — answer not provided in source; solve via Suntech corpus or admin review,1,3.5.docx,"{""raw"": ""19. When should the power be turned off by means of a remote switch when working with a battery?\n    a) After connecting the battery to the charge\n    b) Before connecting the battery to the charge\n    c) During the charging process\n    **Answer: b) Before connecting the battery to the charge**"", ""question"": ""19. When should the power be turned off by means of a remote switch when working with a battery?"", ""options"": [""After connecting the battery to the charge"", ""Before connecting the battery to the charge"", ""During the charging process""], ""correct"": null, ""answer_text"": null, ""category"": null, ""source_file"": ""3.5.docx"", ""source_module"": ""M3"", ""fmt"": ""docx"", ""module"": ""M3"", ""syllabusRef"": ""M3.1.5"", ""level"": null, ""difficulty"": ""MEDIUM""}"
M3,M3.03.07,,20. What is the primary danger associated with overcharging a lead-acid battery?,Decreased internal resistance,Increased specific gravity,Thermal runaway and potential battery damage,,,MEDIUM,,,,DRAFT,NEEDS_ANSWER — answer not provided in source; solve via Suntech corpus or admin review,1,3.5.docx,"{""raw"": ""20. What is the primary danger associated with overcharging a lead-acid battery?\n    a) Decreased internal resistance\n    b) Increased specific gravity\n    c) Thermal runaway and potential battery damage\n    **Answer: c) Thermal runaway and potential battery damage**"", ""question"": ""20. What is the primary danger associated with overcharging a lead-acid battery?"", ""options"": [""Decreased internal resistance"", ""Increased specific gravity"", ""Thermal runaway and potential battery damage""], ""correct"": null, ""answer_text"": null, ""category"": null, ""source_file"": ""3.5.docx"", ""source_module"": ""M3"", ""fmt"": ""docx"", ""module"": ""M3"", ""syllabusRef"": ""M3.03.07"", ""level"": null, ""difficulty"": ""MEDIUM""}"
M3,,,2. What is the electrolyte used in nickel-cadmium cells?,Sulfuric acid,Potassium hydroxide (KOH),Distilled water,,,MEDIUM,,,,DRAFT,NEEDS_ANSWER — answer not provided in source; solve via Suntech corpus or admin review,1,3.5.docx,"{""raw"": ""2. What is the electrolyte used in nickel-cadmium cells?\n   a) Sulfuric acid\n   b) Potassium hydroxide (KOH)\n   c) Distilled water\n   **Answer: b) Potassium hydroxide (KOH)**"", ""question"": ""2. What is the electrolyte used in nickel-cadmium cells?"", ""options"": [""Sulfuric acid"", ""Potassium hydroxide (KOH)"", ""Distilled water""], ""correct"": null, ""answer_text"": null, ""category"": null, ""source_file"": ""3.5.docx"", ""source_module"": ""M3"", ""fmt"": ""docx"", ""module"": ""M3"", ""difficulty"": ""MEDIUM""}"
M3,M3.1.5,,3. What is the typical open circuit voltage of a nickel-cadmium battery cell?,1.5 volts,1.0 volt,1.25 volts,,,MEDIUM,,,,DRAFT,NEEDS_ANSWER — answer not provided in source; solve via Suntech corpus or admin review,1,3.5.docx,"{""raw"": ""3. What is the typical open circuit voltage of a nickel-cadmium battery cell?\n   a) 1.5 volts\n   b) 1.0 volt\n   c) 1.25 volts\n   **Answer: c) 1.25 volts**"", ""question"": ""3. What is the typical open circuit voltage of a nickel-cadmium battery cell?"", ""options"": [""1.5 volts"", ""1.0 volt"", ""1.25 volts""], ""correct"": null, ""answer_text"": null, ""category"": null, ""source_file"": ""3.5.docx"", ""source_module"": ""M3"", ""fmt"": ""docx"", ""module"": ""M3"", ""syllabusRef"": ""M3.1.5"", ""level"": null, ""difficulty"": ""MEDIUM""}"
M3,M3.3.2,2,4. What happens to the negative plates of a nickel-cadmium battery during the charging process?,They gain oxygen,They lose oxygen and form metallic cadmium,They remain unchanged,,,MEDIUM,,,,DRAFT,NEEDS_ANSWER — answer not provided in source; solve via Suntech corpus or admin review,1,3.5.docx,"{""raw"": ""4. What happens to the negative plates of a nickel-cadmium battery during the charging process?\n   a) They gain oxygen\n   b) They lose oxygen and form metallic cadmium\n   c) They remain unchanged\n   **Answer: b) They lose oxygen and form metallic cadmium**"", ""question"": ""4. What happens to the negative plates of a nickel-cadmium battery during the charging process?"", ""options"": [""They gain oxygen"", ""They lose oxygen and form metallic cadmium"", ""They remain unchanged""], ""correct"": null, ""answer_text"": null, ""category"": null, ""source_file"": ""3.5.docx"", ""source_module"": ""M3"", ""fmt"": ""docx"", ""module"": ""M3"", ""syllabusRef"": ""M3.3.2"", ""level"": 2, ""difficulty"": ""MEDIUM""}"
M3,M3.3.2,2,5. What causes gassing in nickel-cadmium cells during charging?,Formation of metallic nickel,Decomposition of the electrolyte into hydrogen and oxygen,Overcharging of the positive plates,,,MEDIUM,,,,DRAFT,NEEDS_ANSWER — answer not provided in source; solve via Suntech corpus or admin review,1,3.5.docx,"{""raw"": ""5. What causes gassing in nickel-cadmium cells during charging?\n   a) Formation of metallic nickel\n   b) Decomposition of the electrolyte into hydrogen and oxygen\n   c) Overcharging of the positive plates\n   **Answer: b) Decomposition of the electrolyte into hydrogen and oxygen**"", ""question"": ""5. What causes gassing in nickel-cadmium cells during charging?"", ""options"": [""Formation of metallic nickel"", ""Decomposition of the electrolyte into hydrogen and oxygen"", ""Overcharging of the positive plates""], ""correct"": null, ""answer_text"": null, ""category"": null, ""source_file"": ""3.5.docx"", ""source_module"": ""M3"", ""fmt"": ""docx"", ""module"": ""M3"", ""syllabusRef"": ""M3.3.2"", ""level"": 2, ""difficulty"": ""MEDIUM""}"
M3,M3.3.07(a),,7. What is the result of the chemical action in a nickel-cadmium battery during discharge?,Conversion of electrical energy into chemical energy,Conversion of oxygen into hydrogen,Conversion of chemical energy into electrical energy,,,MEDIUM,,,,DRAFT,NEEDS_ANSWER — answer not provided in source; solve via Suntech corpus or admin review,1,3.5.docx,"{""raw"": ""7. What is the result of the chemical action in a nickel-cadmium battery during discharge?\n   a) Conversion of electrical energy into chemical energy\n   b) Conversion of oxygen into hydrogen\n   c) Conversion of chemical energy into electrical energy\n   **Answer: c) Conversion of chemical energy into electrical energy**"", ""question"": ""7. What is the result of the chemical action in a nickel-cadmium battery during discharge?"", ""options"": [""Conversion of electrical energy into chemical energy"", ""Conversion of oxygen into hydrogen"", ""Conversion of chemical energy into electrical energy""], ""correct"": null, ""answer_text"": null, ""category"": null, ""source_file"": ""3.5.docx"", ""source_module"": ""M3"", ""fmt"": ""docx"", ""module"": ""M3"", ""syllabusRef"": ""M3.3.07(a)"", ""level"": null, ""difficulty"": ""MEDIUM""}"
M3,,,8. What type of battery is typically interchangeable with a nickel-cadmium battery?,Alkaline battery,Lead-acid battery,Lithium-ion battery,,,MEDIUM,,,,DRAFT,NEEDS_ANSWER — answer not provided in source; solve via Suntech corpus or admin review,1,3.5.docx,"{""raw"": ""8. What type of battery is typically interchangeable with a nickel-cadmium battery?\n   a) Alkaline battery\n   b) Lead-acid battery\n   c) Lithium-ion battery\n   **Answer: b) Lead-acid battery**"", ""question"": ""8. What type of battery is typically interchangeable with a nickel-cadmium battery?"", ""options"": [""Alkaline battery"", ""Lead-acid battery"", ""Lithium-ion battery""], ""correct"": null, ""answer_text"": null, ""category"": null, ""source_file"": ""3.5.docx"", ""source_module"": ""M3"", ""fmt"": ""docx"", ""module"": ""M3"", ""difficulty"": ""MEDIUM""}"
M3,M3.3.2,2,9. In what condition should the battery compartment be when replacing a lead acid battery with a nickel-cadmium battery?,Wet and filled with acid,"Dry, clean, and free of acid residues",Painted with sulfuric acid-resistant varnish,,,MEDIUM,,,,DRAFT,NEEDS_ANSWER — answer not provided in source; solve via Suntech corpus or admin review,1,3.5.docx,"{""raw"": ""9. In what condition should the battery compartment be when replacing a lead acid battery with a nickel-cadmium battery?\n   a) Wet and filled with acid\n   b) Dry, clean, and free of acid residues\n   c) Painted with sulfuric acid-resistant varnish\n   **Answer: b) Dry, clean, and free of acid residues**"", ""question"": ""9. In what condition should the battery compartment be when replacing a lead acid battery with a nickel-cadmium battery?"", ""options"": [""Wet and filled with acid"", ""Dry, clean, and free of acid residues"", ""Painted with sulfuric acid-resistant varnish""], ""correct"": null, ""answer_text"": null, ""category"": null, ""source_file"": ""3.5.docx"", ""source_module"": ""M3"", ""fmt"": ""docx"", ""module"": ""M3"", ""syllabusRef"": ""M3.3.2"", ""level"": 2, ""difficulty"": ""MEDIUM""}"
M3,M3.03.03,,"10. In extended standby applications, which type of battery is often preferred over nickel-cadmium batteries?",Nickel-cadmium (Ni-Cad),Lead-acid,Alkaline,,,MEDIUM,,,,DRAFT,NEEDS_ANSWER — answer not provided in source; solve via Suntech corpus or admin review,1,3.5.docx,"{""raw"": ""10. In extended standby applications, which type of battery is often preferred over nickel-cadmium batteries?\n    a) Nickel-cadmium (Ni-Cad)\n    b) Lead-acid\n    c) Alkaline\n    **Answer: b) Lead-acid**"", ""question"": ""10. In extended standby applications, which type of battery is often preferred over nickel-cadmium batteries?"", ""options"": [""Nickel-cadmium (Ni-Cad)"", ""Lead-acid"", ""Alkaline""], ""correct"": null, ""answer_text"": null, ""category"": null, ""source_file"": ""3.5.docx"", ""source_module"": ""M3"", ""fmt"": ""docx"", ""module"": ""M3"", ""syllabusRef"": ""M3.03.03"", ""level"": null, ""difficulty"": ""MEDIUM""}"
M3,M3.3.2,2,11. What should be done to the battery sump jar pad before connecting the battery vent system?,Soak it in distilled water,Saturate it with a boric acid and water solution,Replace it with a new pad,,,MEDIUM,,,,DRAFT,NEEDS_ANSWER — answer not provided in source; solve via Suntech corpus or admin review,1,3.5.docx,"{""raw"": ""11. What should be done to the battery sump jar pad before connecting the battery vent system?\n    a) Soak it in distilled water\n    b) Saturate it with a boric acid and water solution\n    c) Replace it with a new pad\n    **Answer: b) Saturate it with a boric acid and water solution**"", ""question"": ""11. What should be done to the battery sump jar pad before connecting the battery vent system?"", ""options"": [""Soak it in distilled water"", ""Saturate it with a boric acid and water solution"", ""Replace it with a new pad""], ""correct"": null, ""answer_text"": null, ""category"": null, ""source_file"": ""3.5.docx"", ""source_module"": ""M3"", ""fmt"": ""docx"", ""module"": ""M3"", ""syllabusRef"": ""M3.3.2"", ""level"": 2, ""difficulty"": ""MEDIUM""}"
M3,M3.1.5,,12. Which element is found in the charged positive plate (Anode) of a nickel-cadmium cell?,Nickel,Cadmium,Hydrogen,,,MEDIUM,,,,DRAFT,NEEDS_ANSWER — answer not provided in source; solve via Suntech corpus or admin review,1,3.5.docx,"{""raw"": ""12. Which element is found in the charged positive plate (Anode) of a nickel-cadmium cell?\n    a) Nickel\n    b) Cadmium\n    c) Hydrogen\n    **Answer: a) Nickel**"", ""question"": ""12. Which element is found in the charged positive plate (Anode) of a nickel-cadmium cell?"", ""options"": [""Nickel"", ""Cadmium"", ""Hydrogen""], ""correct"": null, ""answer_text"": null, ""category"": null, ""source_file"": ""3.5.docx"", ""source_module"": ""M3"", ""fmt"": ""docx"", ""module"": ""M3"", ""syllabusRef"": ""M3.1.5"", ""level"": null, ""difficulty"": ""MEDIUM""}"
M3,M3.1.5,,14. Which type of nickel-cadmium cells are suited for very high-rate charge and discharge service?,Pocket plate cells,Thin sintered plate cells,Sintered nickel matrices cells,,,MEDIUM,,,,DRAFT,NEEDS_ANSWER — answer not provided in source; solve via Suntech corpus or admin review,1,3.5.docx,"{""raw"": ""14. Which type of nickel-cadmium cells are suited for very high-rate charge and discharge service?\n    a) Pocket plate cells\n    b) Thin sintered plate cells\n    c) Sintered nickel matrices cells\n    **Answer: b) Thin sintered plate cells**"", ""question"": ""14. Which type of nickel-cadmium cells are suited for very high-rate charge and discharge service?"", ""options"": [""Pocket plate cells"", ""Thin sintered plate cells"", ""Sintered nickel matrices cells""], ""correct"": null, ""answer_text"": null, ""category"": null, ""source_file"": ""3.5.docx"", ""source_module"": ""M3"", ""fmt"": ""docx"", ""module"": ""M3"", ""syllabusRef"": ""M3.1.5"", ""level"": null, ""difficulty"": ""MEDIUM""}"
M3,M3.03.07,,15. What is the purpose of the porous plate grid structure in sintered nickel-cadmium cells?,To reduce internal resistance,To increase the weight of the battery,To provide mechanical strength,,,MEDIUM,,,,DRAFT,NEEDS_ANSWER — answer not provided in source; solve via Suntech corpus or admin review,1,3.5.docx,"{""raw"": ""15. What is the purpose of the porous plate grid structure in sintered nickel-cadmium cells?\n    a) To reduce internal resistance\n    b) To increase the weight of the battery\n    c) To provide mechanical strength\n    **Answer: a) To reduce internal resistance**"", ""question"": ""15. What is the purpose of the porous plate grid structure in sintered nickel-cadmium cells?"", ""options"": [""To reduce internal resistance"", ""To increase the weight of the battery"", ""To provide mechanical strength""], ""correct"": null, ""answer_text"": null, ""category"": null, ""source_file"": ""3.5.docx"", ""source_module"": ""M3"", ""fmt"": ""docx"", ""module"": ""M3"", ""syllabusRef"": ""M3.03.07"", ""level"": null, ""difficulty"": ""MEDIUM""}"
M3,M3.3.7(a),2,"17. During discharge, what happens to the electrolyte level in a nickel-cadmium battery?",It remains constant,It decreases significantly,It increases,,,MEDIUM,,,,DRAFT,NEEDS_ANSWER — answer not provided in source; solve via Suntech corpus or admin review,1,3.5.docx,"{""raw"": ""17. During discharge, what happens to the electrolyte level in a nickel-cadmium battery?\n    a) It remains constant\n    b) It decreases significantly\n    c) It increases\n    **Answer: c) It increases**"", ""question"": ""17. During discharge, what happens to the electrolyte level in a nickel-cadmium battery?"", ""options"": [""It remains constant"", ""It decreases significantly"", ""It increases""], ""correct"": null, ""answer_text"": null, ""category"": null, ""source_file"": ""3.5.docx"", ""source_module"": ""M3"", ""fmt"": ""docx"", ""module"": ""M3"", ""syllabusRef"": ""M3.3.7(a)"", ""level"": 2, ""difficulty"": ""MEDIUM""}"
M3,M3.03.03,,19. In what type of applications do sealed lead acid (SLA) batteries perform well as compared to Ni-Cad batteries?,"Low voltage, full-discharge, high-cycle applications",Extended standby applications,Applications with high charging currents,,,MEDIUM,,,,DRAFT,NEEDS_ANSWER — answer not provided in source; solve via Suntech corpus or admin review,1,3.5.docx,"{""raw"": ""19. In what type of applications do sealed lead acid (SLA) batteries perform well as compared to Ni-Cad batteries?\n    a) Low voltage, full-discharge, high-cycle applications\n    b) Extended standby applications\n    c) Applications with high charging currents\n    **Answer: b) Extended standby applications**"", ""question"": ""19. In what type of applications do sealed lead acid (SLA) batteries perform well as compared to Ni-Cad batteries?"", ""options"": [""Low voltage, full-discharge, high-cycle applications"", ""Extended standby applications"", ""Applications with high charging currents""], ""correct"": null, ""answer_text"": null, ""category"": null, ""source_file"": ""3.5.docx"", ""source_module"": ""M3"", ""fmt"": ""docx"", ""module"": ""M3"", ""syllabusRef"": ""M3.03.03"", ""level"": null, ""difficulty"": ""MEDIUM""}"
M3,M3.03.03,,"20. What is the primary characteristic of Ni-Cad batteries in terms of their performance in low voltage, full-discharge, high-cycle applications?",They perform poorly,They perform exceptionally well,Their performance is similar to SLA batteries,,,MEDIUM,,,,DRAFT,NEEDS_ANSWER — answer not provided in source; solve via Suntech corpus or admin review,1,3.5.docx,"{""raw"": ""20. What is the primary characteristic of Ni-Cad batteries in terms of their performance in low voltage, full-discharge, high-cycle applications?\n    a) They perform poorly\n    b) They perform exceptionally well\n    c) Their performance is similar to SLA batteries\n    **Answer: b) They perform exceptionally well**\nCertainly! Here are 35 multiple-choice questions related to the topics of battery maintenance, safety precautions, thermocouples, and photo-cells, along with their solutions (a-c):\n**Battery Maintenance and Safety Precautions:**"", ""question"": ""20. What is the primary characteristic of Ni-Cad batteries in terms of their performance in low voltage, full-discharge, high-cycle applications?"", ""options"": [""They perform poorly"", ""They perform exceptionally well"", ""Their performance is similar to SLA batteries""], ""correct"": null, ""answer_text"": null, ""category"": null, ""source_file"": ""3.5.docx"", ""source_module"": ""M3"", ""fmt"": ""docx"", ""module"": ""M3"", ""syllabusRef"": ""M3.03.03"", ""level"": null, ""difficulty"": ""MEDIUM""}"
M3,M3.03.03,,2. Why is it important to maintain inter-cell connectors at proper torque values in Ni-Cad batteries?,To increase battery capacity,To prevent cell reversal,To reduce electrolyte spillage,,,MEDIUM,,,,DRAFT,NEEDS_ANSWER — answer not provided in source; solve via Suntech corpus or admin review,1,3.5.docx,"{""raw"": ""2. Why is it important to maintain inter-cell connectors at proper torque values in Ni-Cad batteries?\n   a) To increase battery capacity\n   b) To prevent cell reversal\n   c) To reduce electrolyte spillage\n   **Answer: b) To prevent cell reversal**"", ""question"": ""2. Why is it important to maintain inter-cell connectors at proper torque values in Ni-Cad batteries?"", ""options"": [""To increase battery capacity"", ""To prevent cell reversal"", ""To reduce electrolyte spillage""], ""correct"": null, ""answer_text"": null, ""category"": null, ""source_file"": ""3.5.docx"", ""source_module"": ""M3"", ""fmt"": ""docx"", ""module"": ""M3"", ""syllabusRef"": ""M3.03.03"", ""level"": null, ""difficulty"": ""MEDIUM""}"
M3,M3.03.03,,3. How should you clean cell tops and exposed sides of Ni-Cad batteries to avoid grounding paths?,Use a damp cloth,Use a potassium hydroxide solution,Use distilled water and dry them,,,MEDIUM,,,,DRAFT,NEEDS_ANSWER — answer not provided in source; solve via Suntech corpus or admin review,1,3.5.docx,"{""raw"": ""3. How should you clean cell tops and exposed sides of Ni-Cad batteries to avoid grounding paths?\n   a) Use a damp cloth\n   b) Use a potassium hydroxide solution\n   c) Use distilled water and dry them\n   **Answer: c) Use distilled water and dry them**"", ""question"": ""3. How should you clean cell tops and exposed sides of Ni-Cad batteries to avoid grounding paths?"", ""options"": [""Use a damp cloth"", ""Use a potassium hydroxide solution"", ""Use distilled water and dry them""], ""correct"": null, ""answer_text"": null, ""category"": null, ""source_file"": ""3.5.docx"", ""source_module"": ""M3"", ""fmt"": ""docx"", ""module"": ""M3"", ""syllabusRef"": ""M3.03.03"", ""level"": null, ""difficulty"": ""MEDIUM""}"
M3,M3.03.03,,"4. What is the purpose of wearing safety goggles, plastic gloves, and an apron when handling Ni-Cad batteries?",To prevent the battery from overheating,"To protect the eyes, skin, and clothes from caustic electrolyte",To enhance battery performance,,,MEDIUM,,,,DRAFT,NEEDS_ANSWER — answer not provided in source; solve via Suntech corpus or admin review,1,3.5.docx,"{""raw"": ""4. What is the purpose of wearing safety goggles, plastic gloves, and an apron when handling Ni-Cad batteries?\n   a) To prevent the battery from overheating\n   b) To protect the eyes, skin, and clothes from caustic electrolyte\n   c) To enhance battery performance\n   **Answer: b) To protect the eyes, skin, and clothes from caustic electrolyte**"", ""question"": ""4. What is the purpose of wearing safety goggles, plastic gloves, and an apron when handling Ni-Cad batteries?"", ""options"": [""To prevent the battery from overheating"", ""To protect the eyes, skin, and clothes from caustic electrolyte"", ""To enhance battery performance""], ""correct"": null, ""answer_text"": null, ""category"": null, ""source_file"": ""3.5.docx"", ""source_module"": ""M3"", ""fmt"": ""docx"", ""module"": ""M3"", ""syllabusRef"": ""M3.03.03"", ""level"": null, ""difficulty"": ""MEDIUM""}"
M3,M3.3.2,2,5. Under what conditions do explosive mixtures of hydrogen and oxygen develop in Ni-Cad cells?,During discharge,During normal charging,During overcharging,,,MEDIUM,,,,DRAFT,NEEDS_ANSWER — answer not provided in source; solve via Suntech corpus or admin review,1,3.5.docx,"{""raw"": ""5. Under what conditions do explosive mixtures of hydrogen and oxygen develop in Ni-Cad cells?\n   a) During discharge\n   b) During normal charging\n   c) During overcharging\n   **Answer: c) During overcharging**"", ""question"": ""5. Under what conditions do explosive mixtures of hydrogen and oxygen develop in Ni-Cad cells?"", ""options"": [""During discharge"", ""During normal charging"", ""During overcharging""], ""correct"": null, ""answer_text"": null, ""category"": null, ""source_file"": ""3.5.docx"", ""source_module"": ""M3"", ""fmt"": ""docx"", ""module"": ""M3"", ""syllabusRef"": ""M3.3.2"", ""level"": 2, ""difficulty"": ""MEDIUM""}"
M3,M3.03.03,,6. What is the maximum allowable hydrogen concentration in the air in areas with Ni-Cad batteries to prevent explosions?,One percent by volume,Two percent by volume,Four percent by volume,,,MEDIUM,,,,DRAFT,NEEDS_ANSWER — answer not provided in source; solve via Suntech corpus or admin review,1,3.5.docx,"{""raw"": ""6. What is the maximum allowable hydrogen concentration in the air in areas with Ni-Cad batteries to prevent explosions?\n   a) One percent by volume\n   b) Two percent by volume\n   c) Four percent by volume\n   **Answer: a) One percent by volume**"", ""question"": ""6. What is the maximum allowable hydrogen concentration in the air in areas with Ni-Cad batteries to prevent explosions?"", ""options"": [""One percent by volume"", ""Two percent by volume"", ""Four percent by volume""], ""correct"": null, ""answer_text"": null, ""category"": null, ""source_file"": ""3.5.docx"", ""source_module"": ""M3"", ""fmt"": ""docx"", ""module"": ""M3"", ""syllabusRef"": ""M3.03.03"", ""level"": null, ""difficulty"": ""MEDIUM""}"
M3,M3.03.03,,7. Why is cell matching important when servicing Ni-Cad batteries?,To increase battery capacity,To prevent unbalance and cell reversal,To reduce the risk of voltage depression,,,MEDIUM,,,,DRAFT,NEEDS_ANSWER — answer not provided in source; solve via Suntech corpus or admin review,1,3.5.docx,"{""raw"": ""7. Why is cell matching important when servicing Ni-Cad batteries?\n   a) To increase battery capacity\n   b) To prevent unbalance and cell reversal\n   c) To reduce the risk of voltage depression\n   **Answer: b) To prevent unbalance and cell reversal**"", ""question"": ""7. Why is cell matching important when servicing Ni-Cad batteries?"", ""options"": [""To increase battery capacity"", ""To prevent unbalance and cell reversal"", ""To reduce the risk of voltage depression""], ""correct"": null, ""answer_text"": null, ""category"": null, ""source_file"": ""3.5.docx"", ""source_module"": ""M3"", ""fmt"": ""docx"", ""module"": ""M3"", ""syllabusRef"": ""M3.03.03"", ""level"": null, ""difficulty"": ""MEDIUM""}"
M3,M3.03.03,,8. What is the term for the undesirable characteristic in Ni-Cad batteries caused by constant overcharge and infrequent discharges?,Voltage depression,Memory effect,Cell reversal,,,MEDIUM,,,,DRAFT,NEEDS_ANSWER — answer not provided in source; solve via Suntech corpus or admin review,1,3.5.docx,"{""raw"": ""8. What is the term for the undesirable characteristic in Ni-Cad batteries caused by constant overcharge and infrequent discharges?\n   a) Voltage depression\n   b) Memory effect\n   c) Cell reversal\n   **Answer: a) Voltage depression**"", ""question"": ""8. What is the term for the undesirable characteristic in Ni-Cad batteries caused by constant overcharge and infrequent discharges?"", ""options"": [""Voltage depression"", ""Memory effect"", ""Cell reversal""], ""correct"": null, ""answer_text"": null, ""category"": null, ""source_file"": ""3.5.docx"", ""source_module"": ""M3"", ""fmt"": ""docx"", ""module"": ""M3"", ""syllabusRef"": ""M3.03.03"", ""level"": null, ""difficulty"": ""MEDIUM""}"
M3,M3.03.03,,9. How often should Ni-Cad batteries typically undergo deep cycle maintenance?,Monthly,Annually,As needed,,,MEDIUM,,,,DRAFT,NEEDS_ANSWER — answer not provided in source; solve via Suntech corpus or admin review,1,3.5.docx,"{""raw"": ""9. How often should Ni-Cad batteries typically undergo deep cycle maintenance?\n   a) Monthly\n   b) Annually\n   c) As needed\n   **Answer: b) Annually**"", ""question"": ""9. How often should Ni-Cad batteries typically undergo deep cycle maintenance?"", ""options"": [""Monthly"", ""Annually"", ""As needed""], ""correct"": null, ""answer_text"": null, ""category"": null, ""source_file"": ""3.5.docx"", ""source_module"": ""M3"", ""fmt"": ""docx"", ""module"": ""M3"", ""syllabusRef"": ""M3.03.03"", ""level"": null, ""difficulty"": ""MEDIUM""}"
M3,M3.03.03,,10. What type of batteries are inherently matched and do not require cell matching?,Nickel-cadmium (Ni-Cad) batteries,Lead-acid batteries,Sealed lead acid (SLA) batteries,,,MEDIUM,,,,DRAFT,NEEDS_ANSWER — answer not provided in source; solve via Suntech corpus or admin review,1,3.5.docx,"{""raw"": ""10. What type of batteries are inherently matched and do not require cell matching?\n    a) Nickel-cadmium (Ni-Cad) batteries\n    b) Lead-acid batteries\n    c) Sealed lead acid (SLA) batteries\n    **Answer: c) Sealed lead acid (SLA) batteries**\n**Thermocouples:**"", ""question"": ""10. What type of batteries are inherently matched and do not require cell matching?"", ""options"": [""Nickel-cadmium (Ni-Cad) batteries"", ""Lead-acid batteries"", ""Sealed lead acid (SLA) batteries""], ""correct"": null, ""answer_text"": null, ""category"": null, ""source_file"": ""3.5.docx"", ""source_module"": ""M3"", ""fmt"": ""docx"", ""module"": ""M3"", ""syllabusRef"": ""M3.03.03"", ""level"": null, ""difficulty"": ""MEDIUM""}"
M3,,,11. What is a thermocouple?,A type of battery,A circuit of two like metals,A connection of two unlike metals,,,EASY,,,,DRAFT,NEEDS_ANSWER — answer not provided in source; solve via Suntech corpus or admin review,1,3.5.docx,"{""raw"": ""11. What is a thermocouple?\n    a) A type of battery\n    b) A circuit of two like metals\n    c) A connection of two unlike metals\n    **Answer: c) A connection of two unlike metals**"", ""question"": ""11. What is a thermocouple?"", ""options"": [""A type of battery"", ""A circuit of two like metals"", ""A connection of two unlike metals""], ""correct"": null, ""answer_text"": null, ""category"": null, ""source_file"": ""3.5.docx"", ""source_module"": ""M3"", ""fmt"": ""docx"", ""module"": ""M3"", ""difficulty"": ""EASY""}"
M3,M3.3.07(a),,12. How does a thermocouple measure temperature?,By measuring electrical resistance,By generating an electromotive force (EMF),By detecting changes in voltage,,,EASY,,,,DRAFT,NEEDS_ANSWER — answer not provided in source; solve via Suntech corpus or admin review,1,3.5.docx,"{""raw"": ""12. How does a thermocouple measure temperature?\n    a) By measuring electrical resistance\n    b) By generating an electromotive force (EMF)\n    c) By detecting changes in voltage\n    **Answer: b) By generating an electromotive force (EMF)**"", ""question"": ""12. How does a thermocouple measure temperature?"", ""options"": [""By measuring electrical resistance"", ""By generating an electromotive force (EMF)"", ""By detecting changes in voltage""], ""correct"": null, ""answer_text"": null, ""category"": null, ""source_file"": ""3.5.docx"", ""source_module"": ""M3"", ""fmt"": ""docx"", ""module"": ""M3"", ""syllabusRef"": ""M3.3.07(a)"", ""level"": null, ""difficulty"": ""EASY""}"
M3,M3.3.7(a),2,13. What happens when a photon strikes a semiconductor atom in a photo-cell?,It raises the energy level of the atom,It decreases the energy level of the atom,It has no effect on the atom,,,MEDIUM,,,,DRAFT,NEEDS_ANSWER — answer not provided in source; solve via Suntech corpus or admin review,1,3.5.docx,"{""raw"": ""13. What happens when a photon strikes a semiconductor atom in a photo-cell?\n    a) It raises the energy level of the atom\n    b) It decreases the energy level of the atom\n    c) It has no effect on the atom\n    **Answer: a) It raises the energy level of the atom**"", ""question"": ""13. What happens when a photon strikes a semiconductor atom in a photo-cell?"", ""options"": [""It raises the energy level of the atom"", ""It decreases the energy level of the atom"", ""It has no effect on the atom""], ""correct"": null, ""answer_text"": null, ""category"": null, ""source_file"": ""3.5.docx"", ""source_module"": ""M3"", ""fmt"": ""docx"", ""module"": ""M3"", ""syllabusRef"": ""M3.3.7(a)"", ""level"": 2, ""difficulty"": ""MEDIUM""}"
M3,M3.3.07(a),,14. What type of energy is carried by photons in light?,Electrical energy,Electromagnetic energy,Thermal energy,,,MEDIUM,,,,DRAFT,NEEDS_ANSWER — answer not provided in source; solve via Suntech corpus or admin review,1,3.5.docx,"{""raw"": ""14. What type of energy is carried by photons in light?\n    a) Electrical energy\n    b) Electromagnetic energy\n    c) Thermal energy\n    **Answer: b) Electromagnetic energy**"", ""question"": ""14. What type of energy is carried by photons in light?"", ""options"": [""Electrical energy"", ""Electromagnetic energy"", ""Thermal energy""], ""correct"": null, ""answer_text"": null, ""category"": null, ""source_file"": ""3.5.docx"", ""source_module"": ""M3"", ""fmt"": ""docx"", ""module"": ""M3"", ""syllabusRef"": ""M3.3.07(a)"", ""level"": null, ""difficulty"": ""MEDIUM""}"
M3,M3.3.07(a),,15. How is the amount of energy in a photon related to its frequency?,Higher frequency photons have less energy,Higher frequency photons have more energy,Frequency and energy are not related,,,MEDIUM,,,,DRAFT,NEEDS_ANSWER — answer not provided in source; solve via Suntech corpus or admin review,1,3.5.docx,"{""raw"": ""15. How is the amount of energy in a photon related to its frequency?\n    a) Higher frequency photons have less energy\n    b) Higher frequency photons have more energy\n    c) Frequency and energy are not related\n    **Answer: b) Higher frequency photons have more energy**"", ""question"": ""15. How is the amount of energy in a photon related to its frequency?"", ""options"": [""Higher frequency photons have less energy"", ""Higher frequency photons have more energy"", ""Frequency and energy are not related""], ""correct"": null, ""answer_text"": null, ""category"": null, ""source_file"": ""3.5.docx"", ""source_module"": ""M3"", ""fmt"": ""docx"", ""module"": ""M3"", ""syllabusRef"": ""M3.3.07(a)"", ""level"": null, ""difficulty"": ""MEDIUM""}"
M3,,,16. What is the primary application of thermocouples in aviation?,Fire detection systems,Radio communication,Navigation systems,,,MEDIUM,,,,DRAFT,NEEDS_ANSWER — answer not provided in source; solve via Suntech corpus or admin review,1,3.5.docx,"{""raw"": ""16. What is the primary application of thermocouples in aviation?\n    a) Fire detection systems\n    b) Radio communication\n    c) Navigation systems\n    **Answer: a) Fire detection systems**"", ""question"": ""16. What is the primary application of thermocouples in aviation?"", ""options"": [""Fire detection systems"", ""Radio communication"", ""Navigation systems""], ""correct"": null, ""answer_text"": null, ""category"": null, ""source_file"": ""3.5.docx"", ""source_module"": ""M3"", ""fmt"": ""docx"", ""module"": ""M3"", ""difficulty"": ""MEDIUM""}"
M3,,,17. What type of temperature is typically measured using a thermocouple in aviation?,Ambient temperature,Cylinder head temperature (CHT),Altitude temperature,,,MEDIUM,,,,DRAFT,NEEDS_ANSWER — answer not provided in source; solve via Suntech corpus or admin review,1,3.5.docx,"{""raw"": ""17. What type of temperature is typically measured using a thermocouple in aviation?\n    a) Ambient temperature\n    b) Cylinder head temperature (CHT)\n    c) Altitude temperature\n    **Answer: b) Cylinder head temperature (CHT)**"", ""question"": ""17. What type of temperature is typically measured using a thermocouple in aviation?"", ""options"": [""Ambient temperature"", ""Cylinder head temperature (CHT)"", ""Altitude temperature""], ""correct"": null, ""answer_text"": null, ""category"": null, ""source_file"": ""3.5.docx"", ""source_module"": ""M3"", ""fmt"": ""docx"", ""module"": ""M3"", ""difficulty"": ""MEDIUM""}"
M3,M3.3.2,2,18. What materials are commonly used for thermocouple junctions in EGT (Exhaust Gas Temperature) measurement?,Iron and aluminum,Chromel and alumel,Copper and constantan,,,MEDIUM,,,,DRAFT,NEEDS_ANSWER — answer not provided in source; solve via Suntech corpus or admin review,1,3.5.docx,"{""raw"": ""18. What materials are commonly used for thermocouple junctions in EGT (Exhaust Gas Temperature) measurement?\n    a) Iron and aluminum\n    b) Chromel and alumel\n    c) Copper and constantan\n    **Answer: b) Chromel and alumel**"", ""question"": ""18. What materials are commonly used for thermocouple junctions in EGT (Exhaust Gas Temperature) measurement?"", ""options"": [""Iron and aluminum"", ""Chromel and alumel"", ""Copper and constantan""], ""correct"": null, ""answer_text"": null, ""category"": null, ""source_file"": ""3.5.docx"", ""source_module"": ""M3"", ""fmt"": ""docx"", ""module"": ""M3"", ""syllabusRef"": ""M3.3.2"", ""level"": 2, ""difficulty"": ""MEDIUM""}"
M3,,,19. What does the voltage produced by thermocouples measure in millivolts?,Temperature,Pressure,Humidity,,,MEDIUM,,,,DRAFT,NEEDS_ANSWER — answer not provided in source; solve via Suntech corpus or admin review,1,3.5.docx,"{""raw"": ""19. What does the voltage produced by thermocouples measure in millivolts?\n    a) Temperature\n    b) Pressure\n    c) Humidity\n    **Answer: a) Temperature**"", ""question"": ""19. What does the voltage produced by thermocouples measure in millivolts?"", ""options"": [""Temperature"", ""Pressure"", ""Humidity""], ""correct"": null, ""answer_text"": null, ""category"": null, ""source_file"": ""3.5.docx"", ""source_module"": ""M3"", ""fmt"": ""docx"", ""module"": ""M3"", ""difficulty"": ""MEDIUM""}"
M3,M3.03.07,,20. How does a thermocouple alarm system work in fire detection applications?,It measures changes in resistance,It detects changes in voltage,It senses changes in temperature and triggers an alarm,,,MEDIUM,,,,DRAFT,NEEDS_ANSWER — answer not provided in source; solve via Suntech corpus or admin review,1,3.5.docx,"{""raw"": ""20. How does a thermocouple alarm system work in fire detection applications?\n    a) It measures changes in resistance\n    b) It detects changes in voltage\n    c) It senses changes in temperature and triggers an alarm\n    **Answer: c) It senses changes in temperature and triggers an alarm**\n**Photo-cells:**"", ""question"": ""20. How does a thermocouple alarm system work in fire detection applications?"", ""options"": [""It measures changes in resistance"", ""It detects changes in voltage"", ""It senses changes in temperature and triggers an alarm""], ""correct"": null, ""answer_text"": null, ""category"": null, ""source_file"": ""3.5.docx"", ""source_module"": ""M3"", ""fmt"": ""docx"", ""module"": ""M3"", ""syllabusRef"": ""M3.03.07"", ""level"": null, ""difficulty"": ""MEDIUM""}"
M3,M3.3.07(a),,21. What type of energy does light contain?,Thermal energy,Electromagnetic energy,Chemical energy,,,EASY,,,,DRAFT,NEEDS_ANSWER — answer not provided in source; solve via Suntech corpus or admin review,1,3.5.docx,"{""raw"": ""21. What type of energy does light contain?\n    a) Thermal energy\n    b) Electromagnetic energy\n    c) Chemical energy\n    **Answer: b) Electromagnetic energy**"", ""question"": ""21. What type of energy does light contain?"", ""options"": [""Thermal energy"", ""Electromagnetic energy"", ""Chemical energy""], ""correct"": null, ""answer_text"": null, ""category"": null, ""source_file"": ""3.5.docx"", ""source_module"": ""M3"", ""fmt"": ""docx"", ""module"": ""M3"", ""syllabusRef"": ""M3.3.07(a)"", ""level"": null, ""difficulty"": ""EASY""}"
M3,M3.3.7(a),2,23. What is the effect of a photon striking a semiconductor atom on its energy level?,It decreases the energy level,It raises the energy level,It has no effect on the energy level,,,MEDIUM,,,,DRAFT,NEEDS_ANSWER — answer not provided in source; solve via Suntech corpus or admin review,1,3.5.docx,"{""raw"": ""23. What is the effect of a photon striking a semiconductor atom on its energy level?\n    a) It decreases the energy level\n    b) It raises the energy level\n    c) It has no effect on the energy level\n    **Answer: b) It raises the energy level**"", ""question"": ""23. What is the effect of a photon striking a semiconductor atom on its energy level?"", ""options"": [""It decreases the energy level"", ""It raises the energy level"", ""It has no effect on the energy level""], ""correct"": null, ""answer_text"": null, ""category"": null, ""source_file"": ""3.5.docx"", ""source_module"": ""M3"", ""fmt"": ""docx"", ""module"": ""M3"", ""syllabusRef"": ""M3.3.7(a)"", ""level"": 2, ""difficulty"": ""MEDIUM""}"
M3,M3.03.04,,24. What type of electricity is generated when photons strike a semiconductor in a photo-cell?,Direct current (DC),Alternating current (AC),Photovoltaic current (PC),,,MEDIUM,,,,DRAFT,NEEDS_ANSWER — answer not provided in source; solve via Suntech corpus or admin review,1,3.5.docx,"{""raw"": ""24. What type of electricity is generated when photons strike a semiconductor in a photo-cell?\n    a) Direct current (DC)\n    b) Alternating current (AC)\n    c) Photovoltaic current (PC)\n    **Answer: a) Direct current (DC)**"", ""question"": ""24. What type of electricity is generated when photons strike a semiconductor in a photo-cell?"", ""options"": [""Direct current (DC)"", ""Alternating current (AC)"", ""Photovoltaic current (PC)""], ""correct"": null, ""answer_text"": null, ""category"": null, ""source_file"": ""3.5.docx"", ""source_module"": ""M3"", ""fmt"": ""docx"", ""module"": ""M3"", ""syllabusRef"": ""M3.03.04"", ""level"": null, ""difficulty"": ""MEDIUM""}"
M3,,,25. Where are photo-cells commonly used in aviation?,In fire detection systems,In navigation lights,In flight control systems,,,MEDIUM,,,,DRAFT,NEEDS_ANSWER — answer not provided in source; solve via Suntech corpus or admin review,1,3.5.docx,"{""raw"": ""25. Where are photo-cells commonly used in aviation?\n    a) In fire detection systems\n    b) In navigation lights\n    c) In flight control systems\n    **Answer: b) In navigation lights**"", ""question"": ""25. Where are photo-cells commonly used in aviation?"", ""options"": [""In fire detection systems"", ""In navigation lights"", ""In flight control systems""], ""correct"": null, ""answer_text"": null, ""category"": null, ""source_file"": ""3.5.docx"", ""source_module"": ""M3"", ""fmt"": ""docx"", ""module"": ""M3"", ""difficulty"": ""MEDIUM""}"
M3,,,26. What kind of control do photo-cells provide in aviation applications?,Temperature control,Light control,Pressure control,,,MEDIUM,,,,DRAFT,NEEDS_ANSWER — answer not provided in source; solve via Suntech corpus or admin review,1,3.5.docx,"{""raw"": ""26. What kind of control do photo-cells provide in aviation applications?\n    a) Temperature control\n    b) Light control\n    c) Pressure control\n    **Answer: b) Light control**"", ""question"": ""26. What kind of control do photo-cells provide in aviation applications?"", ""options"": [""Temperature control"", ""Light control"", ""Pressure control""], ""correct"": null, ""answer_text"": null, ""category"": null, ""source_file"": ""3.5.docx"", ""source_module"": ""M3"", ""fmt"": ""docx"", ""module"": ""M3"", ""difficulty"": ""MEDIUM""}"
M3,M3.3.2,2,27. What does a photo-cell detect and respond to?,Changes in temperature,Changes in light intensity,Changes in humidity,,,EASY,,,,DRAFT,NEEDS_ANSWER — answer not provided in source; solve via Suntech corpus or admin review,1,3.5.docx,"{""raw"": ""27. What does a photo-cell detect and respond to?\n    a) Changes in temperature\n    b) Changes in light intensity\n    c) Changes in humidity\n    **\nAnswer: b) Changes in light intensity**"", ""question"": ""27. What does a photo-cell detect and respond to?"", ""options"": [""Changes in temperature"", ""Changes in light intensity"", ""Changes in humidity""], ""correct"": null, ""answer_text"": null, ""category"": null, ""source_file"": ""3.5.docx"", ""source_module"": ""M3"", ""fmt"": ""docx"", ""module"": ""M3"", ""syllabusRef"": ""M3.3.2"", ""level"": 2, ""difficulty"": ""EASY""}"
M3,M3.3.07(a),,"28. In photo-cells, what type of energy does light carry?",Electrical energy,Electromagnetic energy,Chemical energy,,,MEDIUM,,,,DRAFT,NEEDS_ANSWER — answer not provided in source; solve via Suntech corpus or admin review,1,3.5.docx,"{""raw"": ""28. In photo-cells, what type of energy does light carry?\n    a) Electrical energy\n    b) Electromagnetic energy\n    c) Chemical energy\n    **Answer: b) Electromagnetic energy**"", ""question"": ""28. In photo-cells, what type of energy does light carry?"", ""options"": [""Electrical energy"", ""Electromagnetic energy"", ""Chemical energy""], ""correct"": null, ""answer_text"": null, ""category"": null, ""source_file"": ""3.5.docx"", ""source_module"": ""M3"", ""fmt"": ""docx"", ""module"": ""M3"", ""syllabusRef"": ""M3.3.07(a)"", ""level"": null, ""difficulty"": ""MEDIUM""}"
M3,M3.3.07(a),,29. What is the main purpose of a photo-cell in electronics?,To convert light into sound,To convert light into electrical energy,To convert electrical energy into light,,,MEDIUM,,,,DRAFT,NEEDS_ANSWER — answer not provided in source; solve via Suntech corpus or admin review,1,3.5.docx,"{""raw"": ""29. What is the main purpose of a photo-cell in electronics?\n    a) To convert light into sound\n    b) To convert light into electrical energy\n    c) To convert electrical energy into light\n    **Answer: b) To convert light into electrical energy**"", ""question"": ""29. What is the main purpose of a photo-cell in electronics?"", ""options"": [""To convert light into sound"", ""To convert light into electrical energy"", ""To convert electrical energy into light""], ""correct"": null, ""answer_text"": null, ""category"": null, ""source_file"": ""3.5.docx"", ""source_module"": ""M3"", ""fmt"": ""docx"", ""module"": ""M3"", ""syllabusRef"": ""M3.3.07(a)"", ""level"": null, ""difficulty"": ""MEDIUM""}"
M3,M3.1.5,,30. How are photo-cells commonly used for the electronic control of mechanical systems?,To measure temperature,To detect changes in light,To regulate air pressure,,,MEDIUM,,,,DRAFT,NEEDS_ANSWER — answer not provided in source; solve via Suntech corpus or admin review,1,3.5.docx,"{""raw"": ""30. How are photo-cells commonly used for the electronic control of mechanical systems?\n    a) To measure temperature\n    b) To detect changes in light\n    c) To regulate air pressure\n    **Answer: b) To detect changes in light**"", ""question"": ""30. How are photo-cells commonly used for the electronic control of mechanical systems?"", ""options"": [""To measure temperature"", ""To detect changes in light"", ""To regulate air pressure""], ""correct"": null, ""answer_text"": null, ""category"": null, ""source_file"": ""3.5.docx"", ""source_module"": ""M3"", ""fmt"": ""docx"", ""module"": ""M3"", ""syllabusRef"": ""M3.1.5"", ""level"": null, ""difficulty"": ""MEDIUM""}"
M3,,,31. What does a thermocouple consist of?,A circuit of two like metals,A connection of two unlike metals,A circuit of two identical metals,,,EASY,,,,DRAFT,NEEDS_ANSWER — answer not provided in source; solve via Suntech corpus or admin review,1,3.5.docx,"{""raw"": ""31. What does a thermocouple consist of?\n    a) A circuit of two like metals\n    b) A connection of two unlike metals\n    c) A circuit of two identical metals\n    **Answer: b) A connection of two unlike metals**"", ""question"": ""31. What does a thermocouple consist of?"", ""options"": [""A circuit of two like metals"", ""A connection of two unlike metals"", ""A circuit of two identical metals""], ""correct"": null, ""answer_text"": null, ""category"": null, ""source_file"": ""3.5.docx"", ""source_module"": ""M3"", ""fmt"": ""docx"", ""module"": ""M3"", ""difficulty"": ""EASY""}"
M3,M3.1.5,,"32. In a thermocouple, where is one of the junctions typically placed for temperature monitoring?",In a flight deck instrument,In a remote location,In a sealed container,,,MEDIUM,,,,DRAFT,NEEDS_ANSWER — answer not provided in source; solve via Suntech corpus or admin review,1,3.5.docx,"{""raw"": ""32. In a thermocouple, where is one of the junctions typically placed for temperature monitoring?\n    a) In a flight deck instrument\n    b) In a remote location\n    c) In a sealed container\n    **Answer: b) In a remote location**"", ""question"": ""32. In a thermocouple, where is one of the junctions typically placed for temperature monitoring?"", ""options"": [""In a flight deck instrument"", ""In a remote location"", ""In a sealed container""], ""correct"": null, ""answer_text"": null, ""category"": null, ""source_file"": ""3.5.docx"", ""source_module"": ""M3"", ""fmt"": ""docx"", ""module"": ""M3"", ""syllabusRef"": ""M3.1.5"", ""level"": null, ""difficulty"": ""MEDIUM""}"
M3,M3.03.07,,33. How does a thermocouple generate an electromotive force (EMF)?,By increasing resistance in the circuit,By raising the temperature at the junctions,By maintaining a constant temperature difference,,,MEDIUM,,,,DRAFT,NEEDS_ANSWER — answer not provided in source; solve via Suntech corpus or admin review,1,3.5.docx,"{""raw"": ""33. How does a thermocouple generate an electromotive force (EMF)?\n    a) By increasing resistance in the circuit\n    b) By raising the temperature at the junctions\n    c) By maintaining a constant temperature difference\n    **Answer: b) By raising the temperature at the junctions**"", ""question"": ""33. How does a thermocouple generate an electromotive force (EMF)?"", ""options"": [""By increasing resistance in the circuit"", ""By raising the temperature at the junctions"", ""By maintaining a constant temperature difference""], ""correct"": null, ""answer_text"": null, ""category"": null, ""source_file"": ""3.5.docx"", ""source_module"": ""M3"", ""fmt"": ""docx"", ""module"": ""M3"", ""syllabusRef"": ""M3.03.07"", ""level"": null, ""difficulty"": ""MEDIUM""}"
M3,M3.03.07,,34. What does the voltage generated by a thermocouple directly correlate with?,Voltage supplied by the power source,"Temperature at the ""hot junction""",Resistance in the circuit,,,MEDIUM,,,,DRAFT,NEEDS_ANSWER — answer not provided in source; solve via Suntech corpus or admin review,1,3.5.docx,"{""raw"": ""34. What does the voltage generated by a thermocouple directly correlate with?\n    a) Voltage supplied by the power source\n    b) Temperature at the \""hot junction\""\n    c) Resistance in the circuit\n    **Answer: b) Temperature at the \""hot junction\""**"", ""question"": ""34. What does the voltage generated by a thermocouple directly correlate with?"", ""options"": [""Voltage supplied by the power source"", ""Temperature at the \""hot junction\"""", ""Resistance in the circuit""], ""correct"": null, ""answer_text"": null, ""category"": null, ""source_file"": ""3.5.docx"", ""source_module"": ""M3"", ""fmt"": ""docx"", ""module"": ""M3"", ""syllabusRef"": ""M3.03.07"", ""level"": null, ""difficulty"": ""MEDIUM""}"
M3,,,1. What is the unit of potential difference?,Ampere (A),Ohm (Ω),Volt (V),,,EASY,,,,DRAFT,NEEDS_ANSWER — answer not provided in source; solve via Suntech corpus or admin review,1,Aviators Question1.docx,"{""raw"": ""1. What is the unit of potential difference?\nA) Ampere (A)\nB) Ohm (Ω)\nC) Volt (V)"", ""question"": ""1. What is the unit of potential difference?"", ""options"": [""Ampere (A)"", ""Ohm (Ω)"", ""Volt (V)""], ""correct"": null, ""answer_text"": null, ""category"": null, ""source_file"": ""Aviators Question1.docx"", ""source_module"": ""M3"", ""fmt"": ""docx"", ""module"": ""M3"", ""difficulty"": ""EASY""}"
M3,M3.03.07,,2. Which term represents the maximum potential difference across a battery’s terminals?,Current,Voltage,Resistance,,,MEDIUM,,,,DRAFT,NEEDS_ANSWER — answer not provided in source; solve via Suntech corpus or admin review,1,Aviators Question1.docx,"{""raw"": ""2. Which term represents the maximum potential difference across a battery’s terminals?\nA) Current\nB) Voltage\nC) Resistance"", ""question"": ""2. Which term represents the maximum potential difference across a battery’s terminals?"", ""options"": [""Current"", ""Voltage"", ""Resistance""], ""correct"": null, ""answer_text"": null, ""category"": null, ""source_file"": ""Aviators Question1.docx"", ""source_module"": ""M3"", ""fmt"": ""docx"", ""module"": ""M3"", ""syllabusRef"": ""M3.03.07"", ""level"": null, ""difficulty"": ""MEDIUM""}"
M3,M3.1.5,,3. What is the SI unit for electromotive force?,Ampere (A),Volt (V),Ohm (Ω),,,EASY,,,,DRAFT,NEEDS_ANSWER — answer not provided in source; solve via Suntech corpus or admin review,1,Aviators Question1.docx,"{""raw"": ""3. What is the SI unit for electromotive force?\nA) Ampere (A)\nB) Volt (V)\nC) Ohm (Ω)"", ""question"": ""3. What is the SI unit for electromotive force?"", ""options"": [""Ampere (A)"", ""Volt (V)"", ""Ohm (Ω)""], ""correct"": null, ""answer_text"": null, ""category"": null, ""source_file"": ""Aviators Question1.docx"", ""source_module"": ""M3"", ""fmt"": ""docx"", ""module"": ""M3"", ""syllabusRef"": ""M3.1.5"", ""level"": null, ""difficulty"": ""EASY""}"
M3,M3.1.5,,4. Which of the following measures the flow of electric charge in a circuit?,Voltage,Resistance,Current,,,MEDIUM,,,,DRAFT,NEEDS_ANSWER — answer not provided in source; solve via Suntech corpus or admin review,1,Aviators Question1.docx,"{""raw"": ""4. Which of the following measures the flow of electric charge in a circuit?\nA) Voltage\nB) Resistance\nC) Current"", ""question"": ""4. Which of the following measures the flow of electric charge in a circuit?"", ""options"": [""Voltage"", ""Resistance"", ""Current""], ""correct"": null, ""answer_text"": null, ""category"": null, ""source_file"": ""Aviators Question1.docx"", ""source_module"": ""M3"", ""fmt"": ""docx"", ""module"": ""M3"", ""syllabusRef"": ""M3.1.5"", ""level"": null, ""difficulty"": ""MEDIUM""}"
M3,M3.1.5,,5. Which quantity is responsible for opposing the flow of electric current in a circuit?,Voltage,Resistance,Conductance,,,MEDIUM,,,,DRAFT,NEEDS_ANSWER — answer not provided in source; solve via Suntech corpus or admin review,1,Aviators Question1.docx,"{""raw"": ""5. Which quantity is responsible for opposing the flow of electric current in a circuit?\nA) Voltage\nB) Resistance\nC) Conductance"", ""question"": ""5. Which quantity is responsible for opposing the flow of electric current in a circuit?"", ""options"": [""Voltage"", ""Resistance"", ""Conductance""], ""correct"": null, ""answer_text"": null, ""category"": null, ""source_file"": ""Aviators Question1.docx"", ""source_module"": ""M3"", ""fmt"": ""docx"", ""module"": ""M3"", ""syllabusRef"": ""M3.1.5"", ""level"": null, ""difficulty"": ""MEDIUM""}"
M3,M3.1.5,,6. Which direction does conventional current flow in a circuit?,From positive to negative,From negative to positive,In both directions simultaneously,,,MEDIUM,,,,DRAFT,NEEDS_ANSWER — answer not provided in source; solve via Suntech corpus or admin review,1,Aviators Question1.docx,"{""raw"": ""6. Which direction does conventional current flow in a circuit?\nA) From positive to negative\nB) From negative to positive\nC) In both directions simultaneously"", ""question"": ""6. Which direction does conventional current flow in a circuit?"", ""options"": [""From positive to negative"", ""From negative to positive"", ""In both directions simultaneously""], ""correct"": null, ""answer_text"": null, ""category"": null, ""source_file"": ""Aviators Question1.docx"", ""source_module"": ""M3"", ""fmt"": ""docx"", ""module"": ""M3"", ""syllabusRef"": ""M3.1.5"", ""level"": null, ""difficulty"": ""MEDIUM""}"
M3,M3.3.1,1,7. What is the fundamental particle carrying a negative charge in an atom?,Electron,Proton,Neutron,,,MEDIUM,,,,DRAFT,NEEDS_ANSWER — answer not provided in source; solve via Suntech corpus or admin review,1,Aviators Question1.docx,"{""raw"": ""7. What is the fundamental particle carrying a negative charge in an atom?\nA) Electron\nB) Proton\nC) Neutron"", ""question"": ""7. What is the fundamental particle carrying a negative charge in an atom?"", ""options"": [""Electron"", ""Proton"", ""Neutron""], ""correct"": null, ""answer_text"": null, ""category"": null, ""source_file"": ""Aviators Question1.docx"", ""source_module"": ""M3"", ""fmt"": ""docx"", ""module"": ""M3"", ""syllabusRef"": ""M3.3.1"", ""level"": 1, ""difficulty"": ""MEDIUM""}"
M3,M3.03.07,,8. What is the reciprocal of resistance called?,Voltage,Current,Conductance,,,EASY,,,,DRAFT,NEEDS_ANSWER — answer not provided in source; solve via Suntech corpus or admin review,1,Aviators Question1.docx,"{""raw"": ""8. What is the reciprocal of resistance called?\nA) Voltage\nB) Current\nC) Conductance"", ""question"": ""8. What is the reciprocal of resistance called?"", ""options"": [""Voltage"", ""Current"", ""Conductance""], ""correct"": null, ""answer_text"": null, ""category"": null, ""source_file"": ""Aviators Question1.docx"", ""source_module"": ""M3"", ""fmt"": ""docx"", ""module"": ""M3"", ""syllabusRef"": ""M3.03.07"", ""level"": null, ""difficulty"": ""EASY""}"
M3,M3.1.5,,9. What is the symbol for electric current?,V,C,I,,,EASY,,,,DRAFT,NEEDS_ANSWER — answer not provided in source; solve via Suntech corpus or admin review,1,Aviators Question1.docx,"{""raw"": ""9. What is the symbol for electric current?\nA) V\nB) C\nC) I"", ""question"": ""9. What is the symbol for electric current?"", ""options"": [""V"", ""C"", ""I""], ""correct"": null, ""answer_text"": null, ""category"": null, ""source_file"": ""Aviators Question1.docx"", ""source_module"": ""M3"", ""fmt"": ""docx"", ""module"": ""M3"", ""syllabusRef"": ""M3.1.5"", ""level"": null, ""difficulty"": ""EASY""}"
M3,M3.1.5,,10. In which direction do electrons flow in a circuit?,From positive to negative,From negative to positive,In both directions simultaneously,,,MEDIUM,,,,DRAFT,NEEDS_ANSWER — answer not provided in source; solve via Suntech corpus or admin review,1,Aviators Question1.docx,"{""raw"": ""10. In which direction do electrons flow in a circuit?\nA) From positive to negative\nB) From negative to positive\nC) In both directions simultaneously"", ""question"": ""10. In which direction do electrons flow in a circuit?"", ""options"": [""From positive to negative"", ""From negative to positive"", ""In both directions simultaneously""], ""correct"": null, ""answer_text"": null, ""category"": null, ""source_file"": ""Aviators Question1.docx"", ""source_module"": ""M3"", ""fmt"": ""docx"", ""module"": ""M3"", ""syllabusRef"": ""M3.1.5"", ""level"": null, ""difficulty"": ""MEDIUM""}"
M3,,,A stronger magnetic strength of a core in a coil of wire will......the Electromotive force.,decrease,reduced,increase,,,MEDIUM,,,,DRAFT,NEEDS_ANSWER — answer not provided in source; solve via Suntech corpus or admin review,1,Group Charlie .docx,"{""raw"": ""2)A stronger magnetic strength of a core in a coil of wire will......the Electromotive force.\na)decrease\nb)reduced\nc)increase"", ""question"": ""A stronger magnetic strength of a core in a coil of wire will......the Electromotive force."", ""options"": [""decrease"", ""reduced"", ""increase""], ""correct"": null, ""answer_text"": null, ""category"": null, ""source_file"": ""Group Charlie .docx"", ""source_module"": ""M3"", ""fmt"": ""docx"", ""module"": ""M3"", ""difficulty"": ""MEDIUM""}"
M3,M3.1.5,,The force that makes current flow is.....,a charge,voltage,electric,,,EASY,,,,DRAFT,NEEDS_ANSWER — answer not provided in source; solve via Suntech corpus or admin review,1,Group Charlie .docx,"{""raw"": ""3)The force that makes current flow is.....\na)a charge\nb)voltage\nc)electric"", ""question"": ""The force that makes current flow is....."", ""options"": [""a charge"", ""voltage"", ""electric""], ""correct"": null, ""answer_text"": null, ""category"": null, ""source_file"": ""Group Charlie .docx"", ""source_module"": ""M3"", ""fmt"": ""docx"", ""module"": ""M3"", ""syllabusRef"": ""M3.1.5"", ""level"": null, ""difficulty"": ""EASY""}"
M3,M3.03.07,,ohms is an S.I unit of resistance which is symbolized by a,French word,Greek word,Hebrew word,,,MEDIUM,,,,DRAFT,NEEDS_ANSWER — answer not provided in source; solve via Suntech corpus or admin review,1,Group Charlie .docx,"{""raw"": ""4)ohms is an S.I unit of resistance which is symbolized by a\na)French word\nb)Greek word\nc)Hebrew word"", ""question"": ""ohms is an S.I unit of resistance which is symbolized by a"", ""options"": [""French word"", ""Greek word"", ""Hebrew word""], ""correct"": null, ""answer_text"": null, ""category"": null, ""source_file"": ""Group Charlie .docx"", ""source_module"": ""M3"", ""fmt"": ""docx"", ""module"": ""M3"", ""syllabusRef"": ""M3.03.07"", ""level"": null, ""difficulty"": ""MEDIUM""}"
M3,M3.1.5,,The S.I unit of Conductance is...,volts,current,siemens,,,EASY,,,,DRAFT,NEEDS_ANSWER — answer not provided in source; solve via Suntech corpus or admin review,1,Group Charlie .docx,"{""raw"": ""6)The S.I unit of Conductance is...\na)volts\nb)current\nc)siemens"", ""question"": ""The S.I unit of Conductance is..."", ""options"": [""volts"", ""current"", ""siemens""], ""correct"": null, ""answer_text"": null, ""category"": null, ""source_file"": ""Group Charlie .docx"", ""source_module"": ""M3"", ""fmt"": ""docx"", ""module"": ""M3"", ""syllabusRef"": ""M3.1.5"", ""level"": null, ""difficulty"": ""EASY""}"
M3,M3.1.5,,coulomb as unit was named after a French Physicist called,Charles Augustin,Henry Augustin de Coulomb,Charles-Augustin de Coulomb,,,MEDIUM,,,,DRAFT,NEEDS_ANSWER — answer not provided in source; solve via Suntech corpus or admin review,1,Group Charlie .docx,"{""raw"": ""7)coulomb as unit was named after a French Physicist called\na)Charles Augustin\nb)Henry Augustin de Coulomb\nc)Charles-Augustin de Coulomb"", ""question"": ""coulomb as unit was named after a French Physicist called"", ""options"": [""Charles Augustin"", ""Henry Augustin de Coulomb"", ""Charles-Augustin de Coulomb""], ""correct"": null, ""answer_text"": null, ""category"": null, ""source_file"": ""Group Charlie .docx"", ""source_module"": ""M3"", ""fmt"": ""docx"", ""module"": ""M3"", ""syllabusRef"": ""M3.1.5"", ""level"": null, ""difficulty"": ""MEDIUM""}"
M3,M3.3.07(a),,The increase in the length of a conductor........ the electrical resistance of the material.,remains the same as,decreases,increases,,,MEDIUM,,,,DRAFT,NEEDS_ANSWER — answer not provided in source; solve via Suntech corpus or admin review,1,Group Charlie .docx,"{""raw"": ""8)The increase in the length of a conductor........ the electrical resistance of the material.\na)remains the same as\nb)decreases \nc)increases"", ""question"": ""The increase in the length of a conductor........ the electrical resistance of the material."", ""options"": [""remains the same as"", ""decreases"", ""increases""], ""correct"": null, ""answer_text"": null, ""category"": null, ""source_file"": ""Group Charlie .docx"", ""source_module"": ""M3"", ""fmt"": ""docx"", ""module"": ""M3"", ""syllabusRef"": ""M3.3.07(a)"", ""level"": null, ""difficulty"": ""MEDIUM""}"
M3,M3.1.5,,Alessandro Volta discovered....,current,volta,volts,,,EASY,,,,DRAFT,NEEDS_ANSWER — answer not provided in source; solve via Suntech corpus or admin review,1,Group Charlie .docx,"{""raw"": ""10)Alessandro Volta discovered....\na)current \nb)volta\nc)volts"", ""question"": ""Alessandro Volta discovered...."", ""options"": [""current"", ""volta"", ""volts""], ""correct"": null, ""answer_text"": null, ""category"": null, ""source_file"": ""Group Charlie .docx"", ""source_module"": ""M3"", ""fmt"": ""docx"", ""module"": ""M3"", ""syllabusRef"": ""M3.1.5"", ""level"": null, ""difficulty"": ""EASY""}"
M3,M3.03.07,,The resistance and current in a circuit are;,inversely proportional,directly proportional,varies nonuniform,,,EASY,,,,DRAFT,NEEDS_ANSWER — answer not provided in source; solve via Suntech corpus or admin review,1,PistonsQuestions.docx,"{""raw"": ""2. The resistance and current in a circuit are;\na. inversely proportional\nb. directly proportional\nc. varies nonuniform\nAnswe\nr: a"", ""question"": ""The resistance and current in a circuit are;"", ""options"": [""inversely proportional"", ""directly proportional"", ""varies nonuniform""], ""correct"": null, ""answer_text"": null, ""category"": null, ""source_file"": ""PistonsQuestions.docx"", ""source_module"": ""M3"", ""fmt"": ""docx"", ""module"": ""M3"", ""syllabusRef"": ""M3.03.07"", ""level"": null, ""difficulty"": ""EASY""}"
M3,M3.1.5,,Current equals,Charge * Time,Charge / Time,Charge – Time,,,EASY,,,,DRAFT,NEEDS_ANSWER — answer not provided in source; solve via Suntech corpus or admin review,1,PistonsQuestions.docx,"{""raw"": ""3. Current equals\na. Charge * Time\nb. Charge / Time\nc. Charge – Time\nAnswe\nr: b"", ""question"": ""Current equals"", ""options"": [""Charge * Time"", ""Charge / Time"", ""Charge – Time""], ""correct"": null, ""answer_text"": null, ""category"": null, ""source_file"": ""PistonsQuestions.docx"", ""source_module"": ""M3"", ""fmt"": ""docx"", ""module"": ""M3"", ""syllabusRef"": ""M3.1.5"", ""level"": null, ""difficulty"": ""EASY""}"
M3,M3.03.09,,"At a fixed potential difference, the amount of energy absorbed or expanded in moving an electron is",directly proportional to the electric charge,unrelated,inversely proportional to the electric charge,,,MEDIUM,,,,DRAFT,NEEDS_ANSWER — answer not provided in source; solve via Suntech corpus or admin review,1,PistonsQuestions.docx,"{""raw"": ""4. At a fixed potential difference, the amount of energy absorbed or expanded in moving an electron is\na. directly proportional to the electric charge\nb. unrelated\nc. inversely proportional to the electric charge\nAnswe\nr: a"", ""question"": ""At a fixed potential difference, the amount of energy absorbed or expanded in moving an electron is"", ""options"": [""directly proportional to the electric charge"", ""unrelated"", ""inversely proportional to the electric charge""], ""correct"": null, ""answer_text"": null, ""category"": null, ""source_file"": ""PistonsQuestions.docx"", ""source_module"": ""M3"", ""fmt"": ""docx"", ""module"": ""M3"", ""syllabusRef"": ""M3.03.09"", ""level"": null, ""difficulty"": ""MEDIUM""}"
M3,M3.03.07,,Conductance could be given by,Current * Voltage,Resistance squared,Current / Voltage,,,EASY,,,,DRAFT,NEEDS_ANSWER — answer not provided in source; solve via Suntech corpus or admin review,1,PistonsQuestions.docx,"{""raw"": ""5. Conductance could be given by\na. Current * Voltage\nb. Resistance squared\nc. Current / Voltage\nAnswe\nr: c"", ""question"": ""Conductance could be given by"", ""options"": [""Current * Voltage"", ""Resistance squared"", ""Current / Voltage""], ""correct"": null, ""answer_text"": null, ""category"": null, ""source_file"": ""PistonsQuestions.docx"", ""source_module"": ""M3"", ""fmt"": ""docx"", ""module"": ""M3"", ""syllabusRef"": ""M3.03.07"", ""level"": null, ""difficulty"": ""EASY""}"
M3,M3.3.1,1,6. Which of the following are used in industry?,Electron Flow,Conventional Current Flow,Both electron flow and conventional current flow,,,EASY,,,,DRAFT,NEEDS_ANSWER — answer not provided in source; solve via Suntech corpus or admin review,1,PistonsQuestions.docx,"{""raw"": ""6. Which of the following are used in industry?\na. Electron Flow\nb. Conventional Current Flow\nc. Both electron flow and conventional current flow\nAnswe\nr: c"", ""question"": ""6. Which of the following are used in industry?"", ""options"": [""Electron Flow"", ""Conventional Current Flow"", ""Both electron flow and conventional current flow""], ""correct"": null, ""answer_text"": null, ""category"": null, ""source_file"": ""PistonsQuestions.docx"", ""source_module"": ""M3"", ""fmt"": ""docx"", ""module"": ""M3"", ""syllabusRef"": ""M3.3.1"", ""level"": 1, ""difficulty"": ""EASY""}"
M3,M3.1.5,,Electric charge is,Scalar quantity,Vector quantity,has no unit,,,EASY,,,,DRAFT,NEEDS_ANSWER — answer not provided in source; solve via Suntech corpus or admin review,1,PistonsQuestions.docx,"{""raw"": ""7. Electric charge is\na. Scalar quantity\nb. Vector quantity\nc. has no unit\ns\nAnswe\nr: a"", ""question"": ""Electric charge is"", ""options"": [""Scalar quantity"", ""Vector quantity"", ""has no unit""], ""correct"": null, ""answer_text"": null, ""category"": null, ""source_file"": ""PistonsQuestions.docx"", ""source_module"": ""M3"", ""fmt"": ""docx"", ""module"": ""M3"", ""syllabusRef"": ""M3.1.5"", ""level"": null, ""difficulty"": ""EASY""}"
M3,M3.03.07,,Material A has a smaller diameter than material B.,A has a greater resistance than B,B has a greater resistance than A,Both possess the same resistance,,,MEDIUM,,,,DRAFT,NEEDS_ANSWER — answer not provided in source; solve via Suntech corpus or admin review,1,PistonsQuestions.docx,"{""raw"": ""8. Material A has a smaller diameter than material B.\na. A has a greater resistance than B\nb. B has a greater resistance than A\nc. Both possess the same resistance\nAnswe\nr: a"", ""question"": ""Material A has a smaller diameter than material B."", ""options"": [""A has a greater resistance than B"", ""B has a greater resistance than A"", ""Both possess the same resistance""], ""correct"": null, ""answer_text"": null, ""category"": null, ""source_file"": ""PistonsQuestions.docx"", ""source_module"": ""M3"", ""fmt"": ""docx"", ""module"": ""M3"", ""syllabusRef"": ""M3.03.07"", ""level"": null, ""difficulty"": ""MEDIUM""}"
M3,,,"Conductivity in a material is affected by the following, except",Temperature,Impurities,Pressure,,,MEDIUM,,,,DRAFT,NEEDS_ANSWER — answer not provided in source; solve via Suntech corpus or admin review,1,PistonsQuestions.docx,"{""raw"": ""10. Conductivity in a material is affected by the following, except\na. Temperature\nb. Impurities\nc. Pressure\nc. \nP\nressure"", ""question"": ""Conductivity in a material is affected by the following, except"", ""options"": [""Temperature"", ""Impurities"", ""Pressure"", """"], ""correct"": null, ""answer_text"": null, ""category"": null, ""source_file"": ""PistonsQuestions.docx"", ""source_module"": ""M3"", ""fmt"": ""docx"", ""module"": ""M3"", ""difficulty"": ""MEDIUM""}"
M3,M3.03.07,,The first color band (nearest the end of the resistor) will indicate the first digit in the numerical,The second color band will always indicate the second digit of ohmic value. It will never be gold or,"The third color band indicates the number of zeros to be added to the two digits derived from the first and second bands, except in the following two cases: (A) If the third band is gold in color, the first two digits must be multiplied by 10 percent. (B) If the third band is silver in color, the first two digits must be multiplied by 1 percent.","If there is a fourth color band, it is used as a multiplier for percentage of tolerance, as indicated",,,MEDIUM,,,,DRAFT,NEEDS_ANSWER — answer not provided in source; solve via Suntech corpus or admin review,1,Revision Sub Module 1&4&7.docx,"{""raw"": ""1. The first color band (nearest the end of the resistor) will indicate the first digit in the numerical\nresistance value. This band will never be gold or silver in color.\n2. The second color band will always indicate the second digit of ohmic value. It will never be gold or\nsilver in color.\n3. The third color band indicates the number of zeros to be added to the two digits derived from the first and second bands, except in the following two cases: (A) If the third band is gold in color, the first two digits must be multiplied by 10 percent. (B) If the third band is silver in color, the first two digits must be multiplied by 1 percent.\n4. If there is a fourth color band, it is used as a multiplier for percentage of tolerance, as indicated\nin the color code chart in Figure 7-7. If there is no fourth band, the tolerance is understood to be 20 percent.\nWIRE WOUND\nWire wound resistors typically control large amounts of current and have high power ratings. Resistors of this type are constructed by winding a resistance wire around an insulating rod, usually made of porcelain. The windings are then coated with an insulation material for physical protection and heat conduction. Both ends of the windings are then connected to terminals, which are used to connect the resistor to a circuit. A wire wound resistor with tap is a special type of fixed resistor that can be adjusted. These adjustments can be made by moving a slide bar tap or by moving the tap to a preset incremental position. While the tap may be adjustable, the adjustments are usually set at the time of installation to a specific value and then operated in service as a fixed resistor. Another type of wire-wound resistor is that constructed of Manganin wire, used where high precision is needed.\nVARIABLE RESISTORS\nVariable resistors are constructed so that the resistive value can be changed easily. This adjustment can be manual or automatic, and the adjustments can be made while the system that it is connected to is in operation. There are two basic types of manual adjustors. One is the rheostat and the second is the potentiometer.\nRHEOSTAT\nA rheostat is a variable resistor used to vary the amount of current flowing in a circuit. Figure 7-17\nshows a rheostat connected in series with an ordinary resistance in a series circuit. As the slider arm moves from point A to B, the amount of rheostat resistance (AB) is increased. Since the rheostat resistance and the fixed resistance are in series, the total resistance in the circuit also increases, and the current in the circuit decreases. On the other hand, if the slider arm is moved toward point A, the total resistance decreases and the current in the circuit increases. \nPOTENTIOMETER\nThe potentiometer is considered a three-terminal device. As illustrated, terminals 1 and 2 have the entire value of the potentiometer resistance between them. Terminal 3 is the wiper or moving contact. Through this wiper, the resistance between terminals 1 and 3 or terminals 2 and 3 can be varied. While the rheostat is used to vary the current in a circuit, the potentiometer is used to vary the voltage in a circuit. A typical use for this component can be found in the volume controls on an audio panel and input devices for flight data recorders, among many other applications. In Figure 7-19A, a potentiometer is used to obtain a variable voltage from a fixed voltage source to apply to an electrical load. The voltage applied to the load is the voltage between points 2 and 3. When the slider arm is moved to point 1, the entire voltage is applied to the electrical device (load); when the arm is moved to point 3, the voltage applied to the load is zero. The potentiometer makes possible the application of any voltage between zero and full voltage to the load. The current flowing through the circuit of Figure 7-19 leaves the negative terminal electron flow of the battery and divides, one part flowing through the lower portion of the potentiometer (points 3 to 2) and the other part through the load. Both parts combine at point 2 and flow through the upper portion of the potentiometer (points 2 to 1) back to the positive terminal of the battery. In View B of Figure 7-19, a potentiometer and its schematic are shown. In choosing a potentiometer resistance, the amount\nof current drawn by the load should be considered as well as the current flow through the potentiometer at all settings of the slider arm. The energy of the current through the potentiometer is dissipated in the form of heat. It is important to keep this wasted current as small as possible by making the resistance of the potentiometer as large as practicable. In most cases, the resistance of\nthe potentiometer can be several times the resistance of the load. Figure 7-20 shows how a potentiometer can be wired to function as a rheostat. \nLINEAR POTENTIOMETERS \nIn a linear potentiometer, the resistance between both terminal and the wiper vary linearly with the position of the wiper. To illustrate, one quarter of a turn on the potentiometer will result in one quarter of the total resistance. The same relationship exists when one-half or three-quarters of potentiometer movement. \nTAPERED POTENTIOMETERS\nResistance varies in a nonlinear manner in the case of the tapered potentiometer. Keep in mind that one-half of full potentiometer travel doesn't necessarily correspond to one-half the total resistance of the potentiometer.\nTHERMISTORS\nThe thermistor is a type of a variable resistor, which is temperature sensitive. This component has\nwhat is known as a negative temperature coefficient, which means that as the sensed temperature increases, the resistance of the thermistor decreases.\nPHOTOCONDUCTIVE CELLS\nThe photoconductive cell is similar to the thermistor. Like the thermistor, it has a negative temperature coefficient. Unlike the thermistor, the resistance is controlled by light intensity. This kind of component can be found in radio control heads where the intensity of the ambient light is sensed through the photoconductive cell resulting in the back lighting of the control heads to adjust to the cockpit lighting conditions.\nWHEATSTONE BRIDGE\nA Wheatstone ·Bridge is a useful electric wiring circuit constructed of three resistors with known values (Ri, R2, R3) and a voltmeter (VG), A fourth resistor (Rx) of unknown value is also included as shown in Figure 7-25. When wired as shown, the voltage values at D and B vary with the total resistance on each side of the \""bridge\"". Stated another way, the ratio of R2 / R1 = Rx / R3. Thus, when the resistance on both sides of the circuit bridge are equal, there is no difference in potential at points D and B and the voltmeter wired between these points indicates \""O\"". To find the unknown value of Rx, The equation above can be rewritten and solved for Rx as follows: Rx = R1 / R2 * R3. Alternatively, the voltage shown on the voltmeter can be used to calculate the unknown value of Rx by using Kirchoff's laws. Of primary importance is the fact that when constructed as shown, the bridge circuit is balanced between both sides when the voltmeter indicates zero. It must be noted that similar bridge circuits can be used to measure capacitance, inductance and impedance."", ""question"": ""The first color band (nearest the end of the resistor) will indicate the first digit in the numerical"", ""options"": [""The second color band will always indicate the second digit of ohmic value. It will never be gold or"", ""The third color band indicates the number of zeros to be added to the two digits derived from the first and second bands, except in the following two cases: (A) If the third band is gold in color, the first two digits must be multiplied by 10 percent. (B) If the third band is silver in color, the first two digits must be multiplied by 1 percent."", ""If there is a fourth color band, it is used as a multiplier for percentage of tolerance, as indicated""], ""correct"": null, ""answer_text"": null, ""category"": null, ""source_file"": ""Revision Sub Module 1&4&7.docx"", ""source_module"": ""M3"", ""fmt"": ""docx"", ""module"": ""M3"", ""syllabusRef"": ""M3.03.07"", ""level"": null, ""difficulty"": ""MEDIUM""}"
M3,M3.1.5,,What is the unit for Volts,Vo,Ω,V,,,EASY,,,,DRAFT,NEEDS_ANSWER — answer not provided in source; solve via Suntech corpus or admin review,1,Team November.pdf,"{""raw"": ""1. What is the unit for Volts\nA. Vo\nB. Ω\nC. V"", ""question"": ""What is the unit for Volts"", ""options"": [""Vo"", ""Ω"", ""V""], ""correct"": null, ""answer_text"": null, ""category"": null, ""source_file"": ""Team November.pdf"", ""source_module"": ""M3"", ""fmt"": ""pdf"", ""module"": ""M3"", ""syllabusRef"": ""M3.1.5"", ""level"": null, ""difficulty"": ""EASY""}"
M3,,,Conventional flow is a flow from,Positive to negative,Negative to positive,Positive to Neutral,,,EASY,,,,DRAFT,NEEDS_ANSWER — answer not provided in source; solve via Suntech corpus or admin review,1,Team November.pdf,"{""raw"": ""2. Conventional flow is a flow from\nA. Positive to negative\nB. Negative to positive\nC. Positive to Neutral"", ""question"": ""Conventional flow is a flow from"", ""options"": [""Positive to negative"", ""Negative to positive"", ""Positive to Neutral""], ""correct"": null, ""answer_text"": null, ""category"": null, ""source_file"": ""Team November.pdf"", ""source_module"": ""M3"", ""fmt"": ""pdf"", ""module"": ""M3"", ""difficulty"": ""EASY""}"
M3,M3.03.07,,Resistance is measured in,Mho,Ohm,Hom,,,EASY,,,,DRAFT,NEEDS_ANSWER — answer not provided in source; solve via Suntech corpus or admin review,1,Team November.pdf,"{""raw"": ""4. Resistance is measured in\nA. Mho\nB. Ohm\nC. Hom"", ""question"": ""Resistance is measured in"", ""options"": [""Mho"", ""Ohm"", ""Hom""], ""correct"": null, ""answer_text"": null, ""category"": null, ""source_file"": ""Team November.pdf"", ""source_module"": ""M3"", ""fmt"": ""pdf"", ""module"": ""M3"", ""syllabusRef"": ""M3.03.07"", ""level"": null, ""difficulty"": ""EASY""}"
M3,M3.03.07,,The two fundamental properties of current and voltage are related by a third party known as,Resistance,Potential difference,Electromotive Force,,,MEDIUM,,,,DRAFT,NEEDS_ANSWER — answer not provided in source; solve via Suntech corpus or admin review,1,Team November.pdf,"{""raw"": ""5. The two fundamental properties of current and voltage are related by a third party known as\nA. Resistance\nB. Potential difference\nC. Electromotive Force"", ""question"": ""The two fundamental properties of current and voltage are related by a third party known as"", ""options"": [""Resistance"", ""Potential difference"", ""Electromotive Force""], ""correct"": null, ""answer_text"": null, ""category"": null, ""source_file"": ""Team November.pdf"", ""source_module"": ""M3"", ""fmt"": ""pdf"", ""module"": ""M3"", ""syllabusRef"": ""M3.03.07"", ""level"": null, ""difficulty"": ""MEDIUM""}"
M3,,,Conductance is measured in,Ohms,Siemen,Mho,,,EASY,,,,DRAFT,NEEDS_ANSWER — answer not provided in source; solve via Suntech corpus or admin review,1,Team November.pdf,"{""raw"": ""6. Conductance is measured in\nA. Ohms\nB. Siemen\nC. Mho"", ""question"": ""Conductance is measured in"", ""options"": [""Ohms"", ""Siemen"", ""Mho""], ""correct"": null, ""answer_text"": null, ""category"": null, ""source_file"": ""Team November.pdf"", ""source_module"": ""M3"", ""fmt"": ""pdf"", ""module"": ""M3"", ""difficulty"": ""EASY""}"
M3,M3.1.5,,Voltage is measured in,Volts,Watts,Ohms,,,EASY,,,,DRAFT,NEEDS_ANSWER — answer not provided in source; solve via Suntech corpus or admin review,1,Team November.pdf,"{""raw"": ""7. Voltage is measured in\nA. Volts\nB. Watts\nC. Ohms"", ""question"": ""Voltage is measured in"", ""options"": [""Volts"", ""Watts"", ""Ohms""], ""correct"": null, ""answer_text"": null, ""category"": null, ""source_file"": ""Team November.pdf"", ""source_module"": ""M3"", ""fmt"": ""pdf"", ""module"": ""M3"", ""syllabusRef"": ""M3.1.5"", ""level"": null, ""difficulty"": ""EASY""}"
M3,,,Conductance is the ability of a material to,Allow flow of current,Resist flow of current,Discharge current,,,EASY,,,,DRAFT,NEEDS_ANSWER — answer not provided in source; solve via Suntech corpus or admin review,1,Team November.pdf,"{""raw"": ""8. Conductance is the ability of a material to\nA. Allow flow of current\nB. Resist flow of current\nC. Discharge current"", ""question"": ""Conductance is the ability of a material to"", ""options"": [""Allow flow of current"", ""Resist flow of current"", ""Discharge current""], ""correct"": null, ""answer_text"": null, ""category"": null, ""source_file"": ""Team November.pdf"", ""source_module"": ""M3"", ""fmt"": ""pdf"", ""module"": ""M3"", ""difficulty"": ""EASY""}"
M3,M3.1.5,,Charge is measured in,Candela,Coulomb,Current,,,EASY,,,,DRAFT,NEEDS_ANSWER — answer not provided in source; solve via Suntech corpus or admin review,1,Team November.pdf,"{""raw"": ""9. Charge is measured in\nA. Candela\nB. Coulomb\nC. Current"", ""question"": ""Charge is measured in"", ""options"": [""Candela"", ""Coulomb"", ""Current""], ""correct"": null, ""answer_text"": null, ""category"": null, ""source_file"": ""Team November.pdf"", ""source_module"": ""M3"", ""fmt"": ""pdf"", ""module"": ""M3"", ""syllabusRef"": ""M3.1.5"", ""level"": null, ""difficulty"": ""EASY""}"
M3,M3.3.07(a),,Energy required to move a charge from one point to another point is,Ohms energy,Kinetic energy,Potential difference,,,MEDIUM,,,,DRAFT,NEEDS_ANSWER — answer not provided in source; solve via Suntech corpus or admin review,1,Team November.pdf,"{""raw"": ""10. Energy required to move a charge from one point to another point is\nA. Ohms energy\nB. Kinetic energy\nC. Potential difference"", ""question"": ""Energy required to move a charge from one point to another point is"", ""options"": [""Ohms energy"", ""Kinetic energy"", ""Potential difference""], ""correct"": null, ""answer_text"": null, ""category"": null, ""source_file"": ""Team November.pdf"", ""source_module"": ""M3"", ""fmt"": ""pdf"", ""module"": ""M3"", ""syllabusRef"": ""M3.3.07(a)"", ""level"": null, ""difficulty"": ""MEDIUM""}"
M3,M3.1.5,,Which of the following is the wrong expression?,IN=IN,IV= IV,IN = IN,,,EASY,,,,DRAFT,NEEDS_ANSWER — answer not provided in source; solve via Suntech corpus or admin review,1,TRANSFORMER 4 (1)_230801_085906.pdf,"{""raw"": ""1. Which of the following is the wrong expression?\nA. IN=IN\n1 1 2 2\nB. IV= IV\n1 1 2 2\nC. IN = IN\n1 2 2 1"", ""question"": ""Which of the following is the wrong expression?"", ""options"": [""IN=IN"", ""IV= IV"", ""IN = IN""], ""correct"": null, ""answer_text"": null, ""category"": null, ""source_file"": ""TRANSFORMER 4 (1)_230801_085906.pdf"", ""source_module"": ""M3"", ""fmt"": ""pdf"", ""module"": ""M3"", ""syllabusRef"": ""M3.1.5"", ""level"": null, ""difficulty"": ""EASY""}"
M3,M3.1.5,,to the secondary?,n2 times the secondary impedance,n times secondary impedance,secondary impedance/n2,,,EASY,"2. For a transformer with turns ratio equal to n, what will be the impedance of the primary with respect",,,DRAFT,NEEDS_ANSWER — answer not provided in source; solve via Suntech corpus or admin review,1,TRANSFORMER 4 (1)_230801_085906.pdf,"{""raw"": ""2. For a transformer with turns ratio equal to n, what will be the impedance of the primary with respect\nto the secondary?\nA. n2 times the secondary impedance\nB. n times secondary impedance\nC. secondary impedance/n2"", ""question"": ""to the secondary?"", ""options"": [""n2 times the secondary impedance"", ""n times secondary impedance"", ""secondary impedance/n2""], ""correct"": null, ""answer_text"": null, ""category"": ""2. For a transformer with turns ratio equal to n, what will be the impedance of the primary with respect"", ""source_file"": ""TRANSFORMER 4 (1)_230801_085906.pdf"", ""source_module"": ""M3"", ""fmt"": ""pdf"", ""module"": ""M3"", ""syllabusRef"": ""M3.1.5"", ""level"": null, ""difficulty"": ""EASY""}"
M3,,,The power transformed in an ideal transformer with turns ratio x is equal to _______,x2 times primary,x times primary,primary power,,,MEDIUM,,,,DRAFT,NEEDS_ANSWER — answer not provided in source; solve via Suntech corpus or admin review,1,TRANSFORMER 4 (1)_230801_085906.pdf,"{""raw"": ""3. The power transformed in an ideal transformer with turns ratio x is equal to _______\nA. x2 times primary\nB. x times primary\nC. primary power"", ""question"": ""The power transformed in an ideal transformer with turns ratio x is equal to _______"", ""options"": [""x2 times primary"", ""x times primary"", ""primary power""], ""correct"": null, ""answer_text"": null, ""category"": null, ""source_file"": ""TRANSFORMER 4 (1)_230801_085906.pdf"", ""source_module"": ""M3"", ""fmt"": ""pdf"", ""module"": ""M3"", ""difficulty"": ""MEDIUM""}"
M3,M3.1.5,,"For a transformer with primary turns 100, secondary turns 400, if 200 V is applied at primary we will",80 V at secondary,800 V at secondary,1600 V at secondary,,,MEDIUM,,,,DRAFT,NEEDS_ANSWER — answer not provided in source; solve via Suntech corpus or admin review,1,TRANSFORMER 4 (1)_230801_085906.pdf,"{""raw"": ""4. For a transformer with primary turns 100, secondary turns 400, if 200 V is applied at primary we will\nhave ___________\nA. 80 V at secondary\nB. 800 V at secondary\nC. 1600 V at secondary"", ""question"": ""For a transformer with primary turns 100, secondary turns 400, if 200 V is applied at primary we will"", ""options"": [""80 V at secondary"", ""800 V at secondary"", ""1600 V at secondary""], ""correct"": null, ""answer_text"": null, ""category"": null, ""source_file"": ""TRANSFORMER 4 (1)_230801_085906.pdf"", ""source_module"": ""M3"", ""fmt"": ""pdf"", ""module"": ""M3"", ""syllabusRef"": ""M3.1.5"", ""level"": null, ""difficulty"": ""MEDIUM""}"
M3,,,6. What is the no-load current drawn by transformer?,2 to 5 per cent,12 to 15 per cent,0.20 to 0.30 per cent,,,MEDIUM,,,,DRAFT,NEEDS_ANSWER — answer not provided in source; solve via Suntech corpus or admin review,1,TRANSFORMER 4 (1)_230801_085906.pdf,"{""raw"": ""6. What is the no-load current drawn by transformer?\nA. 2 to 5 per cent\nB. 12 to 15 per cent\nC. 0.20 to 0.30 per cent"", ""question"": ""6. What is the no-load current drawn by transformer?"", ""options"": [""2 to 5 per cent"", ""12 to 15 per cent"", ""0.20 to 0.30 per cent""], ""correct"": null, ""answer_text"": null, ""category"": null, ""source_file"": ""TRANSFORMER 4 (1)_230801_085906.pdf"", ""source_module"": ""M3"", ""fmt"": ""pdf"", ""module"": ""M3"", ""difficulty"": ""MEDIUM""}"
M3,M3.3.2,2,Purpose of no-load test on a transformer is to measure ___________,Copper loss,"Magnetising, current and loss",Efficiency of the transformer,,,MEDIUM,,,,DRAFT,NEEDS_ANSWER — answer not provided in source; solve via Suntech corpus or admin review,1,TRANSFORMER 4 (1)_230801_085906.pdf,"{""raw"": ""7. Purpose of no-load test on a transformer is to measure ___________\nA. Copper loss\nB. Magnetising, current and loss\nC. Efficiency of the transformer"", ""question"": ""Purpose of no-load test on a transformer is to measure ___________"", ""options"": [""Copper loss"", ""Magnetising, current and loss"", ""Efficiency of the transformer""], ""correct"": null, ""answer_text"": null, ""category"": null, ""source_file"": ""TRANSFORMER 4 (1)_230801_085906.pdf"", ""source_module"": ""M3"", ""fmt"": ""pdf"", ""module"": ""M3"", ""syllabusRef"": ""M3.3.2"", ""level"": 2, ""difficulty"": ""MEDIUM""}"
M3,M3.1.5,,8. Which of the following statement is true for no-load current of the transformer?,has high magnitude and low power factor,has high magnitude and high power factor,has small magnitude and low power factor,,,MEDIUM,,,,DRAFT,NEEDS_ANSWER — answer not provided in source; solve via Suntech corpus or admin review,1,TRANSFORMER 4 (1)_230801_085906.pdf,"{""raw"": ""8. Which of the following statement is true for no-load current of the transformer?\nA. has high magnitude and low power factor\nB. has high magnitude and high power factor\nC. has small magnitude and low power factor"", ""question"": ""8. Which of the following statement is true for no-load current of the transformer?"", ""options"": [""has high magnitude and low power factor"", ""has high magnitude and high power factor"", ""has small magnitude and low power factor""], ""correct"": null, ""answer_text"": null, ""category"": null, ""source_file"": ""TRANSFORMER 4 (1)_230801_085906.pdf"", ""source_module"": ""M3"", ""fmt"": ""pdf"", ""module"": ""M3"", ""syllabusRef"": ""M3.1.5"", ""level"": null, ""difficulty"": ""MEDIUM""}"
M3,M3.03.07,,In no-load test we keep secondary terminals __________,Shorted via a fixed resistor,Shorted via a variable resistor,Open,,,MEDIUM,,,,DRAFT,NEEDS_ANSWER — answer not provided in source; solve via Suntech corpus or admin review,1,TRANSFORMER 4 (1)_230801_085906.pdf,"{""raw"": ""9. In no-load test we keep secondary terminals __________\nA. Shorted via a fixed resistor\nB. Shorted via a variable resistor\nC. Open"", ""question"": ""In no-load test we keep secondary terminals __________"", ""options"": [""Shorted via a fixed resistor"", ""Shorted via a variable resistor"", ""Open""], ""correct"": null, ""answer_text"": null, ""category"": null, ""source_file"": ""TRANSFORMER 4 (1)_230801_085906.pdf"", ""source_module"": ""M3"", ""fmt"": ""pdf"", ""module"": ""M3"", ""syllabusRef"": ""M3.03.07"", ""level"": null, ""difficulty"": ""MEDIUM""}"
M3,,,Induced emf in the primary of transformer is equal to terminal voltage applied at primary.,True,False,Neither,,,MEDIUM,,,,DRAFT,NEEDS_ANSWER — answer not provided in source; solve via Suntech corpus or admin review,1,TRANSFORMER 4 (1)_230801_085906.pdf,"{""raw"": ""10. Induced emf in the primary of transformer is equal to terminal voltage applied at primary.\nA. True\nB. False\nC. Neither"", ""question"": ""Induced emf in the primary of transformer is equal to terminal voltage applied at primary."", ""options"": [""True"", ""False"", ""Neither""], ""correct"": null, ""answer_text"": null, ""category"": null, ""source_file"": ""TRANSFORMER 4 (1)_230801_085906.pdf"", ""source_module"": ""M3"", ""fmt"": ""pdf"", ""module"": ""M3"", ""difficulty"": ""MEDIUM""}"
M3,M3.3.2,2,"11. Which is the most common, famous and adopted method of cooling of a power transformer?",Air blast cooling,Natural air cooling,Oil cooling,,,MEDIUM,,,,DRAFT,NEEDS_ANSWER — answer not provided in source; solve via Suntech corpus or admin review,1,TRANSFORMER 4 (1)_230801_085906.pdf,"{""raw"": ""11. Which is the most common, famous and adopted method of cooling of a power transformer?\na) Air blast cooling\nb) Natural air cooling\nc) Oil cooling"", ""question"": ""11. Which is the most common, famous and adopted method of cooling of a power transformer?"", ""options"": [""Air blast cooling"", ""Natural air cooling"", ""Oil cooling""], ""correct"": null, ""answer_text"": null, ""category"": null, ""source_file"": ""TRANSFORMER 4 (1)_230801_085906.pdf"", ""source_module"": ""M3"", ""fmt"": ""pdf"", ""module"": ""M3"", ""syllabusRef"": ""M3.3.2"", ""level"": 2, ""difficulty"": ""MEDIUM""}"
M3,M3.1.5,,Natural oil cooling method have some limitations due to which it is adopted for transformers up,3000 kVA,1000 kVA,500 KVA,,,MEDIUM,,,,DRAFT,NEEDS_ANSWER — answer not provided in source; solve via Suntech corpus or admin review,1,TRANSFORMER 4 (1)_230801_085906.pdf,"{""raw"": ""12. Natural oil cooling method have some limitations due to which it is adopted for transformers up\nto a rating of ____________\na) 3000 kVA\nb) 1000 kVA\nc) 500 KVA"", ""question"": ""Natural oil cooling method have some limitations due to which it is adopted for transformers up"", ""options"": [""3000 kVA"", ""1000 kVA"", ""500 KVA""], ""correct"": null, ""answer_text"": null, ""category"": null, ""source_file"": ""TRANSFORMER 4 (1)_230801_085906.pdf"", ""source_module"": ""M3"", ""fmt"": ""pdf"", ""module"": ""M3"", ""syllabusRef"": ""M3.1.5"", ""level"": null, ""difficulty"": ""MEDIUM""}"
M3,M3.3.2,2,13. What is the function of spacers?,To insulate the coils from each other,To provide free passage to the cooling oil,To insulate coils and provide free passage,,,EASY,,,,DRAFT,NEEDS_ANSWER — answer not provided in source; solve via Suntech corpus or admin review,1,TRANSFORMER 4 (1)_230801_085906.pdf,"{""raw"": ""13. What is the function of spacers?\na) To insulate the coils from each other\nb) To provide free passage to the cooling oil\nc) To insulate coils and provide free passage"", ""question"": ""13. What is the function of spacers?"", ""options"": [""To insulate the coils from each other"", ""To provide free passage to the cooling oil"", ""To insulate coils and provide free passage""], ""correct"": null, ""answer_text"": null, ""category"": null, ""source_file"": ""TRANSFORMER 4 (1)_230801_085906.pdf"", ""source_module"": ""M3"", ""fmt"": ""pdf"", ""module"": ""M3"", ""syllabusRef"": ""M3.3.2"", ""level"": 2, ""difficulty"": ""EASY""}"
M3,M3.1.5,,can be used perfectly in an electrical transformer?,Ionizing air,Absorbing moisture,Cleansing the transformer oil,,,MEDIUM,"14. Which of the following is the most important quality required for chemical in breather, so that it",,,DRAFT,NEEDS_ANSWER — answer not provided in source; solve via Suntech corpus or admin review,1,TRANSFORMER 4 (1)_230801_085906.pdf,"{""raw"": ""14. Which of the following is the most important quality required for chemical in breather, so that it\ncan be used perfectly in an electrical transformer?\na) Ionizing air\nb) Absorbing moisture\nc) Cleansing the transformer oil"", ""question"": ""can be used perfectly in an electrical transformer?"", ""options"": [""Ionizing air"", ""Absorbing moisture"", ""Cleansing the transformer oil""], ""correct"": null, ""answer_text"": null, ""category"": ""14. Which of the following is the most important quality required for chemical in breather, so that it"", ""source_file"": ""TRANSFORMER 4 (1)_230801_085906.pdf"", ""source_module"": ""M3"", ""fmt"": ""pdf"", ""module"": ""M3"", ""syllabusRef"": ""M3.1.5"", ""level"": null, ""difficulty"": ""MEDIUM""}"
M3,M3.1.5,,15. Which chemical is used in breather?,Silica sand,Sodium chloride,Silica gel,,,EASY,,,,DRAFT,NEEDS_ANSWER — answer not provided in source; solve via Suntech corpus or admin review,1,TRANSFORMER 4 (1)_230801_085906.pdf,"{""raw"": ""15. Which chemical is used in breather?\na) Silica sand\nb) Sodium chloride\nc) Silica gel"", ""question"": ""15. Which chemical is used in breather?"", ""options"": [""Silica sand"", ""Sodium chloride"", ""Silica gel""], ""correct"": null, ""answer_text"": null, ""category"": null, ""source_file"": ""TRANSFORMER 4 (1)_230801_085906.pdf"", ""source_module"": ""M3"", ""fmt"": ""pdf"", ""module"": ""M3"", ""syllabusRef"": ""M3.1.5"", ""level"": null, ""difficulty"": ""EASY""}"
M3,M3.03.03,,A transformer oil used in an electrical transformer must be free from ________,Gases,Sludge,Moisture,,,MEDIUM,,,,DRAFT,NEEDS_ANSWER — answer not provided in source; solve via Suntech corpus or admin review,1,TRANSFORMER 4 (1)_230801_085906.pdf,"{""raw"": ""16. A transformer oil used in an electrical transformer must be free from ________\na) Gases\nb) Sludge\nc) Moisture"", ""question"": ""A transformer oil used in an electrical transformer must be free from ________"", ""options"": [""Gases"", ""Sludge"", ""Moisture""], ""correct"": null, ""answer_text"": null, ""category"": null, ""source_file"": ""TRANSFORMER 4 (1)_230801_085906.pdf"", ""source_module"": ""M3"", ""fmt"": ""pdf"", ""module"": ""M3"", ""syllabusRef"": ""M3.03.03"", ""level"": null, ""difficulty"": ""MEDIUM""}"
M3,M3.03.09,,"17. On which of the following transformer, Buchholz’s relay can be fixed on?",Auto-transformers,Air-cooled transformers,Oil cooled transformers,,,MEDIUM,,,,DRAFT,NEEDS_ANSWER — answer not provided in source; solve via Suntech corpus or admin review,1,TRANSFORMER 4 (1)_230801_085906.pdf,"{""raw"": ""17. On which of the following transformer, Buchholz’s relay can be fixed on?\na) Auto-transformers\nb) Air-cooled transformers\nc) Oil cooled transformers"", ""question"": ""17. On which of the following transformer, Buchholz’s relay can be fixed on?"", ""options"": [""Auto-transformers"", ""Air-cooled transformers"", ""Oil cooled transformers""], ""correct"": null, ""answer_text"": null, ""category"": null, ""source_file"": ""TRANSFORMER 4 (1)_230801_085906.pdf"", ""source_module"": ""M3"", ""fmt"": ""pdf"", ""module"": ""M3"", ""syllabusRef"": ""M3.03.09"", ""level"": null, ""difficulty"": ""MEDIUM""}"
M3,M3.3.2,2,Gas is liberated due to temperature limit and due to dissociation of transformer oil after,80°C,100°C,150°C,,,MEDIUM,,,,DRAFT,NEEDS_ANSWER — answer not provided in source; solve via Suntech corpus or admin review,1,TRANSFORMER 4 (1)_230801_085906.pdf,"{""raw"": ""18. Gas is liberated due to temperature limit and due to dissociation of transformer oil after\n___________\na) 80°C\nb) 100°C\nc) 150°C"", ""question"": ""Gas is liberated due to temperature limit and due to dissociation of transformer oil after"", ""options"": [""80°C"", ""100°C"", ""150°C""], ""correct"": null, ""answer_text"": null, ""category"": null, ""source_file"": ""TRANSFORMER 4 (1)_230801_085906.pdf"", ""source_module"": ""M3"", ""fmt"": ""pdf"", ""module"": ""M3"", ""syllabusRef"": ""M3.3.2"", ""level"": 2, ""difficulty"": ""MEDIUM""}"
M3,M3.3.2,2,19. What should be the ideal volatility and ideal viscosity of the transformer oil?,"Low, low","High, high","Low, high",,,MEDIUM,,,,DRAFT,NEEDS_ANSWER — answer not provided in source; solve via Suntech corpus or admin review,1,TRANSFORMER 4 (1)_230801_085906.pdf,"{""raw"": ""19. What should be the ideal volatility and ideal viscosity of the transformer oil?\na) Low, low\nb) High, high\nc) Low, high"", ""question"": ""19. What should be the ideal volatility and ideal viscosity of the transformer oil?"", ""options"": [""Low, low"", ""High, high"", ""Low, high""], ""correct"": null, ""answer_text"": null, ""category"": null, ""source_file"": ""TRANSFORMER 4 (1)_230801_085906.pdf"", ""source_module"": ""M3"", ""fmt"": ""pdf"", ""module"": ""M3"", ""syllabusRef"": ""M3.3.2"", ""level"": 2, ""difficulty"": ""MEDIUM""}"
M3,,,20. What is the function of breather in a transformer?,To cool the coils during reduced load,To cool the transformer oil,To arrest flow of moisture when outside air enters the transformer,,,MEDIUM,,,,DRAFT,NEEDS_ANSWER — answer not provided in source; solve via Suntech corpus or admin review,1,TRANSFORMER 4 (1)_230801_085906.pdf,"{""raw"": ""20. What is the function of breather in a transformer?\na) To cool the coils during reduced load\nb) To cool the transformer oil\nc) To arrest flow of moisture when outside air enters the transformer"", ""question"": ""20. What is the function of breather in a transformer?"", ""options"": [""To cool the coils during reduced load"", ""To cool the transformer oil"", ""To arrest flow of moisture when outside air enters the transformer""], ""correct"": null, ""answer_text"": null, ""category"": null, ""source_file"": ""TRANSFORMER 4 (1)_230801_085906.pdf"", ""source_module"": ""M3"", ""fmt"": ""pdf"", ""module"": ""M3"", ""difficulty"": ""MEDIUM""}"
M3,,,"Natural air cooling method can’t be adopted because of some unavoidable effects, beyond",1.5 MVA,5 MVA,15 MVA,,,MEDIUM,,,,DRAFT,NEEDS_ANSWER — answer not provided in source; solve via Suntech corpus or admin review,1,TRANSFORMER 4 (1)_230801_085906.pdf,"{""raw"": ""21. Natural air cooling method can’t be adopted because of some unavoidable effects, beyond\n_______\na) 1.5 MVA\nb) 5 MVA\nc) 15 MVA"", ""question"": ""Natural air cooling method can’t be adopted because of some unavoidable effects, beyond"", ""options"": [""1.5 MVA"", ""5 MVA"", ""15 MVA""], ""correct"": null, ""answer_text"": null, ""category"": null, ""source_file"": ""TRANSFORMER 4 (1)_230801_085906.pdf"", ""source_module"": ""M3"", ""fmt"": ""pdf"", ""module"": ""M3"", ""difficulty"": ""MEDIUM""}"
M3,,,A transformer transforms ________________,voltage,current,power,,,EASY,,,,DRAFT,NEEDS_ANSWER — answer not provided in source; solve via Suntech corpus or admin review,1,TRANSFORMER 4 (1)_230801_085906.pdf,"{""raw"": ""22. A transformer transforms ________________\na) voltage\nb) current\nc) power"", ""question"": ""A transformer transforms ________________"", ""options"": [""voltage"", ""current"", ""power""], ""correct"": null, ""answer_text"": null, ""category"": null, ""source_file"": ""TRANSFORMER 4 (1)_230801_085906.pdf"", ""source_module"": ""M3"", ""fmt"": ""pdf"", ""module"": ""M3"", ""difficulty"": ""EASY""}"
M3,M3.1.5,,24. Which of the following is not for the purpose of iron core in a step-up transformer?,to provide coupling between primary and secondary,to increase the magnitude of mutual flux,to decrease the magnitude of magnetizing current,,,MEDIUM,,,,DRAFT,NEEDS_ANSWER — answer not provided in source; solve via Suntech corpus or admin review,1,TRANSFORMER 4 (1)_230801_085906.pdf,"{""raw"": ""24. Which of the following is not for the purpose of iron core in a step-up transformer?\na) to provide coupling between primary and secondary\nb) to increase the magnitude of mutual flux\nc) to decrease the magnitude of magnetizing current"", ""question"": ""24. Which of the following is not for the purpose of iron core in a step-up transformer?"", ""options"": [""to provide coupling between primary and secondary"", ""to increase the magnitude of mutual flux"", ""to decrease the magnitude of magnetizing current""], ""correct"": null, ""answer_text"": null, ""category"": null, ""source_file"": ""TRANSFORMER 4 (1)_230801_085906.pdf"", ""source_module"": ""M3"", ""fmt"": ""pdf"", ""module"": ""M3"", ""syllabusRef"": ""M3.1.5"", ""level"": null, ""difficulty"": ""MEDIUM""}"
M3,,,In a transformer the tappings are generally provided on,Primary side,Secondary side,Can be connected to any side,,,MEDIUM,,,,DRAFT,NEEDS_ANSWER — answer not provided in source; solve via Suntech corpus or admin review,1,TRANSFORMER 4 (1)_230801_085906.pdf,"{""raw"": ""25. In a transformer the tappings are generally provided on\na) Primary side\nb) Secondary side\nc) Can be connected to any side"", ""question"": ""In a transformer the tappings are generally provided on"", ""options"": [""Primary side"", ""Secondary side"", ""Can be connected to any side""], ""correct"": null, ""answer_text"": null, ""category"": null, ""source_file"": ""TRANSFORMER 4 (1)_230801_085906.pdf"", ""source_module"": ""M3"", ""fmt"": ""pdf"", ""module"": ""M3"", ""difficulty"": ""MEDIUM""}"
M3,M3.03.07,,"In real transformer, primary winding has _________",Infinite resistance,Zero resistance,Some finite resistance,,,MEDIUM,,,,DRAFT,NEEDS_ANSWER — answer not provided in source; solve via Suntech corpus or admin review,1,TRANSFORMER 4 (1)_230801_085906.pdf,"{""raw"": ""26. In real transformer, primary winding has _________\na) Infinite resistance\nb) Zero resistance\nc) Some finite resistance"", ""question"": ""In real transformer, primary winding has _________"", ""options"": [""Infinite resistance"", ""Zero resistance"", ""Some finite resistance""], ""correct"": null, ""answer_text"": null, ""category"": null, ""source_file"": ""TRANSFORMER 4 (1)_230801_085906.pdf"", ""source_module"": ""M3"", ""fmt"": ""pdf"", ""module"": ""M3"", ""syllabusRef"": ""M3.03.07"", ""level"": null, ""difficulty"": ""MEDIUM""}"
M3,M3.3.2,2,Both resistances and leakage reactances of the transformer windings are __________,Series effects,Parallel effects,Series-parallel effects,,,MEDIUM,,,,DRAFT,NEEDS_ANSWER — answer not provided in source; solve via Suntech corpus or admin review,1,TRANSFORMER 4 (1)_230801_085906.pdf,"{""raw"": ""27. Both resistances and leakage reactances of the transformer windings are __________\na) Series effects\nb) Parallel effects\nc) Series-parallel effects"", ""question"": ""Both resistances and leakage reactances of the transformer windings are __________"", ""options"": [""Series effects"", ""Parallel effects"", ""Series-parallel effects""], ""correct"": null, ""answer_text"": null, ""category"": null, ""source_file"": ""TRANSFORMER 4 (1)_230801_085906.pdf"", ""source_module"": ""M3"", ""fmt"": ""pdf"", ""module"": ""M3"", ""syllabusRef"": ""M3.3.2"", ""level"": 2, ""difficulty"": ""MEDIUM""}"
M3,M3.03.07,,To consider an ideal transformer as a practical transformer we consider____________,Primary winding resistance and secondary winding resistance,Primary winding leakage reactance and secondary winding leakage reactance,"Primary winding resistance, leakage and secondary winding leakage reactance",,,MEDIUM,,,,DRAFT,NEEDS_ANSWER — answer not provided in source; solve via Suntech corpus or admin review,1,TRANSFORMER 4 (1)_230801_085906.pdf,"{""raw"": ""28. To consider an ideal transformer as a practical transformer we consider____________\na) Primary winding resistance and secondary winding resistance\nb) Primary winding leakage reactance and secondary winding leakage reactance\nc) Primary winding resistance, leakage and secondary winding leakage reactance"", ""question"": ""To consider an ideal transformer as a practical transformer we consider____________"", ""options"": [""Primary winding resistance and secondary winding resistance"", ""Primary winding leakage reactance and secondary winding leakage reactance"", ""Primary winding resistance, leakage and secondary winding leakage reactance""], ""correct"": null, ""answer_text"": null, ""category"": null, ""source_file"": ""TRANSFORMER 4 (1)_230801_085906.pdf"", ""source_module"": ""M3"", ""fmt"": ""pdf"", ""module"": ""M3"", ""syllabusRef"": ""M3.03.07"", ""level"": null, ""difficulty"": ""MEDIUM""}"
M3,M3.3.2,2,values of primary and secondary currents?,"Primary current = 602.4A, Secondary current = 22.7A","Secondary current = 202.7A, Primary current = 602.4A","Primary current = 22.7A, Secondary current = 602.4A",,,EASY,"30. A single phase transformer has specifications as 250 KVA, 11000 V/415 V, 50 Hz. What are the",,,DRAFT,NEEDS_ANSWER — answer not provided in source; solve via Suntech corpus or admin review,1,TRANSFORMER 4 (1)_230801_085906.pdf,"{""raw"": ""30. A single phase transformer has specifications as 250 KVA, 11000 V/415 V, 50 Hz. What are the\nvalues of primary and secondary currents?\na) Primary current = 602.4A, Secondary current = 22.7A\nb) Secondary current = 202.7A, Primary current = 602.4A\nc) Primary current = 22.7A, Secondary current = 602.4A"", ""question"": ""values of primary and secondary currents?"", ""options"": [""Primary current = 602.4A, Secondary current = 22.7A"", ""Secondary current = 202.7A, Primary current = 602.4A"", ""Primary current = 22.7A, Secondary current = 602.4A""], ""correct"": null, ""answer_text"": null, ""category"": ""30. A single phase transformer has specifications as 250 KVA, 11000 V/415 V, 50 Hz. What are the"", ""source_file"": ""TRANSFORMER 4 (1)_230801_085906.pdf"", ""source_module"": ""M3"", ""fmt"": ""pdf"", ""module"": ""M3"", ""syllabusRef"": ""M3.3.2"", ""level"": 2, ""difficulty"": ""EASY""}"
M3,M3.1.5,,The maximum load that a power transformer can carry is limited because of its ___________,temperature rise,dielectric strength of oil,voltage ratio,,,MEDIUM,,,,DRAFT,NEEDS_ANSWER — answer not provided in source; solve via Suntech corpus or admin review,1,TRANSFORMER 4 (1)_230801_085906.pdf,"{""raw"": ""31. The maximum load that a power transformer can carry is limited because of its ___________\na) temperature rise\nb) dielectric strength of oil\nc) voltage ratio"", ""question"": ""The maximum load that a power transformer can carry is limited because of its ___________"", ""options"": [""temperature rise"", ""dielectric strength of oil"", ""voltage ratio""], ""correct"": null, ""answer_text"": null, ""category"": null, ""source_file"": ""TRANSFORMER 4 (1)_230801_085906.pdf"", ""source_module"": ""M3"", ""fmt"": ""pdf"", ""module"": ""M3"", ""syllabusRef"": ""M3.1.5"", ""level"": null, ""difficulty"": ""MEDIUM""}"
M3,,,The voltage transformation ratio of a transformer is defined as ratio of _____________,primary turns to secondary turns,secondary current to primary current,secondary induced emf to primary induced emf,,,MEDIUM,,,,DRAFT,NEEDS_ANSWER — answer not provided in source; solve via Suntech corpus or admin review,1,TRANSFORMER 4 (1)_230801_085906.pdf,"{""raw"": ""32. The voltage transformation ratio of a transformer is defined as ratio of _____________\na) primary turns to secondary turns\nb) secondary current to primary current\nc) secondary induced emf to primary induced emf"", ""question"": ""The voltage transformation ratio of a transformer is defined as ratio of _____________"", ""options"": [""primary turns to secondary turns"", ""secondary current to primary current"", ""secondary induced emf to primary induced emf""], ""correct"": null, ""answer_text"": null, ""category"": null, ""source_file"": ""TRANSFORMER 4 (1)_230801_085906.pdf"", ""source_module"": ""M3"", ""fmt"": ""pdf"", ""module"": ""M3"", ""difficulty"": ""MEDIUM""}"
M3,M3.1.5,,If a transformer is made to run on to a voltage which is more than the rated voltage _______,its power factor will deteriorate,its power factor will increase,its power factor will remain unaffected,,,MEDIUM,,,,DRAFT,NEEDS_ANSWER — answer not provided in source; solve via Suntech corpus or admin review,1,TRANSFORMER 4 (1)_230801_085906.pdf,"{""raw"": ""33. If a transformer is made to run on to a voltage which is more than the rated voltage _______\na) its power factor will deteriorate\nb) its power factor will increase\nc) its power factor will remain unaffected"", ""question"": ""If a transformer is made to run on to a voltage which is more than the rated voltage _______"", ""options"": [""its power factor will deteriorate"", ""its power factor will increase"", ""its power factor will remain unaffected""], ""correct"": null, ""answer_text"": null, ""category"": null, ""source_file"": ""TRANSFORMER 4 (1)_230801_085906.pdf"", ""source_module"": ""M3"", ""fmt"": ""pdf"", ""module"": ""M3"", ""syllabusRef"": ""M3.1.5"", ""level"": null, ""difficulty"": ""MEDIUM""}"
M3,M3.1.5,,36. Which winding of the transformer has less cross-sectional area?,Primary winding,Secondary winding,High voltage winding,,,MEDIUM,,,,DRAFT,NEEDS_ANSWER — answer not provided in source; solve via Suntech corpus or admin review,1,TRANSFORMER 4 (1)_230801_085906.pdf,"{""raw"": ""36. Which winding of the transformer has less cross-sectional area?\na) Primary winding\nb) Secondary winding\nc) High voltage winding"", ""question"": ""36. Which winding of the transformer has less cross-sectional area?"", ""options"": [""Primary winding"", ""Secondary winding"", ""High voltage winding""], ""correct"": null, ""answer_text"": null, ""category"": null, ""source_file"": ""TRANSFORMER 4 (1)_230801_085906.pdf"", ""source_module"": ""M3"", ""fmt"": ""pdf"", ""module"": ""M3"", ""syllabusRef"": ""M3.1.5"", ""level"": null, ""difficulty"": ""MEDIUM""}"
M3,M3.03.03,,Exciting current in an electrical transformer will not be affected much if primary is excited with E,True,False,Cannot be determined,,,MEDIUM,,,,DRAFT,NEEDS_ANSWER — answer not provided in source; solve via Suntech corpus or admin review,1,TRANSFORMER 4 (1)_230801_085906.pdf,"{""raw"": ""37. Exciting current in an electrical transformer will not be affected much if primary is excited with E\nrather than V.\na) True\nb) False\nc) Cannot be determined"", ""question"": ""Exciting current in an electrical transformer will not be affected much if primary is excited with E"", ""options"": [""True"", ""False"", ""Cannot be determined""], ""correct"": null, ""answer_text"": null, ""category"": null, ""source_file"": ""TRANSFORMER 4 (1)_230801_085906.pdf"", ""source_module"": ""M3"", ""fmt"": ""pdf"", ""module"": ""M3"", ""syllabusRef"": ""M3.03.03"", ""level"": null, ""difficulty"": ""MEDIUM""}"
M3,M3.1.5,,irrespective of load changes?,Friction and windage losses,Copper losses,Hysteresis and eddy current losses,,,EASY,"38. In a given transformer for given applied voltage, which of the following losses remain constant",,,DRAFT,NEEDS_ANSWER — answer not provided in source; solve via Suntech corpus or admin review,1,TRANSFORMER 4 (1)_230801_085906.pdf,"{""raw"": ""38. In a given transformer for given applied voltage, which of the following losses remain constant\nirrespective of load changes?\na) Friction and windage losses\nb) Copper losses\nc) Hysteresis and eddy current losses"", ""question"": ""irrespective of load changes?"", ""options"": [""Friction and windage losses"", ""Copper losses"", ""Hysteresis and eddy current losses""], ""correct"": null, ""answer_text"": null, ""category"": ""38. In a given transformer for given applied voltage, which of the following losses remain constant"", ""source_file"": ""TRANSFORMER 4 (1)_230801_085906.pdf"", ""source_module"": ""M3"", ""fmt"": ""pdf"", ""module"": ""M3"", ""syllabusRef"": ""M3.1.5"", ""level"": null, ""difficulty"": ""EASY""}"
M3,,,"The full-load copper loss of a transformer is 1600 W. At half-load, the copper loss will be _____",1600 W,800 W,400 W,,,MEDIUM,,,,DRAFT,NEEDS_ANSWER — answer not provided in source; solve via Suntech corpus or admin review,1,TRANSFORMER 4 (1)_230801_085906.pdf,"{""raw"": ""40. The full-load copper loss of a transformer is 1600 W. At half-load, the copper loss will be _____\na) 1600 W\nb) 800 W\nc) 400 W"", ""question"": ""The full-load copper loss of a transformer is 1600 W. At half-load, the copper loss will be _____"", ""options"": [""1600 W"", ""800 W"", ""400 W""], ""correct"": null, ""answer_text"": null, ""category"": null, ""source_file"": ""TRANSFORMER 4 (1)_230801_085906.pdf"", ""source_module"": ""M3"", ""fmt"": ""pdf"", ""module"": ""M3"", ""difficulty"": ""MEDIUM""}"
M3,,,"Silicon steel used in laminations, because it reduces ________________",Hysteresis loss,Eddy current losses,Copper losses,,,MEDIUM,,,,DRAFT,NEEDS_ANSWER — answer not provided in source; solve via Suntech corpus or admin review,1,TRANSFORMER 4 (1)_230801_085906.pdf,"{""raw"": ""41. Silicon steel used in laminations, because it reduces ________________\na) Hysteresis loss\nb) Eddy current losses\nc) Copper losses"", ""question"": ""Silicon steel used in laminations, because it reduces ________________"", ""options"": [""Hysteresis loss"", ""Eddy current losses"", ""Copper losses""], ""correct"": null, ""answer_text"": null, ""category"": null, ""source_file"": ""TRANSFORMER 4 (1)_230801_085906.pdf"", ""source_module"": ""M3"", ""fmt"": ""pdf"", ""module"": ""M3"", ""difficulty"": ""MEDIUM""}"
M3,,,"If the supply frequency to the transformer is increased, the iron loss will ___________",Not change,Decrease,Increase,,,MEDIUM,,,,DRAFT,NEEDS_ANSWER — answer not provided in source; solve via Suntech corpus or admin review,1,TRANSFORMER 4 (1)_230801_085906.pdf,"{""raw"": ""42. If the supply frequency to the transformer is increased, the iron loss will ___________\na) Not change\nb) Decrease\nc) Increase"", ""question"": ""If the supply frequency to the transformer is increased, the iron loss will ___________"", ""options"": [""Not change"", ""Decrease"", ""Increase""], ""correct"": null, ""answer_text"": null, ""category"": null, ""source_file"": ""TRANSFORMER 4 (1)_230801_085906.pdf"", ""source_module"": ""M3"", ""fmt"": ""pdf"", ""module"": ""M3"", ""difficulty"": ""MEDIUM""}"
M3,M3.3.2,2,Losses which occur in rotating electric machines and do not occur in transformer are ______,Friction and windage losses,Magnetic losses,Hysteresis and eddy current losses,,,MEDIUM,,,,DRAFT,NEEDS_ANSWER — answer not provided in source; solve via Suntech corpus or admin review,1,TRANSFORMER 4 (1)_230801_085906.pdf,"{""raw"": ""43. Losses which occur in rotating electric machines and do not occur in transformer are ______\na) Friction and windage losses\nb) Magnetic losses\nc) Hysteresis and eddy current losses"", ""question"": ""Losses which occur in rotating electric machines and do not occur in transformer are ______"", ""options"": [""Friction and windage losses"", ""Magnetic losses"", ""Hysteresis and eddy current losses""], ""correct"": null, ""answer_text"": null, ""category"": null, ""source_file"": ""TRANSFORMER 4 (1)_230801_085906.pdf"", ""source_module"": ""M3"", ""fmt"": ""pdf"", ""module"": ""M3"", ""syllabusRef"": ""M3.3.2"", ""level"": 2, ""difficulty"": ""MEDIUM""}"
M3,M3.1.5,,"In a given transformer for a given applied voltage, which losses remain constant irrespective of",Hysteresis and eddy current losses,Friction and windage losses,Copper losses,,,MEDIUM,,,,DRAFT,NEEDS_ANSWER — answer not provided in source; solve via Suntech corpus or admin review,1,TRANSFORMER 4 (1)_230801_085906.pdf,"{""raw"": ""44. In a given transformer for a given applied voltage, which losses remain constant irrespective of\nload changes?\na) Hysteresis and eddy current losses\nb) Friction and windage losses\nc) Copper losses"", ""question"": ""In a given transformer for a given applied voltage, which losses remain constant irrespective of"", ""options"": [""Hysteresis and eddy current losses"", ""Friction and windage losses"", ""Copper losses""], ""correct"": null, ""answer_text"": null, ""category"": null, ""source_file"": ""TRANSFORMER 4 (1)_230801_085906.pdf"", ""source_module"": ""M3"", ""fmt"": ""pdf"", ""module"": ""M3"", ""syllabusRef"": ""M3.1.5"", ""level"": null, ""difficulty"": ""MEDIUM""}"
M3,M3.1.5,,45. Which of the following loss in a transformer is zero even at full load?,Core loss,Friction loss,Eddy current loss,,,MEDIUM,,,,DRAFT,NEEDS_ANSWER — answer not provided in source; solve via Suntech corpus or admin review,1,TRANSFORMER 4 (1)_230801_085906.pdf,"{""raw"": ""45. Which of the following loss in a transformer is zero even at full load?\na) Core loss\nb) Friction loss\nc) Eddy current loss"", ""question"": ""45. Which of the following loss in a transformer is zero even at full load?"", ""options"": [""Core loss"", ""Friction loss"", ""Eddy current loss""], ""correct"": null, ""answer_text"": null, ""category"": null, ""source_file"": ""TRANSFORMER 4 (1)_230801_085906.pdf"", ""source_module"": ""M3"", ""fmt"": ""pdf"", ""module"": ""M3"", ""syllabusRef"": ""M3.1.5"", ""level"": null, ""difficulty"": ""MEDIUM""}"
