module,syllabusRef,level,text,optionA,optionB,optionC,optionD,correctAnswer,difficulty,subTopic,aiSourceRef,aiConfidence,status,reviewNote,points,sourceFile,rawJson
M6,M6.06.02,,**What property of ferrous materials makes them widely used in aircraft structures?**,High electrical conductivity,High tensile strength,Resistance to corrosion,,,MEDIUM,,,,DRAFT,NEEDS_ANSWER — answer not provided in source; solve via Suntech corpus or admin review,1,Materials Q1 set.docx,"{""raw"": ""1. **What property of ferrous materials makes them widely used in aircraft structures?**  \n   a) High electrical conductivity  \n   b) **High tensile strength**  \n   c) Resistance to corrosion"", ""question"": ""**What property of ferrous materials makes them widely used in aircraft structures?**"", ""options"": [""High electrical conductivity"", ""High tensile strength"", ""Resistance to corrosion""], ""correct"": null, ""answer_text"": null, ""category"": null, ""source_file"": ""Materials Q1 set.docx"", ""source_module"": ""M6"", ""fmt"": ""docx"", ""module"": ""M6"", ""syllabusRef"": ""M6.06.02"", ""level"": null, ""difficulty"": ""MEDIUM""}"
M6,M6.6.1(c),,**Which of the following is a common alloying element in steel?**,Aluminum,Carbon,Copper,,,MEDIUM,,,,DRAFT,NEEDS_ANSWER — answer not provided in source; solve via Suntech corpus or admin review,1,Materials Q1 set.docx,"{""raw"": ""2. **Which of the following is a common alloying element in steel?**  \n   a) Aluminum  \n   b) **Carbon**  \n   c) Copper"", ""question"": ""**Which of the following is a common alloying element in steel?**"", ""options"": [""Aluminum"", ""Carbon"", ""Copper""], ""correct"": null, ""answer_text"": null, ""category"": null, ""source_file"": ""Materials Q1 set.docx"", ""source_module"": ""M6"", ""fmt"": ""docx"", ""module"": ""M6"", ""syllabusRef"": ""M6.6.1(c)"", ""level"": null, ""difficulty"": ""MEDIUM""}"
M6,M6.06.09,,**What type of steel is most commonly used for aircraft landing gear components?**,High-strength low-alloy steel (HSLA),Stainless steel,Cast iron,,,MEDIUM,,,,DRAFT,NEEDS_ANSWER — answer not provided in source; solve via Suntech corpus or admin review,1,Materials Q1 set.docx,"{""raw"": ""3. **What type of steel is most commonly used for aircraft landing gear components?**  \n   a) **High-strength low-alloy steel (HSLA)**  \n   b) Stainless steel  \n   c) Cast iron"", ""question"": ""**What type of steel is most commonly used for aircraft landing gear components?**"", ""options"": [""High-strength low-alloy steel (HSLA)"", ""Stainless steel"", ""Cast iron""], ""correct"": null, ""answer_text"": null, ""category"": null, ""source_file"": ""Materials Q1 set.docx"", ""source_module"": ""M6"", ""fmt"": ""docx"", ""module"": ""M6"", ""syllabusRef"": ""M6.06.09"", ""level"": null, ""difficulty"": ""MEDIUM""}"
M6,M6.06.01,,**Which process is used to improve the toughness of steel after hardening?**,Tempering,Annealing,Cold working,,,MEDIUM,,,,DRAFT,NEEDS_ANSWER — answer not provided in source; solve via Suntech corpus or admin review,1,Materials Q1 set.docx,"{""raw"": ""4. **Which process is used to improve the toughness of steel after hardening?**  \n   a) **Tempering**  \n   b) Annealing  \n   c) Cold working"", ""question"": ""**Which process is used to improve the toughness of steel after hardening?**"", ""options"": [""Tempering"", ""Annealing"", ""Cold working""], ""correct"": null, ""answer_text"": null, ""category"": null, ""source_file"": ""Materials Q1 set.docx"", ""source_module"": ""M6"", ""fmt"": ""docx"", ""module"": ""M6"", ""syllabusRef"": ""M6.06.01"", ""level"": null, ""difficulty"": ""MEDIUM""}"
M6,M6.6.1(c),,**What is the effect of adding carbon to iron to form steel?**,Decreases strength and hardness,Increases strength and hardness,Improves ductility,,,MEDIUM,,,,DRAFT,NEEDS_ANSWER — answer not provided in source; solve via Suntech corpus or admin review,1,Materials Q1 set.docx,"{""raw"": ""5. **What is the effect of adding carbon to iron to form steel?**  \n   a) Decreases strength and hardness  \n   b) **Increases strength and hardness**  \n   c) Improves ductility"", ""question"": ""**What is the effect of adding carbon to iron to form steel?**"", ""options"": [""Decreases strength and hardness"", ""Increases strength and hardness"", ""Improves ductility""], ""correct"": null, ""answer_text"": null, ""category"": null, ""source_file"": ""Materials Q1 set.docx"", ""source_module"": ""M6"", ""fmt"": ""docx"", ""module"": ""M6"", ""syllabusRef"": ""M6.6.1(c)"", ""level"": null, ""difficulty"": ""MEDIUM""}"
M6,M6.06.04,,**Which of the following is a characteristic of mild steel?**,Low carbon content,High corrosion resistance,High cost,,,MEDIUM,,,,DRAFT,NEEDS_ANSWER — answer not provided in source; solve via Suntech corpus or admin review,1,Materials Q1 set.docx,"{""raw"": ""6. **Which of the following is a characteristic of mild steel?**  \n   a) **Low carbon content**  \n   b) High corrosion resistance  \n   c) High cost"", ""question"": ""**Which of the following is a characteristic of mild steel?**"", ""options"": [""Low carbon content"", ""High corrosion resistance"", ""High cost""], ""correct"": null, ""answer_text"": null, ""category"": null, ""source_file"": ""Materials Q1 set.docx"", ""source_module"": ""M6"", ""fmt"": ""docx"", ""module"": ""M6"", ""syllabusRef"": ""M6.06.04"", ""level"": null, ""difficulty"": ""MEDIUM""}"
M6,M6.06.04,,**Stainless steel is characterized by its resistance to which of the following?**,Electrical current,Corrosion,High temperatures,,,MEDIUM,,,,DRAFT,NEEDS_ANSWER — answer not provided in source; solve via Suntech corpus or admin review,1,Materials Q1 set.docx,"{""raw"": ""7. **Stainless steel is characterized by its resistance to which of the following?**  \n   a) Electrical current  \n   b) **Corrosion**  \n   c) High temperatures"", ""question"": ""**Stainless steel is characterized by its resistance to which of the following?**"", ""options"": [""Electrical current"", ""Corrosion"", ""High temperatures""], ""correct"": null, ""answer_text"": null, ""category"": null, ""source_file"": ""Materials Q1 set.docx"", ""source_module"": ""M6"", ""fmt"": ""docx"", ""module"": ""M6"", ""syllabusRef"": ""M6.06.04"", ""level"": null, ""difficulty"": ""MEDIUM""}"
M6,M6.06.04,,**What is the primary advantage of stainless steel in aircraft applications?**,Corrosion resistance,High electrical conductivity,Lightweight,,,MEDIUM,,,,DRAFT,NEEDS_ANSWER — answer not provided in source; solve via Suntech corpus or admin review,1,Materials Q1 set.docx,"{""raw"": ""8. **What is the primary advantage of stainless steel in aircraft applications?**  \n   a) **Corrosion resistance**  \n   b) High electrical conductivity  \n   c) Lightweight"", ""question"": ""**What is the primary advantage of stainless steel in aircraft applications?**"", ""options"": [""Corrosion resistance"", ""High electrical conductivity"", ""Lightweight""], ""correct"": null, ""answer_text"": null, ""category"": null, ""source_file"": ""Materials Q1 set.docx"", ""source_module"": ""M6"", ""fmt"": ""docx"", ""module"": ""M6"", ""syllabusRef"": ""M6.06.04"", ""level"": null, ""difficulty"": ""MEDIUM""}"
M6,M6.06.04,,**What element is added to stainless steel to enhance its corrosion resistance?**,Carbon,Chromium,Nickel,,,MEDIUM,,,,DRAFT,NEEDS_ANSWER — answer not provided in source; solve via Suntech corpus or admin review,1,Materials Q1 set.docx,"{""raw"": ""9. **What element is added to stainless steel to enhance its corrosion resistance?**  \n   a) Carbon  \n   b) **Chromium**  \n   c) Nickel"", ""question"": ""**What element is added to stainless steel to enhance its corrosion resistance?**"", ""options"": [""Carbon"", ""Chromium"", ""Nickel""], ""correct"": null, ""answer_text"": null, ""category"": null, ""source_file"": ""Materials Q1 set.docx"", ""source_module"": ""M6"", ""fmt"": ""docx"", ""module"": ""M6"", ""syllabusRef"": ""M6.06.04"", ""level"": null, ""difficulty"": ""MEDIUM""}"
M6,M6.6.3,,**Martensitic stainless steels are typically used for which application?**,Cutting tools and turbine blades,Aircraft skins,Fasteners,,,MEDIUM,,,,DRAFT,NEEDS_ANSWER — answer not provided in source; solve via Suntech corpus or admin review,1,Materials Q1 set.docx,"{""raw"": ""10. **Martensitic stainless steels are typically used for which application?**  \n   a) **Cutting tools and turbine blades**  \n   b) Aircraft skins  \n   c) Fasteners"", ""question"": ""**Martensitic stainless steels are typically used for which application?**"", ""options"": [""Cutting tools and turbine blades"", ""Aircraft skins"", ""Fasteners""], ""correct"": null, ""answer_text"": null, ""category"": null, ""source_file"": ""Materials Q1 set.docx"", ""source_module"": ""M6"", ""fmt"": ""docx"", ""module"": ""M6"", ""syllabusRef"": ""M6.6.3"", ""level"": null, ""difficulty"": ""MEDIUM""}"
M6,M6.6.1(c),,**What is the main characteristic of high-carbon steel?**,High ductility,High hardness and brittleness,Low tensile strength,,,MEDIUM,,,,DRAFT,NEEDS_ANSWER — answer not provided in source; solve via Suntech corpus or admin review,1,Materials Q1 set.docx,"{""raw"": ""11. **What is the main characteristic of high-carbon steel?**  \n   a) High ductility  \n   b) **High hardness and brittleness**  \n   c) Low tensile strength"", ""question"": ""**What is the main characteristic of high-carbon steel?**"", ""options"": [""High ductility"", ""High hardness and brittleness"", ""Low tensile strength""], ""correct"": null, ""answer_text"": null, ""category"": null, ""source_file"": ""Materials Q1 set.docx"", ""source_module"": ""M6"", ""fmt"": ""docx"", ""module"": ""M6"", ""syllabusRef"": ""M6.6.1(c)"", ""level"": null, ""difficulty"": ""MEDIUM""}"
M6,M6.6.4(b),,**Ferritic stainless steels are primarily used in aircraft for which of the following reasons?**,Good formability and resistance to stress corrosion,High tensile strength,Low cost,,,MEDIUM,,,,DRAFT,NEEDS_ANSWER — answer not provided in source; solve via Suntech corpus or admin review,1,Materials Q1 set.docx,"{""raw"": ""12. **Ferritic stainless steels are primarily used in aircraft for which of the following reasons?**  \n   a) **Good formability and resistance to stress corrosion**  \n   b) High tensile strength  \n   c) Low cost"", ""question"": ""**Ferritic stainless steels are primarily used in aircraft for which of the following reasons?**"", ""options"": [""Good formability and resistance to stress corrosion"", ""High tensile strength"", ""Low cost""], ""correct"": null, ""answer_text"": null, ""category"": null, ""source_file"": ""Materials Q1 set.docx"", ""source_module"": ""M6"", ""fmt"": ""docx"", ""module"": ""M6"", ""syllabusRef"": ""M6.6.4(b)"", ""level"": null, ""difficulty"": ""MEDIUM""}"
M6,M6.06.02,,**How does annealing affect the properties of ferrous materials?**,Relieves internal stresses and softens the material,Increases hardness,Improves electrical conductivity,,,MEDIUM,,,,DRAFT,NEEDS_ANSWER — answer not provided in source; solve via Suntech corpus or admin review,1,Materials Q1 set.docx,"{""raw"": ""13. **How does annealing affect the properties of ferrous materials?**  \n   a) **Relieves internal stresses and softens the material**  \n   b) Increases hardness  \n   c) Improves electrical conductivity"", ""question"": ""**How does annealing affect the properties of ferrous materials?**"", ""options"": [""Relieves internal stresses and softens the material"", ""Increases hardness"", ""Improves electrical conductivity""], ""correct"": null, ""answer_text"": null, ""category"": null, ""source_file"": ""Materials Q1 set.docx"", ""source_module"": ""M6"", ""fmt"": ""docx"", ""module"": ""M6"", ""syllabusRef"": ""M6.06.02"", ""level"": null, ""difficulty"": ""MEDIUM""}"
M6,M6.06.02,,**Which of the following is an important consideration when using ferrous materials in aircraft?**,Low thermal conductivity,Susceptibility to corrosion,High weight-to-strength ratio,,,MEDIUM,,,,DRAFT,NEEDS_ANSWER — answer not provided in source; solve via Suntech corpus or admin review,1,Materials Q1 set.docx,"{""raw"": ""14. **Which of the following is an important consideration when using ferrous materials in aircraft?**  \n   a) Low thermal conductivity  \n   b) **Susceptibility to corrosion**  \n   c) High weight-to-strength ratio"", ""question"": ""**Which of the following is an important consideration when using ferrous materials in aircraft?**"", ""options"": [""Low thermal conductivity"", ""Susceptibility to corrosion"", ""High weight-to-strength ratio""], ""correct"": null, ""answer_text"": null, ""category"": null, ""source_file"": ""Materials Q1 set.docx"", ""source_module"": ""M6"", ""fmt"": ""docx"", ""module"": ""M6"", ""syllabusRef"": ""M6.06.02"", ""level"": null, ""difficulty"": ""MEDIUM""}"
M6,M6.6.4(b),,**Which process involves heating steel to a high temperature and then rapidly cooling it?**,Quenching,Normalizing,Tempering,,,MEDIUM,,,,DRAFT,NEEDS_ANSWER — answer not provided in source; solve via Suntech corpus or admin review,1,Materials Q1 set.docx,"{""raw"": ""15. **Which process involves heating steel to a high temperature and then rapidly cooling it?**  \n   a) **Quenching**  \n   b) Normalizing  \n   c) Tempering"", ""question"": ""**Which process involves heating steel to a high temperature and then rapidly cooling it?**"", ""options"": [""Quenching"", ""Normalizing"", ""Tempering""], ""correct"": null, ""answer_text"": null, ""category"": null, ""source_file"": ""Materials Q1 set.docx"", ""source_module"": ""M6"", ""fmt"": ""docx"", ""module"": ""M6"", ""syllabusRef"": ""M6.6.4(b)"", ""level"": null, ""difficulty"": ""MEDIUM""}"
M6,M6.06.04,,**What is the main drawback of using high-strength steels in aircraft structures?**,Increased susceptibility to corrosion,Low tensile strength,High electrical conductivity,,,MEDIUM,,,,DRAFT,NEEDS_ANSWER — answer not provided in source; solve via Suntech corpus or admin review,1,Materials Q1 set.docx,"{""raw"": ""16. **What is the main drawback of using high-strength steels in aircraft structures?**  \n   a) **Increased susceptibility to corrosion**  \n   b) Low tensile strength  \n   c) High electrical conductivity"", ""question"": ""**What is the main drawback of using high-strength steels in aircraft structures?**"", ""options"": [""Increased susceptibility to corrosion"", ""Low tensile strength"", ""High electrical conductivity""], ""correct"": null, ""answer_text"": null, ""category"": null, ""source_file"": ""Materials Q1 set.docx"", ""source_module"": ""M6"", ""fmt"": ""docx"", ""module"": ""M6"", ""syllabusRef"": ""M6.06.04"", ""level"": null, ""difficulty"": ""MEDIUM""}"
M6,M6.06.02,,**Which of the following ferrous materials is most susceptible to corrosion?**,Mild steel,Stainless steel,Alloy steel,,,MEDIUM,,,,DRAFT,NEEDS_ANSWER — answer not provided in source; solve via Suntech corpus or admin review,1,Materials Q1 set.docx,"{""raw"": ""17. **Which of the following ferrous materials is most susceptible to corrosion?**  \n   a) **Mild steel**  \n   b) Stainless steel  \n   c) Alloy steel"", ""question"": ""**Which of the following ferrous materials is most susceptible to corrosion?**"", ""options"": [""Mild steel"", ""Stainless steel"", ""Alloy steel""], ""correct"": null, ""answer_text"": null, ""category"": null, ""source_file"": ""Materials Q1 set.docx"", ""source_module"": ""M6"", ""fmt"": ""docx"", ""module"": ""M6"", ""syllabusRef"": ""M6.06.02"", ""level"": null, ""difficulty"": ""MEDIUM""}"
M6,M6.6.1(c),,**What is the purpose of normalizing steel in the heat treatment process?**,Increase hardness,Refine the grain structure and improve mechanical properties,Increase electrical resistance,,,MEDIUM,,,,DRAFT,NEEDS_ANSWER — answer not provided in source; solve via Suntech corpus or admin review,1,Materials Q1 set.docx,"{""raw"": ""18. **What is the purpose of normalizing steel in the heat treatment process?**  \n   a) Increase hardness  \n   b) **Refine the grain structure and improve mechanical properties**  \n   c) Increase electrical resistance"", ""question"": ""**What is the purpose of normalizing steel in the heat treatment process?**"", ""options"": [""Increase hardness"", ""Refine the grain structure and improve mechanical properties"", ""Increase electrical resistance""], ""correct"": null, ""answer_text"": null, ""category"": null, ""source_file"": ""Materials Q1 set.docx"", ""source_module"": ""M6"", ""fmt"": ""docx"", ""module"": ""M6"", ""syllabusRef"": ""M6.6.1(c)"", ""level"": null, ""difficulty"": ""MEDIUM""}"
M6,,,**What is a common characteristic of tool steels?**,High formability,High wear resistance,Low hardness,,,MEDIUM,,,,DRAFT,NEEDS_ANSWER — answer not provided in source; solve via Suntech corpus or admin review,1,Materials Q1 set.docx,"{""raw"": ""19. **What is a common characteristic of tool steels?**  \n   a) High formability  \n   b) **High wear resistance**  \n   c) Low hardness"", ""question"": ""**What is a common characteristic of tool steels?**"", ""options"": [""High formability"", ""High wear resistance"", ""Low hardness""], ""correct"": null, ""answer_text"": null, ""category"": null, ""source_file"": ""Materials Q1 set.docx"", ""source_module"": ""M6"", ""fmt"": ""docx"", ""module"": ""M6"", ""difficulty"": ""MEDIUM""}"
M6,M6.06.09,,**What type of steel is used in high-temperature environments in aircraft engines?**,Heat-resistant alloy steel,Mild steel,Carbon steel,,,MEDIUM,,,,DRAFT,NEEDS_ANSWER — answer not provided in source; solve via Suntech corpus or admin review,1,Materials Q1 set.docx,"{""raw"": ""20. **What type of steel is used in high-temperature environments in aircraft engines?**  \n   a) **Heat-resistant alloy steel**  \n   b) Mild steel  \n   c) Carbon steel\n---\n### Section 06.02: Aircraft Materials - Non-Ferrous"", ""question"": ""**What type of steel is used in high-temperature environments in aircraft engines?**"", ""options"": [""Heat-resistant alloy steel"", ""Mild steel"", ""Carbon steel""], ""correct"": null, ""answer_text"": null, ""category"": null, ""source_file"": ""Materials Q1 set.docx"", ""source_module"": ""M6"", ""fmt"": ""docx"", ""module"": ""M6"", ""syllabusRef"": ""M6.06.09"", ""level"": null, ""difficulty"": ""MEDIUM""}"
M6,M6.06.02,,**Which of the following is a key difference between ferrous and non-ferrous materials?**,"Ferrous materials contain iron, while non-ferrous materials do not",Non-ferrous materials are always heavier,Ferrous materials are non-magnetic,,,MEDIUM,,,,DRAFT,NEEDS_ANSWER — answer not provided in source; solve via Suntech corpus or admin review,1,Materials Q1 set.docx,"{""raw"": ""21. **Which of the following is a key difference between ferrous and non-ferrous materials?**  \n   a) **Ferrous materials contain iron, while non-ferrous materials do not**  \n   b) Non-ferrous materials are always heavier  \n   c) Ferrous materials are non-magnetic"", ""question"": ""**Which of the following is a key difference between ferrous and non-ferrous materials?**"", ""options"": [""Ferrous materials contain iron, while non-ferrous materials do not"", ""Non-ferrous materials are always heavier"", ""Ferrous materials are non-magnetic""], ""correct"": null, ""answer_text"": null, ""category"": null, ""source_file"": ""Materials Q1 set.docx"", ""source_module"": ""M6"", ""fmt"": ""docx"", ""module"": ""M6"", ""syllabusRef"": ""M6.06.02"", ""level"": null, ""difficulty"": ""MEDIUM""}"
M6,M6.06.09,,**What is the primary disadvantage of using aluminum in aircraft structures?**,High weight,Lower strength compared to steel,Poor thermal conductivity,,,MEDIUM,,,,DRAFT,NEEDS_ANSWER — answer not provided in source; solve via Suntech corpus or admin review,1,Materials Q1 set.docx,"{""raw"": ""22. **What is the primary disadvantage of using aluminum in aircraft structures?**  \n   a) High weight  \n   b) **Lower strength compared to steel**  \n   c) Poor thermal conductivity"", ""question"": ""**What is the primary disadvantage of using aluminum in aircraft structures?**"", ""options"": [""High weight"", ""Lower strength compared to steel"", ""Poor thermal conductivity""], ""correct"": null, ""answer_text"": null, ""category"": null, ""source_file"": ""Materials Q1 set.docx"", ""source_module"": ""M6"", ""fmt"": ""docx"", ""module"": ""M6"", ""syllabusRef"": ""M6.06.09"", ""level"": null, ""difficulty"": ""MEDIUM""}"
M6,M6.6.4(b),,**What is the primary reason for using titanium in aircraft components?**,High strength-to-weight ratio and corrosion resistance,Low cost,Electrical conductivity,,,MEDIUM,,,,DRAFT,NEEDS_ANSWER — answer not provided in source; solve via Suntech corpus or admin review,1,Materials Q1 set.docx,"{""raw"": ""23. **What is the primary reason for using titanium in aircraft components?**  \n   a) **High strength-to-weight ratio and corrosion resistance**  \n   b) Low cost  \n   c) Electrical conductivity"", ""question"": ""**What is the primary reason for using titanium in aircraft components?**"", ""options"": [""High strength-to-weight ratio and corrosion resistance"", ""Low cost"", ""Electrical conductivity""], ""correct"": null, ""answer_text"": null, ""category"": null, ""source_file"": ""Materials Q1 set.docx"", ""source_module"": ""M6"", ""fmt"": ""docx"", ""module"": ""M6"", ""syllabusRef"": ""M6.6.4(b)"", ""level"": null, ""difficulty"": ""MEDIUM""}"
M6,M6.06.02,,**Which of the following is a non-ferrous material commonly used in aircraft?**,Aluminum,Stainless steel,Cast iron,,,MEDIUM,,,,DRAFT,NEEDS_ANSWER — answer not provided in source; solve via Suntech corpus or admin review,1,Materials Q1 set.docx,"{""raw"": ""24. **Which of the following is a non-ferrous material commonly used in aircraft?**  \n   a) **Aluminum**  \n   b) Stainless steel  \n   c) Cast iron"", ""question"": ""**Which of the following is a non-ferrous material commonly used in aircraft?**"", ""options"": [""Aluminum"", ""Stainless steel"", ""Cast iron""], ""correct"": null, ""answer_text"": null, ""category"": null, ""source_file"": ""Materials Q1 set.docx"", ""source_module"": ""M6"", ""fmt"": ""docx"", ""module"": ""M6"", ""syllabusRef"": ""M6.06.02"", ""level"": null, ""difficulty"": ""MEDIUM""}"
M6,M6.6.4(b),,**Why is aluminum commonly used in aircraft construction?**,Low weight and good corrosion resistance,High tensile strength,High thermal conductivity,,,MEDIUM,,,,DRAFT,NEEDS_ANSWER — answer not provided in source; solve via Suntech corpus or admin review,1,Materials Q1 set.docx,"{""raw"": ""25. **Why is aluminum commonly used in aircraft construction?**  \n   a) **Low weight and good corrosion resistance**  \n   b) High tensile strength  \n   c) High thermal conductivity"", ""question"": ""**Why is aluminum commonly used in aircraft construction?**"", ""options"": [""Low weight and good corrosion resistance"", ""High tensile strength"", ""High thermal conductivity""], ""correct"": null, ""answer_text"": null, ""category"": null, ""source_file"": ""Materials Q1 set.docx"", ""source_module"": ""M6"", ""fmt"": ""docx"", ""module"": ""M6"", ""syllabusRef"": ""M6.6.4(b)"", ""level"": null, ""difficulty"": ""MEDIUM""}"
M6,M6.06.02,,**Which non-ferrous metal is known for its excellent corrosion resistance and is often used in aircraft hydraulic systems?**,Aluminum,Titanium,Copper,,,MEDIUM,,,,DRAFT,NEEDS_ANSWER — answer not provided in source; solve via Suntech corpus or admin review,1,Materials Q1 set.docx,"{""raw"": ""26. **Which non-ferrous metal is known for its excellent corrosion resistance and is often used in aircraft hydraulic systems?**  \n   a) Aluminum  \n   b) **Titanium**  \n   c) Copper"", ""question"": ""**Which non-ferrous metal is known for its excellent corrosion resistance and is often used in aircraft hydraulic systems?**"", ""options"": [""Aluminum"", ""Titanium"", ""Copper""], ""correct"": null, ""answer_text"": null, ""category"": null, ""source_file"": ""Materials Q1 set.docx"", ""source_module"": ""M6"", ""fmt"": ""docx"", ""module"": ""M6"", ""syllabusRef"": ""M6.06.02"", ""level"": null, ""difficulty"": ""MEDIUM""}"
M6,M6.06.04,,**What is the primary advantage of using copper in electrical systems of aircraft?**,High electrical conductivity,Lightweight,Corrosion resistance,,,MEDIUM,,,,DRAFT,NEEDS_ANSWER — answer not provided in source; solve via Suntech corpus or admin review,1,Materials Q1 set.docx,"{""raw"": ""27. **What is the primary advantage of using copper in electrical systems of aircraft?**  \n   a) **High electrical conductivity**  \n   b) Lightweight  \n   c) Corrosion resistance"", ""question"": ""**What is the primary advantage of using copper in electrical systems of aircraft?**"", ""options"": [""High electrical conductivity"", ""Lightweight"", ""Corrosion resistance""], ""correct"": null, ""answer_text"": null, ""category"": null, ""source_file"": ""Materials Q1 set.docx"", ""source_module"": ""M6"", ""fmt"": ""docx"", ""module"": ""M6"", ""syllabusRef"": ""M6.06.04"", ""level"": null, ""difficulty"": ""MEDIUM""}"
M6,M6.06.02,,**Which material is primarily used for aircraft skins due to its lightweight properties?**,Titanium,Aluminum,Steel,,,MEDIUM,,,,DRAFT,NEEDS_ANSWER — answer not provided in source; solve via Suntech corpus or admin review,1,Materials Q1 set.docx,"{""raw"": ""28. **Which material is primarily used for aircraft skins due to its lightweight properties?**  \n   a) Titanium  \n   b) **Aluminum**  \n   c) Steel"", ""question"": ""**Which material is primarily used for aircraft skins due to its lightweight properties?**"", ""options"": [""Titanium"", ""Aluminum"", ""Steel""], ""correct"": null, ""answer_text"": null, ""category"": null, ""source_file"": ""Materials Q1 set.docx"", ""source_module"": ""M6"", ""fmt"": ""docx"", ""module"": ""M6"", ""syllabusRef"": ""M6.06.02"", ""level"": null, ""difficulty"": ""MEDIUM""}"
M6,M6.06.04,,**Which property makes magnesium alloys attractive for aerospace applications?**,Lightweight with good strength,High corrosion resistance,High electrical conductivity,,,MEDIUM,,,,DRAFT,NEEDS_ANSWER — answer not provided in source; solve via Suntech corpus or admin review,1,Materials Q1 set.docx,"{""raw"": ""29. **Which property makes magnesium alloys attractive for aerospace applications?**  \n   a) **Lightweight with good strength**  \n   b) High corrosion resistance  \n   c) High electrical conductivity"", ""question"": ""**Which property makes magnesium alloys attractive for aerospace applications?**"", ""options"": [""Lightweight with good strength"", ""High corrosion resistance"", ""High electrical conductivity""], ""correct"": null, ""answer_text"": null, ""category"": null, ""source_file"": ""Materials Q1 set.docx"", ""source_module"": ""M6"", ""fmt"": ""docx"", ""module"": ""M6"", ""syllabusRef"": ""M6.06.04"", ""level"": null, ""difficulty"": ""MEDIUM""}"
M6,M6.06.04,,**What is a common disadvantage of magnesium alloys in aircraft?**,High susceptibility to corrosion,Low strength,High electrical resistance,,,MEDIUM,,,,DRAFT,NEEDS_ANSWER — answer not provided in source; solve via Suntech corpus or admin review,1,Materials Q1 set.docx,"{""raw"": ""30. **What is a common disadvantage of magnesium alloys in aircraft?**  \n   a) **High susceptibility to corrosion**  \n   b) Low strength  \n   c) High electrical resistance"", ""question"": ""**What is a common disadvantage of magnesium alloys in aircraft?**"", ""options"": [""High susceptibility to corrosion"", ""Low strength"", ""High electrical resistance""], ""correct"": null, ""answer_text"": null, ""category"": null, ""source_file"": ""Materials Q1 set.docx"", ""source_module"": ""M6"", ""fmt"": ""docx"", ""module"": ""M6"", ""syllabusRef"": ""M6.06.04"", ""level"": null, ""difficulty"": ""MEDIUM""}"
M6,M6.06.09,,**What is a common application of copper alloys in aircraft?**,Electrical wiring,Airframe structures,Landing gear,,,MEDIUM,,,,DRAFT,NEEDS_ANSWER — answer not provided in source; solve via Suntech corpus or admin review,1,Materials Q1 set.docx,"{""raw"": ""31. **What is a common application of copper alloys in aircraft?**  \n   a) **Electrical wiring**  \n   b) Airframe structures  \n   c) Landing gear"", ""question"": ""**What is a common application of copper alloys in aircraft?**"", ""options"": [""Electrical wiring"", ""Airframe structures"", ""Landing gear""], ""correct"": null, ""answer_text"": null, ""category"": null, ""source_file"": ""Materials Q1 set.docx"", ""source_module"": ""M6"", ""fmt"": ""docx"", ""module"": ""M6"", ""syllabusRef"": ""M6.06.09"", ""level"": null, ""difficulty"": ""MEDIUM""}"
M6,M6.06.02,,**Which non-ferrous material is commonly used in high-temperature areas such as jet engines?**,Aluminum,Titanium,Copper,,,MEDIUM,,,,DRAFT,NEEDS_ANSWER — answer not provided in source; solve via Suntech corpus or admin review,1,Materials Q1 set.docx,"{""raw"": ""32. **Which non-ferrous material is commonly used in high-temperature areas such as jet engines?**  \n   a) Aluminum  \n   b) **Titanium**  \n   c) Copper"", ""question"": ""**Which non-ferrous material is commonly used in high-temperature areas such as jet engines?**"", ""options"": [""Aluminum"", ""Titanium"", ""Copper""], ""correct"": null, ""answer_text"": null, ""category"": null, ""source_file"": ""Materials Q1 set.docx"", ""source_module"": ""M6"", ""fmt"": ""docx"", ""module"": ""M6"", ""syllabusRef"": ""M6.06.02"", ""level"": null, ""difficulty"": ""MEDIUM""}"
M6,M6.6.3,,**Why is beryllium-copper alloy used in aircraft components?**,High strength and excellent fatigue resistance,Lightweight,Low cost,,,MEDIUM,,,,DRAFT,NEEDS_ANSWER — answer not provided in source; solve via Suntech corpus or admin review,1,Materials Q1 set.docx,"{""raw"": ""33. **Why is beryllium-copper alloy used in aircraft components?**  \n   a) **High strength and excellent fatigue resistance**  \n   b) Lightweight  \n   c) Low cost"", ""question"": ""**Why is beryllium-copper alloy used in aircraft components?**"", ""options"": [""High strength and excellent fatigue resistance"", ""Lightweight"", ""Low cost""], ""correct"": null, ""answer_text"": null, ""category"": null, ""source_file"": ""Materials Q1 set.docx"", ""source_module"": ""M6"", ""fmt"": ""docx"", ""module"": ""M6"", ""syllabusRef"": ""M6.6.3"", ""level"": null, ""difficulty"": ""MEDIUM""}"
M6,M6.06.04,,**What is a notable property of zinc when used in aircraft alloys?**,High corrosion resistance,Provides good strength when alloyed with other metals,Low tensile strength,,,MEDIUM,,,,DRAFT,NEEDS_ANSWER — answer not provided in source; solve via Suntech corpus or admin review,1,Materials Q1 set.docx,"{""raw"": ""34. **What is a notable property of zinc when used in aircraft alloys?**  \n   a) High corrosion resistance  \n   b) **Provides good strength when alloyed with other metals**  \n   c) Low tensile strength"", ""question"": ""**What is a notable property of zinc when used in aircraft alloys?**"", ""options"": [""High corrosion resistance"", ""Provides good strength when alloyed with other metals"", ""Low tensile strength""], ""correct"": null, ""answer_text"": null, ""category"": null, ""source_file"": ""Materials Q1 set.docx"", ""source_module"": ""M6"", ""fmt"": ""docx"", ""module"": ""M6"", ""syllabusRef"": ""M6.06.04"", ""level"": null, ""difficulty"": ""MEDIUM""}"
M6,M6.06.02,,**Which material is commonly used in aircraft brake systems due to its high strength and heat resistance?**,Aluminum,Titanium,Magnesium,,,MEDIUM,,,,DRAFT,NEEDS_ANSWER — answer not provided in source; solve via Suntech corpus or admin review,1,Materials Q1 set.docx,"{""raw"": ""35. **Which material is commonly used in aircraft brake systems due to its high strength and heat resistance?**  \n   a) Aluminum  \n   b) **Titanium**  \n   c) Magnesium"", ""question"": ""**Which material is commonly used in aircraft brake systems due to its high strength and heat resistance?**"", ""options"": [""Aluminum"", ""Titanium"", ""Magnesium""], ""correct"": null, ""answer_text"": null, ""category"": null, ""source_file"": ""Materials Q1 set.docx"", ""source_module"": ""M6"", ""fmt"": ""docx"", ""module"": ""M6"", ""syllabusRef"": ""M6.06.02"", ""level"": null, ""difficulty"": ""MEDIUM""}"
M6,M6.6.2(b),,**Which non-ferrous alloy is known for its ability to retain strength at high temperatures?**,Nickel-based alloys,Aluminum alloys,Copper alloys,,,MEDIUM,,,,DRAFT,NEEDS_ANSWER — answer not provided in source; solve via Suntech corpus or admin review,1,Materials Q1 set.docx,"{""raw"": ""36. **Which non-ferrous alloy is known for its ability to retain strength at high temperatures?**  \n   a) **Nickel-based alloys**  \n   b) Aluminum alloys  \n   c) Copper alloys"", ""question"": ""**Which non-ferrous alloy is known for its ability to retain strength at high temperatures?**"", ""options"": [""Nickel-based alloys"", ""Aluminum alloys"", ""Copper alloys""], ""correct"": null, ""answer_text"": null, ""category"": null, ""source_file"": ""Materials Q1 set.docx"", ""source_module"": ""M6"", ""fmt"": ""docx"", ""module"": ""M6"", ""syllabusRef"": ""M6.6.2(b)"", ""level"": null, ""difficulty"": ""MEDIUM""}"
M6,M6.06.02,,"**In aircraft, where are magnesium alloys most commonly used?**",Non-structural components such as engine housings,Airframe structures,Electrical wiring,,,MEDIUM,,,,DRAFT,NEEDS_ANSWER — answer not provided in source; solve via Suntech corpus or admin review,1,Materials Q1 set.docx,"{""raw"": ""37. **In aircraft, where are magnesium alloys most commonly used?**  \n   a) **Non-structural components such as engine housings**  \n   b) Airframe structures  \n   c) Electrical wiring"", ""question"": ""**In aircraft, where are magnesium alloys most commonly used?**"", ""options"": [""Non-structural components such as engine housings"", ""Airframe structures"", ""Electrical wiring""], ""correct"": null, ""answer_text"": null, ""category"": null, ""source_file"": ""Materials Q1 set.docx"", ""source_module"": ""M6"", ""fmt"": ""docx"", ""module"": ""M6"", ""syllabusRef"": ""M6.06.02"", ""level"": null, ""difficulty"": ""MEDIUM""}"
M6,M6.6.4(b),,**Which alloy is typically used for making aircraft fasteners due to its strength and resistance to corrosion?**,Copper alloys,Nickel-based alloys,Magnesium alloys,,,MEDIUM,,,,DRAFT,NEEDS_ANSWER — answer not provided in source; solve via Suntech corpus or admin review,1,Materials Q1 set.docx,"{""raw"": ""38. **Which alloy is typically used for making aircraft fasteners due to its strength and resistance to corrosion?**  \n   a) Copper alloys  \n   b) **Nickel-based alloys**  \n   c) Magnesium alloys"", ""question"": ""**Which alloy is typically used for making aircraft fasteners due to its strength and resistance to corrosion?**"", ""options"": [""Copper alloys"", ""Nickel-based alloys"", ""Magnesium alloys""], ""correct"": null, ""answer_text"": null, ""category"": null, ""source_file"": ""Materials Q1 set.docx"", ""source_module"": ""M6"", ""fmt"": ""docx"", ""module"": ""M6"", ""syllabusRef"": ""M6.6.4(b)"", ""level"": null, ""difficulty"": ""MEDIUM""}"
M6,M6.6.4(b),,**What is the advantage of using brass (a copper-zinc alloy) in aircraft?**,High strength,Good corrosion resistance and workability,Lightweight,,,MEDIUM,,,,DRAFT,NEEDS_ANSWER — answer not provided in source; solve via Suntech corpus or admin review,1,Materials Q1 set.docx,"{""raw"": ""39. **What is the advantage of using brass (a copper-zinc alloy) in aircraft?**  \n   a) High strength  \n   b) **Good corrosion resistance and workability**  \n   c) Lightweight"", ""question"": ""**What is the advantage of using brass (a copper-zinc alloy) in aircraft?**"", ""options"": [""High strength"", ""Good corrosion resistance and workability"", ""Lightweight""], ""correct"": null, ""answer_text"": null, ""category"": null, ""source_file"": ""Materials Q1 set.docx"", ""source_module"": ""M6"", ""fmt"": ""docx"", ""module"": ""M6"", ""syllabusRef"": ""M6.6.4(b)"", ""level"": null, ""difficulty"": ""MEDIUM""}"
M6,M6.6.3,,**Which of the following is a common use of aluminum alloys in aircraft?**,Airframe skins and structures,Hydraulic system components,Brake systems,,,MEDIUM,,,,DRAFT,NEEDS_ANSWER — answer not provided in source; solve via Suntech corpus or admin review,1,Materials Q1 set.docx,"{""raw"": ""40. **Which of the following is a common use of aluminum alloys in aircraft?**  \n   a) **Airframe skins and structures**  \n   b) Hydraulic system components  \n   c) Brake systems"", ""question"": ""**Which of the following is a common use of aluminum alloys in aircraft?**"", ""options"": [""Airframe skins and structures"", ""Hydraulic system components"", ""Brake systems""], ""correct"": null, ""answer_text"": null, ""category"": null, ""source_file"": ""Materials Q1 set.docx"", ""source_module"": ""M6"", ""fmt"": ""docx"", ""module"": ""M6"", ""syllabusRef"": ""M6.6.3"", ""level"": null, ""difficulty"": ""MEDIUM""}"
M6,M6.6.1(c),,1. What does the pitch of a screw thread refer to?,The diameter of the thread,The distance between two corresponding points on adjacent threads*,The angle of the thread,,B,MEDIUM,,,,APPROVED,,1,Sub5-10 questions.docx,"{""raw"": ""1. What does the pitch of a screw thread refer to?\n   a) The diameter of the thread  \n   b) The distance between two corresponding points on adjacent threads**  \n   c) The angle of the thread"", ""question"": ""1. What does the pitch of a screw thread refer to?"", ""options"": [""The diameter of the thread"", ""The distance between two corresponding points on adjacent threads*"", ""The angle of the thread""], ""correct"": ""B"", ""answer_text"": null, ""category"": null, ""source_file"": ""Sub5-10 questions.docx"", ""source_module"": ""M6"", ""fmt"": ""docx"", ""module"": ""M6"", ""syllabusRef"": ""M6.6.1(c)"", ""level"": null, ""difficulty"": ""MEDIUM""}"
M6,,,Which type of thread is more likely to loosen due to vibration?,Fine thread,Single-start thread,,,,MEDIUM,,,,DRAFT,NEEDS_ANSWER — answer not provided in source; solve via Suntech corpus or admin review,1,Sub5-10 questions.docx,"{""raw"": ""2. Which type of thread is more likely to loosen due to vibration?\n   a) Fine thread  \n   **b) Coarse thread**  \n   c) Single-start thread"", ""question"": ""Which type of thread is more likely to loosen due to vibration?"", ""options"": [""Fine thread"", ""Single-start thread""], ""correct"": null, ""answer_text"": null, ""category"": null, ""source_file"": ""Sub5-10 questions.docx"", ""source_module"": ""M6"", ""fmt"": ""docx"", ""module"": ""M6"", ""difficulty"": ""MEDIUM""}"
M6,M6.6.1(c),,What is the purpose of the flank in a screw thread?,Connect the major and minor diameters,Provide a smooth surface,,,,MEDIUM,,,,DRAFT,NEEDS_ANSWER — answer not provided in source; solve via Suntech corpus or admin review,1,Sub5-10 questions.docx,"{""raw"": ""3. What is the purpose of the flank in a screw thread?\n   a) Connect the major and minor diameters  \n   **b) Connect the crest and root of the thread**  \n   c) Provide a smooth surface"", ""question"": ""What is the purpose of the flank in a screw thread?"", ""options"": [""Connect the major and minor diameters"", ""Provide a smooth surface""], ""correct"": null, ""answer_text"": null, ""category"": null, ""source_file"": ""Sub5-10 questions.docx"", ""source_module"": ""M6"", ""fmt"": ""docx"", ""module"": ""M6"", ""syllabusRef"": ""M6.6.1(c)"", ""level"": null, ""difficulty"": ""MEDIUM""}"
M6,M6.6.1(c),,"In a multi-start thread, how is lead defined?",Equal to the diameter of the thread,Half the distance of the pitch,,,,MEDIUM,,,,DRAFT,NEEDS_ANSWER — answer not provided in source; solve via Suntech corpus or admin review,1,Sub5-10 questions.docx,"{""raw"": ""4. In a multi-start thread, how is lead defined?\n   a) Equal to the diameter of the thread  \n   **b) Equal to the pitch multiplied by the number of starts**  \n   c) Half the distance of the pitch\n### Miscellaneous Fasteners:"", ""question"": ""In a multi-start thread, how is lead defined?"", ""options"": [""Equal to the diameter of the thread"", ""Half the distance of the pitch""], ""correct"": null, ""answer_text"": null, ""category"": null, ""source_file"": ""Sub5-10 questions.docx"", ""source_module"": ""M6"", ""fmt"": ""docx"", ""module"": ""M6"", ""syllabusRef"": ""M6.6.1(c)"", ""level"": null, ""difficulty"": ""MEDIUM""}"
M6,M6.06.02,,What are wire thread inserts used for?,Joining two materials,Holding rivets together,,,,MEDIUM,,,,DRAFT,NEEDS_ANSWER — answer not provided in source; solve via Suntech corpus or admin review,1,Sub5-10 questions.docx,"{""raw"": ""5. What are wire thread inserts used for?\n   a) Joining two materials  \n   **b) Strengthening worn or damaged threads**  \n   c) Holding rivets together"", ""question"": ""What are wire thread inserts used for?"", ""options"": [""Joining two materials"", ""Holding rivets together""], ""correct"": null, ""answer_text"": null, ""category"": null, ""source_file"": ""Sub5-10 questions.docx"", ""source_module"": ""M6"", ""fmt"": ""docx"", ""module"": ""M6"", ""syllabusRef"": ""M6.06.02"", ""level"": null, ""difficulty"": ""MEDIUM""}"
M6,M6.6.1(c),,6. What type of gauge is used to ensure the correct size of an internal thread?,Micrometer,Vernier caliper,,,,MEDIUM,,,,DRAFT,NEEDS_ANSWER — answer not provided in source; solve via Suntech corpus or admin review,1,Sub5-10 questions.docx,"{""raw"": ""6. What type of gauge is used to ensure the correct size of an internal thread?\n   **a) GO/NO GO plug gauge**  \n   b) Micrometer  \n   c) Vernier caliper"", ""question"": ""6. What type of gauge is used to ensure the correct size of an internal thread?"", ""options"": [""Micrometer"", ""Vernier caliper""], ""correct"": null, ""answer_text"": null, ""category"": null, ""source_file"": ""Sub5-10 questions.docx"", ""source_module"": ""M6"", ""fmt"": ""docx"", ""module"": ""M6"", ""syllabusRef"": ""M6.6.1(c)"", ""level"": null, ""difficulty"": ""MEDIUM""}"
M6,M6.6.1(c),,"7. When installing a wire thread insert, which step must be followed?",Solder the insert,Leave the tang attached,,,,MEDIUM,,,,DRAFT,NEEDS_ANSWER — answer not provided in source; solve via Suntech corpus or admin review,1,Sub5-10 questions.docx,"{""raw"": ""7. When installing a wire thread insert, which step must be followed?\n   a) Solder the insert  \n   b) Leave the tang attached  \n   **c) Remove the tang after installation**\n### Bolts, Studs, and Screws:"", ""question"": ""7. When installing a wire thread insert, which step must be followed?"", ""options"": [""Solder the insert"", ""Leave the tang attached""], ""correct"": null, ""answer_text"": null, ""category"": null, ""source_file"": ""Sub5-10 questions.docx"", ""source_module"": ""M6"", ""fmt"": ""docx"", ""module"": ""M6"", ""syllabusRef"": ""M6.6.1(c)"", ""level"": null, ""difficulty"": ""MEDIUM""}"
M6,M6.6.1(c),,Which of the following is a characteristic of early series AN bolts?,Made from high-strength steel,Used in naval applications only,,,,MEDIUM,,,,DRAFT,NEEDS_ANSWER — answer not provided in source; solve via Suntech corpus or admin review,1,Sub5-10 questions.docx,"{""raw"": ""8. Which of the following is a characteristic of early series AN bolts?\n   a) Made from high-strength steel  \n   **b) Made from low-strength steel or aluminum alloy**  \n   c) Used in naval applications only"", ""question"": ""Which of the following is a characteristic of early series AN bolts?"", ""options"": [""Made from high-strength steel"", ""Used in naval applications only""], ""correct"": null, ""answer_text"": null, ""category"": null, ""source_file"": ""Sub5-10 questions.docx"", ""source_module"": ""M6"", ""fmt"": ""docx"", ""module"": ""M6"", ""syllabusRef"": ""M6.6.1(c)"", ""level"": null, ""difficulty"": ""MEDIUM""}"
M6,M6.6.3,,What is the main difference between AN and MS bolts?,Material strength,MS bolts are used only for non-structural applications,,,,MEDIUM,,,,DRAFT,NEEDS_ANSWER — answer not provided in source; solve via Suntech corpus or admin review,1,Sub5-10 questions.docx,"{""raw"": ""9. What is the main difference between AN and MS bolts?\n   a) Material strength  \n   **b) AN bolts are standardized for military and naval use**  \n   c) MS bolts are used only for non-structural applications"", ""question"": ""What is the main difference between AN and MS bolts?"", ""options"": [""Material strength"", ""MS bolts are used only for non-structural applications""], ""correct"": null, ""answer_text"": null, ""category"": null, ""source_file"": ""Sub5-10 questions.docx"", ""source_module"": ""M6"", ""fmt"": ""docx"", ""module"": ""M6"", ""syllabusRef"": ""M6.6.3"", ""level"": null, ""difficulty"": ""MEDIUM""}"
M6,,,10. Which type of fastener uses a UNF or UNC thread system?,Metric bolts,British Standard bolts,,,,MEDIUM,,,,DRAFT,NEEDS_ANSWER — answer not provided in source; solve via Suntech corpus or admin review,1,Sub5-10 questions.docx,"{""raw"": ""10. Which type of fastener uses a UNF or UNC thread system?\n   **a) AN bolts**  \n   b) Metric bolts  \n   c) British Standard bolts\n### Bolt Types and Identification:"", ""question"": ""10. Which type of fastener uses a UNF or UNC thread system?"", ""options"": [""Metric bolts"", ""British Standard bolts""], ""correct"": null, ""answer_text"": null, ""category"": null, ""source_file"": ""Sub5-10 questions.docx"", ""source_module"": ""M6"", ""fmt"": ""docx"", ""module"": ""M6"", ""difficulty"": ""MEDIUM""}"
M6,M6.6.6(A),,What does the identification marking on an AN bolt indicate?,The type of bolt head,The length of the bolt,,,,MEDIUM,,,,DRAFT,NEEDS_ANSWER — answer not provided in source; solve via Suntech corpus or admin review,1,Sub5-10 questions.docx,"{""raw"": ""11. What does the identification marking on an AN bolt indicate?\n   a) The type of bolt head  \n   **b) The material from which the bolt is made**  \n   c) The length of the bolt"", ""question"": ""What does the identification marking on an AN bolt indicate?"", ""options"": [""The type of bolt head"", ""The length of the bolt""], ""correct"": null, ""answer_text"": null, ""category"": null, ""source_file"": ""Sub5-10 questions.docx"", ""source_module"": ""M6"", ""fmt"": ""docx"", ""module"": ""M6"", ""syllabusRef"": ""M6.6.6(A)"", ""level"": null, ""difficulty"": ""MEDIUM""}"
M6,M6.6.1(c),,How are eye bolts identified?,By the length of the shaft,By the type of thread,,,,MEDIUM,,,,DRAFT,NEEDS_ANSWER — answer not provided in source; solve via Suntech corpus or admin review,1,Sub5-10 questions.docx,"{""raw"": ""12. How are eye bolts identified?\n   a) By the length of the shaft  \n   **b) By the diameter of the pin hole**  \n   c) By the type of thread"", ""question"": ""How are eye bolts identified?"", ""options"": [""By the length of the shaft"", ""By the type of thread""], ""correct"": null, ""answer_text"": null, ""category"": null, ""source_file"": ""Sub5-10 questions.docx"", ""source_module"": ""M6"", ""fmt"": ""docx"", ""module"": ""M6"", ""syllabusRef"": ""M6.6.1(c)"", ""level"": null, ""difficulty"": ""MEDIUM""}"
M6,M6.6.1(c),,Which marking indicates a close tolerance AN bolt?,A smooth head,A single groove along the length,,,,MEDIUM,,,,DRAFT,NEEDS_ANSWER — answer not provided in source; solve via Suntech corpus or admin review,1,Sub5-10 questions.docx,"{""raw"": ""13. Which marking indicates a close tolerance AN bolt?\n   a) A smooth head  \n   **b) A raised cross on the bolt head**  \n   c) A single groove along the length\n### Locking Devices:"", ""question"": ""Which marking indicates a close tolerance AN bolt?"", ""options"": [""A smooth head"", ""A single groove along the length""], ""correct"": null, ""answer_text"": null, ""category"": null, ""source_file"": ""Sub5-10 questions.docx"", ""source_module"": ""M6"", ""fmt"": ""docx"", ""module"": ""M6"", ""syllabusRef"": ""M6.6.1(c)"", ""level"": null, ""difficulty"": ""MEDIUM""}"
M6,M6.06.05,,What is the main purpose of a locking device in aviation?,To increase the strength of the fastener,To allow for easier removal,,,,MEDIUM,,,,DRAFT,NEEDS_ANSWER — answer not provided in source; solve via Suntech corpus or admin review,1,Sub5-10 questions.docx,"{""raw"": ""14. What is the main purpose of a locking device in aviation?\n   a) To increase the strength of the fastener  \n   **b) To prevent loosening due to vibration or stress**  \n   c) To allow for easier removal"", ""question"": ""What is the main purpose of a locking device in aviation?"", ""options"": [""To increase the strength of the fastener"", ""To allow for easier removal""], ""correct"": null, ""answer_text"": null, ""category"": null, ""source_file"": ""Sub5-10 questions.docx"", ""source_module"": ""M6"", ""fmt"": ""docx"", ""module"": ""M6"", ""syllabusRef"": ""M6.06.05"", ""level"": null, ""difficulty"": ""MEDIUM""}"
M6,M6.06.05,,15. Which locking device uses a cotter pin to prevent rotation?,Locking washer,Split ring,,,,MEDIUM,,,,DRAFT,NEEDS_ANSWER — answer not provided in source; solve via Suntech corpus or admin review,1,Sub5-10 questions.docx,"{""raw"": ""15. Which locking device uses a cotter pin to prevent rotation?\n   **a) Castellated nut**  \n   b) Locking washer  \n   c) Split ring"", ""question"": ""15. Which locking device uses a cotter pin to prevent rotation?"", ""options"": [""Locking washer"", ""Split ring""], ""correct"": null, ""answer_text"": null, ""category"": null, ""source_file"": ""Sub5-10 questions.docx"", ""source_module"": ""M6"", ""fmt"": ""docx"", ""module"": ""M6"", ""syllabusRef"": ""M6.06.05"", ""level"": null, ""difficulty"": ""MEDIUM""}"
M6,M6.6.1(c),,16. What is the most common method of ensuring a fastener does not loosen during flight?,Applying torque,Using a longer fastener,,,,MEDIUM,,,,DRAFT,NEEDS_ANSWER — answer not provided in source; solve via Suntech corpus or admin review,1,Sub5-10 questions.docx,"{""raw"": ""16. What is the most common method of ensuring a fastener does not loosen during flight?\n   **a) Use of a locking device such as a safety wire or locknut**  \n   b) Applying torque  \n   c) Using a longer fastener\n### Aircraft Rivets:"", ""question"": ""16. What is the most common method of ensuring a fastener does not loosen during flight?"", ""options"": [""Applying torque"", ""Using a longer fastener""], ""correct"": null, ""answer_text"": null, ""category"": null, ""source_file"": ""Sub5-10 questions.docx"", ""source_module"": ""M6"", ""fmt"": ""docx"", ""module"": ""M6"", ""syllabusRef"": ""M6.6.1(c)"", ""level"": null, ""difficulty"": ""MEDIUM""}"
M6,M6.6.1(c),,17. What is the primary function of rivets in aircraft construction?,To allow for easy disassembly,To absorb shock,,,,MEDIUM,,,,DRAFT,NEEDS_ANSWER — answer not provided in source; solve via Suntech corpus or admin review,1,Sub5-10 questions.docx,"{""raw"": ""17. What is the primary function of rivets in aircraft construction?\n   **a) To permanently join sheets of metal**  \n   b) To allow for easy disassembly  \n   c) To absorb shock"", ""question"": ""17. What is the primary function of rivets in aircraft construction?"", ""options"": [""To allow for easy disassembly"", ""To absorb shock""], ""correct"": null, ""answer_text"": null, ""category"": null, ""source_file"": ""Sub5-10 questions.docx"", ""source_module"": ""M6"", ""fmt"": ""docx"", ""module"": ""M6"", ""syllabusRef"": ""M6.6.1(c)"", ""level"": null, ""difficulty"": ""MEDIUM""}"
M6,M6.6.1(c),,18. Which type of rivet is typically used in areas where both sides of the material are accessible?,Blind rivets,Huck bolts,,,,MEDIUM,,,,DRAFT,NEEDS_ANSWER — answer not provided in source; solve via Suntech corpus or admin review,1,Sub5-10 questions.docx,"{""raw"": ""18. Which type of rivet is typically used in areas where both sides of the material are accessible?\n   **a) Solid shank rivets**  \n   b) Blind rivets  \n   c) Huck bolts"", ""question"": ""18. Which type of rivet is typically used in areas where both sides of the material are accessible?"", ""options"": [""Blind rivets"", ""Huck bolts""], ""correct"": null, ""answer_text"": null, ""category"": null, ""source_file"": ""Sub5-10 questions.docx"", ""source_module"": ""M6"", ""fmt"": ""docx"", ""module"": ""M6"", ""syllabusRef"": ""M6.6.1(c)"", ""level"": null, ""difficulty"": ""MEDIUM""}"
M6,M6.6.1(c),,What is the significance of the grip length of a rivet?,It is the distance from the head to the tail,It defines the rivet's strength,,,,MEDIUM,,,,DRAFT,NEEDS_ANSWER — answer not provided in source; solve via Suntech corpus or admin review,1,Sub5-10 questions.docx,"{""raw"": ""19. What is the significance of the grip length of a rivet?\n   a) It is the distance from the head to the tail  \n   **b) It determines the thickness of the materials that can be joined**  \n   c) It defines the rivet's strength"", ""question"": ""What is the significance of the grip length of a rivet?"", ""options"": [""It is the distance from the head to the tail"", ""It defines the rivet's strength""], ""correct"": null, ""answer_text"": null, ""category"": null, ""source_file"": ""Sub5-10 questions.docx"", ""source_module"": ""M6"", ""fmt"": ""docx"", ""module"": ""M6"", ""syllabusRef"": ""M6.6.1(c)"", ""level"": null, ""difficulty"": ""MEDIUM""}"
M6,,,How can a rivet be identified as aluminum alloy?,By its length,By its weight,,,,MEDIUM,,,,DRAFT,NEEDS_ANSWER — answer not provided in source; solve via Suntech corpus or admin review,1,Sub5-10 questions.docx,"{""raw"": ""20. How can a rivet be identified as aluminum alloy?\n   a) By its length  \n   **b) By its head marking**  \n   c) By its weight\n### Fastener Strength and Specifications:"", ""question"": ""How can a rivet be identified as aluminum alloy?"", ""options"": [""By its length"", ""By its weight""], ""correct"": null, ""answer_text"": null, ""category"": null, ""source_file"": ""Sub5-10 questions.docx"", ""source_module"": ""M6"", ""fmt"": ""docx"", ""module"": ""M6"", ""difficulty"": ""MEDIUM""}"
M6,M6.06.04,,"What does the term ""close tolerance"" refer to in bolt specifications?",The bolt can be used for multiple applications,The bolt is made from corrosion-resistant steel,,,,MEDIUM,,,,DRAFT,NEEDS_ANSWER — answer not provided in source; solve via Suntech corpus or admin review,1,Sub5-10 questions.docx,"{""raw"": ""21. What does the term \""close tolerance\"" refer to in bolt specifications?\n   a) The bolt can be used for multiple applications  \n   **b) The bolt is manufactured to precise measurements**  \n   c) The bolt is made from corrosion-resistant steel"", ""question"": ""What does the term \""close tolerance\"" refer to in bolt specifications?"", ""options"": [""The bolt can be used for multiple applications"", ""The bolt is made from corrosion-resistant steel""], ""correct"": null, ""answer_text"": null, ""category"": null, ""source_file"": ""Sub5-10 questions.docx"", ""source_module"": ""M6"", ""fmt"": ""docx"", ""module"": ""M6"", ""syllabusRef"": ""M6.06.04"", ""level"": null, ""difficulty"": ""MEDIUM""}"
M6,M6.06.09,,Which material is commonly used for high-strength aircraft bolts?,Stainless steel,Brass,,,,MEDIUM,,,,DRAFT,NEEDS_ANSWER — answer not provided in source; solve via Suntech corpus or admin review,1,Sub5-10 questions.docx,"{""raw"": ""22. Which material is commonly used for high-strength aircraft bolts?\n   a) Stainless steel  \n   **b) Cadmium-plated steel**  \n   c) Brass"", ""question"": ""Which material is commonly used for high-strength aircraft bolts?"", ""options"": [""Stainless steel"", ""Brass""], ""correct"": null, ""answer_text"": null, ""category"": null, ""source_file"": ""Sub5-10 questions.docx"", ""source_module"": ""M6"", ""fmt"": ""docx"", ""module"": ""M6"", ""syllabusRef"": ""M6.06.09"", ""level"": null, ""difficulty"": ""MEDIUM""}"
M6,M6.6.1(c),,23. What does a bolt's part number typically indicate?,The manufacturer and batch number,The material of the bolt,,,,MEDIUM,,,,DRAFT,NEEDS_ANSWER — answer not provided in source; solve via Suntech corpus or admin review,1,Sub5-10 questions.docx,"{""raw"": ""23. What does a bolt's part number typically indicate?\n   **a) The type, diameter, and length of the bolt**  \n   b) The manufacturer and batch number  \n   c) The material of the bolt"", ""question"": ""23. What does a bolt's part number typically indicate?"", ""options"": [""The manufacturer and batch number"", ""The material of the bolt""], ""correct"": null, ""answer_text"": null, ""category"": null, ""source_file"": ""Sub5-10 questions.docx"", ""source_module"": ""M6"", ""fmt"": ""docx"", ""module"": ""M6"", ""syllabusRef"": ""M6.6.1(c)"", ""level"": null, ""difficulty"": ""MEDIUM""}"
M6,M6.06.05,,How are replacement fasteners selected when the original is unavailable?,Based on visual inspection,Chosen by the mechanic,,,,MEDIUM,,,,DRAFT,NEEDS_ANSWER — answer not provided in source; solve via Suntech corpus or admin review,1,Sub5-10 questions.docx,"{""raw"": ""24. How are replacement fasteners selected when the original is unavailable?\n   a) Based on visual inspection  \n   **b) According to the Structural Repair Manual (SRM)**  \n   c) Chosen by the mechanic\n### Safety Considerations:"", ""question"": ""How are replacement fasteners selected when the original is unavailable?"", ""options"": [""Based on visual inspection"", ""Chosen by the mechanic""], ""correct"": null, ""answer_text"": null, ""category"": null, ""source_file"": ""Sub5-10 questions.docx"", ""source_module"": ""M6"", ""fmt"": ""docx"", ""module"": ""M6"", ""syllabusRef"": ""M6.06.05"", ""level"": null, ""difficulty"": ""MEDIUM""}"
M6,M6.06.05,,25. Why are safety wires used on fasteners?,To indicate the fastener has been inspected,To ensure the fastener can be easily removed,,,,MEDIUM,,,,DRAFT,NEEDS_ANSWER — answer not provided in source; solve via Suntech corpus or admin review,1,Sub5-10 questions.docx,"{""raw"": ""25. Why are safety wires used on fasteners?\n   **a) To prevent fasteners from loosening due to vibration**  \n   b) To indicate the fastener has been inspected  \n   c) To ensure the fastener can be easily removed"", ""question"": ""25. Why are safety wires used on fasteners?"", ""options"": [""To indicate the fastener has been inspected"", ""To ensure the fastener can be easily removed""], ""correct"": null, ""answer_text"": null, ""category"": null, ""source_file"": ""Sub5-10 questions.docx"", ""source_module"": ""M6"", ""fmt"": ""docx"", ""module"": ""M6"", ""syllabusRef"": ""M6.06.05"", ""level"": null, ""difficulty"": ""MEDIUM""}"
M6,M6.06.05,,What should be ensured when installing locking devices on aircraft?,They are easy to remove,They are installed as quickly as possible,,,,MEDIUM,,,,DRAFT,NEEDS_ANSWER — answer not provided in source; solve via Suntech corpus or admin review,1,Sub5-10 questions.docx,"{""raw"": ""26. What should be ensured when installing locking devices on aircraft?\n   a) They are easy to remove  \n   **b) They match the material and specifications in the manual**  \n   c) They are installed as quickly as possible"", ""question"": ""What should be ensured when installing locking devices on aircraft?"", ""options"": [""They are easy to remove"", ""They are installed as quickly as possible""], ""correct"": null, ""answer_text"": null, ""category"": null, ""source_file"": ""Sub5-10 questions.docx"", ""source_module"": ""M6"", ""fmt"": ""docx"", ""module"": ""M6"", ""syllabusRef"": ""M6.06.05"", ""level"": null, ""difficulty"": ""MEDIUM""}"
M6,M6.06.05,,What is the recommended inspection procedure for fasteners with locking devices?,Apply maximum torque to the fasteners,Replace the locking device after each inspection,,,,MEDIUM,,,,DRAFT,NEEDS_ANSWER — answer not provided in source; solve via Suntech corpus or admin review,1,Sub5-10 questions.docx,"{""raw"": ""27. What is the recommended inspection procedure for fasteners with locking devices?\n   a) Apply maximum torque to the fasteners  \n   **b) Ensure the locking device is intact and secure**  \n   c) Replace the locking device after each inspection\n### Miscellaneous Fastener Considerations:"", ""question"": ""What is the recommended inspection procedure for fasteners with locking devices?"", ""options"": [""Apply maximum torque to the fasteners"", ""Replace the locking device after each inspection""], ""correct"": null, ""answer_text"": null, ""category"": null, ""source_file"": ""Sub5-10 questions.docx"", ""source_module"": ""M6"", ""fmt"": ""docx"", ""module"": ""M6"", ""syllabusRef"": ""M6.06.05"", ""level"": null, ""difficulty"": ""MEDIUM""}"
M6,M6.6.1(c),,What happens when a thread insert is improperly installed?,It can still be used if checked,The fastener will fit too tightly,,,,MEDIUM,,,,DRAFT,NEEDS_ANSWER — answer not provided in source; solve via Suntech corpus or admin review,1,Sub5-10 questions.docx,"{""raw"": ""28. What happens when a thread insert is improperly installed?\n   a) It can still be used if checked  \n   **b) It may distort and cause misalignment**  \n   c) The fastener will fit too tightly"", ""question"": ""What happens when a thread insert is improperly installed?"", ""options"": [""It can still be used if checked"", ""The fastener will fit too tightly""], ""correct"": null, ""answer_text"": null, ""category"": null, ""source_file"": ""Sub5-10 questions.docx"", ""source_module"": ""M6"", ""fmt"": ""docx"", ""module"": ""M6"", ""syllabusRef"": ""M6.6.1(c)"", ""level"": null, ""difficulty"": ""MEDIUM""}"
M6,,,How is a fine-thread fastener advantageous over a coarse-thread fastener?,It is easier to install,It has a larger core diameter,,,,MEDIUM,,,,DRAFT,NEEDS_ANSWER — answer not provided in source; solve via Suntech corpus or admin review,1,Sub5-10 questions.docx,"{""raw"": ""29. How is a fine-thread fastener advantageous over a coarse-thread fastener?\n   a) It is easier to install  \n   **b) It has better resistance to loosening due to vibration**  \n   c) It has a larger core diameter"", ""question"": ""How is a fine-thread fastener advantageous over a coarse-thread fastener?"", ""options"": [""It is easier to install"", ""It has a larger core diameter""], ""correct"": null, ""answer_text"": null, ""category"": null, ""source_file"": ""Sub5-10 questions.docx"", ""source_module"": ""M6"", ""fmt"": ""docx"", ""module"": ""M6"", ""difficulty"": ""MEDIUM""}"
M6,M6.6.1(c),,What is the difference between a standard and close-tolerance bolt?,Standard bolts are used in critical areas,Standard bolts are stronger,,,,MEDIUM,,,,DRAFT,NEEDS_ANSWER — answer not provided in source; solve via Suntech corpus or admin review,1,Sub5-10 questions.docx,"{""raw"": ""30. What is the difference between a standard and close-tolerance bolt?\n   a) Standard bolts are used in critical areas  \n   **b) Close-tolerance bolts are machined to precise dimensions**  \n   c) Standard bolts are stronger\n### Rigid Pipes and Couplings:"", ""question"": ""What is the difference between a standard and close-tolerance bolt?"", ""options"": [""Standard bolts are used in critical areas"", ""Standard bolts are stronger""], ""correct"": null, ""answer_text"": null, ""category"": null, ""source_file"": ""Sub5-10 questions.docx"", ""source_module"": ""M6"", ""fmt"": ""docx"", ""module"": ""M6"", ""syllabusRef"": ""M6.6.1(c)"", ""level"": null, ""difficulty"": ""MEDIUM""}"
M6,M6.06.09,,What material has largely replaced copper in aircraft pipe systems?,Brass,Aluminum bronze,,,,MEDIUM,,,,DRAFT,NEEDS_ANSWER — answer not provided in source; solve via Suntech corpus or admin review,1,Sub5-10 questions.docx,"{""raw"": ""1. What material has largely replaced copper in aircraft pipe systems?\n   a) Brass  \n   **b) Stainless steel**  \n   c) Aluminum bronze"", ""question"": ""What material has largely replaced copper in aircraft pipe systems?"", ""options"": [""Brass"", ""Aluminum bronze""], ""correct"": null, ""answer_text"": null, ""category"": null, ""source_file"": ""Sub5-10 questions.docx"", ""source_module"": ""M6"", ""fmt"": ""docx"", ""module"": ""M6"", ""syllabusRef"": ""M6.06.09"", ""level"": null, ""difficulty"": ""MEDIUM""}"
M6,M6.06.06,,What is the primary reason why rigid pipes are generally not repaired in maintenance organizations?,Lack of suitable tools,Difficulty in sourcing replacement parts,,,,MEDIUM,,,,DRAFT,NEEDS_ANSWER — answer not provided in source; solve via Suntech corpus or admin review,1,Sub5-10 questions.docx,"{""raw"": ""2. What is the primary reason why rigid pipes are generally not repaired in maintenance organizations?\n   a) Lack of suitable tools  \n   **b) The variety of materials and heat treatments required**  \n   c) Difficulty in sourcing replacement parts"", ""question"": ""What is the primary reason why rigid pipes are generally not repaired in maintenance organizations?"", ""options"": [""Lack of suitable tools"", ""Difficulty in sourcing replacement parts""], ""correct"": null, ""answer_text"": null, ""category"": null, ""source_file"": ""Sub5-10 questions.docx"", ""source_module"": ""M6"", ""fmt"": ""docx"", ""module"": ""M6"", ""syllabusRef"": ""M6.06.06"", ""level"": null, ""difficulty"": ""MEDIUM""}"
M6,M6.06.06,,3. How are rigid pipes classified in terms of size?,By wall thickness only,By inner diameter in millimeters,,,,MEDIUM,,,,DRAFT,NEEDS_ANSWER — answer not provided in source; solve via Suntech corpus or admin review,1,Sub5-10 questions.docx,"{""raw"": ""3. How are rigid pipes classified in terms of size?\n   **a) By material and outside diameter**  \n   b) By wall thickness only  \n   c) By inner diameter in millimeters"", ""question"": ""3. How are rigid pipes classified in terms of size?"", ""options"": [""By wall thickness only"", ""By inner diameter in millimeters""], ""correct"": null, ""answer_text"": null, ""category"": null, ""source_file"": ""Sub5-10 questions.docx"", ""source_module"": ""M6"", ""fmt"": ""docx"", ""module"": ""M6"", ""syllabusRef"": ""M6.06.06"", ""level"": null, ""difficulty"": ""MEDIUM""}"
M6,M6.06.04,,What is a major risk of using U-bends in fuel pipe systems?,Pressure build-up,Corrosion,,,,MEDIUM,,,,DRAFT,NEEDS_ANSWER — answer not provided in source; solve via Suntech corpus or admin review,1,Sub5-10 questions.docx,"{""raw"": ""4. What is a major risk of using U-bends in fuel pipe systems?\n   a) Pressure build-up  \n   **b) Vapor locks**  \n   c) Corrosion"", ""question"": ""What is a major risk of using U-bends in fuel pipe systems?"", ""options"": [""Pressure build-up"", ""Corrosion""], ""correct"": null, ""answer_text"": null, ""category"": null, ""source_file"": ""Sub5-10 questions.docx"", ""source_module"": ""M6"", ""fmt"": ""docx"", ""module"": ""M6"", ""syllabusRef"": ""M6.06.04"", ""level"": null, ""difficulty"": ""MEDIUM""}"
M6,M6.06.06,,5. What measurement standard is used to determine the wall thickness of rigid pipes in imperial sizes?,Millimeters,Tolerance grade,,,,MEDIUM,,,,DRAFT,NEEDS_ANSWER — answer not provided in source; solve via Suntech corpus or admin review,1,Sub5-10 questions.docx,"{""raw"": ""5. What measurement standard is used to determine the wall thickness of rigid pipes in imperial sizes?\n   a) Millimeters  \n   b) Tolerance grade  \n   **c) Standard Wire Gauge (SWG)**\n### Flareless Couplings:"", ""question"": ""5. What measurement standard is used to determine the wall thickness of rigid pipes in imperial sizes?"", ""options"": [""Millimeters"", ""Tolerance grade""], ""correct"": null, ""answer_text"": null, ""category"": null, ""source_file"": ""Sub5-10 questions.docx"", ""source_module"": ""M6"", ""fmt"": ""docx"", ""module"": ""M6"", ""syllabusRef"": ""M6.06.06"", ""level"": null, ""difficulty"": ""MEDIUM""}"
M6,,,Flareless couplings are designed to work at what pressure range?,1000 psi,1500 psi,,,,MEDIUM,,,,DRAFT,NEEDS_ANSWER — answer not provided in source; solve via Suntech corpus or admin review,1,Sub5-10 questions.docx,"{""raw"": ""6. Flareless couplings are designed to work at what pressure range?\n   a) 1000 psi  \n   **b) 3000 - 5000 psi**  \n   c) 1500 psi"", ""question"": ""Flareless couplings are designed to work at what pressure range?"", ""options"": [""1000 psi"", ""1500 psi""], ""correct"": null, ""answer_text"": null, ""category"": null, ""source_file"": ""Sub5-10 questions.docx"", ""source_module"": ""M6"", ""fmt"": ""docx"", ""module"": ""M6"", ""difficulty"": ""MEDIUM""}"
M6,M6.6.1(c),,What is the function of the reverse angle in flareless couplings?,To ensure a smoother connection,To improve airflow in the pipes,,,,MEDIUM,,,,DRAFT,NEEDS_ANSWER — answer not provided in source; solve via Suntech corpus or admin review,1,Sub5-10 questions.docx,"{""raw"": ""7. What is the function of the reverse angle in flareless couplings?\n   a) To ensure a smoother connection  \n   **b) To prevent inward collapse of the tubing when tightened**  \n   c) To improve airflow in the pipes"", ""question"": ""What is the function of the reverse angle in flareless couplings?"", ""options"": [""To ensure a smoother connection"", ""To improve airflow in the pipes""], ""correct"": null, ""answer_text"": null, ""category"": null, ""source_file"": ""Sub5-10 questions.docx"", ""source_module"": ""M6"", ""fmt"": ""docx"", ""module"": ""M6"", ""syllabusRef"": ""M6.6.1(c)"", ""level"": null, ""difficulty"": ""MEDIUM""}"
M6,M6.6.1(c),,8. Which component of the flareless coupling bites into the tube during installation?,Nut,Body,,,,MEDIUM,,,,DRAFT,NEEDS_ANSWER — answer not provided in source; solve via Suntech corpus or admin review,1,Sub5-10 questions.docx,"{""raw"": ""8. Which component of the flareless coupling bites into the tube during installation?\n   a) Nut  \n   b) Body  \n   **c) Sleeve (or ferrule)**"", ""question"": ""8. Which component of the flareless coupling bites into the tube during installation?"", ""options"": [""Nut"", ""Body""], ""correct"": null, ""answer_text"": null, ""category"": null, ""source_file"": ""Sub5-10 questions.docx"", ""source_module"": ""M6"", ""fmt"": ""docx"", ""module"": ""M6"", ""syllabusRef"": ""M6.6.1(c)"", ""level"": null, ""difficulty"": ""MEDIUM""}"
M6,M6.6.1(c),,9. What is the first step when performing a pre-setting operation on a flareless coupling?,Apply lubrication to the tube,Assemble the sleeve and nut on the fitting,,,,MEDIUM,,,,DRAFT,NEEDS_ANSWER — answer not provided in source; solve via Suntech corpus or admin review,1,Sub5-10 questions.docx,"{""raw"": ""9. What is the first step when performing a pre-setting operation on a flareless coupling?\n   **a) Cut the tube to the correct length with perfectly square ends**  \n   b) Apply lubrication to the tube  \n   c) Assemble the sleeve and nut on the fitting"", ""question"": ""9. What is the first step when performing a pre-setting operation on a flareless coupling?"", ""options"": [""Apply lubrication to the tube"", ""Assemble the sleeve and nut on the fitting""], ""correct"": null, ""answer_text"": null, ""category"": null, ""source_file"": ""Sub5-10 questions.docx"", ""source_module"": ""M6"", ""fmt"": ""docx"", ""module"": ""M6"", ""syllabusRef"": ""M6.6.1(c)"", ""level"": null, ""difficulty"": ""MEDIUM""}"
M6,M6.6.1(c),,What issue may result from an out-of-square tube cut during the installation of a flareless coupling?,Leaks due to low torque,Difficulty in attaching the coupling nut,,,,MEDIUM,,,,DRAFT,NEEDS_ANSWER — answer not provided in source; solve via Suntech corpus or admin review,1,Sub5-10 questions.docx,"{""raw"": ""10. What issue may result from an out-of-square tube cut during the installation of a flareless coupling?\n   a) Leaks due to low torque  \n   **b) Uneven bite of the sleeve into the tube**  \n   c) Difficulty in attaching the coupling nut\n### American AN Couplings - Flared Pipes and Couplings:"", ""question"": ""What issue may result from an out-of-square tube cut during the installation of a flareless coupling?"", ""options"": [""Leaks due to low torque"", ""Difficulty in attaching the coupling nut""], ""correct"": null, ""answer_text"": null, ""category"": null, ""source_file"": ""Sub5-10 questions.docx"", ""source_module"": ""M6"", ""fmt"": ""docx"", ""module"": ""M6"", ""syllabusRef"": ""M6.6.1(c)"", ""level"": null, ""difficulty"": ""MEDIUM""}"
M6,M6.6.1(c),,11. What is the included flare angle of an American AN pipe coupling?,90°,45°,,,,MEDIUM,,,,DRAFT,NEEDS_ANSWER — answer not provided in source; solve via Suntech corpus or admin review,1,Sub5-10 questions.docx,"{""raw"": ""11. What is the included flare angle of an American AN pipe coupling?\n   **a) 74°**  \n   b) 90°  \n   c) 45°"", ""question"": ""11. What is the included flare angle of an American AN pipe coupling?"", ""options"": [""90°"", ""45°""], ""correct"": null, ""answer_text"": null, ""category"": null, ""source_file"": ""Sub5-10 questions.docx"", ""source_module"": ""M6"", ""fmt"": ""docx"", ""module"": ""M6"", ""syllabusRef"": ""M6.6.1(c)"", ""level"": null, ""difficulty"": ""MEDIUM""}"
M6,M6.6.1(C),,What type of thread is typically used in American AN couplings for sealing?,Parallel threads,Buttress threads,,,,MEDIUM,,,,DRAFT,NEEDS_ANSWER — answer not provided in source; solve via Suntech corpus or admin review,1,Sub5-10 questions.docx,"{""raw"": ""12. What type of thread is typically used in American AN couplings for sealing?\n   a) Parallel threads  \n   **b) Tapered pipe threads**  \n   c) Buttress threads"", ""question"": ""What type of thread is typically used in American AN couplings for sealing?"", ""options"": [""Parallel threads"", ""Buttress threads""], ""correct"": null, ""answer_text"": null, ""category"": null, ""source_file"": ""Sub5-10 questions.docx"", ""source_module"": ""M6"", ""fmt"": ""docx"", ""module"": ""M6"", ""syllabusRef"": ""M6.6.1(C)"", ""level"": null, ""difficulty"": ""MEDIUM""}"
M6,M6.6.1(C),,What is the primary sealing method for American AN fittings?,O-rings,Thread sealant,,,,MEDIUM,,,,DRAFT,NEEDS_ANSWER — answer not provided in source; solve via Suntech corpus or admin review,1,Sub5-10 questions.docx,"{""raw"": ""13. What is the primary sealing method for American AN fittings?\n   a) O-rings  \n   **b) Wedging action of tapered threads**  \n   c) Thread sealant"", ""question"": ""What is the primary sealing method for American AN fittings?"", ""options"": [""O-rings"", ""Thread sealant""], ""correct"": null, ""answer_text"": null, ""category"": null, ""source_file"": ""Sub5-10 questions.docx"", ""source_module"": ""M6"", ""fmt"": ""docx"", ""module"": ""M6"", ""syllabusRef"": ""M6.6.1(C)"", ""level"": null, ""difficulty"": ""MEDIUM""}"
M6,M6.6.1(C),,14. Which type of flare is recommended for thin-walled tubing?,Single flare,No flare,,,,MEDIUM,,,,DRAFT,NEEDS_ANSWER — answer not provided in source; solve via Suntech corpus or admin review,1,Sub5-10 questions.docx,"{""raw"": ""14. Which type of flare is recommended for thin-walled tubing?\n   **a) Double flare**  \n   b) Single flare  \n   c) No flare"", ""question"": ""14. Which type of flare is recommended for thin-walled tubing?"", ""options"": [""Single flare"", ""No flare""], ""correct"": null, ""answer_text"": null, ""category"": null, ""source_file"": ""Sub5-10 questions.docx"", ""source_module"": ""M6"", ""fmt"": ""docx"", ""module"": ""M6"", ""syllabusRef"": ""M6.6.1(C)"", ""level"": null, ""difficulty"": ""MEDIUM""}"
M6,M6.6.1(C),,15. In what situation would a split retainer be used in a coupling?,For securing the nut,For leak-proofing the connection,,,,MEDIUM,,,,DRAFT,NEEDS_ANSWER — answer not provided in source; solve via Suntech corpus or admin review,1,Sub5-10 questions.docx,"{""raw"": ""15. In what situation would a split retainer be used in a coupling?\n   a) For securing the nut  \n   b) For leak-proofing the connection  \n   **c) For enclosing the beaded ends of pipes**  \n### Standard Unions:"", ""question"": ""15. In what situation would a split retainer be used in a coupling?"", ""options"": [""For securing the nut"", ""For leak-proofing the connection""], ""correct"": null, ""answer_text"": null, ""category"": null, ""source_file"": ""Sub5-10 questions.docx"", ""source_module"": ""M6"", ""fmt"": ""docx"", ""module"": ""M6"", ""syllabusRef"": ""M6.6.1(C)"", ""level"": null, ""difficulty"": ""MEDIUM""}"
M6,M6.06.09,,What is a common material used for standard pipe unions in aircraft?,Brass,Copper,,,,MEDIUM,,,,DRAFT,NEEDS_ANSWER — answer not provided in source; solve via Suntech corpus or admin review,1,Sub5-10 questions.docx,"{""raw"": ""16. What is a common material used for standard pipe unions in aircraft?\n   a) Brass  \n   **b) Aluminum alloy**  \n   c) Copper"", ""question"": ""What is a common material used for standard pipe unions in aircraft?"", ""options"": [""Brass"", ""Copper""], ""correct"": null, ""answer_text"": null, ""category"": null, ""source_file"": ""Sub5-10 questions.docx"", ""source_module"": ""M6"", ""fmt"": ""docx"", ""module"": ""M6"", ""syllabusRef"": ""M6.06.09"", ""level"": null, ""difficulty"": ""MEDIUM""}"
M6,M6.06.09,,What is a standard pipe coupling size for use in aircraft fuel systems?,1 inch,Over 3 inches,,,,MEDIUM,,,,DRAFT,NEEDS_ANSWER — answer not provided in source; solve via Suntech corpus or admin review,1,Sub5-10 questions.docx,"{""raw"": ""17. What is a standard pipe coupling size for use in aircraft fuel systems?\n   a) 1 inch  \n   **b) Up to 2.5 inches**  \n   c) Over 3 inches"", ""question"": ""What is a standard pipe coupling size for use in aircraft fuel systems?"", ""options"": [""1 inch"", ""Over 3 inches""], ""correct"": null, ""answer_text"": null, ""category"": null, ""source_file"": ""Sub5-10 questions.docx"", ""source_module"": ""M6"", ""fmt"": ""docx"", ""module"": ""M6"", ""syllabusRef"": ""M6.06.09"", ""level"": null, ""difficulty"": ""MEDIUM""}"
M6,,,What is a key feature of a flexible coupling in a fuel system?,It is used to reduce vibration,It provides additional torque,,,,MEDIUM,,,,DRAFT,NEEDS_ANSWER — answer not provided in source; solve via Suntech corpus or admin review,1,Sub5-10 questions.docx,"{""raw"": ""18. What is a key feature of a flexible coupling in a fuel system?\n   a) It is used to reduce vibration  \n   **b) It allows for misalignment and movement**  \n   c) It provides additional torque"", ""question"": ""What is a key feature of a flexible coupling in a fuel system?"", ""options"": [""It is used to reduce vibration"", ""It provides additional torque""], ""correct"": null, ""answer_text"": null, ""category"": null, ""source_file"": ""Sub5-10 questions.docx"", ""source_module"": ""M6"", ""fmt"": ""docx"", ""module"": ""M6"", ""difficulty"": ""MEDIUM""}"
M6,M6.06.06,,How are pipes and unions designed to prevent cross-connection in different aircraft systems?,By color coding the pipes,By using only metal pipes,,,,MEDIUM,,,,DRAFT,NEEDS_ANSWER — answer not provided in source; solve via Suntech corpus or admin review,1,Sub5-10 questions.docx,"{""raw"": ""19. How are pipes and unions designed to prevent cross-connection in different aircraft systems?\n   a) By color coding the pipes  \n   **b) By using different sizes or lengths of pipe couplings**  \n   c) By using only metal pipes"", ""question"": ""How are pipes and unions designed to prevent cross-connection in different aircraft systems?"", ""options"": [""By color coding the pipes"", ""By using only metal pipes""], ""correct"": null, ""answer_text"": null, ""category"": null, ""source_file"": ""Sub5-10 questions.docx"", ""source_module"": ""M6"", ""fmt"": ""docx"", ""module"": ""M6"", ""syllabusRef"": ""M6.06.06"", ""level"": null, ""difficulty"": ""MEDIUM""}"
M6,M6.6.1(c),,"When using flexible couplings in aircraft, what is the function of the O-ring seals?",To absorb shock,To prevent corrosion inside the pipes,,,,MEDIUM,,,,DRAFT,NEEDS_ANSWER — answer not provided in source; solve via Suntech corpus or admin review,1,Sub5-10 questions.docx,"{""raw"": ""20. When using flexible couplings in aircraft, what is the function of the O-ring seals?\n   a) To absorb shock  \n   **b) To expand and form a seal between the coupling and pipes**  \n   c) To prevent corrosion inside the pipes\n### Pipe Markings:"", ""question"": ""When using flexible couplings in aircraft, what is the function of the O-ring seals?"", ""options"": [""To absorb shock"", ""To prevent corrosion inside the pipes""], ""correct"": null, ""answer_text"": null, ""category"": null, ""source_file"": ""Sub5-10 questions.docx"", ""source_module"": ""M6"", ""fmt"": ""docx"", ""module"": ""M6"", ""syllabusRef"": ""M6.6.1(c)"", ""level"": null, ""difficulty"": ""MEDIUM""}"
M6,M6.06.06,,21. How are rigid pipes typically identified in aircraft systems?,By color codes,By length and diameter,,,,MEDIUM,,,,DRAFT,NEEDS_ANSWER — answer not provided in source; solve via Suntech corpus or admin review,1,Sub5-10 questions.docx,"{""raw"": ""21. How are rigid pipes typically identified in aircraft systems?\n   **a) By part numbers**  \n   b) By color codes  \n   c) By length and diameter"", ""question"": ""21. How are rigid pipes typically identified in aircraft systems?"", ""options"": [""By color codes"", ""By length and diameter""], ""correct"": null, ""answer_text"": null, ""category"": null, ""source_file"": ""Sub5-10 questions.docx"", ""source_module"": ""M6"", ""fmt"": ""docx"", ""module"": ""M6"", ""syllabusRef"": ""M6.06.06"", ""level"": null, ""difficulty"": ""MEDIUM""}"
M6,M6.6.1(c),,What does the presence of a part number on a rigid pipe ensure?,It indicates the date of manufacture,It specifies the material of the pipe,,,,MEDIUM,,,,DRAFT,NEEDS_ANSWER — answer not provided in source; solve via Suntech corpus or admin review,1,Sub5-10 questions.docx,"{""raw"": ""22. What does the presence of a part number on a rigid pipe ensure?\n   a) It indicates the date of manufacture  \n   **b) It ensures the pipe will fit according to the applicable drawing**  \n   c) It specifies the material of the pipe"", ""question"": ""What does the presence of a part number on a rigid pipe ensure?"", ""options"": [""It indicates the date of manufacture"", ""It specifies the material of the pipe""], ""correct"": null, ""answer_text"": null, ""category"": null, ""source_file"": ""Sub5-10 questions.docx"", ""source_module"": ""M6"", ""fmt"": ""docx"", ""module"": ""M6"", ""syllabusRef"": ""M6.6.1(c)"", ""level"": null, ""difficulty"": ""MEDIUM""}"
M6,M6.06.01,,What information is most critical when identifying a pipe for high-pressure hydraulic systems?,Wall thickness,Color markings,,,,MEDIUM,,,,DRAFT,NEEDS_ANSWER — answer not provided in source; solve via Suntech corpus or admin review,1,Sub5-10 questions.docx,"{""raw"": ""23. What information is most critical when identifying a pipe for high-pressure hydraulic systems?\n   a) Wall thickness  \n   **b) Material and pressure rating**  \n   c) Color markings"", ""question"": ""What information is most critical when identifying a pipe for high-pressure hydraulic systems?"", ""options"": [""Wall thickness"", ""Color markings""], ""correct"": null, ""answer_text"": null, ""category"": null, ""source_file"": ""Sub5-10 questions.docx"", ""source_module"": ""M6"", ""fmt"": ""docx"", ""module"": ""M6"", ""syllabusRef"": ""M6.06.01"", ""level"": null, ""difficulty"": ""MEDIUM""}"
M6,M6.06.09,,"When replacing a rigid pipe in an aircraft, what is the first thing to verify?",The age of the replacement pipe,The material is identical to the original,,,,MEDIUM,,,,DRAFT,NEEDS_ANSWER — answer not provided in source; solve via Suntech corpus or admin review,1,Sub5-10 questions.docx,"{""raw"": ""24. When replacing a rigid pipe in an aircraft, what is the first thing to verify?\n   a) The age of the replacement pipe  \n   **b) The part number and specifications**  \n   c) The material is identical to the original"", ""question"": ""When replacing a rigid pipe in an aircraft, what is the first thing to verify?"", ""options"": [""The age of the replacement pipe"", ""The material is identical to the original""], ""correct"": null, ""answer_text"": null, ""category"": null, ""source_file"": ""Sub5-10 questions.docx"", ""source_module"": ""M6"", ""fmt"": ""docx"", ""module"": ""M6"", ""syllabusRef"": ""M6.06.09"", ""level"": null, ""difficulty"": ""MEDIUM""}"
M6,M6.6.1(c),,25. Which of the following is commonly marked on a flexible coupling?,Date of installation,Pressure rating,,,,MEDIUM,,,,DRAFT,NEEDS_ANSWER — answer not provided in source; solve via Suntech corpus or admin review,1,Sub5-10 questions.docx,"{""raw"": ""25. Which of the following is commonly marked on a flexible coupling?\n   a) Date of installation  \n   b) Pressure rating  \n   **c) Maximum allowable misalignment**\n### Installation Techniques and Safety:"", ""question"": ""25. Which of the following is commonly marked on a flexible coupling?"", ""options"": [""Date of installation"", ""Pressure rating""], ""correct"": null, ""answer_text"": null, ""category"": null, ""source_file"": ""Sub5-10 questions.docx"", ""source_module"": ""M6"", ""fmt"": ""docx"", ""module"": ""M6"", ""syllabusRef"": ""M6.6.1(c)"", ""level"": null, ""difficulty"": ""MEDIUM""}"
M6,M6.6.1(c),,What is the proper method of tightening a flareless coupling?,Use a torque wrench to tighten until no more turns are possible,Hand tighten only,,,,MEDIUM,,,,DRAFT,NEEDS_ANSWER — answer not provided in source; solve via Suntech corpus or admin review,1,Sub5-10 questions.docx,"{""raw"": ""26. What is the proper method of tightening a flareless coupling?\n   a) Use a torque wrench to tighten until no more turns are possible  \n   **b) Tighten until a distinct increase in torque is felt, then turn further**  \n   c) Hand tighten only"", ""question"": ""What is the proper method of tightening a flareless coupling?"", ""options"": [""Use a torque wrench to tighten until no more turns are possible"", ""Hand tighten only""], ""correct"": null, ""answer_text"": null, ""category"": null, ""source_file"": ""Sub5-10 questions.docx"", ""source_module"": ""M6"", ""fmt"": ""docx"", ""module"": ""M6"", ""syllabusRef"": ""M6.6.1(c)"", ""level"": null, ""difficulty"": ""MEDIUM""}"
M6,M6.6.1(c),,"27. If a flareless coupling leaks, what is the first course of action?",Add more lubricant to the coupling,Tighten the nut until the leak stops,,,,MEDIUM,,,,DRAFT,NEEDS_ANSWER — answer not provided in source; solve via Suntech corpus or admin review,1,Sub5-10 questions.docx,"{""raw"": ""27. If a flareless coupling leaks, what is the first course of action?\n   a) Add more lubricant to the coupling  \n   b) Tighten the nut until the leak stops  \n   **c) Unscrew the nut and inspect for foreign matter or damage**  \n### Rigid Pipes and Couplings:"", ""question"": ""27. If a flareless coupling leaks, what is the first course of action?"", ""options"": [""Add more lubricant to the coupling"", ""Tighten the nut until the leak stops""], ""correct"": null, ""answer_text"": null, ""category"": null, ""source_file"": ""Sub5-10 questions.docx"", ""source_module"": ""M6"", ""fmt"": ""docx"", ""module"": ""M6"", ""syllabusRef"": ""M6.6.1(c)"", ""level"": null, ""difficulty"": ""MEDIUM""}"
M6,M6.06.09,,Which material is commonly used in aircraft rigid pipe systems today?,Copper,Brass,,,,MEDIUM,,,,DRAFT,NEEDS_ANSWER — answer not provided in source; solve via Suntech corpus or admin review,1,Sub5-10 questions.docx,"{""raw"": ""1. Which material is commonly used in aircraft rigid pipe systems today?\n   a) Copper  \n   **b) Aluminum alloy**  \n   c) Brass"", ""question"": ""Which material is commonly used in aircraft rigid pipe systems today?"", ""options"": [""Copper"", ""Brass""], ""correct"": null, ""answer_text"": null, ""category"": null, ""source_file"": ""Sub5-10 questions.docx"", ""source_module"": ""M6"", ""fmt"": ""docx"", ""module"": ""M6"", ""syllabusRef"": ""M6.06.09"", ""level"": null, ""difficulty"": ""MEDIUM""}"
M6,M6.06.09,,2. What is the main reason for using stainless steel in aircraft hydraulic systems?,Ease of manufacturing,Light weight,,,,MEDIUM,,,,DRAFT,NEEDS_ANSWER — answer not provided in source; solve via Suntech corpus or admin review,1,Sub5-10 questions.docx,"{""raw"": ""2. What is the main reason for using stainless steel in aircraft hydraulic systems?\n   **a) High resistance to corrosion and high-pressure conditions**  \n   b) Ease of manufacturing  \n   c) Light weight"", ""question"": ""2. What is the main reason for using stainless steel in aircraft hydraulic systems?"", ""options"": [""Ease of manufacturing"", ""Light weight""], ""correct"": null, ""answer_text"": null, ""category"": null, ""source_file"": ""Sub5-10 questions.docx"", ""source_module"": ""M6"", ""fmt"": ""docx"", ""module"": ""M6"", ""syllabusRef"": ""M6.06.09"", ""level"": null, ""difficulty"": ""MEDIUM""}"
M6,M6.06.06,,Why are rigid pipes pre-manufactured with bends and fittings?,To save time during installation,To allow for custom repairs on-site,,,,MEDIUM,,,,DRAFT,NEEDS_ANSWER — answer not provided in source; solve via Suntech corpus or admin review,1,Sub5-10 questions.docx,"{""raw"": ""3. Why are rigid pipes pre-manufactured with bends and fittings?\n   a) To save time during installation  \n   **b) To ensure precise fit and compliance with design specifications**  \n   c) To allow for custom repairs on-site\n### Flareless Couplings:"", ""question"": ""Why are rigid pipes pre-manufactured with bends and fittings?"", ""options"": [""To save time during installation"", ""To allow for custom repairs on-site""], ""correct"": null, ""answer_text"": null, ""category"": null, ""source_file"": ""Sub5-10 questions.docx"", ""source_module"": ""M6"", ""fmt"": ""docx"", ""module"": ""M6"", ""syllabusRef"": ""M6.06.06"", ""level"": null, ""difficulty"": ""MEDIUM""}"
M6,M6.06.09,,4. What is the main advantage of flareless couplings in aircraft?,Easier installation process,Can handle higher temperatures,,,,MEDIUM,,,,DRAFT,NEEDS_ANSWER — answer not provided in source; solve via Suntech corpus or admin review,1,Sub5-10 questions.docx,"{""raw"": ""4. What is the main advantage of flareless couplings in aircraft?\n   **a) Eliminates the need for flaring and provides high-pressure connection**  \n   b) Easier installation process  \n   c) Can handle higher temperatures"", ""question"": ""4. What is the main advantage of flareless couplings in aircraft?"", ""options"": [""Easier installation process"", ""Can handle higher temperatures""], ""correct"": null, ""answer_text"": null, ""category"": null, ""source_file"": ""Sub5-10 questions.docx"", ""source_module"": ""M6"", ""fmt"": ""docx"", ""module"": ""M6"", ""syllabusRef"": ""M6.06.09"", ""level"": null, ""difficulty"": ""MEDIUM""}"
M6,M6.6.1(c),,What is the function of the sleeve in a flareless coupling?,To connect the nut and body,To provide structural support,,,,MEDIUM,,,,DRAFT,NEEDS_ANSWER — answer not provided in source; solve via Suntech corpus or admin review,1,Sub5-10 questions.docx,"{""raw"": ""5. What is the function of the sleeve in a flareless coupling?\n   a) To connect the nut and body  \n   **b) To bite into the tube and create a tight seal**  \n   c) To provide structural support"", ""question"": ""What is the function of the sleeve in a flareless coupling?"", ""options"": [""To connect the nut and body"", ""To provide structural support""], ""correct"": null, ""answer_text"": null, ""category"": null, ""source_file"": ""Sub5-10 questions.docx"", ""source_module"": ""M6"", ""fmt"": ""docx"", ""module"": ""M6"", ""syllabusRef"": ""M6.6.1(c)"", ""level"": null, ""difficulty"": ""MEDIUM""}"
M6,M6.6.1(c),,What happens if a flareless coupling is over-tightened?,It strengthens the connection,It loosens the connection over time,,,,MEDIUM,,,,DRAFT,NEEDS_ANSWER — answer not provided in source; solve via Suntech corpus or admin review,1,Sub5-10 questions.docx,"{""raw"": ""6. What happens if a flareless coupling is over-tightened?\n   a) It strengthens the connection  \n   **b) It damages the sleeve and tube, leading to leaks**  \n   c) It loosens the connection over time\n### American AN Couplings (Flared Pipes and Couplings):"", ""question"": ""What happens if a flareless coupling is over-tightened?"", ""options"": [""It strengthens the connection"", ""It loosens the connection over time""], ""correct"": null, ""answer_text"": null, ""category"": null, ""source_file"": ""Sub5-10 questions.docx"", ""source_module"": ""M6"", ""fmt"": ""docx"", ""module"": ""M6"", ""syllabusRef"": ""M6.6.1(c)"", ""level"": null, ""difficulty"": ""MEDIUM""}"
M6,M6.6.1(c),,8. What ensures a tight seal in an AN flared coupling?,The use of sealant,The addition of O-rings,,,,MEDIUM,,,,DRAFT,NEEDS_ANSWER — answer not provided in source; solve via Suntech corpus or admin review,1,Sub5-10 questions.docx,"{""raw"": ""8. What ensures a tight seal in an AN flared coupling?\n   **a) The metal-to-metal contact between the flare and the fitting**  \n   b) The use of sealant  \n   c) The addition of O-rings"", ""question"": ""8. What ensures a tight seal in an AN flared coupling?"", ""options"": [""The use of sealant"", ""The addition of O-rings""], ""correct"": null, ""answer_text"": null, ""category"": null, ""source_file"": ""Sub5-10 questions.docx"", ""source_module"": ""M6"", ""fmt"": ""docx"", ""module"": ""M6"", ""syllabusRef"": ""M6.6.1(c)"", ""level"": null, ""difficulty"": ""MEDIUM""}"
M6,M6.06.09,,Why are American AN couplings commonly used in aircraft systems?,They are cheaper than other couplings,They are easier to install,,,,MEDIUM,,,,DRAFT,NEEDS_ANSWER — answer not provided in source; solve via Suntech corpus or admin review,1,Sub5-10 questions.docx,"{""raw"": ""9. Why are American AN couplings commonly used in aircraft systems?\n   a) They are cheaper than other couplings  \n   **b) They provide reliable, high-pressure connections**  \n   c) They are easier to install\n### Standard Unions:"", ""question"": ""Why are American AN couplings commonly used in aircraft systems?"", ""options"": [""They are cheaper than other couplings"", ""They are easier to install""], ""correct"": null, ""answer_text"": null, ""category"": null, ""source_file"": ""Sub5-10 questions.docx"", ""source_module"": ""M6"", ""fmt"": ""docx"", ""module"": ""M6"", ""syllabusRef"": ""M6.06.09"", ""level"": null, ""difficulty"": ""MEDIUM""}"
M6,M6.6.1(c),,10. What is the primary function of a union in pipe systems?,To support the weight of the pipes,To prevent leaks,,,,MEDIUM,,,,DRAFT,NEEDS_ANSWER — answer not provided in source; solve via Suntech corpus or admin review,1,Sub5-10 questions.docx,"{""raw"": ""10. What is the primary function of a union in pipe systems?\n   **a) To connect two sections of pipe and allow for disconnection**  \n   b) To support the weight of the pipes  \n   c) To prevent leaks"", ""question"": ""10. What is the primary function of a union in pipe systems?"", ""options"": [""To support the weight of the pipes"", ""To prevent leaks""], ""correct"": null, ""answer_text"": null, ""category"": null, ""source_file"": ""Sub5-10 questions.docx"", ""source_module"": ""M6"", ""fmt"": ""docx"", ""module"": ""M6"", ""syllabusRef"": ""M6.6.1(c)"", ""level"": null, ""difficulty"": ""MEDIUM""}"
M6,M6.06.06,,How are standard unions typically joined?,By welding,By using adhesives,,,,MEDIUM,,,,DRAFT,NEEDS_ANSWER — answer not provided in source; solve via Suntech corpus or admin review,1,Sub5-10 questions.docx,"{""raw"": ""11. How are standard unions typically joined?\n   a) By welding  \n   **b) By screwing a nut onto a threaded fitting**  \n   c) By using adhesives"", ""question"": ""How are standard unions typically joined?"", ""options"": [""By welding"", ""By using adhesives""], ""correct"": null, ""answer_text"": null, ""category"": null, ""source_file"": ""Sub5-10 questions.docx"", ""source_module"": ""M6"", ""fmt"": ""docx"", ""module"": ""M6"", ""syllabusRef"": ""M6.06.06"", ""level"": null, ""difficulty"": ""MEDIUM""}"
M6,M6.06.09,,Which material is commonly used for unions in aircraft fluid systems?,Copper,PVC,,,,MEDIUM,,,,DRAFT,NEEDS_ANSWER — answer not provided in source; solve via Suntech corpus or admin review,1,Sub5-10 questions.docx,"{""raw"": ""12. Which material is commonly used for unions in aircraft fluid systems?\n   a) Copper  \n   **b) Aluminum alloy**  \n   c) PVC\n### Pipe Markings:"", ""question"": ""Which material is commonly used for unions in aircraft fluid systems?"", ""options"": [""Copper"", ""PVC""], ""correct"": null, ""answer_text"": null, ""category"": null, ""source_file"": ""Sub5-10 questions.docx"", ""source_module"": ""M6"", ""fmt"": ""docx"", ""module"": ""M6"", ""syllabusRef"": ""M6.06.09"", ""level"": null, ""difficulty"": ""MEDIUM""}"
M6,M6.06.09,,What is the purpose of pipe markings on aircraft?,To show the type of material used,To show the date of manufacture,,,,MEDIUM,,,,DRAFT,NEEDS_ANSWER — answer not provided in source; solve via Suntech corpus or admin review,1,Sub5-10 questions.docx,"{""raw"": ""13. What is the purpose of pipe markings on aircraft?\n   a) To show the type of material used  \n   **b) To indicate the function and contents of the pipe**  \n   c) To show the date of manufacture"", ""question"": ""What is the purpose of pipe markings on aircraft?"", ""options"": [""To show the type of material used"", ""To show the date of manufacture""], ""correct"": null, ""answer_text"": null, ""category"": null, ""source_file"": ""Sub5-10 questions.docx"", ""source_module"": ""M6"", ""fmt"": ""docx"", ""module"": ""M6"", ""syllabusRef"": ""M6.06.09"", ""level"": null, ""difficulty"": ""MEDIUM""}"
M6,,,What information is typically included in pipe markings?,Manufacturer's address,Installation instructions,,,,MEDIUM,,,,DRAFT,NEEDS_ANSWER — answer not provided in source; solve via Suntech corpus or admin review,1,Sub5-10 questions.docx,"{""raw"": ""14. What information is typically included in pipe markings?\n   a) Manufacturer's address  \n   **b) Pipe size, function, and flow direction**  \n   c) Installation instructions"", ""question"": ""What information is typically included in pipe markings?"", ""options"": [""Manufacturer's address"", ""Installation instructions""], ""correct"": null, ""answer_text"": null, ""category"": null, ""source_file"": ""Sub5-10 questions.docx"", ""source_module"": ""M6"", ""fmt"": ""docx"", ""module"": ""M6"", ""difficulty"": ""MEDIUM""}"
M6,M6.6.1(c),,How are dangerous pipe contents indicated in the marking system?,By red tape,By a solid black line,,,,MEDIUM,,,,DRAFT,NEEDS_ANSWER — answer not provided in source; solve via Suntech corpus or admin review,1,Sub5-10 questions.docx,"{""raw"": ""15. How are dangerous pipe contents indicated in the marking system?\n   a) By red tape  \n   **b) By using a skull and crossbones symbol**  \n   c) By a solid black line\n### Rigid Pipe Assembly:"", ""question"": ""How are dangerous pipe contents indicated in the marking system?"", ""options"": [""By red tape"", ""By a solid black line""], ""correct"": null, ""answer_text"": null, ""category"": null, ""source_file"": ""Sub5-10 questions.docx"", ""source_module"": ""M6"", ""fmt"": ""docx"", ""module"": ""M6"", ""syllabusRef"": ""M6.6.1(c)"", ""level"": null, ""difficulty"": ""MEDIUM""}"
M6,M6.6.1(c),,What is a critical step before installing a rigid pipe assembly?,Flaring both ends,Sanding the pipe ends,,,,MEDIUM,,,,DRAFT,NEEDS_ANSWER — answer not provided in source; solve via Suntech corpus or admin review,1,Sub5-10 questions.docx,"{""raw"": ""16. What is a critical step before installing a rigid pipe assembly?\n   a) Flaring both ends  \n   **b) Ensuring the pipe has the correct bends and fittings installed**  \n   c) Sanding the pipe ends"", ""question"": ""What is a critical step before installing a rigid pipe assembly?"", ""options"": [""Flaring both ends"", ""Sanding the pipe ends""], ""correct"": null, ""answer_text"": null, ""category"": null, ""source_file"": ""Sub5-10 questions.docx"", ""source_module"": ""M6"", ""fmt"": ""docx"", ""module"": ""M6"", ""syllabusRef"": ""M6.6.1(c)"", ""level"": null, ""difficulty"": ""MEDIUM""}"
M6,M6.6.1(c),,"17. When repairing a rigid pipe, what is generally not allowed?",Cutting the pipe to length,Replacing fittings,,,,MEDIUM,,,,DRAFT,NEEDS_ANSWER — answer not provided in source; solve via Suntech corpus or admin review,1,Sub5-10 questions.docx,"{""raw"": ""17. When repairing a rigid pipe, what is generally not allowed?\n   **a) Heating and bending the pipe without specific approvals**  \n   b) Cutting the pipe to length  \n   c) Replacing fittings"", ""question"": ""17. When repairing a rigid pipe, what is generally not allowed?"", ""options"": [""Cutting the pipe to length"", ""Replacing fittings""], ""correct"": null, ""answer_text"": null, ""category"": null, ""source_file"": ""Sub5-10 questions.docx"", ""source_module"": ""M6"", ""fmt"": ""docx"", ""module"": ""M6"", ""syllabusRef"": ""M6.6.1(c)"", ""level"": null, ""difficulty"": ""MEDIUM""}"
M6,M6.06.06,,18. Which component is often used with rigid pipes to prevent vibration damage?,Teflon tape,Rubber sleeves,,,,MEDIUM,,,,DRAFT,NEEDS_ANSWER — answer not provided in source; solve via Suntech corpus or admin review,1,Sub5-10 questions.docx,"{""raw"": ""18. Which component is often used with rigid pipes to prevent vibration damage?\n   **a) Clamps**  \n   b) Teflon tape  \n   c) Rubber sleeves\n### Flareless Coupling Assembly:"", ""question"": ""18. Which component is often used with rigid pipes to prevent vibration damage?"", ""options"": [""Teflon tape"", ""Rubber sleeves""], ""correct"": null, ""answer_text"": null, ""category"": null, ""source_file"": ""Sub5-10 questions.docx"", ""source_module"": ""M6"", ""fmt"": ""docx"", ""module"": ""M6"", ""syllabusRef"": ""M6.06.06"", ""level"": null, ""difficulty"": ""MEDIUM""}"
M6,M6.6.1(c),,19. What is the primary concern when pre-setting a flareless coupling?,Tightening the nut as much as possible,Lubricating the pipe,,,,MEDIUM,,,,DRAFT,NEEDS_ANSWER — answer not provided in source; solve via Suntech corpus or admin review,1,Sub5-10 questions.docx,"{""raw"": ""19. What is the primary concern when pre-setting a flareless coupling?\n   **a) Ensuring the sleeve bites evenly into the pipe**  \n   b) Tightening the nut as much as possible  \n   c) Lubricating the pipe"", ""question"": ""19. What is the primary concern when pre-setting a flareless coupling?"", ""options"": [""Tightening the nut as much as possible"", ""Lubricating the pipe""], ""correct"": null, ""answer_text"": null, ""category"": null, ""source_file"": ""Sub5-10 questions.docx"", ""source_module"": ""M6"", ""fmt"": ""docx"", ""module"": ""M6"", ""syllabusRef"": ""M6.6.1(c)"", ""level"": null, ""difficulty"": ""MEDIUM""}"
M6,M6.6.1(c),,How can you check if a flareless coupling has been properly pre-set?,By loosening and retightening the nut,By applying hydraulic fluid,,,,MEDIUM,,,,DRAFT,NEEDS_ANSWER — answer not provided in source; solve via Suntech corpus or admin review,1,Sub5-10 questions.docx,"{""raw"": ""20. How can you check if a flareless coupling has been properly pre-set?\n   a) By loosening and retightening the nut  \n   **b) By checking if the sleeve is bowed and gripping the tube**  \n   c) By applying hydraulic fluid"", ""question"": ""How can you check if a flareless coupling has been properly pre-set?"", ""options"": [""By loosening and retightening the nut"", ""By applying hydraulic fluid""], ""correct"": null, ""answer_text"": null, ""category"": null, ""source_file"": ""Sub5-10 questions.docx"", ""source_module"": ""M6"", ""fmt"": ""docx"", ""module"": ""M6"", ""syllabusRef"": ""M6.6.1(c)"", ""level"": null, ""difficulty"": ""MEDIUM""}"
M6,M6.6.1(c),,What should be done if a flareless coupling joint leaks after installation?,Tighten the nut further,Replace the entire coupling,,,,MEDIUM,,,,DRAFT,NEEDS_ANSWER — answer not provided in source; solve via Suntech corpus or admin review,1,Sub5-10 questions.docx,"{""raw"": ""21. What should be done if a flareless coupling joint leaks after installation?\n   a) Tighten the nut further  \n   **b) Inspect the joint for foreign material or damage**  \n   c) Replace the entire coupling\n### Flared Pipe Coupling Assembly:"", ""question"": ""What should be done if a flareless coupling joint leaks after installation?"", ""options"": [""Tighten the nut further"", ""Replace the entire coupling""], ""correct"": null, ""answer_text"": null, ""category"": null, ""source_file"": ""Sub5-10 questions.docx"", ""source_module"": ""M6"", ""fmt"": ""docx"", ""module"": ""M6"", ""syllabusRef"": ""M6.6.1(c)"", ""level"": null, ""difficulty"": ""MEDIUM""}"
M6,M6.6.1(C),,22. What is the consequence of over-flaring a pipe for a flared coupling?,The pipe will be stronger,The pipe will fit more securely,,,,MEDIUM,,,,DRAFT,NEEDS_ANSWER — answer not provided in source; solve via Suntech corpus or admin review,1,Sub5-10 questions.docx,"{""raw"": ""22. What is the consequence of over-flaring a pipe for a flared coupling?\n   **a) The pipe end may crack, causing potential leaks**  \n   b) The pipe will be stronger  \n   c) The pipe will fit more securely"", ""question"": ""22. What is the consequence of over-flaring a pipe for a flared coupling?"", ""options"": [""The pipe will be stronger"", ""The pipe will fit more securely""], ""correct"": null, ""answer_text"": null, ""category"": null, ""source_file"": ""Sub5-10 questions.docx"", ""source_module"": ""M6"", ""fmt"": ""docx"", ""module"": ""M6"", ""syllabusRef"": ""M6.6.1(C)"", ""level"": null, ""difficulty"": ""MEDIUM""}"
M6,,,23. Why is a 37° flare used in AN fittings rather than a 45° flare?,It requires less material to manufacture,It is easier to install,,,,MEDIUM,,,,DRAFT,NEEDS_ANSWER — answer not provided in source; solve via Suntech corpus or admin review,1,Sub5-10 questions.docx,"{""raw"": ""23. Why is a 37° flare used in AN fittings rather than a 45° flare?\n   **a) It provides better sealing and durability under pressure**  \n   b) It requires less material to manufacture  \n   c) It is easier to install"", ""question"": ""23. Why is a 37° flare used in AN fittings rather than a 45° flare?"", ""options"": [""It requires less material to manufacture"", ""It is easier to install""], ""correct"": null, ""answer_text"": null, ""category"": null, ""source_file"": ""Sub5-10 questions.docx"", ""source_module"": ""M6"", ""fmt"": ""docx"", ""module"": ""M6"", ""difficulty"": ""MEDIUM""}"
M6,,,What material is commonly used in American AN fittings?,Brass,Plastic,,,,MEDIUM,,,,DRAFT,NEEDS_ANSWER — answer not provided in source; solve via Suntech corpus or admin review,1,Sub5-10 questions.docx,"{""raw"": ""24. What material is commonly used in American AN fittings?\n   a) Brass  \n   **b) Aluminum and steel**  \n   c) Plastic\n### Pipe Systems in Aircraft:"", ""question"": ""What material is commonly used in American AN fittings?"", ""options"": [""Brass"", ""Plastic""], ""correct"": null, ""answer_text"": null, ""category"": null, ""source_file"": ""Sub5-10 questions.docx"", ""source_module"": ""M6"", ""fmt"": ""docx"", ""module"": ""M6"", ""difficulty"": ""MEDIUM""}"
M6,M6.06.04,,25. Why are fuel pipes in aircraft systems often flared or beaded at the ends?,To reduce weight,To prevent corrosion,,,,MEDIUM,,,,DRAFT,NEEDS_ANSWER — answer not provided in source; solve via Suntech corpus or admin review,1,Sub5-10 questions.docx,"{""raw"": ""25. Why are fuel pipes in aircraft systems often flared or beaded at the ends?\n   **a) To ensure a secure connection with the couplings**  \n   b) To reduce weight  \n   c) To prevent corrosion"", ""question"": ""25. Why are fuel pipes in aircraft systems often flared or beaded at the ends?"", ""options"": [""To reduce weight"", ""To prevent corrosion""], ""correct"": null, ""answer_text"": null, ""category"": null, ""source_file"": ""Sub5-10 questions.docx"", ""source_module"": ""M6"", ""fmt"": ""docx"", ""module"": ""M6"", ""syllabusRef"": ""M6.06.04"", ""level"": null, ""difficulty"": ""MEDIUM""}"
M6,M6.06.01,,"What is the risk of using inverted ""U"" bends in fluid systems?",Reduces fluid pressure,Causes excess wear on the pipes,,,,MEDIUM,,,,DRAFT,NEEDS_ANSWER — answer not provided in source; solve via Suntech corpus or admin review,1,Sub5-10 questions.docx,"{""raw"": ""26. What is the risk of using inverted \""U\"" bends in fluid systems?\n   a) Reduces fluid pressure  \n   **b) Can cause vapor locks, leading to system malfunctions**  \n   c) Causes excess wear on the pipes"", ""question"": ""What is the risk of using inverted \""U\"" bends in fluid systems?"", ""options"": [""Reduces fluid pressure"", ""Causes excess wear on the pipes""], ""correct"": null, ""answer_text"": null, ""category"": null, ""source_file"": ""Sub5-10 questions.docx"", ""source_module"": ""M6"", ""fmt"": ""docx"", ""module"": ""M6"", ""syllabusRef"": ""M6.06.01"", ""level"": null, ""difficulty"": ""MEDIUM""}"
M6,M6.6.1(c),,What must be done to prevent cross-connection in pipe systems?,Color-code the pipes,Label each pipe manually,,,,MEDIUM,,,,DRAFT,NEEDS_ANSWER — answer not provided in source; solve via Suntech corpus or admin review,1,Sub5-10 questions.docx,"{""raw"": ""27. What must be done to prevent cross-connection in pipe systems?\n   a) Color-code the pipes  \n   **b) Use different sizes or lengths of pipe couplings**  \n   c) Label each pipe manually\n### Pipe System Maintenance:"", ""question"": ""What must be done to prevent cross-connection in pipe systems?"", ""options"": [""Color-code the pipes"", ""Label each pipe manually""], ""correct"": null, ""answer_text"": null, ""category"": null, ""source_file"": ""Sub5-10 questions.docx"", ""source_module"": ""M6"", ""fmt"": ""docx"", ""module"": ""M6"", ""syllabusRef"": ""M6.6.1(c)"", ""level"": null, ""difficulty"": ""MEDIUM""}"
M6,M6.06.01,,28. What should be inspected regularly in pipe systems?,Color of the pipes,Length of the pipes,,,,MEDIUM,,,,DRAFT,NEEDS_ANSWER — answer not provided in source; solve via Suntech corpus or admin review,1,Sub5-10 questions.docx,"{""raw"": ""28. What should be inspected regularly in pipe systems?\n   **a) Tightness of fittings and condition of the pipes**  \n   b) Color of the pipes  \n   c) Length of the pipes"", ""question"": ""28. What should be inspected regularly in pipe systems?"", ""options"": [""Color of the pipes"", ""Length of the pipes""], ""correct"": null, ""answer_text"": null, ""category"": null, ""source_file"": ""Sub5-10 questions.docx"", ""source_module"": ""M6"", ""fmt"": ""docx"", ""module"": ""M6"", ""syllabusRef"": ""M6.06.01"", ""level"": null, ""difficulty"": ""MEDIUM""}"
M6,M6.06.02,,Which pipe material is most likely to require regular inspections for fatigue?,Titanium,Tungsten,,,,MEDIUM,,,,DRAFT,NEEDS_ANSWER — answer not provided in source; solve via Suntech corpus or admin review,1,Sub5-10 questions.docx,"{""raw"": ""29. Which pipe material is most likely to require regular inspections for fatigue?\n   a) Titanium  \n   **b) Aluminum alloy**  \n   c) Tungsten"", ""question"": ""Which pipe material is most likely to require regular inspections for fatigue?"", ""options"": [""Titanium"", ""Tungsten""], ""correct"": null, ""answer_text"": null, ""category"": null, ""source_file"": ""Sub5-10 questions.docx"", ""source_module"": ""M6"", ""fmt"": ""docx"", ""module"": ""M6"", ""syllabusRef"": ""M6.06.02"", ""level"": null, ""difficulty"": ""MEDIUM""}"
M6,M6.6.1(c),,What is the first step in troubleshooting a leaking pipe system?,Replace the leaking section,Flush the system with water,,,,MEDIUM,,,,DRAFT,NEEDS_ANSWER — answer not provided in source; solve via Suntech corpus or admin review,1,Sub5-10 questions.docx,"{""raw"": ""30. What is the first step in troubleshooting a leaking pipe system?\n   a) Replace the leaking section  \n   **b) Check the fittings and couplings for tightness and damage**  \n   c) Flush the system with water\n### Spring Types:"", ""question"": ""What is the first step in troubleshooting a leaking pipe system?"", ""options"": [""Replace the leaking section"", ""Flush the system with water""], ""correct"": null, ""answer_text"": null, ""category"": null, ""source_file"": ""Sub5-10 questions.docx"", ""source_module"": ""M6"", ""fmt"": ""docx"", ""module"": ""M6"", ""syllabusRef"": ""M6.6.1(c)"", ""level"": null, ""difficulty"": ""MEDIUM""}"
M6,M6.6.1(c),,What is the primary function of a compression spring?,To resist tension,To store energy through bending,,,,MEDIUM,,,,DRAFT,NEEDS_ANSWER — answer not provided in source; solve via Suntech corpus or admin review,1,Sub5-10 questions.docx,"{""raw"": ""1. What is the primary function of a compression spring?\n   a) To resist tension  \n   **b) To resist compression**  \n   c) To store energy through bending"", ""question"": ""What is the primary function of a compression spring?"", ""options"": [""To resist tension"", ""To store energy through bending""], ""correct"": null, ""answer_text"": null, ""category"": null, ""source_file"": ""Sub5-10 questions.docx"", ""source_module"": ""M6"", ""fmt"": ""docx"", ""module"": ""M6"", ""syllabusRef"": ""M6.6.1(c)"", ""level"": null, ""difficulty"": ""MEDIUM""}"
M6,M6.06.07,,2. Which of the following is a key feature of extension springs?,They are used in torsional applications,They are used in high-temperature environments,,,,MEDIUM,,,,DRAFT,NEEDS_ANSWER — answer not provided in source; solve via Suntech corpus or admin review,1,Sub5-10 questions.docx,"{""raw"": ""2. Which of the following is a key feature of extension springs?\n   **a) They have hooks or loops at both ends**  \n   b) They are used in torsional applications  \n   c) They are used in high-temperature environments"", ""question"": ""2. Which of the following is a key feature of extension springs?"", ""options"": [""They are used in torsional applications"", ""They are used in high-temperature environments""], ""correct"": null, ""answer_text"": null, ""category"": null, ""source_file"": ""Sub5-10 questions.docx"", ""source_module"": ""M6"", ""fmt"": ""docx"", ""module"": ""M6"", ""syllabusRef"": ""M6.06.07"", ""level"": null, ""difficulty"": ""MEDIUM""}"
M6,M6.6.1(c),,3. What is the purpose of a Belleville (cone disc) spring?,To absorb bending forces,To store torsional energy,,,,MEDIUM,,,,DRAFT,NEEDS_ANSWER — answer not provided in source; solve via Suntech corpus or admin review,1,Sub5-10 questions.docx,"{""raw"": ""3. What is the purpose of a Belleville (cone disc) spring?\n   a) To absorb bending forces  \n   b) To store torsional energy  \n   **c) To provide a high load in a small space**"", ""question"": ""3. What is the purpose of a Belleville (cone disc) spring?"", ""options"": [""To absorb bending forces"", ""To store torsional energy""], ""correct"": null, ""answer_text"": null, ""category"": null, ""source_file"": ""Sub5-10 questions.docx"", ""source_module"": ""M6"", ""fmt"": ""docx"", ""module"": ""M6"", ""syllabusRef"": ""M6.6.1(c)"", ""level"": null, ""difficulty"": ""MEDIUM""}"
M6,M6.6.1(C),,What is a key characteristic of a torsion spring?,It resists compressive forces,It acts as a buffer for vibrations,,,,MEDIUM,,,,DRAFT,NEEDS_ANSWER — answer not provided in source; solve via Suntech corpus or admin review,1,Sub5-10 questions.docx,"{""raw"": ""4. What is a key characteristic of a torsion spring?\n   a) It resists compressive forces  \n   **b) It stores energy through twisting**  \n   c) It acts as a buffer for vibrations"", ""question"": ""What is a key characteristic of a torsion spring?"", ""options"": [""It resists compressive forces"", ""It acts as a buffer for vibrations""], ""correct"": null, ""answer_text"": null, ""category"": null, ""source_file"": ""Sub5-10 questions.docx"", ""source_module"": ""M6"", ""fmt"": ""docx"", ""module"": ""M6"", ""syllabusRef"": ""M6.6.1(C)"", ""level"": null, ""difficulty"": ""MEDIUM""}"
M6,,,Which spring type is often used when space is limited?,Helical tension spring,Leaf spring,,,,MEDIUM,,,,DRAFT,NEEDS_ANSWER — answer not provided in source; solve via Suntech corpus or admin review,1,Sub5-10 questions.docx,"{""raw"": ""5. Which spring type is often used when space is limited?\n   a) Helical tension spring  \n   **b) Conical compression spring**  \n   c) Leaf spring"", ""question"": ""Which spring type is often used when space is limited?"", ""options"": [""Helical tension spring"", ""Leaf spring""], ""correct"": null, ""answer_text"": null, ""category"": null, ""source_file"": ""Sub5-10 questions.docx"", ""source_module"": ""M6"", ""fmt"": ""docx"", ""module"": ""M6"", ""difficulty"": ""MEDIUM""}"
M6,M6.06.07,,6. Which of the following springs is known for its ability to return to its original shape after deformation?,Conical spring,Spiral spring,,,,MEDIUM,,,,DRAFT,NEEDS_ANSWER — answer not provided in source; solve via Suntech corpus or admin review,1,Sub5-10 questions.docx,"{""raw"": ""6. Which of the following springs is known for its ability to return to its original shape after deformation?\n   **a) Flat spring**  \n   b) Conical spring  \n   c) Spiral spring"", ""question"": ""6. Which of the following springs is known for its ability to return to its original shape after deformation?"", ""options"": [""Conical spring"", ""Spiral spring""], ""correct"": null, ""answer_text"": null, ""category"": null, ""source_file"": ""Sub5-10 questions.docx"", ""source_module"": ""M6"", ""fmt"": ""docx"", ""module"": ""M6"", ""syllabusRef"": ""M6.06.07"", ""level"": null, ""difficulty"": ""MEDIUM""}"
M6,M6.06.07,,Which material is commonly used in high-stress springs such as valve springs?,Aluminum alloy,Plastic,,,,MEDIUM,,,,DRAFT,NEEDS_ANSWER — answer not provided in source; solve via Suntech corpus or admin review,1,Sub5-10 questions.docx,"{""raw"": ""7. Which material is commonly used in high-stress springs such as valve springs?\n   a) Aluminum alloy  \n   **b) Chrome-silicon steel**  \n   c) Plastic"", ""question"": ""Which material is commonly used in high-stress springs such as valve springs?"", ""options"": [""Aluminum alloy"", ""Plastic""], ""correct"": null, ""answer_text"": null, ""category"": null, ""source_file"": ""Sub5-10 questions.docx"", ""source_module"": ""M6"", ""fmt"": ""docx"", ""module"": ""M6"", ""syllabusRef"": ""M6.06.07"", ""level"": null, ""difficulty"": ""MEDIUM""}"
M6,,,What defines a progressive rate spring?,A spring that has a uniform spacing between coils,A spring that is entirely flat,,,,MEDIUM,,,,DRAFT,NEEDS_ANSWER — answer not provided in source; solve via Suntech corpus or admin review,1,Sub5-10 questions.docx,"{""raw"": ""8. What defines a progressive rate spring?\n   a) A spring that has a uniform spacing between coils  \n   **b) A spring with varying coil spacing for variable stiffness**  \n   c) A spring that is entirely flat"", ""question"": ""What defines a progressive rate spring?"", ""options"": [""A spring that has a uniform spacing between coils"", ""A spring that is entirely flat""], ""correct"": null, ""answer_text"": null, ""category"": null, ""source_file"": ""Sub5-10 questions.docx"", ""source_module"": ""M6"", ""fmt"": ""docx"", ""module"": ""M6"", ""difficulty"": ""MEDIUM""}"
M6,M6.6.1(c),,What is the benefit of using a conical compression spring?,Increased tension strength,Even load distribution,,,,MEDIUM,,,,DRAFT,NEEDS_ANSWER — answer not provided in source; solve via Suntech corpus or admin review,1,Sub5-10 questions.docx,"{""raw"": ""9. What is the benefit of using a conical compression spring?\n   a) Increased tension strength  \n   **b) Compactness in fully compressed state**  \n   c) Even load distribution\n### Application of Springs:"", ""question"": ""What is the benefit of using a conical compression spring?"", ""options"": [""Increased tension strength"", ""Even load distribution""], ""correct"": null, ""answer_text"": null, ""category"": null, ""source_file"": ""Sub5-10 questions.docx"", ""source_module"": ""M6"", ""fmt"": ""docx"", ""module"": ""M6"", ""syllabusRef"": ""M6.6.1(c)"", ""level"": null, ""difficulty"": ""MEDIUM""}"
M6,M6.06.07,,10. What type of spring is typically used in aircraft landing gear systems?,Spiral springs,Torsion springs,,,,MEDIUM,,,,DRAFT,NEEDS_ANSWER — answer not provided in source; solve via Suntech corpus or admin review,1,Sub5-10 questions.docx,"{""raw"": ""10. What type of spring is typically used in aircraft landing gear systems?\n   **a) Compression springs**  \n   b) Spiral springs  \n   c) Torsion springs"", ""question"": ""10. What type of spring is typically used in aircraft landing gear systems?"", ""options"": [""Spiral springs"", ""Torsion springs""], ""correct"": null, ""answer_text"": null, ""category"": null, ""source_file"": ""Sub5-10 questions.docx"", ""source_module"": ""M6"", ""fmt"": ""docx"", ""module"": ""M6"", ""syllabusRef"": ""M6.06.07"", ""level"": null, ""difficulty"": ""MEDIUM""}"
M6,M6.06.09,,Where are Belleville washers typically used in an aircraft?,In vibration-dampening systems,As part of seat-adjustment mechanisms,,,,MEDIUM,,,,DRAFT,NEEDS_ANSWER — answer not provided in source; solve via Suntech corpus or admin review,1,Sub5-10 questions.docx,"{""raw"": ""11. Where are Belleville washers typically used in an aircraft?\n   a) In vibration-dampening systems  \n   **b) As wheel brake return springs**  \n   c) As part of seat-adjustment mechanisms"", ""question"": ""Where are Belleville washers typically used in an aircraft?"", ""options"": [""In vibration-dampening systems"", ""As part of seat-adjustment mechanisms""], ""correct"": null, ""answer_text"": null, ""category"": null, ""source_file"": ""Sub5-10 questions.docx"", ""source_module"": ""M6"", ""fmt"": ""docx"", ""module"": ""M6"", ""syllabusRef"": ""M6.06.09"", ""level"": null, ""difficulty"": ""MEDIUM""}"
M6,,,What spring is often used in instruments to prevent gear backlash?,Conical spring,Compression spring,,,,MEDIUM,,,,DRAFT,NEEDS_ANSWER — answer not provided in source; solve via Suntech corpus or admin review,1,Sub5-10 questions.docx,"{""raw"": ""12. What spring is often used in instruments to prevent gear backlash?\n   a) Conical spring  \n   **b) Spiral spring**  \n   c) Compression spring"", ""question"": ""What spring is often used in instruments to prevent gear backlash?"", ""options"": [""Conical spring"", ""Compression spring""], ""correct"": null, ""answer_text"": null, ""category"": null, ""source_file"": ""Sub5-10 questions.docx"", ""source_module"": ""M6"", ""fmt"": ""docx"", ""module"": ""M6"", ""difficulty"": ""MEDIUM""}"
M6,M6.06.07,,13. What type of spring is typically used in aircraft control surface return mechanisms?,Torsion springs,Belleville washers,,,,MEDIUM,,,,DRAFT,NEEDS_ANSWER — answer not provided in source; solve via Suntech corpus or admin review,1,Sub5-10 questions.docx,"{""raw"": ""13. What type of spring is typically used in aircraft control surface return mechanisms?\n   **a) Tension springs**  \n   b) Torsion springs  \n   c) Belleville washers"", ""question"": ""13. What type of spring is typically used in aircraft control surface return mechanisms?"", ""options"": [""Torsion springs"", ""Belleville washers""], ""correct"": null, ""answer_text"": null, ""category"": null, ""source_file"": ""Sub5-10 questions.docx"", ""source_module"": ""M6"", ""fmt"": ""docx"", ""module"": ""M6"", ""syllabusRef"": ""M6.06.07"", ""level"": null, ""difficulty"": ""MEDIUM""}"
M6,M6.06.07,,Why are double torsion springs used in some aircraft applications?,For increased resistance to compressive loads,To reduce wear on bearings,,,,MEDIUM,,,,DRAFT,NEEDS_ANSWER — answer not provided in source; solve via Suntech corpus or admin review,1,Sub5-10 questions.docx,"{""raw"": ""14. Why are double torsion springs used in some aircraft applications?\n   a) For increased resistance to compressive loads  \n   **b) To provide balanced torque from opposite directions**  \n   c) To reduce wear on bearings"", ""question"": ""Why are double torsion springs used in some aircraft applications?"", ""options"": [""For increased resistance to compressive loads"", ""To reduce wear on bearings""], ""correct"": null, ""answer_text"": null, ""category"": null, ""source_file"": ""Sub5-10 questions.docx"", ""source_module"": ""M6"", ""fmt"": ""docx"", ""module"": ""M6"", ""syllabusRef"": ""M6.06.07"", ""level"": null, ""difficulty"": ""MEDIUM""}"
M6,M6.06.09,,Which spring type is used in power flying control artificial feel units?,Leaf spring,Flat spring,,,,MEDIUM,,,,DRAFT,NEEDS_ANSWER — answer not provided in source; solve via Suntech corpus or admin review,1,Sub5-10 questions.docx,"{""raw"": ""15. Which spring type is used in power flying control artificial feel units?\n   a) Leaf spring  \n   **b) Compression spring**  \n   c) Flat spring"", ""question"": ""Which spring type is used in power flying control artificial feel units?"", ""options"": [""Leaf spring"", ""Flat spring""], ""correct"": null, ""answer_text"": null, ""category"": null, ""source_file"": ""Sub5-10 questions.docx"", ""source_module"": ""M6"", ""fmt"": ""docx"", ""module"": ""M6"", ""syllabusRef"": ""M6.06.09"", ""level"": null, ""difficulty"": ""MEDIUM""}"
M6,M6.06.01,,16. Why are progressive rate springs commonly used in engine valve systems?,To provide constant tension,To increase the valve opening speed,,,,MEDIUM,,,,DRAFT,NEEDS_ANSWER — answer not provided in source; solve via Suntech corpus or admin review,1,Sub5-10 questions.docx,"{""raw"": ""16. Why are progressive rate springs commonly used in engine valve systems?\n   **a) To prevent valve bounce at high engine speeds**  \n   b) To provide constant tension  \n   c) To increase the valve opening speed"", ""question"": ""16. Why are progressive rate springs commonly used in engine valve systems?"", ""options"": [""To provide constant tension"", ""To increase the valve opening speed""], ""correct"": null, ""answer_text"": null, ""category"": null, ""source_file"": ""Sub5-10 questions.docx"", ""source_module"": ""M6"", ""fmt"": ""docx"", ""module"": ""M6"", ""syllabusRef"": ""M6.06.01"", ""level"": null, ""difficulty"": ""MEDIUM""}"
M6,M6.06.07,,17. What is a common application of multi-cup (Belleville) springs in aircraft?,In control surface linkages,In the fuel system,,,,MEDIUM,,,,DRAFT,NEEDS_ANSWER — answer not provided in source; solve via Suntech corpus or admin review,1,Sub5-10 questions.docx,"{""raw"": ""17. What is a common application of multi-cup (Belleville) springs in aircraft?\n   a) In control surface linkages  \n   b) In the fuel system  \n   **c) In hydraulic components like ball-type non-return valves**"", ""question"": ""17. What is a common application of multi-cup (Belleville) springs in aircraft?"", ""options"": [""In control surface linkages"", ""In the fuel system""], ""correct"": null, ""answer_text"": null, ""category"": null, ""source_file"": ""Sub5-10 questions.docx"", ""source_module"": ""M6"", ""fmt"": ""docx"", ""module"": ""M6"", ""syllabusRef"": ""M6.06.07"", ""level"": null, ""difficulty"": ""MEDIUM""}"
M6,M6.06.07,,Where are torsion springs typically used in aircraft systems?,In landing gear shock absorbers,In brake return mechanisms,,,,MEDIUM,,,,DRAFT,NEEDS_ANSWER — answer not provided in source; solve via Suntech corpus or admin review,1,Sub5-10 questions.docx,"{""raw"": ""18. Where are torsion springs typically used in aircraft systems?\n   a) In landing gear shock absorbers  \n   **b) In seat adjustment and hatch release mechanisms**  \n   c) In brake return mechanisms"", ""question"": ""Where are torsion springs typically used in aircraft systems?"", ""options"": [""In landing gear shock absorbers"", ""In brake return mechanisms""], ""correct"": null, ""answer_text"": null, ""category"": null, ""source_file"": ""Sub5-10 questions.docx"", ""source_module"": ""M6"", ""fmt"": ""docx"", ""module"": ""M6"", ""syllabusRef"": ""M6.06.07"", ""level"": null, ""difficulty"": ""MEDIUM""}"
M6,M6.6.1(c),,19. What is the function of a conical spring in a hydraulic system?,It maintains fuel pressure,It absorbs excess hydraulic fluid,,,,MEDIUM,,,,DRAFT,NEEDS_ANSWER — answer not provided in source; solve via Suntech corpus or admin review,1,Sub5-10 questions.docx,"{""raw"": ""19. What is the function of a conical spring in a hydraulic system?\n   **a) It is used in non-return valve applications**  \n   b) It maintains fuel pressure  \n   c) It absorbs excess hydraulic fluid"", ""question"": ""19. What is the function of a conical spring in a hydraulic system?"", ""options"": [""It maintains fuel pressure"", ""It absorbs excess hydraulic fluid""], ""correct"": null, ""answer_text"": null, ""category"": null, ""source_file"": ""Sub5-10 questions.docx"", ""source_module"": ""M6"", ""fmt"": ""docx"", ""module"": ""M6"", ""syllabusRef"": ""M6.6.1(c)"", ""level"": null, ""difficulty"": ""MEDIUM""}"
M6,M6.06.07,,Where are leaf springs primarily used in aircraft?,As flight control linkages,In cockpit instrumentation,,,,MEDIUM,,,,DRAFT,NEEDS_ANSWER — answer not provided in source; solve via Suntech corpus or admin review,1,Sub5-10 questions.docx,"{""raw"": ""20. Where are leaf springs primarily used in aircraft?\n   a) As flight control linkages  \n   **b) In tailwheel shock absorbers**  \n   c) In cockpit instrumentation"", ""question"": ""Where are leaf springs primarily used in aircraft?"", ""options"": [""As flight control linkages"", ""In cockpit instrumentation""], ""correct"": null, ""answer_text"": null, ""category"": null, ""source_file"": ""Sub5-10 questions.docx"", ""source_module"": ""M6"", ""fmt"": ""docx"", ""module"": ""M6"", ""syllabusRef"": ""M6.06.07"", ""level"": null, ""difficulty"": ""MEDIUM""}"
M6,M6.06.04,,Why is music wire commonly used in small springs with high fatigue stresses?,It is corrosion resistant,It is lightweight,,,,MEDIUM,,,,DRAFT,NEEDS_ANSWER — answer not provided in source; solve via Suntech corpus or admin review,1,Sub5-10 questions.docx,"{""raw"": ""21. Why is music wire commonly used in small springs with high fatigue stresses?\n   a) It is corrosion resistant  \n   **b) It offers excellent elasticity and fatigue resistance**  \n   c) It is lightweight"", ""question"": ""Why is music wire commonly used in small springs with high fatigue stresses?"", ""options"": [""It is corrosion resistant"", ""It is lightweight""], ""correct"": null, ""answer_text"": null, ""category"": null, ""source_file"": ""Sub5-10 questions.docx"", ""source_module"": ""M6"", ""fmt"": ""docx"", ""module"": ""M6"", ""syllabusRef"": ""M6.06.04"", ""level"": null, ""difficulty"": ""MEDIUM""}"
M6,M6.06.09,,What characteristic defines a flat spring in an aircraft system?,It is primarily used in torsional applications,It provides constant load over a short distance,,,,MEDIUM,,,,DRAFT,NEEDS_ANSWER — answer not provided in source; solve via Suntech corpus or admin review,1,Sub5-10 questions.docx,"{""raw"": ""22. What characteristic defines a flat spring in an aircraft system?\n   a) It is primarily used in torsional applications  \n   **b) It is made from flat, rectangular spring steel**  \n   c) It provides constant load over a short distance"", ""question"": ""What characteristic defines a flat spring in an aircraft system?"", ""options"": [""It is primarily used in torsional applications"", ""It provides constant load over a short distance""], ""correct"": null, ""answer_text"": null, ""category"": null, ""source_file"": ""Sub5-10 questions.docx"", ""source_module"": ""M6"", ""fmt"": ""docx"", ""module"": ""M6"", ""syllabusRef"": ""M6.06.09"", ""level"": null, ""difficulty"": ""MEDIUM""}"
M6,M6.06.07,,23. Where would you commonly find spiral springs in aircraft systems?,In high-pressure hydraulic systems,In landing gear assemblies,,,,MEDIUM,,,,DRAFT,NEEDS_ANSWER — answer not provided in source; solve via Suntech corpus or admin review,1,Sub5-10 questions.docx,"{""raw"": ""23. Where would you commonly find spiral springs in aircraft systems?\n   **a) In clocks and instrument mechanisms**  \n   b) In high-pressure hydraulic systems  \n   c) In landing gear assemblies"", ""question"": ""23. Where would you commonly find spiral springs in aircraft systems?"", ""options"": [""In high-pressure hydraulic systems"", ""In landing gear assemblies""], ""correct"": null, ""answer_text"": null, ""category"": null, ""source_file"": ""Sub5-10 questions.docx"", ""source_module"": ""M6"", ""fmt"": ""docx"", ""module"": ""M6"", ""syllabusRef"": ""M6.06.07"", ""level"": null, ""difficulty"": ""MEDIUM""}"
M6,M6.06.07,,What is a primary application of cylindrical helical torsion springs?,To prevent over-extension of control surfaces,To maintain hydraulic pressure in brake systems,,,,MEDIUM,,,,DRAFT,NEEDS_ANSWER — answer not provided in source; solve via Suntech corpus or admin review,1,Sub5-10 questions.docx,"{""raw"": ""24. What is a primary application of cylindrical helical torsion springs?\n   a) To prevent over-extension of control surfaces  \n   **b) To provide torque in systems like seat adjusters**  \n   c) To maintain hydraulic pressure in brake systems"", ""question"": ""What is a primary application of cylindrical helical torsion springs?"", ""options"": [""To prevent over-extension of control surfaces"", ""To maintain hydraulic pressure in brake systems""], ""correct"": null, ""answer_text"": null, ""category"": null, ""source_file"": ""Sub5-10 questions.docx"", ""source_module"": ""M6"", ""fmt"": ""docx"", ""module"": ""M6"", ""syllabusRef"": ""M6.06.07"", ""level"": null, ""difficulty"": ""MEDIUM""}"
M6,M6.06.01,,What makes Belleville washers suitable for use in braking systems?,Their ability to provide tension over a wide range of movement,Their lightweight design,,,,MEDIUM,,,,DRAFT,NEEDS_ANSWER — answer not provided in source; solve via Suntech corpus or admin review,1,Sub5-10 questions.docx,"{""raw"": ""25. What makes Belleville washers suitable for use in braking systems?\n   a) Their ability to provide tension over a wide range of movement  \n   **b) Their compact size and high load capacity**  \n   c) Their lightweight design"", ""question"": ""What makes Belleville washers suitable for use in braking systems?"", ""options"": [""Their ability to provide tension over a wide range of movement"", ""Their lightweight design""], ""correct"": null, ""answer_text"": null, ""category"": null, ""source_file"": ""Sub5-10 questions.docx"", ""source_module"": ""M6"", ""fmt"": ""docx"", ""module"": ""M6"", ""syllabusRef"": ""M6.06.01"", ""level"": null, ""difficulty"": ""MEDIUM""}"
M6,M6.06.07,,Which of the following springs is best suited for reducing the height of a compressed spring assembly?,Cylindrical helical compression spring,Torsion spring,,,,MEDIUM,,,,DRAFT,NEEDS_ANSWER — answer not provided in source; solve via Suntech corpus or admin review,1,Sub5-10 questions.docx,"{""raw"": ""26. Which of the following springs is best suited for reducing the height of a compressed spring assembly?\n   a) Cylindrical helical compression spring  \n   **b) Conical compression spring**  \n   c) Torsion spring"", ""question"": ""Which of the following springs is best suited for reducing the height of a compressed spring assembly?"", ""options"": [""Cylindrical helical compression spring"", ""Torsion spring""], ""correct"": null, ""answer_text"": null, ""category"": null, ""source_file"": ""Sub5-10 questions.docx"", ""source_module"": ""M6"", ""fmt"": ""docx"", ""module"": ""M6"", ""syllabusRef"": ""M6.06.07"", ""level"": null, ""difficulty"": ""MEDIUM""}"
M6,M6.06.07,,27. Where are flat springs most likely to be found in an aircraft engine?,In the fuel injection system,In the landing gear,,,,MEDIUM,,,,DRAFT,NEEDS_ANSWER — answer not provided in source; solve via Suntech corpus or admin review,1,Sub5-10 questions.docx,"{""raw"": ""27. Where are flat springs most likely to be found in an aircraft engine?\n   **a) In the magneto system**  \n   b) In the fuel injection system  \n   c) In the landing gear"", ""question"": ""27. Where are flat springs most likely to be found in an aircraft engine?"", ""options"": [""In the fuel injection system"", ""In the landing gear""], ""correct"": null, ""answer_text"": null, ""category"": null, ""source_file"": ""Sub5-10 questions.docx"", ""source_module"": ""M6"", ""fmt"": ""docx"", ""module"": ""M6"", ""syllabusRef"": ""M6.06.07"", ""level"": null, ""difficulty"": ""MEDIUM""}"
M6,M6.06.07,,28. Why are cup springs (Belleville washers) sometimes stacked in series?,To reduce spring stiffness,To minimize wear,,,,MEDIUM,,,,DRAFT,NEEDS_ANSWER — answer not provided in source; solve via Suntech corpus or admin review,1,Sub5-10 questions.docx,"{""raw"": ""28. Why are cup springs (Belleville washers) sometimes stacked in series?\n   **a) To increase deflection capacity**  \n   b) To reduce spring stiffness  \n   c) To minimize wear"", ""question"": ""28. Why are cup springs (Belleville washers) sometimes stacked in series?"", ""options"": [""To reduce spring stiffness"", ""To minimize wear""], ""correct"": null, ""answer_text"": null, ""category"": null, ""source_file"": ""Sub5-10 questions.docx"", ""source_module"": ""M6"", ""fmt"": ""docx"", ""module"": ""M6"", ""syllabusRef"": ""M6.06.07"", ""level"": null, ""difficulty"": ""MEDIUM""}"
M6,M6.06.07,,What material is commonly used in high-temperature springs for aircraft engines?,Brass,Titanium,,,,MEDIUM,,,,DRAFT,NEEDS_ANSWER — answer not provided in source; solve via Suntech corpus or admin review,1,Sub5-10 questions.docx,"{""raw"": ""29. What material is commonly used in high-temperature springs for aircraft engines?\n   a) Brass  \n   **b) Chrome vanadium steel**  \n   c) Titanium"", ""question"": ""What material is commonly used in high-temperature springs for aircraft engines?"", ""options"": [""Brass"", ""Titanium""], ""correct"": null, ""answer_text"": null, ""category"": null, ""source_file"": ""Sub5-10 questions.docx"", ""source_module"": ""M6"", ""fmt"": ""docx"", ""module"": ""M6"", ""syllabusRef"": ""M6.06.07"", ""level"": null, ""difficulty"": ""MEDIUM""}"
M6,M6.06.07,,30. Why are leaf springs used less frequently in modern aircraft?,They are difficult to manufacture,They are prone to corrosion,,,,MEDIUM,,,,DRAFT,NEEDS_ANSWER — answer not provided in source; solve via Suntech corpus or admin review,1,Sub5-10 questions.docx,"{""raw"": ""30. Why are leaf springs used less frequently in modern aircraft?\n   **a) More compact and efficient spring types are available**  \n   b) They are difficult to manufacture  \n   c) They are prone to corrosion\n### Angular Contact Bearings:"", ""question"": ""30. Why are leaf springs used less frequently in modern aircraft?"", ""options"": [""They are difficult to manufacture"", ""They are prone to corrosion""], ""correct"": null, ""answer_text"": null, ""category"": null, ""source_file"": ""Sub5-10 questions.docx"", ""source_module"": ""M6"", ""fmt"": ""docx"", ""module"": ""M6"", ""syllabusRef"": ""M6.06.07"", ""level"": null, ""difficulty"": ""MEDIUM""}"
M6,,,1. What type of load do angular contact bearings primarily handle?,Pure radial loads,Pure axial loads,,,,MEDIUM,,,,DRAFT,NEEDS_ANSWER — answer not provided in source; solve via Suntech corpus or admin review,1,Sub5-10 questions.docx,"{""raw"": ""1. What type of load do angular contact bearings primarily handle?\n   **a) Combined axial and radial loads**  \n   b) Pure radial loads  \n   c) Pure axial loads"", ""question"": ""1. What type of load do angular contact bearings primarily handle?"", ""options"": [""Pure radial loads"", ""Pure axial loads""], ""correct"": null, ""answer_text"": null, ""category"": null, ""source_file"": ""Sub5-10 questions.docx"", ""source_module"": ""M6"", ""fmt"": ""docx"", ""module"": ""M6"", ""difficulty"": ""MEDIUM""}"
M6,,,How are angular contact bearings typically installed to handle axial loads in both directions?,"Singly, with an axial load limitation",With additional thrust bearings,,,,MEDIUM,,,,DRAFT,NEEDS_ANSWER — answer not provided in source; solve via Suntech corpus or admin review,1,Sub5-10 questions.docx,"{""raw"": ""2. How are angular contact bearings typically installed to handle axial loads in both directions?\n   a) Singly, with an axial load limitation  \n   **b) In pairs, back-to-back or face-to-face**  \n   c) With additional thrust bearings"", ""question"": ""How are angular contact bearings typically installed to handle axial loads in both directions?"", ""options"": [""Singly, with an axial load limitation"", ""With additional thrust bearings""], ""correct"": null, ""answer_text"": null, ""category"": null, ""source_file"": ""Sub5-10 questions.docx"", ""source_module"": ""M6"", ""fmt"": ""docx"", ""module"": ""M6"", ""difficulty"": ""MEDIUM""}"
M6,,,3. What is a key feature of angular contact ball bearings?,Their use in low-load applications,No axial load capability,,,,MEDIUM,,,,DRAFT,NEEDS_ANSWER — answer not provided in source; solve via Suntech corpus or admin review,1,Sub5-10 questions.docx,"{""raw"": ""3. What is a key feature of angular contact ball bearings?\n   **a) The ability to handle high-speed loads efficiently**  \n   b) Their use in low-load applications  \n   c) No axial load capability\n### Roller Bearings:"", ""question"": ""3. What is a key feature of angular contact ball bearings?"", ""options"": [""Their use in low-load applications"", ""No axial load capability""], ""correct"": null, ""answer_text"": null, ""category"": null, ""source_file"": ""Sub5-10 questions.docx"", ""source_module"": ""M6"", ""fmt"": ""docx"", ""module"": ""M6"", ""difficulty"": ""MEDIUM""}"
M6,M6.6.1(C),,4. What is the primary characteristic of roller bearings compared to ball bearings?,They are used only for high-speed applications,They are more compact in size,,,,MEDIUM,,,,DRAFT,NEEDS_ANSWER — answer not provided in source; solve via Suntech corpus or admin review,1,Sub5-10 questions.docx,"{""raw"": ""4. What is the primary characteristic of roller bearings compared to ball bearings?\n   **a) They have a greater load-carrying capacity due to line contact**  \n   b) They are used only for high-speed applications  \n   c) They are more compact in size"", ""question"": ""4. What is the primary characteristic of roller bearings compared to ball bearings?"", ""options"": [""They are used only for high-speed applications"", ""They are more compact in size""], ""correct"": null, ""answer_text"": null, ""category"": null, ""source_file"": ""Sub5-10 questions.docx"", ""source_module"": ""M6"", ""fmt"": ""docx"", ""module"": ""M6"", ""syllabusRef"": ""M6.6.1(C)"", ""level"": null, ""difficulty"": ""MEDIUM""}"
M6,M6.6.4(b),,Which type of roller bearing is commonly used to handle both radial and axial loads?,Cylindrical roller bearing,Needle roller bearing,,,,MEDIUM,,,,DRAFT,NEEDS_ANSWER — answer not provided in source; solve via Suntech corpus or admin review,1,Sub5-10 questions.docx,"{""raw"": ""5. Which type of roller bearing is commonly used to handle both radial and axial loads?\n   a) Cylindrical roller bearing  \n   **b) Tapered roller bearing**  \n   c) Needle roller bearing"", ""question"": ""Which type of roller bearing is commonly used to handle both radial and axial loads?"", ""options"": [""Cylindrical roller bearing"", ""Needle roller bearing""], ""correct"": null, ""answer_text"": null, ""category"": null, ""source_file"": ""Sub5-10 questions.docx"", ""source_module"": ""M6"", ""fmt"": ""docx"", ""module"": ""M6"", ""syllabusRef"": ""M6.6.4(b)"", ""level"": null, ""difficulty"": ""MEDIUM""}"
M6,,,Why are needle roller bearings advantageous in certain applications?,They handle heavy axial loads,They have low load-carrying capacity,,,,MEDIUM,,,,DRAFT,NEEDS_ANSWER — answer not provided in source; solve via Suntech corpus or admin review,1,Sub5-10 questions.docx,"{""raw"": ""6. Why are needle roller bearings advantageous in certain applications?\n   a) They handle heavy axial loads  \n   **b) They are compact and suitable for space-constrained environments**  \n   c) They have low load-carrying capacity\n### Gear Nomenclature:"", ""question"": ""Why are needle roller bearings advantageous in certain applications?"", ""options"": [""They handle heavy axial loads"", ""They have low load-carrying capacity""], ""correct"": null, ""answer_text"": null, ""category"": null, ""source_file"": ""Sub5-10 questions.docx"", ""source_module"": ""M6"", ""fmt"": ""docx"", ""module"": ""M6"", ""difficulty"": ""MEDIUM""}"
M6,M6.6.1(c),,"7. What does the term ""pitch circle"" refer to in gear nomenclature?",The diameter of the largest gear in a system,The thickness of the gear teeth,,,,MEDIUM,,,,DRAFT,NEEDS_ANSWER — answer not provided in source; solve via Suntech corpus or admin review,1,Sub5-10 questions.docx,"{""raw"": ""7. What does the term \""pitch circle\"" refer to in gear nomenclature?\n   **a) The theoretical circle where power transmission occurs between gears**  \n   b) The diameter of the largest gear in a system  \n   c) The thickness of the gear teeth"", ""question"": ""7. What does the term \""pitch circle\"" refer to in gear nomenclature?"", ""options"": [""The diameter of the largest gear in a system"", ""The thickness of the gear teeth""], ""correct"": null, ""answer_text"": null, ""category"": null, ""source_file"": ""Sub5-10 questions.docx"", ""source_module"": ""M6"", ""fmt"": ""docx"", ""module"": ""M6"", ""syllabusRef"": ""M6.6.1(c)"", ""level"": null, ""difficulty"": ""MEDIUM""}"
M6,M6.6.1(c),,"8. What is the function of the ""addendum"" in a gear tooth?",The base of the gear tooth,The width of the tooth,,,,MEDIUM,,,,DRAFT,NEEDS_ANSWER — answer not provided in source; solve via Suntech corpus or admin review,1,Sub5-10 questions.docx,"{""raw"": ""8. What is the function of the \""addendum\"" in a gear tooth?\n   **a) The portion of the tooth that extends beyond the pitch circle**  \n   b) The base of the gear tooth  \n   c) The width of the tooth"", ""question"": ""8. What is the function of the \""addendum\"" in a gear tooth?"", ""options"": [""The base of the gear tooth"", ""The width of the tooth""], ""correct"": null, ""answer_text"": null, ""category"": null, ""source_file"": ""Sub5-10 questions.docx"", ""source_module"": ""M6"", ""fmt"": ""docx"", ""module"": ""M6"", ""syllabusRef"": ""M6.6.1(c)"", ""level"": null, ""difficulty"": ""MEDIUM""}"
M6,M6.6.1(c),,9. What is the term used to describe the gap between meshing gear teeth?,Pitch diameter,Dedendum,,,,MEDIUM,,,,DRAFT,NEEDS_ANSWER — answer not provided in source; solve via Suntech corpus or admin review,1,Sub5-10 questions.docx,"{""raw"": ""9. What is the term used to describe the gap between meshing gear teeth?\n   **a) Backlash**  \n   b) Pitch diameter  \n   c) Dedendum\n### The Involute Curve:"", ""question"": ""9. What is the term used to describe the gap between meshing gear teeth?"", ""options"": [""Pitch diameter"", ""Dedendum""], ""correct"": null, ""answer_text"": null, ""category"": null, ""source_file"": ""Sub5-10 questions.docx"", ""source_module"": ""M6"", ""fmt"": ""docx"", ""module"": ""M6"", ""syllabusRef"": ""M6.6.1(c)"", ""level"": null, ""difficulty"": ""MEDIUM""}"
M6,M6.6.1(c),,10. What is the significance of the involute curve in gear teeth design?,It reduces gear size,It is used only in low-load applications,,,,MEDIUM,,,,DRAFT,NEEDS_ANSWER — answer not provided in source; solve via Suntech corpus or admin review,1,Sub5-10 questions.docx,"{""raw"": ""10. What is the significance of the involute curve in gear teeth design?\n   **a) It ensures smooth power transmission between meshing gears**  \n   b) It reduces gear size  \n   c) It is used only in low-load applications"", ""question"": ""10. What is the significance of the involute curve in gear teeth design?"", ""options"": [""It reduces gear size"", ""It is used only in low-load applications""], ""correct"": null, ""answer_text"": null, ""category"": null, ""source_file"": ""Sub5-10 questions.docx"", ""source_module"": ""M6"", ""fmt"": ""docx"", ""module"": ""M6"", ""syllabusRef"": ""M6.6.1(c)"", ""level"": null, ""difficulty"": ""MEDIUM""}"
M6,M6.6.1(c),,How is the involute curve generated?,By a straight line along the gear's radius,By rotating a gear in reverse,,,,MEDIUM,,,,DRAFT,NEEDS_ANSWER — answer not provided in source; solve via Suntech corpus or admin review,1,Sub5-10 questions.docx,"{""raw"": ""11. How is the involute curve generated?\n   a) By a straight line along the gear's radius  \n   **b) By unwinding a string from a cylinder**  \n   c) By rotating a gear in reverse"", ""question"": ""How is the involute curve generated?"", ""options"": [""By a straight line along the gear's radius"", ""By rotating a gear in reverse""], ""correct"": null, ""answer_text"": null, ""category"": null, ""source_file"": ""Sub5-10 questions.docx"", ""source_module"": ""M6"", ""fmt"": ""docx"", ""module"": ""M6"", ""syllabusRef"": ""M6.6.1(c)"", ""level"": null, ""difficulty"": ""MEDIUM""}"
M6,M6.6.1(c),,What happens if gear teeth do not follow the involute curve?,They transmit more power,They last longer,,,,MEDIUM,,,,DRAFT,NEEDS_ANSWER — answer not provided in source; solve via Suntech corpus or admin review,1,Sub5-10 questions.docx,"{""raw"": ""12. What happens if gear teeth do not follow the involute curve?\n   a) They transmit more power  \n   **b) They become noisy and wear quickly**  \n   c) They last longer\n### Types of Gears:"", ""question"": ""What happens if gear teeth do not follow the involute curve?"", ""options"": [""They transmit more power"", ""They last longer""], ""correct"": null, ""answer_text"": null, ""category"": null, ""source_file"": ""Sub5-10 questions.docx"", ""source_module"": ""M6"", ""fmt"": ""docx"", ""module"": ""M6"", ""syllabusRef"": ""M6.6.1(c)"", ""level"": null, ""difficulty"": ""MEDIUM""}"
M6,M6.6.1(c),,13. What is the main advantage of helical gears over spur gears?,They are cheaper to manufacture,They have simpler design requirements,,,,MEDIUM,,,,DRAFT,NEEDS_ANSWER — answer not provided in source; solve via Suntech corpus or admin review,1,Sub5-10 questions.docx,"{""raw"": ""13. What is the main advantage of helical gears over spur gears?\n   **a) They operate more quietly and can handle higher loads**  \n   b) They are cheaper to manufacture  \n   c) They have simpler design requirements"", ""question"": ""13. What is the main advantage of helical gears over spur gears?"", ""options"": [""They are cheaper to manufacture"", ""They have simpler design requirements""], ""correct"": null, ""answer_text"": null, ""category"": null, ""source_file"": ""Sub5-10 questions.docx"", ""source_module"": ""M6"", ""fmt"": ""docx"", ""module"": ""M6"", ""syllabusRef"": ""M6.6.1(c)"", ""level"": null, ""difficulty"": ""MEDIUM""}"
M6,M6.06.01,,Which type of gear is commonly used in differential systems?,Spur gear,Worm gear,,,,MEDIUM,,,,DRAFT,NEEDS_ANSWER — answer not provided in source; solve via Suntech corpus or admin review,1,Sub5-10 questions.docx,"{""raw"": ""14. Which type of gear is commonly used in differential systems?\n   a) Spur gear  \n   **b) Bevel gear**  \n   c) Worm gear"", ""question"": ""Which type of gear is commonly used in differential systems?"", ""options"": [""Spur gear"", ""Worm gear""], ""correct"": null, ""answer_text"": null, ""category"": null, ""source_file"": ""Sub5-10 questions.docx"", ""source_module"": ""M6"", ""fmt"": ""docx"", ""module"": ""M6"", ""syllabusRef"": ""M6.06.01"", ""level"": null, ""difficulty"": ""MEDIUM""}"
M6,M6.06.01,,In what situation would a worm gear be ideal?,"High-speed, low-torque systems",Parallel shaft drives,,,,MEDIUM,,,,DRAFT,NEEDS_ANSWER — answer not provided in source; solve via Suntech corpus or admin review,1,Sub5-10 questions.docx,"{""raw"": ""15. In what situation would a worm gear be ideal?\n   a) High-speed, low-torque systems  \n   **b) Low-speed, high-torque systems requiring self-locking**  \n   c) Parallel shaft drives\n### Gear Trains:"", ""question"": ""In what situation would a worm gear be ideal?"", ""options"": [""High-speed, low-torque systems"", ""Parallel shaft drives""], ""correct"": null, ""answer_text"": null, ""category"": null, ""source_file"": ""Sub5-10 questions.docx"", ""source_module"": ""M6"", ""fmt"": ""docx"", ""module"": ""M6"", ""syllabusRef"": ""M6.06.01"", ""level"": null, ""difficulty"": ""MEDIUM""}"
M6,M6.6.1(c),,What is the purpose of an idler gear in a gear train?,To increase gear ratio,To reduce gear speed,,,,MEDIUM,,,,DRAFT,NEEDS_ANSWER — answer not provided in source; solve via Suntech corpus or admin review,1,Sub5-10 questions.docx,"{""raw"": ""16. What is the purpose of an idler gear in a gear train?\n   a) To increase gear ratio  \n   **b) To change the direction of rotation without affecting the gear ratio**  \n   c) To reduce gear speed"", ""question"": ""What is the purpose of an idler gear in a gear train?"", ""options"": [""To increase gear ratio"", ""To reduce gear speed""], ""correct"": null, ""answer_text"": null, ""category"": null, ""source_file"": ""Sub5-10 questions.docx"", ""source_module"": ""M6"", ""fmt"": ""docx"", ""module"": ""M6"", ""syllabusRef"": ""M6.6.1(c)"", ""level"": null, ""difficulty"": ""MEDIUM""}"
M6,M6.6.1(C),,How is a gear ratio of 4:1 interpreted in a gear system?,The driving gear rotates four times for every driven gear rotation,Both gears rotate at the same speed,,,,MEDIUM,,,,DRAFT,NEEDS_ANSWER — answer not provided in source; solve via Suntech corpus or admin review,1,Sub5-10 questions.docx,"{""raw"": ""17. How is a gear ratio of 4:1 interpreted in a gear system?\n   a) The driving gear rotates four times for every driven gear rotation  \n   **b) The driven gear rotates four times for every driving gear rotation**  \n   c) Both gears rotate at the same speed"", ""question"": ""How is a gear ratio of 4:1 interpreted in a gear system?"", ""options"": [""The driving gear rotates four times for every driven gear rotation"", ""Both gears rotate at the same speed""], ""correct"": null, ""answer_text"": null, ""category"": null, ""source_file"": ""Sub5-10 questions.docx"", ""source_module"": ""M6"", ""fmt"": ""docx"", ""module"": ""M6"", ""syllabusRef"": ""M6.6.1(C)"", ""level"": null, ""difficulty"": ""MEDIUM""}"
M6,M6.6.1(c),,What is the main benefit of a compound gear train?,It reduces gear wear,It simplifies power transmission,,,,MEDIUM,,,,DRAFT,NEEDS_ANSWER — answer not provided in source; solve via Suntech corpus or admin review,1,Sub5-10 questions.docx,"{""raw"": ""18. What is the main benefit of a compound gear train?\n   a) It reduces gear wear  \n   **b) It allows for a larger range of gear ratios**  \n   c) It simplifies power transmission\n### Belts and Pulleys:"", ""question"": ""What is the main benefit of a compound gear train?"", ""options"": [""It reduces gear wear"", ""It simplifies power transmission""], ""correct"": null, ""answer_text"": null, ""category"": null, ""source_file"": ""Sub5-10 questions.docx"", ""source_module"": ""M6"", ""fmt"": ""docx"", ""module"": ""M6"", ""syllabusRef"": ""M6.6.1(c)"", ""level"": null, ""difficulty"": ""MEDIUM""}"
M6,M6.6.1(c),,19. What is the main purpose of a belt in a belt and pulley system?,To increase friction,To cool the system,,,,MEDIUM,,,,DRAFT,NEEDS_ANSWER — answer not provided in source; solve via Suntech corpus or admin review,1,Sub5-10 questions.docx,"{""raw"": ""19. What is the main purpose of a belt in a belt and pulley system?\n   **a) To transfer power between rotating shafts**  \n   b) To increase friction  \n   c) To cool the system"", ""question"": ""19. What is the main purpose of a belt in a belt and pulley system?"", ""options"": [""To increase friction"", ""To cool the system""], ""correct"": null, ""answer_text"": null, ""category"": null, ""source_file"": ""Sub5-10 questions.docx"", ""source_module"": ""M6"", ""fmt"": ""docx"", ""module"": ""M6"", ""syllabusRef"": ""M6.6.1(c)"", ""level"": null, ""difficulty"": ""MEDIUM""}"
M6,,,How does a V-belt differ from a flat belt?,It is used in low-power applications,It is easier to install,,,,MEDIUM,,,,DRAFT,NEEDS_ANSWER — answer not provided in source; solve via Suntech corpus or admin review,1,Sub5-10 questions.docx,"{""raw"": ""20. How does a V-belt differ from a flat belt?\n   a) It is used in low-power applications  \n   **b) It has a higher grip and transmits more torque**  \n   c) It is easier to install"", ""question"": ""How does a V-belt differ from a flat belt?"", ""options"": [""It is used in low-power applications"", ""It is easier to install""], ""correct"": null, ""answer_text"": null, ""category"": null, ""source_file"": ""Sub5-10 questions.docx"", ""source_module"": ""M6"", ""fmt"": ""docx"", ""module"": ""M6"", ""difficulty"": ""MEDIUM""}"
M6,M6.06.09,,21. Why are toothed belts used in aircraft systems?,They reduce noise in the system,They are more flexible than flat belts,,,,MEDIUM,,,,DRAFT,NEEDS_ANSWER — answer not provided in source; solve via Suntech corpus or admin review,1,Sub5-10 questions.docx,"{""raw"": ""21. Why are toothed belts used in aircraft systems?\n   **a) They provide positive engagement, preventing slip**  \n   b) They reduce noise in the system  \n   c) They are more flexible than flat belts\n### Bearing Types and Application:"", ""question"": ""21. Why are toothed belts used in aircraft systems?"", ""options"": [""They reduce noise in the system"", ""They are more flexible than flat belts""], ""correct"": null, ""answer_text"": null, ""category"": null, ""source_file"": ""Sub5-10 questions.docx"", ""source_module"": ""M6"", ""fmt"": ""docx"", ""module"": ""M6"", ""syllabusRef"": ""M6.06.09"", ""level"": null, ""difficulty"": ""MEDIUM""}"
M6,M6.6.1(c),,22. What is the main application of thrust bearings?,They support radial loads only,They support combined radial and axial loads,,,,MEDIUM,,,,DRAFT,NEEDS_ANSWER — answer not provided in source; solve via Suntech corpus or admin review,1,Sub5-10 questions.docx,"{""raw"": ""22. What is the main application of thrust bearings?\n   **a) They support axial loads only**  \n   b) They support radial loads only  \n   c) They support combined radial and axial loads"", ""question"": ""22. What is the main application of thrust bearings?"", ""options"": [""They support radial loads only"", ""They support combined radial and axial loads""], ""correct"": null, ""answer_text"": null, ""category"": null, ""source_file"": ""Sub5-10 questions.docx"", ""source_module"": ""M6"", ""fmt"": ""docx"", ""module"": ""M6"", ""syllabusRef"": ""M6.6.1(c)"", ""level"": null, ""difficulty"": ""MEDIUM""}"
M6,M6.6.1(C),,23. What is a deep groove ball bearing best suited for?,Low-speed oscillating applications,Only axial load-bearing applications,,,,MEDIUM,,,,DRAFT,NEEDS_ANSWER — answer not provided in source; solve via Suntech corpus or admin review,1,Sub5-10 questions.docx,"{""raw"": ""23. What is a deep groove ball bearing best suited for?\n   **a) High-speed applications with both radial and moderate axial loads**  \n   b) Low-speed oscillating applications  \n   c) Only axial load-bearing applications"", ""question"": ""23. What is a deep groove ball bearing best suited for?"", ""options"": [""Low-speed oscillating applications"", ""Only axial load-bearing applications""], ""correct"": null, ""answer_text"": null, ""category"": null, ""source_file"": ""Sub5-10 questions.docx"", ""source_module"": ""M6"", ""fmt"": ""docx"", ""module"": ""M6"", ""syllabusRef"": ""M6.6.1(C)"", ""level"": null, ""difficulty"": ""MEDIUM""}"
M6,,,Which type of bearing is used when misalignment is a concern?,Cylindrical roller bearing,Needle roller bearing,,,,MEDIUM,,,,DRAFT,NEEDS_ANSWER — answer not provided in source; solve via Suntech corpus or admin review,1,Sub5-10 questions.docx,"{""raw"": ""24. Which type of bearing is used when misalignment is a concern?\n   a) Cylindrical roller bearing  \n   **b) Spherical roller bearing**  \n   c) Needle roller bearing\n### Bearing Loads:"", ""question"": ""Which type of bearing is used when misalignment is a concern?"", ""options"": [""Cylindrical roller bearing"", ""Needle roller bearing""], ""correct"": null, ""answer_text"": null, ""category"": null, ""source_file"": ""Sub5-10 questions.docx"", ""source_module"": ""M6"", ""fmt"": ""docx"", ""module"": ""M6"", ""difficulty"": ""MEDIUM""}"
M6,M6.6.1(c),,25. What type of load is a radial bearing designed to handle?,Axial loads along the shaft,Combined radial and axial loads,,,,MEDIUM,,,,DRAFT,NEEDS_ANSWER — answer not provided in source; solve via Suntech corpus or admin review,1,Sub5-10 questions.docx,"{""raw"": ""25. What type of load is a radial bearing designed to handle?\n   **a) Loads perpendicular to the shaft**  \n   b) Axial loads along the shaft  \n   c) Combined radial and axial loads"", ""question"": ""25. What type of load is a radial bearing designed to handle?"", ""options"": [""Axial loads along the shaft"", ""Combined radial and axial loads""], ""correct"": null, ""answer_text"": null, ""category"": null, ""source_file"": ""Sub5-10 questions.docx"", ""source_module"": ""M6"", ""fmt"": ""docx"", ""module"": ""M6"", ""syllabusRef"": ""M6.6.1(c)"", ""level"": null, ""difficulty"": ""MEDIUM""}"
M6,M6.6.1(C),,What happens if an angular contact bearing is overloaded in the axial direction?,It increases the bearing's life,"No effect, as it is designed for axial loads",,,,MEDIUM,,,,DRAFT,NEEDS_ANSWER — answer not provided in source; solve via Suntech corpus or admin review,1,Sub5-10 questions.docx,"{""raw"": ""26. What happens if an angular contact bearing is overloaded in the axial direction?\n   a) It increases the bearing's life  \n   **b) It decreases the bearing's life and may cause premature failure**  \n   c) No effect, as it is designed for axial loads"", ""question"": ""What happens if an angular contact bearing is overloaded in the axial direction?"", ""options"": [""It increases the bearing's life"", ""No effect, as it is designed for axial loads""], ""correct"": null, ""answer_text"": null, ""category"": null, ""source_file"": ""Sub5-10 questions.docx"", ""source_module"": ""M6"", ""fmt"": ""docx"", ""module"": ""M6"", ""syllabusRef"": ""M6.6.1(C)"", ""level"": null, ""difficulty"": ""MEDIUM""}"
M6,M6.06.09,,Which bearing type is most commonly used for supporting aircraft engine shafts?,Thrust bearing,Needle roller bearing,,,,MEDIUM,,,,DRAFT,NEEDS_ANSWER — answer not provided in source; solve via Suntech corpus or admin review,1,Sub5-10 questions.docx,"{""raw"": ""27. Which bearing type is most commonly used for supporting aircraft engine shafts?\n   a) Thrust bearing  \n   **b) Tapered roller bearing**  \n   c) Needle roller bearing\n### Belt and Pulley Tensioning:"", ""question"": ""Which bearing type is most commonly used for supporting aircraft engine shafts?"", ""options"": [""Thrust bearing"", ""Needle roller bearing""], ""correct"": null, ""answer_text"": null, ""category"": null, ""source_file"": ""Sub5-10 questions.docx"", ""source_module"": ""M6"", ""fmt"": ""docx"", ""module"": ""M6"", ""syllabusRef"": ""M6.06.09"", ""level"": null, ""difficulty"": ""MEDIUM""}"
M6,M6.06.09,,28. What is a key requirement for tensioning belts in aircraft systems?,Over-tensioning for maximum friction,Loose fitting to allow for expansion,,,,MEDIUM,,,,DRAFT,NEEDS_ANSWER — answer not provided in source; solve via Suntech corpus or admin review,1,Sub5-10 questions.docx,"{""raw"": ""28. What is a key requirement for tensioning belts in aircraft systems?\n   **a) Correct tension to prevent slip and wear**  \n   b) Over-tensioning for maximum friction  \n   c) Loose fitting to allow for expansion"", ""question"": ""28. What is a key requirement for tensioning belts in aircraft systems?"", ""options"": [""Over-tensioning for maximum friction"", ""Loose fitting to allow for expansion""], ""correct"": null, ""answer_text"": null, ""category"": null, ""source_file"": ""Sub5-10 questions.docx"", ""source_module"": ""M6"", ""fmt"": ""docx"", ""module"": ""M6"", ""syllabusRef"": ""M6.06.09"", ""level"": null, ""difficulty"": ""MEDIUM""}"
M6,M6.6.1(c),,29. How does pulley size affect the speed of rotation in a belt drive system?,A smaller pulley decreases the rotation speed,Pulley size does not affect speed,,,,MEDIUM,,,,DRAFT,NEEDS_ANSWER — answer not provided in source; solve via Suntech corpus or admin review,1,Sub5-10 questions.docx,"{""raw"": ""29. How does pulley size affect the speed of rotation in a belt drive system?\n   **a) A smaller pulley increases the rotation speed**  \n   b) A smaller pulley decreases the rotation speed  \n   c) Pulley size does not affect speed"", ""question"": ""29. How does pulley size affect the speed of rotation in a belt drive system?"", ""options"": [""A smaller pulley decreases the rotation speed"", ""Pulley size does not affect speed""], ""correct"": null, ""answer_text"": null, ""category"": null, ""source_file"": ""Sub5-10 questions.docx"", ""source_module"": ""M6"", ""fmt"": ""docx"", ""module"": ""M6"", ""syllabusRef"": ""M6.6.1(c)"", ""level"": null, ""difficulty"": ""MEDIUM""}"
M6,M6.06.01,,30. What is the primary purpose of using tensioners in belt systems?,To decrease the load on the belt,To reduce the need for lubrication,,,,MEDIUM,,,,DRAFT,NEEDS_ANSWER — answer not provided in source; solve via Suntech corpus or admin review,1,Sub5-10 questions.docx,"{""raw"": ""30. What is the primary purpose of using tensioners in belt systems?\n   **a) To maintain the correct belt tension during operation**  \n   b) To decrease the load on the belt  \n   c) To reduce the need for lubrication\n### Control Cable End Fittings:"", ""question"": ""30. What is the primary purpose of using tensioners in belt systems?"", ""options"": [""To decrease the load on the belt"", ""To reduce the need for lubrication""], ""correct"": null, ""answer_text"": null, ""category"": null, ""source_file"": ""Sub5-10 questions.docx"", ""source_module"": ""M6"", ""fmt"": ""docx"", ""module"": ""M6"", ""syllabusRef"": ""M6.06.01"", ""level"": null, ""difficulty"": ""MEDIUM""}"
M6,M6.06.09,,1. What is the most common type of end fitting used in modern aircraft control cables?,Nicropress thimble-eye fittings,Ball and socket fittings,,,,MEDIUM,,,,DRAFT,NEEDS_ANSWER — answer not provided in source; solve via Suntech corpus or admin review,1,Sub5-10 questions.docx,"{""raw"": ""1. What is the most common type of end fitting used in modern aircraft control cables?\n   **a) Swaged cable end fittings**  \n   b) Nicropress thimble-eye fittings  \n   c) Ball and socket fittings"", ""question"": ""1. What is the most common type of end fitting used in modern aircraft control cables?"", ""options"": [""Nicropress thimble-eye fittings"", ""Ball and socket fittings""], ""correct"": null, ""answer_text"": null, ""category"": null, ""source_file"": ""Sub5-10 questions.docx"", ""source_module"": ""M6"", ""fmt"": ""docx"", ""module"": ""M6"", ""syllabusRef"": ""M6.06.09"", ""level"": null, ""difficulty"": ""MEDIUM""}"
M6,M6.6.1(c),,2. How is a swaged cable end fitting attached?,By welding it onto the cable,By screwing it onto the cable,,,,MEDIUM,,,,DRAFT,NEEDS_ANSWER — answer not provided in source; solve via Suntech corpus or admin review,1,Sub5-10 questions.docx,"{""raw"": ""2. How is a swaged cable end fitting attached?\n   **a) By squeezing it onto the cable using a special swaging tool**  \n   b) By welding it onto the cable  \n   c) By screwing it onto the cable"", ""question"": ""2. How is a swaged cable end fitting attached?"", ""options"": [""By welding it onto the cable"", ""By screwing it onto the cable""], ""correct"": null, ""answer_text"": null, ""category"": null, ""source_file"": ""Sub5-10 questions.docx"", ""source_module"": ""M6"", ""fmt"": ""docx"", ""module"": ""M6"", ""syllabusRef"": ""M6.6.1(c)"", ""level"": null, ""difficulty"": ""MEDIUM""}"
M6,M6.6.1(c),,What ensures a properly installed Nicropress thimble-eye fitting?,A gap between the sleeve and the thimble,The cable is crimped multiple times,,,,MEDIUM,,,,DRAFT,NEEDS_ANSWER — answer not provided in source; solve via Suntech corpus or admin review,1,Sub5-10 questions.docx,"{""raw"": ""3. What ensures a properly installed Nicropress thimble-eye fitting?\n   a) A gap between the sleeve and the thimble  \n   **b) The cable protrudes 1/16 inch from the sleeve**  \n   c) The cable is crimped multiple times\n### Turnbuckles:"", ""question"": ""What ensures a properly installed Nicropress thimble-eye fitting?"", ""options"": [""A gap between the sleeve and the thimble"", ""The cable is crimped multiple times""], ""correct"": null, ""answer_text"": null, ""category"": null, ""source_file"": ""Sub5-10 questions.docx"", ""source_module"": ""M6"", ""fmt"": ""docx"", ""module"": ""M6"", ""syllabusRef"": ""M6.6.1(c)"", ""level"": null, ""difficulty"": ""MEDIUM""}"
M6,M6.06.09,,4. What is the purpose of a turnbuckle in aircraft control systems?,To connect two different cables,To terminate the cable,,,,MEDIUM,,,,DRAFT,NEEDS_ANSWER — answer not provided in source; solve via Suntech corpus or admin review,1,Sub5-10 questions.docx,"{""raw"": ""4. What is the purpose of a turnbuckle in aircraft control systems?\n   **a) To adjust control cable tension**  \n   b) To connect two different cables  \n   c) To terminate the cable"", ""question"": ""4. What is the purpose of a turnbuckle in aircraft control systems?"", ""options"": [""To connect two different cables"", ""To terminate the cable""], ""correct"": null, ""answer_text"": null, ""category"": null, ""source_file"": ""Sub5-10 questions.docx"", ""source_module"": ""M6"", ""fmt"": ""docx"", ""module"": ""M6"", ""syllabusRef"": ""M6.06.09"", ""level"": null, ""difficulty"": ""MEDIUM""}"
M6,M6.6.1(c),,How is safety indicated in a correctly installed turnbuckle?,The end fittings are fully visible,All threads are completely hidden,,,,MEDIUM,,,,DRAFT,NEEDS_ANSWER — answer not provided in source; solve via Suntech corpus or admin review,1,Sub5-10 questions.docx,"{""raw"": ""5. How is safety indicated in a correctly installed turnbuckle?\n   a) The end fittings are fully visible  \n   **b) No more than three threads are visible on the end fittings**  \n   c) All threads are completely hidden"", ""question"": ""How is safety indicated in a correctly installed turnbuckle?"", ""options"": [""The end fittings are fully visible"", ""All threads are completely hidden""], ""correct"": null, ""answer_text"": null, ""category"": null, ""source_file"": ""Sub5-10 questions.docx"", ""source_module"": ""M6"", ""fmt"": ""docx"", ""module"": ""M6"", ""syllabusRef"": ""M6.6.1(c)"", ""level"": null, ""difficulty"": ""MEDIUM""}"
M6,M6.6.1(c),,How is a turnbuckle locked after adjustment?,Using a single wrap of lockwire,By screwing the end fittings tight,,,,MEDIUM,,,,DRAFT,NEEDS_ANSWER — answer not provided in source; solve via Suntech corpus or admin review,1,Sub5-10 questions.docx,"{""raw"": ""6. How is a turnbuckle locked after adjustment?\n   a) Using a single wrap of lockwire  \n   **b) Using the double figure-of-eight method with lockwire**  \n   c) By screwing the end fittings tight\n### Barrel-Type Turnbuckles:"", ""question"": ""How is a turnbuckle locked after adjustment?"", ""options"": [""Using a single wrap of lockwire"", ""By screwing the end fittings tight""], ""correct"": null, ""answer_text"": null, ""category"": null, ""source_file"": ""Sub5-10 questions.docx"", ""source_module"": ""M6"", ""fmt"": ""docx"", ""module"": ""M6"", ""syllabusRef"": ""M6.6.1(c)"", ""level"": null, ""difficulty"": ""MEDIUM""}"
M6,M6.6.1(C),,7. What is the material typically used for barrel-type turnbuckles?,Aluminum,Copper,,,,MEDIUM,,,,DRAFT,NEEDS_ANSWER — answer not provided in source; solve via Suntech corpus or admin review,1,Sub5-10 questions.docx,"{""raw"": ""7. What is the material typically used for barrel-type turnbuckles?\n   **a) Brass or steel**  \n   b) Aluminum  \n   c) Copper"", ""question"": ""7. What is the material typically used for barrel-type turnbuckles?"", ""options"": [""Aluminum"", ""Copper""], ""correct"": null, ""answer_text"": null, ""category"": null, ""source_file"": ""Sub5-10 questions.docx"", ""source_module"": ""M6"", ""fmt"": ""docx"", ""module"": ""M6"", ""syllabusRef"": ""M6.6.1(C)"", ""level"": null, ""difficulty"": ""MEDIUM""}"
M6,M6.06.05,,8. What does a groove on the turnbuckle barrel indicate?,The safety-locking point,The tension level,,,,MEDIUM,,,,DRAFT,NEEDS_ANSWER — answer not provided in source; solve via Suntech corpus or admin review,1,Sub5-10 questions.docx,"{""raw"": ""8. What does a groove on the turnbuckle barrel indicate?\n   **a) The left-hand threaded end**  \n   b) The safety-locking point  \n   c) The tension level"", ""question"": ""8. What does a groove on the turnbuckle barrel indicate?"", ""options"": [""The safety-locking point"", ""The tension level""], ""correct"": null, ""answer_text"": null, ""category"": null, ""source_file"": ""Sub5-10 questions.docx"", ""source_module"": ""M6"", ""fmt"": ""docx"", ""module"": ""M6"", ""syllabusRef"": ""M6.06.05"", ""level"": null, ""difficulty"": ""MEDIUM""}"
M6,M6.6.1(c),,How is a barrel-type turnbuckle tensioned?,By rotating the end fittings,By twisting the cable,,,,MEDIUM,,,,DRAFT,NEEDS_ANSWER — answer not provided in source; solve via Suntech corpus or admin review,1,Sub5-10 questions.docx,"{""raw"": ""9. How is a barrel-type turnbuckle tensioned?\n   a) By rotating the end fittings  \n   **b) By rotating the barrel**  \n   c) By twisting the cable\n### Fairleads and Pulleys:"", ""question"": ""How is a barrel-type turnbuckle tensioned?"", ""options"": [""By rotating the end fittings"", ""By twisting the cable""], ""correct"": null, ""answer_text"": null, ""category"": null, ""source_file"": ""Sub5-10 questions.docx"", ""source_module"": ""M6"", ""fmt"": ""docx"", ""module"": ""M6"", ""syllabusRef"": ""M6.6.1(c)"", ""level"": null, ""difficulty"": ""MEDIUM""}"
M6,M6.06.09,,10. What is the function of a fairlead in an aircraft control system?,To change the direction of cable tension,To connect two control cables,,,,MEDIUM,,,,DRAFT,NEEDS_ANSWER — answer not provided in source; solve via Suntech corpus or admin review,1,Sub5-10 questions.docx,"{""raw"": ""10. What is the function of a fairlead in an aircraft control system?\n   **a) To guide the control cable and prevent it from rubbing against the structure**  \n   b) To change the direction of cable tension  \n   c) To connect two control cables"", ""question"": ""10. What is the function of a fairlead in an aircraft control system?"", ""options"": [""To change the direction of cable tension"", ""To connect two control cables""], ""correct"": null, ""answer_text"": null, ""category"": null, ""source_file"": ""Sub5-10 questions.docx"", ""source_module"": ""M6"", ""fmt"": ""docx"", ""module"": ""M6"", ""syllabusRef"": ""M6.06.09"", ""level"": null, ""difficulty"": ""MEDIUM""}"
M6,M6.06.09,,What material are most aircraft fairleads made of?,Aluminum,Stainless steel,,,,MEDIUM,,,,DRAFT,NEEDS_ANSWER — answer not provided in source; solve via Suntech corpus or admin review,1,Sub5-10 questions.docx,"{""raw"": ""11. What material are most aircraft fairleads made of?\n   a) Aluminum  \n   **b) Tufnol or Nylon**  \n   c) Stainless steel"", ""question"": ""What material are most aircraft fairleads made of?"", ""options"": [""Aluminum"", ""Stainless steel""], ""correct"": null, ""answer_text"": null, ""category"": null, ""source_file"": ""Sub5-10 questions.docx"", ""source_module"": ""M6"", ""fmt"": ""docx"", ""module"": ""M6"", ""syllabusRef"": ""M6.06.09"", ""level"": null, ""difficulty"": ""MEDIUM""}"
M6,M6.06.09,,Why are pulleys used in control cable systems?,To absorb cable tension,To lock the cable in place,,,,MEDIUM,,,,DRAFT,NEEDS_ANSWER — answer not provided in source; solve via Suntech corpus or admin review,1,Sub5-10 questions.docx,"{""raw"": ""12. Why are pulleys used in control cable systems?\n   a) To absorb cable tension  \n   **b) To change the direction of the cable run**  \n   c) To lock the cable in place\n### Cable Tension Compensation:"", ""question"": ""Why are pulleys used in control cable systems?"", ""options"": [""To absorb cable tension"", ""To lock the cable in place""], ""correct"": null, ""answer_text"": null, ""category"": null, ""source_file"": ""Sub5-10 questions.docx"", ""source_module"": ""M6"", ""fmt"": ""docx"", ""module"": ""M6"", ""syllabusRef"": ""M6.06.09"", ""level"": null, ""difficulty"": ""MEDIUM""}"
M6,M6.06.09,,Why is cable tension compensation important in aircraft systems?,To allow for easy cable replacement,To reduce cable length during flight,,,,MEDIUM,,,,DRAFT,NEEDS_ANSWER — answer not provided in source; solve via Suntech corpus or admin review,1,Sub5-10 questions.docx,"{""raw"": ""13. Why is cable tension compensation important in aircraft systems?\n   a) To allow for easy cable replacement  \n   **b) To maintain proper tension despite temperature changes**  \n   c) To reduce cable length during flight"", ""question"": ""Why is cable tension compensation important in aircraft systems?"", ""options"": [""To allow for easy cable replacement"", ""To reduce cable length during flight""], ""correct"": null, ""answer_text"": null, ""category"": null, ""source_file"": ""Sub5-10 questions.docx"", ""source_module"": ""M6"", ""fmt"": ""docx"", ""module"": ""M6"", ""syllabusRef"": ""M6.06.09"", ""level"": null, ""difficulty"": ""MEDIUM""}"
M6,,,What component is used to maintain cable tension during temperature fluctuations?,Fairlead,Turnbuckle,,,,MEDIUM,,,,DRAFT,NEEDS_ANSWER — answer not provided in source; solve via Suntech corpus or admin review,1,Sub5-10 questions.docx,"{""raw"": ""14. What component is used to maintain cable tension during temperature fluctuations?\n   a) Fairlead  \n   **b) Cable tension regulator**  \n   c) Turnbuckle"", ""question"": ""What component is used to maintain cable tension during temperature fluctuations?"", ""options"": [""Fairlead"", ""Turnbuckle""], ""correct"": null, ""answer_text"": null, ""category"": null, ""source_file"": ""Sub5-10 questions.docx"", ""source_module"": ""M6"", ""fmt"": ""docx"", ""module"": ""M6"", ""difficulty"": ""MEDIUM""}"
M6,M6.06.07,,15. What role do compression springs play in a cable tension regulator?,They reduce vibration in the system,They increase cable flexibility,,,,MEDIUM,,,,DRAFT,NEEDS_ANSWER — answer not provided in source; solve via Suntech corpus or admin review,1,Sub5-10 questions.docx,"{""raw"": ""15. What role do compression springs play in a cable tension regulator?\n   **a) They maintain the desired cable tension**  \n   b) They reduce vibration in the system  \n   c) They increase cable flexibility\n### Bowden Controls:"", ""question"": ""15. What role do compression springs play in a cable tension regulator?"", ""options"": [""They reduce vibration in the system"", ""They increase cable flexibility""], ""correct"": null, ""answer_text"": null, ""category"": null, ""source_file"": ""Sub5-10 questions.docx"", ""source_module"": ""M6"", ""fmt"": ""docx"", ""module"": ""M6"", ""syllabusRef"": ""M6.06.07"", ""level"": null, ""difficulty"": ""MEDIUM""}"
M6,M6.06.09,,16. What is the primary feature of Bowden controls?,A rigid control rod system,A hydraulic-based system,,,,MEDIUM,,,,DRAFT,NEEDS_ANSWER — answer not provided in source; solve via Suntech corpus or admin review,1,Sub5-10 questions.docx,"{""raw"": ""16. What is the primary feature of Bowden controls?\n   **a) A flexible outer casing with a control wire running through it**  \n   b) A rigid control rod system  \n   c) A hydraulic-based system"", ""question"": ""16. What is the primary feature of Bowden controls?"", ""options"": [""A rigid control rod system"", ""A hydraulic-based system""], ""correct"": null, ""answer_text"": null, ""category"": null, ""source_file"": ""Sub5-10 questions.docx"", ""source_module"": ""M6"", ""fmt"": ""docx"", ""module"": ""M6"", ""syllabusRef"": ""M6.06.09"", ""level"": null, ""difficulty"": ""MEDIUM""}"
M6,M6.06.09,,What is a common use for Bowden controls in aircraft?,Flight control surfaces,Landing gear operation,,,,MEDIUM,,,,DRAFT,NEEDS_ANSWER — answer not provided in source; solve via Suntech corpus or admin review,1,Sub5-10 questions.docx,"{""raw"": ""17. What is a common use for Bowden controls in aircraft?\n   a) Flight control surfaces  \n   **b) Throttle controls**  \n   c) Landing gear operation"", ""question"": ""What is a common use for Bowden controls in aircraft?"", ""options"": [""Flight control surfaces"", ""Landing gear operation""], ""correct"": null, ""answer_text"": null, ""category"": null, ""source_file"": ""Sub5-10 questions.docx"", ""source_module"": ""M6"", ""fmt"": ""docx"", ""module"": ""M6"", ""syllabusRef"": ""M6.06.09"", ""level"": null, ""difficulty"": ""MEDIUM""}"
M6,M6.06.09,,How is a Bowden control different from a standard control cable?,It is rigid,It is used only for low-load applications,,,,MEDIUM,,,,DRAFT,NEEDS_ANSWER — answer not provided in source; solve via Suntech corpus or admin review,1,Sub5-10 questions.docx,"{""raw"": ""18. How is a Bowden control different from a standard control cable?\n   a) It is rigid  \n   **b) It has a flexible housing**  \n   c) It is used only for low-load applications\n### Bowden Flex Remote Control:"", ""question"": ""How is a Bowden control different from a standard control cable?"", ""options"": [""It is rigid"", ""It is used only for low-load applications""], ""correct"": null, ""answer_text"": null, ""category"": null, ""source_file"": ""Sub5-10 questions.docx"", ""source_module"": ""M6"", ""fmt"": ""docx"", ""module"": ""M6"", ""syllabusRef"": ""M6.06.09"", ""level"": null, ""difficulty"": ""MEDIUM""}"
M6,M6.06.09,,What is the key benefit of Bowden Flex remote control systems?,High rigidity,Extreme strength,,,,MEDIUM,,,,DRAFT,NEEDS_ANSWER — answer not provided in source; solve via Suntech corpus or admin review,1,Sub5-10 questions.docx,"{""raw"": ""19. What is the key benefit of Bowden Flex remote control systems?\n   a) High rigidity  \n   **b) Flexibility to operate in complex paths**  \n   c) Extreme strength"", ""question"": ""What is the key benefit of Bowden Flex remote control systems?"", ""options"": [""High rigidity"", ""Extreme strength""], ""correct"": null, ""answer_text"": null, ""category"": null, ""source_file"": ""Sub5-10 questions.docx"", ""source_module"": ""M6"", ""fmt"": ""docx"", ""module"": ""M6"", ""syllabusRef"": ""M6.06.09"", ""level"": null, ""difficulty"": ""MEDIUM""}"
M6,M6.06.09,,20. Where are Bowden Flex controls typically used in aircraft?,Primary flight control systems,Brake systems,,,,MEDIUM,,,,DRAFT,NEEDS_ANSWER — answer not provided in source; solve via Suntech corpus or admin review,1,Sub5-10 questions.docx,"{""raw"": ""20. Where are Bowden Flex controls typically used in aircraft?\n   **a) Throttle control systems**  \n   b) Primary flight control systems  \n   c) Brake systems"", ""question"": ""20. Where are Bowden Flex controls typically used in aircraft?"", ""options"": [""Primary flight control systems"", ""Brake systems""], ""correct"": null, ""answer_text"": null, ""category"": null, ""source_file"": ""Sub5-10 questions.docx"", ""source_module"": ""M6"", ""fmt"": ""docx"", ""module"": ""M6"", ""syllabusRef"": ""M6.06.09"", ""level"": null, ""difficulty"": ""MEDIUM""}"
M6,M6.6.1(c),,What ensures smooth operation of a Bowden Flex cable?,Loose-fitting housing,Minimal bends in the cable,,,,MEDIUM,,,,DRAFT,NEEDS_ANSWER — answer not provided in source; solve via Suntech corpus or admin review,1,Sub5-10 questions.docx,"{""raw"": ""21. What ensures smooth operation of a Bowden Flex cable?\n   a) Loose-fitting housing  \n   **b) Correct lubrication and tension**  \n   c) Minimal bends in the cable\n### Teleflex Controls:"", ""question"": ""What ensures smooth operation of a Bowden Flex cable?"", ""options"": [""Loose-fitting housing"", ""Minimal bends in the cable""], ""correct"": null, ""answer_text"": null, ""category"": null, ""source_file"": ""Sub5-10 questions.docx"", ""source_module"": ""M6"", ""fmt"": ""docx"", ""module"": ""M6"", ""syllabusRef"": ""M6.6.1(c)"", ""level"": null, ""difficulty"": ""MEDIUM""}"
M6,M6.06.09,,22. What is the defining characteristic of Teleflex controls?,They are single-strand rigid cables,"They only operate in tension, not compression",,,,MEDIUM,,,,DRAFT,NEEDS_ANSWER — answer not provided in source; solve via Suntech corpus or admin review,1,Sub5-10 questions.docx,"{""raw"": ""22. What is the defining characteristic of Teleflex controls?\n   **a) They are multi-stranded cables within a flexible sheath**  \n   b) They are single-strand rigid cables  \n   c) They only operate in tension, not compression"", ""question"": ""22. What is the defining characteristic of Teleflex controls?"", ""options"": [""They are single-strand rigid cables"", ""They only operate in tension, not compression""], ""correct"": null, ""answer_text"": null, ""category"": null, ""source_file"": ""Sub5-10 questions.docx"", ""source_module"": ""M6"", ""fmt"": ""docx"", ""module"": ""M6"", ""syllabusRef"": ""M6.06.09"", ""level"": null, ""difficulty"": ""MEDIUM""}"
M6,M6.06.09,,Where are Teleflex controls typically used in aircraft?,Landing gear controls,Aileron control systems,,,,MEDIUM,,,,DRAFT,NEEDS_ANSWER — answer not provided in source; solve via Suntech corpus or admin review,1,Sub5-10 questions.docx,"{""raw"": ""23. Where are Teleflex controls typically used in aircraft?\n   a) Landing gear controls  \n   **b) Throttle and engine control systems**  \n   c) Aileron control systems"", ""question"": ""Where are Teleflex controls typically used in aircraft?"", ""options"": [""Landing gear controls"", ""Aileron control systems""], ""correct"": null, ""answer_text"": null, ""category"": null, ""source_file"": ""Sub5-10 questions.docx"", ""source_module"": ""M6"", ""fmt"": ""docx"", ""module"": ""M6"", ""syllabusRef"": ""M6.06.09"", ""level"": null, ""difficulty"": ""MEDIUM""}"
M6,M6.6.1(c),,What is the main advantage of Teleflex controls?,High-speed operation,Simplicity in installation,,,,MEDIUM,,,,DRAFT,NEEDS_ANSWER — answer not provided in source; solve via Suntech corpus or admin review,1,Sub5-10 questions.docx,"{""raw"": ""24. What is the main advantage of Teleflex controls?\n   a) High-speed operation  \n   **b) Their ability to transmit both push and pull forces**  \n   c) Simplicity in installation\n### Conduit Connectors:"", ""question"": ""What is the main advantage of Teleflex controls?"", ""options"": [""High-speed operation"", ""Simplicity in installation""], ""correct"": null, ""answer_text"": null, ""category"": null, ""source_file"": ""Sub5-10 questions.docx"", ""source_module"": ""M6"", ""fmt"": ""docx"", ""module"": ""M6"", ""syllabusRef"": ""M6.6.1(c)"", ""level"": null, ""difficulty"": ""MEDIUM""}"
M6,M6.06.09,,25. What is the purpose of conduit connectors in aircraft control systems?,To terminate control cables,To tension the cable,,,,MEDIUM,,,,DRAFT,NEEDS_ANSWER — answer not provided in source; solve via Suntech corpus or admin review,1,Sub5-10 questions.docx,"{""raw"": ""25. What is the purpose of conduit connectors in aircraft control systems?\n   **a) To join flexible conduits together**  \n   b) To terminate control cables  \n   c) To tension the cable"", ""question"": ""25. What is the purpose of conduit connectors in aircraft control systems?"", ""options"": [""To terminate control cables"", ""To tension the cable""], ""correct"": null, ""answer_text"": null, ""category"": null, ""source_file"": ""Sub5-10 questions.docx"", ""source_module"": ""M6"", ""fmt"": ""docx"", ""module"": ""M6"", ""syllabusRef"": ""M6.06.09"", ""level"": null, ""difficulty"": ""MEDIUM""}"
M6,,,How are conduit connectors typically installed?,By welding,By inserting into a crimped fitting,,,,MEDIUM,,,,DRAFT,NEEDS_ANSWER — answer not provided in source; solve via Suntech corpus or admin review,1,Sub5-10 questions.docx,"{""raw"": ""26. How are conduit connectors typically installed?\n   a) By welding  \n   **b) By screwing or clamping onto the conduit ends**  \n   c) By inserting into a crimped fitting"", ""question"": ""How are conduit connectors typically installed?"", ""options"": [""By welding"", ""By inserting into a crimped fitting""], ""correct"": null, ""answer_text"": null, ""category"": null, ""source_file"": ""Sub5-10 questions.docx"", ""source_module"": ""M6"", ""fmt"": ""docx"", ""module"": ""M6"", ""difficulty"": ""MEDIUM""}"
M6,M6.6.1(C),,27. What ensures a proper fit for a conduit connector?,A flexible connection that allows movement,A loose-fitting conduit for easy adjustment,,,,MEDIUM,,,,DRAFT,NEEDS_ANSWER — answer not provided in source; solve via Suntech corpus or admin review,1,Sub5-10 questions.docx,"{""raw"": ""27. What ensures a proper fit for a conduit connector?\n   **a) A tight, secure connection between the conduit and the connector**  \n   b) A flexible connection that allows movement  \n   c) A loose-fitting conduit for easy adjustment\n### General Cable System Safety:"", ""question"": ""27. What ensures a proper fit for a conduit connector?"", ""options"": [""A flexible connection that allows movement"", ""A loose-fitting conduit for easy adjustment""], ""correct"": null, ""answer_text"": null, ""category"": null, ""source_file"": ""Sub5-10 questions.docx"", ""source_module"": ""M6"", ""fmt"": ""docx"", ""module"": ""M6"", ""syllabusRef"": ""M6.6.1(C)"", ""level"": null, ""difficulty"": ""MEDIUM""}"
M6,M6.6.1(C),,Why are safety wires often used in conjunction with turnbuckles?,To increase cable tension,To allow for quick adjustments,,,,MEDIUM,,,,DRAFT,NEEDS_ANSWER — answer not provided in source; solve via Suntech corpus or admin review,1,Sub5-10 questions.docx,"{""raw"": ""28. Why are safety wires often used in conjunction with turnbuckles?\n   a) To increase cable tension  \n   **b) To prevent the turnbuckle from loosening**  \n   c) To allow for quick adjustments"", ""question"": ""Why are safety wires often used in conjunction with turnbuckles?"", ""options"": [""To increase cable tension"", ""To allow for quick adjustments""], ""correct"": null, ""answer_text"": null, ""category"": null, ""source_file"": ""Sub5-10 questions.docx"", ""source_module"": ""M6"", ""fmt"": ""docx"", ""module"": ""M6"", ""syllabusRef"": ""M6.6.1(C)"", ""level"": null, ""difficulty"": ""MEDIUM""}"
M6,M6.6.1(c),,29. What is a visual indicator of correct turnbuckle safety installation?,The lockwire is twisted at both ends,The turnbuckle is fully tightened,,,,MEDIUM,,,,DRAFT,NEEDS_ANSWER — answer not provided in source; solve via Suntech corpus or admin review,1,Sub5-10 questions.docx,"{""raw"": ""29. What is a visual indicator of correct turnbuckle safety installation?\n   **a) Safety holes are properly aligned and secured**  \n   b) The lockwire is twisted at both ends  \n   c) The turnbuckle is fully tightened"", ""question"": ""29. What is a visual indicator of correct turnbuckle safety installation?"", ""options"": [""The lockwire is twisted at both ends"", ""The turnbuckle is fully tightened""], ""correct"": null, ""answer_text"": null, ""category"": null, ""source_file"": ""Sub5-10 questions.docx"", ""source_module"": ""M6"", ""fmt"": ""docx"", ""module"": ""M6"", ""syllabusRef"": ""M6.6.1(c)"", ""level"": null, ""difficulty"": ""MEDIUM""}"
M6,M6.6.1(C),,What must be checked during routine inspection of cable-operated control systems?,Cable length,Cable color and markings,,,,MEDIUM,,,,DRAFT,NEEDS_ANSWER — answer not provided in source; solve via Suntech corpus or admin review,1,Sub5-10 questions.docx,"{""raw"": ""30. What must be checked during routine inspection of cable-operated control systems?\n   a) Cable length  \n   **b) Cable tension, integrity, and locking mechanisms**  \n   c) Cable color and markings\n### Cable Identification:"", ""question"": ""What must be checked during routine inspection of cable-operated control systems?"", ""options"": [""Cable length"", ""Cable color and markings""], ""correct"": null, ""answer_text"": null, ""category"": null, ""source_file"": ""Sub5-10 questions.docx"", ""source_module"": ""M6"", ""fmt"": ""docx"", ""module"": ""M6"", ""syllabusRef"": ""M6.6.1(C)"", ""level"": null, ""difficulty"": ""MEDIUM""}"
M6,M6.06.09,,1. What is the purpose of cable identification in aircraft systems?,To match cables by color,To reduce installation time,,,,MEDIUM,,,,DRAFT,NEEDS_ANSWER — answer not provided in source; solve via Suntech corpus or admin review,1,Sub5-10 questions.docx,"{""raw"": ""1. What is the purpose of cable identification in aircraft systems?\n   **a) To ensure proper identification of circuits and voltages**  \n   b) To match cables by color  \n   c) To reduce installation time"", ""question"": ""1. What is the purpose of cable identification in aircraft systems?"", ""options"": [""To match cables by color"", ""To reduce installation time""], ""correct"": null, ""answer_text"": null, ""category"": null, ""source_file"": ""Sub5-10 questions.docx"", ""source_module"": ""M6"", ""fmt"": ""docx"", ""module"": ""M6"", ""syllabusRef"": ""M6.06.09"", ""level"": null, ""difficulty"": ""MEDIUM""}"
M6,M6.6.6(A),,Where should identification markings be placed on a wire?,Only at one end,Every 30 inches along the length,,,,MEDIUM,,,,DRAFT,NEEDS_ANSWER — answer not provided in source; solve via Suntech corpus or admin review,1,Sub5-10 questions.docx,"{""raw"": ""2. Where should identification markings be placed on a wire?\n   a) Only at one end  \n   **b) At each end and at maximum 15-inch intervals**  \n   c) Every 30 inches along the length"", ""question"": ""Where should identification markings be placed on a wire?"", ""options"": [""Only at one end"", ""Every 30 inches along the length""], ""correct"": null, ""answer_text"": null, ""category"": null, ""source_file"": ""Sub5-10 questions.docx"", ""source_module"": ""M6"", ""fmt"": ""docx"", ""module"": ""M6"", ""syllabusRef"": ""M6.6.6(A)"", ""level"": null, ""difficulty"": ""MEDIUM""}"
M6,M6.6.1(c),,What is a commonly used method of marking wires?,By stamping the wire,Using stickers,,,,MEDIUM,,,,DRAFT,NEEDS_ANSWER — answer not provided in source; solve via Suntech corpus or admin review,1,Sub5-10 questions.docx,"{""raw"": ""3. What is a commonly used method of marking wires?\n   a) By stamping the wire  \n   **b) Direct marking or heat shrinkable sleeves**  \n   c) Using stickers\n### Wire Size:"", ""question"": ""What is a commonly used method of marking wires?"", ""options"": [""By stamping the wire"", ""Using stickers""], ""correct"": null, ""answer_text"": null, ""category"": null, ""source_file"": ""Sub5-10 questions.docx"", ""source_module"": ""M6"", ""fmt"": ""docx"", ""module"": ""M6"", ""syllabusRef"": ""M6.6.1(c)"", ""level"": null, ""difficulty"": ""MEDIUM""}"
M6,M6.06.09,,What unit is used to indicate wire size in aircraft electrical installations?,Square inches,Square meters,,,,MEDIUM,,,,DRAFT,NEEDS_ANSWER — answer not provided in source; solve via Suntech corpus or admin review,1,Sub5-10 questions.docx,"{""raw"": ""4. What unit is used to indicate wire size in aircraft electrical installations?\n   a) Square inches  \n   **b) Circular mil**  \n   c) Square meters"", ""question"": ""What unit is used to indicate wire size in aircraft electrical installations?"", ""options"": [""Square inches"", ""Square meters""], ""correct"": null, ""answer_text"": null, ""category"": null, ""source_file"": ""Sub5-10 questions.docx"", ""source_module"": ""M6"", ""fmt"": ""docx"", ""module"": ""M6"", ""syllabusRef"": ""M6.06.09"", ""level"": null, ""difficulty"": ""MEDIUM""}"
M6,M6.6.1(c),,5. How is the size of a wire in American Wire Gauge (AWG) determined?,By its length,By the number of strands,,,,MEDIUM,,,,DRAFT,NEEDS_ANSWER — answer not provided in source; solve via Suntech corpus or admin review,1,Sub5-10 questions.docx,"{""raw"": ""5. How is the size of a wire in American Wire Gauge (AWG) determined?\n   **a) By the cross-sectional area of the wire**  \n   b) By its length  \n   c) By the number of strands"", ""question"": ""5. How is the size of a wire in American Wire Gauge (AWG) determined?"", ""options"": [""By its length"", ""By the number of strands""], ""correct"": null, ""answer_text"": null, ""category"": null, ""source_file"": ""Sub5-10 questions.docx"", ""source_module"": ""M6"", ""fmt"": ""docx"", ""module"": ""M6"", ""syllabusRef"": ""M6.6.1(c)"", ""level"": null, ""difficulty"": ""MEDIUM""}"
M6,M6.6.1(c),,6. What happens to the resistance of a wire as the cross-sectional area increases?,The resistance increases,The resistance stays the same,,,,MEDIUM,,,,DRAFT,NEEDS_ANSWER — answer not provided in source; solve via Suntech corpus or admin review,1,Sub5-10 questions.docx,"{""raw"": ""6. What happens to the resistance of a wire as the cross-sectional area increases?\n   **a) The resistance decreases**  \n   b) The resistance increases  \n   c) The resistance stays the same\n### American Wire Gauge (AWG):"", ""question"": ""6. What happens to the resistance of a wire as the cross-sectional area increases?"", ""options"": [""The resistance increases"", ""The resistance stays the same""], ""correct"": null, ""answer_text"": null, ""category"": null, ""source_file"": ""Sub5-10 questions.docx"", ""source_module"": ""M6"", ""fmt"": ""docx"", ""module"": ""M6"", ""syllabusRef"": ""M6.6.1(c)"", ""level"": null, ""difficulty"": ""MEDIUM""}"
M6,M6.6.1(c),,7. What is the approximate diameter of a wire with AWG size 20?,0.125 inches,0.050 inches,,,,MEDIUM,,,,DRAFT,NEEDS_ANSWER — answer not provided in source; solve via Suntech corpus or admin review,1,Sub5-10 questions.docx,"{""raw"": ""7. What is the approximate diameter of a wire with AWG size 20?\n   **a) 0.032 inches**  \n   b) 0.125 inches  \n   c) 0.050 inches"", ""question"": ""7. What is the approximate diameter of a wire with AWG size 20?"", ""options"": [""0.125 inches"", ""0.050 inches""], ""correct"": null, ""answer_text"": null, ""category"": null, ""source_file"": ""Sub5-10 questions.docx"", ""source_module"": ""M6"", ""fmt"": ""docx"", ""module"": ""M6"", ""syllabusRef"": ""M6.6.1(c)"", ""level"": null, ""difficulty"": ""MEDIUM""}"
M6,M6.6.1(c),,How are larger wires represented in the AWG system?,By increasing numbers,By color coding,,,,MEDIUM,,,,DRAFT,NEEDS_ANSWER — answer not provided in source; solve via Suntech corpus or admin review,1,Sub5-10 questions.docx,"{""raw"": ""9. How are larger wires represented in the AWG system?\n   a) By increasing numbers  \n   **b) By smaller numbers**  \n   c) By color coding\n### Wire Identification:"", ""question"": ""How are larger wires represented in the AWG system?"", ""options"": [""By increasing numbers"", ""By color coding""], ""correct"": null, ""answer_text"": null, ""category"": null, ""source_file"": ""Sub5-10 questions.docx"", ""source_module"": ""M6"", ""fmt"": ""docx"", ""module"": ""M6"", ""syllabusRef"": ""M6.6.1(c)"", ""level"": null, ""difficulty"": ""MEDIUM""}"
M6,M6.6.6(A),,What should wire identification indicate?,Only the voltage rating,The wire’s length and insulation type,,,,MEDIUM,,,,DRAFT,NEEDS_ANSWER — answer not provided in source; solve via Suntech corpus or admin review,1,Sub5-10 questions.docx,"{""raw"": ""10. What should wire identification indicate?\n   a) Only the voltage rating  \n   **b) Type of circuit, size of cable, and location**  \n   c) The wire’s length and insulation type"", ""question"": ""What should wire identification indicate?"", ""options"": [""Only the voltage rating"", ""The wire’s length and insulation type""], ""correct"": null, ""answer_text"": null, ""category"": null, ""source_file"": ""Sub5-10 questions.docx"", ""source_module"": ""M6"", ""fmt"": ""docx"", ""module"": ""M6"", ""syllabusRef"": ""M6.6.6(A)"", ""level"": null, ""difficulty"": ""MEDIUM""}"
M6,,,11. How are individual wires inside a cable typically identified?,By their color,By their thickness,,,,MEDIUM,,,,DRAFT,NEEDS_ANSWER — answer not provided in source; solve via Suntech corpus or admin review,1,Sub5-10 questions.docx,"{""raw"": ""11. How are individual wires inside a cable typically identified?\n   a) By their color  \n   b) By their thickness  \n   **c) Within 3 inches of their termination with identification marks**"", ""question"": ""11. How are individual wires inside a cable typically identified?"", ""options"": [""By their color"", ""By their thickness""], ""correct"": null, ""answer_text"": null, ""category"": null, ""source_file"": ""Sub5-10 questions.docx"", ""source_module"": ""M6"", ""fmt"": ""docx"", ""module"": ""M6"", ""difficulty"": ""MEDIUM""}"
M6,M6.6.6(A),,What is the preferred method for wire identification?,Using a barcode,Attaching labels,,,,MEDIUM,,,,DRAFT,NEEDS_ANSWER — answer not provided in source; solve via Suntech corpus or admin review,1,Sub5-10 questions.docx,"{""raw"": ""12. What is the preferred method for wire identification?\n   a) Using a barcode  \n   **b) Direct marking on the wire without damaging the insulation**  \n   c) Attaching labels\n### Placement of Identification Numbers:"", ""question"": ""What is the preferred method for wire identification?"", ""options"": [""Using a barcode"", ""Attaching labels""], ""correct"": null, ""answer_text"": null, ""category"": null, ""source_file"": ""Sub5-10 questions.docx"", ""source_module"": ""M6"", ""fmt"": ""docx"", ""module"": ""M6"", ""syllabusRef"": ""M6.6.6(A)"", ""level"": null, ""difficulty"": ""MEDIUM""}"
M6,M6.6.6(A),,13. Where should identification numbers be placed on a wire less than 3 inches long?,At both ends,Every inch along the wire,,,,MEDIUM,,,,DRAFT,NEEDS_ANSWER — answer not provided in source; solve via Suntech corpus or admin review,1,Sub5-10 questions.docx,"{""raw"": ""13. Where should identification numbers be placed on a wire less than 3 inches long?\n   a) At both ends  \n   b) Every inch along the wire  \n   **c) No identification is required**"", ""question"": ""13. Where should identification numbers be placed on a wire less than 3 inches long?"", ""options"": [""At both ends"", ""Every inch along the wire""], ""correct"": null, ""answer_text"": null, ""category"": null, ""source_file"": ""Sub5-10 questions.docx"", ""source_module"": ""M6"", ""fmt"": ""docx"", ""module"": ""M6"", ""syllabusRef"": ""M6.6.6(A)"", ""level"": null, ""difficulty"": ""MEDIUM""}"
M6,M6.6.6(A),,14. How should identification numbers be positioned on a wire?,Only horizontally,Randomly,,,,MEDIUM,,,,DRAFT,NEEDS_ANSWER — answer not provided in source; solve via Suntech corpus or admin review,1,Sub5-10 questions.docx,"{""raw"": ""14. How should identification numbers be positioned on a wire?\n   **a) Horizontally or vertically**  \n   b) Only horizontally  \n   c) Randomly"", ""question"": ""14. How should identification numbers be positioned on a wire?"", ""options"": [""Only horizontally"", ""Randomly""], ""correct"": null, ""answer_text"": null, ""category"": null, ""source_file"": ""Sub5-10 questions.docx"", ""source_module"": ""M6"", ""fmt"": ""docx"", ""module"": ""M6"", ""syllabusRef"": ""M6.6.6(A)"", ""level"": null, ""difficulty"": ""MEDIUM""}"
M6,M6.6.6(A),,15. What is the maximum spacing between identification numbers on wires longer than 15 inches?,10 inches,20 inches,,,,MEDIUM,,,,DRAFT,NEEDS_ANSWER — answer not provided in source; solve via Suntech corpus or admin review,1,Sub5-10 questions.docx,"{""raw"": ""15. What is the maximum spacing between identification numbers on wires longer than 15 inches?\n   **a) 15 inches**  \n   b) 10 inches  \n   c) 20 inches\n### Open Wiring:"", ""question"": ""15. What is the maximum spacing between identification numbers on wires longer than 15 inches?"", ""options"": [""10 inches"", ""20 inches""], ""correct"": null, ""answer_text"": null, ""category"": null, ""source_file"": ""Sub5-10 questions.docx"", ""source_module"": ""M6"", ""fmt"": ""docx"", ""module"": ""M6"", ""syllabusRef"": ""M6.6.6(A)"", ""level"": null, ""difficulty"": ""MEDIUM""}"
M6,M6.06.01,,What is the benefit of open wiring systems?,Increased mechanical protection,Lower electrical resistance,,,,MEDIUM,,,,DRAFT,NEEDS_ANSWER — answer not provided in source; solve via Suntech corpus or admin review,1,Sub5-10 questions.docx,"{""raw"": ""16. What is the benefit of open wiring systems?\n   a) Increased mechanical protection  \n   **b) Ease of installation and maintenance**  \n   c) Lower electrical resistance"", ""question"": ""What is the benefit of open wiring systems?"", ""options"": [""Increased mechanical protection"", ""Lower electrical resistance""], ""correct"": null, ""answer_text"": null, ""category"": null, ""source_file"": ""Sub5-10 questions.docx"", ""source_module"": ""M6"", ""fmt"": ""docx"", ""module"": ""M6"", ""syllabusRef"": ""M6.06.01"", ""level"": null, ""difficulty"": ""MEDIUM""}"
M6,,,17. In what situation is open wiring typically used?,When routing through hydraulic lines,In high-vibration areas,,,,MEDIUM,,,,DRAFT,NEEDS_ANSWER — answer not provided in source; solve via Suntech corpus or admin review,1,Sub5-10 questions.docx,"{""raw"": ""17. In what situation is open wiring typically used?\n   **a) When there is no danger of mechanical damage**  \n   b) When routing through hydraulic lines  \n   c) In high-vibration areas"", ""question"": ""17. In what situation is open wiring typically used?"", ""options"": [""When routing through hydraulic lines"", ""In high-vibration areas""], ""correct"": null, ""answer_text"": null, ""category"": null, ""source_file"": ""Sub5-10 questions.docx"", ""source_module"": ""M6"", ""fmt"": ""docx"", ""module"": ""M6"", ""difficulty"": ""MEDIUM""}"
M6,,,What is a key disadvantage of open wiring?,Increased weight,Complicated installation,,,,MEDIUM,,,,DRAFT,NEEDS_ANSWER — answer not provided in source; solve via Suntech corpus or admin review,1,Sub5-10 questions.docx,"{""raw"": ""18. What is a key disadvantage of open wiring?\n   a) Increased weight  \n   **b) Lack of mechanical protection**  \n   c) Complicated installation\n### Slack in Wire Bundles:"", ""question"": ""What is a key disadvantage of open wiring?"", ""options"": [""Increased weight"", ""Complicated installation""], ""correct"": null, ""answer_text"": null, ""category"": null, ""source_file"": ""Sub5-10 questions.docx"", ""source_module"": ""M6"", ""fmt"": ""docx"", ""module"": ""M6"", ""difficulty"": ""MEDIUM""}"
M6,M6.6.1(c),,Why is slack provided in wire bundles?,To save wire,To make the wires appear longer,,,,MEDIUM,,,,DRAFT,NEEDS_ANSWER — answer not provided in source; solve via Suntech corpus or admin review,1,Sub5-10 questions.docx,"{""raw"": ""19. Why is slack provided in wire bundles?\n   a) To save wire  \n   **b) To allow for movement and prevent stress on connectors**  \n   c) To make the wires appear longer"", ""question"": ""Why is slack provided in wire bundles?"", ""options"": [""To save wire"", ""To make the wires appear longer""], ""correct"": null, ""answer_text"": null, ""category"": null, ""source_file"": ""Sub5-10 questions.docx"", ""source_module"": ""M6"", ""fmt"": ""docx"", ""module"": ""M6"", ""syllabusRef"": ""M6.6.1(c)"", ""level"": null, ""difficulty"": ""MEDIUM""}"
M6,M6.6.1(c),,How much slack is generally allowed in wire bundles?,10% of the wire length,No slack is required,,,,MEDIUM,,,,DRAFT,NEEDS_ANSWER — answer not provided in source; solve via Suntech corpus or admin review,1,Sub5-10 questions.docx,"{""raw"": ""20. How much slack is generally allowed in wire bundles?\n   a) 10% of the wire length  \n   **b) Enough to allow movement without stretching**  \n   c) No slack is required"", ""question"": ""How much slack is generally allowed in wire bundles?"", ""options"": [""10% of the wire length"", ""No slack is required""], ""correct"": null, ""answer_text"": null, ""category"": null, ""source_file"": ""Sub5-10 questions.docx"", ""source_module"": ""M6"", ""fmt"": ""docx"", ""module"": ""M6"", ""syllabusRef"": ""M6.6.1(c)"", ""level"": null, ""difficulty"": ""MEDIUM""}"
M6,M6.6.1(c),,What is the effect of too much slack in a wire bundle?,Improved performance,No significant effect,,,,MEDIUM,,,,DRAFT,NEEDS_ANSWER — answer not provided in source; solve via Suntech corpus or admin review,1,Sub5-10 questions.docx,"{""raw"": ""21. What is the effect of too much slack in a wire bundle?\n   a) Improved performance  \n   **b) Increased risk of chafing or wear**  \n   c) No significant effect\n### Bonding and Grounding:"", ""question"": ""What is the effect of too much slack in a wire bundle?"", ""options"": [""Improved performance"", ""No significant effect""], ""correct"": null, ""answer_text"": null, ""category"": null, ""source_file"": ""Sub5-10 questions.docx"", ""source_module"": ""M6"", ""fmt"": ""docx"", ""module"": ""M6"", ""syllabusRef"": ""M6.6.1(c)"", ""level"": null, ""difficulty"": ""MEDIUM""}"
M6,M6.06.09,,Why is grounding important in aircraft electrical systems?,To increase current flow,To reduce the number of wires required,,,,MEDIUM,,,,DRAFT,NEEDS_ANSWER — answer not provided in source; solve via Suntech corpus or admin review,1,Sub5-10 questions.docx,"{""raw"": ""22. Why is grounding important in aircraft electrical systems?\n   a) To increase current flow  \n   **b) To prevent electrical interference and ensure safety**  \n   c) To reduce the number of wires required"", ""question"": ""Why is grounding important in aircraft electrical systems?"", ""options"": [""To increase current flow"", ""To reduce the number of wires required""], ""correct"": null, ""answer_text"": null, ""category"": null, ""source_file"": ""Sub5-10 questions.docx"", ""source_module"": ""M6"", ""fmt"": ""docx"", ""module"": ""M6"", ""syllabusRef"": ""M6.06.09"", ""level"": null, ""difficulty"": ""MEDIUM""}"
M6,M6.06.01,,What is bonding in electrical systems?,The process of gluing wires together,Insulating wires from the airframe,,,,MEDIUM,,,,DRAFT,NEEDS_ANSWER — answer not provided in source; solve via Suntech corpus or admin review,1,Sub5-10 questions.docx,"{""raw"": ""23. What is bonding in electrical systems?\n   a) The process of gluing wires together  \n   **b) Connecting conductive parts to maintain an electrical connection**  \n   c) Insulating wires from the airframe"", ""question"": ""What is bonding in electrical systems?"", ""options"": [""The process of gluing wires together"", ""Insulating wires from the airframe""], ""correct"": null, ""answer_text"": null, ""category"": null, ""source_file"": ""Sub5-10 questions.docx"", ""source_module"": ""M6"", ""fmt"": ""docx"", ""module"": ""M6"", ""syllabusRef"": ""M6.06.01"", ""level"": null, ""difficulty"": ""MEDIUM""}"
M6,M6.06.04,,24. How is proper grounding achieved in an aircraft?,By using insulated wires only,By connecting to any available metal surface,,,,MEDIUM,,,,DRAFT,NEEDS_ANSWER — answer not provided in source; solve via Suntech corpus or admin review,1,Sub5-10 questions.docx,"{""raw"": ""24. How is proper grounding achieved in an aircraft?\n   **a) By ensuring a low-resistance connection to the aircraft structure**  \n   b) By using insulated wires only  \n   c) By connecting to any available metal surface\n### Crimping:"", ""question"": ""24. How is proper grounding achieved in an aircraft?"", ""options"": [""By using insulated wires only"", ""By connecting to any available metal surface""], ""correct"": null, ""answer_text"": null, ""category"": null, ""source_file"": ""Sub5-10 questions.docx"", ""source_module"": ""M6"", ""fmt"": ""docx"", ""module"": ""M6"", ""syllabusRef"": ""M6.06.04"", ""level"": null, ""difficulty"": ""MEDIUM""}"
M6,M6.06.09,,What is crimping used for in aircraft wiring?,To solder two wires together,To remove insulation,,,,MEDIUM,,,,DRAFT,NEEDS_ANSWER — answer not provided in source; solve via Suntech corpus or admin review,1,Sub5-10 questions.docx,"{""raw"": ""25. What is crimping used for in aircraft wiring?\n   a) To solder two wires together  \n   **b) To attach a terminal to a wire by compressing it**  \n   c) To remove insulation"", ""question"": ""What is crimping used for in aircraft wiring?"", ""options"": [""To solder two wires together"", ""To remove insulation""], ""correct"": null, ""answer_text"": null, ""category"": null, ""source_file"": ""Sub5-10 questions.docx"", ""source_module"": ""M6"", ""fmt"": ""docx"", ""module"": ""M6"", ""syllabusRef"": ""M6.06.09"", ""level"": null, ""difficulty"": ""MEDIUM""}"
M6,M6.06.09,,26. Why is crimping preferred over soldering in many aircraft applications?,It is faster than soldering,It is cheaper,,,,MEDIUM,,,,DRAFT,NEEDS_ANSWER — answer not provided in source; solve via Suntech corpus or admin review,1,Sub5-10 questions.docx,"{""raw"": ""26. Why is crimping preferred over soldering in many aircraft applications?\n   **a) It provides a stronger, more reliable connection**  \n   b) It is faster than soldering  \n   c) It is cheaper"", ""question"": ""26. Why is crimping preferred over soldering in many aircraft applications?"", ""options"": [""It is faster than soldering"", ""It is cheaper""], ""correct"": null, ""answer_text"": null, ""category"": null, ""source_file"": ""Sub5-10 questions.docx"", ""source_module"": ""M6"", ""fmt"": ""docx"", ""module"": ""M6"", ""syllabusRef"": ""M6.06.09"", ""level"": null, ""difficulty"": ""MEDIUM""}"
M6,,,27. What tool is used to crimp electrical connectors?,Wire cutters,Pliers,,,,MEDIUM,,,,DRAFT,NEEDS_ANSWER — answer not provided in source; solve via Suntech corpus or admin review,1,Sub5-10 questions.docx,"{""raw"": ""27. What tool is used to crimp electrical connectors?\n   **a) Crimping pliers**  \n   b) Wire cutters  \n   c) Pliers\n### Wire Splicing:"", ""question"": ""27. What tool is used to crimp electrical connectors?"", ""options"": [""Wire cutters"", ""Pliers""], ""correct"": null, ""answer_text"": null, ""category"": null, ""source_file"": ""Sub5-10 questions.docx"", ""source_module"": ""M6"", ""fmt"": ""docx"", ""module"": ""M6"", ""difficulty"": ""MEDIUM""}"
M6,M6.6.1(c),,What is the purpose of wire splicing?,To increase the length of the wire,To insulate the wire,,,,MEDIUM,,,,DRAFT,NEEDS_ANSWER — answer not provided in source; solve via Suntech corpus or admin review,1,Sub5-10 questions.docx,"{""raw"": ""28. What is the purpose of wire splicing?\n   a) To increase the length of the wire  \n   **b) To join two sections of wire**  \n   c) To insulate the wire"", ""question"": ""What is the purpose of wire splicing?"", ""options"": [""To increase the length of the wire"", ""To insulate the wire""], ""correct"": null, ""answer_text"": null, ""category"": null, ""source_file"": ""Sub5-10 questions.docx"", ""source_module"": ""M6"", ""fmt"": ""docx"", ""module"": ""M6"", ""syllabusRef"": ""M6.6.1(c)"", ""level"": null, ""difficulty"": ""MEDIUM""}"
M6,M6.6.1(c),,What must be ensured when splicing wires in aircraft systems?,The wires are different sizes,The splice is exposed for easy access,,,,MEDIUM,,,,DRAFT,NEEDS_ANSWER — answer not provided in source; solve via Suntech corpus or admin review,1,Sub5-10 questions.docx,"{""raw"": ""29. What must be ensured when splicing wires in aircraft systems?\n   a) The wires are different sizes  \n   **b) The splice is properly insulated and secure**  \n   c) The splice is exposed for easy access"", ""question"": ""What must be ensured when splicing wires in aircraft systems?"", ""options"": [""The wires are different sizes"", ""The splice is exposed for easy access""], ""correct"": null, ""answer_text"": null, ""category"": null, ""source_file"": ""Sub5-10 questions.docx"", ""source_module"": ""M6"", ""fmt"": ""docx"", ""module"": ""M6"", ""syllabusRef"": ""M6.6.1(c)"", ""level"": null, ""difficulty"": ""MEDIUM""}"
M6,M6.6.1(c),,"30. When splicing a wire, what is a common method of joining the two sections?",Using electrical tape,Tying the wires together,,,,MEDIUM,,,,DRAFT,NEEDS_ANSWER — answer not provided in source; solve via Suntech corpus or admin review,1,Sub5-10 questions.docx,"{""raw"": ""30. When splicing a wire, what is a common method of joining the two sections?\n   **a) Using a crimped splice connector**  \n   b) Using electrical tape  \n   c) Tying the wires together"", ""question"": ""30. When splicing a wire, what is a common method of joining the two sections?"", ""options"": [""Using electrical tape"", ""Tying the wires together""], ""correct"": null, ""answer_text"": null, ""category"": null, ""source_file"": ""Sub5-10 questions.docx"", ""source_module"": ""M6"", ""fmt"": ""docx"", ""module"": ""M6"", ""syllabusRef"": ""M6.6.1(c)"", ""level"": null, ""difficulty"": ""MEDIUM""}"
