module,syllabusRef,level,text,optionA,optionB,optionC,optionD,correctAnswer,difficulty,subTopic,aiSourceRef,aiConfidence,status,reviewNote,points,sourceFile,rawJson,isEssay
M9,M9.1,,What is the primary goal of studying Human Factors in aviation maintenance?,To reduce paperwork,To minimise accidents and incidents,To increase production speed,,To minimise accidents and incidents,EASY,09.01 General,,,APPROVED,,1,EASA-Module-9a-Human-Factors-Complete.pdf,"{""raw"": ""What is the primary goal of studying Human Factors in aviation maintenance?"", ""question"": ""What is the primary goal of studying Human Factors in aviation maintenance?"", ""options"": [""To reduce paperwork"", ""To minimise accidents and incidents"", ""To increase production speed""], ""correct"": ""To minimise accidents and incidents"", ""answer_text"": null, ""category"": null, ""source_file"": ""EASA-Module-9a-Human-Factors-Complete.pdf"", ""source_module"": ""M9"", ""fmt"": ""csv"", ""module"": ""M9"", ""syllabusRef"": ""M9.1"", ""level"": """", ""difficulty"": ""EASY"", ""subTopic"": ""09.01 General"", ""isEssay"": false}",False
M9,M9.1,,"According to the Suntech textbook, approximately what percentage of aviation accidents are attributable to human error?",25%,50%,75%,,75%,EASY,09.01 General,,,APPROVED,,1,EASA-Module-9a-Human-Factors-Complete.pdf,"{""raw"": ""According to the Suntech textbook, approximately what percentage of aviation accidents are attributable to human error?"", ""question"": ""According to the Suntech textbook, approximately what percentage of aviation accidents are attributable to human error?"", ""options"": [""25%"", ""50%"", ""75%""], ""correct"": ""75%"", ""answer_text"": null, ""category"": null, ""source_file"": ""EASA-Module-9a-Human-Factors-Complete.pdf"", ""source_module"": ""M9"", ""fmt"": ""csv"", ""module"": ""M9"", ""syllabusRef"": ""M9.1"", ""level"": """", ""difficulty"": ""EASY"", ""subTopic"": ""09.01 General"", ""isEssay"": false}",False
M9,M9.1,,The Aloha Airlines B737 incident on April 28th 1988 demonstrated the importance of which Human Factors topic?,Fatigue management,Structural inspection and human error,Fuel system design,,Structural inspection and human error,MEDIUM,09.01 General,,,APPROVED,,1,EASA-Module-9a-Human-Factors-Complete.pdf,"{""raw"": ""The Aloha Airlines B737 incident on April 28th 1988 demonstrated the importance of which Human Factors topic?"", ""question"": ""The Aloha Airlines B737 incident on April 28th 1988 demonstrated the importance of which Human Factors topic?"", ""options"": [""Fatigue management"", ""Structural inspection and human error"", ""Fuel system design""], ""correct"": ""Structural inspection and human error"", ""answer_text"": null, ""category"": null, ""source_file"": ""EASA-Module-9a-Human-Factors-Complete.pdf"", ""source_module"": ""M9"", ""fmt"": ""csv"", ""module"": ""M9"", ""syllabusRef"": ""M9.1"", ""level"": """", ""difficulty"": ""MEDIUM"", ""subTopic"": ""09.01 General"", ""isEssay"": false}",False
M9,M9.1,,What does Murphy's Law state in the context of aviation maintenance?,Everything that can go wrong will go wrong,All errors are preventable,Maintenance is always the cause of accidents,,Everything that can go wrong will go wrong,MEDIUM,09.01 General,,,APPROVED,,1,EASA-Module-9a-Human-Factors-Complete.pdf,"{""raw"": ""What does Murphy's Law state in the context of aviation maintenance?"", ""question"": ""What does Murphy's Law state in the context of aviation maintenance?"", ""options"": [""Everything that can go wrong will go wrong"", ""All errors are preventable"", ""Maintenance is always the cause of accidents""], ""correct"": ""Everything that can go wrong will go wrong"", ""answer_text"": null, ""category"": null, ""source_file"": ""EASA-Module-9a-Human-Factors-Complete.pdf"", ""source_module"": ""M9"", ""fmt"": ""csv"", ""module"": ""M9"", ""syllabusRef"": ""M9.1"", ""level"": """", ""difficulty"": ""MEDIUM"", ""subTopic"": ""09.01 General"", ""isEssay"": false}",False
M9,M9.1,,Why did the Hawaiian Islands Boeing 737 and BAC1-11 incidents make human factors part of accident investigation?,Because they were the first ever accidents,Because maintenance was found to be a contributing factor,Because weather was the sole cause,,Because maintenance was found to be a contributing factor,HARD,09.01 General,,,APPROVED,,1,EASA-Module-9a-Human-Factors-Complete.pdf,"{""raw"": ""Why did the Hawaiian Islands Boeing 737 and BAC1-11 incidents make human factors part of accident investigation?"", ""question"": ""Why did the Hawaiian Islands Boeing 737 and BAC1-11 incidents make human factors part of accident investigation?"", ""options"": [""Because they were the first ever accidents"", ""Because maintenance was found to be a contributing factor"", ""Because weather was the sole cause""], ""correct"": ""Because maintenance was found to be a contributing factor"", ""answer_text"": null, ""category"": null, ""source_file"": ""EASA-Module-9a-Human-Factors-Complete.pdf"", ""source_module"": ""M9"", ""fmt"": ""csv"", ""module"": ""M9"", ""syllabusRef"": ""M9.1"", ""level"": """", ""difficulty"": ""HARD"", ""subTopic"": ""09.01 General"", ""isEssay"": false}",False
M9,M9.2,,Which part of the eye is responsible for vision in low-light conditions?,Cones,Rods,Iris,,Rods,EASY,09.02 Human Performance and Limitations,,,APPROVED,,1,EASA-Module-9a-Human-Factors-Complete.pdf,"{""raw"": ""Which part of the eye is responsible for vision in low-light conditions?"", ""question"": ""Which part of the eye is responsible for vision in low-light conditions?"", ""options"": [""Cones"", ""Rods"", ""Iris""], ""correct"": ""Rods"", ""answer_text"": null, ""category"": null, ""source_file"": ""EASA-Module-9a-Human-Factors-Complete.pdf"", ""source_module"": ""M9"", ""fmt"": ""csv"", ""module"": ""M9"", ""syllabusRef"": ""M9.2"", ""level"": """", ""difficulty"": ""EASY"", ""subTopic"": ""09.02 Human Performance and Limitations"", ""isEssay"": false}",False
M9,M9.2,,What is the blind spot in vision caused by?,The cornea,The optic disc where the optic nerve exits,The iris,,The optic disc where the optic nerve exits,EASY,09.02 Human Performance and Limitations,,,APPROVED,,1,EASA-Module-9a-Human-Factors-Complete.pdf,"{""raw"": ""What is the blind spot in vision caused by?"", ""question"": ""What is the blind spot in vision caused by?"", ""options"": [""The cornea"", ""The optic disc where the optic nerve exits"", ""The iris""], ""correct"": ""The optic disc where the optic nerve exits"", ""answer_text"": null, ""category"": null, ""source_file"": ""EASA-Module-9a-Human-Factors-Complete.pdf"", ""source_module"": ""M9"", ""fmt"": ""csv"", ""module"": ""M9"", ""syllabusRef"": ""M9.2"", ""level"": """", ""difficulty"": ""EASY"", ""subTopic"": ""09.02 Human Performance and Limitations"", ""isEssay"": false}",False
M9,M9.2,,What is the approximate useful field of view for central vision?,1-2 degrees,3-5 degrees,10-15 degrees,,3-5 degrees,MEDIUM,09.02 Human Performance and Limitations,,,APPROVED,,1,EASA-Module-9a-Human-Factors-Complete.pdf,"{""raw"": ""What is the approximate useful field of view for central vision?"", ""question"": ""What is the approximate useful field of view for central vision?"", ""options"": [""1-2 degrees"", ""3-5 degrees"", ""10-15 degrees""], ""correct"": ""3-5 degrees"", ""answer_text"": null, ""category"": null, ""source_file"": ""EASA-Module-9a-Human-Factors-Complete.pdf"", ""source_module"": ""M9"", ""fmt"": ""csv"", ""module"": ""M9"", ""syllabusRef"": ""M9.2"", ""level"": """", ""difficulty"": ""MEDIUM"", ""subTopic"": ""09.02 Human Performance and Limitations"", ""isEssay"": false}",False
M9,M9.2,,Subliminal perception refers to:,Perception below the conscious threshold,Perception of very bright lights,Perception during sleep,,Perception below the conscious threshold,MEDIUM,09.02 Human Performance and Limitations,,,APPROVED,,1,EASA-Module-9a-Human-Factors-Complete.pdf,"{""raw"": ""Subliminal perception refers to:"", ""question"": ""Subliminal perception refers to:"", ""options"": [""Perception below the conscious threshold"", ""Perception of very bright lights"", ""Perception during sleep""], ""correct"": ""Perception below the conscious threshold"", ""answer_text"": null, ""category"": null, ""source_file"": ""EASA-Module-9a-Human-Factors-Complete.pdf"", ""source_module"": ""M9"", ""fmt"": ""csv"", ""module"": ""M9"", ""syllabusRef"": ""M9.2"", ""level"": """", ""difficulty"": ""MEDIUM"", ""subTopic"": ""09.02 Human Performance and Limitations"", ""isEssay"": false}",False
M9,M9.2,,"In the context of aviation maintenance, why is central decision-making particularly vulnerable to stress?",Because stress improves reaction time,Because stress narrows attention and reduces information processing,Because stress has no effect on decisions,,Because stress narrows attention and reduces information processing,HARD,09.02 Human Performance and Limitations,,,APPROVED,,1,EASA-Module-9a-Human-Factors-Complete.pdf,"{""raw"": ""In the context of aviation maintenance, why is central decision-making particularly vulnerable to stress?"", ""question"": ""In the context of aviation maintenance, why is central decision-making particularly vulnerable to stress?"", ""options"": [""Because stress improves reaction time"", ""Because stress narrows attention and reduces information processing"", ""Because stress has no effect on decisions""], ""correct"": ""Because stress narrows attention and reduces information processing"", ""answer_text"": null, ""category"": null, ""source_file"": ""EASA-Module-9a-Human-Factors-Complete.pdf"", ""source_module"": ""M9"", ""fmt"": ""csv"", ""module"": ""M9"", ""syllabusRef"": ""M9.2"", ""level"": """", ""difficulty"": ""HARD"", ""subTopic"": ""09.02 Human Performance and Limitations"", ""isEssay"": false}",False
M9,M9.2,,Which memory system has the largest capacity and longest duration?,Short-term memory,Working memory,Long-term memory,,Long-term memory,EASY,09.02 Human Performance and Limitations,,,APPROVED,,1,EASA-Module-9a-Human-Factors-Complete.pdf,"{""raw"": ""Which memory system has the largest capacity and longest duration?"", ""question"": ""Which memory system has the largest capacity and longest duration?"", ""options"": [""Short-term memory"", ""Working memory"", ""Long-term memory""], ""correct"": ""Long-term memory"", ""answer_text"": null, ""category"": null, ""source_file"": ""EASA-Module-9a-Human-Factors-Complete.pdf"", ""source_module"": ""M9"", ""fmt"": ""csv"", ""module"": ""M9"", ""syllabusRef"": ""M9.2"", ""level"": """", ""difficulty"": ""EASY"", ""subTopic"": ""09.02 Human Performance and Limitations"", ""isEssay"": false}",False
M9,M9.2,,What is the typical capacity of short-term memory in terms of information chunks?,3-5 chunks,7±2 chunks,10-12 chunks,,7±2 chunks,MEDIUM,09.02 Human Performance and Limitations,,,APPROVED,,1,EASA-Module-9a-Human-Factors-Complete.pdf,"{""raw"": ""What is the typical capacity of short-term memory in terms of information chunks?"", ""question"": ""What is the typical capacity of short-term memory in terms of information chunks?"", ""options"": [""3-5 chunks"", ""7±2 chunks"", ""10-12 chunks""], ""correct"": ""7±2 chunks"", ""answer_text"": null, ""category"": null, ""source_file"": ""EASA-Module-9a-Human-Factors-Complete.pdf"", ""source_module"": ""M9"", ""fmt"": ""csv"", ""module"": ""M9"", ""syllabusRef"": ""M9.2"", ""level"": """", ""difficulty"": ""MEDIUM"", ""subTopic"": ""09.02 Human Performance and Limitations"", ""isEssay"": false}",False
M9,M9.3,,What is a 'norm' in the context of aviation maintenance culture?,An official company rule,An unwritten rule or standard practice followed by the group,A legal regulation,,An unwritten rule or standard practice followed by the group,EASY,09.03 Social Psychology,,,APPROVED,,1,EASA-Module-9a-Human-Factors-Complete.pdf,"{""raw"": ""What is a 'norm' in the context of aviation maintenance culture?"", ""question"": ""What is a 'norm' in the context of aviation maintenance culture?"", ""options"": [""An official company rule"", ""An unwritten rule or standard practice followed by the group"", ""A legal regulation""], ""correct"": ""An unwritten rule or standard practice followed by the group"", ""answer_text"": null, ""category"": null, ""source_file"": ""EASA-Module-9a-Human-Factors-Complete.pdf"", ""source_module"": ""M9"", ""fmt"": ""csv"", ""module"": ""M9"", ""syllabusRef"": ""M9.3"", ""level"": """", ""difficulty"": ""EASY"", ""subTopic"": ""09.03 Social Psychology"", ""isEssay"": false}",False
M9,M9.3,,How can peer pressure affect maintenance technicians?,It always improves safety standards,It can lead to unsafe shortcuts being accepted as normal,It has no effect on technical decisions,,It can lead to unsafe shortcuts being accepted as normal,MEDIUM,09.03 Social Psychology,,,APPROVED,,1,EASA-Module-9a-Human-Factors-Complete.pdf,"{""raw"": ""How can peer pressure affect maintenance technicians?"", ""question"": ""How can peer pressure affect maintenance technicians?"", ""options"": [""It always improves safety standards"", ""It can lead to unsafe shortcuts being accepted as normal"", ""It has no effect on technical decisions""], ""correct"": ""It can lead to unsafe shortcuts being accepted as normal"", ""answer_text"": null, ""category"": null, ""source_file"": ""EASA-Module-9a-Human-Factors-Complete.pdf"", ""source_module"": ""M9"", ""fmt"": ""csv"", ""module"": ""M9"", ""syllabusRef"": ""M9.3"", ""level"": """", ""difficulty"": ""MEDIUM"", ""subTopic"": ""09.03 Social Psychology"", ""isEssay"": false}",False
M9,M9.3,,What is the relationship between organisational culture and safety in aviation maintenance?,Culture has no impact on safety outcomes,A positive safety culture encourages reporting and reduces errors,Only technical skills determine safety,,A positive safety culture encourages reporting and reduces errors,HARD,09.03 Social Psychology,,,APPROVED,,1,EASA-Module-9a-Human-Factors-Complete.pdf,"{""raw"": ""What is the relationship between organisational culture and safety in aviation maintenance?"", ""question"": ""What is the relationship between organisational culture and safety in aviation maintenance?"", ""options"": [""Culture has no impact on safety outcomes"", ""A positive safety culture encourages reporting and reduces errors"", ""Only technical skills determine safety""], ""correct"": ""A positive safety culture encourages reporting and reduces errors"", ""answer_text"": null, ""category"": null, ""source_file"": ""EASA-Module-9a-Human-Factors-Complete.pdf"", ""source_module"": ""M9"", ""fmt"": ""csv"", ""module"": ""M9"", ""syllabusRef"": ""M9.3"", ""level"": """", ""difficulty"": ""HARD"", ""subTopic"": ""09.03 Social Psychology"", ""isEssay"": false}",False
M9,M9.3,,What does 'socialisation' mean in an aviation maintenance context?,Using social media at work,The process of learning group norms and behaviours,Attending social events,,The process of learning group norms and behaviours,EASY,09.03 Social Psychology,,,APPROVED,,1,EASA-Module-9a-Human-Factors-Complete.pdf,"{""raw"": ""What does 'socialisation' mean in an aviation maintenance context?"", ""question"": ""What does 'socialisation' mean in an aviation maintenance context?"", ""options"": [""Using social media at work"", ""The process of learning group norms and behaviours"", ""Attending social events""], ""correct"": ""The process of learning group norms and behaviours"", ""answer_text"": null, ""category"": null, ""source_file"": ""EASA-Module-9a-Human-Factors-Complete.pdf"", ""source_module"": ""M9"", ""fmt"": ""csv"", ""module"": ""M9"", ""syllabusRef"": ""M9.3"", ""level"": """", ""difficulty"": ""EASY"", ""subTopic"": ""09.03 Social Psychology"", ""isEssay"": false}",False
M9,M9.4,,Which of the following is NOT one of the factors that affect performance in maintenance?,Fitness and health,Personal habits,Aircraft colour,,Aircraft colour,EASY,09.04 Factors That Affect Performance,,,APPROVED,,1,EASA-Module-9a-Human-Factors-Complete.pdf,"{""raw"": ""Which of the following is NOT one of the factors that affect performance in maintenance?"", ""question"": ""Which of the following is NOT one of the factors that affect performance in maintenance?"", ""options"": [""Fitness and health"", ""Personal habits"", ""Aircraft colour""], ""correct"": ""Aircraft colour"", ""answer_text"": null, ""category"": null, ""source_file"": ""EASA-Module-9a-Human-Factors-Complete.pdf"", ""source_module"": ""M9"", ""fmt"": ""csv"", ""module"": ""M9"", ""syllabusRef"": ""M9.4"", ""level"": """", ""difficulty"": ""EASY"", ""subTopic"": ""09.04 Factors That Affect Performance"", ""isEssay"": false}",False
M9,M9.4,,What is 'arousal' in human performance terms?,The state of being awake,The level of alertness and readiness,Physical fitness,,The level of alertness and readiness,EASY,09.04 Factors That Affect Performance,,,APPROVED,,1,EASA-Module-9a-Human-Factors-Complete.pdf,"{""raw"": ""What is 'arousal' in human performance terms?"", ""question"": ""What is 'arousal' in human performance terms?"", ""options"": [""The state of being awake"", ""The level of alertness and readiness"", ""Physical fitness""], ""correct"": ""The level of alertness and readiness"", ""answer_text"": null, ""category"": null, ""source_file"": ""EASA-Module-9a-Human-Factors-Complete.pdf"", ""source_module"": ""M9"", ""fmt"": ""csv"", ""module"": ""M9"", ""syllabusRef"": ""M9.4"", ""level"": """", ""difficulty"": ""EASY"", ""subTopic"": ""09.04 Factors That Affect Performance"", ""isEssay"": false}",False
M9,M9.4,,At which arousal level is human performance most efficient?,Low arousal,Optimal arousal,High arousal,,Optimal arousal,MEDIUM,09.04 Factors That Affect Performance,,,APPROVED,,1,EASA-Module-9a-Human-Factors-Complete.pdf,"{""raw"": ""At which arousal level is human performance most efficient?"", ""question"": ""At which arousal level is human performance most efficient?"", ""options"": [""Low arousal"", ""Optimal arousal"", ""High arousal""], ""correct"": ""Optimal arousal"", ""answer_text"": null, ""category"": null, ""source_file"": ""EASA-Module-9a-Human-Factors-Complete.pdf"", ""source_module"": ""M9"", ""fmt"": ""csv"", ""module"": ""M9"", ""syllabusRef"": ""M9.4"", ""level"": """", ""difficulty"": ""MEDIUM"", ""subTopic"": ""09.04 Factors That Affect Performance"", ""isEssay"": false}",False
M9,M9.4,,What happens during high arousal states?,Performance improves significantly,Attention narrows and errors increase,Memory improves,,Attention narrows and errors increase,MEDIUM,09.04 Factors That Affect Performance,,,APPROVED,,1,EASA-Module-9a-Human-Factors-Complete.pdf,"{""raw"": ""What happens during high arousal states?"", ""question"": ""What happens during high arousal states?"", ""options"": [""Performance improves significantly"", ""Attention narrows and errors increase"", ""Memory improves""], ""correct"": ""Attention narrows and errors increase"", ""answer_text"": null, ""category"": null, ""source_file"": ""EASA-Module-9a-Human-Factors-Complete.pdf"", ""source_module"": ""M9"", ""fmt"": ""csv"", ""module"": ""M9"", ""syllabusRef"": ""M9.4"", ""level"": """", ""difficulty"": ""MEDIUM"", ""subTopic"": ""09.04 Factors That Affect Performance"", ""isEssay"": false}",False
M9,M9.4,,What is the sleep credit/debit system?,8 hours sleep credits 16 hours waking; 1 hour sleep = 2 hours awake,Sleep can be stored for future use,10 hours sleep is required daily,,8 hours sleep credits 16 hours waking; 1 hour sleep = 2 hours awake,MEDIUM,09.04 Factors That Affect Performance,,,APPROVED,,1,EASA-Module-9a-Human-Factors-Complete.pdf,"{""raw"": ""What is the sleep credit/debit system?"", ""question"": ""What is the sleep credit/debit system?"", ""options"": [""8 hours sleep credits 16 hours waking; 1 hour sleep = 2 hours awake"", ""Sleep can be stored for future use"", ""10 hours sleep is required daily""], ""correct"": ""8 hours sleep credits 16 hours waking; 1 hour sleep = 2 hours awake"", ""answer_text"": null, ""category"": null, ""source_file"": ""EASA-Module-9a-Human-Factors-Complete.pdf"", ""source_module"": ""M9"", ""fmt"": ""csv"", ""module"": ""M9"", ""syllabusRef"": ""M9.4"", ""level"": """", ""difficulty"": ""MEDIUM"", ""subTopic"": ""09.04 Factors That Affect Performance"", ""isEssay"": false}",False
M9,M9.4,,Why does cumulative sleep deficit increase accident risk?,It has no effect on accident risk,"It reduces alertness, decision-making ability and reaction time",It only affects physical strength,,"It reduces alertness, decision-making ability and reaction time",HARD,09.04 Factors That Affect Performance,,,APPROVED,,1,EASA-Module-9a-Human-Factors-Complete.pdf,"{""raw"": ""Why does cumulative sleep deficit increase accident risk?"", ""question"": ""Why does cumulative sleep deficit increase accident risk?"", ""options"": [""It has no effect on accident risk"", ""It reduces alertness, decision-making ability and reaction time"", ""It only affects physical strength""], ""correct"": ""It reduces alertness, decision-making ability and reaction time"", ""answer_text"": null, ""category"": null, ""source_file"": ""EASA-Module-9a-Human-Factors-Complete.pdf"", ""source_module"": ""M9"", ""fmt"": ""csv"", ""module"": ""M9"", ""syllabusRef"": ""M9.4"", ""level"": """", ""difficulty"": ""HARD"", ""subTopic"": ""09.04 Factors That Affect Performance"", ""isEssay"": false}",False
M9,M9.4,,Which of the following is a symptom of fatigue?,Increased energy,Decreased attention and awareness,Improved memory,,Decreased attention and awareness,EASY,09.04 Factors That Affect Performance,,,APPROVED,,1,EASA-Module-9a-Human-Factors-Complete.pdf,"{""raw"": ""Which of the following is a symptom of fatigue?"", ""question"": ""Which of the following is a symptom of fatigue?"", ""options"": [""Increased energy"", ""Decreased attention and awareness"", ""Improved memory""], ""correct"": ""Decreased attention and awareness"", ""answer_text"": null, ""category"": null, ""source_file"": ""EASA-Module-9a-Human-Factors-Complete.pdf"", ""source_module"": ""M9"", ""fmt"": ""csv"", ""module"": ""M9"", ""syllabusRef"": ""M9.4"", ""level"": """", ""difficulty"": ""EASY"", ""subTopic"": ""09.04 Factors That Affect Performance"", ""isEssay"": false}",False
M9,M9.4,,What is workload management in aviation maintenance?,Doing as many tasks as possible,Planning and scheduling to balance work demands,Reducing the number of staff,,Planning and scheduling to balance work demands,MEDIUM,09.04 Factors That Affect Performance,,,APPROVED,,1,EASA-Module-9a-Human-Factors-Complete.pdf,"{""raw"": ""What is workload management in aviation maintenance?"", ""question"": ""What is workload management in aviation maintenance?"", ""options"": [""Doing as many tasks as possible"", ""Planning and scheduling to balance work demands"", ""Reducing the number of staff""], ""correct"": ""Planning and scheduling to balance work demands"", ""answer_text"": null, ""category"": null, ""source_file"": ""EASA-Module-9a-Human-Factors-Complete.pdf"", ""source_module"": ""M9"", ""fmt"": ""csv"", ""module"": ""M9"", ""syllabusRef"": ""M9.4"", ""level"": """", ""difficulty"": ""MEDIUM"", ""subTopic"": ""09.04 Factors That Affect Performance"", ""isEssay"": false}",False
M9,M9.5,,Which physical environmental factor is NOT mentioned as affecting maintenance performance?,Noise levels,Temperature,Aircraft livery,,Aircraft livery,EASY,09.05 Physical Environment,,,APPROVED,,1,EASA-Module-9a-Human-Factors-Complete.pdf,"{""raw"": ""Which physical environmental factor is NOT mentioned as affecting maintenance performance?"", ""question"": ""Which physical environmental factor is NOT mentioned as affecting maintenance performance?"", ""options"": [""Noise levels"", ""Temperature"", ""Aircraft livery""], ""correct"": ""Aircraft livery"", ""answer_text"": null, ""category"": null, ""source_file"": ""EASA-Module-9a-Human-Factors-Complete.pdf"", ""source_module"": ""M9"", ""fmt"": ""csv"", ""module"": ""M9"", ""syllabusRef"": ""M9.5"", ""level"": """", ""difficulty"": ""EASY"", ""subTopic"": ""09.05 Physical Environment"", ""isEssay"": false}",False
M9,M9.5,,What effect does poor lighting have on maintenance tasks?,No effect,Increases eye strain and error risk,Improves accuracy,,Increases eye strain and error risk,EASY,09.05 Physical Environment,,,APPROVED,,1,EASA-Module-9a-Human-Factors-Complete.pdf,"{""raw"": ""What effect does poor lighting have on maintenance tasks?"", ""question"": ""What effect does poor lighting have on maintenance tasks?"", ""options"": [""No effect"", ""Increases eye strain and error risk"", ""Improves accuracy""], ""correct"": ""Increases eye strain and error risk"", ""answer_text"": null, ""category"": null, ""source_file"": ""EASA-Module-9a-Human-Factors-Complete.pdf"", ""source_module"": ""M9"", ""fmt"": ""csv"", ""module"": ""M9"", ""syllabusRef"": ""M9.5"", ""level"": """", ""difficulty"": ""EASY"", ""subTopic"": ""09.05 Physical Environment"", ""isEssay"": false}",False
M9,M9.5,,Why is temperature control important in hangars?,It affects paint drying only,Extreme temperatures affect concentration and manual dexterity,It has no impact on maintenance,,Extreme temperatures affect concentration and manual dexterity,MEDIUM,09.05 Physical Environment,,,APPROVED,,1,EASA-Module-9a-Human-Factors-Complete.pdf,"{""raw"": ""Why is temperature control important in hangars?"", ""question"": ""Why is temperature control important in hangars?"", ""options"": [""It affects paint drying only"", ""Extreme temperatures affect concentration and manual dexterity"", ""It has no impact on maintenance""], ""correct"": ""Extreme temperatures affect concentration and manual dexterity"", ""answer_text"": null, ""category"": null, ""source_file"": ""EASA-Module-9a-Human-Factors-Complete.pdf"", ""source_module"": ""M9"", ""fmt"": ""csv"", ""module"": ""M9"", ""syllabusRef"": ""M9.5"", ""level"": """", ""difficulty"": ""MEDIUM"", ""subTopic"": ""09.05 Physical Environment"", ""isEssay"": false}",False
M9,M9.5,,How can high noise levels affect maintenance personnel?,They improve concentration,They cause stress and communication difficulties,They have no effect,,They cause stress and communication difficulties,MEDIUM,09.05 Physical Environment,,,APPROVED,,1,EASA-Module-9a-Human-Factors-Complete.pdf,"{""raw"": ""How can high noise levels affect maintenance personnel?"", ""question"": ""How can high noise levels affect maintenance personnel?"", ""options"": [""They improve concentration"", ""They cause stress and communication difficulties"", ""They have no effect""], ""correct"": ""They cause stress and communication difficulties"", ""answer_text"": null, ""category"": null, ""source_file"": ""EASA-Module-9a-Human-Factors-Complete.pdf"", ""source_module"": ""M9"", ""fmt"": ""csv"", ""module"": ""M9"", ""syllabusRef"": ""M9.5"", ""level"": """", ""difficulty"": ""MEDIUM"", ""subTopic"": ""09.05 Physical Environment"", ""isEssay"": false}",False
M9,M9.6,,What characterises a repetitive task?,Short duration and high frequency,Long duration and low frequency,One-off complex operations,,Short duration and high frequency,EASY,09.06 Tasks,,,APPROVED,,1,EASA-Module-9a-Human-Factors-Complete.pdf,"{""raw"": ""What characterises a repetitive task?"", ""question"": ""What characterises a repetitive task?"", ""options"": [""Short duration and high frequency"", ""Long duration and low frequency"", ""One-off complex operations""], ""correct"": ""Short duration and high frequency"", ""answer_text"": null, ""category"": null, ""source_file"": ""EASA-Module-9a-Human-Factors-Complete.pdf"", ""source_module"": ""M9"", ""fmt"": ""csv"", ""module"": ""M9"", ""syllabusRef"": ""M9.6"", ""level"": """", ""difficulty"": ""EASY"", ""subTopic"": ""09.06 Tasks"", ""isEssay"": false}",False
M9,M9.6,,What is a risk associated with highly repetitive maintenance tasks?,Increased motivation,"Boredom, reduced arousal and missed defects",Faster completion times,,"Boredom, reduced arousal and missed defects",MEDIUM,09.06 Tasks,,,APPROVED,,1,EASA-Module-9a-Human-Factors-Complete.pdf,"{""raw"": ""What is a risk associated with highly repetitive maintenance tasks?"", ""question"": ""What is a risk associated with highly repetitive maintenance tasks?"", ""options"": [""Increased motivation"", ""Boredom, reduced arousal and missed defects"", ""Faster completion times""], ""correct"": ""Boredom, reduced arousal and missed defects"", ""answer_text"": null, ""category"": null, ""source_file"": ""EASA-Module-9a-Human-Factors-Complete.pdf"", ""source_module"": ""M9"", ""fmt"": ""csv"", ""module"": ""M9"", ""syllabusRef"": ""M9.6"", ""level"": """", ""difficulty"": ""MEDIUM"", ""subTopic"": ""09.06 Tasks"", ""isEssay"": false}",False
M9,M9.6,,Why are inspection tasks particularly vulnerable to human error?,Because they are always simple,Because they require sustained attention which is difficult to maintain,Because inspectors work too quickly,,Because they require sustained attention which is difficult to maintain,HARD,09.06 Tasks,,,APPROVED,,1,EASA-Module-9a-Human-Factors-Complete.pdf,"{""raw"": ""Why are inspection tasks particularly vulnerable to human error?"", ""question"": ""Why are inspection tasks particularly vulnerable to human error?"", ""options"": [""Because they are always simple"", ""Because they require sustained attention which is difficult to maintain"", ""Because inspectors work too quickly""], ""correct"": ""Because they require sustained attention which is difficult to maintain"", ""answer_text"": null, ""category"": null, ""source_file"": ""EASA-Module-9a-Human-Factors-Complete.pdf"", ""source_module"": ""M9"", ""fmt"": ""csv"", ""module"": ""M9"", ""syllabusRef"": ""M9.6"", ""level"": """", ""difficulty"": ""HARD"", ""subTopic"": ""09.06 Tasks"", ""isEssay"": false}",False
M9,M9.6,,What is time pressure in maintenance?,Having adequate time to complete tasks,Feeling rushed to complete tasks which can compromise quality,Working standard hours,,Feeling rushed to complete tasks which can compromise quality,MEDIUM,09.06 Tasks,,,APPROVED,,1,EASA-Module-9a-Human-Factors-Complete.pdf,"{""raw"": ""What is time pressure in maintenance?"", ""question"": ""What is time pressure in maintenance?"", ""options"": [""Having adequate time to complete tasks"", ""Feeling rushed to complete tasks which can compromise quality"", ""Working standard hours""], ""correct"": ""Feeling rushed to complete tasks which can compromise quality"", ""answer_text"": null, ""category"": null, ""source_file"": ""EASA-Module-9a-Human-Factors-Complete.pdf"", ""source_module"": ""M9"", ""fmt"": ""csv"", ""module"": ""M9"", ""syllabusRef"": ""M9.6"", ""level"": """", ""difficulty"": ""MEDIUM"", ""subTopic"": ""09.06 Tasks"", ""isEssay"": false}",False
M9,M9.7,,What are the three basic elements of effective shift handover?,"Outgoing person communicates, incoming person understands, formalised process","Written notes only, verbal briefing, supervisor approval","Quick verbal exchange, no documentation, team leader present",,"Outgoing person communicates, incoming person understands, formalised process",EASY,09.07 Communication,,,APPROVED,,1,EASA-Module-9a-Human-Factors-Complete.pdf,"{""raw"": ""What are the three basic elements of effective shift handover?"", ""question"": ""What are the three basic elements of effective shift handover?"", ""options"": [""Outgoing person communicates, incoming person understands, formalised process"", ""Written notes only, verbal briefing, supervisor approval"", ""Quick verbal exchange, no documentation, team leader present""], ""correct"": ""Outgoing person communicates, incoming person understands, formalised process"", ""answer_text"": null, ""category"": null, ""source_file"": ""EASA-Module-9a-Human-Factors-Complete.pdf"", ""source_module"": ""M9"", ""fmt"": ""csv"", ""module"": ""M9"", ""syllabusRef"": ""M9.7"", ""level"": """", ""difficulty"": ""EASY"", ""subTopic"": ""09.07 Communication"", ""isEssay"": false}",False
M9,M9.7,,Why is effective communication during shift handover critical?,It reduces paperwork,Absence of effective communication has contributed to many accidents,It is not important if the work is done,,Absence of effective communication has contributed to many accidents,MEDIUM,09.07 Communication,,,APPROVED,,1,EASA-Module-9a-Human-Factors-Complete.pdf,"{""raw"": ""Why is effective communication during shift handover critical?"", ""question"": ""Why is effective communication during shift handover critical?"", ""options"": [""It reduces paperwork"", ""Absence of effective communication has contributed to many accidents"", ""It is not important if the work is done""], ""correct"": ""Absence of effective communication has contributed to many accidents"", ""answer_text"": null, ""category"": null, ""source_file"": ""EASA-Module-9a-Human-Factors-Complete.pdf"", ""source_module"": ""M9"", ""fmt"": ""csv"", ""module"": ""M9"", ""syllabusRef"": ""M9.7"", ""level"": """", ""difficulty"": ""MEDIUM"", ""subTopic"": ""09.07 Communication"", ""isEssay"": false}",False
M9,M9.7,,Which type of communication involves body language and facial expressions?,Written communication,Non-verbal communication,Verbal communication,,Non-verbal communication,EASY,09.07 Communication,,,APPROVED,,1,EASA-Module-9a-Human-Factors-Complete.pdf,"{""raw"": ""Which type of communication involves body language and facial expressions?"", ""question"": ""Which type of communication involves body language and facial expressions?"", ""options"": [""Written communication"", ""Non-verbal communication"", ""Verbal communication""], ""correct"": ""Non-verbal communication"", ""answer_text"": null, ""category"": null, ""source_file"": ""EASA-Module-9a-Human-Factors-Complete.pdf"", ""source_module"": ""M9"", ""fmt"": ""csv"", ""module"": ""M9"", ""syllabusRef"": ""M9.7"", ""level"": """", ""difficulty"": ""EASY"", ""subTopic"": ""09.07 Communication"", ""isEssay"": false}",False
M9,M9.7,,What is a common communication problem in aviation maintenance?,Using too many technical terms,"Perception differences, technical words, and process difficulties",Speaking too slowly,,"Perception differences, technical words, and process difficulties",HARD,09.07 Communication,,,APPROVED,,1,EASA-Module-9a-Human-Factors-Complete.pdf,"{""raw"": ""What is a common communication problem in aviation maintenance?"", ""question"": ""What is a common communication problem in aviation maintenance?"", ""options"": [""Using too many technical terms"", ""Perception differences, technical words, and process difficulties"", ""Speaking too slowly""], ""correct"": ""Perception differences, technical words, and process difficulties"", ""answer_text"": null, ""category"": null, ""source_file"": ""EASA-Module-9a-Human-Factors-Complete.pdf"", ""source_module"": ""M9"", ""fmt"": ""csv"", ""module"": ""M9"", ""syllabusRef"": ""M9.7"", ""level"": """", ""difficulty"": ""HARD"", ""subTopic"": ""09.07 Communication"", ""isEssay"": false}",False
M9,M9.7,,What should a good shift handover include?,Only the work completed,"Work accomplished, problems encountered, and next steps",Just a verbal greeting,,"Work accomplished, problems encountered, and next steps",MEDIUM,09.07 Communication,,,APPROVED,,1,EASA-Module-9a-Human-Factors-Complete.pdf,"{""raw"": ""What should a good shift handover include?"", ""question"": ""What should a good shift handover include?"", ""options"": [""Only the work completed"", ""Work accomplished, problems encountered, and next steps"", ""Just a verbal greeting""], ""correct"": ""Work accomplished, problems encountered, and next steps"", ""answer_text"": null, ""category"": null, ""source_file"": ""EASA-Module-9a-Human-Factors-Complete.pdf"", ""source_module"": ""M9"", ""fmt"": ""csv"", ""module"": ""M9"", ""syllabusRef"": ""M9.7"", ""level"": """", ""difficulty"": ""MEDIUM"", ""subTopic"": ""09.07 Communication"", ""isEssay"": false}",False
M9,M9.8,,What is a human error in aviation maintenance?,An act of deliberate sabotage,An unintended action or omission that deviates from the standard,A regulatory violation,,An unintended action or omission that deviates from the standard,EASY,09.08 Human Errors,,,APPROVED,,1,EASA-Module-9a-Human-Factors-Complete.pdf,"{""raw"": ""What is a human error in aviation maintenance?"", ""question"": ""What is a human error in aviation maintenance?"", ""options"": [""An act of deliberate sabotage"", ""An unintended action or omission that deviates from the standard"", ""A regulatory violation""], ""correct"": ""An unintended action or omission that deviates from the standard"", ""answer_text"": null, ""category"": null, ""source_file"": ""EASA-Module-9a-Human-Factors-Complete.pdf"", ""source_module"": ""M9"", ""fmt"": ""csv"", ""module"": ""M9"", ""syllabusRef"": ""M9.8"", ""level"": """", ""difficulty"": ""EASY"", ""subTopic"": ""09.08 Human Errors"", ""isEssay"": false}",False
M9,M9.8,,What is the difference between an active failure and a latent condition?,Active failure has immediate consequences; latent conditions are hidden problems,Active failure is intentional; latent failure is accidental,There is no difference,,Active failure has immediate consequences; latent conditions are hidden problems,MEDIUM,09.08 Human Errors,,,APPROVED,,1,EASA-Module-9a-Human-Factors-Complete.pdf,"{""raw"": ""What is the difference between an active failure and a latent condition?"", ""question"": ""What is the difference between an active failure and a latent condition?"", ""options"": [""Active failure has immediate consequences; latent conditions are hidden problems"", ""Active failure is intentional; latent failure is accidental"", ""There is no difference""], ""correct"": ""Active failure has immediate consequences; latent conditions are hidden problems"", ""answer_text"": null, ""category"": null, ""source_file"": ""EASA-Module-9a-Human-Factors-Complete.pdf"", ""source_module"": ""M9"", ""fmt"": ""csv"", ""module"": ""M9"", ""syllabusRef"": ""M9.8"", ""level"": """", ""difficulty"": ""MEDIUM"", ""subTopic"": ""09.08 Human Errors"", ""isEssay"": false}",False
M9,M9.8,,Why should accident investigations look beyond the 'sharp end' to the 'blunt end'?,To find someone to blame,Because systemic and organisational factors often underlie errors,Because only managers make errors,,Because systemic and organisational factors often underlie errors,HARD,09.08 Human Errors,,,APPROVED,,1,EASA-Module-9a-Human-Factors-Complete.pdf,"{""raw"": ""Why should accident investigations look beyond the 'sharp end' to the 'blunt end'?"", ""question"": ""Why should accident investigations look beyond the 'sharp end' to the 'blunt end'?"", ""options"": [""To find someone to blame"", ""Because systemic and organisational factors often underlie errors"", ""Because only managers make errors""], ""correct"": ""Because systemic and organisational factors often underlie errors"", ""answer_text"": null, ""category"": null, ""source_file"": ""EASA-Module-9a-Human-Factors-Complete.pdf"", ""source_module"": ""M9"", ""fmt"": ""csv"", ""module"": ""M9"", ""syllabusRef"": ""M9.8"", ""level"": """", ""difficulty"": ""HARD"", ""subTopic"": ""09.08 Human Errors"", ""isEssay"": false}",False
M9,M9.8,,What is the purpose of a 'just culture' in aviation maintenance?,To punish all errors equally,"To distinguish between honest mistakes, negligence and misconduct",To eliminate all errors,,"To distinguish between honest mistakes, negligence and misconduct",MEDIUM,09.08 Human Errors,,,APPROVED,,1,EASA-Module-9a-Human-Factors-Complete.pdf,"{""raw"": ""What is the purpose of a 'just culture' in aviation maintenance?"", ""question"": ""What is the purpose of a 'just culture' in aviation maintenance?"", ""options"": [""To punish all errors equally"", ""To distinguish between honest mistakes, negligence and misconduct"", ""To eliminate all errors""], ""correct"": ""To distinguish between honest mistakes, negligence and misconduct"", ""answer_text"": null, ""category"": null, ""source_file"": ""EASA-Module-9a-Human-Factors-Complete.pdf"", ""source_module"": ""M9"", ""fmt"": ""csv"", ""module"": ""M9"", ""syllabusRef"": ""M9.8"", ""level"": """", ""difficulty"": ""MEDIUM"", ""subTopic"": ""09.08 Human Errors"", ""isEssay"": false}",False
M9,M9.8,,Which of the following is an example of a maintenance error?,Installing a part incorrectly,Flying the aircraft manually,Designing the aircraft,,Installing a part incorrectly,EASY,09.08 Human Errors,,,APPROVED,,1,EASA-Module-9a-Human-Factors-Complete.pdf,"{""raw"": ""Which of the following is an example of a maintenance error?"", ""question"": ""Which of the following is an example of a maintenance error?"", ""options"": [""Installing a part incorrectly"", ""Flying the aircraft manually"", ""Designing the aircraft""], ""correct"": ""Installing a part incorrectly"", ""answer_text"": null, ""category"": null, ""source_file"": ""EASA-Module-9a-Human-Factors-Complete.pdf"", ""source_module"": ""M9"", ""fmt"": ""csv"", ""module"": ""M9"", ""syllabusRef"": ""M9.8"", ""level"": """", ""difficulty"": ""EASY"", ""subTopic"": ""09.08 Human Errors"", ""isEssay"": false}",False
M9,M9.9,,What is a Safety Management System (SMS)?,A disciplinary system for errors,A systematic approach to managing safety risks,A set of safety rules only,,A systematic approach to managing safety risks,EASY,09.09 Safety Management,,,APPROVED,,1,EASA-Module-9a-Human-Factors-Complete.pdf,"{""raw"": ""What is a Safety Management System (SMS)?"", ""question"": ""What is a Safety Management System (SMS)?"", ""options"": [""A disciplinary system for errors"", ""A systematic approach to managing safety risks"", ""A set of safety rules only""], ""correct"": ""A systematic approach to managing safety risks"", ""answer_text"": null, ""category"": null, ""source_file"": ""EASA-Module-9a-Human-Factors-Complete.pdf"", ""source_module"": ""M9"", ""fmt"": ""csv"", ""module"": ""M9"", ""syllabusRef"": ""M9.9"", ""level"": """", ""difficulty"": ""EASY"", ""subTopic"": ""09.09 Safety Management"", ""isEssay"": false}",False
M9,M9.9,,What is the primary purpose of safety reporting in aviation maintenance?,To punish employees who make errors,To learn from occurrences and prevent recurrence,To increase paperwork,,To learn from occurrences and prevent recurrence,MEDIUM,09.09 Safety Management,,,APPROVED,,1,EASA-Module-9a-Human-Factors-Complete.pdf,"{""raw"": ""What is the primary purpose of safety reporting in aviation maintenance?"", ""question"": ""What is the primary purpose of safety reporting in aviation maintenance?"", ""options"": [""To punish employees who make errors"", ""To learn from occurrences and prevent recurrence"", ""To increase paperwork""], ""correct"": ""To learn from occurrences and prevent recurrence"", ""answer_text"": null, ""category"": null, ""source_file"": ""EASA-Module-9a-Human-Factors-Complete.pdf"", ""source_module"": ""M9"", ""fmt"": ""csv"", ""module"": ""M9"", ""syllabusRef"": ""M9.9"", ""level"": """", ""difficulty"": ""MEDIUM"", ""subTopic"": ""09.09 Safety Management"", ""isEssay"": false}",False
M9,M9.9,,What does 'risk tolerability' mean in safety management?,All risks must be eliminated immediately,Some risks may be acceptable if mitigated to an acceptable level,All risks are equally acceptable,,Some risks may be acceptable if mitigated to an acceptable level,HARD,09.09 Safety Management,,,APPROVED,,1,EASA-Module-9a-Human-Factors-Complete.pdf,"{""raw"": ""What does 'risk tolerability' mean in safety management?"", ""question"": ""What does 'risk tolerability' mean in safety management?"", ""options"": [""All risks must be eliminated immediately"", ""Some risks may be acceptable if mitigated to an acceptable level"", ""All risks are equally acceptable""], ""correct"": ""Some risks may be acceptable if mitigated to an acceptable level"", ""answer_text"": null, ""category"": null, ""source_file"": ""EASA-Module-9a-Human-Factors-Complete.pdf"", ""source_module"": ""M9"", ""fmt"": ""csv"", ""module"": ""M9"", ""syllabusRef"": ""M9.9"", ""level"": """", ""difficulty"": ""HARD"", ""subTopic"": ""09.09 Safety Management"", ""isEssay"": false}",False
M9,M9.9,,What are the three risk mitigation strategies mentioned in the Suntech text?,"Ignore, accept, transfer","Avoidance, reduction, segregation","Speed, accuracy, cost",,"Avoidance, reduction, segregation",MEDIUM,09.09 Safety Management,,,APPROVED,,1,EASA-Module-9a-Human-Factors-Complete.pdf,"{""raw"": ""What are the three risk mitigation strategies mentioned in the Suntech text?"", ""question"": ""What are the three risk mitigation strategies mentioned in the Suntech text?"", ""options"": [""Ignore, accept, transfer"", ""Avoidance, reduction, segregation"", ""Speed, accuracy, cost""], ""correct"": ""Avoidance, reduction, segregation"", ""answer_text"": null, ""category"": null, ""source_file"": ""EASA-Module-9a-Human-Factors-Complete.pdf"", ""source_module"": ""M9"", ""fmt"": ""csv"", ""module"": ""M9"", ""syllabusRef"": ""M9.9"", ""level"": """", ""difficulty"": ""MEDIUM"", ""subTopic"": ""09.09 Safety Management"", ""isEssay"": false}",False
M9,M9.9,,What is the purpose of a disciplinary policy in safety management?,To punish all employees,To ensure certain and consistent consequences for unacceptable conduct,To replace safety training,,To ensure certain and consistent consequences for unacceptable conduct,EASY,09.09 Safety Management,,,APPROVED,,1,EASA-Module-9a-Human-Factors-Complete.pdf,"{""raw"": ""What is the purpose of a disciplinary policy in safety management?"", ""question"": ""What is the purpose of a disciplinary policy in safety management?"", ""options"": [""To punish all employees"", ""To ensure certain and consistent consequences for unacceptable conduct"", ""To replace safety training""], ""correct"": ""To ensure certain and consistent consequences for unacceptable conduct"", ""answer_text"": null, ""category"": null, ""source_file"": ""EASA-Module-9a-Human-Factors-Complete.pdf"", ""source_module"": ""M9"", ""fmt"": ""csv"", ""module"": ""M9"", ""syllabusRef"": ""M9.9"", ""level"": """", ""difficulty"": ""EASY"", ""subTopic"": ""09.09 Safety Management"", ""isEssay"": false}",False
M9,M9.9,,What is a 'just culture'?,A culture with no rules,A culture that balances accountability and learning from errors,A culture that never punishes anyone,,A culture that balances accountability and learning from errors,MEDIUM,09.09 Safety Management,,,APPROVED,,1,EASA-Module-9a-Human-Factors-Complete.pdf,"{""raw"": ""What is a 'just culture'?"", ""question"": ""What is a 'just culture'?"", ""options"": [""A culture with no rules"", ""A culture that balances accountability and learning from errors"", ""A culture that never punishes anyone""], ""correct"": ""A culture that balances accountability and learning from errors"", ""answer_text"": null, ""category"": null, ""source_file"": ""EASA-Module-9a-Human-Factors-Complete.pdf"", ""source_module"": ""M9"", ""fmt"": ""csv"", ""module"": ""M9"", ""syllabusRef"": ""M9.9"", ""level"": """", ""difficulty"": ""MEDIUM"", ""subTopic"": ""09.09 Safety Management"", ""isEssay"": false}",False
M9,M9.10,,What are the 'Dirty Dozen' in aviation maintenance?,12 types of aircraft,12 common human factors that lead to maintenance errors,12 maintenance tasks,,12 common human factors that lead to maintenance errors,EASY,09.10 The Dirty Dozen And Risk Mitigation,,,APPROVED,,1,EASA-Module-9a-Human-Factors-Complete.pdf,"{""raw"": ""What are the 'Dirty Dozen' in aviation maintenance?"", ""question"": ""What are the 'Dirty Dozen' in aviation maintenance?"", ""options"": [""12 types of aircraft"", ""12 common human factors that lead to maintenance errors"", ""12 maintenance tasks""], ""correct"": ""12 common human factors that lead to maintenance errors"", ""answer_text"": null, ""category"": null, ""source_file"": ""EASA-Module-9a-Human-Factors-Complete.pdf"", ""source_module"": ""M9"", ""fmt"": ""csv"", ""module"": ""M9"", ""syllabusRef"": ""M9.10"", ""level"": """", ""difficulty"": ""EASY"", ""subTopic"": ""09.10 The Dirty Dozen And Risk Mitigation"", ""isEssay"": false}",False
M9,M9.10,,Which of the following is NOT one of the Dirty Dozen?,Lack of communication,Complacency,Aircraft design,,Aircraft design,EASY,09.10 The Dirty Dozen And Risk Mitigation,,,APPROVED,,1,EASA-Module-9a-Human-Factors-Complete.pdf,"{""raw"": ""Which of the following is NOT one of the Dirty Dozen?"", ""question"": ""Which of the following is NOT one of the Dirty Dozen?"", ""options"": [""Lack of communication"", ""Complacency"", ""Aircraft design""], ""correct"": ""Aircraft design"", ""answer_text"": null, ""category"": null, ""source_file"": ""EASA-Module-9a-Human-Factors-Complete.pdf"", ""source_module"": ""M9"", ""fmt"": ""csv"", ""module"": ""M9"", ""syllabusRef"": ""M9.10"", ""level"": """", ""difficulty"": ""EASY"", ""subTopic"": ""09.10 The Dirty Dozen And Risk Mitigation"", ""isEssay"": false}",False
M9,M9.10,,What is complacency in aviation maintenance?,Being satisfied with the quality of work,Overconfidence due to familiarity leading to reduced vigilance,Being unhappy with procedures,,Overconfidence due to familiarity leading to reduced vigilance,MEDIUM,09.10 The Dirty Dozen And Risk Mitigation,,,APPROVED,,1,EASA-Module-9a-Human-Factors-Complete.pdf,"{""raw"": ""What is complacency in aviation maintenance?"", ""question"": ""What is complacency in aviation maintenance?"", ""options"": [""Being satisfied with the quality of work"", ""Overconfidence due to familiarity leading to reduced vigilance"", ""Being unhappy with procedures""], ""correct"": ""Overconfidence due to familiarity leading to reduced vigilance"", ""answer_text"": null, ""category"": null, ""source_file"": ""EASA-Module-9a-Human-Factors-Complete.pdf"", ""source_module"": ""M9"", ""fmt"": ""csv"", ""module"": ""M9"", ""syllabusRef"": ""M9.10"", ""level"": """", ""difficulty"": ""MEDIUM"", ""subTopic"": ""09.10 The Dirty Dozen And Risk Mitigation"", ""isEssay"": false}",False
M9,M9.10,,How can lack of assertiveness contribute to accidents?,By making technicians too confident,By allowing wrong practices to continue unchallenged,By improving team harmony,,By allowing wrong practices to continue unchallenged,MEDIUM,09.10 The Dirty Dozen And Risk Mitigation,,,APPROVED,,1,EASA-Module-9a-Human-Factors-Complete.pdf,"{""raw"": ""How can lack of assertiveness contribute to accidents?"", ""question"": ""How can lack of assertiveness contribute to accidents?"", ""options"": [""By making technicians too confident"", ""By allowing wrong practices to continue unchallenged"", ""By improving team harmony""], ""correct"": ""By allowing wrong practices to continue unchallenged"", ""answer_text"": null, ""category"": null, ""source_file"": ""EASA-Module-9a-Human-Factors-Complete.pdf"", ""source_module"": ""M9"", ""fmt"": ""csv"", ""module"": ""M9"", ""syllabusRef"": ""M9.10"", ""level"": """", ""difficulty"": ""MEDIUM"", ""subTopic"": ""09.10 The Dirty Dozen And Risk Mitigation"", ""isEssay"": false}",False
M9,M9.10,,What is a 'norm' in the Dirty Dozen context?,An official safety regulation,An unwritten rule that may deviate from standards,A normal working day,,An unwritten rule that may deviate from standards,MEDIUM,09.10 The Dirty Dozen And Risk Mitigation,,,APPROVED,,1,EASA-Module-9a-Human-Factors-Complete.pdf,"{""raw"": ""What is a 'norm' in the Dirty Dozen context?"", ""question"": ""What is a 'norm' in the Dirty Dozen context?"", ""options"": [""An official safety regulation"", ""An unwritten rule that may deviate from standards"", ""A normal working day""], ""correct"": ""An unwritten rule that may deviate from standards"", ""answer_text"": null, ""category"": null, ""source_file"": ""EASA-Module-9a-Human-Factors-Complete.pdf"", ""source_module"": ""M9"", ""fmt"": ""csv"", ""module"": ""M9"", ""syllabusRef"": ""M9.10"", ""level"": """", ""difficulty"": ""MEDIUM"", ""subTopic"": ""09.10 The Dirty Dozen And Risk Mitigation"", ""isEssay"": false}",False
M9,M9.10,,Why are 'negative norms' particularly dangerous in aviation maintenance?,They improve efficiency,They can become accepted practice that detracts from safety standards,They are always documented,,They can become accepted practice that detracts from safety standards,HARD,09.10 The Dirty Dozen And Risk Mitigation,,,APPROVED,,1,EASA-Module-9a-Human-Factors-Complete.pdf,"{""raw"": ""Why are 'negative norms' particularly dangerous in aviation maintenance?"", ""question"": ""Why are 'negative norms' particularly dangerous in aviation maintenance?"", ""options"": [""They improve efficiency"", ""They can become accepted practice that detracts from safety standards"", ""They are always documented""], ""correct"": ""They can become accepted practice that detracts from safety standards"", ""answer_text"": null, ""category"": null, ""source_file"": ""EASA-Module-9a-Human-Factors-Complete.pdf"", ""source_module"": ""M9"", ""fmt"": ""csv"", ""module"": ""M9"", ""syllabusRef"": ""M9.10"", ""level"": """", ""difficulty"": ""HARD"", ""subTopic"": ""09.10 The Dirty Dozen And Risk Mitigation"", ""isEssay"": false}",False
M9,M9.10,,What is a recommended safety net for dealing with distractions?,Ignore the distraction completely,Mark uncompleted work so you know where to restart,Work twice as fast,,Mark uncompleted work so you know where to restart,EASY,09.10 The Dirty Dozen And Risk Mitigation,,,APPROVED,,1,EASA-Module-9a-Human-Factors-Complete.pdf,"{""raw"": ""What is a recommended safety net for dealing with distractions?"", ""question"": ""What is a recommended safety net for dealing with distractions?"", ""options"": [""Ignore the distraction completely"", ""Mark uncompleted work so you know where to restart"", ""Work twice as fast""], ""correct"": ""Mark uncompleted work so you know where to restart"", ""answer_text"": null, ""category"": null, ""source_file"": ""EASA-Module-9a-Human-Factors-Complete.pdf"", ""source_module"": ""M9"", ""fmt"": ""csv"", ""module"": ""M9"", ""syllabusRef"": ""M9.10"", ""level"": """", ""difficulty"": ""EASY"", ""subTopic"": ""09.10 The Dirty Dozen And Risk Mitigation"", ""isEssay"": false}",False
M9,M9.10,,What does 'lack of resources' as a Dirty Dozen factor refer to?,Lack of aeroplanes,"Insufficient parts, tools or personnel to do the job properly",Lack of fuel,,"Insufficient parts, tools or personnel to do the job properly",MEDIUM,09.10 The Dirty Dozen And Risk Mitigation,,,APPROVED,,1,EASA-Module-9a-Human-Factors-Complete.pdf,"{""raw"": ""What does 'lack of resources' as a Dirty Dozen factor refer to?"", ""question"": ""What does 'lack of resources' as a Dirty Dozen factor refer to?"", ""options"": [""Lack of aeroplanes"", ""Insufficient parts, tools or personnel to do the job properly"", ""Lack of fuel""], ""correct"": ""Insufficient parts, tools or personnel to do the job properly"", ""answer_text"": null, ""category"": null, ""source_file"": ""EASA-Module-9a-Human-Factors-Complete.pdf"", ""source_module"": ""M9"", ""fmt"": ""csv"", ""module"": ""M9"", ""syllabusRef"": ""M9.10"", ""level"": """", ""difficulty"": ""MEDIUM"", ""subTopic"": ""09.10 The Dirty Dozen And Risk Mitigation"", ""isEssay"": false}",False
M9,M9.10,,How should an organisation respond when an investigation shows clear misconduct?,Ignore it to maintain morale,Apply the disciplinary policy consistently and fairly,Punish everyone involved equally,,Apply the disciplinary policy consistently and fairly,HARD,09.10 The Dirty Dozen And Risk Mitigation,,,APPROVED,,1,EASA-Module-9a-Human-Factors-Complete.pdf,"{""raw"": ""How should an organisation respond when an investigation shows clear misconduct?"", ""question"": ""How should an organisation respond when an investigation shows clear misconduct?"", ""options"": [""Ignore it to maintain morale"", ""Apply the disciplinary policy consistently and fairly"", ""Punish everyone involved equally""], ""correct"": ""Apply the disciplinary policy consistently and fairly"", ""answer_text"": null, ""category"": null, ""source_file"": ""EASA-Module-9a-Human-Factors-Complete.pdf"", ""source_module"": ""M9"", ""fmt"": ""csv"", ""module"": ""M9"", ""syllabusRef"": ""M9.10"", ""level"": """", ""difficulty"": ""HARD"", ""subTopic"": ""09.10 The Dirty Dozen And Risk Mitigation"", ""isEssay"": false}",False
M9,M9.10,,What is the recommended approach when facing pressure to 'cut corners'?,Compromise to keep the customer happy,Follow the maintenance manual and suggest amendments if needed,Work faster to meet deadlines,,Follow the maintenance manual and suggest amendments if needed,MEDIUM,09.10 The Dirty Dozen And Risk Mitigation,,,APPROVED,,1,EASA-Module-9a-Human-Factors-Complete.pdf,"{""raw"": ""What is the recommended approach when facing pressure to 'cut corners'?"", ""question"": ""What is the recommended approach when facing pressure to 'cut corners'?"", ""options"": [""Compromise to keep the customer happy"", ""Follow the maintenance manual and suggest amendments if needed"", ""Work faster to meet deadlines""], ""correct"": ""Follow the maintenance manual and suggest amendments if needed"", ""answer_text"": null, ""category"": null, ""source_file"": ""EASA-Module-9a-Human-Factors-Complete.pdf"", ""source_module"": ""M9"", ""fmt"": ""csv"", ""module"": ""M9"", ""syllabusRef"": ""M9.10"", ""level"": """", ""difficulty"": ""MEDIUM"", ""subTopic"": ""09.10 The Dirty Dozen And Risk Mitigation"", ""isEssay"": false}",False
M9,M9.10,,What is 'stress' in the context of Human Factors?,Physical exhaustion only,The subconscious response to demands placed on a person,A medical condition,,The subconscious response to demands placed on a person,EASY,09.10 The Dirty Dozen And Risk Mitigation,,,APPROVED,,1,EASA-Module-9a-Human-Factors-Complete.pdf,"{""raw"": ""What is 'stress' in the context of Human Factors?"", ""question"": ""What is 'stress' in the context of Human Factors?"", ""options"": [""Physical exhaustion only"", ""The subconscious response to demands placed on a person"", ""A medical condition""], ""correct"": ""The subconscious response to demands placed on a person"", ""answer_text"": null, ""category"": null, ""source_file"": ""EASA-Module-9a-Human-Factors-Complete.pdf"", ""source_module"": ""M9"", ""fmt"": ""csv"", ""module"": ""M9"", ""syllabusRef"": ""M9.10"", ""level"": """", ""difficulty"": ""EASY"", ""subTopic"": ""09.10 The Dirty Dozen And Risk Mitigation"", ""isEssay"": false}",False
M9,M9.10,,What is the effect of repetitive tasks on arousal level?,Arousal increases with repetition,Arousal decreases leading to reduced motivation,Arousal remains constant,,Arousal decreases leading to reduced motivation,MEDIUM,09.10 The Dirty Dozen And Risk Mitigation,,,APPROVED,,1,EASA-Module-9a-Human-Factors-Complete.pdf,"{""raw"": ""What is the effect of repetitive tasks on arousal level?"", ""question"": ""What is the effect of repetitive tasks on arousal level?"", ""options"": [""Arousal increases with repetition"", ""Arousal decreases leading to reduced motivation"", ""Arousal remains constant""], ""correct"": ""Arousal decreases leading to reduced motivation"", ""answer_text"": null, ""category"": null, ""source_file"": ""EASA-Module-9a-Human-Factors-Complete.pdf"", ""source_module"": ""M9"", ""fmt"": ""csv"", ""module"": ""M9"", ""syllabusRef"": ""M9.10"", ""level"": """", ""difficulty"": ""MEDIUM"", ""subTopic"": ""09.10 The Dirty Dozen And Risk Mitigation"", ""isEssay"": false}",False
M9,M9.10,,Why is 'lack of teamwork' considered a Dirty Dozen factor?,Because teams are always inefficient,Because effective communication and coordination are essential for safety,Because individual work is always better,,Because effective communication and coordination are essential for safety,HARD,09.10 The Dirty Dozen And Risk Mitigation,,,APPROVED,,1,EASA-Module-9a-Human-Factors-Complete.pdf,"{""raw"": ""Why is 'lack of teamwork' considered a Dirty Dozen factor?"", ""question"": ""Why is 'lack of teamwork' considered a Dirty Dozen factor?"", ""options"": [""Because teams are always inefficient"", ""Because effective communication and coordination are essential for safety"", ""Because individual work is always better""], ""correct"": ""Because effective communication and coordination are essential for safety"", ""answer_text"": null, ""category"": null, ""source_file"": ""EASA-Module-9a-Human-Factors-Complete.pdf"", ""source_module"": ""M9"", ""fmt"": ""csv"", ""module"": ""M9"", ""syllabusRef"": ""M9.10"", ""level"": """", ""difficulty"": ""HARD"", ""subTopic"": ""09.10 The Dirty Dozen And Risk Mitigation"", ""isEssay"": false}",False
M9,M9.10,,What is the recommended mitigation for 'lack of assertiveness'?,Avoid confrontation at all costs,Provide clear feedback and never compromise safety standards,Agree with the supervisor always,,Provide clear feedback and never compromise safety standards,MEDIUM,09.10 The Dirty Dozen And Risk Mitigation,,,APPROVED,,1,EASA-Module-9a-Human-Factors-Complete.pdf,"{""raw"": ""What is the recommended mitigation for 'lack of assertiveness'?"", ""question"": ""What is the recommended mitigation for 'lack of assertiveness'?"", ""options"": [""Avoid confrontation at all costs"", ""Provide clear feedback and never compromise safety standards"", ""Agree with the supervisor always""], ""correct"": ""Provide clear feedback and never compromise safety standards"", ""answer_text"": null, ""category"": null, ""source_file"": ""EASA-Module-9a-Human-Factors-Complete.pdf"", ""source_module"": ""M9"", ""fmt"": ""csv"", ""module"": ""M9"", ""syllabusRef"": ""M9.10"", ""level"": """", ""difficulty"": ""MEDIUM"", ""subTopic"": ""09.10 The Dirty Dozen And Risk Mitigation"", ""isEssay"": false}",False
M9,M9.1,,What percentage of the human body's errors in aviation are estimated to be due to human factors?,Less than 10%,Approximately 50%,Over 75%,,Over 75%,EASY,09.01 General,,,APPROVED,,1,EASA-Module-9a-Human-Factors-Complete.pdf,"{""raw"": ""What percentage of the human body's errors in aviation are estimated to be due to human factors?"", ""question"": ""What percentage of the human body's errors in aviation are estimated to be due to human factors?"", ""options"": [""Less than 10%"", ""Approximately 50%"", ""Over 75%""], ""correct"": ""Over 75%"", ""answer_text"": null, ""category"": null, ""source_file"": ""EASA-Module-9a-Human-Factors-Complete.pdf"", ""source_module"": ""M9"", ""fmt"": ""csv"", ""module"": ""M9"", ""syllabusRef"": ""M9.1"", ""level"": """", ""difficulty"": ""EASY"", ""subTopic"": ""09.01 General"", ""isEssay"": false}",False
M9,M9.1,,Which incident demonstrated that maintenance errors can contribute to accidents even when not the direct cause?,The 1988 Aloha Airlines B737 incident,A routine engine change,A tyre burst on landing,,The 1988 Aloha Airlines B737 incident,MEDIUM,09.01 General,,,APPROVED,,1,EASA-Module-9a-Human-Factors-Complete.pdf,"{""raw"": ""Which incident demonstrated that maintenance errors can contribute to accidents even when not the direct cause?"", ""question"": ""Which incident demonstrated that maintenance errors can contribute to accidents even when not the direct cause?"", ""options"": [""The 1988 Aloha Airlines B737 incident"", ""A routine engine change"", ""A tyre burst on landing""], ""correct"": ""The 1988 Aloha Airlines B737 incident"", ""answer_text"": null, ""category"": null, ""source_file"": ""EASA-Module-9a-Human-Factors-Complete.pdf"", ""source_module"": ""M9"", ""fmt"": ""csv"", ""module"": ""M9"", ""syllabusRef"": ""M9.1"", ""level"": """", ""difficulty"": ""MEDIUM"", ""subTopic"": ""09.01 General"", ""isEssay"": false}",False
M9,M9.2,,What type of photoreceptor is responsible for colour vision?,Rods,Cones,Both equally,,Cones,EASY,09.02 Human Performance and Limitations,,,APPROVED,,1,EASA-Module-9a-Human-Factors-Complete.pdf,"{""raw"": ""What type of photoreceptor is responsible for colour vision?"", ""question"": ""What type of photoreceptor is responsible for colour vision?"", ""options"": [""Rods"", ""Cones"", ""Both equally""], ""correct"": ""Cones"", ""answer_text"": null, ""category"": null, ""source_file"": ""EASA-Module-9a-Human-Factors-Complete.pdf"", ""source_module"": ""M9"", ""fmt"": ""csv"", ""module"": ""M9"", ""syllabusRef"": ""M9.2"", ""level"": """", ""difficulty"": ""EASY"", ""subTopic"": ""09.02 Human Performance and Limitations"", ""isEssay"": false}",False
M9,M9.2,,Why is the field of vision important for maintenance personnel working on aircraft?,It affects colour perception only,Peripheral vision detects movement while central vision provides detail,It has no relevance to maintenance,,Peripheral vision detects movement while central vision provides detail,HARD,09.02 Human Performance and Limitations,,,APPROVED,,1,EASA-Module-9a-Human-Factors-Complete.pdf,"{""raw"": ""Why is the field of vision important for maintenance personnel working on aircraft?"", ""question"": ""Why is the field of vision important for maintenance personnel working on aircraft?"", ""options"": [""It affects colour perception only"", ""Peripheral vision detects movement while central vision provides detail"", ""It has no relevance to maintenance""], ""correct"": ""Peripheral vision detects movement while central vision provides detail"", ""answer_text"": null, ""category"": null, ""source_file"": ""EASA-Module-9a-Human-Factors-Complete.pdf"", ""source_module"": ""M9"", ""fmt"": ""csv"", ""module"": ""M9"", ""syllabusRef"": ""M9.2"", ""level"": """", ""difficulty"": ""HARD"", ""subTopic"": ""09.02 Human Performance and Limitations"", ""isEssay"": false}",False
M9,M9.3,,How does group dynamics affect individual behaviour in maintenance teams?,Individuals always maintain their own standards,Individuals may conform to group norms even if unsafe,Groups always make better decisions,,Individuals may conform to group norms even if unsafe,MEDIUM,09.03 Social Psychology,,,APPROVED,,1,EASA-Module-9a-Human-Factors-Complete.pdf,"{""raw"": ""How does group dynamics affect individual behaviour in maintenance teams?"", ""question"": ""How does group dynamics affect individual behaviour in maintenance teams?"", ""options"": [""Individuals always maintain their own standards"", ""Individuals may conform to group norms even if unsafe"", ""Groups always make better decisions""], ""correct"": ""Individuals may conform to group norms even if unsafe"", ""answer_text"": null, ""category"": null, ""source_file"": ""EASA-Module-9a-Human-Factors-Complete.pdf"", ""source_module"": ""M9"", ""fmt"": ""csv"", ""module"": ""M9"", ""syllabusRef"": ""M9.3"", ""level"": """", ""difficulty"": ""MEDIUM"", ""subTopic"": ""09.03 Social Psychology"", ""isEssay"": false}",False
M9,M9.4,,Why is it dangerous to work extended shifts without adequate rest?,It only causes tiredness,"It creates cumulative sleep debt, reducing vigilance and increasing error risk",It improves productivity,,"It creates cumulative sleep debt, reducing vigilance and increasing error risk",HARD,09.04 Factors That Affect Performance,,,APPROVED,,1,EASA-Module-9a-Human-Factors-Complete.pdf,"{""raw"": ""Why is it dangerous to work extended shifts without adequate rest?"", ""question"": ""Why is it dangerous to work extended shifts without adequate rest?"", ""options"": [""It only causes tiredness"", ""It creates cumulative sleep debt, reducing vigilance and increasing error risk"", ""It improves productivity""], ""correct"": ""It creates cumulative sleep debt, reducing vigilance and increasing error risk"", ""answer_text"": null, ""category"": null, ""source_file"": ""EASA-Module-9a-Human-Factors-Complete.pdf"", ""source_module"": ""M9"", ""fmt"": ""csv"", ""module"": ""M9"", ""syllabusRef"": ""M9.4"", ""level"": """", ""difficulty"": ""HARD"", ""subTopic"": ""09.04 Factors That Affect Performance"", ""isEssay"": false}",False
M9,M9.5,,What effect does poor ventilation have on maintenance personnel?,No effect on performance,Reduced concentration and increased fatigue,Improved alertness,,Reduced concentration and increased fatigue,MEDIUM,09.05 Physical Environment,,,APPROVED,,1,EASA-Module-9a-Human-Factors-Complete.pdf,"{""raw"": ""What effect does poor ventilation have on maintenance personnel?"", ""question"": ""What effect does poor ventilation have on maintenance personnel?"", ""options"": [""No effect on performance"", ""Reduced concentration and increased fatigue"", ""Improved alertness""], ""correct"": ""Reduced concentration and increased fatigue"", ""answer_text"": null, ""category"": null, ""source_file"": ""EASA-Module-9a-Human-Factors-Complete.pdf"", ""source_module"": ""M9"", ""fmt"": ""csv"", ""module"": ""M9"", ""syllabusRef"": ""M9.5"", ""level"": """", ""difficulty"": ""MEDIUM"", ""subTopic"": ""09.05 Physical Environment"", ""isEssay"": false}",False
M9,M9.6,,Why is vigilance particularly important during inspection tasks?,Inspections are always quick,Detecting defects requires sustained attention which deteriorates over time,Inspections never require attention to detail,,Detecting defects requires sustained attention which deteriorates over time,HARD,09.06 Tasks,,,APPROVED,,1,EASA-Module-9a-Human-Factors-Complete.pdf,"{""raw"": ""Why is vigilance particularly important during inspection tasks?"", ""question"": ""Why is vigilance particularly important during inspection tasks?"", ""options"": [""Inspections are always quick"", ""Detecting defects requires sustained attention which deteriorates over time"", ""Inspections never require attention to detail""], ""correct"": ""Detecting defects requires sustained attention which deteriorates over time"", ""answer_text"": null, ""category"": null, ""source_file"": ""EASA-Module-9a-Human-Factors-Complete.pdf"", ""source_module"": ""M9"", ""fmt"": ""csv"", ""module"": ""M9"", ""syllabusRef"": ""M9.6"", ""level"": """", ""difficulty"": ""HARD"", ""subTopic"": ""09.06 Tasks"", ""isEssay"": false}",False
M9,M9.7,,What is the most important aspect of written communication for engineers?,Using technical jargon,Clarity and completeness to avoid misinterpretation,Writing as little as possible,,Clarity and completeness to avoid misinterpretation,HARD,09.07 Communication,,,APPROVED,,1,EASA-Module-9a-Human-Factors-Complete.pdf,"{""raw"": ""What is the most important aspect of written communication for engineers?"", ""question"": ""What is the most important aspect of written communication for engineers?"", ""options"": [""Using technical jargon"", ""Clarity and completeness to avoid misinterpretation"", ""Writing as little as possible""], ""correct"": ""Clarity and completeness to avoid misinterpretation"", ""answer_text"": null, ""category"": null, ""source_file"": ""EASA-Module-9a-Human-Factors-Complete.pdf"", ""source_module"": ""M9"", ""fmt"": ""csv"", ""module"": ""M9"", ""syllabusRef"": ""M9.7"", ""level"": """", ""difficulty"": ""HARD"", ""subTopic"": ""09.07 Communication"", ""isEssay"": false}",False
M9,M9.8,,What is the 'Swiss Cheese Model' in human factors?,A model about aircraft manufacturing,A model showing how multiple latent conditions align to allow an accident,A model about cheese production,,A model showing how multiple latent conditions align to allow an accident,HARD,09.08 Human Errors,,,APPROVED,,1,EASA-Module-9a-Human-Factors-Complete.pdf,"{""raw"": ""What is the 'Swiss Cheese Model' in human factors?"", ""question"": ""What is the 'Swiss Cheese Model' in human factors?"", ""options"": [""A model about aircraft manufacturing"", ""A model showing how multiple latent conditions align to allow an accident"", ""A model about cheese production""], ""correct"": ""A model showing how multiple latent conditions align to allow an accident"", ""answer_text"": null, ""category"": null, ""source_file"": ""EASA-Module-9a-Human-Factors-Complete.pdf"", ""source_module"": ""M9"", ""fmt"": ""csv"", ""module"": ""M9"", ""syllabusRef"": ""M9.8"", ""level"": """", ""difficulty"": ""HARD"", ""subTopic"": ""09.08 Human Errors"", ""isEssay"": false}",False
M9,M9.9,,What is the purpose of a safety investigation?,To assign blame,To learn from occurrences and prevent recurrence,To satisfy legal requirements,,To learn from occurrences and prevent recurrence,HARD,09.09 Safety Management,,,APPROVED,,1,EASA-Module-9a-Human-Factors-Complete.pdf,"{""raw"": ""What is the purpose of a safety investigation?"", ""question"": ""What is the purpose of a safety investigation?"", ""options"": [""To assign blame"", ""To learn from occurrences and prevent recurrence"", ""To satisfy legal requirements""], ""correct"": ""To learn from occurrences and prevent recurrence"", ""answer_text"": null, ""category"": null, ""source_file"": ""EASA-Module-9a-Human-Factors-Complete.pdf"", ""source_module"": ""M9"", ""fmt"": ""csv"", ""module"": ""M9"", ""syllabusRef"": ""M9.9"", ""level"": """", ""difficulty"": ""HARD"", ""subTopic"": ""09.09 Safety Management"", ""isEssay"": false}",False
M9,M9.10,,What is the 'Dirty Dozen' and why is it important in aviation maintenance?,12 aircraft types; important for classification,12 common human errors that lead to accidents; awareness helps mitigate risk,12 maintenance procedures; important for certification,,12 common human errors that lead to accidents; awareness helps mitigate risk,HARD,09.10 The Dirty Dozen And Risk Mitigation,,,APPROVED,,1,EASA-Module-9a-Human-Factors-Complete.pdf,"{""raw"": ""What is the 'Dirty Dozen' and why is it important in aviation maintenance?"", ""question"": ""What is the 'Dirty Dozen' and why is it important in aviation maintenance?"", ""options"": [""12 aircraft types; important for classification"", ""12 common human errors that lead to accidents; awareness helps mitigate risk"", ""12 maintenance procedures; important for certification""], ""correct"": ""12 common human errors that lead to accidents; awareness helps mitigate risk"", ""answer_text"": null, ""category"": null, ""source_file"": ""EASA-Module-9a-Human-Factors-Complete.pdf"", ""source_module"": ""M9"", ""fmt"": ""csv"", ""module"": ""M9"", ""syllabusRef"": ""M9.10"", ""level"": """", ""difficulty"": ""HARD"", ""subTopic"": ""09.10 The Dirty Dozen And Risk Mitigation"", ""isEssay"": false}",False
M9,M9.4,,What is fatigue?,A medical condition requiring medication,A state of physical and mental tiredness reducing performance,A type of stress,,A state of physical and mental tiredness reducing performance,EASY,09.04 Factors That Affect Performance,,,APPROVED,,1,EASA-Module-9a-Human-Factors-Complete.pdf,"{""raw"": ""What is fatigue?"", ""question"": ""What is fatigue?"", ""options"": [""A medical condition requiring medication"", ""A state of physical and mental tiredness reducing performance"", ""A type of stress""], ""correct"": ""A state of physical and mental tiredness reducing performance"", ""answer_text"": null, ""category"": null, ""source_file"": ""EASA-Module-9a-Human-Factors-Complete.pdf"", ""source_module"": ""M9"", ""fmt"": ""csv"", ""module"": ""M9"", ""syllabusRef"": ""M9.4"", ""level"": """", ""difficulty"": ""EASY"", ""subTopic"": ""09.04 Factors That Affect Performance"", ""isEssay"": false}",False
M9,M9.4,,Which of the following is a cause of fatigue in maintenance personnel?,Adequate sleep,Long shifts and insufficient rest,Regular exercise,,Long shifts and insufficient rest,MEDIUM,09.04 Factors That Affect Performance,,,APPROVED,,1,EASA-Module-9a-Human-Factors-Complete.pdf,"{""raw"": ""Which of the following is a cause of fatigue in maintenance personnel?"", ""question"": ""Which of the following is a cause of fatigue in maintenance personnel?"", ""options"": [""Adequate sleep"", ""Long shifts and insufficient rest"", ""Regular exercise""], ""correct"": ""Long shifts and insufficient rest"", ""answer_text"": null, ""category"": null, ""source_file"": ""EASA-Module-9a-Human-Factors-Complete.pdf"", ""source_module"": ""M9"", ""fmt"": ""csv"", ""module"": ""M9"", ""syllabusRef"": ""M9.4"", ""level"": """", ""difficulty"": ""MEDIUM"", ""subTopic"": ""09.04 Factors That Affect Performance"", ""isEssay"": false}",False
M9,M9.7,,What should a technician do if they do not understand an instruction?,Guess and proceed,Ask for clarification before proceeding,Do their best interpretation,,Ask for clarification before proceeding,EASY,09.07 Communication,,,APPROVED,,1,EASA-Module-9a-Human-Factors-Complete.pdf,"{""raw"": ""What should a technician do if they do not understand an instruction?"", ""question"": ""What should a technician do if they do not understand an instruction?"", ""options"": [""Guess and proceed"", ""Ask for clarification before proceeding"", ""Do their best interpretation""], ""correct"": ""Ask for clarification before proceeding"", ""answer_text"": null, ""category"": null, ""source_file"": ""EASA-Module-9a-Human-Factors-Complete.pdf"", ""source_module"": ""M9"", ""fmt"": ""csv"", ""module"": ""M9"", ""syllabusRef"": ""M9.7"", ""level"": """", ""difficulty"": ""EASY"", ""subTopic"": ""09.07 Communication"", ""isEssay"": false}",False
M9,M9.8,,What is an active failure in human error terms?,An error with delayed consequences,An error with immediate adverse consequences,A planned action,,An error with immediate adverse consequences,MEDIUM,09.08 Human Errors,,,APPROVED,,1,EASA-Module-9a-Human-Factors-Complete.pdf,"{""raw"": ""What is an active failure in human error terms?"", ""question"": ""What is an active failure in human error terms?"", ""options"": [""An error with delayed consequences"", ""An error with immediate adverse consequences"", ""A planned action""], ""correct"": ""An error with immediate adverse consequences"", ""answer_text"": null, ""category"": null, ""source_file"": ""EASA-Module-9a-Human-Factors-Complete.pdf"", ""source_module"": ""M9"", ""fmt"": ""csv"", ""module"": ""M9"", ""syllabusRef"": ""M9.8"", ""level"": """", ""difficulty"": ""MEDIUM"", ""subTopic"": ""09.08 Human Errors"", ""isEssay"": false}",False
M9,M9.9,,What is a hazard?,An accident that has occurred,A source of potential harm or damage,A safety regulation,,A source of potential harm or damage,EASY,09.09 Safety Management,,,APPROVED,,1,EASA-Module-9a-Human-Factors-Complete.pdf,"{""raw"": ""What is a hazard?"", ""question"": ""What is a hazard?"", ""options"": [""An accident that has occurred"", ""A source of potential harm or damage"", ""A safety regulation""], ""correct"": ""A source of potential harm or damage"", ""answer_text"": null, ""category"": null, ""source_file"": ""EASA-Module-9a-Human-Factors-Complete.pdf"", ""source_module"": ""M9"", ""fmt"": ""csv"", ""module"": ""M9"", ""syllabusRef"": ""M9.9"", ""level"": """", ""difficulty"": ""EASY"", ""subTopic"": ""09.09 Safety Management"", ""isEssay"": false}",False
M9,M9.10,,What is a safety net in the Dirty Dozen context?,Physical netting on aircraft,A protective measure or strategy to prevent errors,A type of insurance,,A protective measure or strategy to prevent errors,EASY,09.10 The Dirty Dozen And Risk Mitigation,,,APPROVED,,1,EASA-Module-9a-Human-Factors-Complete.pdf,"{""raw"": ""What is a safety net in the Dirty Dozen context?"", ""question"": ""What is a safety net in the Dirty Dozen context?"", ""options"": [""Physical netting on aircraft"", ""A protective measure or strategy to prevent errors"", ""A type of insurance""], ""correct"": ""A protective measure or strategy to prevent errors"", ""answer_text"": null, ""category"": null, ""source_file"": ""EASA-Module-9a-Human-Factors-Complete.pdf"", ""source_module"": ""M9"", ""fmt"": ""csv"", ""module"": ""M9"", ""syllabusRef"": ""M9.10"", ""level"": """", ""difficulty"": ""EASY"", ""subTopic"": ""09.10 The Dirty Dozen And Risk Mitigation"", ""isEssay"": false}",False
M9,M9.4,,How does circadian rhythm affect maintenance performance?,It has no effect on night shift workers,"It causes natural drowsiness at certain times, affecting alertness",It only affects pilots,,"It causes natural drowsiness at certain times, affecting alertness",HARD,09.04 Factors That Affect Performance,,,APPROVED,,1,EASA-Module-9a-Human-Factors-Complete.pdf,"{""raw"": ""How does circadian rhythm affect maintenance performance?"", ""question"": ""How does circadian rhythm affect maintenance performance?"", ""options"": [""It has no effect on night shift workers"", ""It causes natural drowsiness at certain times, affecting alertness"", ""It only affects pilots""], ""correct"": ""It causes natural drowsiness at certain times, affecting alertness"", ""answer_text"": null, ""category"": null, ""source_file"": ""EASA-Module-9a-Human-Factors-Complete.pdf"", ""source_module"": ""M9"", ""fmt"": ""csv"", ""module"": ""M9"", ""syllabusRef"": ""M9.4"", ""level"": """", ""difficulty"": ""HARD"", ""subTopic"": ""09.04 Factors That Affect Performance"", ""isEssay"": false}",False
M9,M9.2,,What is 'situational awareness'?,Knowing the aircraft type,"Perception of elements in the environment, comprehension of the situation, and projection of future status",Being aware of company policies,,"Perception of elements in the environment, comprehension of the situation, and projection of future status",MEDIUM,09.02 Human Performance and Limitations,,,APPROVED,,1,EASA-Module-9a-Human-Factors-Complete.pdf,"{""raw"": ""What is 'situational awareness'?"", ""question"": ""What is 'situational awareness'?"", ""options"": [""Knowing the aircraft type"", ""Perception of elements in the environment, comprehension of the situation, and projection of future status"", ""Being aware of company policies""], ""correct"": ""Perception of elements in the environment, comprehension of the situation, and projection of future status"", ""answer_text"": null, ""category"": null, ""source_file"": ""EASA-Module-9a-Human-Factors-Complete.pdf"", ""source_module"": ""M9"", ""fmt"": ""csv"", ""module"": ""M9"", ""syllabusRef"": ""M9.2"", ""level"": """", ""difficulty"": ""MEDIUM"", ""subTopic"": ""09.02 Human Performance and Limitations"", ""isEssay"": false}",False
M9,,,What is the significance of the Aloha Airlines B737 accident for Human Factors training?,It was caused by weather,It highlighted the importance of structural inspection and human error,It proved aircraft age is irrelevant,,It highlighted the importance of structural inspection and human error,MEDIUM,09.01 General,,,APPROVED,,1,EASA-Module-9a-Human-Factors-Complete.pdf,"{""raw"": ""What is the significance of the Aloha Airlines B737 accident for Human Factors training?"", ""question"": ""What is the significance of the Aloha Airlines B737 accident for Human Factors training?"", ""options"": [""It was caused by weather"", ""It highlighted the importance of structural inspection and human error"", ""It proved aircraft age is irrelevant""], ""correct"": ""It highlighted the importance of structural inspection and human error"", ""answer_text"": null, ""category"": null, ""source_file"": ""EASA-Module-9a-Human-Factors-Complete.pdf"", ""source_module"": ""M9"", ""fmt"": ""csv"", ""module"": ""M9"", ""syllabusRef"": """", ""level"": """", ""difficulty"": ""MEDIUM"", ""subTopic"": ""09.01 General"", ""isEssay"": false}",False
M9,,,How does understanding human error contribute to aviation safety?,It allows blame to be assigned,It enables proactive measures to prevent accidents,It has no practical application,,It enables proactive measures to prevent accidents,HARD,09.01 General,,,APPROVED,,1,EASA-Module-9a-Human-Factors-Complete.pdf,"{""raw"": ""How does understanding human error contribute to aviation safety?"", ""question"": ""How does understanding human error contribute to aviation safety?"", ""options"": [""It allows blame to be assigned"", ""It enables proactive measures to prevent accidents"", ""It has no practical application""], ""correct"": ""It enables proactive measures to prevent accidents"", ""answer_text"": null, ""category"": null, ""source_file"": ""EASA-Module-9a-Human-Factors-Complete.pdf"", ""source_module"": ""M9"", ""fmt"": ""csv"", ""module"": ""M9"", ""syllabusRef"": """", ""level"": """", ""difficulty"": ""HARD"", ""subTopic"": ""09.01 General"", ""isEssay"": false}",False
M9,,,What is the effect of stress on perception in aviation maintenance?,It improves accuracy,It can cause misinterpretation of visual information,It has no effect on perception,,It can cause misinterpretation of visual information,MEDIUM,09.02 Human Performance and Limitations,,,APPROVED,,1,EASA-Module-9a-Human-Factors-Complete.pdf,"{""raw"": ""What is the effect of stress on perception in aviation maintenance?"", ""question"": ""What is the effect of stress on perception in aviation maintenance?"", ""options"": [""It improves accuracy"", ""It can cause misinterpretation of visual information"", ""It has no effect on perception""], ""correct"": ""It can cause misinterpretation of visual information"", ""answer_text"": null, ""category"": null, ""source_file"": ""EASA-Module-9a-Human-Factors-Complete.pdf"", ""source_module"": ""M9"", ""fmt"": ""csv"", ""module"": ""M9"", ""syllabusRef"": """", ""level"": """", ""difficulty"": ""MEDIUM"", ""subTopic"": ""09.02 Human Performance and Limitations"", ""isEssay"": false}",False
M9,,,Why is proprioception important for maintenance technicians working at height?,It improves colour vision,It provides awareness of body position and movement,It reduces fatigue,,It provides awareness of body position and movement,HARD,09.02 Human Performance and Limitations,,,APPROVED,,1,EASA-Module-9a-Human-Factors-Complete.pdf,"{""raw"": ""Why is proprioception important for maintenance technicians working at height?"", ""question"": ""Why is proprioception important for maintenance technicians working at height?"", ""options"": [""It improves colour vision"", ""It provides awareness of body position and movement"", ""It reduces fatigue""], ""correct"": ""It provides awareness of body position and movement"", ""answer_text"": null, ""category"": null, ""source_file"": ""EASA-Module-9a-Human-Factors-Complete.pdf"", ""source_module"": ""M9"", ""fmt"": ""csv"", ""module"": ""M9"", ""syllabusRef"": """", ""level"": """", ""difficulty"": ""HARD"", ""subTopic"": ""09.02 Human Performance and Limitations"", ""isEssay"": false}",False
M9,,,What is groupthink in the context of maintenance teams?,A method of collective decision-making,A psychological phenomenon where desire for harmony overrides critical thinking,A team-building exercise,,A psychological phenomenon where desire for harmony overrides critical thinking,MEDIUM,09.03 Social Psychology,,,APPROVED,,1,EASA-Module-9a-Human-Factors-Complete.pdf,"{""raw"": ""What is groupthink in the context of maintenance teams?"", ""question"": ""What is groupthink in the context of maintenance teams?"", ""options"": [""A method of collective decision-making"", ""A psychological phenomenon where desire for harmony overrides critical thinking"", ""A team-building exercise""], ""correct"": ""A psychological phenomenon where desire for harmony overrides critical thinking"", ""answer_text"": null, ""category"": null, ""source_file"": ""EASA-Module-9a-Human-Factors-Complete.pdf"", ""source_module"": ""M9"", ""fmt"": ""csv"", ""module"": ""M9"", ""syllabusRef"": """", ""level"": """", ""difficulty"": ""MEDIUM"", ""subTopic"": ""09.03 Social Psychology"", ""isEssay"": false}",False
M9,,,How can an organisation reduce the negative impact of informal norms?,By increasing supervision,By establishing clear standards and encouraging speaking up,By ignoring informal behaviour,,By establishing clear standards and encouraging speaking up,HARD,09.03 Social Psychology,,,APPROVED,,1,EASA-Module-9a-Human-Factors-Complete.pdf,"{""raw"": ""How can an organisation reduce the negative impact of informal norms?"", ""question"": ""How can an organisation reduce the negative impact of informal norms?"", ""options"": [""By increasing supervision"", ""By establishing clear standards and encouraging speaking up"", ""By ignoring informal behaviour""], ""correct"": ""By establishing clear standards and encouraging speaking up"", ""answer_text"": null, ""category"": null, ""source_file"": ""EASA-Module-9a-Human-Factors-Complete.pdf"", ""source_module"": ""M9"", ""fmt"": ""csv"", ""module"": ""M9"", ""syllabusRef"": """", ""level"": """", ""difficulty"": ""HARD"", ""subTopic"": ""09.03 Social Psychology"", ""isEssay"": false}",False
M9,,,What is the recommended sleep credit per hour of sleep?,1 hour credit per hour of sleep,2 hours credit per hour of sleep,3 hours credit per hour of sleep,,2 hours credit per hour of sleep,EASY,09.04 Factors That Affect Performance,,,APPROVED,,1,EASA-Module-9a-Human-Factors-Complete.pdf,"{""raw"": ""What is the recommended sleep credit per hour of sleep?"", ""question"": ""What is the recommended sleep credit per hour of sleep?"", ""options"": [""1 hour credit per hour of sleep"", ""2 hours credit per hour of sleep"", ""3 hours credit per hour of sleep""], ""correct"": ""2 hours credit per hour of sleep"", ""answer_text"": null, ""category"": null, ""source_file"": ""EASA-Module-9a-Human-Factors-Complete.pdf"", ""source_module"": ""M9"", ""fmt"": ""csv"", ""module"": ""M9"", ""syllabusRef"": """", ""level"": """", ""difficulty"": ""EASY"", ""subTopic"": ""09.04 Factors That Affect Performance"", ""isEssay"": false}",False
M9,,,Which of the following is a physical factor affecting performance?,Stress,Noise and temperature,Complacency,,Noise and temperature,MEDIUM,09.04 Factors That Affect Performance,,,APPROVED,,1,EASA-Module-9a-Human-Factors-Complete.pdf,"{""raw"": ""Which of the following is a physical factor affecting performance?"", ""question"": ""Which of the following is a physical factor affecting performance?"", ""options"": [""Stress"", ""Noise and temperature"", ""Complacency""], ""correct"": ""Noise and temperature"", ""answer_text"": null, ""category"": null, ""source_file"": ""EASA-Module-9a-Human-Factors-Complete.pdf"", ""source_module"": ""M9"", ""fmt"": ""csv"", ""module"": ""M9"", ""syllabusRef"": """", ""level"": """", ""difficulty"": ""MEDIUM"", ""subTopic"": ""09.04 Factors That Affect Performance"", ""isEssay"": false}",False
M9,,,Why is workload management particularly challenging in AOG situations?,Because AOG never creates pressure,Because unplanned workload requires flexibility while maintaining safety,Because AOG only affects line maintenance,,Because unplanned workload requires flexibility while maintaining safety,HARD,09.04 Factors That Affect Performance,,,APPROVED,,1,EASA-Module-9a-Human-Factors-Complete.pdf,"{""raw"": ""Why is workload management particularly challenging in AOG situations?"", ""question"": ""Why is workload management particularly challenging in AOG situations?"", ""options"": [""Because AOG never creates pressure"", ""Because unplanned workload requires flexibility while maintaining safety"", ""Because AOG only affects line maintenance""], ""correct"": ""Because unplanned workload requires flexibility while maintaining safety"", ""answer_text"": null, ""category"": null, ""source_file"": ""EASA-Module-9a-Human-Factors-Complete.pdf"", ""source_module"": ""M9"", ""fmt"": ""csv"", ""module"": ""M9"", ""syllabusRef"": """", ""level"": """", ""difficulty"": ""HARD"", ""subTopic"": ""09.04 Factors That Affect Performance"", ""isEssay"": false}",False
M9,,,What effect can poor ventilation have on maintenance personnel?,Improved concentration,Reduced alertness and increased fatigue,No effect,,Reduced alertness and increased fatigue,MEDIUM,09.05 Physical Environment,,,APPROVED,,1,EASA-Module-9a-Human-Factors-Complete.pdf,"{""raw"": ""What effect can poor ventilation have on maintenance personnel?"", ""question"": ""What effect can poor ventilation have on maintenance personnel?"", ""options"": [""Improved concentration"", ""Reduced alertness and increased fatigue"", ""No effect""], ""correct"": ""Reduced alertness and increased fatigue"", ""answer_text"": null, ""category"": null, ""source_file"": ""EASA-Module-9a-Human-Factors-Complete.pdf"", ""source_module"": ""M9"", ""fmt"": ""csv"", ""module"": ""M9"", ""syllabusRef"": """", ""level"": """", ""difficulty"": ""MEDIUM"", ""subTopic"": ""09.05 Physical Environment"", ""isEssay"": false}",False
M9,,,How does situational awareness relate to the physical environment?,It is unaffected by environmental conditions,Environmental factors can degrade awareness of hazards,It only depends on training,,Environmental factors can degrade awareness of hazards,HARD,09.05 Physical Environment,,,APPROVED,,1,EASA-Module-9a-Human-Factors-Complete.pdf,"{""raw"": ""How does situational awareness relate to the physical environment?"", ""question"": ""How does situational awareness relate to the physical environment?"", ""options"": [""It is unaffected by environmental conditions"", ""Environmental factors can degrade awareness of hazards"", ""It only depends on training""], ""correct"": ""Environmental factors can degrade awareness of hazards"", ""answer_text"": null, ""category"": null, ""source_file"": ""EASA-Module-9a-Human-Factors-Complete.pdf"", ""source_module"": ""M9"", ""fmt"": ""csv"", ""module"": ""M9"", ""syllabusRef"": """", ""level"": """", ""difficulty"": ""HARD"", ""subTopic"": ""09.05 Physical Environment"", ""isEssay"": false}",False
M9,,,What makes visual inspection particularly prone to error?,Inspections are always simple,It requires sustained attention which deteriorates over time,Inspectors work too quickly,,It requires sustained attention which deteriorates over time,MEDIUM,09.06 Tasks,,,APPROVED,,1,EASA-Module-9a-Human-Factors-Complete.pdf,"{""raw"": ""What makes visual inspection particularly prone to error?"", ""question"": ""What makes visual inspection particularly prone to error?"", ""options"": [""Inspections are always simple"", ""It requires sustained attention which deteriorates over time"", ""Inspectors work too quickly""], ""correct"": ""It requires sustained attention which deteriorates over time"", ""answer_text"": null, ""category"": null, ""source_file"": ""EASA-Module-9a-Human-Factors-Complete.pdf"", ""source_module"": ""M9"", ""fmt"": ""csv"", ""module"": ""M9"", ""syllabusRef"": """", ""level"": """", ""difficulty"": ""MEDIUM"", ""subTopic"": ""09.06 Tasks"", ""isEssay"": false}",False
M9,,,Why are critical maintenance tasks especially vulnerable to human error?,They are always well-documented,Errors in these tasks have severe consequences and high cognitive demand,They are rarely performed,,Errors in these tasks have severe consequences and high cognitive demand,HARD,09.06 Tasks,,,APPROVED,,1,EASA-Module-9a-Human-Factors-Complete.pdf,"{""raw"": ""Why are critical maintenance tasks especially vulnerable to human error?"", ""question"": ""Why are critical maintenance tasks especially vulnerable to human error?"", ""options"": [""They are always well-documented"", ""Errors in these tasks have severe consequences and high cognitive demand"", ""They are rarely performed""], ""correct"": ""Errors in these tasks have severe consequences and high cognitive demand"", ""answer_text"": null, ""category"": null, ""source_file"": ""EASA-Module-9a-Human-Factors-Complete.pdf"", ""source_module"": ""M9"", ""fmt"": ""csv"", ""module"": ""M9"", ""syllabusRef"": """", ""level"": """", ""difficulty"": ""HARD"", ""subTopic"": ""09.06 Tasks"", ""isEssay"": false}",False
M9,,,What is a key element of effective written communication for engineers?,Using as much jargon as possible,Clarity and completeness to avoid misinterpretation,Writing very briefly,,Clarity and completeness to avoid misinterpretation,MEDIUM,09.07 Communication,,,APPROVED,,1,EASA-Module-9a-Human-Factors-Complete.pdf,"{""raw"": ""What is a key element of effective written communication for engineers?"", ""question"": ""What is a key element of effective written communication for engineers?"", ""options"": [""Using as much jargon as possible"", ""Clarity and completeness to avoid misinterpretation"", ""Writing very briefly""], ""correct"": ""Clarity and completeness to avoid misinterpretation"", ""answer_text"": null, ""category"": null, ""source_file"": ""EASA-Module-9a-Human-Factors-Complete.pdf"", ""source_module"": ""M9"", ""fmt"": ""csv"", ""module"": ""M9"", ""syllabusRef"": """", ""level"": """", ""difficulty"": ""MEDIUM"", ""subTopic"": ""09.07 Communication"", ""isEssay"": false}",False
M9,,,Why are shift handovers particularly critical in aviation maintenance?,They are a legal formality only,Loss of information during handover has caused multiple accidents,They only matter for management,,Loss of information during handover has caused multiple accidents,HARD,09.07 Communication,,,APPROVED,,1,EASA-Module-9a-Human-Factors-Complete.pdf,"{""raw"": ""Why are shift handovers particularly critical in aviation maintenance?"", ""question"": ""Why are shift handovers particularly critical in aviation maintenance?"", ""options"": [""They are a legal formality only"", ""Loss of information during handover has caused multiple accidents"", ""They only matter for management""], ""correct"": ""Loss of information during handover has caused multiple accidents"", ""answer_text"": null, ""category"": null, ""source_file"": ""EASA-Module-9a-Human-Factors-Complete.pdf"", ""source_module"": ""M9"", ""fmt"": ""csv"", ""module"": ""M9"", ""syllabusRef"": """", ""level"": """", ""difficulty"": ""HARD"", ""subTopic"": ""09.07 Communication"", ""isEssay"": false}",False
M9,,,What is the sharp end in accident investigation terminology?,The management level,The person directly involved in the accident,The regulatory body,,The person directly involved in the accident,MEDIUM,09.08 Human Errors,,,APPROVED,,1,EASA-Module-9a-Human-Factors-Complete.pdf,"{""raw"": ""What is the sharp end in accident investigation terminology?"", ""question"": ""What is the sharp end in accident investigation terminology?"", ""options"": [""The management level"", ""The person directly involved in the accident"", ""The regulatory body""], ""correct"": ""The person directly involved in the accident"", ""answer_text"": null, ""category"": null, ""source_file"": ""EASA-Module-9a-Human-Factors-Complete.pdf"", ""source_module"": ""M9"", ""fmt"": ""csv"", ""module"": ""M9"", ""syllabusRef"": """", ""level"": """", ""difficulty"": ""MEDIUM"", ""subTopic"": ""09.08 Human Errors"", ""isEssay"": false}",False
M9,,,Why is the blunt end important in human error analysis?,It assigns blame to individuals,Systemic and organisational factors often underlie errors,It is less important than the sharp end,,Systemic and organisational factors often underlie errors,HARD,09.08 Human Errors,,,APPROVED,,1,EASA-Module-9a-Human-Factors-Complete.pdf,"{""raw"": ""Why is the blunt end important in human error analysis?"", ""question"": ""Why is the blunt end important in human error analysis?"", ""options"": [""It assigns blame to individuals"", ""Systemic and organisational factors often underlie errors"", ""It is less important than the sharp end""], ""correct"": ""Systemic and organisational factors often underlie errors"", ""answer_text"": null, ""category"": null, ""source_file"": ""EASA-Module-9a-Human-Factors-Complete.pdf"", ""source_module"": ""M9"", ""fmt"": ""csv"", ""module"": ""M9"", ""syllabusRef"": """", ""level"": """", ""difficulty"": ""HARD"", ""subTopic"": ""09.08 Human Errors"", ""isEssay"": false}",False
M9,,,What is the primary purpose of an occurrence reporting system?,To punish those who make errors,To learn from events and improve safety,To satisfy regulatory requirements only,,To learn from events and improve safety,MEDIUM,09.09 Safety Management,,,APPROVED,,1,EASA-Module-9a-Human-Factors-Complete.pdf,"{""raw"": ""What is the primary purpose of an occurrence reporting system?"", ""question"": ""What is the primary purpose of an occurrence reporting system?"", ""options"": [""To punish those who make errors"", ""To learn from events and improve safety"", ""To satisfy regulatory requirements only""], ""correct"": ""To learn from events and improve safety"", ""answer_text"": null, ""category"": null, ""source_file"": ""EASA-Module-9a-Human-Factors-Complete.pdf"", ""source_module"": ""M9"", ""fmt"": ""csv"", ""module"": ""M9"", ""syllabusRef"": """", ""level"": """", ""difficulty"": ""MEDIUM"", ""subTopic"": ""09.09 Safety Management"", ""isEssay"": false}",False
M9,,,What is the relationship between just culture and safety reporting?,Just culture discourages reporting,Just culture encourages reporting by distinguishing errors from misconduct,Just culture has no effect on reporting,,Just culture encourages reporting by distinguishing errors from misconduct,HARD,09.09 Safety Management,,,APPROVED,,1,EASA-Module-9a-Human-Factors-Complete.pdf,"{""raw"": ""What is the relationship between just culture and safety reporting?"", ""question"": ""What is the relationship between just culture and safety reporting?"", ""options"": [""Just culture discourages reporting"", ""Just culture encourages reporting by distinguishing errors from misconduct"", ""Just culture has no effect on reporting""], ""correct"": ""Just culture encourages reporting by distinguishing errors from misconduct"", ""answer_text"": null, ""category"": null, ""source_file"": ""EASA-Module-9a-Human-Factors-Complete.pdf"", ""source_module"": ""M9"", ""fmt"": ""csv"", ""module"": ""M9"", ""syllabusRef"": """", ""level"": """", ""difficulty"": ""HARD"", ""subTopic"": ""09.09 Safety Management"", ""isEssay"": false}",False
M9,,,Which of the following is one of the Dirty Dozen?,Aircraft design,Complacency,Weather conditions,,Complacency,EASY,09.10 The Dirty Dozen And Risk Mitigation,,,APPROVED,,1,EASA-Module-9a-Human-Factors-Complete.pdf,"{""raw"": ""Which of the following is one of the Dirty Dozen?"", ""question"": ""Which of the following is one of the Dirty Dozen?"", ""options"": [""Aircraft design"", ""Complacency"", ""Weather conditions""], ""correct"": ""Complacency"", ""answer_text"": null, ""category"": null, ""source_file"": ""EASA-Module-9a-Human-Factors-Complete.pdf"", ""source_module"": ""M9"", ""fmt"": ""csv"", ""module"": ""M9"", ""syllabusRef"": """", ""level"": """", ""difficulty"": ""EASY"", ""subTopic"": ""09.10 The Dirty Dozen And Risk Mitigation"", ""isEssay"": false}",False
M9,,,What is the recommended mitigation for lack of assertiveness?,Avoid confrontation,Provide clear feedback and never compromise safety standards,Always agree with supervisors,,Provide clear feedback and never compromise safety standards,MEDIUM,09.10 The Dirty Dozen And Risk Mitigation,,,APPROVED,,1,EASA-Module-9a-Human-Factors-Complete.pdf,"{""raw"": ""What is the recommended mitigation for lack of assertiveness?"", ""question"": ""What is the recommended mitigation for lack of assertiveness?"", ""options"": [""Avoid confrontation"", ""Provide clear feedback and never compromise safety standards"", ""Always agree with supervisors""], ""correct"": ""Provide clear feedback and never compromise safety standards"", ""answer_text"": null, ""category"": null, ""source_file"": ""EASA-Module-9a-Human-Factors-Complete.pdf"", ""source_module"": ""M9"", ""fmt"": ""csv"", ""module"": ""M9"", ""syllabusRef"": """", ""level"": """", ""difficulty"": ""MEDIUM"", ""subTopic"": ""09.10 The Dirty Dozen And Risk Mitigation"", ""isEssay"": false}",False
M9,,,Why is lack of resources particularly dangerous in maintenance environments?,It has no effect on safety,It can force technicians to use workarounds that compromise quality,It only affects cost,,It can force technicians to use workarounds that compromise quality,HARD,09.10 The Dirty Dozen And Risk Mitigation,,,APPROVED,,1,EASA-Module-9a-Human-Factors-Complete.pdf,"{""raw"": ""Why is lack of resources particularly dangerous in maintenance environments?"", ""question"": ""Why is lack of resources particularly dangerous in maintenance environments?"", ""options"": [""It has no effect on safety"", ""It can force technicians to use workarounds that compromise quality"", ""It only affects cost""], ""correct"": ""It can force technicians to use workarounds that compromise quality"", ""answer_text"": null, ""category"": null, ""source_file"": ""EASA-Module-9a-Human-Factors-Complete.pdf"", ""source_module"": ""M9"", ""fmt"": ""csv"", ""module"": ""M9"", ""syllabusRef"": """", ""level"": """", ""difficulty"": ""HARD"", ""subTopic"": ""09.10 The Dirty Dozen And Risk Mitigation"", ""isEssay"": false}",False
M9,M9.1,,What percentage of aviation accidents are attributed to human factors?,Less than 25%,Approximately 50%,Over 75%,,Over 75%,EASY,09.01 General,,,APPROVED,,1,EASA-Module-9a-Human-Factors-Complete.pdf,"{""raw"": ""What percentage of aviation accidents are attributed to human factors?"", ""question"": ""What percentage of aviation accidents are attributed to human factors?"", ""options"": [""Less than 25%"", ""Approximately 50%"", ""Over 75%""], ""correct"": ""Over 75%"", ""answer_text"": null, ""category"": null, ""source_file"": ""EASA-Module-9a-Human-Factors-Complete.pdf"", ""source_module"": ""M9"", ""fmt"": ""csv"", ""module"": ""M9"", ""syllabusRef"": ""M9.1"", ""level"": """", ""difficulty"": ""EASY"", ""subTopic"": ""09.01 General"", ""isEssay"": false}",False
M9,M9.1,,What is Murphy's Law in aviation maintenance?,Everything that can go wrong will go wrong,All errors are preventable,Maintenance always causes accidents,,Everything that can go wrong will go wrong,MEDIUM,09.01 General,,,APPROVED,,1,EASA-Module-9a-Human-Factors-Complete.pdf,"{""raw"": ""What is Murphy's Law in aviation maintenance?"", ""question"": ""What is Murphy's Law in aviation maintenance?"", ""options"": [""Everything that can go wrong will go wrong"", ""All errors are preventable"", ""Maintenance always causes accidents""], ""correct"": ""Everything that can go wrong will go wrong"", ""answer_text"": null, ""category"": null, ""source_file"": ""EASA-Module-9a-Human-Factors-Complete.pdf"", ""source_module"": ""M9"", ""fmt"": ""csv"", ""module"": ""M9"", ""syllabusRef"": ""M9.1"", ""level"": """", ""difficulty"": ""MEDIUM"", ""subTopic"": ""09.01 General"", ""isEssay"": false}",False
M9,M9.2,,Which part of the eye is responsible for colour vision?,Rods,Cones,Iris,,Cones,EASY,09.02 Human Performance and Limitations,,,APPROVED,,1,EASA-Module-9a-Human-Factors-Complete.pdf,"{""raw"": ""Which part of the eye is responsible for colour vision?"", ""question"": ""Which part of the eye is responsible for colour vision?"", ""options"": [""Rods"", ""Cones"", ""Iris""], ""correct"": ""Cones"", ""answer_text"": null, ""category"": null, ""source_file"": ""EASA-Module-9a-Human-Factors-Complete.pdf"", ""source_module"": ""M9"", ""fmt"": ""csv"", ""module"": ""M9"", ""syllabusRef"": ""M9.2"", ""level"": """", ""difficulty"": ""EASY"", ""subTopic"": ""09.02 Human Performance and Limitations"", ""isEssay"": false}",False
M9,M9.2,,What is selective attention?,Paying attention to everything,Focusing on specific stimuli while ignoring others,Dividing attention between tasks,,Focusing on specific stimuli while ignoring others,MEDIUM,09.02 Human Performance and Limitations,,,APPROVED,,1,EASA-Module-9a-Human-Factors-Complete.pdf,"{""raw"": ""What is selective attention?"", ""question"": ""What is selective attention?"", ""options"": [""Paying attention to everything"", ""Focusing on specific stimuli while ignoring others"", ""Dividing attention between tasks""], ""correct"": ""Focusing on specific stimuli while ignoring others"", ""answer_text"": null, ""category"": null, ""source_file"": ""EASA-Module-9a-Human-Factors-Complete.pdf"", ""source_module"": ""M9"", ""fmt"": ""csv"", ""module"": ""M9"", ""syllabusRef"": ""M9.2"", ""level"": """", ""difficulty"": ""MEDIUM"", ""subTopic"": ""09.02 Human Performance and Limitations"", ""isEssay"": false}",False
M9,M9.3,,What is peer pressure in maintenance?,Positive encouragement from colleagues,Influence from colleagues that can lead to unsafe practices,Training from senior staff,,Influence from colleagues that can lead to unsafe practices,EASY,09.03 Social Psychology,,,APPROVED,,1,EASA-Module-9a-Human-Factors-Complete.pdf,"{""raw"": ""What is peer pressure in maintenance?"", ""question"": ""What is peer pressure in maintenance?"", ""options"": [""Positive encouragement from colleagues"", ""Influence from colleagues that can lead to unsafe practices"", ""Training from senior staff""], ""correct"": ""Influence from colleagues that can lead to unsafe practices"", ""answer_text"": null, ""category"": null, ""source_file"": ""EASA-Module-9a-Human-Factors-Complete.pdf"", ""source_module"": ""M9"", ""fmt"": ""csv"", ""module"": ""M9"", ""syllabusRef"": ""M9.3"", ""level"": """", ""difficulty"": ""EASY"", ""subTopic"": ""09.03 Social Psychology"", ""isEssay"": false}",False
M9,M9.3,,How can culture affect safety in maintenance organisations?,Culture has no impact on safety,A positive safety culture reduces errors and encourages reporting,Only technical skills matter,,A positive safety culture reduces errors and encourages reporting,MEDIUM,09.03 Social Psychology,,,APPROVED,,1,EASA-Module-9a-Human-Factors-Complete.pdf,"{""raw"": ""How can culture affect safety in maintenance organisations?"", ""question"": ""How can culture affect safety in maintenance organisations?"", ""options"": [""Culture has no impact on safety"", ""A positive safety culture reduces errors and encourages reporting"", ""Only technical skills matter""], ""correct"": ""A positive safety culture reduces errors and encourages reporting"", ""answer_text"": null, ""category"": null, ""source_file"": ""EASA-Module-9a-Human-Factors-Complete.pdf"", ""source_module"": ""M9"", ""fmt"": ""csv"", ""module"": ""M9"", ""syllabusRef"": ""M9.3"", ""level"": """", ""difficulty"": ""MEDIUM"", ""subTopic"": ""09.03 Social Psychology"", ""isEssay"": false}",False
M9,M9.4,,What is stress in Human Factors?,Only physical tiredness,The body response to demands placed upon it,A lack of motivation,,The body response to demands placed upon it,EASY,09.04 Factors That Affect Performance,,,APPROVED,,1,EASA-Module-9a-Human-Factors-Complete.pdf,"{""raw"": ""What is stress in Human Factors?"", ""question"": ""What is stress in Human Factors?"", ""options"": [""Only physical tiredness"", ""The body response to demands placed upon it"", ""A lack of motivation""], ""correct"": ""The body response to demands placed upon it"", ""answer_text"": null, ""category"": null, ""source_file"": ""EASA-Module-9a-Human-Factors-Complete.pdf"", ""source_module"": ""M9"", ""fmt"": ""csv"", ""module"": ""M9"", ""syllabusRef"": ""M9.4"", ""level"": """", ""difficulty"": ""EASY"", ""subTopic"": ""09.04 Factors That Affect Performance"", ""isEssay"": false}",False
M9,M9.4,,Which of the following is a cause of stress in maintenance?,Regular working hours,Time pressure and deadlines,Adequate staffing,,Time pressure and deadlines,MEDIUM,09.04 Factors That Affect Performance,,,APPROVED,,1,EASA-Module-9a-Human-Factors-Complete.pdf,"{""raw"": ""Which of the following is a cause of stress in maintenance?"", ""question"": ""Which of the following is a cause of stress in maintenance?"", ""options"": [""Regular working hours"", ""Time pressure and deadlines"", ""Adequate staffing""], ""correct"": ""Time pressure and deadlines"", ""answer_text"": null, ""category"": null, ""source_file"": ""EASA-Module-9a-Human-Factors-Complete.pdf"", ""source_module"": ""M9"", ""fmt"": ""csv"", ""module"": ""M9"", ""syllabusRef"": ""M9.4"", ""level"": """", ""difficulty"": ""MEDIUM"", ""subTopic"": ""09.04 Factors That Affect Performance"", ""isEssay"": false}",False
M9,M9.4,,How does circadian rhythm affect night shift workers?,It has no effect on night workers,It causes natural drowsiness at certain times reducing alertness,It improves night performance,,It causes natural drowsiness at certain times reducing alertness,HARD,09.04 Factors That Affect Performance,,,APPROVED,,1,EASA-Module-9a-Human-Factors-Complete.pdf,"{""raw"": ""How does circadian rhythm affect night shift workers?"", ""question"": ""How does circadian rhythm affect night shift workers?"", ""options"": [""It has no effect on night workers"", ""It causes natural drowsiness at certain times reducing alertness"", ""It improves night performance""], ""correct"": ""It causes natural drowsiness at certain times reducing alertness"", ""answer_text"": null, ""category"": null, ""source_file"": ""EASA-Module-9a-Human-Factors-Complete.pdf"", ""source_module"": ""M9"", ""fmt"": ""csv"", ""module"": ""M9"", ""syllabusRef"": ""M9.4"", ""level"": """", ""difficulty"": ""HARD"", ""subTopic"": ""09.04 Factors That Affect Performance"", ""isEssay"": false}",False
M9,M9.5,,What effect does noise have on maintenance performance?,It improves concentration,It can cause stress and communication difficulties,No effect on performance,,It can cause stress and communication difficulties,EASY,09.05 Physical Environment,,,APPROVED,,1,EASA-Module-9a-Human-Factors-Complete.pdf,"{""raw"": ""What effect does noise have on maintenance performance?"", ""question"": ""What effect does noise have on maintenance performance?"", ""options"": [""It improves concentration"", ""It can cause stress and communication difficulties"", ""No effect on performance""], ""correct"": ""It can cause stress and communication difficulties"", ""answer_text"": null, ""category"": null, ""source_file"": ""EASA-Module-9a-Human-Factors-Complete.pdf"", ""source_module"": ""M9"", ""fmt"": ""csv"", ""module"": ""M9"", ""syllabusRef"": ""M9.5"", ""level"": """", ""difficulty"": ""EASY"", ""subTopic"": ""09.05 Physical Environment"", ""isEssay"": false}",False
M9,M9.5,,Why is climate control important in hangars?,It affects paint drying only,Extreme temperatures affect concentration and manual dexterity,It has no impact on maintenance,,Extreme temperatures affect concentration and manual dexterity,MEDIUM,09.05 Physical Environment,,,APPROVED,,1,EASA-Module-9a-Human-Factors-Complete.pdf,"{""raw"": ""Why is climate control important in hangars?"", ""question"": ""Why is climate control important in hangars?"", ""options"": [""It affects paint drying only"", ""Extreme temperatures affect concentration and manual dexterity"", ""It has no impact on maintenance""], ""correct"": ""Extreme temperatures affect concentration and manual dexterity"", ""answer_text"": null, ""category"": null, ""source_file"": ""EASA-Module-9a-Human-Factors-Complete.pdf"", ""source_module"": ""M9"", ""fmt"": ""csv"", ""module"": ""M9"", ""syllabusRef"": ""M9.5"", ""level"": """", ""difficulty"": ""MEDIUM"", ""subTopic"": ""09.05 Physical Environment"", ""isEssay"": false}",False
M9,M9.6,,What is a risk of repetitive tasks?,Increased motivation,Boredom and reduced vigilance,Faster completion,,Boredom and reduced vigilance,EASY,09.06 Tasks,,,APPROVED,,1,EASA-Module-9a-Human-Factors-Complete.pdf,"{""raw"": ""What is a risk of repetitive tasks?"", ""question"": ""What is a risk of repetitive tasks?"", ""options"": [""Increased motivation"", ""Boredom and reduced vigilance"", ""Faster completion""], ""correct"": ""Boredom and reduced vigilance"", ""answer_text"": null, ""category"": null, ""source_file"": ""EASA-Module-9a-Human-Factors-Complete.pdf"", ""source_module"": ""M9"", ""fmt"": ""csv"", ""module"": ""M9"", ""syllabusRef"": ""M9.6"", ""level"": """", ""difficulty"": ""EASY"", ""subTopic"": ""09.06 Tasks"", ""isEssay"": false}",False
M9,M9.7,,What is non-verbal communication?,Written instructions,Body language and facial expressions,Technical terminology,,Body language and facial expressions,EASY,09.07 Communication,,,APPROVED,,1,EASA-Module-9a-Human-Factors-Complete.pdf,"{""raw"": ""What is non-verbal communication?"", ""question"": ""What is non-verbal communication?"", ""options"": [""Written instructions"", ""Body language and facial expressions"", ""Technical terminology""], ""correct"": ""Body language and facial expressions"", ""answer_text"": null, ""category"": null, ""source_file"": ""EASA-Module-9a-Human-Factors-Complete.pdf"", ""source_module"": ""M9"", ""fmt"": ""csv"", ""module"": ""M9"", ""syllabusRef"": ""M9.7"", ""level"": """", ""difficulty"": ""EASY"", ""subTopic"": ""09.07 Communication"", ""isEssay"": false}",False
M9,M9.8,,What is a human error?,Deliberate sabotage,An unintended action deviating from the standard,A regulatory violation,,An unintended action deviating from the standard,EASY,09.08 Human Errors,,,APPROVED,,1,EASA-Module-9a-Human-Factors-Complete.pdf,"{""raw"": ""What is a human error?"", ""question"": ""What is a human error?"", ""options"": [""Deliberate sabotage"", ""An unintended action deviating from the standard"", ""A regulatory violation""], ""correct"": ""An unintended action deviating from the standard"", ""answer_text"": null, ""category"": null, ""source_file"": ""EASA-Module-9a-Human-Factors-Complete.pdf"", ""source_module"": ""M9"", ""fmt"": ""csv"", ""module"": ""M9"", ""syllabusRef"": ""M9.8"", ""level"": """", ""difficulty"": ""EASY"", ""subTopic"": ""09.08 Human Errors"", ""isEssay"": false}",False
M9,M9.8,,What is the purpose of a just culture?,To punish all errors equally,To distinguish between honest mistakes and negligence,To eliminate all errors,,To distinguish between honest mistakes and negligence,MEDIUM,09.08 Human Errors,,,APPROVED,,1,EASA-Module-9a-Human-Factors-Complete.pdf,"{""raw"": ""What is the purpose of a just culture?"", ""question"": ""What is the purpose of a just culture?"", ""options"": [""To punish all errors equally"", ""To distinguish between honest mistakes and negligence"", ""To eliminate all errors""], ""correct"": ""To distinguish between honest mistakes and negligence"", ""answer_text"": null, ""category"": null, ""source_file"": ""EASA-Module-9a-Human-Factors-Complete.pdf"", ""source_module"": ""M9"", ""fmt"": ""csv"", ""module"": ""M9"", ""syllabusRef"": ""M9.8"", ""level"": """", ""difficulty"": ""MEDIUM"", ""subTopic"": ""09.08 Human Errors"", ""isEssay"": false}",False
M9,M9.9,,What is risk mitigation?,Ignoring risks,Taking action to reduce risk to acceptable levels,Accepting all risks,,Taking action to reduce risk to acceptable levels,MEDIUM,09.09 Safety Management,,,APPROVED,,1,EASA-Module-9a-Human-Factors-Complete.pdf,"{""raw"": ""What is risk mitigation?"", ""question"": ""What is risk mitigation?"", ""options"": [""Ignoring risks"", ""Taking action to reduce risk to acceptable levels"", ""Accepting all risks""], ""correct"": ""Taking action to reduce risk to acceptable levels"", ""answer_text"": null, ""category"": null, ""source_file"": ""EASA-Module-9a-Human-Factors-Complete.pdf"", ""source_module"": ""M9"", ""fmt"": ""csv"", ""module"": ""M9"", ""syllabusRef"": ""M9.9"", ""level"": """", ""difficulty"": ""MEDIUM"", ""subTopic"": ""09.09 Safety Management"", ""isEssay"": false}",False
M9,M9.10,,What is complacency?,Being satisfied with work quality,Overconfidence due to familiarity reducing vigilance,Being unhappy with procedures,,Overconfidence due to familiarity reducing vigilance,EASY,09.10 The Dirty Dozen And Risk Mitigation,,,APPROVED,,1,EASA-Module-9a-Human-Factors-Complete.pdf,"{""raw"": ""What is complacency?"", ""question"": ""What is complacency?"", ""options"": [""Being satisfied with work quality"", ""Overconfidence due to familiarity reducing vigilance"", ""Being unhappy with procedures""], ""correct"": ""Overconfidence due to familiarity reducing vigilance"", ""answer_text"": null, ""category"": null, ""source_file"": ""EASA-Module-9a-Human-Factors-Complete.pdf"", ""source_module"": ""M9"", ""fmt"": ""csv"", ""module"": ""M9"", ""syllabusRef"": ""M9.10"", ""level"": """", ""difficulty"": ""EASY"", ""subTopic"": ""09.10 The Dirty Dozen And Risk Mitigation"", ""isEssay"": false}",False
M9,M9.10,,What is a safety net for dealing with distractions?,Ignore the distraction,Mark uncompleted work to know where to restart,Work twice as fast,,Mark uncompleted work to know where to restart,MEDIUM,09.10 The Dirty Dozen And Risk Mitigation,,,APPROVED,,1,EASA-Module-9a-Human-Factors-Complete.pdf,"{""raw"": ""What is a safety net for dealing with distractions?"", ""question"": ""What is a safety net for dealing with distractions?"", ""options"": [""Ignore the distraction"", ""Mark uncompleted work to know where to restart"", ""Work twice as fast""], ""correct"": ""Mark uncompleted work to know where to restart"", ""answer_text"": null, ""category"": null, ""source_file"": ""EASA-Module-9a-Human-Factors-Complete.pdf"", ""source_module"": ""M9"", ""fmt"": ""csv"", ""module"": ""M9"", ""syllabusRef"": ""M9.10"", ""level"": """", ""difficulty"": ""MEDIUM"", ""subTopic"": ""09.10 The Dirty Dozen And Risk Mitigation"", ""isEssay"": false}",False
M9,M9.10,,How should an organisation respond to clear misconduct after investigation?,Ignore it to maintain morale,Apply disciplinary policy consistently and fairly,Punish everyone equally,,Apply disciplinary policy consistently and fairly,HARD,09.10 The Dirty Dozen And Risk Mitigation,,,APPROVED,,1,EASA-Module-9a-Human-Factors-Complete.pdf,"{""raw"": ""How should an organisation respond to clear misconduct after investigation?"", ""question"": ""How should an organisation respond to clear misconduct after investigation?"", ""options"": [""Ignore it to maintain morale"", ""Apply disciplinary policy consistently and fairly"", ""Punish everyone equally""], ""correct"": ""Apply disciplinary policy consistently and fairly"", ""answer_text"": null, ""category"": null, ""source_file"": ""EASA-Module-9a-Human-Factors-Complete.pdf"", ""source_module"": ""M9"", ""fmt"": ""csv"", ""module"": ""M9"", ""syllabusRef"": ""M9.10"", ""level"": """", ""difficulty"": ""HARD"", ""subTopic"": ""09.10 The Dirty Dozen And Risk Mitigation"", ""isEssay"": false}",False
M9,M9.1,,Explain the importance of Human Factors training in aviation maintenance and cite examples of accidents where human error was a contributing factor.,,,,,,HARD,M9.1,,,APPROVED,,5,EASA-Module-9a-Human-Factors-Complete.pdf,"{""raw"": ""Explain the importance of Human Factors training in aviation maintenance and cite examples of accidents where human error was a contributing factor."", ""question"": ""Explain the importance of Human Factors training in aviation maintenance and cite examples of accidents where human error was a contributing factor."", ""options"": [], ""correct"": """", ""answer_text"": null, ""category"": null, ""source_file"": ""EASA-Module-9a-Human-Factors-Complete.pdf"", ""source_module"": ""M9"", ""fmt"": ""csv"", ""module"": ""M9"", ""syllabusRef"": ""M9.1"", ""level"": """", ""difficulty"": ""HARD"", ""subTopic"": ""M9.1"", ""isEssay"": true}",True
M9,M9.2,,Describe the human sensory systems relevant to aviation maintenance and their limitations.,,,,,,HARD,M9.2,,,APPROVED,,5,EASA-Module-9a-Human-Factors-Complete.pdf,"{""raw"": ""Describe the human sensory systems relevant to aviation maintenance and their limitations."", ""question"": ""Describe the human sensory systems relevant to aviation maintenance and their limitations."", ""options"": [], ""correct"": """", ""answer_text"": null, ""category"": null, ""source_file"": ""EASA-Module-9a-Human-Factors-Complete.pdf"", ""source_module"": ""M9"", ""fmt"": ""csv"", ""module"": ""M9"", ""syllabusRef"": ""M9.2"", ""level"": """", ""difficulty"": ""HARD"", ""subTopic"": ""M9.2"", ""isEssay"": true}",True
M9,M9.3,,Explain how social psychology principles apply to maintenance team dynamics and safety culture.,,,,,,HARD,M9.3,,,APPROVED,,5,EASA-Module-9a-Human-Factors-Complete.pdf,"{""raw"": ""Explain how social psychology principles apply to maintenance team dynamics and safety culture."", ""question"": ""Explain how social psychology principles apply to maintenance team dynamics and safety culture."", ""options"": [], ""correct"": """", ""answer_text"": null, ""category"": null, ""source_file"": ""EASA-Module-9a-Human-Factors-Complete.pdf"", ""source_module"": ""M9"", ""fmt"": ""csv"", ""module"": ""M9"", ""syllabusRef"": ""M9.3"", ""level"": """", ""difficulty"": ""HARD"", ""subTopic"": ""M9.3"", ""isEssay"": true}",True
M9,M9.4,,Analyse the factors that affect human performance in aviation maintenance and propose mitigations.,,,,,,HARD,M9.4,,,APPROVED,,5,EASA-Module-9a-Human-Factors-Complete.pdf,"{""raw"": ""Analyse the factors that affect human performance in aviation maintenance and propose mitigations."", ""question"": ""Analyse the factors that affect human performance in aviation maintenance and propose mitigations."", ""options"": [], ""correct"": """", ""answer_text"": null, ""category"": null, ""source_file"": ""EASA-Module-9a-Human-Factors-Complete.pdf"", ""source_module"": ""M9"", ""fmt"": ""csv"", ""module"": ""M9"", ""syllabusRef"": ""M9.4"", ""level"": """", ""difficulty"": ""HARD"", ""subTopic"": ""M9.4"", ""isEssay"": true}",True
M9,M9.5,,Describe how the physical environment influences maintenance performance and what controls should be implemented.,,,,,,HARD,M9.5,,,APPROVED,,5,EASA-Module-9a-Human-Factors-Complete.pdf,"{""raw"": ""Describe how the physical environment influences maintenance performance and what controls should be implemented."", ""question"": ""Describe how the physical environment influences maintenance performance and what controls should be implemented."", ""options"": [], ""correct"": """", ""answer_text"": null, ""category"": null, ""source_file"": ""EASA-Module-9a-Human-Factors-Complete.pdf"", ""source_module"": ""M9"", ""fmt"": ""csv"", ""module"": ""M9"", ""syllabusRef"": ""M9.5"", ""level"": """", ""difficulty"": ""HARD"", ""subTopic"": ""M9.5"", ""isEssay"": true}",True
M9,M9.6,,Explain why certain maintenance tasks are more prone to human error and how task design can reduce this risk.,,,,,,HARD,M9.6,,,APPROVED,,5,EASA-Module-9a-Human-Factors-Complete.pdf,"{""raw"": ""Explain why certain maintenance tasks are more prone to human error and how task design can reduce this risk."", ""question"": ""Explain why certain maintenance tasks are more prone to human error and how task design can reduce this risk."", ""options"": [], ""correct"": """", ""answer_text"": null, ""category"": null, ""source_file"": ""EASA-Module-9a-Human-Factors-Complete.pdf"", ""source_module"": ""M9"", ""fmt"": ""csv"", ""module"": ""M9"", ""syllabusRef"": ""M9.6"", ""level"": """", ""difficulty"": ""HARD"", ""subTopic"": ""M9.6"", ""isEssay"": true}",True
M9,M9.7,,Analyse communication failures in maintenance shift handovers and propose improvements.,,,,,,HARD,M9.7,,,APPROVED,,5,EASA-Module-9a-Human-Factors-Complete.pdf,"{""raw"": ""Analyse communication failures in maintenance shift handovers and propose improvements."", ""question"": ""Analyse communication failures in maintenance shift handovers and propose improvements."", ""options"": [], ""correct"": """", ""answer_text"": null, ""category"": null, ""source_file"": ""EASA-Module-9a-Human-Factors-Complete.pdf"", ""source_module"": ""M9"", ""fmt"": ""csv"", ""module"": ""M9"", ""syllabusRef"": ""M9.7"", ""level"": """", ""difficulty"": ""HARD"", ""subTopic"": ""M9.7"", ""isEssay"": true}",True
M9,M9.8,,Explain the different types of human error in maintenance and how organisations can learn from them.,,,,,,HARD,M9.8,,,APPROVED,,5,EASA-Module-9a-Human-Factors-Complete.pdf,"{""raw"": ""Explain the different types of human error in maintenance and how organisations can learn from them."", ""question"": ""Explain the different types of human error in maintenance and how organisations can learn from them."", ""options"": [], ""correct"": """", ""answer_text"": null, ""category"": null, ""source_file"": ""EASA-Module-9a-Human-Factors-Complete.pdf"", ""source_module"": ""M9"", ""fmt"": ""csv"", ""module"": ""M9"", ""syllabusRef"": ""M9.8"", ""level"": """", ""difficulty"": ""HARD"", ""subTopic"": ""M9.8"", ""isEssay"": true}",True
M9,M9.9,,Describe the principles of Safety Management Systems in aviation maintenance organisations.,,,,,,HARD,M9.9,,,APPROVED,,5,EASA-Module-9a-Human-Factors-Complete.pdf,"{""raw"": ""Describe the principles of Safety Management Systems in aviation maintenance organisations."", ""question"": ""Describe the principles of Safety Management Systems in aviation maintenance organisations."", ""options"": [], ""correct"": """", ""answer_text"": null, ""category"": null, ""source_file"": ""EASA-Module-9a-Human-Factors-Complete.pdf"", ""source_module"": ""M9"", ""fmt"": ""csv"", ""module"": ""M9"", ""syllabusRef"": ""M9.9"", ""level"": """", ""difficulty"": ""HARD"", ""subTopic"": ""M9.9"", ""isEssay"": true}",True
M9,M9.10,,Explain the Dirty Dozen human factors and describe risk mitigation strategies for each.,,,,,,HARD,M9.10,,,APPROVED,,5,EASA-Module-9a-Human-Factors-Complete.pdf,"{""raw"": ""Explain the Dirty Dozen human factors and describe risk mitigation strategies for each."", ""question"": ""Explain the Dirty Dozen human factors and describe risk mitigation strategies for each."", ""options"": [], ""correct"": """", ""answer_text"": null, ""category"": null, ""source_file"": ""EASA-Module-9a-Human-Factors-Complete.pdf"", ""source_module"": ""M9"", ""fmt"": ""csv"", ""module"": ""M9"", ""syllabusRef"": ""M9.10"", ""level"": """", ""difficulty"": ""HARD"", ""subTopic"": ""M9.10"", ""isEssay"": true}",True
M9,M9.1,,"Explain why human factors must be taken into account in aircraft maintenance, how human error contributes to incidents, and what is meant by Murphy's law.",,,,,,HARD,M9.1,,,APPROVED,,5,part66online.com/easa-part-66-essay-questions/module-9/,"{""raw"": ""Explain why human factors must be taken into account in aircraft maintenance, how human error contributes to incidents, and what is meant by Murphy's law."", ""question"": ""Explain why human factors must be taken into account in aircraft maintenance, how human error contributes to incidents, and what is meant by Murphy's law."", ""options"": [], ""correct"": null, ""answer_text"": ""Candidates should cover: human factors as study of capabilities/limitations, engineer as last line of defence, proportion of incidents from human error, Dirty Dozen contributors, and Murphy's law as error-tolerant design philosophy."", ""category"": ""ESSAY"", ""source_file"": ""part66online.com/easa-part-66-essay-questions/module-9/"", ""source_module"": ""M9"", ""fmt"": ""essay"", ""module"": ""M9"", ""syllabusRef"": ""M9.1"", ""level"": null, ""difficulty"": ""HARD"", ""subTopic"": ""M9.1""}",True
M9,M9.2,,"Describe the limitations of human vision and explain how they affect the maintenance engineer when carrying out visual inspection, including measures that reduce the risk.",,,,,,HARD,M9.2,,,APPROVED,,5,part66online.com/easa-part-66-essay-questions/module-9/,"{""raw"": ""Describe the limitations of human vision and explain how they affect the maintenance engineer when carrying out visual inspection, including measures that reduce the risk."", ""question"": ""Describe the limitations of human vision and explain how they affect the maintenance engineer when carrying out visual inspection, including measures that reduce the risk."", ""options"": [], ""correct"": null, ""answer_text"": ""Candidates should cover: central vs peripheral vision, visual acuity, dark adaptation, colour perception, need for light/contrast, perception bias, and mitigations (lighting, magnifiers, systematic scan, NDT)."", ""category"": ""ESSAY"", ""source_file"": ""part66online.com/easa-part-66-essay-questions/module-9/"", ""source_module"": ""M9"", ""fmt"": ""essay"", ""module"": ""M9"", ""syllabusRef"": ""M9.2"", ""level"": null, ""difficulty"": ""HARD"", ""subTopic"": ""M9.2""}",True
M9,M9.3,,"Describe the types of human memory and their limitations, and explain how these affect the aircraft maintenance engineer and how the risks can be reduced.",,,,,,HARD,M9.3,,,APPROVED,,5,part66online.com/easa-part-66-essay-questions/module-9/,"{""raw"": ""Describe the types of human memory and their limitations, and explain how these affect the aircraft maintenance engineer and how the risks can be reduced."", ""question"": ""Describe the types of human memory and their limitations, and explain how these affect the aircraft maintenance engineer and how the risks can be reduced."", ""options"": [], ""correct"": null, ""answer_text"": ""Candidates should cover: sensory, short-term/working and long-term memory; fragility of working memory; effects of interruption; mitigations (approved data, work cards, check off, write down)."", ""category"": ""ESSAY"", ""source_file"": ""part66online.com/easa-part-66-essay-questions/module-9/"", ""source_module"": ""M9"", ""fmt"": ""essay"", ""module"": ""M9"", ""syllabusRef"": ""M9.3"", ""level"": null, ""difficulty"": ""HARD"", ""subTopic"": ""M9.3""}",True
M9,M9.4,,"Explain how information processing, attention and perception work and describe their limitations and effects on the aircraft maintenance engineer.",,,,,,HARD,M9.4,,,APPROVED,,5,part66online.com/easa-part-66-essay-questions/module-9/,"{""raw"": ""Explain how information processing, attention and perception work and describe their limitations and effects on the aircraft maintenance engineer."", ""question"": ""Explain how information processing, attention and perception work and describe their limitations and effects on the aircraft maintenance engineer."", ""options"": [], ""correct"": null, ""answer_text"": ""Candidates should cover: processing chain (sense, attend, perceive, decide, act), limited attention resource, attentional tunnelling, perception shaped by expectation/set, and mitigations (systematic methods, independent checks)."", ""category"": ""ESSAY"", ""source_file"": ""part66online.com/easa-part-66-essay-questions/module-9/"", ""source_module"": ""M9"", ""fmt"": ""essay"", ""module"": ""M9"", ""syllabusRef"": ""M9.4"", ""level"": null, ""difficulty"": ""HARD"", ""subTopic"": ""M9.4""}",True
M9,M9.5,,"Explain what is meant by peer pressure in the maintenance environment, why it is a hazard, and how an aircraft maintenance engineer should resist it.",,,,,,HARD,M9.5,,,APPROVED,,5,part66online.com/easa-part-66-essay-questions/module-9/,"{""raw"": ""Explain what is meant by peer pressure in the maintenance environment, why it is a hazard, and how an aircraft maintenance engineer should resist it."", ""question"": ""Explain what is meant by peer pressure in the maintenance environment, why it is a hazard, and how an aircraft maintenance engineer should resist it."", ""options"": [], ""correct"": null, ""answer_text"": ""Candidates should cover: definition of peer pressure, open and subtle forms, link to Dirty Dozen (pressure, lack of assertiveness, norms), personal responsibility, and defences (follow approved data, be assertive, escalate/report)."", ""category"": ""ESSAY"", ""source_file"": ""part66online.com/easa-part-66-essay-questions/module-9/"", ""source_module"": ""M9"", ""fmt"": ""essay"", ""module"": ""M9"", ""syllabusRef"": ""M9.5"", ""level"": null, ""difficulty"": ""HARD"", ""subTopic"": ""M9.5""}",True
M9,M9.6,,"Explain the importance of effective team working, supervision and leadership in an aircraft maintenance organisation, and describe how each contributes to maintaining safety and quality.",,,,,,HARD,M9.6,,,APPROVED,,5,part66online.com/easa-part-66-essay-questions/module-9/,"{""raw"": ""Explain the importance of effective team working, supervision and leadership in an aircraft maintenance organisation, and describe how each contributes to maintaining safety and quality."", ""question"": ""Explain the importance of effective team working, supervision and leadership in an aircraft maintenance organisation, and describe how each contributes to maintaining safety and quality."", ""options"": [], ""correct"": null, ""answer_text"": ""Candidates should cover: teamwork/shared responsibility, diffusion of responsibility, supervisor as first defence, leadership setting safety culture, and links to Dirty Dozen items."", ""category"": ""ESSAY"", ""source_file"": ""part66online.com/easa-part-66-essay-questions/module-9/"", ""source_module"": ""M9"", ""fmt"": ""essay"", ""module"": ""M9"", ""syllabusRef"": ""M9.6"", ""level"": null, ""difficulty"": ""HARD"", ""subTopic"": ""M9.6""}",True
M9,M9.7,,"Describe the sources of stress affecting an aircraft maintenance engineer, explain how stress can degrade performance, and outline how stress can be recognised and managed.",,,,,,HARD,M9.7,,,APPROVED,,5,part66online.com/easa-part-66-essay-questions/module-9/,"{""raw"": ""Describe the sources of stress affecting an aircraft maintenance engineer, explain how stress can degrade performance, and outline how stress can be recognised and managed."", ""question"": ""Describe the sources of stress affecting an aircraft maintenance engineer, explain how stress can degrade performance, and outline how stress can be recognised and managed."", ""options"": [], ""correct"": null, ""answer_text"": ""Candidates should cover: work-related and domestic sources, cognitive/behavioural/physical effects, recognition (mood changes, errors, absenteeism), and management at personal and organisational levels."", ""category"": ""ESSAY"", ""source_file"": ""part66online.com/easa-part-66-essay-questions/module-9/"", ""source_module"": ""M9"", ""fmt"": ""essay"", ""module"": ""M9"", ""syllabusRef"": ""M9.7"", ""level"": null, ""difficulty"": ""HARD"", ""subTopic"": ""M9.7""}",True
M9,M9.8,,"Explain the relationship between sleep, fatigue and shiftwork for an aircraft maintenance engineer, the effect of fatigue on performance, and how the associated risks can be mitigated.",,,,,,HARD,M9.8,,,APPROVED,,5,part66online.com/easa-part-66-essay-questions/module-9/,"{""raw"": ""Explain the relationship between sleep, fatigue and shiftwork for an aircraft maintenance engineer, the effect of fatigue on performance, and how the associated risks can be mitigated."", ""question"": ""Explain the relationship between sleep, fatigue and shiftwork for an aircraft maintenance engineer, the effect of fatigue on performance, and how the associated risks can be mitigated."", ""options"": [], ""correct"": null, ""answer_text"": ""Candidates should cover: circadian rhythm, sleep debt, shiftwork conflict, fatigue effects (reactions, vigilance, slips), micro-sleeps, and mitigations (sleep hygiene, rosters, forward rotation, open reporting)."", ""category"": ""ESSAY"", ""source_file"": ""part66online.com/easa-part-66-essay-questions/module-9/"", ""source_module"": ""M9"", ""fmt"": ""essay"", ""module"": ""M9"", ""syllabusRef"": ""M9.8"", ""level"": null, ""difficulty"": ""HARD"", ""subTopic"": ""M9.8""}",True
M9,M9.9,,"Describe the effects of alcohol, medication and drug abuse on an aircraft maintenance engineer's fitness to work, and explain the engineer's responsibilities in this area.",,,,,,HARD,M9.9,,,APPROVED,,5,part66online.com/easa-part-66-essay-questions/module-9/,"{""raw"": ""Describe the effects of alcohol, medication and drug abuse on an aircraft maintenance engineer's fitness to work, and explain the engineer's responsibilities in this area."", ""question"": ""Describe the effects of alcohol, medication and drug abuse on an aircraft maintenance engineer's fitness to work, and explain the engineer's responsibilities in this area."", ""options"": [], ""correct"": null, ""answer_text"": ""Candidates should cover: alcohol as CNS depressant, hangover effects, medication side effects, drug abuse incompatibility with safety work, and responsibilities (no impairment, seek medical advice, comply with policy, self-declare)."", ""category"": ""ESSAY"", ""source_file"": ""part66online.com/easa-part-66-essay-questions/module-9/"", ""source_module"": ""M9"", ""fmt"": ""essay"", ""module"": ""M9"", ""syllabusRef"": ""M9.9"", ""level"": null, ""difficulty"": ""HARD"", ""subTopic"": ""M9.9""}",True
M9,M9.10,,"Explain what is meant by workload in the context of aircraft maintenance, and describe how both overload and underload can degrade an engineer's performance and how they can be managed.",,,,,,HARD,M9.10,,,APPROVED,,5,part66online.com/easa-part-66-essay-questions/module-9/,"{""raw"": ""Explain what is meant by workload in the context of aircraft maintenance, and describe how both overload and underload can degrade an engineer's performance and how they can be managed."", ""question"": ""Explain what is meant by workload in the context of aircraft maintenance, and describe how both overload and underload can degrade an engineer's performance and how they can be managed."", ""options"": [], ""correct"": null, ""answer_text"": ""Candidates should cover: workload definition, inverted-U performance curve, overload causes/effects (rushing, shortcuts, attentional narrowing), underload effects (boredom, complacency), and organisational/individual management."", ""category"": ""ESSAY"", ""source_file"": ""part66online.com/easa-part-66-essay-questions/module-9/"", ""source_module"": ""M9"", ""fmt"": ""essay"", ""module"": ""M9"", ""syllabusRef"": ""M9.10"", ""level"": null, ""difficulty"": ""HARD"", ""subTopic"": ""M9.10""}",True
