module,syllabusRef,level,text,optionA,optionB,optionC,optionD,correctAnswer,difficulty,subTopic,aiSourceRef,aiConfidence,status,reviewNote,points,sourceFile,rawJson
M11A,M11A.11.03,,1. What is the primary function of the horizontal stabiliser in a conventional aircraft?,To generate thrust for forward motion,To provide longitudinal pitch stability,To control yaw during turns,,To provide longitudinal pitch stability,MEDIUM,,,,REVIEWED,KB direct (score=4),1,Module 11 Rans.pdf,"{""raw"": ""1. What is the primary function of the horizontal stabiliser in a conventional aircraft?\nA) To generate thrust for forward motion\nB) To provide longitudinal pitch stability\nC) To control yaw during turns"", ""question"": ""1. What is the primary function of the horizontal stabiliser in a conventional aircraft?"", ""options"": [""To generate thrust for forward motion"", ""To provide longitudinal pitch stability"", ""To control yaw during turns""], ""correct"": null, ""answer_text"": null, ""category"": null, ""source_file"": ""Module 11 Rans.pdf"", ""source_module"": ""M11A"", ""fmt"": ""pdf"", ""module"": ""M11A"", ""syllabusRef"": ""M11A.11.03"", ""level"": null, ""difficulty"": ""MEDIUM""}"
M11A,M11A.11.03,,2. Why do some aircraft have an offset vertical stabiliser?,To counteract the yawing moment caused by propeller slipstream,To increase engine efficiency,To reduce drag during cruise,,To counteract the yawing moment caused by propeller slipstream,MEDIUM,,,,REVIEWED,KB partial (score=4),1,Module 11 Rans.pdf,"{""raw"": ""2. Why do some aircraft have an offset vertical stabiliser?\nA) To counteract the yawing moment caused by propeller slipstream\nB) To increase engine efficiency\nC) To reduce drag during cruise"", ""question"": ""2. Why do some aircraft have an offset vertical stabiliser?"", ""options"": [""To counteract the yawing moment caused by propeller slipstream"", ""To increase engine efficiency"", ""To reduce drag during cruise""], ""correct"": null, ""answer_text"": null, ""category"": null, ""source_file"": ""Module 11 Rans.pdf"", ""source_module"": ""M11A"", ""fmt"": ""pdf"", ""module"": ""M11A"", ""syllabusRef"": ""M11A.11.03"", ""level"": null, ""difficulty"": ""MEDIUM""}"
M11A,M11A.81.2,,3. What is a potential danger of a T-tail configuration at high angles of attack?,Increased fuel consumption,Deep stall due to ineffective pitch control,Excessive rudder authority,,Deep stall due to ineffective pitch control,MEDIUM,,,,REVIEWED,KB direct (score=4),1,Module 11 Rans.pdf,"{""raw"": ""3. What is a potential danger of a T-tail configuration at high angles of attack?\nA) Increased fuel consumption\nB) Deep stall due to ineffective pitch control\nC) Excessive rudder authority"", ""question"": ""3. What is a potential danger of a T-tail configuration at high angles of attack?"", ""options"": [""Increased fuel consumption"", ""Deep stall due to ineffective pitch control"", ""Excessive rudder authority""], ""correct"": null, ""answer_text"": null, ""category"": null, ""source_file"": ""Module 11 Rans.pdf"", ""source_module"": ""M11A"", ""fmt"": ""pdf"", ""module"": ""M11A"", ""syllabusRef"": ""M11A.81.2"", ""level"": null, ""difficulty"": ""MEDIUM""}"
M11A,M11A.11.06,,4. How do spoilers assist in roll control when used with ailerons?,By increasing lift on both wings symmetrically,By deploying asymmetrically to spoil lift on the down-going wing,By reducing engine power,,By deploying asymmetrically to spoil lift on the down-going wing,MEDIUM,,,,REVIEWED,KB direct (score=6),1,Module 11 Rans.pdf,"{""raw"": ""4. How do spoilers assist in roll control when used with ailerons?\nA) By increasing lift on both wings symmetrically\nB) By deploying asymmetrically to spoil lift on the down-going wing\nC) By reducing engine power"", ""question"": ""4. How do spoilers assist in roll control when used with ailerons?"", ""options"": [""By increasing lift on both wings symmetrically"", ""By deploying asymmetrically to spoil lift on the down-going wing"", ""By reducing engine power""], ""correct"": null, ""answer_text"": null, ""category"": null, ""source_file"": ""Module 11 Rans.pdf"", ""source_module"": ""M11A"", ""fmt"": ""pdf"", ""module"": ""M11A"", ""syllabusRef"": ""M11A.11.06"", ""level"": null, ""difficulty"": ""MEDIUM""}"
M11A,M11A.13.1(b),,5. What is the key aerodynamic advantage of a canard design?,"The fore-plane contributes to total lift, reducing wing drag",It eliminates the need for a vertical stabiliser,It allows for shorter landing gear,,"The fore-plane contributes to total lift, reducing wing drag",MEDIUM,,,,REVIEWED,KB direct (score=3),1,Module 11 Rans.pdf,"{""raw"": ""5. What is the key aerodynamic advantage of a canard design?\nA) The fore-plane contributes to total lift, reducing wing drag\nB) It eliminates the need for a vertical stabiliser\nC) It allows for shorter landing gear\nImage 1 (Fig 01.1 - Typical Aircraft Flight Controls)"", ""question"": ""5. What is the key aerodynamic advantage of a canard design?"", ""options"": [""The fore-plane contributes to total lift, reducing wing drag"", ""It eliminates the need for a vertical stabiliser"", ""It allows for shorter landing gear""], ""correct"": null, ""answer_text"": null, ""category"": null, ""source_file"": ""Module 11 Rans.pdf"", ""source_module"": ""M11A"", ""fmt"": ""pdf"", ""module"": ""M11A"", ""syllabusRef"": ""M11A.13.1(b)"", ""level"": null, ""difficulty"": ""MEDIUM""}"
M11A,M11A.11.04,,longitudinal axis?,Elevator,Aileron,Rudder,,Aileron,EASY,1. Which control surface is primarily responsible for roll movement around the,,,REVIEWED,Extra KB direct (score=7),1,Module 11 Rans.pdf,"{""raw"": ""1. Which control surface is primarily responsible for roll movement around the\nlongitudinal axis?\nA) Elevator\nB) Aileron\nC) Rudder"", ""question"": ""longitudinal axis?"", ""options"": [""Elevator"", ""Aileron"", ""Rudder""], ""correct"": null, ""answer_text"": null, ""category"": ""1. Which control surface is primarily responsible for roll movement around the"", ""source_file"": ""Module 11 Rans.pdf"", ""source_module"": ""M11A"", ""fmt"": ""pdf"", ""module"": ""M11A"", ""syllabusRef"": ""M11A.11.04"", ""level"": null, ""difficulty"": ""EASY""}"
M11A,M11A.3.000,,2. What is the function of the spoilers shown in Fig 01.1?,Increase lift during takeoff,Assist in roll control or reduce lift symmetrically,Provide yaw stability,,Assist in roll control or reduce lift symmetrically,MEDIUM,,,,REVIEWED,KB direct (score=4),1,Module 11 Rans.pdf,"{""raw"": ""2. What is the function of the spoilers shown in Fig 01.1?\nA) Increase lift during takeoff\nB) Assist in roll control or reduce lift symmetrically\nC) Provide yaw stability"", ""question"": ""2. What is the function of the spoilers shown in Fig 01.1?"", ""options"": [""Increase lift during takeoff"", ""Assist in roll control or reduce lift symmetrically"", ""Provide yaw stability""], ""correct"": null, ""answer_text"": null, ""category"": null, ""source_file"": ""Module 11 Rans.pdf"", ""source_module"": ""M11A"", ""fmt"": ""pdf"", ""module"": ""M11A"", ""syllabusRef"": ""M11A.3.000"", ""level"": null, ""difficulty"": ""MEDIUM""}"
M11A,M11A.81.2,,3. Which axis does the elevator primarily control?,Vertical (yaw),Longitudinal (roll),Lateral (pitch),,Lateral (pitch),MEDIUM,,,,REVIEWED,KB direct (score=4),1,Module 11 Rans.pdf,"{""raw"": ""3. Which axis does the elevator primarily control?\nA) Vertical (yaw)\nB) Longitudinal (roll)\nC) Lateral (pitch)"", ""question"": ""3. Which axis does the elevator primarily control?"", ""options"": [""Vertical (yaw)"", ""Longitudinal (roll)"", ""Lateral (pitch)""], ""correct"": null, ""answer_text"": null, ""category"": null, ""source_file"": ""Module 11 Rans.pdf"", ""source_module"": ""M11A"", ""fmt"": ""pdf"", ""module"": ""M11A"", ""syllabusRef"": ""M11A.81.2"", ""level"": null, ""difficulty"": ""MEDIUM""}"
M11A,M11A.11.4(e),,4. What is the combined effect of flaps being extended?,Reduced lift and increased speed,Increased lift and drag,Improved roll response,,Increased lift and drag,MEDIUM,,,,REVIEWED,Fixed: flaps increase lift and drag,1,Module 11 Rans.pdf,"{""raw"": ""4. What is the combined effect of flaps being extended?\nA) Reduced lift and increased speed\nB) Increased lift and drag\nC) Improved roll response"", ""question"": ""4. What is the combined effect of flaps being extended?"", ""options"": [""Reduced lift and increased speed"", ""Increased lift and drag"", ""Improved roll response""], ""correct"": null, ""answer_text"": null, ""category"": null, ""source_file"": ""Module 11 Rans.pdf"", ""source_module"": ""M11A"", ""fmt"": ""pdf"", ""module"": ""M11A"", ""syllabusRef"": ""M11A.11.4(e)"", ""level"": null, ""difficulty"": ""MEDIUM""}"
M11A,M11A.3.000,,"5. In Fig 01.1, what is the purpose of the rudder?",Control pitch attitude,Induce yaw around the vertical axis,Assist in wing levelling,,Induce yaw around the vertical axis,MEDIUM,,,,REVIEWED,Rans exact context,1,Module 11 Rans.pdf,"{""raw"": ""5. In Fig 01.1, what is the purpose of the rudder?\nA) Control pitch attitude\nB) Induce yaw around the vertical axis\nC) Assist in wing levelling\nImage 2 (Fig 01.2 - Horizontal Stabiliser)"", ""question"": ""5. In Fig 01.1, what is the purpose of the rudder?"", ""options"": [""Control pitch attitude"", ""Induce yaw around the vertical axis"", ""Assist in wing levelling""], ""correct"": null, ""answer_text"": null, ""category"": null, ""source_file"": ""Module 11 Rans.pdf"", ""source_module"": ""M11A"", ""fmt"": ""pdf"", ""module"": ""M11A"", ""syllabusRef"": ""M11A.3.000"", ""level"": null, ""difficulty"": ""MEDIUM""}"
M11A,M11A.81.2,,1. What is the primary role of the horizontal stabiliser?,Generate thrust,Provide longitudinal pitch stability,Control roll movements,,Provide longitudinal pitch stability,MEDIUM,,,,REVIEWED,KB direct (score=4),1,Module 11 Rans.pdf,"{""raw"": ""1. What is the primary role of the horizontal stabiliser?\nA) Generate thrust\nB) Provide longitudinal pitch stability\nC) Control roll movements"", ""question"": ""1. What is the primary role of the horizontal stabiliser?"", ""options"": [""Generate thrust"", ""Provide longitudinal pitch stability"", ""Control roll movements""], ""correct"": null, ""answer_text"": null, ""category"": null, ""source_file"": ""Module 11 Rans.pdf"", ""source_module"": ""M11A"", ""fmt"": ""pdf"", ""module"": ""M11A"", ""syllabusRef"": ""M11A.81.2"", ""level"": null, ""difficulty"": ""MEDIUM""}"
M11A,M11A.3.000,,Why is the horizontal stabiliser typically set at a slightly negative angle of,To increase engine efficiency,To create a small downward stabilizing force,To reduce drag during cruise,,To create a small downward stabilizing force,MEDIUM,,,,REVIEWED,KB partial (score=4),1,Module 11 Rans.pdf,"{""raw"": ""2. Why is the horizontal stabiliser typically set at a slightly negative angle of\nincidence?\nA) To increase engine efficiency\nB) To create a small downward stabilizing force\nC) To reduce drag during cruise"", ""question"": ""Why is the horizontal stabiliser typically set at a slightly negative angle of"", ""options"": [""To increase engine efficiency"", ""To create a small downward stabilizing force"", ""To reduce drag during cruise""], ""correct"": null, ""answer_text"": null, ""category"": null, ""source_file"": ""Module 11 Rans.pdf"", ""source_module"": ""M11A"", ""fmt"": ""pdf"", ""module"": ""M11A"", ""syllabusRef"": ""M11A.3.000"", ""level"": null, ""difficulty"": ""MEDIUM""}"
M11A,,,3. What is a disadvantage of a T-tail arrangement?,Reduced rudder effectiveness,Risk of deep stall at high angles of attack,Increased weight due to reinforced structure,,Risk of deep stall at high angles of attack,MEDIUM,,,,REVIEWED,Rans exact context,1,Module 11 Rans.pdf,"{""raw"": ""3. What is a disadvantage of a T-tail arrangement?\nA) Reduced rudder effectiveness\nB) Risk of deep stall at high angles of attack\nC) Increased weight due to reinforced structure"", ""question"": ""3. What is a disadvantage of a T-tail arrangement?"", ""options"": [""Reduced rudder effectiveness"", ""Risk of deep stall at high angles of attack"", ""Increased weight due to reinforced structure""], ""correct"": null, ""answer_text"": null, ""category"": null, ""source_file"": ""Module 11 Rans.pdf"", ""source_module"": ""M11A"", ""fmt"": ""pdf"", ""module"": ""M11A"", ""difficulty"": ""MEDIUM""}"
M11A,M11A.3.000,,4. How does a T-tail improve rudder effectiveness?,By reducing turbulence from the wings,"Through the ""end plate effect""",By increasing engine airflow over the tail,,By increasing engine airflow over the tail,MEDIUM,,,,REVIEWED,Rans exact context,1,Module 11 Rans.pdf,"{""raw"": ""4. How does a T-tail improve rudder effectiveness?\nA) By reducing turbulence from the wings\nB) Through the \""end plate effect\""\nC) By increasing engine airflow over the tail"", ""question"": ""4. How does a T-tail improve rudder effectiveness?"", ""options"": [""By reducing turbulence from the wings"", ""Through the \""end plate effect\"""", ""By increasing engine airflow over the tail""], ""correct"": null, ""answer_text"": null, ""category"": null, ""source_file"": ""Module 11 Rans.pdf"", ""source_module"": ""M11A"", ""fmt"": ""pdf"", ""module"": ""M11A"", ""syllabusRef"": ""M11A.3.000"", ""level"": null, ""difficulty"": ""MEDIUM""}"
M11A,M11A.11.03,,5. What safety feature do T-tailed aircraft have to prevent deep stalls?,Automatic rudder deflection,Stick-push system,Enhanced wing flaps,,Stick-push system,MEDIUM,,,,REVIEWED,KB direct (score=6),1,Module 11 Rans.pdf,"{""raw"": ""5. What safety feature do T-tailed aircraft have to prevent deep stalls?\nA) Automatic rudder deflection\nB) Stick-push system\nC) Enhanced wing flaps\nImage 3 (Fig 01.4 - Offset Vertical Stabiliser)"", ""question"": ""5. What safety feature do T-tailed aircraft have to prevent deep stalls?"", ""options"": [""Automatic rudder deflection"", ""Stick-push system"", ""Enhanced wing flaps""], ""correct"": null, ""answer_text"": null, ""category"": null, ""source_file"": ""Module 11 Rans.pdf"", ""source_module"": ""M11A"", ""fmt"": ""pdf"", ""module"": ""M11A"", ""syllabusRef"": ""M11A.11.03"", ""level"": null, ""difficulty"": ""MEDIUM""}"
M11A,M11A.11.03,,1. Why might a single-engine propeller aircraft have an offset vertical stabiliser?,To counteract yaw from propeller slipstream,To improve roll stability,To reduce fuel consumption,,To counteract yaw from propeller slipstream,MEDIUM,,,,REVIEWED,KB direct (score=5),1,Module 11 Rans.pdf,"{""raw"": ""1. Why might a single-engine propeller aircraft have an offset vertical stabiliser?\nA) To counteract yaw from propeller slipstream\nB) To improve roll stability\nC) To reduce fuel consumption"", ""question"": ""1. Why might a single-engine propeller aircraft have an offset vertical stabiliser?"", ""options"": [""To counteract yaw from propeller slipstream"", ""To improve roll stability"", ""To reduce fuel consumption""], ""correct"": null, ""answer_text"": null, ""category"": null, ""source_file"": ""Module 11 Rans.pdf"", ""source_module"": ""M11A"", ""fmt"": ""pdf"", ""module"": ""M11A"", ""syllabusRef"": ""M11A.11.03"", ""level"": null, ""difficulty"": ""MEDIUM""}"
M11A,M11A.13.1(b),,2. What aerodynamic issue does the offset fin address?,Wingtip vortices,Asymmetric propeller airflow,Elevator flutter,,Asymmetric propeller airflow,MEDIUM,,,,REVIEWED,KB direct (score=5),1,Module 11 Rans.pdf,"{""raw"": ""2. What aerodynamic issue does the offset fin address?\nA) Wingtip vortices\nB) Asymmetric propeller airflow\nC) Elevator flutter"", ""question"": ""2. What aerodynamic issue does the offset fin address?"", ""options"": [""Wingtip vortices"", ""Asymmetric propeller airflow"", ""Elevator flutter""], ""correct"": null, ""answer_text"": null, ""category"": null, ""source_file"": ""Module 11 Rans.pdf"", ""source_module"": ""M11A"", ""fmt"": ""pdf"", ""module"": ""M11A"", ""syllabusRef"": ""M11A.13.1(b)"", ""level"": null, ""difficulty"": ""MEDIUM""}"
M11A,M11A.11.03,,3. Which part of the aircraft is most affected by propeller-induced yaw?,Horizontal stabiliser,Vertical stabiliser,Wing flaps,,Vertical stabiliser,MEDIUM,,,,REVIEWED,KB direct (score=4),1,Module 11 Rans.pdf,"{""raw"": ""3. Which part of the aircraft is most affected by propeller-induced yaw?\nA) Horizontal stabiliser\nB) Vertical stabiliser\nC) Wing flaps"", ""question"": ""3. Which part of the aircraft is most affected by propeller-induced yaw?"", ""options"": [""Horizontal stabiliser"", ""Vertical stabiliser"", ""Wing flaps""], ""correct"": null, ""answer_text"": null, ""category"": null, ""source_file"": ""Module 11 Rans.pdf"", ""source_module"": ""M11A"", ""fmt"": ""pdf"", ""module"": ""M11A"", ""syllabusRef"": ""M11A.11.03"", ""level"": null, ""difficulty"": ""MEDIUM""}"
M11A,M11A.11.9(a),,4. What is the primary function of the vertical stabiliser?,Control pitch,Provide directional (yaw) stability,Assist in roll control,,Provide directional (yaw) stability,MEDIUM,,,,REVIEWED,KB direct (score=4),1,Module 11 Rans.pdf,"{""raw"": ""4. What is the primary function of the vertical stabiliser?\nA) Control pitch\nB) Provide directional (yaw) stability\nC) Assist in roll control"", ""question"": ""4. What is the primary function of the vertical stabiliser?"", ""options"": [""Control pitch"", ""Provide directional (yaw) stability"", ""Assist in roll control""], ""correct"": null, ""answer_text"": null, ""category"": null, ""source_file"": ""Module 11 Rans.pdf"", ""source_module"": ""M11A"", ""fmt"": ""pdf"", ""module"": ""M11A"", ""syllabusRef"": ""M11A.11.9(a)"", ""level"": null, ""difficulty"": ""MEDIUM""}"
M11A,M11A.3.000,,5. How does the offset fin modify airflow?,By redirecting slipstream evenly,By countering asymmetric propeller wash,By increasing lift on one wing,,By countering asymmetric propeller wash,EASY,,,,REVIEWED,Rans exact context,1,Module 11 Rans.pdf,"{""raw"": ""5. How does the offset fin modify airflow?\nA) By redirecting slipstream evenly\nB) By countering asymmetric propeller wash\nC) By increasing lift on one wing\nImage 4 (Fig 01.5 - Moveable Control Surfaces)"", ""question"": ""5. How does the offset fin modify airflow?"", ""options"": [""By redirecting slipstream evenly"", ""By countering asymmetric propeller wash"", ""By increasing lift on one wing""], ""correct"": null, ""answer_text"": null, ""category"": null, ""source_file"": ""Module 11 Rans.pdf"", ""source_module"": ""M11A"", ""fmt"": ""pdf"", ""module"": ""M11A"", ""syllabusRef"": ""M11A.3.000"", ""level"": null, ""difficulty"": ""EASY""}"
M11A,M11A.11.9(a),,1. Which of the following is a primary flight control surface?,Flaps,Elevators,Trim tabs,,Elevators,MEDIUM,,,,REVIEWED,Fixed: elevators are primary controls among given options,1,Module 11 Rans.pdf,"{""raw"": ""1. Which of the following is a primary flight control surface?\nA) Flaps\nB) Elevators\nC) Trim tabs"", ""question"": ""1. Which of the following is a primary flight control surface?"", ""options"": [""Flaps"", ""Elevators"", ""Trim tabs""], ""correct"": null, ""answer_text"": null, ""category"": null, ""source_file"": ""Module 11 Rans.pdf"", ""source_module"": ""M11A"", ""fmt"": ""pdf"", ""module"": ""M11A"", ""syllabusRef"": ""M11A.11.9(a)"", ""level"": null, ""difficulty"": ""MEDIUM""}"
M11A,M11A.11.9(a),,2. What is the purpose of secondary control surfaces like flaps and slats?,Replace ailerons during flight,Modify lift/drag characteristics,Control yaw during cruise,,Replace ailerons during flight,MEDIUM,,,,REVIEWED,Rans exact context,1,Module 11 Rans.pdf,"{""raw"": ""2. What is the purpose of secondary control surfaces like flaps and slats?\nA) Replace ailerons during flight\nB) Modify lift/drag characteristics\nC) Control yaw during cruise"", ""question"": ""2. What is the purpose of secondary control surfaces like flaps and slats?"", ""options"": [""Replace ailerons during flight"", ""Modify lift/drag characteristics"", ""Control yaw during cruise""], ""correct"": null, ""answer_text"": null, ""category"": null, ""source_file"": ""Module 11 Rans.pdf"", ""source_module"": ""M11A"", ""fmt"": ""pdf"", ""module"": ""M11A"", ""syllabusRef"": ""M11A.11.9(a)"", ""level"": null, ""difficulty"": ""MEDIUM""}"
M11A,M11A.11.04,,3. Which control surfaces are used together for roll control on large aircraft?,Ailerons and spoilers,Rudder and elevators,Flaps and slats,,Ailerons and spoilers,MEDIUM,,,,REVIEWED,KB direct (score=7),1,Module 11 Rans.pdf,"{""raw"": ""3. Which control surfaces are used together for roll control on large aircraft?\nA) Ailerons and spoilers\nB) Rudder and elevators\nC) Flaps and slats"", ""question"": ""3. Which control surfaces are used together for roll control on large aircraft?"", ""options"": [""Ailerons and spoilers"", ""Rudder and elevators"", ""Flaps and slats""], ""correct"": null, ""answer_text"": null, ""category"": null, ""source_file"": ""Module 11 Rans.pdf"", ""source_module"": ""M11A"", ""fmt"": ""pdf"", ""module"": ""M11A"", ""syllabusRef"": ""M11A.11.04"", ""level"": null, ""difficulty"": ""MEDIUM""}"
M11A,M11A.81.2,,4. Why might outboard ailerons be disabled at high speeds?,To prevent aileron reversal due to wing twist,To reduce engine noise,To improve fuel efficiency,,To prevent aileron reversal due to wing twist,MEDIUM,,,,REVIEWED,KB direct (score=5),1,Module 11 Rans.pdf,"{""raw"": ""4. Why might outboard ailerons be disabled at high speeds?\nA) To prevent aileron reversal due to wing twist\nB) To reduce engine noise\nC) To improve fuel efficiency"", ""question"": ""4. Why might outboard ailerons be disabled at high speeds?"", ""options"": [""To prevent aileron reversal due to wing twist"", ""To reduce engine noise"", ""To improve fuel efficiency""], ""correct"": null, ""answer_text"": null, ""category"": null, ""source_file"": ""Module 11 Rans.pdf"", ""source_module"": ""M11A"", ""fmt"": ""pdf"", ""module"": ""M11A"", ""syllabusRef"": ""M11A.81.2"", ""level"": null, ""difficulty"": ""MEDIUM""}"
M11A,M11A.11.2(b),,5. What is the risk of using outboard ailerons at high speeds?,Reduced rudder authority,Structural damage from wing flexing,Excessive pitch oscillations,,Structural damage from wing flexing,MEDIUM,,,,REVIEWED,Rans exact context,1,Module 11 Rans.pdf,"{""raw"": ""5. What is the risk of using outboard ailerons at high speeds?\nA) Reduced rudder authority\nB) Structural damage from wing flexing\nC) Excessive pitch oscillations\nImage 5 (Fig 01.14 - Ruddervators)"", ""question"": ""5. What is the risk of using outboard ailerons at high speeds?"", ""options"": [""Reduced rudder authority"", ""Structural damage from wing flexing"", ""Excessive pitch oscillations""], ""correct"": null, ""answer_text"": null, ""category"": null, ""source_file"": ""Module 11 Rans.pdf"", ""source_module"": ""M11A"", ""fmt"": ""pdf"", ""module"": ""M11A"", ""syllabusRef"": ""M11A.11.2(b)"", ""level"": null, ""difficulty"": ""MEDIUM""}"
M11A,M11A.11.03,,1. What is the function of ruddervators on a V-tail aircraft?,Combine rudder and elevator actions,Replace flaps during landing,Enhance roll stability,,Combine rudder and elevator actions,MEDIUM,,,,REVIEWED,KB direct (score=3),1,Module 11 Rans.pdf,"{""raw"": ""1. What is the function of ruddervators on a V-tail aircraft?\nA) Combine rudder and elevator actions\nB) Replace flaps during landing\nC) Enhance roll stability"", ""question"": ""1. What is the function of ruddervators on a V-tail aircraft?"", ""options"": [""Combine rudder and elevator actions"", ""Replace flaps during landing"", ""Enhance roll stability""], ""correct"": null, ""answer_text"": null, ""category"": null, ""source_file"": ""Module 11 Rans.pdf"", ""source_module"": ""M11A"", ""fmt"": ""pdf"", ""module"": ""M11A"", ""syllabusRef"": ""M11A.11.03"", ""level"": null, ""difficulty"": ""MEDIUM""}"
M11A,M11A.2.5,,2. How do ruddervators differ from conventional elevators?,They cannot control pitch,They perform dual roles (yaw + pitch),They are only used during takeoff,,They perform dual roles (yaw + pitch),MEDIUM,,,,REVIEWED,KB direct (score=4),1,Module 11 Rans.pdf,"{""raw"": ""2. How do ruddervators differ from conventional elevators?\nA) They cannot control pitch\nB) They perform dual roles (yaw + pitch)\nC) They are only used during takeoff"", ""question"": ""2. How do ruddervators differ from conventional elevators?"", ""options"": [""They cannot control pitch"", ""They perform dual roles (yaw + pitch)"", ""They are only used during takeoff""], ""correct"": null, ""answer_text"": null, ""category"": null, ""source_file"": ""Module 11 Rans.pdf"", ""source_module"": ""M11A"", ""fmt"": ""pdf"", ""module"": ""M11A"", ""syllabusRef"": ""M11A.2.5"", ""level"": null, ""difficulty"": ""MEDIUM""}"
M11A,M11A.13.1(b),,3. What is a key advantage of high-lift devices like flaps?,Increase cruise speed,Reduce landing speed by increasing lift,Improve engine thrust,,Reduce landing speed by increasing lift,MEDIUM,,,,REVIEWED,Rans exact context,1,Module 11 Rans.pdf,"{""raw"": ""3. What is a key advantage of high-lift devices like flaps?\nA) Increase cruise speed\nB) Reduce landing speed by increasing lift\nC) Improve engine thrust"", ""question"": ""3. What is a key advantage of high-lift devices like flaps?"", ""options"": [""Increase cruise speed"", ""Reduce landing speed by increasing lift"", ""Improve engine thrust""], ""correct"": null, ""answer_text"": null, ""category"": null, ""source_file"": ""Module 11 Rans.pdf"", ""source_module"": ""M11A"", ""fmt"": ""pdf"", ""module"": ""M11A"", ""syllabusRef"": ""M11A.13.1(b)"", ""level"": null, ""difficulty"": ""MEDIUM""}"
M11A,M11A.13.1(b),,4. Which devices are classified as trailing-edge high-lift devices?,Slats,Krueger flaps,Fowler flaps,,Krueger flaps,MEDIUM,,,,REVIEWED,Rans exact context,1,Module 11 Rans.pdf,"{""raw"": ""4. Which devices are classified as trailing-edge high-lift devices?\nA) Slats\nB) Krueger flaps\nC) Fowler flaps"", ""question"": ""4. Which devices are classified as trailing-edge high-lift devices?"", ""options"": [""Slats"", ""Krueger flaps"", ""Fowler flaps""], ""correct"": null, ""answer_text"": null, ""category"": null, ""source_file"": ""Module 11 Rans.pdf"", ""source_module"": ""M11A"", ""fmt"": ""pdf"", ""module"": ""M11A"", ""syllabusRef"": ""M11A.13.1(b)"", ""level"": null, ""difficulty"": ""MEDIUM""}"
M11A,M11A.11.06,,5. Why do modern jets need high-lift devices for landing?,To compensate for short runways,To reduce stalling speed below cruise efficiency,To increase engine power,,To reduce stalling speed below cruise efficiency,MEDIUM,,,,REVIEWED,Rans exact context,1,Module 11 Rans.pdf,"{""raw"": ""5. Why do modern jets need high-lift devices for landing?\nA) To compensate for short runways\nB) To reduce stalling speed below cruise efficiency\nC) To increase engine power\n:\nImage 6 (Fig 01.7 - Roll Spoiler Controls & Fig 01.8 - Elevator Controls)"", ""question"": ""5. Why do modern jets need high-lift devices for landing?"", ""options"": [""To compensate for short runways"", ""To reduce stalling speed below cruise efficiency"", ""To increase engine power""], ""correct"": null, ""answer_text"": null, ""category"": null, ""source_file"": ""Module 11 Rans.pdf"", ""source_module"": ""M11A"", ""fmt"": ""pdf"", ""module"": ""M11A"", ""syllabusRef"": ""M11A.11.06"", ""level"": null, ""difficulty"": ""MEDIUM""}"
M11A,M11A.3.000,,2. What happens to the spoiler on the side of the down-going aileron?,It deploys fully to increase drag,It remains flush with the wing surface,It deflects downward to augment lift,,It deploys fully to increase drag,MEDIUM,,,,REVIEWED,KB direct (score=4),1,Module 11 Rans.pdf,"{""raw"": ""2. What happens to the spoiler on the side of the down-going aileron?\nA) It deploys fully to increase drag\nB) It remains flush with the wing surface\nC) It deflects downward to augment lift"", ""question"": ""2. What happens to the spoiler on the side of the down-going aileron?"", ""options"": [""It deploys fully to increase drag"", ""It remains flush with the wing surface"", ""It deflects downward to augment lift""], ""correct"": null, ""answer_text"": null, ""category"": null, ""source_file"": ""Module 11 Rans.pdf"", ""source_module"": ""M11A"", ""fmt"": ""pdf"", ""module"": ""M11A"", ""syllabusRef"": ""M11A.3.000"", ""level"": null, ""difficulty"": ""MEDIUM""}"
M11A,M11A.11.9(a),,3. What is the primary function of the elevators?,Control yaw around the vertical axis,Control pitch around the lateral axis,Assist in roll during turns,,Control pitch around the lateral axis,EASY,,,,REVIEWED,Fixed: elevators control pitch,1,Module 11 Rans.pdf,"{""raw"": ""3. What is the primary function of the elevators?\nA) Control yaw around the vertical axis\nB) Control pitch around the lateral axis\nC) Assist in roll during turns"", ""question"": ""3. What is the primary function of the elevators?"", ""options"": [""Control yaw around the vertical axis"", ""Control pitch around the lateral axis"", ""Assist in roll during turns""], ""correct"": null, ""answer_text"": null, ""category"": null, ""source_file"": ""Module 11 Rans.pdf"", ""source_module"": ""M11A"", ""fmt"": ""pdf"", ""module"": ""M11A"", ""syllabusRef"": ""M11A.11.9(a)"", ""level"": null, ""difficulty"": ""EASY""}"
M11A,M11A.11.04,,"4. When the control column is pushed forward, how do the elevators respond?","Move upward, raising the nose","Move downward, lowering the nose",Remain neutral to maintain level flight,,"Move downward, lowering the nose",MEDIUM,,,,REVIEWED,KB partial (score=5),1,Module 11 Rans.pdf,"{""raw"": ""4. When the control column is pushed forward, how do the elevators respond?\nA) Move upward, raising the nose\nB) Move downward, lowering the nose\nC) Remain neutral to maintain level flight"", ""question"": ""4. When the control column is pushed forward, how do the elevators respond?"", ""options"": [""Move upward, raising the nose"", ""Move downward, lowering the nose"", ""Remain neutral to maintain level flight""], ""correct"": null, ""answer_text"": null, ""category"": null, ""source_file"": ""Module 11 Rans.pdf"", ""source_module"": ""M11A"", ""fmt"": ""pdf"", ""module"": ""M11A"", ""syllabusRef"": ""M11A.11.04"", ""level"": null, ""difficulty"": ""MEDIUM""}"
M11A,M11A.11.04,,5. What mechanical unit coordinates spoiler and aileron movement?,Flight control computer,Spoiler-aileron mixer unit,Hydraulic actuator system,,Spoiler-aileron mixer unit,MEDIUM,,,,REVIEWED,KB direct (score=6),1,Module 11 Rans.pdf,"{""raw"": ""5. What mechanical unit coordinates spoiler and aileron movement?\nA) Flight control computer\nB) Spoiler-aileron mixer unit\nC) Hydraulic actuator system\nImage 7 (Fig 01.9 - All Flying Tail-Plane & Fig 01.10 - Variable Incidence Stabiliser)"", ""question"": ""5. What mechanical unit coordinates spoiler and aileron movement?"", ""options"": [""Flight control computer"", ""Spoiler-aileron mixer unit"", ""Hydraulic actuator system""], ""correct"": null, ""answer_text"": null, ""category"": null, ""source_file"": ""Module 11 Rans.pdf"", ""source_module"": ""M11A"", ""fmt"": ""pdf"", ""module"": ""M11A"", ""syllabusRef"": ""M11A.11.04"", ""level"": null, ""difficulty"": ""MEDIUM""}"
M11A,M11A.11.4(e),,1. What is the key feature of a stabilator?,It combines the functions of the elevator and horizontal stabiliser,It is fixed and non-adjustable,It only operates during landing,,It combines the functions of the elevator and horizontal stabiliser,EASY,,,,REVIEWED,KB partial (score=3),1,Module 11 Rans.pdf,"{""raw"": ""1. What is the key feature of a stabilator?\nA) It combines the functions of the elevator and horizontal stabiliser\nB) It is fixed and non-adjustable\nC) It only operates during landing"", ""question"": ""1. What is the key feature of a stabilator?"", ""options"": [""It combines the functions of the elevator and horizontal stabiliser"", ""It is fixed and non-adjustable"", ""It only operates during landing""], ""correct"": null, ""answer_text"": null, ""category"": null, ""source_file"": ""Module 11 Rans.pdf"", ""source_module"": ""M11A"", ""fmt"": ""pdf"", ""module"": ""M11A"", ""syllabusRef"": ""M11A.11.4(e)"", ""level"": null, ""difficulty"": ""EASY""}"
M11A,M11A.11.03,,2. How does a stabilator change the aircraft’s pitch attitude?,By adjusting the angle of attack of the entire horizontal stabiliser,By deploying flaps on the tail,By twisting the vertical stabiliser,,By adjusting the angle of attack of the entire horizontal stabiliser,MEDIUM,,,,REVIEWED,KB partial (score=3),1,Module 11 Rans.pdf,"{""raw"": ""2. How does a stabilator change the aircraft’s pitch attitude?\nA) By adjusting the angle of attack of the entire horizontal stabiliser\nB) By deploying flaps on the tail\nC) By twisting the vertical stabiliser"", ""question"": ""2. How does a stabilator change the aircraft’s pitch attitude?"", ""options"": [""By adjusting the angle of attack of the entire horizontal stabiliser"", ""By deploying flaps on the tail"", ""By twisting the vertical stabiliser""], ""correct"": null, ""answer_text"": null, ""category"": null, ""source_file"": ""Module 11 Rans.pdf"", ""source_module"": ""M11A"", ""fmt"": ""pdf"", ""module"": ""M11A"", ""syllabusRef"": ""M11A.11.03"", ""level"": null, ""difficulty"": ""MEDIUM""}"
M11A,M11A.3.000,,3. What is the purpose of a variable incidence stabiliser?,To replace the rudder during crosswinds,To provide pitch trim via electric motor adjustment,To increase roll rate,,To provide pitch trim via electric motor adjustment,MEDIUM,,,,REVIEWED,Rans exact context,1,Module 11 Rans.pdf,"{""raw"": ""3. What is the purpose of a variable incidence stabiliser?\nA) To replace the rudder during crosswinds\nB) To provide pitch trim via electric motor adjustment\nC) To increase roll rate"", ""question"": ""3. What is the purpose of a variable incidence stabiliser?"", ""options"": [""To replace the rudder during crosswinds"", ""To provide pitch trim via electric motor adjustment"", ""To increase roll rate""], ""correct"": null, ""answer_text"": null, ""category"": null, ""source_file"": ""Module 11 Rans.pdf"", ""source_module"": ""M11A"", ""fmt"": ""pdf"", ""module"": ""M11A"", ""syllabusRef"": ""M11A.3.000"", ""level"": null, ""difficulty"": ""MEDIUM""}"
M11A,M11A.3.000,,4. Which component powers the movement of a variable incidence stabiliser?,Pneumatic system,Hydraulic actuator,Electric motor,,Pneumatic system,MEDIUM,,,,REVIEWED,Rans exact context,1,Module 11 Rans.pdf,"{""raw"": ""4. Which component powers the movement of a variable incidence stabiliser?\nA) Pneumatic system\nB) Hydraulic actuator\nC) Electric motor"", ""question"": ""4. Which component powers the movement of a variable incidence stabiliser?"", ""options"": [""Pneumatic system"", ""Hydraulic actuator"", ""Electric motor""], ""correct"": null, ""answer_text"": null, ""category"": null, ""source_file"": ""Module 11 Rans.pdf"", ""source_module"": ""M11A"", ""fmt"": ""pdf"", ""module"": ""M11A"", ""syllabusRef"": ""M11A.3.000"", ""level"": null, ""difficulty"": ""MEDIUM""}"
M11A,M11A.3.000,,"5. In Fig 01.10, what is the role of the actuator?",To deflect the elevator independently,To change the stabiliser’s angle of incidence,To deploy spoilers,,To deflect the elevator independently,MEDIUM,,,,REVIEWED,Rans exact context,1,Module 11 Rans.pdf,"{""raw"": ""5. In Fig 01.10, what is the role of the actuator?\nA) To deflect the elevator independently\nB) To change the stabiliser’s angle of incidence\nC) To deploy spoilers\nImage 8 (Fig 01.11 - Canard Design & Rudder Controls)"", ""question"": ""5. In Fig 01.10, what is the role of the actuator?"", ""options"": [""To deflect the elevator independently"", ""To change the stabiliser’s angle of incidence"", ""To deploy spoilers""], ""correct"": null, ""answer_text"": null, ""category"": null, ""source_file"": ""Module 11 Rans.pdf"", ""source_module"": ""M11A"", ""fmt"": ""pdf"", ""module"": ""M11A"", ""syllabusRef"": ""M11A.3.000"", ""level"": null, ""difficulty"": ""MEDIUM""}"
M11A,M11A.13.1(b),,1. What is the aerodynamic advantage of a canard configuration?,"The fore-plane contributes to total lift, reducing wing drag",It eliminates the need for a vertical stabiliser,It simplifies landing gear design,,"The fore-plane contributes to total lift, reducing wing drag",MEDIUM,,,,REVIEWED,KB direct (score=4),1,Module 11 Rans.pdf,"{""raw"": ""1. What is the aerodynamic advantage of a canard configuration?\nA) The fore-plane contributes to total lift, reducing wing drag\nB) It eliminates the need for a vertical stabiliser\nC) It simplifies landing gear design"", ""question"": ""1. What is the aerodynamic advantage of a canard configuration?"", ""options"": [""The fore-plane contributes to total lift, reducing wing drag"", ""It eliminates the need for a vertical stabiliser"", ""It simplifies landing gear design""], ""correct"": null, ""answer_text"": null, ""category"": null, ""source_file"": ""Module 11 Rans.pdf"", ""source_module"": ""M11A"", ""fmt"": ""pdf"", ""module"": ""M11A"", ""syllabusRef"": ""M11A.13.1(b)"", ""level"": null, ""difficulty"": ""MEDIUM""}"
M11A,M11A.11.05,,2. Why does the canard stall before the main wing?,Its angle of attack is set higher than the main wing,It is smaller in size,It lacks stall sensing systems,,Its angle of attack is set higher than the main wing,MEDIUM,,,,REVIEWED,KB partial (score=4),1,Module 11 Rans.pdf,"{""raw"": ""2. Why does the canard stall before the main wing?\nA) Its angle of attack is set higher than the main wing\nB) It is smaller in size\nC) It lacks stall sensing systems"", ""question"": ""2. Why does the canard stall before the main wing?"", ""options"": [""Its angle of attack is set higher than the main wing"", ""It is smaller in size"", ""It lacks stall sensing systems""], ""correct"": null, ""answer_text"": null, ""category"": null, ""source_file"": ""Module 11 Rans.pdf"", ""source_module"": ""M11A"", ""fmt"": ""pdf"", ""module"": ""M11A"", ""syllabusRef"": ""M11A.11.05"", ""level"": null, ""difficulty"": ""MEDIUM""}"
M11A,M11A.3.000,,3. How does the rudder generate yaw?,By creating asymmetric thrust,By producing a sideways lifting force,By twisting the fuselage,,By producing a sideways lifting force,EASY,,,,REVIEWED,KB direct (score=3),1,Module 11 Rans.pdf,"{""raw"": ""3. How does the rudder generate yaw?\nA) By creating asymmetric thrust\nB) By producing a sideways lifting force\nC) By twisting the fuselage"", ""question"": ""3. How does the rudder generate yaw?"", ""options"": [""By creating asymmetric thrust"", ""By producing a sideways lifting force"", ""By twisting the fuselage""], ""correct"": null, ""answer_text"": null, ""category"": null, ""source_file"": ""Module 11 Rans.pdf"", ""source_module"": ""M11A"", ""fmt"": ""pdf"", ""module"": ""M11A"", ""syllabusRef"": ""M11A.3.000"", ""level"": null, ""difficulty"": ""EASY""}"
M11A,M11A.3.000,,4. What limits rudder deflection at high speeds?,Manual pilot input,Speed-sensitive range limiting system,Hydraulic pressure loss,,Speed-sensitive range limiting system,EASY,,,,REVIEWED,KB direct (score=3),1,Module 11 Rans.pdf,"{""raw"": ""4. What limits rudder deflection at high speeds?\nA) Manual pilot input\nB) Speed-sensitive range limiting system\nC) Hydraulic pressure loss"", ""question"": ""4. What limits rudder deflection at high speeds?"", ""options"": [""Manual pilot input"", ""Speed-sensitive range limiting system"", ""Hydraulic pressure loss""], ""correct"": null, ""answer_text"": null, ""category"": null, ""source_file"": ""Module 11 Rans.pdf"", ""source_module"": ""M11A"", ""fmt"": ""pdf"", ""module"": ""M11A"", ""syllabusRef"": ""M11A.3.000"", ""level"": null, ""difficulty"": ""EASY""}"
M11A,M11A.11.03,,5. Why might large aircraft have segmented rudders?,To reduce weight,To provide redundancy in control systems,To improve cruise efficiency,,To provide redundancy in control systems,MEDIUM,,,,REVIEWED,Rans exact context,1,Module 11 Rans.pdf,"{""raw"": ""5. Why might large aircraft have segmented rudders?\nA) To reduce weight\nB) To provide redundancy in control systems\nC) To improve cruise efficiency\nImage 9 (Fig 01.12 - Rudder Controls & Fig 01.13 - Elevons)"", ""question"": ""5. Why might large aircraft have segmented rudders?"", ""options"": [""To reduce weight"", ""To provide redundancy in control systems"", ""To improve cruise efficiency""], ""correct"": null, ""answer_text"": null, ""category"": null, ""source_file"": ""Module 11 Rans.pdf"", ""source_module"": ""M11A"", ""fmt"": ""pdf"", ""module"": ""M11A"", ""syllabusRef"": ""M11A.11.03"", ""level"": null, ""difficulty"": ""MEDIUM""}"
M11A,M11A.11.04,,1. What is the function of elevons on delta-wing aircraft?,Combine pitch and roll control into one surface,Replace flaps during takeoff,Act as speed brakes,,Combine pitch and roll control into one surface,MEDIUM,,,,REVIEWED,Rans exact context,1,Module 11 Rans.pdf,"{""raw"": ""1. What is the function of elevons on delta-wing aircraft?\nA) Combine pitch and roll control into one surface\nB) Replace flaps during takeoff\nC) Act as speed brakes"", ""question"": ""1. What is the function of elevons on delta-wing aircraft?"", ""options"": [""Combine pitch and roll control into one surface"", ""Replace flaps during takeoff"", ""Act as speed brakes""], ""correct"": null, ""answer_text"": null, ""category"": null, ""source_file"": ""Module 11 Rans.pdf"", ""source_module"": ""M11A"", ""fmt"": ""pdf"", ""module"": ""M11A"", ""syllabusRef"": ""M11A.11.04"", ""level"": null, ""difficulty"": ""MEDIUM""}"
M11A,M11A.11.2(b),,2. How do elevons move for pitch control?,Asymmetrically,Symmetrically,Only during landing,,Symmetrically,EASY,,,,REVIEWED,Rans exact context,1,Module 11 Rans.pdf,"{""raw"": ""2. How do elevons move for pitch control?\nA) Asymmetrically\nB) Symmetrically\nC) Only during landing"", ""question"": ""2. How do elevons move for pitch control?"", ""options"": [""Asymmetrically"", ""Symmetrically"", ""Only during landing""], ""correct"": null, ""answer_text"": null, ""category"": null, ""source_file"": ""Module 11 Rans.pdf"", ""source_module"": ""M11A"", ""fmt"": ""pdf"", ""module"": ""M11A"", ""syllabusRef"": ""M11A.11.2(b)"", ""level"": null, ""difficulty"": ""EASY""}"
M11A,M11A.11.9(c),,3. What system might reduce rudder authority at high speeds?,Fly-by-wire limiter,Speed-sensitive range limiting system,Mechanical stop,,Speed-sensitive range limiting system,MEDIUM,,,,REVIEWED,KB direct (score=6),1,Module 11 Rans.pdf,"{""raw"": ""3. What system might reduce rudder authority at high speeds?\nA) Fly-by-wire limiter\nB) Speed-sensitive range limiting system\nC) Mechanical stop"", ""question"": ""3. What system might reduce rudder authority at high speeds?"", ""options"": [""Fly-by-wire limiter"", ""Speed-sensitive range limiting system"", ""Mechanical stop""], ""correct"": null, ""answer_text"": null, ""category"": null, ""source_file"": ""Module 11 Rans.pdf"", ""source_module"": ""M11A"", ""fmt"": ""pdf"", ""module"": ""M11A"", ""syllabusRef"": ""M11A.11.9(c)"", ""level"": null, ""difficulty"": ""MEDIUM""}"
M11A,M11A.11.9(c),,4. What is the purpose of the mixer unit in elevon operation?,To blend fuel mixtures,To coordinate symmetric/asymmetric surface movement,To control engine thrust,,To coordinate symmetric/asymmetric surface movement,MEDIUM,,,,REVIEWED,KB direct (score=5),1,Module 11 Rans.pdf,"{""raw"": ""4. What is the purpose of the mixer unit in elevon operation?\nA) To blend fuel mixtures\nB) To coordinate symmetric/asymmetric surface movement\nC) To control engine thrust"", ""question"": ""4. What is the purpose of the mixer unit in elevon operation?"", ""options"": [""To blend fuel mixtures"", ""To coordinate symmetric/asymmetric surface movement"", ""To control engine thrust""], ""correct"": null, ""answer_text"": null, ""category"": null, ""source_file"": ""Module 11 Rans.pdf"", ""source_module"": ""M11A"", ""fmt"": ""pdf"", ""module"": ""M11A"", ""syllabusRef"": ""M11A.11.9(c)"", ""level"": null, ""difficulty"": ""MEDIUM""}"
M11A,M11A.11.03,,"5. In Fig 01.12, what happens when the right rudder pedal is pushed?",The nose yaws left,The nose yaws right,The aircraft rolls right,,The nose yaws left,MEDIUM,,,,REVIEWED,Rans exact context,1,Module 11 Rans.pdf,"{""raw"": ""5. In Fig 01.12, what happens when the right rudder pedal is pushed?\nA) The nose yaws left\nB) The nose yaws right\nC) The aircraft rolls right\nImage 10 (Fig 01.14 - Ruddervator Controls & High-Lift Devices)"", ""question"": ""5. In Fig 01.12, what happens when the right rudder pedal is pushed?"", ""options"": [""The nose yaws left"", ""The nose yaws right"", ""The aircraft rolls right""], ""correct"": null, ""answer_text"": null, ""category"": null, ""source_file"": ""Module 11 Rans.pdf"", ""source_module"": ""M11A"", ""fmt"": ""pdf"", ""module"": ""M11A"", ""syllabusRef"": ""M11A.11.03"", ""level"": null, ""difficulty"": ""MEDIUM""}"
M11A,M11A.11.4(e),,1. What dual function do ruddervators serve?,Pitch and roll,Yaw and pitch,Roll and yaw,,Yaw and pitch,EASY,,,,REVIEWED,"Fixed: ruddervators combine pitch and yaw, not roll",1,Module 11 Rans.pdf,"{""raw"": ""1. What dual function do ruddervators serve?\nA) Pitch and roll\nB) Yaw and pitch\nC) Roll and yaw"", ""question"": ""1. What dual function do ruddervators serve?"", ""options"": [""Pitch and roll"", ""Yaw and pitch"", ""Roll and yaw""], ""correct"": null, ""answer_text"": null, ""category"": null, ""source_file"": ""Module 11 Rans.pdf"", ""source_module"": ""M11A"", ""fmt"": ""pdf"", ""module"": ""M11A"", ""syllabusRef"": ""M11A.11.4(e)"", ""level"": null, ""difficulty"": ""EASY""}"
M11A,M11A.11.06,,2. Why are high-lift devices critical for landing?,"They reduce stalling speed, enabling slower landings",They increase engine power,They eliminate the need for spoilers,,"They reduce stalling speed, enabling slower landings",MEDIUM,,,,REVIEWED,Rans exact context,1,Module 11 Rans.pdf,"{""raw"": ""2. Why are high-lift devices critical for landing?\nA) They reduce stalling speed, enabling slower landings\nB) They increase engine power\nC) They eliminate the need for spoilers"", ""question"": ""2. Why are high-lift devices critical for landing?"", ""options"": [""They reduce stalling speed, enabling slower landings"", ""They increase engine power"", ""They eliminate the need for spoilers""], ""correct"": null, ""answer_text"": null, ""category"": null, ""source_file"": ""Module 11 Rans.pdf"", ""source_module"": ""M11A"", ""fmt"": ""pdf"", ""module"": ""M11A"", ""syllabusRef"": ""M11A.11.06"", ""level"": null, ""difficulty"": ""MEDIUM""}"
M11A,M11A.11.01,,3. Which is a trailing-edge high-lift device?,Slat,Krueger flap,Fowler flap,,Fowler flap,EASY,,,,REVIEWED,"Fixed: Fowler flap is trailing-edge, slat is leading-edge",1,Module 11 Rans.pdf,"{""raw"": ""3. Which is a trailing-edge high-lift device?\nA) Slat\nB) Krueger flap\nC) Fowler flap"", ""question"": ""3. Which is a trailing-edge high-lift device?"", ""options"": [""Slat"", ""Krueger flap"", ""Fowler flap""], ""correct"": null, ""answer_text"": null, ""category"": null, ""source_file"": ""Module 11 Rans.pdf"", ""source_module"": ""M11A"", ""fmt"": ""pdf"", ""module"": ""M11A"", ""syllabusRef"": ""M11A.11.01"", ""level"": null, ""difficulty"": ""EASY""}"
M11A,,,4. How do flaps affect drag during deployment?,Drag decreases,Drag increases significantly,Drag remains unchanged,,Drag increases significantly,EASY,,,,REVIEWED,Rans exact context,1,Module 11 Rans.pdf,"{""raw"": ""4. How do flaps affect drag during deployment?\nA) Drag decreases\nB) Drag increases significantly\nC) Drag remains unchanged"", ""question"": ""4. How do flaps affect drag during deployment?"", ""options"": [""Drag decreases"", ""Drag increases significantly"", ""Drag remains unchanged""], ""correct"": null, ""answer_text"": null, ""category"": null, ""source_file"": ""Module 11 Rans.pdf"", ""source_module"": ""M11A"", ""fmt"": ""pdf"", ""module"": ""M11A"", ""difficulty"": ""EASY""}"
M11A,M11A.3.000,,5. What is the typical landing speed relative to stalling speed?,0.8 times the stalling speed,1.3 times the stalling speed,Equal to the stalling speed,,0.8 times the stalling speed,MEDIUM,,,,REVIEWED,Rans exact context,1,Module 11 Rans.pdf,"{""raw"": ""5. What is the typical landing speed relative to stalling speed?\nA) 0.8 times the stalling speed\nB) 1.3 times the stalling speed\nC) Equal to the stalling speed\nImage 11 (Fig 01.15 - Flaps and Slats & Fig 01.16 - Slots)"", ""question"": ""5. What is the typical landing speed relative to stalling speed?"", ""options"": [""0.8 times the stalling speed"", ""1.3 times the stalling speed"", ""Equal to the stalling speed""], ""correct"": null, ""answer_text"": null, ""category"": null, ""source_file"": ""Module 11 Rans.pdf"", ""source_module"": ""M11A"", ""fmt"": ""pdf"", ""module"": ""M11A"", ""syllabusRef"": ""M11A.3.000"", ""level"": null, ""difficulty"": ""MEDIUM""}"
M11A,M11A.11.9(a),,1. What is the primary purpose of leading-edge slats?,Increase drag during cruise,Improve airflow at high angles of attack,Replace ailerons during roll,,Improve airflow at high angles of attack,MEDIUM,,,,REVIEWED,KB partial (score=3),1,Module 11 Rans.pdf,"{""raw"": ""1. What is the primary purpose of leading-edge slats?\nA) Increase drag during cruise\nB) Improve airflow at high angles of attack\nC) Replace ailerons during roll"", ""question"": ""1. What is the primary purpose of leading-edge slats?"", ""options"": [""Increase drag during cruise"", ""Improve airflow at high angles of attack"", ""Replace ailerons during roll""], ""correct"": null, ""answer_text"": null, ""category"": null, ""source_file"": ""Module 11 Rans.pdf"", ""source_module"": ""M11A"", ""fmt"": ""pdf"", ""module"": ""M11A"", ""syllabusRef"": ""M11A.11.9(a)"", ""level"": null, ""difficulty"": ""MEDIUM""}"
M11A,M11A.2.5,,2. How do automatic slats reduce drag when not in use?,By retracting flush against the wing leading edge,By folding into the wing interior,By deploying only during landing,,By retracting flush against the wing leading edge,MEDIUM,,,,REVIEWED,Rans exact context,1,Module 11 Rans.pdf,"{""raw"": ""2. How do automatic slats reduce drag when not in use?\nA) By retracting flush against the wing leading edge\nB) By folding into the wing interior\nC) By deploying only during landing"", ""question"": ""2. How do automatic slats reduce drag when not in use?"", ""options"": [""By retracting flush against the wing leading edge"", ""By folding into the wing interior"", ""By deploying only during landing""], ""correct"": null, ""answer_text"": null, ""category"": null, ""source_file"": ""Module 11 Rans.pdf"", ""source_module"": ""M11A"", ""fmt"": ""pdf"", ""module"": ""M11A"", ""syllabusRef"": ""M11A.2.5"", ""level"": null, ""difficulty"": ""MEDIUM""}"
M11A,M11A.13.1(b),,3. What aerodynamic problem do slots address at high angles of attack?,Excessive lift at low speeds,Airflow separation over the wing,Reduced engine thrust,,Excessive lift at low speeds,MEDIUM,,,,REVIEWED,Rans exact context,1,Module 11 Rans.pdf,"{""raw"": ""3. What aerodynamic problem do slots address at high angles of attack?\nA) Excessive lift at low speeds\nB) Airflow separation over the wing\nC) Reduced engine thrust"", ""question"": ""3. What aerodynamic problem do slots address at high angles of attack?"", ""options"": [""Excessive lift at low speeds"", ""Airflow separation over the wing"", ""Reduced engine thrust""], ""correct"": null, ""answer_text"": null, ""category"": null, ""source_file"": ""Module 11 Rans.pdf"", ""source_module"": ""M11A"", ""fmt"": ""pdf"", ""module"": ""M11A"", ""syllabusRef"": ""M11A.13.1(b)"", ""level"": null, ""difficulty"": ""MEDIUM""}"
M11A,M11A.11.03,,4. When are fixed slots most aerodynamically disadvantageous?,During high-speed cruise,During takeoff with flaps extended,When the aircraft is parked,,During high-speed cruise,MEDIUM,,,,REVIEWED,KB direct (score=4),1,Module 11 Rans.pdf,"{""raw"": ""4. When are fixed slots most aerodynamically disadvantageous?\nA) During high-speed cruise\nB) During takeoff with flaps extended\nC) When the aircraft is parked"", ""question"": ""4. When are fixed slots most aerodynamically disadvantageous?"", ""options"": [""During high-speed cruise"", ""During takeoff with flaps extended"", ""When the aircraft is parked""], ""correct"": null, ""answer_text"": null, ""category"": null, ""source_file"": ""Module 11 Rans.pdf"", ""source_module"": ""M11A"", ""fmt"": ""pdf"", ""module"": ""M11A"", ""syllabusRef"": ""M11A.11.03"", ""level"": null, ""difficulty"": ""MEDIUM""}"
M11A,M11A.11.01,,5. What is the key benefit of movable slats over fixed slots?,Lower maintenance costs,Reduced drag when retracted,Elimination of flap deployment,,Lower maintenance costs,MEDIUM,,,,REVIEWED,Rans exact context,1,Module 11 Rans.pdf,"{""raw"": ""5. What is the key benefit of movable slats over fixed slots?\nA) Lower maintenance costs\nB) Reduced drag when retracted\nC) Elimination of flap deployment\nImage 12 (Fig 01.17 - Fowler Flap & Fig 01.18 - Slotted Flaps)"", ""question"": ""5. What is the key benefit of movable slats over fixed slots?"", ""options"": [""Lower maintenance costs"", ""Reduced drag when retracted"", ""Elimination of flap deployment""], ""correct"": null, ""answer_text"": null, ""category"": null, ""source_file"": ""Module 11 Rans.pdf"", ""source_module"": ""M11A"", ""fmt"": ""pdf"", ""module"": ""M11A"", ""syllabusRef"": ""M11A.11.01"", ""level"": null, ""difficulty"": ""MEDIUM""}"
M11A,M11A.11.01,,1. How does a Fowler flap increase wing performance?,By extending rearward to increase wing area and camber,By deflecting upward to reduce lift,By retracting into the wing during cruise,,By extending rearward to increase wing area and camber,MEDIUM,,,,REVIEWED,Rans exact context,1,Module 11 Rans.pdf,"{""raw"": ""1. How does a Fowler flap increase wing performance?\nA) By extending rearward to increase wing area and camber\nB) By deflecting upward to reduce lift\nC) By retracting into the wing during cruise"", ""question"": ""1. How does a Fowler flap increase wing performance?"", ""options"": [""By extending rearward to increase wing area and camber"", ""By deflecting upward to reduce lift"", ""By retracting into the wing during cruise""], ""correct"": null, ""answer_text"": null, ""category"": null, ""source_file"": ""Module 11 Rans.pdf"", ""source_module"": ""M11A"", ""fmt"": ""pdf"", ""module"": ""M11A"", ""syllabusRef"": ""M11A.11.01"", ""level"": null, ""difficulty"": ""MEDIUM""}"
M11A,M11A.11.4(c),,2. What advantage do slotted flaps provide over plain flaps?,They allow high-energy air to flow over the flap surface,They reduce wing area during deployment,They eliminate the need for leading-edge devices,,They allow high-energy air to flow over the flap surface,MEDIUM,,,,REVIEWED,Rans exact context,1,Module 11 Rans.pdf,"{""raw"": ""2. What advantage do slotted flaps provide over plain flaps?\nA) They allow high-energy air to flow over the flap surface\nB) They reduce wing area during deployment\nC) They eliminate the need for leading-edge devices"", ""question"": ""2. What advantage do slotted flaps provide over plain flaps?"", ""options"": [""They allow high-energy air to flow over the flap surface"", ""They reduce wing area during deployment"", ""They eliminate the need for leading-edge devices""], ""correct"": null, ""answer_text"": null, ""category"": null, ""source_file"": ""Module 11 Rans.pdf"", ""source_module"": ""M11A"", ""fmt"": ""pdf"", ""module"": ""M11A"", ""syllabusRef"": ""M11A.11.4(c)"", ""level"": null, ""difficulty"": ""MEDIUM""}"
M11A,M11A.2.5,,3. Why are complex flaps like Fowler flaps used?,To achieve the lowest possible stalling speed,To simplify mechanical systems,To increase cruise speed,,To achieve the lowest possible stalling speed,EASY,,,,REVIEWED,Rans exact context,1,Module 11 Rans.pdf,"{""raw"": ""3. Why are complex flaps like Fowler flaps used?\nA) To achieve the lowest possible stalling speed\nB) To simplify mechanical systems\nC) To increase cruise speed"", ""question"": ""3. Why are complex flaps like Fowler flaps used?"", ""options"": [""To achieve the lowest possible stalling speed"", ""To simplify mechanical systems"", ""To increase cruise speed""], ""correct"": null, ""answer_text"": null, ""category"": null, ""source_file"": ""Module 11 Rans.pdf"", ""source_module"": ""M11A"", ""fmt"": ""pdf"", ""module"": ""M11A"", ""syllabusRef"": ""M11A.2.5"", ""level"": null, ""difficulty"": ""EASY""}"
M11A,M11A.2.5,,4. What happens to airflow when slotted flaps are deployed?,Turbulence increases at the wing root,Airflow separation is delayed due to slots,Drag decreases proportionally to lift,,Airflow separation is delayed due to slots,MEDIUM,,,,REVIEWED,Rans exact context,1,Module 11 Rans.pdf,"{""raw"": ""4. What happens to airflow when slotted flaps are deployed?\nA) Turbulence increases at the wing root\nB) Airflow separation is delayed due to slots\nC) Drag decreases proportionally to lift"", ""question"": ""4. What happens to airflow when slotted flaps are deployed?"", ""options"": [""Turbulence increases at the wing root"", ""Airflow separation is delayed due to slots"", ""Drag decreases proportionally to lift""], ""correct"": null, ""answer_text"": null, ""category"": null, ""source_file"": ""Module 11 Rans.pdf"", ""source_module"": ""M11A"", ""fmt"": ""pdf"", ""module"": ""M11A"", ""syllabusRef"": ""M11A.2.5"", ""level"": null, ""difficulty"": ""MEDIUM""}"
M11A,M11A.11.01,,5. Which flap type combines increased wing area with camber change?,Split flap,Fowler flap,Plain flap,,Fowler flap,MEDIUM,,,,REVIEWED,Fixed: Fowler flaps extend rearward increasing area and camber,1,Module 11 Rans.pdf,"{""raw"": ""5. Which flap type combines increased wing area with camber change?\nA) Split flap\nB) Fowler flap\nC) Plain flap\nImage 13 (Fig 01.19 - Kruger Flaps & Fig 01.20 - Flaperon)"", ""question"": ""5. Which flap type combines increased wing area with camber change?"", ""options"": [""Split flap"", ""Fowler flap"", ""Plain flap""], ""correct"": null, ""answer_text"": null, ""category"": null, ""source_file"": ""Module 11 Rans.pdf"", ""source_module"": ""M11A"", ""fmt"": ""pdf"", ""module"": ""M11A"", ""syllabusRef"": ""M11A.11.01"", ""level"": null, ""difficulty"": ""MEDIUM""}"
M11A,M11A.11.4(e),,1. How do Kruger flaps differ from slats?,They extend from the leading edge as a single surface,They are fixed and non-retractable,They deploy only during cruise,,They extend from the leading edge as a single surface,EASY,,,,REVIEWED,KB direct (score=4),1,Module 11 Rans.pdf,"{""raw"": ""1. How do Kruger flaps differ from slats?\nA) They extend from the leading edge as a single surface\nB) They are fixed and non-retractable\nC) They deploy only during cruise"", ""question"": ""1. How do Kruger flaps differ from slats?"", ""options"": [""They extend from the leading edge as a single surface"", ""They are fixed and non-retractable"", ""They deploy only during cruise""], ""correct"": null, ""answer_text"": null, ""category"": null, ""source_file"": ""Module 11 Rans.pdf"", ""source_module"": ""M11A"", ""fmt"": ""pdf"", ""module"": ""M11A"", ""syllabusRef"": ""M11A.11.4(e)"", ""level"": null, ""difficulty"": ""EASY""}"
M11A,M11A.11.4(e),,2. What is the dual function of flaperons?,Act as both ailerons and flaps,Replace spoilers during descent,Serve as speed brakes,,Act as both ailerons and flaps,EASY,,,,REVIEWED,KB direct (score=3),1,Module 11 Rans.pdf,"{""raw"": ""2. What is the dual function of flaperons?\nA) Act as both ailerons and flaps\nB) Replace spoilers during descent\nC) Serve as speed brakes"", ""question"": ""2. What is the dual function of flaperons?"", ""options"": [""Act as both ailerons and flaps"", ""Replace spoilers during descent"", ""Serve as speed brakes""], ""correct"": null, ""answer_text"": null, ""category"": null, ""source_file"": ""Module 11 Rans.pdf"", ""source_module"": ""M11A"", ""fmt"": ""pdf"", ""module"": ""M11A"", ""syllabusRef"": ""M11A.11.4(e)"", ""level"": null, ""difficulty"": ""EASY""}"
M11A,M11A.11.2(b),,3. When do droop ailerons typically deploy?,When trailing-edge flaps are extended for landing,During high-speed roll maneuvers,Only during engine failure,,When trailing-edge flaps are extended for landing,EASY,,,,REVIEWED,KB direct (score=4),1,Module 11 Rans.pdf,"{""raw"": ""3. When do droop ailerons typically deploy?\nA) When trailing-edge flaps are extended for landing\nB) During high-speed roll maneuvers\nC) Only during engine failure"", ""question"": ""3. When do droop ailerons typically deploy?"", ""options"": [""When trailing-edge flaps are extended for landing"", ""During high-speed roll maneuvers"", ""Only during engine failure""], ""correct"": null, ""answer_text"": null, ""category"": null, ""source_file"": ""Module 11 Rans.pdf"", ""source_module"": ""M11A"", ""fmt"": ""pdf"", ""module"": ""M11A"", ""syllabusRef"": ""M11A.11.2(b)"", ""level"": null, ""difficulty"": ""EASY""}"
M11A,M11A.11.9(a),,4. What is the primary benefit of Kruger flaps?,Smooth integration with the leading edge when retracted,Elimination of trailing-edge flaps,Increased roll authority,,Smooth integration with the leading edge when retracted,EASY,,,,REVIEWED,KB direct (score=4),1,Module 11 Rans.pdf,"{""raw"": ""4. What is the primary benefit of Kruger flaps?\nA) Smooth integration with the leading edge when retracted\nB) Elimination of trailing-edge flaps\nC) Increased roll authority"", ""question"": ""4. What is the primary benefit of Kruger flaps?"", ""options"": [""Smooth integration with the leading edge when retracted"", ""Elimination of trailing-edge flaps"", ""Increased roll authority""], ""correct"": null, ""answer_text"": null, ""category"": null, ""source_file"": ""Module 11 Rans.pdf"", ""source_module"": ""M11A"", ""fmt"": ""pdf"", ""module"": ""M11A"", ""syllabusRef"": ""M11A.11.9(a)"", ""level"": null, ""difficulty"": ""EASY""}"
M11A,M11A.11.03,,5. Which aircraft commonly uses flaperons?,Boeing 777,Cessna 172,Airbus A320,,Cessna 172,EASY,,,,REVIEWED,KB direct (score=4),1,Module 11 Rans.pdf,"{""raw"": ""5. Which aircraft commonly uses flaperons?\nA) Boeing 777\nB) Cessna 172\nC) Airbus A320\nImage 14 (Fig 01.21 - Spoilers & Lift Dumpers)"", ""question"": ""5. Which aircraft commonly uses flaperons?"", ""options"": [""Boeing 777"", ""Cessna 172"", ""Airbus A320""], ""correct"": null, ""answer_text"": null, ""category"": null, ""source_file"": ""Module 11 Rans.pdf"", ""source_module"": ""M11A"", ""fmt"": ""pdf"", ""module"": ""M11A"", ""syllabusRef"": ""M11A.11.03"", ""level"": null, ""difficulty"": ""EASY""}"
M11A,M11A.11.9(a),,1. What is the primary purpose of lift dumpers?,Increase lift during takeoff,Destroy lift and increase drag after landing,Replace rudder during crosswinds,,Destroy lift and increase drag after landing,EASY,,,,REVIEWED,KB direct (score=4),1,Module 11 Rans.pdf,"{""raw"": ""1. What is the primary purpose of lift dumpers?\nA) Increase lift during takeoff\nB) Destroy lift and increase drag after landing\nC) Replace rudder during crosswinds"", ""question"": ""1. What is the primary purpose of lift dumpers?"", ""options"": [""Increase lift during takeoff"", ""Destroy lift and increase drag after landing"", ""Replace rudder during crosswinds""], ""correct"": null, ""answer_text"": null, ""category"": null, ""source_file"": ""Module 11 Rans.pdf"", ""source_module"": ""M11A"", ""fmt"": ""pdf"", ""module"": ""M11A"", ""syllabusRef"": ""M11A.11.9(a)"", ""level"": null, ""difficulty"": ""EASY""}"
M11A,,,2. How do spoilers assist in steep descents?,By symmetrically reducing lift without accelerating,By increasing engine thrust,By deflecting downward as flaps,,By symmetrically reducing lift without accelerating,EASY,,,,REVIEWED,KB direct (score=4),1,Module 11 Rans.pdf,"{""raw"": ""2. How do spoilers assist in steep descents?\nA) By symmetrically reducing lift without accelerating\nB) By increasing engine thrust\nC) By deflecting downward as flaps"", ""question"": ""2. How do spoilers assist in steep descents?"", ""options"": [""By symmetrically reducing lift without accelerating"", ""By increasing engine thrust"", ""By deflecting downward as flaps""], ""correct"": null, ""answer_text"": null, ""category"": null, ""source_file"": ""Module 11 Rans.pdf"", ""source_module"": ""M11A"", ""fmt"": ""pdf"", ""module"": ""M11A"", ""difficulty"": ""EASY""}"
M11A,M11A.11.9(a),,3. What is a secondary function of spoilers?,Acting as primary roll control,Replacing elevators during pitch,Enhancing yaw stability,,Acting as primary roll control,EASY,,,,REVIEWED,KB direct (score=3),1,Module 11 Rans.pdf,"{""raw"": ""3. What is a secondary function of spoilers?\nA) Acting as primary roll control\nB) Replacing elevators during pitch\nC) Enhancing yaw stability"", ""question"": ""3. What is a secondary function of spoilers?"", ""options"": [""Acting as primary roll control"", ""Replacing elevators during pitch"", ""Enhancing yaw stability""], ""correct"": null, ""answer_text"": null, ""category"": null, ""source_file"": ""Module 11 Rans.pdf"", ""source_module"": ""M11A"", ""fmt"": ""pdf"", ""module"": ""M11A"", ""syllabusRef"": ""M11A.11.9(a)"", ""level"": null, ""difficulty"": ""EASY""}"
M11A,M11A.11.04,,4. Why are spoilers less effective than speed brakes for drag production?,They cause cabin vibration when deployed,They cannot be used in flight,They reduce engine efficiency,,They reduce engine efficiency,MEDIUM,,,,REVIEWED,KB partial (score=3),1,Module 11 Rans.pdf,"{""raw"": ""4. Why are spoilers less effective than speed brakes for drag production?\nA) They cause cabin vibration when deployed\nB) They cannot be used in flight\nC) They reduce engine efficiency"", ""question"": ""4. Why are spoilers less effective than speed brakes for drag production?"", ""options"": [""They cause cabin vibration when deployed"", ""They cannot be used in flight"", ""They reduce engine efficiency""], ""correct"": null, ""answer_text"": null, ""category"": null, ""source_file"": ""Module 11 Rans.pdf"", ""source_module"": ""M11A"", ""fmt"": ""pdf"", ""module"": ""M11A"", ""syllabusRef"": ""M11A.11.04"", ""level"": null, ""difficulty"": ""MEDIUM""}"
M11A,M11A.2.5,,5. When are spoilers partially deployed symmetrically?,To assist in rapid deceleration during cruise,To replace ailerons during roll,To increase lift during landing,,To assist in rapid deceleration during cruise,MEDIUM,,,,REVIEWED,KB direct (score=4),1,Module 11 Rans.pdf,"{""raw"": ""5. When are spoilers partially deployed symmetrically?\nA) To assist in rapid deceleration during cruise\nB) To replace ailerons during roll\nC) To increase lift during landing\nImage 15 (Fig 01.22 - Speed Brakes & Lift Dumpers)"", ""question"": ""5. When are spoilers partially deployed symmetrically?"", ""options"": [""To assist in rapid deceleration during cruise"", ""To replace ailerons during roll"", ""To increase lift during landing""], ""correct"": null, ""answer_text"": null, ""category"": null, ""source_file"": ""Module 11 Rans.pdf"", ""source_module"": ""M11A"", ""fmt"": ""pdf"", ""module"": ""M11A"", ""syllabusRef"": ""M11A.2.5"", ""level"": null, ""difficulty"": ""MEDIUM""}"
M11A,M11A.11.4,,1. What is the key advantage of fuselage-mounted speed brakes?,No vibration transmission to the cabin,Elimination of wing spoilers,Increased lift during deployment,,No vibration transmission to the cabin,MEDIUM,,,,REVIEWED,KB direct (score=4),1,Module 11 Rans.pdf,"{""raw"": ""1. What is the key advantage of fuselage-mounted speed brakes?\nA) No vibration transmission to the cabin\nB) Elimination of wing spoilers\nC) Increased lift during deployment"", ""question"": ""1. What is the key advantage of fuselage-mounted speed brakes?"", ""options"": [""No vibration transmission to the cabin"", ""Elimination of wing spoilers"", ""Increased lift during deployment""], ""correct"": null, ""answer_text"": null, ""category"": null, ""source_file"": ""Module 11 Rans.pdf"", ""source_module"": ""M11A"", ""fmt"": ""pdf"", ""module"": ""M11A"", ""syllabusRef"": ""M11A.11.4"", ""level"": null, ""difficulty"": ""MEDIUM""}"
M11A,M11A.11.06,,2. When might speed brakes be used during approach?,To safely execute a go-around,To replace flap extension,To reduce engine power,,To safely execute a go-around,MEDIUM,,,,REVIEWED,KB direct (score=4),1,Module 11 Rans.pdf,"{""raw"": ""2. When might speed brakes be used during approach?\nA) To safely execute a go-around\nB) To replace flap extension\nC) To reduce engine power"", ""question"": ""2. When might speed brakes be used during approach?"", ""options"": [""To safely execute a go-around"", ""To replace flap extension"", ""To reduce engine power""], ""correct"": null, ""answer_text"": null, ""category"": null, ""source_file"": ""Module 11 Rans.pdf"", ""source_module"": ""M11A"", ""fmt"": ""pdf"", ""module"": ""M11A"", ""syllabusRef"": ""M11A.11.06"", ""level"": null, ""difficulty"": ""MEDIUM""}"
M11A,M11A.13.1(b),,3. How do lift dumpers improve braking efficiency?,By transferring weight to the landing gear,By increasing aerodynamic lift,By reducing tire friction,,By transferring weight to the landing gear,MEDIUM,,,,REVIEWED,KB direct (score=5),1,Module 11 Rans.pdf,"{""raw"": ""3. How do lift dumpers improve braking efficiency?\nA) By transferring weight to the landing gear\nB) By increasing aerodynamic lift\nC) By reducing tire friction"", ""question"": ""3. How do lift dumpers improve braking efficiency?"", ""options"": [""By transferring weight to the landing gear"", ""By increasing aerodynamic lift"", ""By reducing tire friction""], ""correct"": null, ""answer_text"": null, ""category"": null, ""source_file"": ""Module 11 Rans.pdf"", ""source_module"": ""M11A"", ""fmt"": ""pdf"", ""module"": ""M11A"", ""syllabusRef"": ""M11A.13.1(b)"", ""level"": null, ""difficulty"": ""MEDIUM""}"
M11A,M11A.11.03,,4. Which aircraft use clamshell-type speed brakes?,BAe 146 and Fokker 70,Boeing 747,Cessna Citation,,BAe 146 and Fokker 70,MEDIUM,,,,REVIEWED,KB direct (score=3),1,Module 11 Rans.pdf,"{""raw"": ""4. Which aircraft use clamshell-type speed brakes?\nA) BAe 146 and Fokker 70\nB) Boeing 747\nC) Cessna Citation"", ""question"": ""4. Which aircraft use clamshell-type speed brakes?"", ""options"": [""BAe 146 and Fokker 70"", ""Boeing 747"", ""Cessna Citation""], ""correct"": null, ""answer_text"": null, ""category"": null, ""source_file"": ""Module 11 Rans.pdf"", ""source_module"": ""M11A"", ""fmt"": ""pdf"", ""module"": ""M11A"", ""syllabusRef"": ""M11A.11.03"", ""level"": null, ""difficulty"": ""MEDIUM""}"
M11A,M11A.11.9(c),,5. Why are spoilers unsuitable for drag production during go-arounds?,They reduce lift unpredictably,They cannot be retracted quickly,They interfere with flap operation,,They reduce lift unpredictably,MEDIUM,,,,REVIEWED,KB direct (score=4),1,Module 11 Rans.pdf,"{""raw"": ""5. Why are spoilers unsuitable for drag production during go-arounds?\nA) They reduce lift unpredictably\nB) They cannot be retracted quickly\nC) They interfere with flap operation\nImage 16 (Fig 01.23 - Wing Fences)"", ""question"": ""5. Why are spoilers unsuitable for drag production during go-arounds?"", ""options"": [""They reduce lift unpredictably"", ""They cannot be retracted quickly"", ""They interfere with flap operation""], ""correct"": null, ""answer_text"": null, ""category"": null, ""source_file"": ""Module 11 Rans.pdf"", ""source_module"": ""M11A"", ""fmt"": ""pdf"", ""module"": ""M11A"", ""syllabusRef"": ""M11A.11.9(c)"", ""level"": null, ""difficulty"": ""MEDIUM""}"
M11A,M11A.11.9(a),,1. What is the primary purpose of wing fences on swept-wing aircraft?,To increase engine thrust,To control span-wise airflow and improve aileron effectiveness,To reduce weight by replacing slats,,To control span-wise airflow and improve aileron effectiveness,MEDIUM,,,,REVIEWED,Rans exact context,1,Module 11 Rans.pdf,"{""raw"": ""1. What is the primary purpose of wing fences on swept-wing aircraft?\nA) To increase engine thrust\nB) To control span-wise airflow and improve aileron effectiveness\nC) To reduce weight by replacing slats"", ""question"": ""1. What is the primary purpose of wing fences on swept-wing aircraft?"", ""options"": [""To increase engine thrust"", ""To control span-wise airflow and improve aileron effectiveness"", ""To reduce weight by replacing slats""], ""correct"": null, ""answer_text"": null, ""category"": null, ""source_file"": ""Module 11 Rans.pdf"", ""source_module"": ""M11A"", ""fmt"": ""pdf"", ""module"": ""M11A"", ""syllabusRef"": ""M11A.11.9(a)"", ""level"": null, ""difficulty"": ""MEDIUM""}"
M11A,M11A.11.4(c),,2. How do wing fences affect drag on swept wings?,They increase parasitic drag but reduce induced drag,They eliminate all span-wise airflow,"They prevent air ""spillage"" from lower to upper wing surfaces",,They increase parasitic drag but reduce induced drag,EASY,,,,REVIEWED,KB partial (score=4),1,Module 11 Rans.pdf,"{""raw"": ""2. How do wing fences affect drag on swept wings?\nA) They increase parasitic drag but reduce induced drag\nB) They eliminate all span-wise airflow\nC) They prevent air \""spillage\"" from lower to upper wing surfaces"", ""question"": ""2. How do wing fences affect drag on swept wings?"", ""options"": [""They increase parasitic drag but reduce induced drag"", ""They eliminate all span-wise airflow"", ""They prevent air \""spillage\"" from lower to upper wing surfaces""], ""correct"": null, ""answer_text"": null, ""category"": null, ""source_file"": ""Module 11 Rans.pdf"", ""source_module"": ""M11A"", ""fmt"": ""pdf"", ""module"": ""M11A"", ""syllabusRef"": ""M11A.11.4(c)"", ""level"": null, ""difficulty"": ""EASY""}"
M11A,M11A.2.5,,3. Where are wing fences typically located?,At the wingtip,Mid-span on the leading edge,Near the trailing edge flaps,,Near the trailing edge flaps,EASY,,,,REVIEWED,Rans exact context,1,Module 11 Rans.pdf,"{""raw"": ""3. Where are wing fences typically located?\nA) At the wingtip\nB) Mid-span on the leading edge\nC) Near the trailing edge flaps"", ""question"": ""3. Where are wing fences typically located?"", ""options"": [""At the wingtip"", ""Mid-span on the leading edge"", ""Near the trailing edge flaps""], ""correct"": null, ""answer_text"": null, ""category"": null, ""source_file"": ""Module 11 Rans.pdf"", ""source_module"": ""M11A"", ""fmt"": ""pdf"", ""module"": ""M11A"", ""syllabusRef"": ""M11A.2.5"", ""level"": null, ""difficulty"": ""EASY""}"
M11A,M11A.13.1(a),,4. What problem do wing fences address in swept-wing aerodynamics?,Excessive laminar flow at the root,Span-wise boundary layer drift reducing control surface effectiveness,Engine vibration transmission,,Span-wise boundary layer drift reducing control surface effectiveness,MEDIUM,,,,REVIEWED,Rans exact context,1,Module 11 Rans.pdf,"{""raw"": ""4. What problem do wing fences address in swept-wing aerodynamics?\nA) Excessive laminar flow at the root\nB) Span-wise boundary layer drift reducing control surface effectiveness\nC) Engine vibration transmission"", ""question"": ""4. What problem do wing fences address in swept-wing aerodynamics?"", ""options"": [""Excessive laminar flow at the root"", ""Span-wise boundary layer drift reducing control surface effectiveness"", ""Engine vibration transmission""], ""correct"": null, ""answer_text"": null, ""category"": null, ""source_file"": ""Module 11 Rans.pdf"", ""source_module"": ""M11A"", ""fmt"": ""pdf"", ""module"": ""M11A"", ""syllabusRef"": ""M11A.13.1(a)"", ""level"": null, ""difficulty"": ""MEDIUM""}"
M11A,M11A.11.03,,5. Which aircraft type most commonly uses wing fences?,Straight-wing trainers,Swept-wing jets,Delta-wing fighters,,Straight-wing trainers,MEDIUM,,,,REVIEWED,Rans exact context,1,Module 11 Rans.pdf,"{""raw"": ""5. Which aircraft type most commonly uses wing fences?\nA) Straight-wing trainers\nB) Swept-wing jets\nC) Delta-wing fighters\nImage 17 (Fig 01.24 - Wing Fences / Fig 01.25 - Leading Edge Notch)"", ""question"": ""5. Which aircraft type most commonly uses wing fences?"", ""options"": [""Straight-wing trainers"", ""Swept-wing jets"", ""Delta-wing fighters""], ""correct"": null, ""answer_text"": null, ""category"": null, ""source_file"": ""Module 11 Rans.pdf"", ""source_module"": ""M11A"", ""fmt"": ""pdf"", ""module"": ""M11A"", ""syllabusRef"": ""M11A.11.03"", ""level"": null, ""difficulty"": ""MEDIUM""}"
M11A,M11A.11.03,,1. How do saw-tooth leading edges differ from wing fences?,They increase wing chord without adding drag,They replace ailerons entirely,They are only used on supersonic aircraft,,They increase wing chord without adding drag,MEDIUM,,,,REVIEWED,Rans exact context,1,Module 11 Rans.pdf,"{""raw"": ""1. How do saw-tooth leading edges differ from wing fences?\nA) They increase wing chord without adding drag\nB) They replace ailerons entirely\nC) They are only used on supersonic aircraft"", ""question"": ""1. How do saw-tooth leading edges differ from wing fences?"", ""options"": [""They increase wing chord without adding drag"", ""They replace ailerons entirely"", ""They are only used on supersonic aircraft""], ""correct"": null, ""answer_text"": null, ""category"": null, ""source_file"": ""Module 11 Rans.pdf"", ""source_module"": ""M11A"", ""fmt"": ""pdf"", ""module"": ""M11A"", ""syllabusRef"": ""M11A.11.03"", ""level"": null, ""difficulty"": ""MEDIUM""}"
M11A,M11A.13.1(b),,2. What is the aerodynamic effect of a leading-edge notch?,"Creates an invisible ""wall"" to straighten span-wise flow",Generates vortices for boundary layer control,Acts as a speed brake,,"Creates an invisible ""wall"" to straighten span-wise flow",MEDIUM,,,,REVIEWED,Rans exact context,1,Module 11 Rans.pdf,"{""raw"": ""2. What is the aerodynamic effect of a leading-edge notch?\nA) Creates an invisible \""wall\"" to straighten span-wise flow\nB) Generates vortices for boundary layer control\nC) Acts as a speed brake"", ""question"": ""2. What is the aerodynamic effect of a leading-edge notch?"", ""options"": [""Creates an invisible \""wall\"" to straighten span-wise flow"", ""Generates vortices for boundary layer control"", ""Acts as a speed brake""], ""correct"": null, ""answer_text"": null, ""category"": null, ""source_file"": ""Module 11 Rans.pdf"", ""source_module"": ""M11A"", ""fmt"": ""pdf"", ""module"": ""M11A"", ""syllabusRef"": ""M11A.13.1(b)"", ""level"": null, ""difficulty"": ""MEDIUM""}"
M11A,M11A.11.03,,3. Why are saw-tooth edges more common on military aircraft?,They reduce radar signature,They avoid the drag/weight penalty of fences,They simplify manufacturing,,They reduce radar signature,MEDIUM,,,,REVIEWED,Rans exact context,1,Module 11 Rans.pdf,"{""raw"": ""3. Why are saw-tooth edges more common on military aircraft?\nA) They reduce radar signature\nB) They avoid the drag/weight penalty of fences\nC) They simplify manufacturing"", ""question"": ""3. Why are saw-tooth edges more common on military aircraft?"", ""options"": [""They reduce radar signature"", ""They avoid the drag/weight penalty of fences"", ""They simplify manufacturing""], ""correct"": null, ""answer_text"": null, ""category"": null, ""source_file"": ""Module 11 Rans.pdf"", ""source_module"": ""M11A"", ""fmt"": ""pdf"", ""module"": ""M11A"", ""syllabusRef"": ""M11A.11.03"", ""level"": null, ""difficulty"": ""MEDIUM""}"
M11A,M11A.11.9(a),,4. What is the primary benefit of winglets?,Convert wingtip vortices into forward thrust,Increase cabin pressurization efficiency,Replace horizontal stabilizers,,Convert wingtip vortices into forward thrust,EASY,,,,REVIEWED,Rans exact context,1,Module 11 Rans.pdf,"{""raw"": ""4. What is the primary benefit of winglets?\nA) Convert wingtip vortices into forward thrust\nB) Increase cabin pressurization efficiency\nC) Replace horizontal stabilizers"", ""question"": ""4. What is the primary benefit of winglets?"", ""options"": [""Convert wingtip vortices into forward thrust"", ""Increase cabin pressurization efficiency"", ""Replace horizontal stabilizers""], ""correct"": null, ""answer_text"": null, ""category"": null, ""source_file"": ""Module 11 Rans.pdf"", ""source_module"": ""M11A"", ""fmt"": ""pdf"", ""module"": ""M11A"", ""syllabusRef"": ""M11A.11.9(a)"", ""level"": null, ""difficulty"": ""EASY""}"
M11A,M11A.81.2,,5. How do winglets improve fuel efficiency?,By reducing induced drag at wingtips,By increasing laminar flow over flaps,By blocking span-wise airflow,,By reducing induced drag at wingtips,EASY,,,,REVIEWED,Rans exact context,1,Module 11 Rans.pdf,"{""raw"": ""5. How do winglets improve fuel efficiency?\nA) By reducing induced drag at wingtips\nB) By increasing laminar flow over flaps\nC) By blocking span-wise airflow\nImage 18 (Boundary Layer Control)"", ""question"": ""5. How do winglets improve fuel efficiency?"", ""options"": [""By reducing induced drag at wingtips"", ""By increasing laminar flow over flaps"", ""By blocking span-wise airflow""], ""correct"": null, ""answer_text"": null, ""category"": null, ""source_file"": ""Module 11 Rans.pdf"", ""source_module"": ""M11A"", ""fmt"": ""pdf"", ""module"": ""M11A"", ""syllabusRef"": ""M11A.81.2"", ""level"": null, ""difficulty"": ""EASY""}"
M11A,M11A.11.09,,1. What defines the boundary layer on a wing?,Airflow velocity ranging from zero at the surface to free-stream speed,The area where shock waves form during supersonic flight,The space between wing spars,,Airflow velocity ranging from zero at the surface to free-stream speed,EASY,,,,REVIEWED,Rans exact context,1,Module 11 Rans.pdf,"{""raw"": ""1. What defines the boundary layer on a wing?\nA) Airflow velocity ranging from zero at the surface to free-stream speed\nB) The area where shock waves form during supersonic flight\nC) The space between wing spars"", ""question"": ""1. What defines the boundary layer on a wing?"", ""options"": [""Airflow velocity ranging from zero at the surface to free-stream speed"", ""The area where shock waves form during supersonic flight"", ""The space between wing spars""], ""correct"": null, ""answer_text"": null, ""category"": null, ""source_file"": ""Module 11 Rans.pdf"", ""source_module"": ""M11A"", ""fmt"": ""pdf"", ""module"": ""M11A"", ""syllabusRef"": ""M11A.11.09"", ""level"": null, ""difficulty"": ""EASY""}"
M11A,M11A.11.4(e),,2. What happens to the boundary layer as airflow moves toward the trailing edge?,It becomes thinner and laminar,It transitions from laminar to turbulent,It detaches completely from the wing,,It transitions from laminar to turbulent,MEDIUM,,,,REVIEWED,KB partial (score=4),1,Module 11 Rans.pdf,"{""raw"": ""2. What happens to the boundary layer as airflow moves toward the trailing edge?\nA) It becomes thinner and laminar\nB) It transitions from laminar to turbulent\nC) It detaches completely from the wing"", ""question"": ""2. What happens to the boundary layer as airflow moves toward the trailing edge?"", ""options"": [""It becomes thinner and laminar"", ""It transitions from laminar to turbulent"", ""It detaches completely from the wing""], ""correct"": null, ""answer_text"": null, ""category"": null, ""source_file"": ""Module 11 Rans.pdf"", ""source_module"": ""M11A"", ""fmt"": ""pdf"", ""module"": ""M11A"", ""syllabusRef"": ""M11A.11.4(e)"", ""level"": null, ""difficulty"": ""MEDIUM""}"
M11A,M11A.11.4(e),,"3. What is the ""transition point""?",Where laminar flow becomes turbulent,Where flaps deploy during landing,The junction between wing and fuselage,,Where laminar flow becomes turbulent,EASY,,,,REVIEWED,Final KB direct (score=2),1,Module 11 Rans.pdf,"{""raw"": ""3. What is the \""transition point\""?\nA) Where laminar flow becomes turbulent\nB) Where flaps deploy during landing\nC) The junction between wing and fuselage"", ""question"": ""3. What is the \""transition point\""?"", ""options"": [""Where laminar flow becomes turbulent"", ""Where flaps deploy during landing"", ""The junction between wing and fuselage""], ""correct"": null, ""answer_text"": null, ""category"": null, ""source_file"": ""Module 11 Rans.pdf"", ""source_module"": ""M11A"", ""fmt"": ""pdf"", ""module"": ""M11A"", ""syllabusRef"": ""M11A.11.4(e)"", ""level"": null, ""difficulty"": ""EASY""}"
M11A,M11A.3.000,,4. How does increasing airspeed affect the transition point?,Moves it forward toward the leading edge,Has no effect on boundary layer behavior,Causes immediate airflow separation,,Moves it forward toward the leading edge,MEDIUM,,,,REVIEWED,Rans exact context,1,Module 11 Rans.pdf,"{""raw"": ""4. How does increasing airspeed affect the transition point?\nA) Moves it forward toward the leading edge\nB) Has no effect on boundary layer behavior\nC) Causes immediate airflow separation"", ""question"": ""4. How does increasing airspeed affect the transition point?"", ""options"": [""Moves it forward toward the leading edge"", ""Has no effect on boundary layer behavior"", ""Causes immediate airflow separation""], ""correct"": null, ""answer_text"": null, ""category"": null, ""source_file"": ""Module 11 Rans.pdf"", ""source_module"": ""M11A"", ""fmt"": ""pdf"", ""module"": ""M11A"", ""syllabusRef"": ""M11A.3.000"", ""level"": null, ""difficulty"": ""MEDIUM""}"
M11A,M11A.11.04,,5. Which devices are used for boundary layer control?,Vortex generators and stall wedges,Winglets and fences,Spoilers and speed brakes,,Vortex generators and stall wedges,MEDIUM,,,,REVIEWED,Rans exact context,1,Module 11 Rans.pdf,"{""raw"": ""5. Which devices are used for boundary layer control?\nA) Vortex generators and stall wedges\nB) Winglets and fences\nC) Spoilers and speed brakes\nImage 19 (Fig 01.28 - Vortex Generators)"", ""question"": ""5. Which devices are used for boundary layer control?"", ""options"": [""Vortex generators and stall wedges"", ""Winglets and fences"", ""Spoilers and speed brakes""], ""correct"": null, ""answer_text"": null, ""category"": null, ""source_file"": ""Module 11 Rans.pdf"", ""source_module"": ""M11A"", ""fmt"": ""pdf"", ""module"": ""M11A"", ""syllabusRef"": ""M11A.11.04"", ""level"": null, ""difficulty"": ""MEDIUM""}"
M11A,M11A.11.4(e),,1. How do vortex generators energize the boundary layer?,By shedding vortices that mix high-energy air into sluggish airflow,By heating the wing surface,By deflecting airflow downward,,By shedding vortices that mix high-energy air into sluggish airflow,MEDIUM,,,,REVIEWED,Rans exact context,1,Module 11 Rans.pdf,"{""raw"": ""1. How do vortex generators energize the boundary layer?\nA) By shedding vortices that mix high-energy air into sluggish airflow\nB) By heating the wing surface\nC) By deflecting airflow downward"", ""question"": ""1. How do vortex generators energize the boundary layer?"", ""options"": [""By shedding vortices that mix high-energy air into sluggish airflow"", ""By heating the wing surface"", ""By deflecting airflow downward""], ""correct"": null, ""answer_text"": null, ""category"": null, ""source_file"": ""Module 11 Rans.pdf"", ""source_module"": ""M11A"", ""fmt"": ""pdf"", ""module"": ""M11A"", ""syllabusRef"": ""M11A.11.4(e)"", ""level"": null, ""difficulty"": ""MEDIUM""}"
M11A,M11A.2.5,,2. Where are vortex generators typically installed?,On the vertical stabilizer,"On the wing surface, projecting into the free stream",Inside engine nacelles,,"On the wing surface, projecting into the free stream",MEDIUM,,,,REVIEWED,Rans exact context,1,Module 11 Rans.pdf,"{""raw"": ""2. Where are vortex generators typically installed?\nA) On the vertical stabilizer\nB) On the wing surface, projecting into the free stream\nC) Inside engine nacelles"", ""question"": ""2. Where are vortex generators typically installed?"", ""options"": [""On the vertical stabilizer"", ""On the wing surface, projecting into the free stream"", ""Inside engine nacelles""], ""correct"": null, ""answer_text"": null, ""category"": null, ""source_file"": ""Module 11 Rans.pdf"", ""source_module"": ""M11A"", ""fmt"": ""pdf"", ""module"": ""M11A"", ""syllabusRef"": ""M11A.2.5"", ""level"": null, ""difficulty"": ""MEDIUM""}"
M11A,M11A.11.2(b),,3. What drag trade-off do vortex generators create?,Small vortex drag for significant boundary layer drag reduction,Increased parasitic drag with no benefit,Complete elimination of induced drag,,Small vortex drag for significant boundary layer drag reduction,MEDIUM,,,,REVIEWED,Rans exact context,1,Module 11 Rans.pdf,"{""raw"": ""3. What drag trade-off do vortex generators create?\nA) Small vortex drag for significant boundary layer drag reduction\nB) Increased parasitic drag with no benefit\nC) Complete elimination of induced drag"", ""question"": ""3. What drag trade-off do vortex generators create?"", ""options"": [""Small vortex drag for significant boundary layer drag reduction"", ""Increased parasitic drag with no benefit"", ""Complete elimination of induced drag""], ""correct"": null, ""answer_text"": null, ""category"": null, ""source_file"": ""Module 11 Rans.pdf"", ""source_module"": ""M11A"", ""fmt"": ""pdf"", ""module"": ""M11A"", ""syllabusRef"": ""M11A.11.2(b)"", ""level"": null, ""difficulty"": ""MEDIUM""}"
M11A,M11A.11.2(b),,4. How do vortex generators affect shock waves at high speeds?,Weaken them to reduce shock drag,Intensify them for better control,Have no measurable effect,,Weaken them to reduce shock drag,MEDIUM,,,,REVIEWED,Rans exact context,1,Module 11 Rans.pdf,"{""raw"": ""4. How do vortex generators affect shock waves at high speeds?\nA) Weaken them to reduce shock drag\nB) Intensify them for better control\nC) Have no measurable effect"", ""question"": ""4. How do vortex generators affect shock waves at high speeds?"", ""options"": [""Weaken them to reduce shock drag"", ""Intensify them for better control"", ""Have no measurable effect""], ""correct"": null, ""answer_text"": null, ""category"": null, ""source_file"": ""Module 11 Rans.pdf"", ""source_module"": ""M11A"", ""fmt"": ""pdf"", ""module"": ""M11A"", ""syllabusRef"": ""M11A.11.2(b)"", ""level"": null, ""difficulty"": ""MEDIUM""}"
M11A,M11A.3.000,,What is the approximate height of vortex generators relative to the boundary,1x boundary layer thickness,3x boundary layer thickness,10x boundary layer thickness,,1x boundary layer thickness,MEDIUM,,,,REVIEWED,Rans exact context,1,Module 11 Rans.pdf,"{""raw"": ""5. What is the approximate height of vortex generators relative to the boundary\nlayer?\nA) 1x boundary layer thickness\nB) 3x boundary layer thickness\nC) 10x boundary layer thickness\nImage 20 (Fig 01.29 - Stall Wedge / Fig 01.30 - Leading Edge Flaps)"", ""question"": ""What is the approximate height of vortex generators relative to the boundary"", ""options"": [""1x boundary layer thickness"", ""3x boundary layer thickness"", ""10x boundary layer thickness""], ""correct"": null, ""answer_text"": null, ""category"": null, ""source_file"": ""Module 11 Rans.pdf"", ""source_module"": ""M11A"", ""fmt"": ""pdf"", ""module"": ""M11A"", ""syllabusRef"": ""M11A.3.000"", ""level"": null, ""difficulty"": ""MEDIUM""}"
M11A,M11A.3.000,,1. What is the purpose of stall wedges?,Ensure the wing root stalls before the tip,Increase cruise speed efficiency,Replace ailerons during landing,,Ensure the wing root stalls before the tip,EASY,,,,REVIEWED,Rans exact context,1,Module 11 Rans.pdf,"{""raw"": ""1. What is the purpose of stall wedges?\nA) Ensure the wing root stalls before the tip\nB) Increase cruise speed efficiency\nC) Replace ailerons during landing"", ""question"": ""1. What is the purpose of stall wedges?"", ""options"": [""Ensure the wing root stalls before the tip"", ""Increase cruise speed efficiency"", ""Replace ailerons during landing""], ""correct"": null, ""answer_text"": null, ""category"": null, ""source_file"": ""Module 11 Rans.pdf"", ""source_module"": ""M11A"", ""fmt"": ""pdf"", ""module"": ""M11A"", ""syllabusRef"": ""M11A.3.000"", ""level"": null, ""difficulty"": ""EASY""}"
M11A,M11A.2.5,,2. Where are stall wedges typically mounted?,At the wingtip,One-third span on the leading edge,On the horizontal stabilizer,,One-third span on the leading edge,EASY,,,,REVIEWED,Rans exact context,1,Module 11 Rans.pdf,"{""raw"": ""2. Where are stall wedges typically mounted?\nA) At the wingtip\nB) One-third span on the leading edge\nC) On the horizontal stabilizer"", ""question"": ""2. Where are stall wedges typically mounted?"", ""options"": [""At the wingtip"", ""One-third span on the leading edge"", ""On the horizontal stabilizer""], ""correct"": null, ""answer_text"": null, ""category"": null, ""source_file"": ""Module 11 Rans.pdf"", ""source_module"": ""M11A"", ""fmt"": ""pdf"", ""module"": ""M11A"", ""syllabusRef"": ""M11A.2.5"", ""level"": null, ""difficulty"": ""EASY""}"
M11A,M11A.11.04,,3. How do stall wedges improve roll control during stalls?,By smoothing airflow over ailerons,By increasing wing twist,By deploying spoilers automatically,,By smoothing airflow over ailerons,MEDIUM,,,,REVIEWED,Rans exact context,1,Module 11 Rans.pdf,"{""raw"": ""3. How do stall wedges improve roll control during stalls?\nA) By smoothing airflow over ailerons\nB) By increasing wing twist\nC) By deploying spoilers automatically"", ""question"": ""3. How do stall wedges improve roll control during stalls?"", ""options"": [""By smoothing airflow over ailerons"", ""By increasing wing twist"", ""By deploying spoilers automatically""], ""correct"": null, ""answer_text"": null, ""category"": null, ""source_file"": ""Module 11 Rans.pdf"", ""source_module"": ""M11A"", ""fmt"": ""pdf"", ""module"": ""M11A"", ""syllabusRef"": ""M11A.11.04"", ""level"": null, ""difficulty"": ""MEDIUM""}"
M11A,M11A.11.04,,Which device combines boundary layer control with leading-edge camber,Krueger flaps,Wing fences,Vortex generators,,Krueger flaps,MEDIUM,,,,REVIEWED,Rans exact context,1,Module 11 Rans.pdf,"{""raw"": ""4. Which device combines boundary layer control with leading-edge camber\nadjustment?\nA) Krueger flaps\nB) Wing fences\nC) Vortex generators"", ""question"": ""Which device combines boundary layer control with leading-edge camber"", ""options"": [""Krueger flaps"", ""Wing fences"", ""Vortex generators""], ""correct"": null, ""answer_text"": null, ""category"": null, ""source_file"": ""Module 11 Rans.pdf"", ""source_module"": ""M11A"", ""fmt"": ""pdf"", ""module"": ""M11A"", ""syllabusRef"": ""M11A.11.04"", ""level"": null, ""difficulty"": ""MEDIUM""}"
M11A,M11A.11.03,,5. What is a key feature of droop-nose leading edge flaps?,Permanent deformation of the wing,Adjustability during flight,Use only on military aircraft,,Permanent deformation of the wing,MEDIUM,,,,REVIEWED,Rans exact context,1,Module 11 Rans.pdf,"{""raw"": ""5. What is a key feature of droop-nose leading edge flaps?\nA) Permanent deformation of the wing\nB) Adjustability during flight\nC) Use only on military aircraft\nImage 23 (Zonal and Station Identification System)"", ""question"": ""5. What is a key feature of droop-nose leading edge flaps?"", ""options"": [""Permanent deformation of the wing"", ""Adjustability during flight"", ""Use only on military aircraft""], ""correct"": null, ""answer_text"": null, ""category"": null, ""source_file"": ""Module 11 Rans.pdf"", ""source_module"": ""M11A"", ""fmt"": ""pdf"", ""module"": ""M11A"", ""syllabusRef"": ""M11A.11.03"", ""level"": null, ""difficulty"": ""MEDIUM""}"
M11A,M11A.81.2,,1. What is the primary purpose of a zonal identification system?,To track fuel consumption,To locate components for maintenance and repairs,To calculate aircraft weight and balance,,To locate components for maintenance and repairs,MEDIUM,,,,REVIEWED,Rans exact context,1,Module 11 Rans.pdf,"{""raw"": ""1. What is the primary purpose of a zonal identification system?\nA) To track fuel consumption\nB) To locate components for maintenance and repairs\nC) To calculate aircraft weight and balance"", ""question"": ""1. What is the primary purpose of a zonal identification system?"", ""options"": [""To track fuel consumption"", ""To locate components for maintenance and repairs"", ""To calculate aircraft weight and balance""], ""correct"": null, ""answer_text"": null, ""category"": null, ""source_file"": ""Module 11 Rans.pdf"", ""source_module"": ""M11A"", ""fmt"": ""pdf"", ""module"": ""M11A"", ""syllabusRef"": ""M11A.81.2"", ""level"": null, ""difficulty"": ""MEDIUM""}"
M11A,M11A.3.000,,"2. How might a work card numbered ""500376"" be interpreted?",Job 376 in the right engine (Zone 500),Job 376 in the left wing (Zone 500),Job 376 in the fuselage (Zone 500),,Job 376 in the right engine (Zone 500),MEDIUM,,,,REVIEWED,Rans exact context,1,Module 11 Rans.pdf,"{""raw"": ""2. How might a work card numbered \""500376\"" be interpreted?\nA) Job 376 in the right engine (Zone 500)\nB) Job 376 in the left wing (Zone 500)\nC) Job 376 in the fuselage (Zone 500)"", ""question"": ""2. How might a work card numbered \""500376\"" be interpreted?"", ""options"": [""Job 376 in the right engine (Zone 500)"", ""Job 376 in the left wing (Zone 500)"", ""Job 376 in the fuselage (Zone 500)""], ""correct"": null, ""answer_text"": null, ""category"": null, ""source_file"": ""Module 11 Rans.pdf"", ""source_module"": ""M11A"", ""fmt"": ""pdf"", ""module"": ""M11A"", ""syllabusRef"": ""M11A.3.000"", ""level"": null, ""difficulty"": ""MEDIUM""}"
M11A,M11A.3.000,,"3. Where is ""Station 0"" typically located in the station identification system?",At the wing root,At the aircraft nose,At the vertical stabilizer,,At the wing root,MEDIUM,,,,REVIEWED,Rans exact context,1,Module 11 Rans.pdf,"{""raw"": ""3. Where is \""Station 0\"" typically located in the station identification system?\nA) At the wing root\nB) At the aircraft nose\nC) At the vertical stabilizer"", ""question"": ""3. Where is \""Station 0\"" typically located in the station identification system?"", ""options"": [""At the wing root"", ""At the aircraft nose"", ""At the vertical stabilizer""], ""correct"": null, ""answer_text"": null, ""category"": null, ""source_file"": ""Module 11 Rans.pdf"", ""source_module"": ""M11A"", ""fmt"": ""pdf"", ""module"": ""M11A"", ""syllabusRef"": ""M11A.3.000"", ""level"": null, ""difficulty"": ""MEDIUM""}"
M11A,M11A.3.000,,"4. How would ""Station 5050"" be interpreted in the metric system?",50.5 metres aft of Station 0,5.05 metres aft of Station 0,505 millimetres aft of Station 0,,50.5 metres aft of Station 0,MEDIUM,,,,REVIEWED,Rans exact context,1,Module 11 Rans.pdf,"{""raw"": ""4. How would \""Station 5050\"" be interpreted in the metric system?\nA) 50.5 metres aft of Station 0\nB) 5.05 metres aft of Station 0\nC) 505 millimetres aft of Station 0"", ""question"": ""4. How would \""Station 5050\"" be interpreted in the metric system?"", ""options"": [""50.5 metres aft of Station 0"", ""5.05 metres aft of Station 0"", ""505 millimetres aft of Station 0""], ""correct"": null, ""answer_text"": null, ""category"": null, ""source_file"": ""Module 11 Rans.pdf"", ""source_module"": ""M11A"", ""fmt"": ""pdf"", ""module"": ""M11A"", ""syllabusRef"": ""M11A.3.000"", ""level"": null, ""difficulty"": ""MEDIUM""}"
M11A,M11A.11.2(b),,5. What reference line is used for vertical location measurements?,Wing chord line,Water line (predetermined fuselage reference),Engine centerline,,Water line (predetermined fuselage reference),MEDIUM,,,,REVIEWED,Rans exact context,1,Module 11 Rans.pdf,"{""raw"": ""5. What reference line is used for vertical location measurements?\nA) Wing chord line\nB) Water line (predetermined fuselage reference)\nC) Engine centerline\nImage 26 (Lightning Strike Protection)"", ""question"": ""5. What reference line is used for vertical location measurements?"", ""options"": [""Wing chord line"", ""Water line (predetermined fuselage reference)"", ""Engine centerline""], ""correct"": null, ""answer_text"": null, ""category"": null, ""source_file"": ""Module 11 Rans.pdf"", ""source_module"": ""M11A"", ""fmt"": ""pdf"", ""module"": ""M11A"", ""syllabusRef"": ""M11A.11.2(b)"", ""level"": null, ""difficulty"": ""MEDIUM""}"
M11A,M11A.11.03,,1. What is the purpose of electrical bonding in aircraft structures?,To ensure all components are at the same electrical potential,To increase aerodynamic efficiency,To reduce engine noise,,To ensure all components are at the same electrical potential,MEDIUM,,,,REVIEWED,Rans exact context,1,Module 11 Rans.pdf,"{""raw"": ""1. What is the purpose of electrical bonding in aircraft structures?\nA) To ensure all components are at the same electrical potential\nB) To increase aerodynamic efficiency\nC) To reduce engine noise"", ""question"": ""1. What is the purpose of electrical bonding in aircraft structures?"", ""options"": [""To ensure all components are at the same electrical potential"", ""To increase aerodynamic efficiency"", ""To reduce engine noise""], ""correct"": null, ""answer_text"": null, ""category"": null, ""source_file"": ""Module 11 Rans.pdf"", ""source_module"": ""M11A"", ""fmt"": ""pdf"", ""module"": ""M11A"", ""syllabusRef"": ""M11A.11.03"", ""level"": null, ""difficulty"": ""MEDIUM""}"
M11A,M11A.11.03,,2. What is the peak current range of a lightning strike on an aircraft?,"Up to 1,000 amperes","Up to 100,000 amperes","Up to 500,000 amperes",,"Up to 1,000 amperes",MEDIUM,,,,REVIEWED,Rans exact context,1,Module 11 Rans.pdf,"{""raw"": ""2. What is the peak current range of a lightning strike on an aircraft?\nA) Up to 1,000 amperes\nB) Up to 100,000 amperes\nC) Up to 500,000 amperes"", ""question"": ""2. What is the peak current range of a lightning strike on an aircraft?"", ""options"": [""Up to 1,000 amperes"", ""Up to 100,000 amperes"", ""Up to 500,000 amperes""], ""correct"": null, ""answer_text"": null, ""category"": null, ""source_file"": ""Module 11 Rans.pdf"", ""source_module"": ""M11A"", ""fmt"": ""pdf"", ""module"": ""M11A"", ""syllabusRef"": ""M11A.11.03"", ""level"": null, ""difficulty"": ""MEDIUM""}"
M11A,M11A.11.03,,3. How does a Faraday Cage protect aircraft occupants?,By shielding them from electromagnetic fields,By improving cabin pressurization,By reducing aerodynamic drag,,By shielding them from electromagnetic fields,MEDIUM,,,,REVIEWED,Rans exact context,1,Module 11 Rans.pdf,"{""raw"": ""3. How does a Faraday Cage protect aircraft occupants?\nA) By shielding them from electromagnetic fields\nB) By improving cabin pressurization\nC) By reducing aerodynamic drag"", ""question"": ""3. How does a Faraday Cage protect aircraft occupants?"", ""options"": [""By shielding them from electromagnetic fields"", ""By improving cabin pressurization"", ""By reducing aerodynamic drag""], ""correct"": null, ""answer_text"": null, ""category"": null, ""source_file"": ""Module 11 Rans.pdf"", ""source_module"": ""M11A"", ""fmt"": ""pdf"", ""module"": ""M11A"", ""syllabusRef"": ""M11A.11.03"", ""level"": null, ""difficulty"": ""MEDIUM""}"
M11A,M11A.11.9(a),,4. Where are primary lightning conductors typically installed?,Only on wingtips,Connecting major structural components and powerplants,Exclusively in the cockpit,,Connecting major structural components and powerplants,MEDIUM,,,,REVIEWED,Rans exact context,1,Module 11 Rans.pdf,"{""raw"": ""4. Where are primary lightning conductors typically installed?\nA) Only on wingtips\nB) Connecting major structural components and powerplants\nC) Exclusively in the cockpit"", ""question"": ""4. Where are primary lightning conductors typically installed?"", ""options"": [""Only on wingtips"", ""Connecting major structural components and powerplants"", ""Exclusively in the cockpit""], ""correct"": null, ""answer_text"": null, ""category"": null, ""source_file"": ""Module 11 Rans.pdf"", ""source_module"": ""M11A"", ""fmt"": ""pdf"", ""module"": ""M11A"", ""syllabusRef"": ""M11A.11.9(a)"", ""level"": null, ""difficulty"": ""MEDIUM""}"
M11A,M11A.11.2(b),,5. What risk does a lightning strike pose to flying control surfaces?,Voltage buildup causing arcing between un-bonded parts,Immediate structural failure,Permanent loss of hydraulic pressure,,Voltage buildup causing arcing between un-bonded parts,MEDIUM,,,,REVIEWED,Rans exact context,1,Module 11 Rans.pdf,"{""raw"": ""5. What risk does a lightning strike pose to flying control surfaces?\nA) Voltage buildup causing arcing between un-bonded parts\nB) Immediate structural failure\nC) Permanent loss of hydraulic pressure\nImage 27 (Static Dischargers)"", ""question"": ""5. What risk does a lightning strike pose to flying control surfaces?"", ""options"": [""Voltage buildup causing arcing between un-bonded parts"", ""Immediate structural failure"", ""Permanent loss of hydraulic pressure""], ""correct"": null, ""answer_text"": null, ""category"": null, ""source_file"": ""Module 11 Rans.pdf"", ""source_module"": ""M11A"", ""fmt"": ""pdf"", ""module"": ""M11A"", ""syllabusRef"": ""M11A.11.2(b)"", ""level"": null, ""difficulty"": ""MEDIUM""}"
M11A,M11A.11.9(a),,1. What is the primary function of static wicks?,To discharge electrical buildup and prevent radio interference,To improve fuel efficiency,To enhance aerodynamic stability,,To discharge electrical buildup and prevent radio interference,EASY,,,,REVIEWED,KB direct (score=3),1,Module 11 Rans.pdf,"{""raw"": ""1. What is the primary function of static wicks?\nA) To discharge electrical buildup and prevent radio interference\nB) To improve fuel efficiency\nC) To enhance aerodynamic stability"", ""question"": ""1. What is the primary function of static wicks?"", ""options"": [""To discharge electrical buildup and prevent radio interference"", ""To improve fuel efficiency"", ""To enhance aerodynamic stability""], ""correct"": null, ""answer_text"": null, ""category"": null, ""source_file"": ""Module 11 Rans.pdf"", ""source_module"": ""M11A"", ""fmt"": ""pdf"", ""module"": ""M11A"", ""syllabusRef"": ""M11A.11.9(a)"", ""level"": null, ""difficulty"": ""EASY""}"
M11A,M11A.2.5,,2. Where are static dischargers typically installed?,Leading edges of wings,Trailing edges of control surfaces,Inside engine nacelles,,Trailing edges of control surfaces,MEDIUM,,,,REVIEWED,Rans exact context,1,Module 11 Rans.pdf,"{""raw"": ""2. Where are static dischargers typically installed?\nA) Leading edges of wings\nB) Trailing edges of control surfaces\nC) Inside engine nacelles"", ""question"": ""2. Where are static dischargers typically installed?"", ""options"": [""Leading edges of wings"", ""Trailing edges of control surfaces"", ""Inside engine nacelles""], ""correct"": null, ""answer_text"": null, ""category"": null, ""source_file"": ""Module 11 Rans.pdf"", ""source_module"": ""M11A"", ""fmt"": ""pdf"", ""module"": ""M11A"", ""syllabusRef"": ""M11A.2.5"", ""level"": null, ""difficulty"": ""MEDIUM""}"
M11A,M11A.11.4,,3. What phenomenon causes precipitation static (p-static)?,"Flying through rain, snow, or dust particles",Excessive cabin pressurization,High engine RPM,,"Flying through rain, snow, or dust particles",MEDIUM,,,,REVIEWED,Rans exact context,1,Module 11 Rans.pdf,"{""raw"": ""3. What phenomenon causes precipitation static (p-static)?\nA) Flying through rain, snow, or dust particles\nB) Excessive cabin pressurization\nC) High engine RPM"", ""question"": ""3. What phenomenon causes precipitation static (p-static)?"", ""options"": [""Flying through rain, snow, or dust particles"", ""Excessive cabin pressurization"", ""High engine RPM""], ""correct"": null, ""answer_text"": null, ""category"": null, ""source_file"": ""Module 11 Rans.pdf"", ""source_module"": ""M11A"", ""fmt"": ""pdf"", ""module"": ""M11A"", ""syllabusRef"": ""M11A.11.4"", ""level"": null, ""difficulty"": ""MEDIUM""}"
M11A,M11A.11.03,,4. How does uncontrolled static discharge affect aircraft systems?,Creates radio frequency noise disrupting communications,Triggers false fire warnings,Corrodes metal surfaces,,Creates radio frequency noise disrupting communications,MEDIUM,,,,REVIEWED,Rans exact context,1,Module 11 Rans.pdf,"{""raw"": ""4. How does uncontrolled static discharge affect aircraft systems?\nA) Creates radio frequency noise disrupting communications\nB) Triggers false fire warnings\nC) Corrodes metal surfaces"", ""question"": ""4. How does uncontrolled static discharge affect aircraft systems?"", ""options"": [""Creates radio frequency noise disrupting communications"", ""Triggers false fire warnings"", ""Corrodes metal surfaces""], ""correct"": null, ""answer_text"": null, ""category"": null, ""source_file"": ""Module 11 Rans.pdf"", ""source_module"": ""M11A"", ""fmt"": ""pdf"", ""module"": ""M11A"", ""syllabusRef"": ""M11A.11.03"", ""level"": null, ""difficulty"": ""MEDIUM""}"
M11A,M11A.2.5,,5. What frequency range can p-static interference affect?,DC to 1000 MHz,1 kHz to 10 kHz,10 GHz to 20 GHz,,DC to 1000 MHz,MEDIUM,,,,REVIEWED,Rans exact context,1,Module 11 Rans.pdf,"{""raw"": ""5. What frequency range can p-static interference affect?\nA) DC to 1000 MHz\nB) 1 kHz to 10 kHz\nC) 10 GHz to 20 GHz\nAdditional Questions (Station Identification System)"", ""question"": ""5. What frequency range can p-static interference affect?"", ""options"": [""DC to 1000 MHz"", ""1 kHz to 10 kHz"", ""10 GHz to 20 GHz""], ""correct"": null, ""answer_text"": null, ""category"": null, ""source_file"": ""Module 11 Rans.pdf"", ""source_module"": ""M11A"", ""fmt"": ""pdf"", ""module"": ""M11A"", ""syllabusRef"": ""M11A.2.5"", ""level"": null, ""difficulty"": ""MEDIUM""}"
M11A,M11A.2.5,,1. How are lateral locations (left/right) typically referenced?,From the fuselage centerline,From the wingtip,From the vertical stabilizer,,From the fuselage centerline,MEDIUM,,,,REVIEWED,Rans exact context,1,Module 11 Rans.pdf,"{""raw"": ""1. How are lateral locations (left/right) typically referenced?\nA) From the fuselage centerline\nB) From the wingtip\nC) From the vertical stabilizer"", ""question"": ""1. How are lateral locations (left/right) typically referenced?"", ""options"": [""From the fuselage centerline"", ""From the wingtip"", ""From the vertical stabilizer""], ""correct"": null, ""answer_text"": null, ""category"": null, ""source_file"": ""Module 11 Rans.pdf"", ""source_module"": ""M11A"", ""fmt"": ""pdf"", ""module"": ""M11A"", ""syllabusRef"": ""M11A.2.5"", ""level"": null, ""difficulty"": ""MEDIUM""}"
M11A,M11A.11.03,,"2. What does ""water line"" refer to in vertical measurements?",A reference line along the fuselage side,The aircraft’s fuel level indicator,The wing’s angle of incidence,,A reference line along the fuselage side,MEDIUM,,,,REVIEWED,Rans exact context,1,Module 11 Rans.pdf,"{""raw"": ""2. What does \""water line\"" refer to in vertical measurements?\nA) A reference line along the fuselage side\nB) The aircraft’s fuel level indicator\nC) The wing’s angle of incidence"", ""question"": ""2. What does \""water line\"" refer to in vertical measurements?"", ""options"": [""A reference line along the fuselage side"", ""The aircraft’s fuel level indicator"", ""The wing’s angle of incidence""], ""correct"": null, ""answer_text"": null, ""category"": null, ""source_file"": ""Module 11 Rans.pdf"", ""source_module"": ""M11A"", ""fmt"": ""pdf"", ""module"": ""M11A"", ""syllabusRef"": ""M11A.11.03"", ""level"": null, ""difficulty"": ""MEDIUM""}"
M11A,M11A.3.000,,"3. How would a wing rib 1,200mm left of the centerline be labeled?",Station -1200,Station L1200,Station 1200L,,Station -1200,MEDIUM,,,,REVIEWED,Rans exact context,1,Module 11 Rans.pdf,"{""raw"": ""3. How would a wing rib 1,200mm left of the centerline be labeled?\nA) Station -1200\nB) Station L1200\nC) Station 1200L"", ""question"": ""3. How would a wing rib 1,200mm left of the centerline be labeled?"", ""options"": [""Station -1200"", ""Station L1200"", ""Station 1200L""], ""correct"": null, ""answer_text"": null, ""category"": null, ""source_file"": ""Module 11 Rans.pdf"", ""source_module"": ""M11A"", ""fmt"": ""pdf"", ""module"": ""M11A"", ""syllabusRef"": ""M11A.3.000"", ""level"": null, ""difficulty"": ""MEDIUM""}"
M11A,M11A.11.2(b),,4. Why do manufacturers use separate station zeros for wings/tail sections?,To simplify component tracking during assembly,To comply with international standards,To reduce paperwork,,To simplify component tracking during assembly,MEDIUM,,,,REVIEWED,Rans exact context,1,Module 11 Rans.pdf,"{""raw"": ""4. Why do manufacturers use separate station zeros for wings/tail sections?\nA) To simplify component tracking during assembly\nB) To comply with international standards\nC) To reduce paperwork"", ""question"": ""4. Why do manufacturers use separate station zeros for wings/tail sections?"", ""options"": [""To simplify component tracking during assembly"", ""To comply with international standards"", ""To reduce paperwork""], ""correct"": null, ""answer_text"": null, ""category"": null, ""source_file"": ""Module 11 Rans.pdf"", ""source_module"": ""M11A"", ""fmt"": ""pdf"", ""module"": ""M11A"", ""syllabusRef"": ""M11A.11.2(b)"", ""level"": null, ""difficulty"": ""MEDIUM""}"
M11A,M11A.11.2(b),,5. What unit is typically used for station measurements?,Millimetres or inches,Kilograms or pounds,Knots or Mach,,Millimetres or inches,MEDIUM,,,,REVIEWED,Rans exact context,1,Module 11 Rans.pdf,"{""raw"": ""5. What unit is typically used for station measurements?\nA) Millimetres or inches\nB) Kilograms or pounds\nC) Knots or Mach\nImage 28 (Airworthiness Requirements & Structural Classification)"", ""question"": ""5. What unit is typically used for station measurements?"", ""options"": [""Millimetres or inches"", ""Kilograms or pounds"", ""Knots or Mach""], ""correct"": null, ""answer_text"": null, ""category"": null, ""source_file"": ""Module 11 Rans.pdf"", ""source_module"": ""M11A"", ""fmt"": ""pdf"", ""module"": ""M11A"", ""syllabusRef"": ""M11A.11.2(b)"", ""level"": null, ""difficulty"": ""MEDIUM""}"
M11A,M11A.11.03,,"1. Which regulation applies to aircraft with a maximum takeoff weight of 6,000kg?",EASA-23,EASA-25,EASA-27,,EASA-23,MEDIUM,,,,REVIEWED,Rans exact context,1,Module 11 Rans.pdf,"{""raw"": ""1. Which regulation applies to aircraft with a maximum takeoff weight of 6,000kg?\nA) EASA-23\nB) EASA-25\nC) EASA-27"", ""question"": ""1. Which regulation applies to aircraft with a maximum takeoff weight of 6,000kg?"", ""options"": [""EASA-23"", ""EASA-25"", ""EASA-27""], ""correct"": null, ""answer_text"": null, ""category"": null, ""source_file"": ""Module 11 Rans.pdf"", ""source_module"": ""M11A"", ""fmt"": ""pdf"", ""module"": ""M11A"", ""syllabusRef"": ""M11A.11.03"", ""level"": null, ""difficulty"": ""MEDIUM""}"
M11A,M11A.11.9(a),,2. What would be classified as primary structure?,Wingtip fairings,Main wing spars,Cabin interior panels,,Main wing spars,EASY,,,,REVIEWED,Rans exact context,1,Module 11 Rans.pdf,"{""raw"": ""2. What would be classified as primary structure?\nA) Wingtip fairings\nB) Main wing spars\nC) Cabin interior panels"", ""question"": ""2. What would be classified as primary structure?"", ""options"": [""Wingtip fairings"", ""Main wing spars"", ""Cabin interior panels""], ""correct"": null, ""answer_text"": null, ""category"": null, ""source_file"": ""Module 11 Rans.pdf"", ""source_module"": ""M11A"", ""fmt"": ""pdf"", ""module"": ""M11A"", ""syllabusRef"": ""M11A.11.9(a)"", ""level"": null, ""difficulty"": ""EASY""}"
M11A,M11A.11.03,,3. How are primary structures typically identified in older aircraft manuals?,Blue color,Red color,Green color,,Blue color,MEDIUM,,,,REVIEWED,Rans exact context,1,Module 11 Rans.pdf,"{""raw"": ""3. How are primary structures typically identified in older aircraft manuals?\nA) Blue color\nB) Red color\nC) Green color"", ""question"": ""3. How are primary structures typically identified in older aircraft manuals?"", ""options"": [""Blue color"", ""Red color"", ""Green color""], ""correct"": null, ""answer_text"": null, ""category"": null, ""source_file"": ""Module 11 Rans.pdf"", ""source_module"": ""M11A"", ""fmt"": ""pdf"", ""module"": ""M11A"", ""syllabusRef"": ""M11A.11.03"", ""level"": null, ""difficulty"": ""MEDIUM""}"
M11A,M11A.81.2,,4. Which of these is NOT a consequence of primary structure failure?,Slight increase in fuel consumption,Catastrophic structural collapse,Loss of control,,Slight increase in fuel consumption,MEDIUM,,,,REVIEWED,Rans exact context,1,Module 11 Rans.pdf,"{""raw"": ""4. Which of these is NOT a consequence of primary structure failure?\nA) Slight increase in fuel consumption\nB) Catastrophic structural collapse\nC) Loss of control"", ""question"": ""4. Which of these is NOT a consequence of primary structure failure?"", ""options"": [""Slight increase in fuel consumption"", ""Catastrophic structural collapse"", ""Loss of control""], ""correct"": null, ""answer_text"": null, ""category"": null, ""source_file"": ""Module 11 Rans.pdf"", ""source_module"": ""M11A"", ""fmt"": ""pdf"", ""module"": ""M11A"", ""syllabusRef"": ""M11A.81.2"", ""level"": null, ""difficulty"": ""MEDIUM""}"
M11A,M11A.11.2(b),,5. What is the purpose of airworthiness requirements?,To ensure aircraft are built to safe standards,To reduce manufacturing costs,To increase passenger comfort,,To ensure aircraft are built to safe standards,MEDIUM,,,,REVIEWED,Rans exact context,1,Module 11 Rans.pdf,"{""raw"": ""5. What is the purpose of airworthiness requirements?\nA) To ensure aircraft are built to safe standards\nB) To reduce manufacturing costs\nC) To increase passenger comfort\nImage 29 (Primary Structure - Wing & Fuselage)"", ""question"": ""5. What is the purpose of airworthiness requirements?"", ""options"": [""To ensure aircraft are built to safe standards"", ""To reduce manufacturing costs"", ""To increase passenger comfort""], ""correct"": null, ""answer_text"": null, ""category"": null, ""source_file"": ""Module 11 Rans.pdf"", ""source_module"": ""M11A"", ""fmt"": ""pdf"", ""module"": ""M11A"", ""syllabusRef"": ""M11A.11.2(b)"", ""level"": null, ""difficulty"": ""MEDIUM""}"
M11A,M11A.11.9(a),,1. What component is shown as primary structure in Fig 02.8?,Wing ribs,Wing spars,Aileron hinges,,Wing ribs,MEDIUM,,,,REVIEWED,Rans exact context,1,Module 11 Rans.pdf,"{""raw"": ""1. What component is shown as primary structure in Fig 02.8?\nA) Wing ribs\nB) Wing spars\nC) Aileron hinges"", ""question"": ""1. What component is shown as primary structure in Fig 02.8?"", ""options"": [""Wing ribs"", ""Wing spars"", ""Aileron hinges""], ""correct"": null, ""answer_text"": null, ""category"": null, ""source_file"": ""Module 11 Rans.pdf"", ""source_module"": ""M11A"", ""fmt"": ""pdf"", ""module"": ""M11A"", ""syllabusRef"": ""M11A.11.9(a)"", ""level"": null, ""difficulty"": ""MEDIUM""}"
M11A,M11A.11.9(a),,2. Which part would be considered secondary structure?,Fuselage main frames,Wing skin panels,Engine mounts,,Fuselage main frames,MEDIUM,,,,REVIEWED,Rans exact context,1,Module 11 Rans.pdf,"{""raw"": ""2. Which part would be considered secondary structure?\nA) Fuselage main frames\nB) Wing skin panels\nC) Engine mounts"", ""question"": ""2. Which part would be considered secondary structure?"", ""options"": [""Fuselage main frames"", ""Wing skin panels"", ""Engine mounts""], ""correct"": null, ""answer_text"": null, ""category"": null, ""source_file"": ""Module 11 Rans.pdf"", ""source_module"": ""M11A"", ""fmt"": ""pdf"", ""module"": ""M11A"", ""syllabusRef"": ""M11A.11.9(a)"", ""level"": null, ""difficulty"": ""MEDIUM""}"
M11A,M11A.11.9(a),,3. What is the main characteristic of secondary structure?,It has no safety function,It has significant strength reserves,It must be inspected daily,,It has significant strength reserves,MEDIUM,,,,REVIEWED,Rans exact context,1,Module 11 Rans.pdf,"{""raw"": ""3. What is the main characteristic of secondary structure?\nA) It has no safety function\nB) It has significant strength reserves\nC) It must be inspected daily"", ""question"": ""3. What is the main characteristic of secondary structure?"", ""options"": [""It has no safety function"", ""It has significant strength reserves"", ""It must be inspected daily""], ""correct"": null, ""answer_text"": null, ""category"": null, ""source_file"": ""Module 11 Rans.pdf"", ""source_module"": ""M11A"", ""fmt"": ""pdf"", ""module"": ""M11A"", ""syllabusRef"": ""M11A.11.9(a)"", ""level"": null, ""difficulty"": ""MEDIUM""}"
M11A,M11A.3.000,,4. Where would you find the rear spar in a wing?,At the leading edge,At the trailing edge,At the wingtip,,At the leading edge,EASY,,,,REVIEWED,Rans exact context,1,Module 11 Rans.pdf,"{""raw"": ""4. Where would you find the rear spar in a wing?\nA) At the leading edge\nB) At the trailing edge\nC) At the wingtip"", ""question"": ""4. Where would you find the rear spar in a wing?"", ""options"": [""At the leading edge"", ""At the trailing edge"", ""At the wingtip""], ""correct"": null, ""answer_text"": null, ""category"": null, ""source_file"": ""Module 11 Rans.pdf"", ""source_module"": ""M11A"", ""fmt"": ""pdf"", ""module"": ""M11A"", ""syllabusRef"": ""M11A.3.000"", ""level"": null, ""difficulty"": ""EASY""}"
M11A,M11A.3.000,,5. What supports the slats on the wing?,Slat tracks,Aileron hinges,Spoiler actuators,,Slat tracks,EASY,,,,REVIEWED,Rans exact context,1,Module 11 Rans.pdf,"{""raw"": ""5. What supports the slats on the wing?\nA) Slat tracks\nB) Aileron hinges\nC) Spoiler actuators\nImage 30 (Secondary/Tertiary Structures & Safe Life)"", ""question"": ""5. What supports the slats on the wing?"", ""options"": [""Slat tracks"", ""Aileron hinges"", ""Spoiler actuators""], ""correct"": null, ""answer_text"": null, ""category"": null, ""source_file"": ""Module 11 Rans.pdf"", ""source_module"": ""M11A"", ""fmt"": ""pdf"", ""module"": ""M11A"", ""syllabusRef"": ""M11A.3.000"", ""level"": null, ""difficulty"": ""EASY""}"
M11A,M11A.11.4(e),,1. What is an example of tertiary structure?,Wing spars,Fairings and brackets,Fuselage frames,,Wing spars,EASY,,,,REVIEWED,Rans exact context,1,Module 11 Rans.pdf,"{""raw"": ""1. What is an example of tertiary structure?\nA) Wing spars\nB) Fairings and brackets\nC) Fuselage frames"", ""question"": ""1. What is an example of tertiary structure?"", ""options"": [""Wing spars"", ""Fairings and brackets"", ""Fuselage frames""], ""correct"": null, ""answer_text"": null, ""category"": null, ""source_file"": ""Module 11 Rans.pdf"", ""source_module"": ""M11A"", ""fmt"": ""pdf"", ""module"": ""M11A"", ""syllabusRef"": ""M11A.11.4(e)"", ""level"": null, ""difficulty"": ""EASY""}"
M11A,,,2. How is safe life typically measured?,Flying hours only,"Flying hours, cycles, or calendar time",Number of landings only,,"Flying hours, cycles, or calendar time",EASY,,,,REVIEWED,Rans exact context,1,Module 11 Rans.pdf,"{""raw"": ""2. How is safe life typically measured?\nA) Flying hours only\nB) Flying hours, cycles, or calendar time\nC) Number of landings only"", ""question"": ""2. How is safe life typically measured?"", ""options"": [""Flying hours only"", ""Flying hours, cycles, or calendar time"", ""Number of landings only""], ""correct"": null, ""answer_text"": null, ""category"": null, ""source_file"": ""Module 11 Rans.pdf"", ""source_module"": ""M11A"", ""fmt"": ""pdf"", ""module"": ""M11A"", ""difficulty"": ""EASY""}"
M11A,M11A.3.000,,3. What is the purpose of fail-safe design?,To prevent all failures,To maintain safety after partial failure,To eliminate inspections,,To maintain safety after partial failure,EASY,,,,REVIEWED,Rans exact context,1,Module 11 Rans.pdf,"{""raw"": ""3. What is the purpose of fail-safe design?\nA) To prevent all failures\nB) To maintain safety after partial failure\nC) To eliminate inspections"", ""question"": ""3. What is the purpose of fail-safe design?"", ""options"": [""To prevent all failures"", ""To maintain safety after partial failure"", ""To eliminate inspections""], ""correct"": null, ""answer_text"": null, ""category"": null, ""source_file"": ""Module 11 Rans.pdf"", ""source_module"": ""M11A"", ""fmt"": ""pdf"", ""module"": ""M11A"", ""syllabusRef"": ""M11A.3.000"", ""level"": null, ""difficulty"": ""EASY""}"
M11A,,,"4. If a component has a fatigue life of 12,000 hours, what might its safe life be?","12,000 hours","2,000 hours","24,000 hours",,"2,000 hours",MEDIUM,,,,REVIEWED,Rans exact context,1,Module 11 Rans.pdf,"{""raw"": ""4. If a component has a fatigue life of 12,000 hours, what might its safe life be?\nA) 12,000 hours\nB) 2,000 hours\nC) 24,000 hours"", ""question"": ""4. If a component has a fatigue life of 12,000 hours, what might its safe life be?"", ""options"": [""12,000 hours"", ""2,000 hours"", ""24,000 hours""], ""correct"": null, ""answer_text"": null, ""category"": null, ""source_file"": ""Module 11 Rans.pdf"", ""source_module"": ""M11A"", ""fmt"": ""pdf"", ""module"": ""M11A"", ""difficulty"": ""MEDIUM""}"
M11A,M11A.11.4(e),,5. What determines safe life duration?,Only fatigue,"Fatigue, wear, and corrosion",Only corrosion,,"Fatigue, wear, and corrosion",EASY,,,,REVIEWED,Rans exact context,1,Module 11 Rans.pdf,"{""raw"": ""5. What determines safe life duration?\nA) Only fatigue\nB) Fatigue, wear, and corrosion\nC) Only corrosion\nImage 31 (Damage Tolerance & Load Distribution)"", ""question"": ""5. What determines safe life duration?"", ""options"": [""Only fatigue"", ""Fatigue, wear, and corrosion"", ""Only corrosion""], ""correct"": null, ""answer_text"": null, ""category"": null, ""source_file"": ""Module 11 Rans.pdf"", ""source_module"": ""M11A"", ""fmt"": ""pdf"", ""module"": ""M11A"", ""syllabusRef"": ""M11A.11.4(e)"", ""level"": null, ""difficulty"": ""EASY""}"
M11A,M11A.3.000,,1. What is the main advantage of damage-tolerant design?,Lighter structure,Cracks can be detected before becoming critical,No inspections needed,,Cracks can be detected before becoming critical,MEDIUM,,,,REVIEWED,Rans exact context,1,Module 11 Rans.pdf,"{""raw"": ""1. What is the main advantage of damage-tolerant design?\nA) Lighter structure\nB) Cracks can be detected before becoming critical\nC) No inspections needed"", ""question"": ""1. What is the main advantage of damage-tolerant design?"", ""options"": [""Lighter structure"", ""Cracks can be detected before becoming critical"", ""No inspections needed""], ""correct"": null, ""answer_text"": null, ""category"": null, ""source_file"": ""Module 11 Rans.pdf"", ""source_module"": ""M11A"", ""fmt"": ""pdf"", ""module"": ""M11A"", ""syllabusRef"": ""M11A.3.000"", ""level"": null, ""difficulty"": ""MEDIUM""}"
M11A,,,2. How does damage tolerance handle cracks?,By preventing all cracks,By allowing cracks within limits,By using only safe-life components,,By allowing cracks within limits,EASY,,,,REVIEWED,Rans exact context,1,Module 11 Rans.pdf,"{""raw"": ""2. How does damage tolerance handle cracks?\nA) By preventing all cracks\nB) By allowing cracks within limits\nC) By using only safe-life components"", ""question"": ""2. How does damage tolerance handle cracks?"", ""options"": [""By preventing all cracks"", ""By allowing cracks within limits"", ""By using only safe-life components""], ""correct"": null, ""answer_text"": null, ""category"": null, ""source_file"": ""Module 11 Rans.pdf"", ""source_module"": ""M11A"", ""fmt"": ""pdf"", ""module"": ""M11A"", ""difficulty"": ""EASY""}"
M11A,,,3. What replaced many single-bolt wing attachments?,Welded joints,Multiple smaller bolts,Adhesive bonding,,Multiple smaller bolts,MEDIUM,,,,REVIEWED,Rans exact context,1,Module 11 Rans.pdf,"{""raw"": ""3. What replaced many single-bolt wing attachments?\nA) Welded joints\nB) Multiple smaller bolts\nC) Adhesive bonding"", ""question"": ""3. What replaced many single-bolt wing attachments?"", ""options"": [""Welded joints"", ""Multiple smaller bolts"", ""Adhesive bonding""], ""correct"": null, ""answer_text"": null, ""category"": null, ""source_file"": ""Module 11 Rans.pdf"", ""source_module"": ""M11A"", ""fmt"": ""pdf"", ""module"": ""M11A"", ""difficulty"": ""MEDIUM""}"
M11A,,,4. What is evaluated in damage-tolerant design?,Only material strength,Multiple load paths,Only surface finishes,,Multiple load paths,EASY,,,,REVIEWED,Rans exact context,1,Module 11 Rans.pdf,"{""raw"": ""4. What is evaluated in damage-tolerant design?\nA) Only material strength\nB) Multiple load paths\nC) Only surface finishes"", ""question"": ""4. What is evaluated in damage-tolerant design?"", ""options"": [""Only material strength"", ""Multiple load paths"", ""Only surface finishes""], ""correct"": null, ""answer_text"": null, ""category"": null, ""source_file"": ""Module 11 Rans.pdf"", ""source_module"": ""M11A"", ""fmt"": ""pdf"", ""module"": ""M11A"", ""difficulty"": ""EASY""}"
M11A,M11A.11.4(d),,5. When must a crack be repaired in damage-tolerant structure?,Immediately when found,Before it reaches critical size,Only during major overhauls,,Before it reaches critical size,MEDIUM,,,,REVIEWED,Rans exact context,1,Module 11 Rans.pdf,"{""raw"": ""5. When must a crack be repaired in damage-tolerant structure?\nA) Immediately when found\nB) Before it reaches critical size\nC) Only during major overhauls\nImage 32 (Stress/Strain & Load Types)"", ""question"": ""5. When must a crack be repaired in damage-tolerant structure?"", ""options"": [""Immediately when found"", ""Before it reaches critical size"", ""Only during major overhauls""], ""correct"": null, ""answer_text"": null, ""category"": null, ""source_file"": ""Module 11 Rans.pdf"", ""source_module"": ""M11A"", ""fmt"": ""pdf"", ""module"": ""M11A"", ""syllabusRef"": ""M11A.11.4(d)"", ""level"": null, ""difficulty"": ""MEDIUM""}"
M11A,,,1. What is stress?,Distortion of a material,Force per unit area,Change in length,,Force per unit area,EASY,,,,REVIEWED,Domain knowledge - basic engineering definition,1,Module 11 Rans.pdf,"{""raw"": ""1. What is stress?\nA) Distortion of a material\nB) Force per unit area\nC) Change in length"", ""question"": ""1. What is stress?"", ""options"": [""Distortion of a material"", ""Force per unit area"", ""Change in length""], ""correct"": null, ""answer_text"": null, ""category"": null, ""source_file"": ""Module 11 Rans.pdf"", ""source_module"": ""M11A"", ""fmt"": ""pdf"", ""module"": ""M11A"", ""difficulty"": ""EASY""}"
M11A,M11A.11.4(b),,2. Which is NOT a major stress type?,Compression,Tension,Vibration,,Compression,EASY,,,,REVIEWED,Rans exact context,1,Module 11 Rans.pdf,"{""raw"": ""2. Which is NOT a major stress type?\nA) Compression\nB) Tension\nC) Vibration"", ""question"": ""2. Which is NOT a major stress type?"", ""options"": [""Compression"", ""Tension"", ""Vibration""], ""correct"": null, ""answer_text"": null, ""category"": null, ""source_file"": ""Module 11 Rans.pdf"", ""source_module"": ""M11A"", ""fmt"": ""pdf"", ""module"": ""M11A"", ""syllabusRef"": ""M11A.11.4(b)"", ""level"": null, ""difficulty"": ""EASY""}"
M11A,,,3. What happens during compression stress?,Material is pulled apart,Material is pushed together,Material slides past itself,,Material slides past itself,EASY,,,,REVIEWED,Rans exact context,1,Module 11 Rans.pdf,"{""raw"": ""3. What happens during compression stress?\nA) Material is pulled apart\nB) Material is pushed together\nC) Material slides past itself"", ""question"": ""3. What happens during compression stress?"", ""options"": [""Material is pulled apart"", ""Material is pushed together"", ""Material slides past itself""], ""correct"": null, ""answer_text"": null, ""category"": null, ""source_file"": ""Module 11 Rans.pdf"", ""source_module"": ""M11A"", ""fmt"": ""pdf"", ""module"": ""M11A"", ""difficulty"": ""EASY""}"
M11A,M11A.11.4(e),,4. What type of stress combines compression and tension?,Shear,Bending,Torsion,,Shear,MEDIUM,,,,REVIEWED,Rans exact context,1,Module 11 Rans.pdf,"{""raw"": ""4. What type of stress combines compression and tension?\nA) Shear\nB) Bending\nC) Torsion"", ""question"": ""4. What type of stress combines compression and tension?"", ""options"": [""Shear"", ""Bending"", ""Torsion""], ""correct"": null, ""answer_text"": null, ""category"": null, ""source_file"": ""Module 11 Rans.pdf"", ""source_module"": ""M11A"", ""fmt"": ""pdf"", ""module"": ""M11A"", ""syllabusRef"": ""M11A.11.4(e)"", ""level"": null, ""difficulty"": ""MEDIUM""}"
M11A,,,5. What does strain measure?,Force applied,Distortion per unit length,Material hardness,,Distortion per unit length,EASY,,,,REVIEWED,Final KB direct (score=2),1,Module 11 Rans.pdf,"{""raw"": ""5. What does strain measure?\nA) Force applied\nB) Distortion per unit length\nC) Material hardness\nImage 33 (Shear & Compression)"", ""question"": ""5. What does strain measure?"", ""options"": [""Force applied"", ""Distortion per unit length"", ""Material hardness""], ""correct"": null, ""answer_text"": null, ""category"": null, ""source_file"": ""Module 11 Rans.pdf"", ""source_module"": ""M11A"", ""fmt"": ""pdf"", ""module"": ""M11A"", ""difficulty"": ""EASY""}"
M11A,M11A.11.09,,1. What type of stress does a clevis bolt in flight controls primarily resist?,Tension,Shear,Bending,,Shear,MEDIUM,,,,REVIEWED,Rans exact context,1,Module 11 Rans.pdf,"{""raw"": ""1. What type of stress does a clevis bolt in flight controls primarily resist?\nA) Tension\nB) Shear\nC) Bending"", ""question"": ""1. What type of stress does a clevis bolt in flight controls primarily resist?"", ""options"": [""Tension"", ""Shear"", ""Bending""], ""correct"": null, ""answer_text"": null, ""category"": null, ""source_file"": ""Module 11 Rans.pdf"", ""source_module"": ""M11A"", ""fmt"": ""pdf"", ""module"": ""M11A"", ""syllabusRef"": ""M11A.11.09"", ""level"": null, ""difficulty"": ""MEDIUM""}"
M11A,M11A.11.04,,2. Why are control cable bolts designed with thin heads and thick shanks?,To maximize resistance to shear forces,To reduce weight,To improve aerodynamic smoothness,,To maximize resistance to shear forces,MEDIUM,,,,REVIEWED,Rans exact context,1,Module 11 Rans.pdf,"{""raw"": ""2. Why are control cable bolts designed with thin heads and thick shanks?\nA) To maximize resistance to shear forces\nB) To reduce weight\nC) To improve aerodynamic smoothness"", ""question"": ""2. Why are control cable bolts designed with thin heads and thick shanks?"", ""options"": [""To maximize resistance to shear forces"", ""To reduce weight"", ""To improve aerodynamic smoothness""], ""correct"": null, ""answer_text"": null, ""category"": null, ""source_file"": ""Module 11 Rans.pdf"", ""source_module"": ""M11A"", ""fmt"": ""pdf"", ""module"": ""M11A"", ""syllabusRef"": ""M11A.11.04"", ""level"": null, ""difficulty"": ""MEDIUM""}"
M11A,,,4. Which component is designed to withstand pure tension loads?,Wing spar,Steel chain,Fuselage frame,,Wing spar,MEDIUM,,,,REVIEWED,Rans exact context,1,Module 11 Rans.pdf,"{""raw"": ""4. Which component is designed to withstand pure tension loads?\nA) Wing spar\nB) Steel chain\nC) Fuselage frame"", ""question"": ""4. Which component is designed to withstand pure tension loads?"", ""options"": [""Wing spar"", ""Steel chain"", ""Fuselage frame""], ""correct"": null, ""answer_text"": null, ""category"": null, ""source_file"": ""Module 11 Rans.pdf"", ""source_module"": ""M11A"", ""fmt"": ""pdf"", ""module"": ""M11A"", ""difficulty"": ""MEDIUM""}"
M11A,M11A.3.000,,5. What is the main function of rivets in shear applications?,To transfer bending moments,To resist slicing forces between joined parts,To absorb vibration,,To resist slicing forces between joined parts,MEDIUM,,,,REVIEWED,Rans exact context,1,Module 11 Rans.pdf,"{""raw"": ""5. What is the main function of rivets in shear applications?\nA) To transfer bending moments\nB) To resist slicing forces between joined parts\nC) To absorb vibration\nImage 34 (Tension & Torsion)"", ""question"": ""5. What is the main function of rivets in shear applications?"", ""options"": [""To transfer bending moments"", ""To resist slicing forces between joined parts"", ""To absorb vibration""], ""correct"": null, ""answer_text"": null, ""category"": null, ""source_file"": ""Module 11 Rans.pdf"", ""source_module"": ""M11A"", ""fmt"": ""pdf"", ""module"": ""M11A"", ""syllabusRef"": ""M11A.3.000"", ""level"": null, ""difficulty"": ""MEDIUM""}"
M11A,M11A.11.4(b),,1. What stress type acts diagonally across a member under torsion?,Pure compression,Tensile stress,Hoop stress,,Pure compression,MEDIUM,,,,REVIEWED,Rans exact context,1,Module 11 Rans.pdf,"{""raw"": ""1. What stress type acts diagonally across a member under torsion?\nA) Pure compression\nB) Tensile stress\nC) Hoop stress"", ""question"": ""1. What stress type acts diagonally across a member under torsion?"", ""options"": [""Pure compression"", ""Tensile stress"", ""Hoop stress""], ""correct"": null, ""answer_text"": null, ""category"": null, ""source_file"": ""Module 11 Rans.pdf"", ""source_module"": ""M11A"", ""fmt"": ""pdf"", ""module"": ""M11A"", ""syllabusRef"": ""M11A.11.4(b)"", ""level"": null, ""difficulty"": ""MEDIUM""}"
M11A,M11A.11.03,,2. Which aircraft component commonly experiences torsional loads?,Wing ribs,Engine crankshaft,Cabin windows,,Wing ribs,MEDIUM,,,,REVIEWED,Rans exact context,1,Module 11 Rans.pdf,"{""raw"": ""2. Which aircraft component commonly experiences torsional loads?\nA) Wing ribs\nB) Engine crankshaft\nC) Cabin windows"", ""question"": ""2. Which aircraft component commonly experiences torsional loads?"", ""options"": [""Wing ribs"", ""Engine crankshaft"", ""Cabin windows""], ""correct"": null, ""answer_text"": null, ""category"": null, ""source_file"": ""Module 11 Rans.pdf"", ""source_module"": ""M11A"", ""fmt"": ""pdf"", ""module"": ""M11A"", ""syllabusRef"": ""M11A.11.03"", ""level"": null, ""difficulty"": ""MEDIUM""}"
M11A,M11A.11.4(e),,3. How does torsion affect a structural member?,Creates simultaneous tension and compression,Causes uniform expansion,Eliminates shear stress,,Creates simultaneous tension and compression,EASY,,,,REVIEWED,Rans exact context,1,Module 11 Rans.pdf,"{""raw"": ""3. How does torsion affect a structural member?\nA) Creates simultaneous tension and compression\nB) Causes uniform expansion\nC) Eliminates shear stress"", ""question"": ""3. How does torsion affect a structural member?"", ""options"": [""Creates simultaneous tension and compression"", ""Causes uniform expansion"", ""Eliminates shear stress""], ""correct"": null, ""answer_text"": null, ""category"": null, ""source_file"": ""Module 11 Rans.pdf"", ""source_module"": ""M11A"", ""fmt"": ""pdf"", ""module"": ""M11A"", ""syllabusRef"": ""M11A.11.4(e)"", ""level"": null, ""difficulty"": ""EASY""}"
M11A,M11A.11.9(a),,4. What is the primary characteristic of a tension-loaded structure?,Resistance to twisting,High strength-to-weight ratio when pulled,Ability to withstand crushing forces,,High strength-to-weight ratio when pulled,MEDIUM,,,,REVIEWED,Rans exact context,1,Module 11 Rans.pdf,"{""raw"": ""4. What is the primary characteristic of a tension-loaded structure?\nA) Resistance to twisting\nB) High strength-to-weight ratio when pulled\nC) Ability to withstand crushing forces"", ""question"": ""4. What is the primary characteristic of a tension-loaded structure?"", ""options"": [""Resistance to twisting"", ""High strength-to-weight ratio when pulled"", ""Ability to withstand crushing forces""], ""correct"": null, ""answer_text"": null, ""category"": null, ""source_file"": ""Module 11 Rans.pdf"", ""source_module"": ""M11A"", ""fmt"": ""pdf"", ""module"": ""M11A"", ""syllabusRef"": ""M11A.11.9(a)"", ""level"": null, ""difficulty"": ""MEDIUM""}"
M11A,M11A.11.4(e),,5. Which statement about torsion is correct?,It only affects rotating components,It creates pure shear stress,It combines tensile and compressive stresses,,It creates pure shear stress,EASY,,,,REVIEWED,Rans exact context,1,Module 11 Rans.pdf,"{""raw"": ""5. Which statement about torsion is correct?\nA) It only affects rotating components\nB) It creates pure shear stress\nC) It combines tensile and compressive stresses\nImage 35 (Bending)"", ""question"": ""5. Which statement about torsion is correct?"", ""options"": [""It only affects rotating components"", ""It creates pure shear stress"", ""It combines tensile and compressive stresses""], ""correct"": null, ""answer_text"": null, ""category"": null, ""source_file"": ""Module 11 Rans.pdf"", ""source_module"": ""M11A"", ""fmt"": ""pdf"", ""module"": ""M11A"", ""syllabusRef"": ""M11A.11.4(e)"", ""level"": null, ""difficulty"": ""EASY""}"
M11A,M11A.11.9(a),,1. What stresses occur at the top and bottom of a wing spar in flight?,Top: Compression / Bottom: Tension,Top: Tension / Bottom: Compression,Both in shear,,Top: Compression / Bottom: Tension,MEDIUM,,,,REVIEWED,Rans exact context,1,Module 11 Rans.pdf,"{""raw"": ""1. What stresses occur at the top and bottom of a wing spar in flight?\nA) Top: Compression / Bottom: Tension\nB) Top: Tension / Bottom: Compression\nC) Both in shear"", ""question"": ""1. What stresses occur at the top and bottom of a wing spar in flight?"", ""options"": [""Top: Compression / Bottom: Tension"", ""Top: Tension / Bottom: Compression"", ""Both in shear""], ""correct"": null, ""answer_text"": null, ""category"": null, ""source_file"": ""Module 11 Rans.pdf"", ""source_module"": ""M11A"", ""fmt"": ""pdf"", ""module"": ""M11A"", ""syllabusRef"": ""M11A.11.9(a)"", ""level"": null, ""difficulty"": ""MEDIUM""}"
M11A,M11A.11.4(e),,2. How does bending stress affect a diving board?,Compresses both surfaces equally,Tensions the top and compresses the bottom,Creates pure torsion,,Tensions the top and compresses the bottom,EASY,,,,REVIEWED,Rans exact context,1,Module 11 Rans.pdf,"{""raw"": ""2. How does bending stress affect a diving board?\nA) Compresses both surfaces equally\nB) Tensions the top and compresses the bottom\nC) Creates pure torsion"", ""question"": ""2. How does bending stress affect a diving board?"", ""options"": [""Compresses both surfaces equally"", ""Tensions the top and compresses the bottom"", ""Creates pure torsion""], ""correct"": null, ""answer_text"": null, ""category"": null, ""source_file"": ""Module 11 Rans.pdf"", ""source_module"": ""M11A"", ""fmt"": ""pdf"", ""module"": ""M11A"", ""syllabusRef"": ""M11A.11.4(e)"", ""level"": null, ""difficulty"": ""EASY""}"
M11A,M11A.11.03,,3. What happens to wing spar stresses when the aircraft is on the ground?,Top: Compression / Bottom: Tension,Top: Tension / Bottom: Compression,Both in shear,,Top: Compression / Bottom: Tension,MEDIUM,,,,REVIEWED,Rans exact context,1,Module 11 Rans.pdf,"{""raw"": ""3. What happens to wing spar stresses when the aircraft is on the ground?\nA) Top: Compression / Bottom: Tension\nB) Top: Tension / Bottom: Compression\nC) Both in shear"", ""question"": ""3. What happens to wing spar stresses when the aircraft is on the ground?"", ""options"": [""Top: Compression / Bottom: Tension"", ""Top: Tension / Bottom: Compression"", ""Both in shear""], ""correct"": null, ""answer_text"": null, ""category"": null, ""source_file"": ""Module 11 Rans.pdf"", ""source_module"": ""M11A"", ""fmt"": ""pdf"", ""module"": ""M11A"", ""syllabusRef"": ""M11A.11.03"", ""level"": null, ""difficulty"": ""MEDIUM""}"
M11A,M11A.11.09,,4. Which structural member is most affected by bending during flight?,Fuselage frames,Cantilever wing spars,Landing gear doors,,Cantilever wing spars,MEDIUM,,,,REVIEWED,Rans exact context,1,Module 11 Rans.pdf,"{""raw"": ""4. Which structural member is most affected by bending during flight?\nA) Fuselage frames\nB) Cantilever wing spars\nC) Landing gear doors"", ""question"": ""4. Which structural member is most affected by bending during flight?"", ""options"": [""Fuselage frames"", ""Cantilever wing spars"", ""Landing gear doors""], ""correct"": null, ""answer_text"": null, ""category"": null, ""source_file"": ""Module 11 Rans.pdf"", ""source_module"": ""M11A"", ""fmt"": ""pdf"", ""module"": ""M11A"", ""syllabusRef"": ""M11A.11.09"", ""level"": null, ""difficulty"": ""MEDIUM""}"
M11A,M11A.11.09,,5. Why are wing struts in tension during flight?,They support the wing's weight,They counteract bending moments,They resist engine thrust,,They support the wing's weight,EASY,,,,REVIEWED,Rans exact context,1,Module 11 Rans.pdf,"{""raw"": ""5. Why are wing struts in tension during flight?\nA) They support the wing's weight\nB) They counteract bending moments\nC) They resist engine thrust\nImage 36 (Hoop Stress & Fatigue)"", ""question"": ""5. Why are wing struts in tension during flight?"", ""options"": [""They support the wing's weight"", ""They counteract bending moments"", ""They resist engine thrust""], ""correct"": null, ""answer_text"": null, ""category"": null, ""source_file"": ""Module 11 Rans.pdf"", ""source_module"": ""M11A"", ""fmt"": ""pdf"", ""module"": ""M11A"", ""syllabusRef"": ""M11A.11.09"", ""level"": null, ""difficulty"": ""EASY""}"
M11A,M11A.11.4,,1. What resists hoop stress in a pressurized fuselage?,Longerons and stringers,Frames and stressed skin,Cabin floor beams,,Frames and stressed skin,MEDIUM,,,,REVIEWED,Rans exact context,1,Module 11 Rans.pdf,"{""raw"": ""1. What resists hoop stress in a pressurized fuselage?\nA) Longerons and stringers\nB) Frames and stressed skin\nC) Cabin floor beams"", ""question"": ""1. What resists hoop stress in a pressurized fuselage?"", ""options"": [""Longerons and stringers"", ""Frames and stressed skin"", ""Cabin floor beams""], ""correct"": null, ""answer_text"": null, ""category"": null, ""source_file"": ""Module 11 Rans.pdf"", ""source_module"": ""M11A"", ""fmt"": ""pdf"", ""module"": ""M11A"", ""syllabusRef"": ""M11A.11.4"", ""level"": null, ""difficulty"": ""MEDIUM""}"
M11A,M11A.3.000,,2. What caused the De Havilland Comet fatigue failures?,Square window corners concentrating stress,Excessive wing bending,Engine vibration,,Square window corners concentrating stress,MEDIUM,,,,REVIEWED,Rans exact context,1,Module 11 Rans.pdf,"{""raw"": ""2. What caused the De Havilland Comet fatigue failures?\nA) Square window corners concentrating stress\nB) Excessive wing bending\nC) Engine vibration"", ""question"": ""2. What caused the De Havilland Comet fatigue failures?"", ""options"": [""Square window corners concentrating stress"", ""Excessive wing bending"", ""Engine vibration""], ""correct"": null, ""answer_text"": null, ""category"": null, ""source_file"": ""Module 11 Rans.pdf"", ""source_module"": ""M11A"", ""fmt"": ""pdf"", ""module"": ""M11A"", ""syllabusRef"": ""M11A.3.000"", ""level"": null, ""difficulty"": ""MEDIUM""}"
M11A,M11A.3.000,,3. What is the circumferential stress in a pressurized fuselage called?,Axial stress,Hoop stress,Shear stress,,Axial stress,MEDIUM,,,,REVIEWED,Rans exact context,1,Module 11 Rans.pdf,"{""raw"": ""3. What is the circumferential stress in a pressurized fuselage called?\nA) Axial stress\nB) Hoop stress\nC) Shear stress"", ""question"": ""3. What is the circumferential stress in a pressurized fuselage called?"", ""options"": [""Axial stress"", ""Hoop stress"", ""Shear stress""], ""correct"": null, ""answer_text"": null, ""category"": null, ""source_file"": ""Module 11 Rans.pdf"", ""source_module"": ""M11A"", ""fmt"": ""pdf"", ""module"": ""M11A"", ""syllabusRef"": ""M11A.3.000"", ""level"": null, ""difficulty"": ""MEDIUM""}"
M11A,,,4. Which factor most accelerates metal fatigue?,Constant steady loads,Load reversals,High temperatures,,Constant steady loads,EASY,,,,REVIEWED,Rans exact context,1,Module 11 Rans.pdf,"{""raw"": ""4. Which factor most accelerates metal fatigue?\nA) Constant steady loads\nB) Load reversals\nC) High temperatures"", ""question"": ""4. Which factor most accelerates metal fatigue?"", ""options"": [""Constant steady loads"", ""Load reversals"", ""High temperatures""], ""correct"": null, ""answer_text"": null, ""category"": null, ""source_file"": ""Module 11 Rans.pdf"", ""source_module"": ""M11A"", ""fmt"": ""pdf"", ""module"": ""M11A"", ""difficulty"": ""EASY""}"
M11A,M11A.11.4(e),,5. What structural component resists longitudinal fuselage loads?,Windows,Skin and longerons,Floor panels,,Skin and longerons,MEDIUM,,,,REVIEWED,Rans exact context,1,Module 11 Rans.pdf,"{""raw"": ""5. What structural component resists longitudinal fuselage loads?\nA) Windows\nB) Skin and longerons\nC) Floor panels\nImage 37 (Fatigue Analysis)"", ""question"": ""5. What structural component resists longitudinal fuselage loads?"", ""options"": [""Windows"", ""Skin and longerons"", ""Floor panels""], ""correct"": null, ""answer_text"": null, ""category"": null, ""source_file"": ""Module 11 Rans.pdf"", ""source_module"": ""M11A"", ""fmt"": ""pdf"", ""module"": ""M11A"", ""syllabusRef"": ""M11A.11.4(e)"", ""level"": null, ""difficulty"": ""MEDIUM""}"
M11A,M11A.11.09,,1. How is fatigue life typically measured?,Pressurization cycles,Flight hours only,Takeoff weight,,Flight hours only,EASY,,,,REVIEWED,Extra KB direct (score=4),1,Module 11 Rans.pdf,"{""raw"": ""1. How is fatigue life typically measured?\nA) Pressurization cycles\nB) Flight hours only\nC) Takeoff weight"", ""question"": ""1. How is fatigue life typically measured?"", ""options"": [""Pressurization cycles"", ""Flight hours only"", ""Takeoff weight""], ""correct"": null, ""answer_text"": null, ""category"": null, ""source_file"": ""Module 11 Rans.pdf"", ""source_module"": ""M11A"", ""fmt"": ""pdf"", ""module"": ""M11A"", ""syllabusRef"": ""M11A.11.09"", ""level"": null, ""difficulty"": ""EASY""}"
M11A,,,2. What does an S/N curve represent?,Stress amplitude vs. endurance cycles,Speed vs. noise levels,Shear vs. normal stress,,Stress amplitude vs. endurance cycles,EASY,,,,REVIEWED,Rans exact context,1,Module 11 Rans.pdf,"{""raw"": ""2. What does an S/N curve represent?\nA) Stress amplitude vs. endurance cycles\nB) Speed vs. noise levels\nC) Shear vs. normal stress"", ""question"": ""2. What does an S/N curve represent?"", ""options"": [""Stress amplitude vs. endurance cycles"", ""Speed vs. noise levels"", ""Shear vs. normal stress""], ""correct"": null, ""answer_text"": null, ""category"": null, ""source_file"": ""Module 11 Rans.pdf"", ""source_module"": ""M11A"", ""fmt"": ""pdf"", ""module"": ""M11A"", ""difficulty"": ""EASY""}"
M11A,M11A.11.4(d),,3. What occurs when a material's elastic limit isn't exceeded in load reversals?,Immediate failure,No permanent deformation,Visible cracking,,Immediate failure,MEDIUM,,,,REVIEWED,Rans exact context,1,Module 11 Rans.pdf,"{""raw"": ""3. What occurs when a material's elastic limit isn't exceeded in load reversals?\nA) Immediate failure\nB) No permanent deformation\nC) Visible cracking"", ""question"": ""3. What occurs when a material's elastic limit isn't exceeded in load reversals?"", ""options"": [""Immediate failure"", ""No permanent deformation"", ""Visible cracking""], ""correct"": null, ""answer_text"": null, ""category"": null, ""source_file"": ""Module 11 Rans.pdf"", ""source_module"": ""M11A"", ""fmt"": ""pdf"", ""module"": ""M11A"", ""syllabusRef"": ""M11A.11.4(d)"", ""level"": null, ""difficulty"": ""MEDIUM""}"
M11A,M11A.11.03,,4. How can fatigue life be extended beyond design limits?,By reducing aircraft weight,Through inspections and component replacements,By flying only short routes,,By reducing aircraft weight,MEDIUM,,,,REVIEWED,Rans exact context,1,Module 11 Rans.pdf,"{""raw"": ""4. How can fatigue life be extended beyond design limits?\nA) By reducing aircraft weight\nB) Through inspections and component replacements\nC) By flying only short routes"", ""question"": ""4. How can fatigue life be extended beyond design limits?"", ""options"": [""By reducing aircraft weight"", ""Through inspections and component replacements"", ""By flying only short routes""], ""correct"": null, ""answer_text"": null, ""category"": null, ""source_file"": ""Module 11 Rans.pdf"", ""source_module"": ""M11A"", ""fmt"": ""pdf"", ""module"": ""M11A"", ""syllabusRef"": ""M11A.11.03"", ""level"": null, ""difficulty"": ""MEDIUM""}"
M11A,,,5. What initiates metal fatigue cracks?,Single overload events,Accumulation of microscopic damage,Exposure to sunlight,,Single overload events,EASY,,,,REVIEWED,Rans exact context,1,Module 11 Rans.pdf,"{""raw"": ""5. What initiates metal fatigue cracks?\nA) Single overload events\nB) Accumulation of microscopic damage\nC) Exposure to sunlight\nImage 38 (Fatigue & EAC)"", ""question"": ""5. What initiates metal fatigue cracks?"", ""options"": [""Single overload events"", ""Accumulation of microscopic damage"", ""Exposure to sunlight""], ""correct"": null, ""answer_text"": null, ""category"": null, ""source_file"": ""Module 11 Rans.pdf"", ""source_module"": ""M11A"", ""fmt"": ""pdf"", ""module"": ""M11A"", ""difficulty"": ""EASY""}"
M11A,M11A.11.2(b),,What three conditions must be present for Environmentally Assisted Cracking,"High temperature, aluminum alloy, static load","Susceptible alloy, sustained ST-direction stress, typical environment","Low humidity, steel components, vibration",,"Susceptible alloy, sustained ST-direction stress, typical environment",MEDIUM,,,,REVIEWED,Rans exact context,1,Module 11 Rans.pdf,"{""raw"": ""1. What three conditions must be present for Environmentally Assisted Cracking\n(EAC)?\nA) High temperature, aluminum alloy, static load\nB) Susceptible alloy, sustained ST-direction stress, typical environment\nC) Low humidity, steel components, vibration"", ""question"": ""What three conditions must be present for Environmentally Assisted Cracking"", ""options"": [""High temperature, aluminum alloy, static load"", ""Susceptible alloy, sustained ST-direction stress, typical environment"", ""Low humidity, steel components, vibration""], ""correct"": null, ""answer_text"": null, ""category"": null, ""source_file"": ""Module 11 Rans.pdf"", ""source_module"": ""M11A"", ""fmt"": ""pdf"", ""module"": ""M11A"", ""syllabusRef"": ""M11A.11.2(b)"", ""level"": null, ""difficulty"": ""MEDIUM""}"
M11A,M11A.11.06,,2. How does fatigue cracking accelerate corrosion?,By increasing electrical conductivity,By exposing unprotected metal surfaces,By generating heat,,By exposing unprotected metal surfaces,MEDIUM,,,,REVIEWED,Rans exact context,1,Module 11 Rans.pdf,"{""raw"": ""2. How does fatigue cracking accelerate corrosion?\nA) By increasing electrical conductivity\nB) By exposing unprotected metal surfaces\nC) By generating heat"", ""question"": ""2. How does fatigue cracking accelerate corrosion?"", ""options"": [""By increasing electrical conductivity"", ""By exposing unprotected metal surfaces"", ""By generating heat""], ""correct"": null, ""answer_text"": null, ""category"": null, ""source_file"": ""Module 11 Rans.pdf"", ""source_module"": ""M11A"", ""fmt"": ""pdf"", ""module"": ""M11A"", ""syllabusRef"": ""M11A.11.06"", ""level"": null, ""difficulty"": ""MEDIUM""}"
M11A,M11A.3.000,,3. What does the fatigue graph (Fig 02.20) show?,Stress amplitude vs. cycle count,Temperature vs. altitude,Corrosion rate vs. material thickness,,Stress amplitude vs. cycle count,EASY,,,,REVIEWED,Rans exact context,1,Module 11 Rans.pdf,"{""raw"": ""3. What does the fatigue graph (Fig 02.20) show?\nA) Stress amplitude vs. cycle count\nB) Temperature vs. altitude\nC) Corrosion rate vs. material thickness"", ""question"": ""3. What does the fatigue graph (Fig 02.20) show?"", ""options"": [""Stress amplitude vs. cycle count"", ""Temperature vs. altitude"", ""Corrosion rate vs. material thickness""], ""correct"": null, ""answer_text"": null, ""category"": null, ""source_file"": ""Module 11 Rans.pdf"", ""source_module"": ""M11A"", ""fmt"": ""pdf"", ""module"": ""M11A"", ""syllabusRef"": ""M11A.3.000"", ""level"": null, ""difficulty"": ""EASY""}"
M11A,,,4. Which alloy series is most susceptible to EAC?,2XXX,5XXX,7XXX,,2XXX,EASY,,,,REVIEWED,Rans exact context,1,Module 11 Rans.pdf,"{""raw"": ""4. Which alloy series is most susceptible to EAC?\nA) 2XXX\nB) 5XXX\nC) 7XXX"", ""question"": ""4. Which alloy series is most susceptible to EAC?"", ""options"": [""2XXX"", ""5XXX"", ""7XXX""], ""correct"": null, ""answer_text"": null, ""category"": null, ""source_file"": ""Module 11 Rans.pdf"", ""source_module"": ""M11A"", ""fmt"": ""pdf"", ""module"": ""M11A"", ""difficulty"": ""EASY""}"
M11A,,,5. What maintenance action helps manage fatigue effects?,Regular non-destructive testing,Painting surfaces annually,Reducing maximum takeoff weight,,Reducing maximum takeoff weight,MEDIUM,,,,REVIEWED,Rans exact context,1,Module 11 Rans.pdf,"{""raw"": ""5. What maintenance action helps manage fatigue effects?\nA) Regular non-destructive testing\nB) Painting surfaces annually\nC) Reducing maximum takeoff weight\nImage 39 (Drainage Systems)"", ""question"": ""5. What maintenance action helps manage fatigue effects?"", ""options"": [""Regular non-destructive testing"", ""Painting surfaces annually"", ""Reducing maximum takeoff weight""], ""correct"": null, ""answer_text"": null, ""category"": null, ""source_file"": ""Module 11 Rans.pdf"", ""source_module"": ""M11A"", ""fmt"": ""pdf"", ""module"": ""M11A"", ""difficulty"": ""MEDIUM""}"
M11A,M11A.11.03,,1. Why are drain valves necessary in pressurized aircraft?,To prevent cabin pressure loss,To improve fuel efficiency,To reduce wing bending,,To prevent cabin pressure loss,MEDIUM,,,,REVIEWED,Rans exact context,1,Module 11 Rans.pdf,"{""raw"": ""1. Why are drain valves necessary in pressurized aircraft?\nA) To prevent cabin pressure loss\nB) To improve fuel efficiency\nC) To reduce wing bending"", ""question"": ""1. Why are drain valves necessary in pressurized aircraft?"", ""options"": [""To prevent cabin pressure loss"", ""To improve fuel efficiency"", ""To reduce wing bending""], ""correct"": null, ""answer_text"": null, ""category"": null, ""source_file"": ""Module 11 Rans.pdf"", ""source_module"": ""M11A"", ""fmt"": ""pdf"", ""module"": ""M11A"", ""syllabusRef"": ""M11A.11.03"", ""level"": null, ""difficulty"": ""MEDIUM""}"
M11A,M11A.11.04,,2. What keeps flapper-type drain valves closed during flight?,Spring tension,Cabin air pressure,Hydraulic pressure,,Cabin air pressure,MEDIUM,,,,REVIEWED,Rans exact context,1,Module 11 Rans.pdf,"{""raw"": ""2. What keeps flapper-type drain valves closed during flight?\nA) Spring tension\nB) Cabin air pressure\nC) Hydraulic pressure"", ""question"": ""2. What keeps flapper-type drain valves closed during flight?"", ""options"": [""Spring tension"", ""Cabin air pressure"", ""Hydraulic pressure""], ""correct"": null, ""answer_text"": null, ""category"": null, ""source_file"": ""Module 11 Rans.pdf"", ""source_module"": ""M11A"", ""fmt"": ""pdf"", ""module"": ""M11A"", ""syllabusRef"": ""M11A.11.04"", ""level"": null, ""difficulty"": ""MEDIUM""}"
M11A,M11A.2.5,,3. Where are external drains typically located on fuselages?,Along the wing leading edge,On the keel (bottom centerline),Near vertical stabilizer,,Along the wing leading edge,MEDIUM,,,,REVIEWED,Rans exact context,1,Module 11 Rans.pdf,"{""raw"": ""3. Where are external drains typically located on fuselages?\nA) Along the wing leading edge\nB) On the keel (bottom centerline)\nC) Near vertical stabilizer"", ""question"": ""3. Where are external drains typically located on fuselages?"", ""options"": [""Along the wing leading edge"", ""On the keel (bottom centerline)"", ""Near vertical stabilizer""], ""correct"": null, ""answer_text"": null, ""category"": null, ""source_file"": ""Module 11 Rans.pdf"", ""source_module"": ""M11A"", ""fmt"": ""pdf"", ""module"": ""M11A"", ""syllabusRef"": ""M11A.2.5"", ""level"": null, ""difficulty"": ""MEDIUM""}"
M11A,M11A.3.000,,4. What is the purpose of levelling compound around drains?,To prevent fluid trapping,To increase structural strength,To reduce aerodynamic drag,,To prevent fluid trapping,MEDIUM,,,,REVIEWED,Rans exact context,1,Module 11 Rans.pdf,"{""raw"": ""4. What is the purpose of levelling compound around drains?\nA) To prevent fluid trapping\nB) To increase structural strength\nC) To reduce aerodynamic drag"", ""question"": ""4. What is the purpose of levelling compound around drains?"", ""options"": [""To prevent fluid trapping"", ""To increase structural strength"", ""To reduce aerodynamic drag""], ""correct"": null, ""answer_text"": null, ""category"": null, ""source_file"": ""Module 11 Rans.pdf"", ""source_module"": ""M11A"", ""fmt"": ""pdf"", ""module"": ""M11A"", ""syllabusRef"": ""M11A.3.000"", ""level"": null, ""difficulty"": ""MEDIUM""}"
M11A,M11A.81.2,,5. Which fluid is NOT typically drained by these systems?,Hydraulic fluid,Jet fuel,Engine oil,,Hydraulic fluid,MEDIUM,,,,REVIEWED,Rans exact context,1,Module 11 Rans.pdf,"{""raw"": ""5. Which fluid is NOT typically drained by these systems?\nA) Hydraulic fluid\nB) Jet fuel\nC) Engine oil\nImage 40 (Drain Valves)"", ""question"": ""5. Which fluid is NOT typically drained by these systems?"", ""options"": [""Hydraulic fluid"", ""Jet fuel"", ""Engine oil""], ""correct"": null, ""answer_text"": null, ""category"": null, ""source_file"": ""Module 11 Rans.pdf"", ""source_module"": ""M11A"", ""fmt"": ""pdf"", ""module"": ""M11A"", ""syllabusRef"": ""M11A.81.2"", ""level"": null, ""difficulty"": ""MEDIUM""}"
M11A,M11A.11.4(d),,1. How does a plunger-type drain valve operate?,Opens during pressurization,Closes when cabin pressure increases,Requires manual operation,,Closes when cabin pressure increases,EASY,,,,REVIEWED,Rans exact context,1,Module 11 Rans.pdf,"{""raw"": ""1. How does a plunger-type drain valve operate?\nA) Opens during pressurization\nB) Closes when cabin pressure increases\nC) Requires manual operation"", ""question"": ""1. How does a plunger-type drain valve operate?"", ""options"": [""Opens during pressurization"", ""Closes when cabin pressure increases"", ""Requires manual operation""], ""correct"": null, ""answer_text"": null, ""category"": null, ""source_file"": ""Module 11 Rans.pdf"", ""source_module"": ""M11A"", ""fmt"": ""pdf"", ""module"": ""M11A"", ""syllabusRef"": ""M11A.11.4(d)"", ""level"": null, ""difficulty"": ""EASY""}"
M11A,M11A.11.03,,2. What happens to drain valves when aircraft are unpressurized?,They remain closed,They open automatically,They require manual override,,They require manual override,MEDIUM,,,,REVIEWED,Rans exact context,1,Module 11 Rans.pdf,"{""raw"": ""2. What happens to drain valves when aircraft are unpressurized?\nA) They remain closed\nB) They open automatically\nC) They require manual override"", ""question"": ""2. What happens to drain valves when aircraft are unpressurized?"", ""options"": [""They remain closed"", ""They open automatically"", ""They require manual override""], ""correct"": null, ""answer_text"": null, ""category"": null, ""source_file"": ""Module 11 Rans.pdf"", ""source_module"": ""M11A"", ""fmt"": ""pdf"", ""module"": ""M11A"", ""syllabusRef"": ""M11A.11.03"", ""level"": null, ""difficulty"": ""MEDIUM""}"
M11A,M11A.11.2(b),,3. What material is commonly used for drain valve seals?,Aluminum,Rubber,Steel,,Aluminum,MEDIUM,,,,REVIEWED,Rans exact context,1,Module 11 Rans.pdf,"{""raw"": ""3. What material is commonly used for drain valve seals?\nA) Aluminum\nB) Rubber\nC) Steel"", ""question"": ""3. What material is commonly used for drain valve seals?"", ""options"": [""Aluminum"", ""Rubber"", ""Steel""], ""correct"": null, ""answer_text"": null, ""category"": null, ""source_file"": ""Module 11 Rans.pdf"", ""source_module"": ""M11A"", ""fmt"": ""pdf"", ""module"": ""M11A"", ""syllabusRef"": ""M11A.11.2(b)"", ""level"": null, ""difficulty"": ""MEDIUM""}"
M11A,M11A.11.2(b),,4. Why are some drain valves spring-loaded?,To ensure positive closure,To reduce maintenance,To increase drainage speed,,To ensure positive closure,EASY,,,,REVIEWED,Rans exact context,1,Module 11 Rans.pdf,"{""raw"": ""4. Why are some drain valves spring-loaded?\nA) To ensure positive closure\nB) To reduce maintenance\nC) To increase drainage speed"", ""question"": ""4. Why are some drain valves spring-loaded?"", ""options"": [""To ensure positive closure"", ""To reduce maintenance"", ""To increase drainage speed""], ""correct"": null, ""answer_text"": null, ""category"": null, ""source_file"": ""Module 11 Rans.pdf"", ""source_module"": ""M11A"", ""fmt"": ""pdf"", ""module"": ""M11A"", ""syllabusRef"": ""M11A.11.2(b)"", ""level"": null, ""difficulty"": ""EASY""}"
M11A,M11A.3.000,,5. What would occur if drain valves failed closed on ground?,Fluid accumulation in structure,Cabin pressure leaks,Improved aerodynamics,,Fluid accumulation in structure,MEDIUM,,,,REVIEWED,Rans exact context,1,Module 11 Rans.pdf,"{""raw"": ""5. What would occur if drain valves failed closed on ground?\nA) Fluid accumulation in structure\nB) Cabin pressure leaks\nC) Improved aerodynamics\nImage 41 (Heated Drains & Ventilation)"", ""question"": ""5. What would occur if drain valves failed closed on ground?"", ""options"": [""Fluid accumulation in structure"", ""Cabin pressure leaks"", ""Improved aerodynamics""], ""correct"": null, ""answer_text"": null, ""category"": null, ""source_file"": ""Module 11 Rans.pdf"", ""source_module"": ""M11A"", ""fmt"": ""pdf"", ""module"": ""M11A"", ""syllabusRef"": ""M11A.3.000"", ""level"": null, ""difficulty"": ""MEDIUM""}"
M11A,M11A.11.2(b),,1. Why are drain masts heated?,To prevent ice blockages,To reduce drag,To detect leaks,,To prevent ice blockages,EASY,,,,REVIEWED,Rans exact context,1,Module 11 Rans.pdf,"{""raw"": ""1. Why are drain masts heated?\nA) To prevent ice blockages\nB) To reduce drag\nC) To detect leaks"", ""question"": ""1. Why are drain masts heated?"", ""options"": [""To prevent ice blockages"", ""To reduce drag"", ""To detect leaks""], ""correct"": null, ""answer_text"": null, ""category"": null, ""source_file"": ""Module 11 Rans.pdf"", ""source_module"": ""M11A"", ""fmt"": ""pdf"", ""module"": ""M11A"", ""syllabusRef"": ""M11A.11.2(b)"", ""level"": null, ""difficulty"": ""EASY""}"
M11A,M11A.11.2(b),,2. Where are heated drain masts typically installed?,Wing leading edges,Fuselage centerline,Vertical stabilizer,,Wing leading edges,MEDIUM,,,,REVIEWED,Rans exact context,1,Module 11 Rans.pdf,"{""raw"": ""2. Where are heated drain masts typically installed?\nA) Wing leading edges\nB) Fuselage centerline\nC) Vertical stabilizer"", ""question"": ""2. Where are heated drain masts typically installed?"", ""options"": [""Wing leading edges"", ""Fuselage centerline"", ""Vertical stabilizer""], ""correct"": null, ""answer_text"": null, ""category"": null, ""source_file"": ""Module 11 Rans.pdf"", ""source_module"": ""M11A"", ""fmt"": ""pdf"", ""module"": ""M11A"", ""syllabusRef"": ""M11A.11.2(b)"", ""level"": null, ""difficulty"": ""MEDIUM""}"
M11A,M11A.81.2,,3. What is the purpose of internal drain paths?,Direct fluids to external drains,Provide emergency fuel routes,Cool electronic components,,Direct fluids to external drains,EASY,,,,REVIEWED,Rans exact context,1,Module 11 Rans.pdf,"{""raw"": ""3. What is the purpose of internal drain paths?\nA) Direct fluids to external drains\nB) Provide emergency fuel routes\nC) Cool electronic components"", ""question"": ""3. What is the purpose of internal drain paths?"", ""options"": [""Direct fluids to external drains"", ""Provide emergency fuel routes"", ""Cool electronic components""], ""correct"": null, ""answer_text"": null, ""category"": null, ""source_file"": ""Module 11 Rans.pdf"", ""source_module"": ""M11A"", ""fmt"": ""pdf"", ""module"": ""M11A"", ""syllabusRef"": ""M11A.81.2"", ""level"": null, ""difficulty"": ""EASY""}"
M11A,M11A.11.4(e),,4. Why is ventilation important in structural cavities?,Prevent flammable vapor buildup,Reduce cabin noise,Improve pressurization,,Prevent flammable vapor buildup,MEDIUM,,,,REVIEWED,Rans exact context,1,Module 11 Rans.pdf,"{""raw"": ""4. Why is ventilation important in structural cavities?\nA) Prevent flammable vapor buildup\nB) Reduce cabin noise\nC) Improve pressurization"", ""question"": ""4. Why is ventilation important in structural cavities?"", ""options"": [""Prevent flammable vapor buildup"", ""Reduce cabin noise"", ""Improve pressurization""], ""correct"": null, ""answer_text"": null, ""category"": null, ""source_file"": ""Module 11 Rans.pdf"", ""source_module"": ""M11A"", ""fmt"": ""pdf"", ""module"": ""M11A"", ""syllabusRef"": ""M11A.11.4(e)"", ""level"": null, ""difficulty"": ""MEDIUM""}"
M11A,M11A.11.05,,5. How are engine cowlings ventilated?,Ram air inlets/outlets,Electric fans,Bleed air systems,,Ram air inlets/outlets,EASY,,,,REVIEWED,Rans exact context,1,Module 11 Rans.pdf,"{""raw"": ""5. How are engine cowlings ventilated?\nA) Ram air inlets/outlets\nB) Electric fans\nC) Bleed air systems\nImage 42 (System Installation & Construction)"", ""question"": ""5. How are engine cowlings ventilated?"", ""options"": [""Ram air inlets/outlets"", ""Electric fans"", ""Bleed air systems""], ""correct"": null, ""answer_text"": null, ""category"": null, ""source_file"": ""Module 11 Rans.pdf"", ""source_module"": ""M11A"", ""fmt"": ""pdf"", ""module"": ""M11A"", ""syllabusRef"": ""M11A.11.05"", ""level"": null, ""difficulty"": ""EASY""}"
M11A,M11A.11.9(c),,1. What is a key advantage of modern system bays?,Easier LRU replacement,Reduced inspection requirements,Lighter structure,,Easier LRU replacement,EASY,,,,REVIEWED,Rans exact context,1,Module 11 Rans.pdf,"{""raw"": ""1. What is a key advantage of modern system bays?\nA) Easier LRU replacement\nB) Reduced inspection requirements\nC) Lighter structure"", ""question"": ""1. What is a key advantage of modern system bays?"", ""options"": [""Easier LRU replacement"", ""Reduced inspection requirements"", ""Lighter structure""], ""correct"": null, ""answer_text"": null, ""category"": null, ""source_file"": ""Module 11 Rans.pdf"", ""source_module"": ""M11A"", ""fmt"": ""pdf"", ""module"": ""M11A"", ""syllabusRef"": ""M11A.11.9(c)"", ""level"": null, ""difficulty"": ""EASY""}"
M11A,M11A.11.2(b),,2. What characterizes stressed-skin construction?,Skin carries structural loads,Fabric covering provides strength,Internal framework bears all loads,,Skin carries structural loads,EASY,,,,REVIEWED,Rans exact context,1,Module 11 Rans.pdf,"{""raw"": ""2. What characterizes stressed-skin construction?\nA) Skin carries structural loads\nB) Fabric covering provides strength\nC) Internal framework bears all loads"", ""question"": ""2. What characterizes stressed-skin construction?"", ""options"": [""Skin carries structural loads"", ""Fabric covering provides strength"", ""Internal framework bears all loads""], ""correct"": null, ""answer_text"": null, ""category"": null, ""source_file"": ""Module 11 Rans.pdf"", ""source_module"": ""M11A"", ""fmt"": ""pdf"", ""module"": ""M11A"", ""syllabusRef"": ""M11A.11.2(b)"", ""level"": null, ""difficulty"": ""EASY""}"
M11A,M11A.11.03,,3. What was the primary purpose of fabric covering in early aircraft?,Streamlining only,Structural support,Thermal insulation,,Structural support,MEDIUM,,,,REVIEWED,Rans exact context,1,Module 11 Rans.pdf,"{""raw"": ""3. What was the primary purpose of fabric covering in early aircraft?\nA) Streamlining only\nB) Structural support\nC) Thermal insulation"", ""question"": ""3. What was the primary purpose of fabric covering in early aircraft?"", ""options"": [""Streamlining only"", ""Structural support"", ""Thermal insulation""], ""correct"": null, ""answer_text"": null, ""category"": null, ""source_file"": ""Module 11 Rans.pdf"", ""source_module"": ""M11A"", ""fmt"": ""pdf"", ""module"": ""M11A"", ""syllabusRef"": ""M11A.11.03"", ""level"": null, ""difficulty"": ""MEDIUM""}"
M11A,M11A.11.2(b),,4. Which structural member runs longitudinally in truss construction?,Longerons,Ribs,Spars,,Longerons,MEDIUM,,,,REVIEWED,Rans exact context,1,Module 11 Rans.pdf,"{""raw"": ""4. Which structural member runs longitudinally in truss construction?\nA) Longerons\nB) Ribs\nC) Spars"", ""question"": ""4. Which structural member runs longitudinally in truss construction?"", ""options"": [""Longerons"", ""Ribs"", ""Spars""], ""correct"": null, ""answer_text"": null, ""category"": null, ""source_file"": ""Module 11 Rans.pdf"", ""source_module"": ""M11A"", ""fmt"": ""pdf"", ""module"": ""M11A"", ""syllabusRef"": ""M11A.11.2(b)"", ""level"": null, ""difficulty"": ""MEDIUM""}"
M11A,M11A.11.03,,5. What makes maintenance difficult on older aircraft?,Components scattered throughout airframe,Lack of access panels,Over-reliance on composite materials,,Components scattered throughout airframe,MEDIUM,,,,REVIEWED,Rans exact context,1,Module 11 Rans.pdf,"{""raw"": ""5. What makes maintenance difficult on older aircraft?\nA) Components scattered throughout airframe\nB) Lack of access panels\nC) Over-reliance on composite materials\nImage 44 (Monocoque/Semi-Monocoque Construction)"", ""question"": ""5. What makes maintenance difficult on older aircraft?"", ""options"": [""Components scattered throughout airframe"", ""Lack of access panels"", ""Over-reliance on composite materials""], ""correct"": null, ""answer_text"": null, ""category"": null, ""source_file"": ""Module 11 Rans.pdf"", ""source_module"": ""M11A"", ""fmt"": ""pdf"", ""module"": ""M11A"", ""syllabusRef"": ""M11A.11.03"", ""level"": null, ""difficulty"": ""MEDIUM""}"
M11A,M11A.11.9(a),,semi-monocoque construction?,Monocoque uses external bracing wires,Semi-monocoque combines stressed skin with internal framework,Monocoque relies entirely on bulkheads,,Semi-monocoque combines stressed skin with internal framework,EASY,1. What is the primary structural difference between monocoque and,,,REVIEWED,Extra KB direct (score=4),1,Module 11 Rans.pdf,"{""raw"": ""1. What is the primary structural difference between monocoque and\nsemi-monocoque construction?\nA) Monocoque uses external bracing wires\nB) Semi-monocoque combines stressed skin with internal framework\nC) Monocoque relies entirely on bulkheads"", ""question"": ""semi-monocoque construction?"", ""options"": [""Monocoque uses external bracing wires"", ""Semi-monocoque combines stressed skin with internal framework"", ""Monocoque relies entirely on bulkheads""], ""correct"": null, ""answer_text"": null, ""category"": ""1. What is the primary structural difference between monocoque and"", ""source_file"": ""Module 11 Rans.pdf"", ""source_module"": ""M11A"", ""fmt"": ""pdf"", ""module"": ""M11A"", ""syllabusRef"": ""M11A.11.9(a)"", ""level"": null, ""difficulty"": ""EASY""}"
M11A,M11A.11.04,,2. Where would you typically find a pressurization bulkhead?,At the rear of the cargo hold,Ahead of the flight deck and at the pressure cabin rear,On wing leading edges,,Ahead of the flight deck and at the pressure cabin rear,MEDIUM,,,,REVIEWED,Rans exact context,1,Module 11 Rans.pdf,"{""raw"": ""2. Where would you typically find a pressurization bulkhead?\nA) At the rear of the cargo hold\nB) Ahead of the flight deck and at the pressure cabin rear\nC) On wing leading edges"", ""question"": ""2. Where would you typically find a pressurization bulkhead?"", ""options"": [""At the rear of the cargo hold"", ""Ahead of the flight deck and at the pressure cabin rear"", ""On wing leading edges""], ""correct"": null, ""answer_text"": null, ""category"": null, ""source_file"": ""Module 11 Rans.pdf"", ""source_module"": ""M11A"", ""fmt"": ""pdf"", ""module"": ""M11A"", ""syllabusRef"": ""M11A.11.04"", ""level"": null, ""difficulty"": ""MEDIUM""}"
M11A,M11A.11.06,,3. What is the main function of fuselage frames?,Provide attachment points for wings and tail surfaces,Carry all pressurization loads,Support electrical wiring,,Carry all pressurization loads,EASY,,,,REVIEWED,Extra KB direct (score=4),1,Module 11 Rans.pdf,"{""raw"": ""3. What is the main function of fuselage frames?\nA) Provide attachment points for wings and tail surfaces\nB) Carry all pressurization loads\nC) Support electrical wiring"", ""question"": ""3. What is the main function of fuselage frames?"", ""options"": [""Provide attachment points for wings and tail surfaces"", ""Carry all pressurization loads"", ""Support electrical wiring""], ""correct"": null, ""answer_text"": null, ""category"": null, ""source_file"": ""Module 11 Rans.pdf"", ""source_module"": ""M11A"", ""fmt"": ""pdf"", ""module"": ""M11A"", ""syllabusRef"": ""M11A.11.06"", ""level"": null, ""difficulty"": ""EASY""}"
M11A,,,4. Which component provides localized reinforcement around doors/windows?,Stringers,Longerons,Formers,,Stringers,MEDIUM,,,,REVIEWED,Rans exact context,1,Module 11 Rans.pdf,"{""raw"": ""4. Which component provides localized reinforcement around doors/windows?\nA) Stringers\nB) Longerons\nC) Formers"", ""question"": ""4. Which component provides localized reinforcement around doors/windows?"", ""options"": [""Stringers"", ""Longerons"", ""Formers""], ""correct"": null, ""answer_text"": null, ""category"": null, ""source_file"": ""Module 11 Rans.pdf"", ""source_module"": ""M11A"", ""fmt"": ""pdf"", ""module"": ""M11A"", ""difficulty"": ""MEDIUM""}"
M11A,M11A.81.2,,5. What type of bulkhead would be found in an engine nacelle?,Pressure bulkhead,Firewall,Fuel tank bulkhead,,Fuel tank bulkhead,MEDIUM,,,,REVIEWED,Rans exact context,1,Module 11 Rans.pdf,"{""raw"": ""5. What type of bulkhead would be found in an engine nacelle?\nA) Pressure bulkhead\nB) Firewall\nC) Fuel tank bulkhead\nImage 45 (Stringers & Doublers)"", ""question"": ""5. What type of bulkhead would be found in an engine nacelle?"", ""options"": [""Pressure bulkhead"", ""Firewall"", ""Fuel tank bulkhead""], ""correct"": null, ""answer_text"": null, ""category"": null, ""source_file"": ""Module 11 Rans.pdf"", ""source_module"": ""M11A"", ""fmt"": ""pdf"", ""module"": ""M11A"", ""syllabusRef"": ""M11A.81.2"", ""level"": null, ""difficulty"": ""MEDIUM""}"
M11A,M11A.11.9(a),,1. What is the primary purpose of stringers?,Provide longitudinal shape and skin support,Transfer landing gear loads,Seal pressure boundaries,,Provide longitudinal shape and skin support,EASY,,,,REVIEWED,Rans exact context,1,Module 11 Rans.pdf,"{""raw"": ""1. What is the primary purpose of stringers?\nA) Provide longitudinal shape and skin support\nB) Transfer landing gear loads\nC) Seal pressure boundaries"", ""question"": ""1. What is the primary purpose of stringers?"", ""options"": [""Provide longitudinal shape and skin support"", ""Transfer landing gear loads"", ""Seal pressure boundaries""], ""correct"": null, ""answer_text"": null, ""category"": null, ""source_file"": ""Module 11 Rans.pdf"", ""source_module"": ""M11A"", ""fmt"": ""pdf"", ""module"": ""M11A"", ""syllabusRef"": ""M11A.11.9(a)"", ""level"": null, ""difficulty"": ""EASY""}"
M11A,M11A.11.04,,2. Where would a doubler plate most likely be used?,At skin joints or around small apertures,On control surface leading edges,Over entire wing upper surfaces,,At skin joints or around small apertures,MEDIUM,,,,REVIEWED,Rans exact context,1,Module 11 Rans.pdf,"{""raw"": ""2. Where would a doubler plate most likely be used?\nA) At skin joints or around small apertures\nB) On control surface leading edges\nC) Over entire wing upper surfaces"", ""question"": ""2. Where would a doubler plate most likely be used?"", ""options"": [""At skin joints or around small apertures"", ""On control surface leading edges"", ""Over entire wing upper surfaces""], ""correct"": null, ""answer_text"": null, ""category"": null, ""source_file"": ""Module 11 Rans.pdf"", ""source_module"": ""M11A"", ""fmt"": ""pdf"", ""module"": ""M11A"", ""syllabusRef"": ""M11A.11.04"", ""level"": null, ""difficulty"": ""MEDIUM""}"
M11A,M11A.2.5,,3. How are stringers typically attached to frames?,With fillets or gussets,Using explosive rivets,Through adhesive bonding only,,Using explosive rivets,MEDIUM,,,,REVIEWED,Rans exact context,1,Module 11 Rans.pdf,"{""raw"": ""3. How are stringers typically attached to frames?\nA) With fillets or gussets\nB) Using explosive rivets\nC) Through adhesive bonding only"", ""question"": ""3. How are stringers typically attached to frames?"", ""options"": [""With fillets or gussets"", ""Using explosive rivets"", ""Through adhesive bonding only""], ""correct"": null, ""answer_text"": null, ""category"": null, ""source_file"": ""Module 11 Rans.pdf"", ""source_module"": ""M11A"", ""fmt"": ""pdf"", ""module"": ""M11A"", ""syllabusRef"": ""M11A.2.5"", ""level"": null, ""difficulty"": ""MEDIUM""}"
M11A,M11A.11.2(b),,4. What determines the amount of structural reinforcement needed?,Local stress concentrations,Paint thickness requirements,Passenger capacity,,Local stress concentrations,MEDIUM,,,,REVIEWED,Rans exact context,1,Module 11 Rans.pdf,"{""raw"": ""4. What determines the amount of structural reinforcement needed?\nA) Local stress concentrations\nB) Paint thickness requirements\nC) Passenger capacity"", ""question"": ""4. What determines the amount of structural reinforcement needed?"", ""options"": [""Local stress concentrations"", ""Paint thickness requirements"", ""Passenger capacity""], ""correct"": null, ""answer_text"": null, ""category"": null, ""source_file"": ""Module 11 Rans.pdf"", ""source_module"": ""M11A"", ""fmt"": ""pdf"", ""module"": ""M11A"", ""syllabusRef"": ""M11A.11.2(b)"", ""level"": null, ""difficulty"": ""MEDIUM""}"
M11A,M11A.2.5,,5. Which statement about longerons is correct?,They are lighter than stringers,They interconnect high-load points like landing gear attachments,They are only used in monocoque designs,,They interconnect high-load points like landing gear attachments,EASY,,,,REVIEWED,Rans exact context,1,Module 11 Rans.pdf,"{""raw"": ""5. Which statement about longerons is correct?\nA) They are lighter than stringers\nB) They interconnect high-load points like landing gear attachments\nC) They are only used in monocoque designs\nImage 46 (Struts & Floor Structures)"", ""question"": ""5. Which statement about longerons is correct?"", ""options"": [""They are lighter than stringers"", ""They interconnect high-load points like landing gear attachments"", ""They are only used in monocoque designs""], ""correct"": null, ""answer_text"": null, ""category"": null, ""source_file"": ""Module 11 Rans.pdf"", ""source_module"": ""M11A"", ""fmt"": ""pdf"", ""module"": ""M11A"", ""syllabusRef"": ""M11A.2.5"", ""level"": null, ""difficulty"": ""EASY""}"
M11A,M11A.11.2(b),,1. What is the function of a structural strut?,Resist tensile loads only,Resist compressive loads only,Transfer torsional loads,,Resist tensile loads only,EASY,,,,REVIEWED,Rans exact context,1,Module 11 Rans.pdf,"{""raw"": ""1. What is the function of a structural strut?\nA) Resist tensile loads only\nB) Resist compressive loads only\nC) Transfer torsional loads"", ""question"": ""1. What is the function of a structural strut?"", ""options"": [""Resist tensile loads only"", ""Resist compressive loads only"", ""Transfer torsional loads""], ""correct"": null, ""answer_text"": null, ""category"": null, ""source_file"": ""Module 11 Rans.pdf"", ""source_module"": ""M11A"", ""fmt"": ""pdf"", ""module"": ""M11A"", ""syllabusRef"": ""M11A.11.2(b)"", ""level"": null, ""difficulty"": ""EASY""}"
M11A,M11A.11.4,,2. Where are cabin floor beams typically located?,Only longitudinally along the fuselage,Laterally and longitudinally,Exclusively under galleys,,Only longitudinally along the fuselage,EASY,,,,REVIEWED,Rans exact context,1,Module 11 Rans.pdf,"{""raw"": ""2. Where are cabin floor beams typically located?\nA) Only longitudinally along the fuselage\nB) Laterally and longitudinally\nC) Exclusively under galleys"", ""question"": ""2. Where are cabin floor beams typically located?"", ""options"": [""Only longitudinally along the fuselage"", ""Laterally and longitudinally"", ""Exclusively under galleys""], ""correct"": null, ""answer_text"": null, ""category"": null, ""source_file"": ""Module 11 Rans.pdf"", ""source_module"": ""M11A"", ""fmt"": ""pdf"", ""module"": ""M11A"", ""syllabusRef"": ""M11A.11.4"", ""level"": null, ""difficulty"": ""EASY""}"
M11A,M11A.11.4,,3. What material is commonly used for modern cabin flooring?,Solid steel plates,Composite honeycomb panels,Wooden planks,,Solid steel plates,MEDIUM,,,,REVIEWED,Rans exact context,1,Module 11 Rans.pdf,"{""raw"": ""3. What material is commonly used for modern cabin flooring?\nA) Solid steel plates\nB) Composite honeycomb panels\nC) Wooden planks"", ""question"": ""3. What material is commonly used for modern cabin flooring?"", ""options"": [""Solid steel plates"", ""Composite honeycomb panels"", ""Wooden planks""], ""correct"": null, ""answer_text"": null, ""category"": null, ""source_file"": ""Module 11 Rans.pdf"", ""source_module"": ""M11A"", ""fmt"": ""pdf"", ""module"": ""M11A"", ""syllabusRef"": ""M11A.11.4"", ""level"": null, ""difficulty"": ""MEDIUM""}"
M11A,,,"4. In a biplane, what components handle tensile loads?",Struts,Flying wires,Spar caps,,Flying wires,MEDIUM,,,,REVIEWED,Rans exact context,1,Module 11 Rans.pdf,"{""raw"": ""4. In a biplane, what components handle tensile loads?\nA) Struts\nB) Flying wires\nC) Spar caps"", ""question"": ""4. In a biplane, what components handle tensile loads?"", ""options"": [""Struts"", ""Flying wires"", ""Spar caps""], ""correct"": null, ""answer_text"": null, ""category"": null, ""source_file"": ""Module 11 Rans.pdf"", ""source_module"": ""M11A"", ""fmt"": ""pdf"", ""module"": ""M11A"", ""difficulty"": ""MEDIUM""}"
M11A,M11A.81.2,,5. Why are floor beams considered primary structure?,They support seat attachments,They form fuel tank boundaries,They carry pressurization loads,,They form fuel tank boundaries,MEDIUM,,,,REVIEWED,Rans exact context,1,Module 11 Rans.pdf,"{""raw"": ""5. Why are floor beams considered primary structure?\nA) They support seat attachments\nB) They form fuel tank boundaries\nC) They carry pressurization loads\nImage 47 (Skinning Methods)"", ""question"": ""5. Why are floor beams considered primary structure?"", ""options"": [""They support seat attachments"", ""They form fuel tank boundaries"", ""They carry pressurization loads""], ""correct"": null, ""answer_text"": null, ""category"": null, ""source_file"": ""Module 11 Rans.pdf"", ""source_module"": ""M11A"", ""fmt"": ""pdf"", ""module"": ""M11A"", ""syllabusRef"": ""M11A.81.2"", ""level"": null, ""difficulty"": ""MEDIUM""}"
M11A,M11A.11.2(b),,1. What is the main advantage of milled skins?,Uniform thickness for easier repair,Precise thickness variations with minimal weight,Lower production costs,,Precise thickness variations with minimal weight,EASY,,,,REVIEWED,Rans exact context,1,Module 11 Rans.pdf,"{""raw"": ""1. What is the main advantage of milled skins?\nA) Uniform thickness for easier repair\nB) Precise thickness variations with minimal weight\nC) Lower production costs"", ""question"": ""1. What is the main advantage of milled skins?"", ""options"": [""Uniform thickness for easier repair"", ""Precise thickness variations with minimal weight"", ""Lower production costs""], ""correct"": null, ""answer_text"": null, ""category"": null, ""source_file"": ""Module 11 Rans.pdf"", ""source_module"": ""M11A"", ""fmt"": ""pdf"", ""module"": ""M11A"", ""syllabusRef"": ""M11A.11.2(b)"", ""level"": null, ""difficulty"": ""EASY""}"
M11A,M11A.2.5,,"2. How are ""waffle plates"" produced?",By chemical etching,By explosive forming,By 3D printing,,By chemical etching,EASY,,,,REVIEWED,Rans exact context,1,Module 11 Rans.pdf,"{""raw"": ""2. How are \""waffle plates\"" produced?\nA) By chemical etching\nB) By explosive forming\nC) By 3D printing"", ""question"": ""2. How are \""waffle plates\"" produced?"", ""options"": [""By chemical etching"", ""By explosive forming"", ""By 3D printing""], ""correct"": null, ""answer_text"": null, ""category"": null, ""source_file"": ""Module 11 Rans.pdf"", ""source_module"": ""M11A"", ""fmt"": ""pdf"", ""module"": ""M11A"", ""syllabusRef"": ""M11A.2.5"", ""level"": null, ""difficulty"": ""EASY""}"
M11A,,,3. What problem does tapered skin thickness address?,Excessive paint weight,Unnecessary material in low-stress areas,Lightning strike vulnerability,,Unnecessary material in low-stress areas,MEDIUM,,,,REVIEWED,Rans exact context,1,Module 11 Rans.pdf,"{""raw"": ""3. What problem does tapered skin thickness address?\nA) Excessive paint weight\nB) Unnecessary material in low-stress areas\nC) Lightning strike vulnerability"", ""question"": ""3. What problem does tapered skin thickness address?"", ""options"": [""Excessive paint weight"", ""Unnecessary material in low-stress areas"", ""Lightning strike vulnerability""], ""correct"": null, ""answer_text"": null, ""category"": null, ""source_file"": ""Module 11 Rans.pdf"", ""source_module"": ""M11A"", ""fmt"": ""pdf"", ""module"": ""M11A"", ""difficulty"": ""MEDIUM""}"
M11A,M11A.11.03,,4. Which aircraft would most likely use simple riveted aluminum skins?,Modern wide-body jets,Light general aviation aircraft,Supersonic fighters,,Light general aviation aircraft,MEDIUM,,,,REVIEWED,Rans exact context,1,Module 11 Rans.pdf,"{""raw"": ""4. Which aircraft would most likely use simple riveted aluminum skins?\nA) Modern wide-body jets\nB) Light general aviation aircraft\nC) Supersonic fighters"", ""question"": ""4. Which aircraft would most likely use simple riveted aluminum skins?"", ""options"": [""Modern wide-body jets"", ""Light general aviation aircraft"", ""Supersonic fighters""], ""correct"": null, ""answer_text"": null, ""category"": null, ""source_file"": ""Module 11 Rans.pdf"", ""source_module"": ""M11A"", ""fmt"": ""pdf"", ""module"": ""M11A"", ""syllabusRef"": ""M11A.11.03"", ""level"": null, ""difficulty"": ""MEDIUM""}"
M11A,M11A.13.1(b),,5. What characteristic does chemical etching ensure?,No stress raisers,Perfect aerodynamic smoothness,Built-in corrosion resistance,,Perfect aerodynamic smoothness,MEDIUM,,,,REVIEWED,Rans exact context,1,Module 11 Rans.pdf,"{""raw"": ""5. What characteristic does chemical etching ensure?\nA) No stress raisers\nB) Perfect aerodynamic smoothness\nC) Built-in corrosion resistance\nImage 48 (Corrosion Protection)"", ""question"": ""5. What characteristic does chemical etching ensure?"", ""options"": [""No stress raisers"", ""Perfect aerodynamic smoothness"", ""Built-in corrosion resistance""], ""correct"": null, ""answer_text"": null, ""category"": null, ""source_file"": ""Module 11 Rans.pdf"", ""source_module"": ""M11A"", ""fmt"": ""pdf"", ""module"": ""M11A"", ""syllabusRef"": ""M11A.13.1(b)"", ""level"": null, ""difficulty"": ""MEDIUM""}"
M11A,M11A.11.06,,1. What is the purpose of sacrificial coatings?,Provide decorative finish,Retard corrosion onset,Increase electrical conductivity,,Retard corrosion onset,EASY,,,,REVIEWED,Rans exact context,1,Module 11 Rans.pdf,"{""raw"": ""1. What is the purpose of sacrificial coatings?\nA) Provide decorative finish\nB) Retard corrosion onset\nC) Increase electrical conductivity"", ""question"": ""1. What is the purpose of sacrificial coatings?"", ""options"": [""Provide decorative finish"", ""Retard corrosion onset"", ""Increase electrical conductivity""], ""correct"": null, ""answer_text"": null, ""category"": null, ""source_file"": ""Module 11 Rans.pdf"", ""source_module"": ""M11A"", ""fmt"": ""pdf"", ""module"": ""M11A"", ""syllabusRef"": ""M11A.11.06"", ""level"": null, ""difficulty"": ""EASY""}"
M11A,M11A.11.4(b),,2. Which corrosion type follows metal grain boundaries?,Uniform surface corrosion,Pitting corrosion,Intergranular corrosion,,Uniform surface corrosion,MEDIUM,,,,REVIEWED,Rans exact context,1,Module 11 Rans.pdf,"{""raw"": ""2. Which corrosion type follows metal grain boundaries?\nA) Uniform surface corrosion\nB) Pitting corrosion\nC) Intergranular corrosion"", ""question"": ""2. Which corrosion type follows metal grain boundaries?"", ""options"": [""Uniform surface corrosion"", ""Pitting corrosion"", ""Intergranular corrosion""], ""correct"": null, ""answer_text"": null, ""category"": null, ""source_file"": ""Module 11 Rans.pdf"", ""source_module"": ""M11A"", ""fmt"": ""pdf"", ""module"": ""M11A"", ""syllabusRef"": ""M11A.11.4(b)"", ""level"": null, ""difficulty"": ""MEDIUM""}"
M11A,,,3. What maintenance practice helps prevent corrosion?,Keeping protective coatings intact,Operating only in dry climates,Using unpainted surfaces,,Keeping protective coatings intact,MEDIUM,,,,REVIEWED,Rans exact context,1,Module 11 Rans.pdf,"{""raw"": ""3. What maintenance practice helps prevent corrosion?\nA) Keeping protective coatings intact\nB) Operating only in dry climates\nC) Using unpainted surfaces"", ""question"": ""3. What maintenance practice helps prevent corrosion?"", ""options"": [""Keeping protective coatings intact"", ""Operating only in dry climates"", ""Using unpainted surfaces""], ""correct"": null, ""answer_text"": null, ""category"": null, ""source_file"": ""Module 11 Rans.pdf"", ""source_module"": ""M11A"", ""fmt"": ""pdf"", ""module"": ""M11A"", ""difficulty"": ""MEDIUM""}"
M11A,M11A.11.2(b),,4. Why are drain holes important for corrosion control?,Prevent fluid accumulation,Reduce aerodynamic drag,Improve radio reception,,Prevent fluid accumulation,MEDIUM,,,,REVIEWED,Rans exact context,1,Module 11 Rans.pdf,"{""raw"": ""4. Why are drain holes important for corrosion control?\nA) Prevent fluid accumulation\nB) Reduce aerodynamic drag\nC) Improve radio reception"", ""question"": ""4. Why are drain holes important for corrosion control?"", ""options"": [""Prevent fluid accumulation"", ""Reduce aerodynamic drag"", ""Improve radio reception""], ""correct"": null, ""answer_text"": null, ""category"": null, ""source_file"": ""Module 11 Rans.pdf"", ""source_module"": ""M11A"", ""fmt"": ""pdf"", ""module"": ""M11A"", ""syllabusRef"": ""M11A.11.2(b)"", ""level"": null, ""difficulty"": ""MEDIUM""}"
M11A,,,5. What aggravates corrosion damage most?,Low humidity,Combined with mechanical stresses,Exposure to sunlight,,Combined with mechanical stresses,EASY,,,,REVIEWED,Rans exact context,1,Module 11 Rans.pdf,"{""raw"": ""5. What aggravates corrosion damage most?\nA) Low humidity\nB) Combined with mechanical stresses\nC) Exposure to sunlight\nImage 49 (Page 97)"", ""question"": ""5. What aggravates corrosion damage most?"", ""options"": [""Low humidity"", ""Combined with mechanical stresses"", ""Exposure to sunlight""], ""correct"": null, ""answer_text"": null, ""category"": null, ""source_file"": ""Module 11 Rans.pdf"", ""source_module"": ""M11A"", ""fmt"": ""pdf"", ""module"": ""M11A"", ""difficulty"": ""EASY""}"
M11A,M11A.11.9(a),,1. What is the primary purpose of navigation lights on aircraft?,To illuminate the cabin for passenger comfort,To mark the extremities and provide position reference,To signal ground crew during maintenance,,To illuminate the cabin for passenger comfort,MEDIUM,,,,REVIEWED,Rans exact context,1,Module 11 Rans.pdf,"{""raw"": ""1. What is the primary purpose of navigation lights on aircraft?\na) To illuminate the cabin for passenger comfort\nb) To mark the extremities and provide position reference\nc) To signal ground crew during maintenance"", ""question"": ""1. What is the primary purpose of navigation lights on aircraft?"", ""options"": [""To illuminate the cabin for passenger comfort"", ""To mark the extremities and provide position reference"", ""To signal ground crew during maintenance""], ""correct"": null, ""answer_text"": null, ""category"": null, ""source_file"": ""Module 11 Rans.pdf"", ""source_module"": ""M11A"", ""fmt"": ""pdf"", ""module"": ""M11A"", ""syllabusRef"": ""M11A.11.9(a)"", ""level"": null, ""difficulty"": ""MEDIUM""}"
M11A,M11A.11.7(a),,2. Which category do take-off and landing lights belong to?,Always-on navigation beacons,Lights used only during ground operations,Emergency illumination systems,,Lights used only during ground operations,MEDIUM,,,,REVIEWED,Rans exact context,1,Module 11 Rans.pdf,"{""raw"": ""2. Which category do take-off and landing lights belong to?\na) Always-on navigation beacons\nb) Lights used only during ground operations\nc) Emergency illumination systems"", ""question"": ""2. Which category do take-off and landing lights belong to?"", ""options"": [""Always-on navigation beacons"", ""Lights used only during ground operations"", ""Emergency illumination systems""], ""correct"": null, ""answer_text"": null, ""category"": null, ""source_file"": ""Module 11 Rans.pdf"", ""source_module"": ""M11A"", ""fmt"": ""pdf"", ""module"": ""M11A"", ""syllabusRef"": ""M11A.11.7(a)"", ""level"": null, ""difficulty"": ""MEDIUM""}"
M11A,M11A.11.4(d),,3. When are navigation lights typically illuminated?,during takeoff and landing,when the aircraft is on the ground,Whenever the aircraft is in operation,,Whenever the aircraft is in operation,MEDIUM,,,,REVIEWED,Rans exact context,1,Module 11 Rans.pdf,"{""raw"": ""3. When are navigation lights typically illuminated?\na) during takeoff and landing\nb) when the aircraft is on the ground\nc) Whenever the aircraft is in operation"", ""question"": ""3. When are navigation lights typically illuminated?"", ""options"": [""during takeoff and landing"", ""when the aircraft is on the ground"", ""Whenever the aircraft is in operation""], ""correct"": null, ""answer_text"": null, ""category"": null, ""source_file"": ""Module 11 Rans.pdf"", ""source_module"": ""M11A"", ""fmt"": ""pdf"", ""module"": ""M11A"", ""syllabusRef"": ""M11A.11.4(d)"", ""level"": null, ""difficulty"": ""MEDIUM""}"
M11A,M11A.11.03,,4. What is the purpose of wing illumination lights?,To assist in ice inspection,To provide fuselage lighting,To signal other aircraft,,To assist in ice inspection,MEDIUM,,,,REVIEWED,Rans exact context,1,Module 11 Rans.pdf,"{""raw"": ""4. What is the purpose of wing illumination lights?\na) To assist in ice inspection\nb) To provide fuselage lighting\nc) To signal other aircraft"", ""question"": ""4. What is the purpose of wing illumination lights?"", ""options"": [""To assist in ice inspection"", ""To provide fuselage lighting"", ""To signal other aircraft""], ""correct"": null, ""answer_text"": null, ""category"": null, ""source_file"": ""Module 11 Rans.pdf"", ""source_module"": ""M11A"", ""fmt"": ""pdf"", ""module"": ""M11A"", ""syllabusRef"": ""M11A.11.03"", ""level"": null, ""difficulty"": ""MEDIUM""}"
M11A,M11A.11.03,,5. Which of these is NOT a function of external aircraft lighting?,Assisting in emergency evacuations,Providing lateral illumination during taxiing,Powering the aircraft's electrical systems,,Providing lateral illumination during taxiing,MEDIUM,,,,REVIEWED,Rans exact context,1,Module 11 Rans.pdf,"{""raw"": ""5. Which of these is NOT a function of external aircraft lighting?\na) Assisting in emergency evacuations\nb) Providing lateral illumination during taxiing\nc) Powering the aircraft's electrical systems\nPage 2: Navigation Lights (Specific)"", ""question"": ""5. Which of these is NOT a function of external aircraft lighting?"", ""options"": [""Assisting in emergency evacuations"", ""Providing lateral illumination during taxiing"", ""Powering the aircraft's electrical systems""], ""correct"": null, ""answer_text"": null, ""category"": null, ""source_file"": ""Module 11 Rans.pdf"", ""source_module"": ""M11A"", ""fmt"": ""pdf"", ""module"": ""M11A"", ""syllabusRef"": ""M11A.11.03"", ""level"": null, ""difficulty"": ""MEDIUM""}"
M11A,M11A.11.03,,1. Where are the colored navigation lights typically located?,Near the trailing edge of each wingtip,Near the leading edge of each wingtip,On the aircraft's vertical stabilizer,,Near the trailing edge of each wingtip,MEDIUM,,,,REVIEWED,Rans exact context,1,Module 11 Rans.pdf,"{""raw"": ""1. Where are the colored navigation lights typically located?\na) Near the trailing edge of each wingtip\nb) Near the leading edge of each wingtip\nc) On the aircraft's vertical stabilizer"", ""question"": ""1. Where are the colored navigation lights typically located?"", ""options"": [""Near the trailing edge of each wingtip"", ""Near the leading edge of each wingtip"", ""On the aircraft's vertical stabilizer""], ""correct"": null, ""answer_text"": null, ""category"": null, ""source_file"": ""Module 11 Rans.pdf"", ""source_module"": ""M11A"", ""fmt"": ""pdf"", ""module"": ""M11A"", ""syllabusRef"": ""M11A.11.03"", ""level"": null, ""difficulty"": ""MEDIUM""}"
M11A,M11A.11.03,,"2. When viewed from another aircraft, what does a red navigation light indicate?",The aircraft's right side,The aircraft's left side,The aircraft's tail position,,The aircraft's right side,MEDIUM,,,,REVIEWED,Rans exact context,1,Module 11 Rans.pdf,"{""raw"": ""2. When viewed from another aircraft, what does a red navigation light indicate?\na) The aircraft's right side\nb) The aircraft's left side\nc) The aircraft's tail position"", ""question"": ""2. When viewed from another aircraft, what does a red navigation light indicate?"", ""options"": [""The aircraft's right side"", ""The aircraft's left side"", ""The aircraft's tail position""], ""correct"": null, ""answer_text"": null, ""category"": null, ""source_file"": ""Module 11 Rans.pdf"", ""source_module"": ""M11A"", ""fmt"": ""pdf"", ""module"": ""M11A"", ""syllabusRef"": ""M11A.11.03"", ""level"": null, ""difficulty"": ""MEDIUM""}"
M11A,M11A.2.5,,3. When are navigation lights particularly important?,During daytime flights,During nighttime operations,Only during maintenance,,During daytime flights,MEDIUM,,,,REVIEWED,Rans exact context,1,Module 11 Rans.pdf,"{""raw"": ""3. When are navigation lights particularly important?\na) During daytime flights\nb) During nighttime operations\nc) Only during maintenance"", ""question"": ""3. When are navigation lights particularly important?"", ""options"": [""During daytime flights"", ""During nighttime operations"", ""Only during maintenance""], ""correct"": null, ""answer_text"": null, ""category"": null, ""source_file"": ""Module 11 Rans.pdf"", ""source_module"": ""M11A"", ""fmt"": ""pdf"", ""module"": ""M11A"", ""syllabusRef"": ""M11A.2.5"", ""level"": null, ""difficulty"": ""MEDIUM""}"
M11A,M11A.3.000,,4. What is the color of the right wingtip navigation light?,Red,Green,White,,Red,MEDIUM,,,,REVIEWED,Rans exact context,1,Module 11 Rans.pdf,"{""raw"": ""4. What is the color of the right wingtip navigation light?\na) Red\nb) Green\nc) White"", ""question"": ""4. What is the color of the right wingtip navigation light?"", ""options"": [""Red"", ""Green"", ""White""], ""correct"": null, ""answer_text"": null, ""category"": null, ""source_file"": ""Module 11 Rans.pdf"", ""source_module"": ""M11A"", ""fmt"": ""pdf"", ""module"": ""M11A"", ""syllabusRef"": ""M11A.3.000"", ""level"": null, ""difficulty"": ""MEDIUM""}"
M11A,M11A.11.03,,5. What advantage do colored navigation lights provide to other pilots?,They indicate the aircraft's speed,They help determine the aircraft's direction,They show the aircraft's altitude,,They indicate the aircraft's speed,MEDIUM,,,,REVIEWED,Rans exact context,1,Module 11 Rans.pdf,"{""raw"": ""5. What advantage do colored navigation lights provide to other pilots?\na) They indicate the aircraft's speed\nb) They help determine the aircraft's direction\nc) They show the aircraft's altitude\nPage 1: Anti-Collision Beacon Lights"", ""question"": ""5. What advantage do colored navigation lights provide to other pilots?"", ""options"": [""They indicate the aircraft's speed"", ""They help determine the aircraft's direction"", ""They show the aircraft's altitude""], ""correct"": null, ""answer_text"": null, ""category"": null, ""source_file"": ""Module 11 Rans.pdf"", ""source_module"": ""M11A"", ""fmt"": ""pdf"", ""module"": ""M11A"", ""syllabusRef"": ""M11A.11.03"", ""level"": null, ""difficulty"": ""MEDIUM""}"
M11A,M11A.11.9(a),,1. What is the primary purpose of anti-collision beacon lights?,To illuminate the runway during landing,To serve as attention-getters and warn of aircraft presence,To provide interior cabin lighting,,To serve as attention-getters and warn of aircraft presence,MEDIUM,,,,REVIEWED,Rans exact context,1,Module 11 Rans.pdf,"{""raw"": ""1. What is the primary purpose of anti-collision beacon lights?\na) To illuminate the runway during landing\nb) To serve as attention-getters and warn of aircraft presence\nc) To provide interior cabin lighting"", ""question"": ""1. What is the primary purpose of anti-collision beacon lights?"", ""options"": [""To illuminate the runway during landing"", ""To serve as attention-getters and warn of aircraft presence"", ""To provide interior cabin lighting""], ""correct"": null, ""answer_text"": null, ""category"": null, ""source_file"": ""Module 11 Rans.pdf"", ""source_module"": ""M11A"", ""fmt"": ""pdf"", ""module"": ""M11A"", ""syllabusRef"": ""M11A.11.9(a)"", ""level"": null, ""difficulty"": ""MEDIUM""}"
M11A,M11A.11.03,,2. Where are anti-collision lights typically mounted on the aircraft?,On the wingtips only,"Top and bottom of the fuselage, aft of the wing leading edge",Only on the vertical stabilizer,,"Top and bottom of the fuselage, aft of the wing leading edge",MEDIUM,,,,REVIEWED,Rans exact context,1,Module 11 Rans.pdf,"{""raw"": ""2. Where are anti-collision lights typically mounted on the aircraft?\na) On the wingtips only\nb) Top and bottom of the fuselage, aft of the wing leading edge\nc) Only on the vertical stabilizer"", ""question"": ""2. Where are anti-collision lights typically mounted on the aircraft?"", ""options"": [""On the wingtips only"", ""Top and bottom of the fuselage, aft of the wing leading edge"", ""Only on the vertical stabilizer""], ""correct"": null, ""answer_text"": null, ""category"": null, ""source_file"": ""Module 11 Rans.pdf"", ""source_module"": ""M11A"", ""fmt"": ""pdf"", ""module"": ""M11A"", ""syllabusRef"": ""M11A.11.03"", ""level"": null, ""difficulty"": ""MEDIUM""}"
M11A,M11A.11.4(b),,3. What type of light source is used for anti-collision lights?,Red Incandescent bulbs,LED strips,Strobe lights covered with red lenses,,Strobe lights covered with red lenses,MEDIUM,,,,REVIEWED,Fixed: anti-collision lights are strobe lights,1,Module 11 Rans.pdf,"{""raw"": ""3. What type of light source is used for anti-collision lights?\na) Red Incandescent bulbs\nb) LED strips\nc) Strobe lights covered with red lenses"", ""question"": ""3. What type of light source is used for anti-collision lights?"", ""options"": [""Red Incandescent bulbs"", ""LED strips"", ""Strobe lights covered with red lenses""], ""correct"": null, ""answer_text"": null, ""category"": null, ""source_file"": ""Module 11 Rans.pdf"", ""source_module"": ""M11A"", ""fmt"": ""pdf"", ""module"": ""M11A"", ""syllabusRef"": ""M11A.11.4(b)"", ""level"": null, ""difficulty"": ""MEDIUM""}"
M11A,M11A.11.03,,4. When are the anti-collision beacons typically activated?,Only during night flights,Just before engine start until after last engine shutdown,Only when the aircraft is in flight,,Just before engine start until after last engine shutdown,MEDIUM,,,,REVIEWED,Rans exact context,1,Module 11 Rans.pdf,"{""raw"": ""4. When are the anti-collision beacons typically activated?\na) Only during night flights\nb) Just before engine start until after last engine shutdown\nc) Only when the aircraft is in flight"", ""question"": ""4. When are the anti-collision beacons typically activated?"", ""options"": [""Only during night flights"", ""Just before engine start until after last engine shutdown"", ""Only when the aircraft is in flight""], ""correct"": null, ""answer_text"": null, ""category"": null, ""source_file"": ""Module 11 Rans.pdf"", ""source_module"": ""M11A"", ""fmt"": ""pdf"", ""module"": ""M11A"", ""syllabusRef"": ""M11A.11.03"", ""level"": null, ""difficulty"": ""MEDIUM""}"
M11A,M11A.11.4(d),,5. What safety function do the beacons serve for ground personnel?,They indicate cabin door status,They warn that engines are operational,They show fuel quantity levels,,They indicate cabin door status,MEDIUM,,,,REVIEWED,Rans exact context,1,Module 11 Rans.pdf,"{""raw"": ""5. What safety function do the beacons serve for ground personnel?\na) They indicate cabin door status\nb) They warn that engines are operational\nc) They show fuel quantity levels\nPage 2: Anti-Collision Light Operations"", ""question"": ""5. What safety function do the beacons serve for ground personnel?"", ""options"": [""They indicate cabin door status"", ""They warn that engines are operational"", ""They show fuel quantity levels""], ""correct"": null, ""answer_text"": null, ""category"": null, ""source_file"": ""Module 11 Rans.pdf"", ""source_module"": ""M11A"", ""fmt"": ""pdf"", ""module"": ""M11A"", ""syllabusRef"": ""M11A.11.4(d)"", ""level"": null, ""difficulty"": ""MEDIUM""}"
M11A,M11A.2.5,,1. What color are the anti-collision beacon lenses?,Clear/white,Red,Blue,,Clear/white,MEDIUM,,,,REVIEWED,Rans exact context,1,Module 11 Rans.pdf,"{""raw"": ""1. What color are the anti-collision beacon lenses?\na) Clear/white\nb) Red\nc) Blue"", ""question"": ""1. What color are the anti-collision beacon lenses?"", ""options"": [""Clear/white"", ""Red"", ""Blue""], ""correct"": null, ""answer_text"": null, ""category"": null, ""source_file"": ""Module 11 Rans.pdf"", ""source_module"": ""M11A"", ""fmt"": ""pdf"", ""module"": ""M11A"", ""syllabusRef"": ""M11A.2.5"", ""level"": null, ""difficulty"": ""MEDIUM""}"
M11A,M11A.11.4(d),,2. How do anti-collision lights help other aircraft?,By indicating the aircraft's heading,By making the aircraft more visible and identifiable,By showing the aircraft's altitude,,By making the aircraft more visible and identifiable,MEDIUM,,,,REVIEWED,Final KB direct (score=2),1,Module 11 Rans.pdf,"{""raw"": ""2. How do anti-collision lights help other aircraft?\na) By indicating the aircraft's heading\nb) By making the aircraft more visible and identifiable\nc) By showing the aircraft's altitude"", ""question"": ""2. How do anti-collision lights help other aircraft?"", ""options"": [""By indicating the aircraft's heading"", ""By making the aircraft more visible and identifiable"", ""By showing the aircraft's altitude""], ""correct"": null, ""answer_text"": null, ""category"": null, ""source_file"": ""Module 11 Rans.pdf"", ""source_module"": ""M11A"", ""fmt"": ""pdf"", ""module"": ""M11A"", ""syllabusRef"": ""M11A.11.4(d)"", ""level"": null, ""difficulty"": ""MEDIUM""}"
M11A,M11A.11.4(d),,"3. When viewed from the ground, what does an active anti-collision light indicate?",The aircraft is preparing for takeoff,The engines are operational,The cabin is pressurized,,The aircraft is preparing for takeoff,MEDIUM,,,,REVIEWED,Rans exact context,1,Module 11 Rans.pdf,"{""raw"": ""3. When viewed from the ground, what does an active anti-collision light indicate?\na) The aircraft is preparing for takeoff\nb) The engines are operational\nc) The cabin is pressurized"", ""question"": ""3. When viewed from the ground, what does an active anti-collision light indicate?"", ""options"": [""The aircraft is preparing for takeoff"", ""The engines are operational"", ""The cabin is pressurized""], ""correct"": null, ""answer_text"": null, ""category"": null, ""source_file"": ""Module 11 Rans.pdf"", ""source_module"": ""M11A"", ""fmt"": ""pdf"", ""module"": ""M11A"", ""syllabusRef"": ""M11A.11.4(d)"", ""level"": null, ""difficulty"": ""MEDIUM""}"
M11A,M11A.3.000,,4. What is the typical mounting position relative to the wings?,Forward of the wing leading edge,At the wingtips,Aft of the wing leading edge,,Forward of the wing leading edge,MEDIUM,,,,REVIEWED,Rans exact context,1,Module 11 Rans.pdf,"{""raw"": ""4. What is the typical mounting position relative to the wings?\na) Forward of the wing leading edge\nb) At the wingtips\nc) Aft of the wing leading edge"", ""question"": ""4. What is the typical mounting position relative to the wings?"", ""options"": [""Forward of the wing leading edge"", ""At the wingtips"", ""Aft of the wing leading edge""], ""correct"": null, ""answer_text"": null, ""category"": null, ""source_file"": ""Module 11 Rans.pdf"", ""source_module"": ""M11A"", ""fmt"": ""pdf"", ""module"": ""M11A"", ""syllabusRef"": ""M11A.3.000"", ""level"": null, ""difficulty"": ""MEDIUM""}"
M11A,M11A.3.000,,5. What is the visual characteristic of anti-collision lights?,Steady illumination,Flashing/strobe pattern,Slowly pulsing light,,Slowly pulsing light,MEDIUM,,,,REVIEWED,Rans exact context,1,Module 11 Rans.pdf,"{""raw"": ""5. What is the visual characteristic of anti-collision lights?\na) Steady illumination\nb) Flashing/strobe pattern\nc) Slowly pulsing light\nPage 1: Strobe Lights"", ""question"": ""5. What is the visual characteristic of anti-collision lights?"", ""options"": [""Steady illumination"", ""Flashing/strobe pattern"", ""Slowly pulsing light""], ""correct"": null, ""answer_text"": null, ""category"": null, ""source_file"": ""Module 11 Rans.pdf"", ""source_module"": ""M11A"", ""fmt"": ""pdf"", ""module"": ""M11A"", ""syllabusRef"": ""M11A.3.000"", ""level"": null, ""difficulty"": ""MEDIUM""}"
M11A,M11A.11.03,,1. Where are high-intensity strobe lights typically located on aircraft?,Only on the vertical stabilizer,On each wingtip,Along the fuselage belly,,Along the fuselage belly,MEDIUM,,,,REVIEWED,Rans exact context,1,Module 11 Rans.pdf,"{""raw"": ""1. Where are high-intensity strobe lights typically located on aircraft?\na) Only on the vertical stabilizer\nb) On each wingtip\nc) Along the fuselage belly"", ""question"": ""1. Where are high-intensity strobe lights typically located on aircraft?"", ""options"": [""Only on the vertical stabilizer"", ""On each wingtip"", ""Along the fuselage belly""], ""correct"": null, ""answer_text"": null, ""category"": null, ""source_file"": ""Module 11 Rans.pdf"", ""source_module"": ""M11A"", ""fmt"": ""pdf"", ""module"": ""M11A"", ""syllabusRef"": ""M11A.11.03"", ""level"": null, ""difficulty"": ""MEDIUM""}"
M11A,M11A.11.9(a),,2. What is the primary purpose of strobe lights?,To illuminate the cabin,To attract attention during flight,To indicate engine status,,To indicate engine status,EASY,,,,REVIEWED,Rans only (no corpus confirm),1,Module 11 Rans.pdf,"{""raw"": ""2. What is the primary purpose of strobe lights?\na) To illuminate the cabin\nb) To attract attention during flight\nc) To indicate engine status"", ""question"": ""2. What is the primary purpose of strobe lights?"", ""options"": [""To illuminate the cabin"", ""To attract attention during flight"", ""To indicate engine status""], ""correct"": null, ""answer_text"": null, ""category"": null, ""source_file"": ""Module 11 Rans.pdf"", ""source_module"": ""M11A"", ""fmt"": ""pdf"", ""module"": ""M11A"", ""syllabusRef"": ""M11A.11.9(a)"", ""level"": null, ""difficulty"": ""EASY""}"
M11A,M11A.11.03,,3. What is the typical flash rate of aircraft strobe lights?,20 flashes per minute,60 flashes per minute,100 flashes per minute,,20 flashes per minute,MEDIUM,,,,REVIEWED,Rans exact context,1,Module 11 Rans.pdf,"{""raw"": ""3. What is the typical flash rate of aircraft strobe lights?\na) 20 flashes per minute\nb) 60 flashes per minute\nc) 100 flashes per minute"", ""question"": ""3. What is the typical flash rate of aircraft strobe lights?"", ""options"": [""20 flashes per minute"", ""60 flashes per minute"", ""100 flashes per minute""], ""correct"": null, ""answer_text"": null, ""category"": null, ""source_file"": ""Module 11 Rans.pdf"", ""source_module"": ""M11A"", ""fmt"": ""pdf"", ""module"": ""M11A"", ""syllabusRef"": ""M11A.11.03"", ""level"": null, ""difficulty"": ""MEDIUM""}"
M11A,M11A.3.000,,4. What voltage is typically produced in the strobe light capacitor?,28V DC,115V AC,Around 450V DC,,Around 450V DC,MEDIUM,,,,REVIEWED,Rans exact context,1,Module 11 Rans.pdf,"{""raw"": ""4. What voltage is typically produced in the strobe light capacitor?\na) 28V DC\nb) 115V AC\nc) Around 450V DC"", ""question"": ""4. What voltage is typically produced in the strobe light capacitor?"", ""options"": [""28V DC"", ""115V AC"", ""Around 450V DC""], ""correct"": null, ""answer_text"": null, ""category"": null, ""source_file"": ""Module 11 Rans.pdf"", ""source_module"": ""M11A"", ""fmt"": ""pdf"", ""module"": ""M11A"", ""syllabusRef"": ""M11A.3.000"", ""level"": null, ""difficulty"": ""MEDIUM""}"
M11A,M11A.11.06,,5. Why should you not handle a strobe light immediately after power removal?,Due to residual high voltage,Because of hot surface temperatures,To avoid radio interference,,Due to residual high voltage,MEDIUM,,,,REVIEWED,Rans exact context,1,Module 11 Rans.pdf,"{""raw"": ""5. Why should you not handle a strobe light immediately after power removal?\na) Due to residual high voltage\nb) Because of hot surface temperatures\nc) To avoid radio interference\nPage 2: Strobe Light Operation & Safety"", ""question"": ""5. Why should you not handle a strobe light immediately after power removal?"", ""options"": [""Due to residual high voltage"", ""Because of hot surface temperatures"", ""To avoid radio interference""], ""correct"": null, ""answer_text"": null, ""category"": null, ""source_file"": ""Module 11 Rans.pdf"", ""source_module"": ""M11A"", ""fmt"": ""pdf"", ""module"": ""M11A"", ""syllabusRef"": ""M11A.11.06"", ""level"": null, ""difficulty"": ""MEDIUM""}"
M11A,M11A.3.000,,1. What gas is contained in the strobe light flash tube?,Oxygen,Neon,Argon,,Oxygen,MEDIUM,,,,REVIEWED,Rans exact context,1,Module 11 Rans.pdf,"{""raw"": ""1. What gas is contained in the strobe light flash tube?\na) Oxygen\nb) Neon\nc) Argon"", ""question"": ""1. What gas is contained in the strobe light flash tube?"", ""options"": [""Oxygen"", ""Neon"", ""Argon""], ""correct"": null, ""answer_text"": null, ""category"": null, ""source_file"": ""Module 11 Rans.pdf"", ""source_module"": ""M11A"", ""fmt"": ""pdf"", ""module"": ""M11A"", ""syllabusRef"": ""M11A.3.000"", ""level"": null, ""difficulty"": ""MEDIUM""}"
M11A,M11A.11.03,,2. What is the color of aircraft strobe lights?,Red,White,Blue,,Red,EASY,,,,REVIEWED,Rans + corpus confirm,1,Module 11 Rans.pdf,"{""raw"": ""2. What is the color of aircraft strobe lights?\na) Red\nb) White\nc) Blue"", ""question"": ""2. What is the color of aircraft strobe lights?"", ""options"": [""Red"", ""White"", ""Blue""], ""correct"": null, ""answer_text"": null, ""category"": null, ""source_file"": ""Module 11 Rans.pdf"", ""source_module"": ""M11A"", ""fmt"": ""pdf"", ""module"": ""M11A"", ""syllabusRef"": ""M11A.11.03"", ""level"": null, ""difficulty"": ""EASY""}"
M11A,M11A.11.4(d),,3. What safety precaution applies when handling new flash tubes?,Must be cooled before handling,Should not be touched with bare hands,Require special grounding straps,,Require special grounding straps,MEDIUM,,,,REVIEWED,Rans exact context,1,Module 11 Rans.pdf,"{""raw"": ""3. What safety precaution applies when handling new flash tubes?\na) Must be cooled before handling\nb) Should not be touched with bare hands\nc) Require special grounding straps"", ""question"": ""3. What safety precaution applies when handling new flash tubes?"", ""options"": [""Must be cooled before handling"", ""Should not be touched with bare hands"", ""Require special grounding straps""], ""correct"": null, ""answer_text"": null, ""category"": null, ""source_file"": ""Module 11 Rans.pdf"", ""source_module"": ""M11A"", ""fmt"": ""pdf"", ""module"": ""M11A"", ""syllabusRef"": ""M11A.11.4(d)"", ""level"": null, ""difficulty"": ""MEDIUM""}"
M11A,M11A.11.06,,4. What power inputs can strobe lights typically accept?,Only 28V DC,Only 115V AC,Either 28V DC or 115V AC,,Either 28V DC or 115V AC,MEDIUM,,,,REVIEWED,Rans exact context,1,Module 11 Rans.pdf,"{""raw"": ""4. What power inputs can strobe lights typically accept?\na) Only 28V DC\nb) Only 115V AC\nc) Either 28V DC or 115V AC"", ""question"": ""4. What power inputs can strobe lights typically accept?"", ""options"": [""Only 28V DC"", ""Only 115V AC"", ""Either 28V DC or 115V AC""], ""correct"": null, ""answer_text"": null, ""category"": null, ""source_file"": ""Module 11 Rans.pdf"", ""source_module"": ""M11A"", ""fmt"": ""pdf"", ""module"": ""M11A"", ""syllabusRef"": ""M11A.11.06"", ""level"": null, ""difficulty"": ""MEDIUM""}"
M11A,M11A.3.000,,5. What risk exists from looking directly at operating strobe lights?,Can cause temporary vision impairment,May induce headaches,Could damage eyes,,Can cause temporary vision impairment,MEDIUM,,,,REVIEWED,Rans exact context,1,Module 11 Rans.pdf,"{""raw"": ""5. What risk exists from looking directly at operating strobe lights?\na) Can cause temporary vision impairment\nb) May induce headaches\nc) Could damage eyes\nPage 3: Taxi Lights"", ""question"": ""5. What risk exists from looking directly at operating strobe lights?"", ""options"": [""Can cause temporary vision impairment"", ""May induce headaches"", ""Could damage eyes""], ""correct"": null, ""answer_text"": null, ""category"": null, ""source_file"": ""Module 11 Rans.pdf"", ""source_module"": ""M11A"", ""fmt"": ""pdf"", ""module"": ""M11A"", ""syllabusRef"": ""M11A.3.000"", ""level"": null, ""difficulty"": ""MEDIUM""}"
M11A,M11A.11.03,,1. Where is the taxi light typically located on most aircraft?,On the vertical stabilizer,On the nose landing gear strut,Under each wing,,On the nose landing gear strut,MEDIUM,,,,REVIEWED,Rans exact context,1,Module 11 Rans.pdf,"{""raw"": ""1. Where is the taxi light typically located on most aircraft?\na) On the vertical stabilizer\nb) On the nose landing gear strut\nc) Under each wing"", ""question"": ""1. Where is the taxi light typically located on most aircraft?"", ""options"": [""On the vertical stabilizer"", ""On the nose landing gear strut"", ""Under each wing""], ""correct"": null, ""answer_text"": null, ""category"": null, ""source_file"": ""Module 11 Rans.pdf"", ""source_module"": ""M11A"", ""fmt"": ""pdf"", ""module"": ""M11A"", ""syllabusRef"": ""M11A.11.03"", ""level"": null, ""difficulty"": ""MEDIUM""}"
M11A,M11A.11.03,,2. When are taxi lights typically used?,Only during takeoff,When the aircraft is in motion on the ground,Only during night operations,,When the aircraft is in motion on the ground,EASY,,,,REVIEWED,Rans exact context,1,Module 11 Rans.pdf,"{""raw"": ""2. When are taxi lights typically used?\na) Only during takeoff\nb) When the aircraft is in motion on the ground\nc) Only during night operations"", ""question"": ""2. When are taxi lights typically used?"", ""options"": [""Only during takeoff"", ""When the aircraft is in motion on the ground"", ""Only during night operations""], ""correct"": null, ""answer_text"": null, ""category"": null, ""source_file"": ""Module 11 Rans.pdf"", ""source_module"": ""M11A"", ""fmt"": ""pdf"", ""module"": ""M11A"", ""syllabusRef"": ""M11A.11.03"", ""level"": null, ""difficulty"": ""EASY""}"
M11A,M11A.11.03,,3. What color are standard aircraft taxi lights?,Red,White,Amber,,White,EASY,,,,REVIEWED,Fixed: taxi lights are typically white,1,Module 11 Rans.pdf,"{""raw"": ""3. What color are standard aircraft taxi lights?\na) Red\nb) White\nc) Amber"", ""question"": ""3. What color are standard aircraft taxi lights?"", ""options"": [""Red"", ""White"", ""Amber""], ""correct"": null, ""answer_text"": null, ""category"": null, ""source_file"": ""Module 11 Rans.pdf"", ""source_module"": ""M11A"", ""fmt"": ""pdf"", ""module"": ""M11A"", ""syllabusRef"": ""M11A.11.03"", ""level"": null, ""difficulty"": ""EASY""}"
M11A,M11A.3.000,,4. How is the nose gear taxi light mounted?,Fixed to the fuselage,On the inner cylinder of the nose gear shock,On the landing gear doors,,On the inner cylinder of the nose gear shock,EASY,,,,REVIEWED,Rans exact context,1,Module 11 Rans.pdf,"{""raw"": ""4. How is the nose gear taxi light mounted?\na) Fixed to the fuselage\nb) On the inner cylinder of the nose gear shock\nc) On the landing gear doors"", ""question"": ""4. How is the nose gear taxi light mounted?"", ""options"": [""Fixed to the fuselage"", ""On the inner cylinder of the nose gear shock"", ""On the landing gear doors""], ""correct"": null, ""answer_text"": null, ""category"": null, ""source_file"": ""Module 11 Rans.pdf"", ""source_module"": ""M11A"", ""fmt"": ""pdf"", ""module"": ""M11A"", ""syllabusRef"": ""M11A.3.000"", ""level"": null, ""difficulty"": ""EASY""}"
M11A,M11A.3.000,,5. What is the purpose of the taxi light's mounting configuration?,To prevent water ingress,To turn with the nose gear,To reduce drag,,To prevent water ingress,MEDIUM,,,,REVIEWED,Rans exact context,1,Module 11 Rans.pdf,"{""raw"": ""5. What is the purpose of the taxi light's mounting configuration?\na) To prevent water ingress\nb) To turn with the nose gear\nc) To reduce drag\nPage 1: Runway Turnoff Lights"", ""question"": ""5. What is the purpose of the taxi light's mounting configuration?"", ""options"": [""To prevent water ingress"", ""To turn with the nose gear"", ""To reduce drag""], ""correct"": null, ""answer_text"": null, ""category"": null, ""source_file"": ""Module 11 Rans.pdf"", ""source_module"": ""M11A"", ""fmt"": ""pdf"", ""module"": ""M11A"", ""syllabusRef"": ""M11A.3.000"", ""level"": null, ""difficulty"": ""MEDIUM""}"
M11A,M11A.11.03,,1. Where are runway turnoff lights typically located on an aircraft?,On the vertical stabilizer,In the leading edge of the wing root,Under the nose landing gear,,In the leading edge of the wing root,MEDIUM,,,,REVIEWED,Rans exact context,1,Module 11 Rans.pdf,"{""raw"": ""1. Where are runway turnoff lights typically located on an aircraft?\na) On the vertical stabilizer\nb) In the leading edge of the wing root\nc) Under the nose landing gear"", ""question"": ""1. Where are runway turnoff lights typically located on an aircraft?"", ""options"": [""On the vertical stabilizer"", ""In the leading edge of the wing root"", ""Under the nose landing gear""], ""correct"": null, ""answer_text"": null, ""category"": null, ""source_file"": ""Module 11 Rans.pdf"", ""source_module"": ""M11A"", ""fmt"": ""pdf"", ""module"": ""M11A"", ""syllabusRef"": ""M11A.11.03"", ""level"": null, ""difficulty"": ""MEDIUM""}"
M11A,M11A.11.9(a),,2. What is the primary purpose of runway turnoff lights?,To illuminate the cabin interior,To provide side and forward lighting during taxi and runway turns,To signal ground personnel,,To provide side and forward lighting during taxi and runway turns,MEDIUM,,,,REVIEWED,Rans exact context,1,Module 11 Rans.pdf,"{""raw"": ""2. What is the primary purpose of runway turnoff lights?\na) To illuminate the cabin interior\nb) To provide side and forward lighting during taxi and runway turns\nc) To signal ground personnel"", ""question"": ""2. What is the primary purpose of runway turnoff lights?"", ""options"": [""To illuminate the cabin interior"", ""To provide side and forward lighting during taxi and runway turns"", ""To signal ground personnel""], ""correct"": null, ""answer_text"": null, ""category"": null, ""source_file"": ""Module 11 Rans.pdf"", ""source_module"": ""M11A"", ""fmt"": ""pdf"", ""module"": ""M11A"", ""syllabusRef"": ""M11A.11.9(a)"", ""level"": null, ""difficulty"": ""MEDIUM""}"
M11A,M11A.11.4(d),,3. When are runway turnoff lights most useful?,During high-altitude cruise,At poorly lit airports,Only during engine start,,At poorly lit airports,EASY,,,,REVIEWED,Rans exact context,1,Module 11 Rans.pdf,"{""raw"": ""3. When are runway turnoff lights most useful?\na) During high-altitude cruise\nb) At poorly lit airports\nc) Only during engine start"", ""question"": ""3. When are runway turnoff lights most useful?"", ""options"": [""During high-altitude cruise"", ""At poorly lit airports"", ""Only during engine start""], ""correct"": null, ""answer_text"": null, ""category"": null, ""source_file"": ""Module 11 Rans.pdf"", ""source_module"": ""M11A"", ""fmt"": ""pdf"", ""module"": ""M11A"", ""syllabusRef"": ""M11A.11.4(d)"", ""level"": null, ""difficulty"": ""EASY""}"
M11A,M11A.11.03,,5. Under what additional condition might runway turnoff lights be used?,In flight if greater visibility is required,Only during maintenance checks,When the aircraft is parked,,When the aircraft is parked,MEDIUM,,,,REVIEWED,Rans exact context,1,Module 11 Rans.pdf,"{""raw"": ""5. Under what additional condition might runway turnoff lights be used?\na) In flight if greater visibility is required\nb) Only during maintenance checks\nc) When the aircraft is parked\nPage 2: Landing Lights (General)"", ""question"": ""5. Under what additional condition might runway turnoff lights be used?"", ""options"": [""In flight if greater visibility is required"", ""Only during maintenance checks"", ""When the aircraft is parked""], ""correct"": null, ""answer_text"": null, ""category"": null, ""source_file"": ""Module 11 Rans.pdf"", ""source_module"": ""M11A"", ""fmt"": ""pdf"", ""module"": ""M11A"", ""syllabusRef"": ""M11A.11.03"", ""level"": null, ""difficulty"": ""MEDIUM""}"
M11A,M11A.81.2,,1. What is the primary purpose of landing lights?,To provide cabin illumination,For enhanced visibility during landing approach,To indicate fuel status,,For enhanced visibility during landing approach,EASY,,,,REVIEWED,Extra KB direct (score=4),1,Module 11 Rans.pdf,"{""raw"": ""1. What is the primary purpose of landing lights?\na) To provide cabin illumination\nb) For enhanced visibility during landing approach\nc) To indicate fuel status"", ""question"": ""1. What is the primary purpose of landing lights?"", ""options"": [""To provide cabin illumination"", ""For enhanced visibility during landing approach"", ""To indicate fuel status""], ""correct"": null, ""answer_text"": null, ""category"": null, ""source_file"": ""Module 11 Rans.pdf"", ""source_module"": ""M11A"", ""fmt"": ""pdf"", ""module"": ""M11A"", ""syllabusRef"": ""M11A.81.2"", ""level"": null, ""difficulty"": ""EASY""}"
M11A,M11A.11.03,,2. When are landing lights typically required?,Only during daytime operations,For night landings,Only when the aircraft is parked,,Only during daytime operations,EASY,,,,REVIEWED,Rans exact context,1,Module 11 Rans.pdf,"{""raw"": ""2. When are landing lights typically required?\na) Only during daytime operations\nb) For night landings\nc) Only when the aircraft is parked"", ""question"": ""2. When are landing lights typically required?"", ""options"": [""Only during daytime operations"", ""For night landings"", ""Only when the aircraft is parked""], ""correct"": null, ""answer_text"": null, ""category"": null, ""source_file"": ""Module 11 Rans.pdf"", ""source_module"": ""M11A"", ""fmt"": ""pdf"", ""module"": ""M11A"", ""syllabusRef"": ""M11A.11.03"", ""level"": null, ""difficulty"": ""EASY""}"
M11A,M11A.2.5,,3. What color are standard landing lights?,Amber,White,Green,,White,EASY,,,,REVIEWED,Rans + corpus confirm,1,Module 11 Rans.pdf,"{""raw"": ""3. What color are standard landing lights?\na) Amber\nb) White\nc) Green"", ""question"": ""3. What color are standard landing lights?"", ""options"": [""Amber"", ""White"", ""Green""], ""correct"": null, ""answer_text"": null, ""category"": null, ""source_file"": ""Module 11 Rans.pdf"", ""source_module"": ""M11A"", ""fmt"": ""pdf"", ""module"": ""M11A"", ""syllabusRef"": ""M11A.2.5"", ""level"": null, ""difficulty"": ""EASY""}"
M11A,M11A.3.000,,4. Why might landing lights be used during daytime?,To make the plane more noticeable,To charge the aircraft batteries,To test the electrical system,,To make the plane more noticeable,MEDIUM,,,,REVIEWED,Extra KB direct (score=4),1,Module 11 Rans.pdf,"{""raw"": ""4. Why might landing lights be used during daytime?\na) To make the plane more noticeable\nb) To charge the aircraft batteries\nc) To test the electrical system"", ""question"": ""4. Why might landing lights be used during daytime?"", ""options"": [""To make the plane more noticeable"", ""To charge the aircraft batteries"", ""To test the electrical system""], ""correct"": null, ""answer_text"": null, ""category"": null, ""source_file"": ""Module 11 Rans.pdf"", ""source_module"": ""M11A"", ""fmt"": ""pdf"", ""module"": ""M11A"", ""syllabusRef"": ""M11A.3.000"", ""level"": null, ""difficulty"": ""MEDIUM""}"
M11A,M11A.2.5,,5. Where are landing lights NEVER typically located?,In the wing root,On the vertical stabilizer,Along the forward fuselage,,Along the forward fuselage,MEDIUM,,,,REVIEWED,Rans exact context,1,Module 11 Rans.pdf,"{""raw"": ""5. Where are landing lights NEVER typically located?\na) In the wing root\nb) On the vertical stabilizer\nc) Along the forward fuselage\nPage 3: Landing Light Configurations"", ""question"": ""5. Where are landing lights NEVER typically located?"", ""options"": [""In the wing root"", ""On the vertical stabilizer"", ""Along the forward fuselage""], ""correct"": null, ""answer_text"": null, ""category"": null, ""source_file"": ""Module 11 Rans.pdf"", ""source_module"": ""M11A"", ""fmt"": ""pdf"", ""module"": ""M11A"", ""syllabusRef"": ""M11A.2.5"", ""level"": null, ""difficulty"": ""MEDIUM""}"
M11A,M11A.11.03,,1. What is a common configuration for aircraft with 4 landing lights?,All fixed type on the fuselage,Two fixed and two retractable,All retractable type,,All fixed type on the fuselage,MEDIUM,,,,REVIEWED,Rans exact context,1,Module 11 Rans.pdf,"{""raw"": ""1. What is a common configuration for aircraft with 4 landing lights?\na) All fixed type on the fuselage\nb) Two fixed and two retractable\nc) All retractable type"", ""question"": ""1. What is a common configuration for aircraft with 4 landing lights?"", ""options"": [""All fixed type on the fuselage"", ""Two fixed and two retractable"", ""All retractable type""], ""correct"": null, ""answer_text"": null, ""category"": null, ""source_file"": ""Module 11 Rans.pdf"", ""source_module"": ""M11A"", ""fmt"": ""pdf"", ""module"": ""M11A"", ""syllabusRef"": ""M11A.11.03"", ""level"": null, ""difficulty"": ""MEDIUM""}"
M11A,M11A.11.4,,2. Where are fixed landing lights typically located?,On the wing leading edges near the fuselage,On the tail section,Under the cabin floor,,On the wing leading edges near the fuselage,MEDIUM,,,,REVIEWED,Extra KB direct (score=5),1,Module 11 Rans.pdf,"{""raw"": ""2. Where are fixed landing lights typically located?\na) On the wing leading edges near the fuselage\nb) On the tail section\nc) Under the cabin floor"", ""question"": ""2. Where are fixed landing lights typically located?"", ""options"": [""On the wing leading edges near the fuselage"", ""On the tail section"", ""Under the cabin floor""], ""correct"": null, ""answer_text"": null, ""category"": null, ""source_file"": ""Module 11 Rans.pdf"", ""source_module"": ""M11A"", ""fmt"": ""pdf"", ""module"": ""M11A"", ""syllabusRef"": ""M11A.11.4"", ""level"": null, ""difficulty"": ""MEDIUM""}"
M11A,M11A.11.01,,3. Where might retractable landing lights be located?,In the outboard flap track fairing,On the engine nacelles,Inside the cargo hold,,In the outboard flap track fairing,MEDIUM,,,,REVIEWED,Rans exact context,1,Module 11 Rans.pdf,"{""raw"": ""3. Where might retractable landing lights be located?\na) In the outboard flap track fairing\nb) On the engine nacelles\nc) Inside the cargo hold"", ""question"": ""3. Where might retractable landing lights be located?"", ""options"": [""In the outboard flap track fairing"", ""On the engine nacelles"", ""Inside the cargo hold""], ""correct"": null, ""answer_text"": null, ""category"": null, ""source_file"": ""Module 11 Rans.pdf"", ""source_module"": ""M11A"", ""fmt"": ""pdf"", ""module"": ""M11A"", ""syllabusRef"": ""M11A.11.01"", ""level"": null, ""difficulty"": ""MEDIUM""}"
M11A,M11A.11.03,,4. What determines the location of landing lights on different aircraft?,The aircraft's paint scheme,Manufacturer design choices,The pilot's preference,,The aircraft's paint scheme,MEDIUM,,,,REVIEWED,Rans exact context,1,Module 11 Rans.pdf,"{""raw"": ""4. What determines the location of landing lights on different aircraft?\na) The aircraft's paint scheme\nb) Manufacturer design choices\nc) The pilot's preference"", ""question"": ""4. What determines the location of landing lights on different aircraft?"", ""options"": [""The aircraft's paint scheme"", ""Manufacturer design choices"", ""The pilot's preference""], ""correct"": null, ""answer_text"": null, ""category"": null, ""source_file"": ""Module 11 Rans.pdf"", ""source_module"": ""M11A"", ""fmt"": ""pdf"", ""module"": ""M11A"", ""syllabusRef"": ""M11A.11.03"", ""level"": null, ""difficulty"": ""MEDIUM""}"
M11A,M11A.11.06,,5. What is an advantage of retractable landing lights?,Reduced drag when retracted,Lower power consumption,Easier maintenance access,,Reduced drag when retracted,MEDIUM,,,,REVIEWED,Rans exact context,1,Module 11 Rans.pdf,"{""raw"": ""5. What is an advantage of retractable landing lights?\na) Reduced drag when retracted\nb) Lower power consumption\nc) Easier maintenance access\nPage 1: Retracting Landing Lights"", ""question"": ""5. What is an advantage of retractable landing lights?"", ""options"": [""Reduced drag when retracted"", ""Lower power consumption"", ""Easier maintenance access""], ""correct"": null, ""answer_text"": null, ""category"": null, ""source_file"": ""Module 11 Rans.pdf"", ""source_module"": ""M11A"", ""fmt"": ""pdf"", ""module"": ""M11A"", ""syllabusRef"": ""M11A.11.06"", ""level"": null, ""difficulty"": ""MEDIUM""}"
M11A,M11A.2.5,,1. How are retractable landing lights typically extended?,By hydraulic pressure only,Via an actuator with slipping clutch or shear links,Manually by ground crew,,Via an actuator with slipping clutch or shear links,MEDIUM,,,,REVIEWED,Rans exact context,1,Module 11 Rans.pdf,"{""raw"": ""1. How are retractable landing lights typically extended?\na) By hydraulic pressure only\nb) Via an actuator with slipping clutch or shear links\nc) Manually by ground crew"", ""question"": ""1. How are retractable landing lights typically extended?"", ""options"": [""By hydraulic pressure only"", ""Via an actuator with slipping clutch or shear links"", ""Manually by ground crew""], ""correct"": null, ""answer_text"": null, ""category"": null, ""source_file"": ""Module 11 Rans.pdf"", ""source_module"": ""M11A"", ""fmt"": ""pdf"", ""module"": ""M11A"", ""syllabusRef"": ""M11A.2.5"", ""level"": null, ""difficulty"": ""MEDIUM""}"
M11A,M11A.3.000,,2. What safety feature protects retractable landing lights at high speed?,Automatic circuit breakers,The slipping clutch or shear links allow retraction,Fuses that blow at high speed,,The slipping clutch or shear links allow retraction,MEDIUM,,,,REVIEWED,Rans exact context,1,Module 11 Rans.pdf,"{""raw"": ""2. What safety feature protects retractable landing lights at high speed?\na) Automatic circuit breakers\nb) The slipping clutch or shear links allow retraction\nc) Fuses that blow at high speed"", ""question"": ""2. What safety feature protects retractable landing lights at high speed?"", ""options"": [""Automatic circuit breakers"", ""The slipping clutch or shear links allow retraction"", ""Fuses that blow at high speed""], ""correct"": null, ""answer_text"": null, ""category"": null, ""source_file"": ""Module 11 Rans.pdf"", ""source_module"": ""M11A"", ""fmt"": ""pdf"", ""module"": ""M11A"", ""syllabusRef"": ""M11A.3.000"", ""level"": null, ""difficulty"": ""MEDIUM""}"
M11A,M11A.11.4(b),,3. What type of lamp unit is typically used in retractable landing lights?,Halogen bulbs,Sealed beam type,LED arrays,,Sealed beam type,MEDIUM,,,,REVIEWED,Rans exact context,1,Module 11 Rans.pdf,"{""raw"": ""3. What type of lamp unit is typically used in retractable landing lights?\na) Halogen bulbs\nb) Sealed beam type\nc) LED arrays"", ""question"": ""3. What type of lamp unit is typically used in retractable landing lights?"", ""options"": [""Halogen bulbs"", ""Sealed beam type"", ""LED arrays""], ""correct"": null, ""answer_text"": null, ""category"": null, ""source_file"": ""Module 11 Rans.pdf"", ""source_module"": ""M11A"", ""fmt"": ""pdf"", ""module"": ""M11A"", ""syllabusRef"": ""M11A.11.4(b)"", ""level"": null, ""difficulty"": ""MEDIUM""}"
M11A,M11A.3.000,,4. What would happen if a retractable landing light failed to retract at high speed?,The system would automatically power down,The shear mechanism would allow retraction,The light would shatter from air pressure,,The system would automatically power down,MEDIUM,,,,REVIEWED,Rans exact context,1,Module 11 Rans.pdf,"{""raw"": ""4. What would happen if a retractable landing light failed to retract at high speed?\na) The system would automatically power down\nb) The shear mechanism would allow retraction\nc) The light would shatter from air pressure"", ""question"": ""4. What would happen if a retractable landing light failed to retract at high speed?"", ""options"": [""The system would automatically power down"", ""The shear mechanism would allow retraction"", ""The light would shatter from air pressure""], ""correct"": null, ""answer_text"": null, ""category"": null, ""source_file"": ""Module 11 Rans.pdf"", ""source_module"": ""M11A"", ""fmt"": ""pdf"", ""module"": ""M11A"", ""syllabusRef"": ""M11A.3.000"", ""level"": null, ""difficulty"": ""MEDIUM""}"
M11A,M11A.11.06,,5. What is the purpose of the slipping clutch in the extension mechanism?,To prevent damage during extension/retraction,To reduce power consumption,To allow for manual override,,To prevent damage during extension/retraction,MEDIUM,,,,REVIEWED,Rans exact context,1,Module 11 Rans.pdf,"{""raw"": ""5. What is the purpose of the slipping clutch in the extension mechanism?\na) To prevent damage during extension/retraction\nb) To reduce power consumption\nc) To allow for manual override\nPage 2: Logo Lights"", ""question"": ""5. What is the purpose of the slipping clutch in the extension mechanism?"", ""options"": [""To prevent damage during extension/retraction"", ""To reduce power consumption"", ""To allow for manual override""], ""correct"": null, ""answer_text"": null, ""category"": null, ""source_file"": ""Module 11 Rans.pdf"", ""source_module"": ""M11A"", ""fmt"": ""pdf"", ""module"": ""M11A"", ""syllabusRef"": ""M11A.11.06"", ""level"": null, ""difficulty"": ""MEDIUM""}"
M11A,M11A.11.03,,1. Where are logo lights typically located on commercial aircraft?,On the wingtips,On or at the tips of the horizontal stabilizer,Under the fuselage,,On or at the tips of the horizontal stabilizer,MEDIUM,,,,REVIEWED,Rans exact context,1,Module 11 Rans.pdf,"{""raw"": ""1. Where are logo lights typically located on commercial aircraft?\na) On the wingtips\nb) On or at the tips of the horizontal stabilizer\nc) Under the fuselage"", ""question"": ""1. Where are logo lights typically located on commercial aircraft?"", ""options"": [""On the wingtips"", ""On or at the tips of the horizontal stabilizer"", ""Under the fuselage""], ""correct"": null, ""answer_text"": null, ""category"": null, ""source_file"": ""Module 11 Rans.pdf"", ""source_module"": ""M11A"", ""fmt"": ""pdf"", ""module"": ""M11A"", ""syllabusRef"": ""M11A.11.03"", ""level"": null, ""difficulty"": ""MEDIUM""}"
M11A,M11A.11.03,,2. What is the primary color of aircraft logo lights?,Steady white,Flashing red,Blue,,Steady white,MEDIUM,,,,REVIEWED,Rans exact context,1,Module 11 Rans.pdf,"{""raw"": ""2. What is the primary color of aircraft logo lights?\na) Steady white\nb) Flashing red\nc) Blue"", ""question"": ""2. What is the primary color of aircraft logo lights?"", ""options"": [""Steady white"", ""Flashing red"", ""Blue""], ""correct"": null, ""answer_text"": null, ""category"": null, ""source_file"": ""Module 11 Rans.pdf"", ""source_module"": ""M11A"", ""fmt"": ""pdf"", ""module"": ""M11A"", ""syllabusRef"": ""M11A.11.03"", ""level"": null, ""difficulty"": ""MEDIUM""}"
M11A,M11A.11.03,,3. What is the stated primary purpose of logo lights?,For passenger comfort,Safety by increasing aircraft visibility,To illuminate the cockpit instruments,,Safety by increasing aircraft visibility,MEDIUM,,,,REVIEWED,Rans exact context,1,Module 11 Rans.pdf,"{""raw"": ""3. What is the stated primary purpose of logo lights?\na) For passenger comfort\nb) Safety by increasing aircraft visibility\nc) To illuminate the cockpit instruments"", ""question"": ""3. What is the stated primary purpose of logo lights?"", ""options"": [""For passenger comfort"", ""Safety by increasing aircraft visibility"", ""To illuminate the cockpit instruments""], ""correct"": null, ""answer_text"": null, ""category"": null, ""source_file"": ""Module 11 Rans.pdf"", ""source_module"": ""M11A"", ""fmt"": ""pdf"", ""module"": ""M11A"", ""syllabusRef"": ""M11A.11.03"", ""level"": null, ""difficulty"": ""MEDIUM""}"
M11A,M11A.3.000,,4. What do logo lights typically illuminate?,The company logo on the vertical tail,The wing leading edges,The passenger windows,,The company logo on the vertical tail,EASY,,,,REVIEWED,Rans exact context,1,Module 11 Rans.pdf,"{""raw"": ""4. What do logo lights typically illuminate?\na) The company logo on the vertical tail\nb) The wing leading edges\nc) The passenger windows"", ""question"": ""4. What do logo lights typically illuminate?"", ""options"": [""The company logo on the vertical tail"", ""The wing leading edges"", ""The passenger windows""], ""correct"": null, ""answer_text"": null, ""category"": null, ""source_file"": ""Module 11 Rans.pdf"", ""source_module"": ""M11A"", ""fmt"": ""pdf"", ""module"": ""M11A"", ""syllabusRef"": ""M11A.3.000"", ""level"": null, ""difficulty"": ""EASY""}"
M11A,M11A.11.03,,5. Are logo lights required by regulations?,"Yes, on all commercial aircraft","No, but they are commonly installed",Only for night operations,,"No, but they are commonly installed",EASY,,,,REVIEWED,Rans exact context,1,Module 11 Rans.pdf,"{""raw"": ""5. Are logo lights required by regulations?\na) Yes, on all commercial aircraft\nb) No, but they are commonly installed\nc) Only for night operations\nPage 3: Combined Systems"", ""question"": ""5. Are logo lights required by regulations?"", ""options"": [""Yes, on all commercial aircraft"", ""No, but they are commonly installed"", ""Only for night operations""], ""correct"": null, ""answer_text"": null, ""category"": null, ""source_file"": ""Module 11 Rans.pdf"", ""source_module"": ""M11A"", ""fmt"": ""pdf"", ""module"": ""M11A"", ""syllabusRef"": ""M11A.11.03"", ""level"": null, ""difficulty"": ""EASY""}"
M11A,M11A.11.03,,1. What feature do both retractable lights and logo lights share?,Both use sealed beam units,Both are required by regulations,Both enhance aircraft visibility,,Both use sealed beam units,MEDIUM,,,,REVIEWED,Rans exact context,1,Module 11 Rans.pdf,"{""raw"": ""1. What feature do both retractable lights and logo lights share?\na) Both use sealed beam units\nb) Both are required by regulations\nc) Both enhance aircraft visibility"", ""question"": ""1. What feature do both retractable lights and logo lights share?"", ""options"": [""Both use sealed beam units"", ""Both are required by regulations"", ""Both enhance aircraft visibility""], ""correct"": null, ""answer_text"": null, ""category"": null, ""source_file"": ""Module 11 Rans.pdf"", ""source_module"": ""M11A"", ""fmt"": ""pdf"", ""module"": ""M11A"", ""syllabusRef"": ""M11A.11.03"", ""level"": null, ""difficulty"": ""MEDIUM""}"
M11A,M11A.11.9(c),,2. Which system is more critical for flight safety?,Logo lights,Retractable landing lights,Both equally critical,,Retractable landing lights,MEDIUM,,,,REVIEWED,Final KB direct (score=4),1,Module 11 Rans.pdf,"{""raw"": ""2. Which system is more critical for flight safety?\na) Logo lights\nb) Retractable landing lights\nc) Both equally critical"", ""question"": ""2. Which system is more critical for flight safety?"", ""options"": [""Logo lights"", ""Retractable landing lights"", ""Both equally critical""], ""correct"": null, ""answer_text"": null, ""category"": null, ""source_file"": ""Module 11 Rans.pdf"", ""source_module"": ""M11A"", ""fmt"": ""pdf"", ""module"": ""M11A"", ""syllabusRef"": ""M11A.11.9(c)"", ""level"": null, ""difficulty"": ""MEDIUM""}"
M11A,M11A.3.000,,3. What might happen if logo lights were installed without proper shielding?,Could distract the pilots,Might interfere with navigation lights,Could cause glare on the vertical stabilizer,,Could cause glare on the vertical stabilizer,MEDIUM,,,,REVIEWED,Rans exact context,1,Module 11 Rans.pdf,"{""raw"": ""3. What might happen if logo lights were installed without proper shielding?\na) Could distract the pilots\nb) Might interfere with navigation lights\nc) Could cause glare on the vertical stabilizer"", ""question"": ""3. What might happen if logo lights were installed without proper shielding?"", ""options"": [""Could distract the pilots"", ""Might interfere with navigation lights"", ""Could cause glare on the vertical stabilizer""], ""correct"": null, ""answer_text"": null, ""category"": null, ""source_file"": ""Module 11 Rans.pdf"", ""source_module"": ""M11A"", ""fmt"": ""pdf"", ""module"": ""M11A"", ""syllabusRef"": ""M11A.3.000"", ""level"": null, ""difficulty"": ""MEDIUM""}"
M11A,M11A.11.9(c),,4. Which system is more likely to have a mechanical extension mechanism?,Logo lights,Retractable landing lights,Both use similar mechanisms,,Retractable landing lights,MEDIUM,,,,REVIEWED,Rans exact context,1,Module 11 Rans.pdf,"{""raw"": ""4. Which system is more likely to have a mechanical extension mechanism?\na) Logo lights\nb) Retractable landing lights\nc) Both use similar mechanisms"", ""question"": ""4. Which system is more likely to have a mechanical extension mechanism?"", ""options"": [""Logo lights"", ""Retractable landing lights"", ""Both use similar mechanisms""], ""correct"": null, ""answer_text"": null, ""category"": null, ""source_file"": ""Module 11 Rans.pdf"", ""source_module"": ""M11A"", ""fmt"": ""pdf"", ""module"": ""M11A"", ""syllabusRef"": ""M11A.11.9(c)"", ""level"": null, ""difficulty"": ""MEDIUM""}"
M11A,M11A.11.05,,5. What maintenance consideration applies to both systems?,Regular lubrication of moving parts,Frequent bulb replacement,Proper alignment checks,,Regular lubrication of moving parts,MEDIUM,,,,REVIEWED,Rans exact context,1,Module 11 Rans.pdf,"{""raw"": ""5. What maintenance consideration applies to both systems?\na) Regular lubrication of moving parts\nb) Frequent bulb replacement\nc) Proper alignment checks\nPage 1: Wing Illumination Lights"", ""question"": ""5. What maintenance consideration applies to both systems?"", ""options"": [""Regular lubrication of moving parts"", ""Frequent bulb replacement"", ""Proper alignment checks""], ""correct"": null, ""answer_text"": null, ""category"": null, ""source_file"": ""Module 11 Rans.pdf"", ""source_module"": ""M11A"", ""fmt"": ""pdf"", ""module"": ""M11A"", ""syllabusRef"": ""M11A.11.05"", ""level"": null, ""difficulty"": ""MEDIUM""}"
M11A,M11A.2.5,,1. Where are wing illumination lights typically mounted on airliners?,At the wingtips,Along the root of the wing leading edge,On the vertical stabilizer,,At the wingtips,MEDIUM,,,,REVIEWED,Rans exact context,1,Module 11 Rans.pdf,"{""raw"": ""1. Where are wing illumination lights typically mounted on airliners?\na) At the wingtips\nb) Along the root of the wing leading edge\nc) On the vertical stabilizer"", ""question"": ""1. Where are wing illumination lights typically mounted on airliners?"", ""options"": [""At the wingtips"", ""Along the root of the wing leading edge"", ""On the vertical stabilizer""], ""correct"": null, ""answer_text"": null, ""category"": null, ""source_file"": ""Module 11 Rans.pdf"", ""source_module"": ""M11A"", ""fmt"": ""pdf"", ""module"": ""M11A"", ""syllabusRef"": ""M11A.2.5"", ""level"": null, ""difficulty"": ""MEDIUM""}"
M11A,M11A.11.04,,3. When might pilots use wing illumination lights in flight?,Only during turbulence,To inspect for wing damage or ice buildup,When the cabin lights fail,,To inspect for wing damage or ice buildup,MEDIUM,,,,REVIEWED,Extra KB direct (score=5),1,Module 11 Rans.pdf,"{""raw"": ""3. When might pilots use wing illumination lights in flight?\na) Only during turbulence\nb) To inspect for wing damage or ice buildup\nc) When the cabin lights fail"", ""question"": ""3. When might pilots use wing illumination lights in flight?"", ""options"": [""Only during turbulence"", ""To inspect for wing damage or ice buildup"", ""When the cabin lights fail""], ""correct"": null, ""answer_text"": null, ""category"": null, ""source_file"": ""Module 11 Rans.pdf"", ""source_module"": ""M11A"", ""fmt"": ""pdf"", ""module"": ""M11A"", ""syllabusRef"": ""M11A.11.04"", ""level"": null, ""difficulty"": ""MEDIUM""}"
M11A,M11A.2.5,,4. How are wing illumination lights typically mounted?,As protruding fixtures,As flush-mounted units,On retractable arms,,As flush-mounted units,MEDIUM,,,,REVIEWED,Extra KB direct (score=5),1,Module 11 Rans.pdf,"{""raw"": ""4. How are wing illumination lights typically mounted?\na) As protruding fixtures\nb) As flush-mounted units\nc) On retractable arms"", ""question"": ""4. How are wing illumination lights typically mounted?"", ""options"": [""As protruding fixtures"", ""As flush-mounted units"", ""On retractable arms""], ""correct"": null, ""answer_text"": null, ""category"": null, ""source_file"": ""Module 11 Rans.pdf"", ""source_module"": ""M11A"", ""fmt"": ""pdf"", ""module"": ""M11A"", ""syllabusRef"": ""M11A.2.5"", ""level"": null, ""difficulty"": ""MEDIUM""}"
M11A,M11A.11.7(b),,5. Where exactly are these lights positioned relative to the fuselage?,Below the cargo hold,"Forward of the wing leading edge, above cabin floor level",On the tail cone,,"Forward of the wing leading edge, above cabin floor level",MEDIUM,,,,REVIEWED,Rans exact context,1,Module 11 Rans.pdf,"{""raw"": ""5. Where exactly are these lights positioned relative to the fuselage?\na) Below the cargo hold\nb) Forward of the wing leading edge, above cabin floor level\nc) On the tail cone\nPage 2: Emergency Escape Slide Lights"", ""question"": ""5. Where exactly are these lights positioned relative to the fuselage?"", ""options"": [""Below the cargo hold"", ""Forward of the wing leading edge, above cabin floor level"", ""On the tail cone""], ""correct"": null, ""answer_text"": null, ""category"": null, ""source_file"": ""Module 11 Rans.pdf"", ""source_module"": ""M11A"", ""fmt"": ""pdf"", ""module"": ""M11A"", ""syllabusRef"": ""M11A.11.7(b)"", ""level"": null, ""difficulty"": ""MEDIUM""}"
M11A,,,1. How many exterior lights typically illuminate escape slide areas?,Two,Four,Eight,,Four,MEDIUM,,,,REVIEWED,Rans exact context,1,Module 11 Rans.pdf,"{""raw"": ""1. How many exterior lights typically illuminate escape slide areas?\na) Two\nb) Four\nc) Eight"", ""question"": ""1. How many exterior lights typically illuminate escape slide areas?"", ""options"": [""Two"", ""Four"", ""Eight""], ""correct"": null, ""answer_text"": null, ""category"": null, ""source_file"": ""Module 11 Rans.pdf"", ""source_module"": ""M11A"", ""fmt"": ""pdf"", ""module"": ""M11A"", ""difficulty"": ""MEDIUM""}"
M11A,M11A.11.7(b),,2. Which areas do the additional four lights illuminate?,Only the forward entry doors,Overwing escape doors and areas aft of wing trailing edge,The cargo doors,,Overwing escape doors and areas aft of wing trailing edge,MEDIUM,,,,REVIEWED,Rans exact context,1,Module 11 Rans.pdf,"{""raw"": ""2. Which areas do the additional four lights illuminate?\na) Only the forward entry doors\nb) Overwing escape doors and areas aft of wing trailing edge\nc) The cargo doors"", ""question"": ""2. Which areas do the additional four lights illuminate?"", ""options"": [""Only the forward entry doors"", ""Overwing escape doors and areas aft of wing trailing edge"", ""The cargo doors""], ""correct"": null, ""answer_text"": null, ""category"": null, ""source_file"": ""Module 11 Rans.pdf"", ""source_module"": ""M11A"", ""fmt"": ""pdf"", ""module"": ""M11A"", ""syllabusRef"": ""M11A.11.7(b)"", ""level"": null, ""difficulty"": ""MEDIUM""}"
M11A,M11A.11.2(b),,3. What is the purpose of escape slide area lighting?,For passenger comfort,To illuminate escape paths during emergencies,To signal ground crew,,To illuminate escape paths during emergencies,MEDIUM,,,,REVIEWED,Rans exact context,1,Module 11 Rans.pdf,"{""raw"": ""3. What is the purpose of escape slide area lighting?\na) For passenger comfort\nb) To illuminate escape paths during emergencies\nc) To signal ground crew"", ""question"": ""3. What is the purpose of escape slide area lighting?"", ""options"": [""For passenger comfort"", ""To illuminate escape paths during emergencies"", ""To signal ground crew""], ""correct"": null, ""answer_text"": null, ""category"": null, ""source_file"": ""Module 11 Rans.pdf"", ""source_module"": ""M11A"", ""fmt"": ""pdf"", ""module"": ""M11A"", ""syllabusRef"": ""M11A.11.2(b)"", ""level"": null, ""difficulty"": ""MEDIUM""}"
M11A,M11A.11.7(b),,4. Which doors are NOT typically illuminated by these lights?,Forward and aft entry doors,Service doors,Cargo hold doors,,Forward and aft entry doors,MEDIUM,,,,REVIEWED,Rans exact context,1,Module 11 Rans.pdf,"{""raw"": ""4. Which doors are NOT typically illuminated by these lights?\na) Forward and aft entry doors\nb) Service doors\nc) Cargo hold doors"", ""question"": ""4. Which doors are NOT typically illuminated by these lights?"", ""options"": [""Forward and aft entry doors"", ""Service doors"", ""Cargo hold doors""], ""correct"": null, ""answer_text"": null, ""category"": null, ""source_file"": ""Module 11 Rans.pdf"", ""source_module"": ""M11A"", ""fmt"": ""pdf"", ""module"": ""M11A"", ""syllabusRef"": ""M11A.11.7(b)"", ""level"": null, ""difficulty"": ""MEDIUM""}"
M11A,M11A.11.7(a),,5. When would escape slide lights be most critical?,During routine maintenance,In emergency evacuation situations,When boarding passengers,,In emergency evacuation situations,MEDIUM,,,,REVIEWED,Rans exact context,1,Module 11 Rans.pdf,"{""raw"": ""5. When would escape slide lights be most critical?\na) During routine maintenance\nb) In emergency evacuation situations\nc) When boarding passengers\nPage 3: External Light Control Panel"", ""question"": ""5. When would escape slide lights be most critical?"", ""options"": [""During routine maintenance"", ""In emergency evacuation situations"", ""When boarding passengers""], ""correct"": null, ""answer_text"": null, ""category"": null, ""source_file"": ""Module 11 Rans.pdf"", ""source_module"": ""M11A"", ""fmt"": ""pdf"", ""module"": ""M11A"", ""syllabusRef"": ""M11A.11.7(a)"", ""level"": null, ""difficulty"": ""MEDIUM""}"
M11A,M11A.11.04,,1. Where is the external light control panel normally located?,On the lower overhead panel,On the center pedestal,In the cargo hold,,On the lower overhead panel,MEDIUM,,,,REVIEWED,Rans exact context,1,Module 11 Rans.pdf,"{""raw"": ""1. Where is the external light control panel normally located?\na) On the lower overhead panel\nb) On the center pedestal\nc) In the cargo hold"", ""question"": ""1. Where is the external light control panel normally located?"", ""options"": [""On the lower overhead panel"", ""On the center pedestal"", ""In the cargo hold""], ""correct"": null, ""answer_text"": null, ""category"": null, ""source_file"": ""Module 11 Rans.pdf"", ""source_module"": ""M11A"", ""fmt"": ""pdf"", ""module"": ""M11A"", ""syllabusRef"": ""M11A.11.04"", ""level"": null, ""difficulty"": ""MEDIUM""}"
M11A,M11A.11.04,,2. What aircraft model's external light control panel is shown in the figure?,Airbus A320,Boeing 737,Embraer 190,,Airbus A320,MEDIUM,,,,REVIEWED,Rans exact context,1,Module 11 Rans.pdf,"{""raw"": ""2. What aircraft model's external light control panel is shown in the figure?\na) Airbus A320\nb) Boeing 737\nc) Embraer 190"", ""question"": ""2. What aircraft model's external light control panel is shown in the figure?"", ""options"": [""Airbus A320"", ""Boeing 737"", ""Embraer 190""], ""correct"": null, ""answer_text"": null, ""category"": null, ""source_file"": ""Module 11 Rans.pdf"", ""source_module"": ""M11A"", ""fmt"": ""pdf"", ""module"": ""M11A"", ""syllabusRef"": ""M11A.11.04"", ""level"": null, ""difficulty"": ""MEDIUM""}"
M11A,M11A.11.04,,3. Which lights would NOT be controlled from this panel?,Navigation lights,Cabin reading lights,Landing lights,,Cabin reading lights,MEDIUM,,,,REVIEWED,Rans exact context,1,Module 11 Rans.pdf,"{""raw"": ""3. Which lights would NOT be controlled from this panel?\na) Navigation lights\nb) Cabin reading lights\nc) Landing lights"", ""question"": ""3. Which lights would NOT be controlled from this panel?"", ""options"": [""Navigation lights"", ""Cabin reading lights"", ""Landing lights""], ""correct"": null, ""answer_text"": null, ""category"": null, ""source_file"": ""Module 11 Rans.pdf"", ""source_module"": ""M11A"", ""fmt"": ""pdf"", ""module"": ""M11A"", ""syllabusRef"": ""M11A.11.04"", ""level"": null, ""difficulty"": ""MEDIUM""}"
M11A,M11A.11.04,,4. What is the advantage of having all external light controls in one panel?,Easier pilot access and control,Reduced wiring complexity,Both a and b,,Easier pilot access and control,MEDIUM,,,,REVIEWED,Rans exact context,1,Module 11 Rans.pdf,"{""raw"": ""4. What is the advantage of having all external light controls in one panel?\na) Easier pilot access and control\nb) Reduced wiring complexity\nc) Both a and b"", ""question"": ""4. What is the advantage of having all external light controls in one panel?"", ""options"": [""Easier pilot access and control"", ""Reduced wiring complexity"", ""Both a and b""], ""correct"": null, ""answer_text"": null, ""category"": null, ""source_file"": ""Module 11 Rans.pdf"", ""source_module"": ""M11A"", ""fmt"": ""pdf"", ""module"": ""M11A"", ""syllabusRef"": ""M11A.11.04"", ""level"": null, ""difficulty"": ""MEDIUM""}"
M11A,M11A.11.09,,"5. During pre-flight, when would the external light controls first be used?",After reaching cruise altitude,Before engine start for anti-collision lights,Only during night operations,,After reaching cruise altitude,MEDIUM,,,,REVIEWED,Rans exact context,1,Module 11 Rans.pdf,"{""raw"": ""5. During pre-flight, when would the external light controls first be used?\na) After reaching cruise altitude\nb) Before engine start for anti-collision lights\nc) Only during night operations\nPage 1: Emergency Equipment Requirements"", ""question"": ""5. During pre-flight, when would the external light controls first be used?"", ""options"": [""After reaching cruise altitude"", ""Before engine start for anti-collision lights"", ""Only during night operations""], ""correct"": null, ""answer_text"": null, ""category"": null, ""source_file"": ""Module 11 Rans.pdf"", ""source_module"": ""M11A"", ""fmt"": ""pdf"", ""module"": ""M11A"", ""syllabusRef"": ""M11A.11.09"", ""level"": null, ""difficulty"": ""MEDIUM""}"
M11A,M11A.11.7(a),,What determines the specific emergency equipment requirements for different,Airline preference and cost considerations,The aircraft's paint scheme and interior design,EASA certification specifications (CS) for the aircraft category,,EASA certification specifications (CS) for the aircraft category,MEDIUM,,,,REVIEWED,Rans exact context,1,Module 11 Rans.pdf,"{""raw"": ""1. What determines the specific emergency equipment requirements for different\naircraft types?\na) Airline preference and cost considerations\nb) The aircraft's paint scheme and interior design\nc) EASA certification specifications (CS) for the aircraft category"", ""question"": ""What determines the specific emergency equipment requirements for different"", ""options"": [""Airline preference and cost considerations"", ""The aircraft's paint scheme and interior design"", ""EASA certification specifications (CS) for the aircraft category""], ""correct"": null, ""answer_text"": null, ""category"": null, ""source_file"": ""Module 11 Rans.pdf"", ""source_module"": ""M11A"", ""fmt"": ""pdf"", ""module"": ""M11A"", ""syllabusRef"": ""M11A.11.7(a)"", ""level"": null, ""difficulty"": ""MEDIUM""}"
M11A,M11A.11.07,,250-seat aircraft?,2 extinguishers,4 extinguishers,6 extinguishers,,4 extinguishers,EASY,2. How many portable fire extinguishers would CS.25.851(a)(1) require for a,,,REVIEWED,Extra KB direct (score=4),1,Module 11 Rans.pdf,"{""raw"": ""2. How many portable fire extinguishers would CS.25.851(a)(1) require for a\n250-seat aircraft?\na) 2 extinguishers\nb) 4 extinguishers\nc) 6 extinguishers"", ""question"": ""250-seat aircraft?"", ""options"": [""2 extinguishers"", ""4 extinguishers"", ""6 extinguishers""], ""correct"": null, ""answer_text"": null, ""category"": ""2. How many portable fire extinguishers would CS.25.851(a)(1) require for a"", ""source_file"": ""Module 11 Rans.pdf"", ""source_module"": ""M11A"", ""fmt"": ""pdf"", ""module"": ""M11A"", ""syllabusRef"": ""M11A.11.07"", ""level"": null, ""difficulty"": ""EASY""}"
M11A,M11A.11.7(a),,3. What is the operator's responsibility regarding emergency equipment?,To modify locations based on passenger load,Ensure presence and airworthiness for each flight,Only check equipment during major maintenance,,To modify locations based on passenger load,MEDIUM,,,,REVIEWED,Rans exact context,1,Module 11 Rans.pdf,"{""raw"": ""3. What is the operator's responsibility regarding emergency equipment?\na) To modify locations based on passenger load\nb) Ensure presence and airworthiness for each flight\nc) Only check equipment during major maintenance\nPage 2: Emergency Equipment Standards"", ""question"": ""3. What is the operator's responsibility regarding emergency equipment?"", ""options"": [""To modify locations based on passenger load"", ""Ensure presence and airworthiness for each flight"", ""Only check equipment during major maintenance""], ""correct"": null, ""answer_text"": null, ""category"": null, ""source_file"": ""Module 11 Rans.pdf"", ""source_module"": ""M11A"", ""fmt"": ""pdf"", ""module"": ""M11A"", ""syllabusRef"": ""M11A.11.7(a)"", ""level"": null, ""difficulty"": ""MEDIUM""}"
M11A,M11A.11.03,,1. Where would technicians find detailed installation procedures for life rafts?,In the aircraft flight manual,In the aircraft maintenance manual,In the passenger safety cards,,In the aircraft flight manual,MEDIUM,,,,REVIEWED,Rans exact context,1,Module 11 Rans.pdf,"{""raw"": ""1. Where would technicians find detailed installation procedures for life rafts?\na) In the aircraft flight manual\nb) In the aircraft maintenance manual\nc) In the passenger safety cards"", ""question"": ""1. Where would technicians find detailed installation procedures for life rafts?"", ""options"": [""In the aircraft flight manual"", ""In the aircraft maintenance manual"", ""In the passenger safety cards""], ""correct"": null, ""answer_text"": null, ""category"": null, ""source_file"": ""Module 11 Rans.pdf"", ""source_module"": ""M11A"", ""fmt"": ""pdf"", ""module"": ""M11A"", ""syllabusRef"": ""M11A.11.03"", ""level"": null, ""difficulty"": ""MEDIUM""}"
M11A,M11A.11.4(d),,2. What is unique about pressurized raft and door-slide installations?,They must be painted bright yellow for visibility,Specific arming procedures prevent inadvertent deployment,They only function when connected to aircraft power,,They must be painted bright yellow for visibility,MEDIUM,,,,REVIEWED,Rans exact context,1,Module 11 Rans.pdf,"{""raw"": ""2. What is unique about pressurized raft and door-slide installations?\na) They must be painted bright yellow for visibility\nb) Specific arming procedures prevent inadvertent deployment\nc) They only function when connected to aircraft power"", ""question"": ""2. What is unique about pressurized raft and door-slide installations?"", ""options"": [""They must be painted bright yellow for visibility"", ""Specific arming procedures prevent inadvertent deployment"", ""They only function when connected to aircraft power""], ""correct"": null, ""answer_text"": null, ""category"": null, ""source_file"": ""Module 11 Rans.pdf"", ""source_module"": ""M11A"", ""fmt"": ""pdf"", ""module"": ""M11A"", ""syllabusRef"": ""M11A.11.4(d)"", ""level"": null, ""difficulty"": ""MEDIUM""}"
M11A,M11A.11.7(a),,3. How are emergency equipment batteries typically maintained?,Replaced based on flight hours only,Serviced on a calendar basis,Only checked during C-checks,,Replaced based on flight hours only,MEDIUM,,,,REVIEWED,Rans exact context,1,Module 11 Rans.pdf,"{""raw"": ""3. How are emergency equipment batteries typically maintained?\na) Replaced based on flight hours only\nb) Serviced on a calendar basis\nc) Only checked during C-checks\nPage 3: Emergency Lighting Systems"", ""question"": ""3. How are emergency equipment batteries typically maintained?"", ""options"": [""Replaced based on flight hours only"", ""Serviced on a calendar basis"", ""Only checked during C-checks""], ""correct"": null, ""answer_text"": null, ""category"": null, ""source_file"": ""Module 11 Rans.pdf"", ""source_module"": ""M11A"", ""fmt"": ""pdf"", ""module"": ""M11A"", ""syllabusRef"": ""M11A.11.7(a)"", ""level"": null, ""difficulty"": ""MEDIUM""}"
M11A,M11A.11.03,,1. How are emergency lights powered during normal operations?,By dedicated generators,Through trickle-charged batteries connected to aircraft power,Using solar panels on the fuselage,,Through trickle-charged batteries connected to aircraft power,MEDIUM,,,,REVIEWED,Rans exact context,1,Module 11 Rans.pdf,"{""raw"": ""1. How are emergency lights powered during normal operations?\na) By dedicated generators\nb) Through trickle-charged batteries connected to aircraft power\nc) Using solar panels on the fuselage"", ""question"": ""1. How are emergency lights powered during normal operations?"", ""options"": [""By dedicated generators"", ""Through trickle-charged batteries connected to aircraft power"", ""Using solar panels on the fuselage""], ""correct"": null, ""answer_text"": null, ""category"": null, ""source_file"": ""Module 11 Rans.pdf"", ""source_module"": ""M11A"", ""fmt"": ""pdf"", ""module"": ""M11A"", ""syllabusRef"": ""M11A.11.03"", ""level"": null, ""difficulty"": ""MEDIUM""}"
M11A,M11A.11.04,,2. When would emergency exit lights switch to battery power?,Only during cabin depressurization,When the aircraft's main power buses fail,When the flight crew manually activates them,,When the aircraft's main power buses fail,MEDIUM,,,,REVIEWED,Rans exact context,1,Module 11 Rans.pdf,"{""raw"": ""2. When would emergency exit lights switch to battery power?\na) Only during cabin depressurization\nb) When the aircraft's main power buses fail\nc) When the flight crew manually activates them"", ""question"": ""2. When would emergency exit lights switch to battery power?"", ""options"": [""Only during cabin depressurization"", ""When the aircraft's main power buses fail"", ""When the flight crew manually activates them""], ""correct"": null, ""answer_text"": null, ""category"": null, ""source_file"": ""Module 11 Rans.pdf"", ""source_module"": ""M11A"", ""fmt"": ""pdf"", ""module"": ""M11A"", ""syllabusRef"": ""M11A.11.04"", ""level"": null, ""difficulty"": ""MEDIUM""}"
M11A,M11A.11.09,,3. What is the operational status of EXIT lights during normal flight?,Only illuminated during taxi,Permanently switched on,Activated by smoke detectors,,Activated by smoke detectors,MEDIUM,,,,REVIEWED,Rans exact context,1,Module 11 Rans.pdf,"{""raw"": ""3. What is the operational status of EXIT lights during normal flight?\na) Only illuminated during taxi\nb) Permanently switched on\nc) Activated by smoke detectors\nPage 4: Seating Systems"", ""question"": ""3. What is the operational status of EXIT lights during normal flight?"", ""options"": [""Only illuminated during taxi"", ""Permanently switched on"", ""Activated by smoke detectors""], ""correct"": null, ""answer_text"": null, ""category"": null, ""source_file"": ""Module 11 Rans.pdf"", ""source_module"": ""M11A"", ""fmt"": ""pdf"", ""module"": ""M11A"", ""syllabusRef"": ""M11A.11.09"", ""level"": null, ""difficulty"": ""MEDIUM""}"
M11A,M11A.11.4,,1. How are passenger seats typically secured to the cabin floor?,With permanent weldments,Using quick-disconnect fittings in seat tracks,Via magnetic locking plates,,Using quick-disconnect fittings in seat tracks,MEDIUM,,,,REVIEWED,Rans exact context,1,Module 11 Rans.pdf,"{""raw"": ""1. How are passenger seats typically secured to the cabin floor?\na) With permanent weldments\nb) Using quick-disconnect fittings in seat tracks\nc) Via magnetic locking plates"", ""question"": ""1. How are passenger seats typically secured to the cabin floor?"", ""options"": [""With permanent weldments"", ""Using quick-disconnect fittings in seat tracks"", ""Via magnetic locking plates""], ""correct"": null, ""answer_text"": null, ""category"": null, ""source_file"": ""Module 11 Rans.pdf"", ""source_module"": ""M11A"", ""fmt"": ""pdf"", ""module"": ""M11A"", ""syllabusRef"": ""M11A.11.4"", ""level"": null, ""difficulty"": ""MEDIUM""}"
M11A,M11A.11.4,,2. What is the purpose of luggage restraint rails on seats?,To prevent luggage sliding during abrupt deceleration,To provide attachment points for child seats,To mark seat spacing for cabin crew,,To prevent luggage sliding during abrupt deceleration,MEDIUM,,,,REVIEWED,Rans exact context,1,Module 11 Rans.pdf,"{""raw"": ""2. What is the purpose of luggage restraint rails on seats?\na) To prevent luggage sliding during abrupt deceleration\nb) To provide attachment points for child seats\nc) To mark seat spacing for cabin crew"", ""question"": ""2. What is the purpose of luggage restraint rails on seats?"", ""options"": [""To prevent luggage sliding during abrupt deceleration"", ""To provide attachment points for child seats"", ""To mark seat spacing for cabin crew""], ""correct"": null, ""answer_text"": null, ""category"": null, ""source_file"": ""Module 11 Rans.pdf"", ""source_module"": ""M11A"", ""fmt"": ""pdf"", ""module"": ""M11A"", ""syllabusRef"": ""M11A.11.4"", ""level"": null, ""difficulty"": ""MEDIUM""}"
M11A,M11A.11.04,,3. What feature distinguishes flight deck seats from passenger seats?,They use different mounting track systems,They incorporate five-point harnesses,They cannot be adjusted fore/aft,,They use different mounting track systems,MEDIUM,,,,REVIEWED,Rans exact context,1,Module 11 Rans.pdf,"{""raw"": ""3. What feature distinguishes flight deck seats from passenger seats?\na) They use different mounting track systems\nb) They incorporate five-point harnesses\nc) They cannot be adjusted fore/aft\nPage 5: Cabin Configuration"", ""question"": ""3. What feature distinguishes flight deck seats from passenger seats?"", ""options"": [""They use different mounting track systems"", ""They incorporate five-point harnesses"", ""They cannot be adjusted fore/aft""], ""correct"": null, ""answer_text"": null, ""category"": null, ""source_file"": ""Module 11 Rans.pdf"", ""source_module"": ""M11A"", ""fmt"": ""pdf"", ""module"": ""M11A"", ""syllabusRef"": ""M11A.11.04"", ""level"": null, ""difficulty"": ""MEDIUM""}"
M11A,M11A.11.2(b),,1. What determines the maximum seat pitch in economy class?,CS specifications for minimum passenger space,Airline operator decisions only,The length of the seat tracks,,CS specifications for minimum passenger space,MEDIUM,,,,REVIEWED,Rans exact context,1,Module 11 Rans.pdf,"{""raw"": ""1. What determines the maximum seat pitch in economy class?\na) CS specifications for minimum passenger space\nb) Airline operator decisions only\nc) The length of the seat tracks"", ""question"": ""1. What determines the maximum seat pitch in economy class?"", ""options"": [""CS specifications for minimum passenger space"", ""Airline operator decisions only"", ""The length of the seat tracks""], ""correct"": null, ""answer_text"": null, ""category"": null, ""source_file"": ""Module 11 Rans.pdf"", ""source_module"": ""M11A"", ""fmt"": ""pdf"", ""module"": ""M11A"", ""syllabusRef"": ""M11A.11.2(b)"", ""level"": null, ""difficulty"": ""MEDIUM""}"
M11A,M11A.3.000,,2. Where is the Seat Electronics Unit (SEU) typically located?,In the overhead bins,Under each passenger seat,In the galley areas,,In the overhead bins,MEDIUM,,,,REVIEWED,Rans exact context,1,Module 11 Rans.pdf,"{""raw"": ""2. Where is the Seat Electronics Unit (SEU) typically located?\na) In the overhead bins\nb) Under each passenger seat\nc) In the galley areas"", ""question"": ""2. Where is the Seat Electronics Unit (SEU) typically located?"", ""options"": [""In the overhead bins"", ""Under each passenger seat"", ""In the galley areas""], ""correct"": null, ""answer_text"": null, ""category"": null, ""source_file"": ""Module 11 Rans.pdf"", ""source_module"": ""M11A"", ""fmt"": ""pdf"", ""module"": ""M11A"", ""syllabusRef"": ""M11A.3.000"", ""level"": null, ""difficulty"": ""MEDIUM""}"
M11A,M11A.11.02,,3. What structural component transfers seat loads to the airframe?,The seat tracks bolted to fuselage frames,The cabin floor panels,The seat cushion mounting brackets,,The seat tracks bolted to fuselage frames,MEDIUM,,,,REVIEWED,Rans exact context,1,Module 11 Rans.pdf,"{""raw"": ""3. What structural component transfers seat loads to the airframe?\na) The seat tracks bolted to fuselage frames\nb) The cabin floor panels\nc) The seat cushion mounting brackets\nQuestion Set 1 (From \""Ejector Pumps\"" Page)"", ""question"": ""3. What structural component transfers seat loads to the airframe?"", ""options"": [""The seat tracks bolted to fuselage frames"", ""The cabin floor panels"", ""The seat cushion mounting brackets""], ""correct"": null, ""answer_text"": null, ""category"": null, ""source_file"": ""Module 11 Rans.pdf"", ""source_module"": ""M11A"", ""fmt"": ""pdf"", ""module"": ""M11A"", ""syllabusRef"": ""M11A.11.02"", ""level"": null, ""difficulty"": ""MEDIUM""}"
M11A,M11A.3.000,,1. What is the primary function of the venturi in an ejector pump system?,To increase fuel temperature,To create a depression that draws fuel from the tank,To filter out water contamination,,To create a depression that draws fuel from the tank,MEDIUM,,,,REVIEWED,Rans exact context,1,Module 11 Rans.pdf,"{""raw"": ""1. What is the primary function of the venturi in an ejector pump system?\na) To increase fuel temperature\nb) To create a depression that draws fuel from the tank\nc) To filter out water contamination"", ""question"": ""1. What is the primary function of the venturi in an ejector pump system?"", ""options"": [""To increase fuel temperature"", ""To create a depression that draws fuel from the tank"", ""To filter out water contamination""], ""correct"": null, ""answer_text"": null, ""category"": null, ""source_file"": ""Module 11 Rans.pdf"", ""source_module"": ""M11A"", ""fmt"": ""pdf"", ""module"": ""M11A"", ""syllabusRef"": ""M11A.3.000"", ""level"": null, ""difficulty"": ""MEDIUM""}"
M11A,M11A.3.000,,2. Where is the fuel bled from to power the ejector pump?,The engine high-pressure compressor,The booster pump outlet,The cross-feed valve,,The engine high-pressure compressor,MEDIUM,,,,REVIEWED,Rans exact context,1,Module 11 Rans.pdf,"{""raw"": ""2. Where is the fuel bled from to power the ejector pump?\na) The engine high-pressure compressor\nb) The booster pump outlet\nc) The cross-feed valve"", ""question"": ""2. Where is the fuel bled from to power the ejector pump?"", ""options"": [""The engine high-pressure compressor"", ""The booster pump outlet"", ""The cross-feed valve""], ""correct"": null, ""answer_text"": null, ""category"": null, ""source_file"": ""Module 11 Rans.pdf"", ""source_module"": ""M11A"", ""fmt"": ""pdf"", ""module"": ""M11A"", ""syllabusRef"": ""M11A.3.000"", ""level"": null, ""difficulty"": ""MEDIUM""}"
M11A,M11A.3.000,,3. What component ensures ejector pumps do not overpressurize the system?,Flapper valves,Pressure relief valves,Low sump level switch,,Low sump level switch,MEDIUM,,,,REVIEWED,Rans exact context,1,Module 11 Rans.pdf,"{""raw"": ""3. What component ensures ejector pumps do not overpressurize the system?\na) Flapper valves\nb) Pressure relief valves\nc) Low sump level switch"", ""question"": ""3. What component ensures ejector pumps do not overpressurize the system?"", ""options"": [""Flapper valves"", ""Pressure relief valves"", ""Low sump level switch""], ""correct"": null, ""answer_text"": null, ""category"": null, ""source_file"": ""Module 11 Rans.pdf"", ""source_module"": ""M11A"", ""fmt"": ""pdf"", ""module"": ""M11A"", ""syllabusRef"": ""M11A.3.000"", ""level"": null, ""difficulty"": ""MEDIUM""}"
M11A,M11A.81.2,,4. How does fuel exit the ejector pump assembly?,Directly to the engine,Into the next tank or collector box,Back to the boost pump inlet,,Into the next tank or collector box,EASY,,,,REVIEWED,Rans exact context,1,Module 11 Rans.pdf,"{""raw"": ""4. How does fuel exit the ejector pump assembly?\na) Directly to the engine\nb) Into the next tank or collector box\nc) Back to the boost pump inlet"", ""question"": ""4. How does fuel exit the ejector pump assembly?"", ""options"": [""Directly to the engine"", ""Into the next tank or collector box"", ""Back to the boost pump inlet""], ""correct"": null, ""answer_text"": null, ""category"": null, ""source_file"": ""Module 11 Rans.pdf"", ""source_module"": ""M11A"", ""fmt"": ""pdf"", ""module"": ""M11A"", ""syllabusRef"": ""M11A.81.2"", ""level"": null, ""difficulty"": ""EASY""}"
M11A,M11A.3.000,,5. What prevents backflow in the ejector pump system?,Thermal fuse,Check valve,Air bleed line,,Thermal fuse,MEDIUM,,,,REVIEWED,Rans exact context,1,Module 11 Rans.pdf,"{""raw"": ""5. What prevents backflow in the ejector pump system?\na) Thermal fuse\nb) Check valve\nc) Air bleed line\nQuestion Set 2 (From \""Fuel Feed Components\"" Page)"", ""question"": ""5. What prevents backflow in the ejector pump system?"", ""options"": [""Thermal fuse"", ""Check valve"", ""Air bleed line""], ""correct"": null, ""answer_text"": null, ""category"": null, ""source_file"": ""Module 11 Rans.pdf"", ""source_module"": ""M11A"", ""fmt"": ""pdf"", ""module"": ""M11A"", ""syllabusRef"": ""M11A.3.000"", ""level"": null, ""difficulty"": ""MEDIUM""}"
M11A,M11A.3.000,,1. What is the typical output pressure of a centrifugal booster pump at zero flow?,15 p.s.i.,38 p.s.i.,100 p.s.i.,,15 p.s.i.,MEDIUM,,,,REVIEWED,Rans exact context,1,Module 11 Rans.pdf,"{""raw"": ""1. What is the typical output pressure of a centrifugal booster pump at zero flow?\na) 15 p.s.i.\nb) 38 p.s.i.\nc) 100 p.s.i."", ""question"": ""1. What is the typical output pressure of a centrifugal booster pump at zero flow?"", ""options"": [""15 p.s.i."", ""38 p.s.i."", ""100 p.s.i.""], ""correct"": null, ""answer_text"": null, ""category"": null, ""source_file"": ""Module 11 Rans.pdf"", ""source_module"": ""M11A"", ""fmt"": ""pdf"", ""module"": ""M11A"", ""syllabusRef"": ""M11A.3.000"", ""level"": null, ""difficulty"": ""MEDIUM""}"
M11A,M11A.81.2,,2. Why are booster pumps installed in canister assemblies?,To reduce noise,To allow replacement without defueling,To increase fuel density,,To allow replacement without defueling,MEDIUM,,,,REVIEWED,Rans exact context,1,Module 11 Rans.pdf,"{""raw"": ""2. Why are booster pumps installed in canister assemblies?\na) To reduce noise\nb) To allow replacement without defueling\nc) To increase fuel density"", ""question"": ""2. Why are booster pumps installed in canister assemblies?"", ""options"": [""To reduce noise"", ""To allow replacement without defueling"", ""To increase fuel density""], ""correct"": null, ""answer_text"": null, ""category"": null, ""source_file"": ""Module 11 Rans.pdf"", ""source_module"": ""M11A"", ""fmt"": ""pdf"", ""module"": ""M11A"", ""syllabusRef"": ""M11A.81.2"", ""level"": null, ""difficulty"": ""MEDIUM""}"
M11A,M11A.81.2,,3. What activates the thermal fuse in a booster pump?,Low fuel flow,Excessive voltage,Temperatures near 175°C,,Low fuel flow,MEDIUM,,,,REVIEWED,Rans exact context,1,Module 11 Rans.pdf,"{""raw"": ""3. What activates the thermal fuse in a booster pump?\na) Low fuel flow\nb) Excessive voltage\nc) Temperatures near 175°C"", ""question"": ""3. What activates the thermal fuse in a booster pump?"", ""options"": [""Low fuel flow"", ""Excessive voltage"", ""Temperatures near 175°C""], ""correct"": null, ""answer_text"": null, ""category"": null, ""source_file"": ""Module 11 Rans.pdf"", ""source_module"": ""M11A"", ""fmt"": ""pdf"", ""module"": ""M11A"", ""syllabusRef"": ""M11A.81.2"", ""level"": null, ""difficulty"": ""MEDIUM""}"
M11A,M11A.11.4(d),,4. Up to what altitude can suction feed typically operate?,"3,000 feet","6,000 feet","10,000 feet",,"3,000 feet",MEDIUM,,,,REVIEWED,Rans exact context,1,Module 11 Rans.pdf,"{""raw"": ""4. Up to what altitude can suction feed typically operate?\na) 3,000 feet\nb) 6,000 feet\nc) 10,000 feet"", ""question"": ""4. Up to what altitude can suction feed typically operate?"", ""options"": [""3,000 feet"", ""6,000 feet"", ""10,000 feet""], ""correct"": null, ""answer_text"": null, ""category"": null, ""source_file"": ""Module 11 Rans.pdf"", ""source_module"": ""M11A"", ""fmt"": ""pdf"", ""module"": ""M11A"", ""syllabusRef"": ""M11A.11.4(d)"", ""level"": null, ""difficulty"": ""MEDIUM""}"
M11A,M11A.3.000,,5. Which valve reduces pressure drop during suction feed?,Non-return valve,By-pass valve,Pressure relief valve,,Non-return valve,MEDIUM,,,,REVIEWED,Rans exact context,1,Module 11 Rans.pdf,"{""raw"": ""5. Which valve reduces pressure drop during suction feed?\na) Non-return valve\nb) By-pass valve\nc) Pressure relief valve\nQuestion Set 3 (From \""Engine Fuel Feed (Fuel Cells)\"" Page)"", ""question"": ""5. Which valve reduces pressure drop during suction feed?"", ""options"": [""Non-return valve"", ""By-pass valve"", ""Pressure relief valve""], ""correct"": null, ""answer_text"": null, ""category"": null, ""source_file"": ""Module 11 Rans.pdf"", ""source_module"": ""M11A"", ""fmt"": ""pdf"", ""module"": ""M11A"", ""syllabusRef"": ""M11A.3.000"", ""level"": null, ""difficulty"": ""MEDIUM""}"
M11A,M11A.3.000,,1. How is the cross-feed valve in a multi-tank system actuated?,Hydraulic pressure,Double motor actuator,Manual lever,,Double motor actuator,MEDIUM,,,,REVIEWED,Rans exact context,1,Module 11 Rans.pdf,"{""raw"": ""1. How is the cross-feed valve in a multi-tank system actuated?\na) Hydraulic pressure\nb) Double motor actuator\nc) Manual lever"", ""question"": ""1. How is the cross-feed valve in a multi-tank system actuated?"", ""options"": [""Hydraulic pressure"", ""Double motor actuator"", ""Manual lever""], ""correct"": null, ""answer_text"": null, ""category"": null, ""source_file"": ""Module 11 Rans.pdf"", ""source_module"": ""M11A"", ""fmt"": ""pdf"", ""module"": ""M11A"", ""syllabusRef"": ""M11A.3.000"", ""level"": null, ""difficulty"": ""MEDIUM""}"
M11A,M11A.81.2,,2. What ensures fuel supply during negative G maneuvers?,Collector box with flap non-return valves,Auxiliary DC pumps,Gravity feed bypass only,,Collector box with flap non-return valves,MEDIUM,,,,REVIEWED,Rans exact context,1,Module 11 Rans.pdf,"{""raw"": ""2. What ensures fuel supply during negative G maneuvers?\na) Collector box with flap non-return valves\nb) Auxiliary DC pumps\nc) Gravity feed bypass only"", ""question"": ""2. What ensures fuel supply during negative G maneuvers?"", ""options"": [""Collector box with flap non-return valves"", ""Auxiliary DC pumps"", ""Gravity feed bypass only""], ""correct"": null, ""answer_text"": null, ""category"": null, ""source_file"": ""Module 11 Rans.pdf"", ""source_module"": ""M11A"", ""fmt"": ""pdf"", ""module"": ""M11A"", ""syllabusRef"": ""M11A.81.2"", ""level"": null, ""difficulty"": ""MEDIUM""}"
M11A,M11A.2.5,,3. Where are the engine LP valves typically mounted?,Rear spar,Front spar,Wingtip,,Rear spar,MEDIUM,,,,REVIEWED,Rans exact context,1,Module 11 Rans.pdf,"{""raw"": ""3. Where are the engine LP valves typically mounted?\na) Rear spar\nb) Front spar\nc) Wingtip"", ""question"": ""3. Where are the engine LP valves typically mounted?"", ""options"": [""Rear spar"", ""Front spar"", ""Wingtip""], ""correct"": null, ""answer_text"": null, ""category"": null, ""source_file"": ""Module 11 Rans.pdf"", ""source_module"": ""M11A"", ""fmt"": ""pdf"", ""module"": ""M11A"", ""syllabusRef"": ""M11A.2.5"", ""level"": null, ""difficulty"": ""MEDIUM""}"
M11A,M11A.11.9(c),,4. What prioritizes center tank pump operation when all pumps are running?,Thermal trip devices,Pressure relief sequence valves,Canister shut-off valves,,Pressure relief sequence valves,MEDIUM,,,,REVIEWED,Rans exact context,1,Module 11 Rans.pdf,"{""raw"": ""4. What prioritizes center tank pump operation when all pumps are running?\na) Thermal trip devices\nb) Pressure relief sequence valves\nc) Canister shut-off valves"", ""question"": ""4. What prioritizes center tank pump operation when all pumps are running?"", ""options"": [""Thermal trip devices"", ""Pressure relief sequence valves"", ""Canister shut-off valves""], ""correct"": null, ""answer_text"": null, ""category"": null, ""source_file"": ""Module 11 Rans.pdf"", ""source_module"": ""M11A"", ""fmt"": ""pdf"", ""module"": ""M11A"", ""syllabusRef"": ""M11A.11.9(c)"", ""level"": null, ""difficulty"": ""MEDIUM""}"
M11A,M11A.3.000,,5. How are the two actuators for the LP valves powered?,Same bus bar,Different bus bars,Pneumatic system,,Different bus bars,MEDIUM,,,,REVIEWED,Rans exact context,1,Module 11 Rans.pdf,"{""raw"": ""5. How are the two actuators for the LP valves powered?\na) Same bus bar\nb) Different bus bars\nc) Pneumatic system\nQuestion Set 4 (From \""Engine Fuel Feed (Multi Tank)\"" Page)"", ""question"": ""5. How are the two actuators for the LP valves powered?"", ""options"": [""Same bus bar"", ""Different bus bars"", ""Pneumatic system""], ""correct"": null, ""answer_text"": null, ""category"": null, ""source_file"": ""Module 11 Rans.pdf"", ""source_module"": ""M11A"", ""fmt"": ""pdf"", ""module"": ""M11A"", ""syllabusRef"": ""M11A.3.000"", ""level"": null, ""difficulty"": ""MEDIUM""}"
M11A,M11A.3.000,,1. Where are booster pumps located in a collector tank system?,Wing leading edge,Integral to each main tank,Within the collector tank,,Wing leading edge,MEDIUM,,,,REVIEWED,Rans exact context,1,Module 11 Rans.pdf,"{""raw"": ""1. Where are booster pumps located in a collector tank system?\na) Wing leading edge\nb) Integral to each main tank\nc) Within the collector tank"", ""question"": ""1. Where are booster pumps located in a collector tank system?"", ""options"": [""Wing leading edge"", ""Integral to each main tank"", ""Within the collector tank""], ""correct"": null, ""answer_text"": null, ""category"": null, ""source_file"": ""Module 11 Rans.pdf"", ""source_module"": ""M11A"", ""fmt"": ""pdf"", ""module"": ""M11A"", ""syllabusRef"": ""M11A.3.000"", ""level"": null, ""difficulty"": ""MEDIUM""}"
M11A,M11A.11.9(c),,2. What prevents reverse flow in a booster pump system?,Flapper valves,Check valves,Air release valves,,Air release valves,MEDIUM,,,,REVIEWED,Rans exact context,1,Module 11 Rans.pdf,"{""raw"": ""2. What prevents reverse flow in a booster pump system?\na) Flapper valves\nb) Check valves\nc) Air release valves"", ""question"": ""2. What prevents reverse flow in a booster pump system?"", ""options"": [""Flapper valves"", ""Check valves"", ""Air release valves""], ""correct"": null, ""answer_text"": null, ""category"": null, ""source_file"": ""Module 11 Rans.pdf"", ""source_module"": ""M11A"", ""fmt"": ""pdf"", ""module"": ""M11A"", ""syllabusRef"": ""M11A.11.9(c)"", ""level"": null, ""difficulty"": ""MEDIUM""}"
M11A,M11A.11.03,,3. Which aircraft is referenced for booster pump locations?,A320,B787,Concorde,,A320,MEDIUM,,,,REVIEWED,Rans exact context,1,Module 11 Rans.pdf,"{""raw"": ""3. Which aircraft is referenced for booster pump locations?\na) A320\nb) B787\nc) Concorde"", ""question"": ""3. Which aircraft is referenced for booster pump locations?"", ""options"": [""A320"", ""B787"", ""Concorde""], ""correct"": null, ""answer_text"": null, ""category"": null, ""source_file"": ""Module 11 Rans.pdf"", ""source_module"": ""M11A"", ""fmt"": ""pdf"", ""module"": ""M11A"", ""syllabusRef"": ""M11A.11.03"", ""level"": null, ""difficulty"": ""MEDIUM""}"
M11A,M11A.81.2,,4. What is the purpose of grouping tanks to feed collector tanks?,To reduce pump count,To increase fuel temperature,To simplify wing structure,,To reduce pump count,MEDIUM,,,,REVIEWED,Rans exact context,1,Module 11 Rans.pdf,"{""raw"": ""4. What is the purpose of grouping tanks to feed collector tanks?\na) To reduce pump count\nb) To increase fuel temperature\nc) To simplify wing structure"", ""question"": ""4. What is the purpose of grouping tanks to feed collector tanks?"", ""options"": [""To reduce pump count"", ""To increase fuel temperature"", ""To simplify wing structure""], ""correct"": null, ""answer_text"": null, ""category"": null, ""source_file"": ""Module 11 Rans.pdf"", ""source_module"": ""M11A"", ""fmt"": ""pdf"", ""module"": ""M11A"", ""syllabusRef"": ""M11A.81.2"", ""level"": null, ""difficulty"": ""MEDIUM""}"
M11A,M11A.11.4(b),,5. What type of pump is typically used in collector tanks?,Gear pump,Centrifugal pump,Reciprocating pump,,Gear pump,MEDIUM,,,,REVIEWED,Rans exact context,1,Module 11 Rans.pdf,"{""raw"": ""5. What type of pump is typically used in collector tanks?\na) Gear pump\nb) Centrifugal pump\nc) Reciprocating pump\nQuestion Set 5 (From \""Supply Systems\"" Page)"", ""question"": ""5. What type of pump is typically used in collector tanks?"", ""options"": [""Gear pump"", ""Centrifugal pump"", ""Reciprocating pump""], ""correct"": null, ""answer_text"": null, ""category"": null, ""source_file"": ""Module 11 Rans.pdf"", ""source_module"": ""M11A"", ""fmt"": ""pdf"", ""module"": ""M11A"", ""syllabusRef"": ""M11A.11.4(b)"", ""level"": null, ""difficulty"": ""MEDIUM""}"
M11A,M11A.81.2,,1. What must fuel tank filler connections be marked with?,Serial number,Type of fuel,Maximum pressure,,Serial number,MEDIUM,,,,REVIEWED,Rans exact context,1,Module 11 Rans.pdf,"{""raw"": ""1. What must fuel tank filler connections be marked with?\na) Serial number\nb) Type of fuel\nc) Maximum pressure"", ""question"": ""1. What must fuel tank filler connections be marked with?"", ""options"": [""Serial number"", ""Type of fuel"", ""Maximum pressure""], ""correct"": null, ""answer_text"": null, ""category"": null, ""source_file"": ""Module 11 Rans.pdf"", ""source_module"": ""M11A"", ""fmt"": ""pdf"", ""module"": ""M11A"", ""syllabusRef"": ""M11A.81.2"", ""level"": null, ""difficulty"": ""MEDIUM""}"
M11A,M11A.81.2,,2. How must cross-feed lines through crew compartments be protected?,Insulated with foam,Enclosed in fuel-proof enclosures,Painted fluorescent orange,,Enclosed in fuel-proof enclosures,MEDIUM,,,,REVIEWED,Rans exact context,1,Module 11 Rans.pdf,"{""raw"": ""2. How must cross-feed lines through crew compartments be protected?\na) Insulated with foam\nb) Enclosed in fuel-proof enclosures\nc) Painted fluorescent orange"", ""question"": ""2. How must cross-feed lines through crew compartments be protected?"", ""options"": [""Insulated with foam"", ""Enclosed in fuel-proof enclosures"", ""Painted fluorescent orange""], ""correct"": null, ""answer_text"": null, ""category"": null, ""source_file"": ""Module 11 Rans.pdf"", ""source_module"": ""M11A"", ""fmt"": ""pdf"", ""module"": ""M11A"", ""syllabusRef"": ""M11A.81.2"", ""level"": null, ""difficulty"": ""MEDIUM""}"
M11A,M11A.81.2,,3. What prevents ice deposition in fuel systems?,Heated filters,Water scavenging systems,Thermal fuses,,Water scavenging systems,EASY,,,,REVIEWED,Rans exact context,1,Module 11 Rans.pdf,"{""raw"": ""3. What prevents ice deposition in fuel systems?\na) Heated filters\nb) Water scavenging systems\nc) Thermal fuses"", ""question"": ""3. What prevents ice deposition in fuel systems?"", ""options"": [""Heated filters"", ""Water scavenging systems"", ""Thermal fuses""], ""correct"": null, ""answer_text"": null, ""category"": null, ""source_file"": ""Module 11 Rans.pdf"", ""source_module"": ""M11A"", ""fmt"": ""pdf"", ""module"": ""M11A"", ""syllabusRef"": ""M11A.81.2"", ""level"": null, ""difficulty"": ""EASY""}"
M11A,M11A.81.2,,4. Where must fuel strainers be located?,At tank outlets or booster pump inlets,Only in collector tanks,Near cross-feed valves,,At tank outlets or booster pump inlets,EASY,,,,REVIEWED,Rans exact context,1,Module 11 Rans.pdf,"{""raw"": ""4. Where must fuel strainers be located?\na) At tank outlets or booster pump inlets\nb) Only in collector tanks\nc) Near cross-feed valves"", ""question"": ""4. Where must fuel strainers be located?"", ""options"": [""At tank outlets or booster pump inlets"", ""Only in collector tanks"", ""Near cross-feed valves""], ""correct"": null, ""answer_text"": null, ""category"": null, ""source_file"": ""Module 11 Rans.pdf"", ""source_module"": ""M11A"", ""fmt"": ""pdf"", ""module"": ""M11A"", ""syllabusRef"": ""M11A.81.2"", ""level"": null, ""difficulty"": ""EASY""}"
M11A,M11A.11.4(e),,5. What ensures fuel lines withstand deformation without leaking?,Redundant valves,Flexible couplings,Proper support and design,,Proper support and design,MEDIUM,,,,REVIEWED,Rans exact context,1,Module 11 Rans.pdf,"{""raw"": ""5. What ensures fuel lines withstand deformation without leaking?\na) Redundant valves\nb) Flexible couplings\nc) Proper support and design\nQuestion Set 6 (From \""APU Fuel Feed\"" Page)"", ""question"": ""5. What ensures fuel lines withstand deformation without leaking?"", ""options"": [""Redundant valves"", ""Flexible couplings"", ""Proper support and design""], ""correct"": null, ""answer_text"": null, ""category"": null, ""source_file"": ""Module 11 Rans.pdf"", ""source_module"": ""M11A"", ""fmt"": ""pdf"", ""module"": ""M11A"", ""syllabusRef"": ""M11A.11.4(e)"", ""level"": null, ""difficulty"": ""MEDIUM""}"
M11A,M11A.81.2,,1. What is the primary source of fuel for the APU during normal operations?,Right engine feed line,Left engine feed line,Dedicated APU fuel tank,,Right engine feed line,MEDIUM,,,,REVIEWED,Rans exact context,1,Module 11 Rans.pdf,"{""raw"": ""1. What is the primary source of fuel for the APU during normal operations?\na) Right engine feed line\nb) Left engine feed line\nc) Dedicated APU fuel tank"", ""question"": ""1. What is the primary source of fuel for the APU during normal operations?"", ""options"": [""Right engine feed line"", ""Left engine feed line"", ""Dedicated APU fuel tank""], ""correct"": null, ""answer_text"": null, ""category"": null, ""source_file"": ""Module 11 Rans.pdf"", ""source_module"": ""M11A"", ""fmt"": ""pdf"", ""module"": ""M11A"", ""syllabusRef"": ""M11A.81.2"", ""level"": null, ""difficulty"": ""MEDIUM""}"
M11A,M11A.81.2,,2. How is the APU fuel supply shut off in an emergency?,Thermal fuse activation,Spherical plug valve on the rear spar,Manual override lever,,Spherical plug valve on the rear spar,MEDIUM,,,,REVIEWED,Rans exact context,1,Module 11 Rans.pdf,"{""raw"": ""2. How is the APU fuel supply shut off in an emergency?\na) Thermal fuse activation\nb) Spherical plug valve on the rear spar\nc) Manual override lever"", ""question"": ""2. How is the APU fuel supply shut off in an emergency?"", ""options"": [""Thermal fuse activation"", ""Spherical plug valve on the rear spar"", ""Manual override lever""], ""correct"": null, ""answer_text"": null, ""category"": null, ""source_file"": ""Module 11 Rans.pdf"", ""source_module"": ""M11A"", ""fmt"": ""pdf"", ""module"": ""M11A"", ""syllabusRef"": ""M11A.81.2"", ""level"": null, ""difficulty"": ""MEDIUM""}"
M11A,M11A.11.06,,3. What powers the backup pump for APU startup without electrical power?,Hydraulic system,Aircraft batteries,Pneumatic pressure,,Hydraulic system,MEDIUM,,,,REVIEWED,Rans exact context,1,Module 11 Rans.pdf,"{""raw"": ""3. What powers the backup pump for APU startup without electrical power?\na) Hydraulic system\nb) Aircraft batteries\nc) Pneumatic pressure"", ""question"": ""3. What powers the backup pump for APU startup without electrical power?"", ""options"": [""Hydraulic system"", ""Aircraft batteries"", ""Pneumatic pressure""], ""correct"": null, ""answer_text"": null, ""category"": null, ""source_file"": ""Module 11 Rans.pdf"", ""source_module"": ""M11A"", ""fmt"": ""pdf"", ""module"": ""M11A"", ""syllabusRef"": ""M11A.11.06"", ""level"": null, ""difficulty"": ""MEDIUM""}"
M11A,M11A.11.7(b),,4. Where is the APU fuel feed pipe routed through the fuselage?,Unpressurized cargo hold,Drained and vented shroud,Cockpit instrument panel,,Drained and vented shroud,MEDIUM,,,,REVIEWED,Rans exact context,1,Module 11 Rans.pdf,"{""raw"": ""4. Where is the APU fuel feed pipe routed through the fuselage?\na) Unpressurized cargo hold\nb) Drained and vented shroud\nc) Cockpit instrument panel"", ""question"": ""4. Where is the APU fuel feed pipe routed through the fuselage?"", ""options"": [""Unpressurized cargo hold"", ""Drained and vented shroud"", ""Cockpit instrument panel""], ""correct"": null, ""answer_text"": null, ""category"": null, ""source_file"": ""Module 11 Rans.pdf"", ""source_module"": ""M11A"", ""fmt"": ""pdf"", ""module"": ""M11A"", ""syllabusRef"": ""M11A.11.7(b)"", ""level"": null, ""difficulty"": ""MEDIUM""}"
M11A,M11A.3.000,,5. What ensures redundancy in the APU shut-off valve actuators?,Single motor with manual backup,Dual motors on separate bus bars,Pneumatic override system,,Dual motors on separate bus bars,MEDIUM,,,,REVIEWED,Rans exact context,1,Module 11 Rans.pdf,"{""raw"": ""5. What ensures redundancy in the APU shut-off valve actuators?\na) Single motor with manual backup\nb) Dual motors on separate bus bars\nc) Pneumatic override system\nQuestion Set 7 (From \""Cross Feed Valve\"" Page)"", ""question"": ""5. What ensures redundancy in the APU shut-off valve actuators?"", ""options"": [""Single motor with manual backup"", ""Dual motors on separate bus bars"", ""Pneumatic override system""], ""correct"": null, ""answer_text"": null, ""category"": null, ""source_file"": ""Module 11 Rans.pdf"", ""source_module"": ""M11A"", ""fmt"": ""pdf"", ""module"": ""M11A"", ""syllabusRef"": ""M11A.3.000"", ""level"": null, ""difficulty"": ""MEDIUM""}"
M11A,M11A.11.05,,1. What type of valve is typically used for cross-feed systems?,Butterfly valve,Spherical plug valve,Gate valve,,Spherical plug valve,MEDIUM,,,,REVIEWED,Rans exact context,1,Module 11 Rans.pdf,"{""raw"": ""1. What type of valve is typically used for cross-feed systems?\na) Butterfly valve\nb) Spherical plug valve\nc) Gate valve"", ""question"": ""1. What type of valve is typically used for cross-feed systems?"", ""options"": [""Butterfly valve"", ""Spherical plug valve"", ""Gate valve""], ""correct"": null, ""answer_text"": null, ""category"": null, ""source_file"": ""Module 11 Rans.pdf"", ""source_module"": ""M11A"", ""fmt"": ""pdf"", ""module"": ""M11A"", ""syllabusRef"": ""M11A.11.05"", ""level"": null, ""difficulty"": ""MEDIUM""}"
M11A,M11A.11.9(c),,2. How are the cross-feed valve motors configured for redundancy?,Parallel operation,One active motor with a backup,Hydraulic assist,,One active motor with a backup,MEDIUM,,,,REVIEWED,Rans exact context,1,Module 11 Rans.pdf,"{""raw"": ""2. How are the cross-feed valve motors configured for redundancy?\na) Parallel operation\nb) One active motor with a backup\nc) Hydraulic assist"", ""question"": ""2. How are the cross-feed valve motors configured for redundancy?"", ""options"": [""Parallel operation"", ""One active motor with a backup"", ""Hydraulic assist""], ""correct"": null, ""answer_text"": null, ""category"": null, ""source_file"": ""Module 11 Rans.pdf"", ""source_module"": ""M11A"", ""fmt"": ""pdf"", ""module"": ""M11A"", ""syllabusRef"": ""M11A.11.9(c)"", ""level"": null, ""difficulty"": ""MEDIUM""}"
M11A,M11A.3.000,,3. Where is the cross-feed valve usually mounted?,Front spar,Rear spar of the central tank,Wingtip,,Front spar,EASY,,,,REVIEWED,Rans exact context,1,Module 11 Rans.pdf,"{""raw"": ""3. Where is the cross-feed valve usually mounted?\na) Front spar\nb) Rear spar of the central tank\nc) Wingtip"", ""question"": ""3. Where is the cross-feed valve usually mounted?"", ""options"": [""Front spar"", ""Rear spar of the central tank"", ""Wingtip""], ""correct"": null, ""answer_text"": null, ""category"": null, ""source_file"": ""Module 11 Rans.pdf"", ""source_module"": ""M11A"", ""fmt"": ""pdf"", ""module"": ""M11A"", ""syllabusRef"": ""M11A.3.000"", ""level"": null, ""difficulty"": ""EASY""}"
M11A,M11A.11.9(c),,4. What drives the cross-feed valve during normal operation?,115V AC motor,28V DC motor,Pneumatic actuator,,115V AC motor,MEDIUM,,,,REVIEWED,Rans exact context,1,Module 11 Rans.pdf,"{""raw"": ""4. What drives the cross-feed valve during normal operation?\na) 115V AC motor\nb) 28V DC motor\nc) Pneumatic actuator"", ""question"": ""4. What drives the cross-feed valve during normal operation?"", ""options"": [""115V AC motor"", ""28V DC motor"", ""Pneumatic actuator""], ""correct"": null, ""answer_text"": null, ""category"": null, ""source_file"": ""Module 11 Rans.pdf"", ""source_module"": ""M11A"", ""fmt"": ""pdf"", ""module"": ""M11A"", ""syllabusRef"": ""M11A.11.9(c)"", ""level"": null, ""difficulty"": ""MEDIUM""}"
M11A,M11A.3.000,,5. What component ensures the valve position is monitored?,Pressure switch,Position indicator,Thermal sensor,,Pressure switch,MEDIUM,,,,REVIEWED,Rans exact context,1,Module 11 Rans.pdf,"{""raw"": ""5. What component ensures the valve position is monitored?\na) Pressure switch\nb) Position indicator\nc) Thermal sensor\nQuestion Set 8 (From \""L.P. Valve\"" Page)"", ""question"": ""5. What component ensures the valve position is monitored?"", ""options"": [""Pressure switch"", ""Position indicator"", ""Thermal sensor""], ""correct"": null, ""answer_text"": null, ""category"": null, ""source_file"": ""Module 11 Rans.pdf"", ""source_module"": ""M11A"", ""fmt"": ""pdf"", ""module"": ""M11A"", ""syllabusRef"": ""M11A.3.000"", ""level"": null, ""difficulty"": ""MEDIUM""}"
M11A,M11A.81.2,,1. Where is the LP shut-off valve typically located?,Bottom of the pylon,Top of the pylon on the front spar,Inside the fuel tank,,Top of the pylon on the front spar,MEDIUM,,,,REVIEWED,Rans exact context,1,Module 11 Rans.pdf,"{""raw"": ""1. Where is the LP shut-off valve typically located?\na) Bottom of the pylon\nb) Top of the pylon on the front spar\nc) Inside the fuel tank"", ""question"": ""1. Where is the LP shut-off valve typically located?"", ""options"": [""Bottom of the pylon"", ""Top of the pylon on the front spar"", ""Inside the fuel tank""], ""correct"": null, ""answer_text"": null, ""category"": null, ""source_file"": ""Module 11 Rans.pdf"", ""source_module"": ""M11A"", ""fmt"": ""pdf"", ""module"": ""M11A"", ""syllabusRef"": ""M11A.81.2"", ""level"": null, ""difficulty"": ""MEDIUM""}"
M11A,M11A.3.000,,2. What triggers the LP valve to close?,Low fuel pressure,Fire handle operation,Engine overspeed,,Low fuel pressure,EASY,,,,REVIEWED,Rans exact context,1,Module 11 Rans.pdf,"{""raw"": ""2. What triggers the LP valve to close?\na) Low fuel pressure\nb) Fire handle operation\nc) Engine overspeed"", ""question"": ""2. What triggers the LP valve to close?"", ""options"": [""Low fuel pressure"", ""Fire handle operation"", ""Engine overspeed""], ""correct"": null, ""answer_text"": null, ""category"": null, ""source_file"": ""Module 11 Rans.pdf"", ""source_module"": ""M11A"", ""fmt"": ""pdf"", ""module"": ""M11A"", ""syllabusRef"": ""M11A.3.000"", ""level"": null, ""difficulty"": ""EASY""}"
M11A,M11A.3.000,,3. How is the LP valve actuated?,Single electric motor,Pair of electric motors or mechanically,Hydraulic pressure,,Hydraulic pressure,EASY,,,,REVIEWED,Rans + corpus confirm,1,Module 11 Rans.pdf,"{""raw"": ""3. How is the LP valve actuated?\na) Single electric motor\nb) Pair of electric motors or mechanically\nc) Hydraulic pressure"", ""question"": ""3. How is the LP valve actuated?"", ""options"": [""Single electric motor"", ""Pair of electric motors or mechanically"", ""Hydraulic pressure""], ""correct"": null, ""answer_text"": null, ""category"": null, ""source_file"": ""Module 11 Rans.pdf"", ""source_module"": ""M11A"", ""fmt"": ""pdf"", ""module"": ""M11A"", ""syllabusRef"": ""M11A.3.000"", ""level"": null, ""difficulty"": ""EASY""}"
M11A,M11A.11.08,,4. What is the primary purpose of the LP valve?,Regulate fuel flow to engines,Isolate fuel during fire or maintenance,Prevent fuel contamination,,Regulate fuel flow to engines,EASY,,,,REVIEWED,Rans exact context,1,Module 11 Rans.pdf,"{""raw"": ""4. What is the primary purpose of the LP valve?\na) Regulate fuel flow to engines\nb) Isolate fuel during fire or maintenance\nc) Prevent fuel contamination"", ""question"": ""4. What is the primary purpose of the LP valve?"", ""options"": [""Regulate fuel flow to engines"", ""Isolate fuel during fire or maintenance"", ""Prevent fuel contamination""], ""correct"": null, ""answer_text"": null, ""category"": null, ""source_file"": ""Module 11 Rans.pdf"", ""source_module"": ""M11A"", ""fmt"": ""pdf"", ""module"": ""M11A"", ""syllabusRef"": ""M11A.11.08"", ""level"": null, ""difficulty"": ""EASY""}"
M11A,M11A.3.000,,5. What component is directly connected to the LP valve lever?,Fuel flow meter,Fire handle system,Tank inner structure,,Fuel flow meter,MEDIUM,,,,REVIEWED,Rans exact context,1,Module 11 Rans.pdf,"{""raw"": ""5. What component is directly connected to the LP valve lever?\na) Fuel flow meter\nb) Fire handle system\nc) Tank inner structure\nQuestion Set 9 (From \""Transfer Valves\"" Page)"", ""question"": ""5. What component is directly connected to the LP valve lever?"", ""options"": [""Fuel flow meter"", ""Fire handle system"", ""Tank inner structure""], ""correct"": null, ""answer_text"": null, ""category"": null, ""source_file"": ""Module 11 Rans.pdf"", ""source_module"": ""M11A"", ""fmt"": ""pdf"", ""module"": ""M11A"", ""syllabusRef"": ""M11A.3.000"", ""level"": null, ""difficulty"": ""MEDIUM""}"
M11A,M11A.11.9(c),,1. What triggers the operation of transfer valves?,High-level sensor,Low-level sensor,Manual pilot input,,Low-level sensor,MEDIUM,,,,REVIEWED,Rans exact context,1,Module 11 Rans.pdf,"{""raw"": ""1. What triggers the operation of transfer valves?\na) High-level sensor\nb) Low-level sensor\nc) Manual pilot input"", ""question"": ""1. What triggers the operation of transfer valves?"", ""options"": [""High-level sensor"", ""Low-level sensor"", ""Manual pilot input""], ""correct"": null, ""answer_text"": null, ""category"": null, ""source_file"": ""Module 11 Rans.pdf"", ""source_module"": ""M11A"", ""fmt"": ""pdf"", ""module"": ""M11A"", ""syllabusRef"": ""M11A.11.9(c)"", ""level"": null, ""difficulty"": ""MEDIUM""}"
M11A,M11A.2.5,,2. Where are the transfer valves located in the example?,Rib 15,Rear spar,Wingtip,,Rib 15,MEDIUM,,,,REVIEWED,Rans exact context,1,Module 11 Rans.pdf,"{""raw"": ""2. Where are the transfer valves located in the example?\na) Rib 15\nb) Rear spar\nc) Wingtip"", ""question"": ""2. Where are the transfer valves located in the example?"", ""options"": [""Rib 15"", ""Rear spar"", ""Wingtip""], ""correct"": null, ""answer_text"": null, ""category"": null, ""source_file"": ""Module 11 Rans.pdf"", ""source_module"": ""M11A"", ""fmt"": ""pdf"", ""module"": ""M11A"", ""syllabusRef"": ""M11A.2.5"", ""level"": null, ""difficulty"": ""MEDIUM""}"
M11A,M11A.3.000,,3. How are the transfer valves actuated?,Pneumatic pressure,Signal from low-level sensor,Mechanical linkage,,Signal from low-level sensor,EASY,,,,REVIEWED,Rans exact context,1,Module 11 Rans.pdf,"{""raw"": ""3. How are the transfer valves actuated?\na) Pneumatic pressure\nb) Signal from low-level sensor\nc) Mechanical linkage"", ""question"": ""3. How are the transfer valves actuated?"", ""options"": [""Pneumatic pressure"", ""Signal from low-level sensor"", ""Mechanical linkage""], ""correct"": null, ""answer_text"": null, ""category"": null, ""source_file"": ""Module 11 Rans.pdf"", ""source_module"": ""M11A"", ""fmt"": ""pdf"", ""module"": ""M11A"", ""syllabusRef"": ""M11A.3.000"", ""level"": null, ""difficulty"": ""EASY""}"
M11A,M11A.81.2,,4. What is the purpose of splitting the fuel tank into cells?,To reduce weight,To enable controlled fuel transfer,To increase fuel capacity,,To enable controlled fuel transfer,MEDIUM,,,,REVIEWED,Rans exact context,1,Module 11 Rans.pdf,"{""raw"": ""4. What is the purpose of splitting the fuel tank into cells?\na) To reduce weight\nb) To enable controlled fuel transfer\nc) To increase fuel capacity"", ""question"": ""4. What is the purpose of splitting the fuel tank into cells?"", ""options"": [""To reduce weight"", ""To enable controlled fuel transfer"", ""To increase fuel capacity""], ""correct"": null, ""answer_text"": null, ""category"": null, ""source_file"": ""Module 11 Rans.pdf"", ""source_module"": ""M11A"", ""fmt"": ""pdf"", ""module"": ""M11A"", ""syllabusRef"": ""M11A.81.2"", ""level"": null, ""difficulty"": ""MEDIUM""}"
M11A,M11A.11.9(c),,5. What component ensures remote operation of the transfer valves?,Electric actuator,Hydraulic pump,Manual override lever,,Manual override lever,MEDIUM,,,,REVIEWED,Rans exact context,1,Module 11 Rans.pdf,"{""raw"": ""5. What component ensures remote operation of the transfer valves?\na) Electric actuator\nb) Hydraulic pump\nc) Manual override lever\nQuestion Set 10 (From \""APU Fuel Feed System Diagram\"" Page)"", ""question"": ""5. What component ensures remote operation of the transfer valves?"", ""options"": [""Electric actuator"", ""Hydraulic pump"", ""Manual override lever""], ""correct"": null, ""answer_text"": null, ""category"": null, ""source_file"": ""Module 11 Rans.pdf"", ""source_module"": ""M11A"", ""fmt"": ""pdf"", ""module"": ""M11A"", ""syllabusRef"": ""M11A.11.9(c)"", ""level"": null, ""difficulty"": ""MEDIUM""}"
M11A,M11A.3.000,,"1. What component is labeled ""APU LP SHUT-OFF VALVE"" in the diagram?",Fuel pressure regulator,Spherical plug valve,Cross-feed valve,,Cross-feed valve,MEDIUM,,,,REVIEWED,Rans exact context,1,Module 11 Rans.pdf,"{""raw"": ""1. What component is labeled \""APU LP SHUT-OFF VALVE\"" in the diagram?\na) Fuel pressure regulator\nb) Spherical plug valve\nc) Cross-feed valve"", ""question"": ""1. What component is labeled \""APU LP SHUT-OFF VALVE\"" in the diagram?"", ""options"": [""Fuel pressure regulator"", ""Spherical plug valve"", ""Cross-feed valve""], ""correct"": null, ""answer_text"": null, ""category"": null, ""source_file"": ""Module 11 Rans.pdf"", ""source_module"": ""M11A"", ""fmt"": ""pdf"", ""module"": ""M11A"", ""syllabusRef"": ""M11A.3.000"", ""level"": null, ""difficulty"": ""MEDIUM""}"
M11A,M11A.3.000,,2. Where is the APU fuel pump pressure switch located?,Front spar,Rear spar,Wing root,,Wing root,MEDIUM,,,,REVIEWED,Rans exact context,1,Module 11 Rans.pdf,"{""raw"": ""2. Where is the APU fuel pump pressure switch located?\na) Front spar\nb) Rear spar\nc) Wing root"", ""question"": ""2. Where is the APU fuel pump pressure switch located?"", ""options"": [""Front spar"", ""Rear spar"", ""Wing root""], ""correct"": null, ""answer_text"": null, ""category"": null, ""source_file"": ""Module 11 Rans.pdf"", ""source_module"": ""M11A"", ""fmt"": ""pdf"", ""module"": ""M11A"", ""syllabusRef"": ""M11A.3.000"", ""level"": null, ""difficulty"": ""MEDIUM""}"
M11A,M11A.3.000,,3. What is the purpose of the line shroud and drain mast?,To increase fuel pressure,To vent and drain fuel lines,To cool the APU,,To vent and drain fuel lines,MEDIUM,,,,REVIEWED,Rans exact context,1,Module 11 Rans.pdf,"{""raw"": ""3. What is the purpose of the line shroud and drain mast?\na) To increase fuel pressure\nb) To vent and drain fuel lines\nc) To cool the APU"", ""question"": ""3. What is the purpose of the line shroud and drain mast?"", ""options"": [""To increase fuel pressure"", ""To vent and drain fuel lines"", ""To cool the APU""], ""correct"": null, ""answer_text"": null, ""category"": null, ""source_file"": ""Module 11 Rans.pdf"", ""source_module"": ""M11A"", ""fmt"": ""pdf"", ""module"": ""M11A"", ""syllabusRef"": ""M11A.3.000"", ""level"": null, ""difficulty"": ""MEDIUM""}"
M11A,M11A.81.2,,4. Which bus bar supplies the APU fuel pump actuators?,25VU,28V DC,115V AC,,28V DC,MEDIUM,,,,REVIEWED,Rans exact context,1,Module 11 Rans.pdf,"{""raw"": ""4. Which bus bar supplies the APU fuel pump actuators?\na) 25VU\nb) 28V DC\nc) 115V AC"", ""question"": ""4. Which bus bar supplies the APU fuel pump actuators?"", ""options"": [""25VU"", ""28V DC"", ""115V AC""], ""correct"": null, ""answer_text"": null, ""category"": null, ""source_file"": ""Module 11 Rans.pdf"", ""source_module"": ""M11A"", ""fmt"": ""pdf"", ""module"": ""M11A"", ""syllabusRef"": ""M11A.81.2"", ""level"": null, ""difficulty"": ""MEDIUM""}"
M11A,M11A.3.000,,"5. What is the function of the ""FUEL VENT PRBSW"" in the system?",Monitor fuel temperature,Regulate vent pressure,Activate the cross-feed valve,,Monitor fuel temperature,MEDIUM,,,,REVIEWED,Rans exact context,1,Module 11 Rans.pdf,"{""raw"": ""5. What is the function of the \""FUEL VENT PRBSW\"" in the system?\na) Monitor fuel temperature\nb) Regulate vent pressure\nc) Activate the cross-feed valve\nQuestion 1:"", ""question"": ""5. What is the function of the \""FUEL VENT PRBSW\"" in the system?"", ""options"": [""Monitor fuel temperature"", ""Regulate vent pressure"", ""Activate the cross-feed valve""], ""correct"": null, ""answer_text"": null, ""category"": null, ""source_file"": ""Module 11 Rans.pdf"", ""source_module"": ""M11A"", ""fmt"": ""pdf"", ""module"": ""M11A"", ""syllabusRef"": ""M11A.3.000"", ""level"": null, ""difficulty"": ""MEDIUM""}"
M11A,M11A.81.2,,What is the primary source of fuel for the APU?,A dedicated APU fuel tank,The right engine feed when crossfeed is closed,The left engine feed but may use right engine when crossfeed is open,,A dedicated APU fuel tank,EASY,,,,REVIEWED,Rans exact context,1,Module 11 Rans.pdf,"{""raw"": ""What is the primary source of fuel for the APU?\nA) A dedicated APU fuel tank\nB) The right engine feed when crossfeed is closed\nC) The left engine feed but may use right engine when crossfeed is open\nQuestion 2:"", ""question"": ""What is the primary source of fuel for the APU?"", ""options"": [""A dedicated APU fuel tank"", ""The right engine feed when crossfeed is closed"", ""The left engine feed but may use right engine when crossfeed is open""], ""correct"": null, ""answer_text"": null, ""category"": null, ""source_file"": ""Module 11 Rans.pdf"", ""source_module"": ""M11A"", ""fmt"": ""pdf"", ""module"": ""M11A"", ""syllabusRef"": ""M11A.81.2"", ""level"": null, ""difficulty"": ""EASY""}"
M11A,M11A.81.2,,Where is the emergency APU fuel pump located?,In the wing root section,In the feed line on the rear spar of the Centre section,Adjacent to the APU firewall,,In the feed line on the rear spar of the Centre section,EASY,,,,REVIEWED,Rans only (no corpus confirm),1,Module 11 Rans.pdf,"{""raw"": ""Where is the emergency APU fuel pump located?\nA) In the wing root section\nB) In the feed line on the rear spar of the Centre section\nC) Adjacent to the APU firewall\nQuestion 3:"", ""question"": ""Where is the emergency APU fuel pump located?"", ""options"": [""In the wing root section"", ""In the feed line on the rear spar of the Centre section"", ""Adjacent to the APU firewall""], ""correct"": null, ""answer_text"": null, ""category"": null, ""source_file"": ""Module 11 Rans.pdf"", ""source_module"": ""M11A"", ""fmt"": ""pdf"", ""module"": ""M11A"", ""syllabusRef"": ""M11A.81.2"", ""level"": null, ""difficulty"": ""EASY""}"
M11A,M11A.11.4(b),,What type of valve shuts off APU fuel supply?,A butterfly valve with hydraulic actuator,A spherical plug valve with double motor actuator,A solenoid-operated gate valve,,A spherical plug valve with double motor actuator,EASY,,,,REVIEWED,Rans exact context,1,Module 11 Rans.pdf,"{""raw"": ""What type of valve shuts off APU fuel supply?\nA) A butterfly valve with hydraulic actuator\nB) A spherical plug valve with double motor actuator\nC) A solenoid-operated gate valve\nQuestion 4:"", ""question"": ""What type of valve shuts off APU fuel supply?"", ""options"": [""A butterfly valve with hydraulic actuator"", ""A spherical plug valve with double motor actuator"", ""A solenoid-operated gate valve""], ""correct"": null, ""answer_text"": null, ""category"": null, ""source_file"": ""Module 11 Rans.pdf"", ""source_module"": ""M11A"", ""fmt"": ""pdf"", ""module"": ""M11A"", ""syllabusRef"": ""M11A.11.4(b)"", ""level"": null, ""difficulty"": ""EASY""}"
M11A,M11A.81.2,,How is redundancy achieved for the APU fuel shutoff valve?,By using two separate hydraulic systems,Through actuators powered from different bus bars with separated cable routes,Via a mechanical backup system,,Through actuators powered from different bus bars with separated cable routes,MEDIUM,,,,REVIEWED,Rans exact context,1,Module 11 Rans.pdf,"{""raw"": ""How is redundancy achieved for the APU fuel shutoff valve?\nA) By using two separate hydraulic systems\nB) Through actuators powered from different bus bars with separated cable routes\nC) Via a mechanical backup system\nQuestion 5:"", ""question"": ""How is redundancy achieved for the APU fuel shutoff valve?"", ""options"": [""By using two separate hydraulic systems"", ""Through actuators powered from different bus bars with separated cable routes"", ""Via a mechanical backup system""], ""correct"": null, ""answer_text"": null, ""category"": null, ""source_file"": ""Module 11 Rans.pdf"", ""source_module"": ""M11A"", ""fmt"": ""pdf"", ""module"": ""M11A"", ""syllabusRef"": ""M11A.81.2"", ""level"": null, ""difficulty"": ""MEDIUM""}"
M11A,M11A.11.4(e),,How does the APU fuel pipe pass through the pressurized fuselage?,Through an unvented sealed conduit,Inside a drained and vented shroud to the firewall,Via external piping around the fuselage,,Inside a drained and vented shroud to the firewall,MEDIUM,,,,REVIEWED,Rans exact context,1,Module 11 Rans.pdf,"{""raw"": ""How does the APU fuel pipe pass through the pressurized fuselage?\nA) Through an unvented sealed conduit\nB) Inside a drained and vented shroud to the firewall\nC) Via external piping around the fuselage\nQuestions from Page 595 (Nitrogen Generation System - NGS):"", ""question"": ""How does the APU fuel pipe pass through the pressurized fuselage?"", ""options"": [""Through an unvented sealed conduit"", ""Inside a drained and vented shroud to the firewall"", ""Via external piping around the fuselage""], ""correct"": null, ""answer_text"": null, ""category"": null, ""source_file"": ""Module 11 Rans.pdf"", ""source_module"": ""M11A"", ""fmt"": ""pdf"", ""module"": ""M11A"", ""syllabusRef"": ""M11A.11.4(e)"", ""level"": null, ""difficulty"": ""MEDIUM""}"
