module,syllabusRef,level,text,optionA,optionB,optionC,optionD,correctAnswer,difficulty,subTopic,aiSourceRef,aiConfidence,status,reviewNote,points,sourceFile,rawJson
M4,,,1. Which of the following is a characteristic of a PN junction diode?,It allows current to flow in both directions equally.,It allows current to flow in one direction only.,It blocks all current flow.,,C,MEDIUM,,,,DRAFT,Found in Suntech corpus,1,4.1 Diodes.docx,"{""raw"": ""1. Which of the following is a characteristic of a PN junction diode?\n    a) It allows current to flow in both directions equally.\n    b) It allows current to flow in one direction only.\n    c) It blocks all current flow."", ""question"": ""1. Which of the following is a characteristic of a PN junction diode?"", ""options"": [""It allows current to flow in both directions equally."", ""It allows current to flow in one direction only."", ""It blocks all current flow.""], ""correct"": null, ""answer_text"": null, ""category"": null, ""source_file"": ""4.1 Diodes.docx"", ""source_module"": ""M4"", ""fmt"": ""docx"", ""module"": ""M4"", ""difficulty"": ""MEDIUM""}"
M4,,,2. What material is commonly used to manufacture diodes?,Copper,Silicon,Aluminium,,B,MEDIUM,,,,DRAFT,ANSWERED,Found in Suntech corpus - Silicon is the most stable and commonly used semiconductor material for diodes,4.1 Diodes.docx,"{""raw"": ""2. What material is commonly used to manufacture diodes?\n    a) Copper\n    b) Silicon\n    c) Aluminium"", ""question"": ""2. What material is commonly used to manufacture diodes?"", ""options"": [""Copper"", ""Silicon"", ""Aluminium""], ""correct"": null, ""answer_text"": null, ""category"": null, ""source_file"": ""4.1 Diodes.docx"", ""source_module"": ""M4"", ""fmt"": ""docx"", ""module"": ""M4"", ""difficulty"": ""MEDIUM""}"
M4,,,3. What is the primary characteristic of a Zener diode?,It blocks all current flow.,It allows current to flow in reverse direction at a specific voltage.,It amplifies current.,,A,MEDIUM,,,,DRAFT,Found in Suntech corpus,1,4.1 Diodes.docx,"{""raw"": ""3. What is the primary characteristic of a Zener diode?\n    a) It blocks all current flow.\n    b) It allows current to flow in reverse direction at a specific voltage.\n    c) It amplifies current."", ""question"": ""3. What is the primary characteristic of a Zener diode?"", ""options"": [""It blocks all current flow."", ""It allows current to flow in reverse direction at a specific voltage."", ""It amplifies current.""], ""correct"": null, ""answer_text"": null, ""category"": null, ""source_file"": ""4.1 Diodes.docx"", ""source_module"": ""M4"", ""fmt"": ""docx"", ""module"": ""M4"", ""difficulty"": ""MEDIUM""}"
M4,,,4. In which application would you most likely find a Light Emitting Diode (LED)?,Indicator lights,High-power transmission,AC motor control,,B,MEDIUM,,,,DRAFT,Found in Suntech corpus,1,4.1 Diodes.docx,"{""raw"": ""4. In which application would you most likely find a Light Emitting Diode (LED)?\n    a) Indicator lights\n    b) High-power transmission\n    c) AC motor control"", ""question"": ""4. In which application would you most likely find a Light Emitting Diode (LED)?"", ""options"": [""Indicator lights"", ""High-power transmission"", ""AC motor control""], ""correct"": null, ""answer_text"": null, ""category"": null, ""source_file"": ""4.1 Diodes.docx"", ""source_module"": ""M4"", ""fmt"": ""docx"", ""module"": ""M4"", ""difficulty"": ""MEDIUM""}"
M4,,,5. Which property makes Silicon Controlled Rectifiers (SCRs) useful in power control?,High resistance to current flow,Ability to handle high voltage and current,Emission of light,,A,MEDIUM,,,,DRAFT,Found in Suntech corpus,1,4.1 Diodes.docx,"{""raw"": ""5. Which property makes Silicon Controlled Rectifiers (SCRs) useful in power control?\n    a) High resistance to current flow\n    b) Ability to handle high voltage and current\n    c) Emission of light"", ""question"": ""5. Which property makes Silicon Controlled Rectifiers (SCRs) useful in power control?"", ""options"": [""High resistance to current flow"", ""Ability to handle high voltage and current"", ""Emission of light""], ""correct"": null, ""answer_text"": null, ""category"": null, ""source_file"": ""4.1 Diodes.docx"", ""source_module"": ""M4"", ""fmt"": ""docx"", ""module"": ""M4"", ""difficulty"": ""MEDIUM""}"
M4,,,6. What happens to a diode in forward bias?,It blocks current.,It allows current to flow.,It emits light.,,A,EASY,,,,DRAFT,Found in Suntech corpus,1,4.1 Diodes.docx,"{""raw"": ""6. What happens to a diode in forward bias?\n    a) It blocks current.\n    b) It allows current to flow.\n    c) It emits light."", ""question"": ""6. What happens to a diode in forward bias?"", ""options"": [""It blocks current."", ""It allows current to flow."", ""It emits light.""], ""correct"": null, ""answer_text"": null, ""category"": null, ""source_file"": ""4.1 Diodes.docx"", ""source_module"": ""M4"", ""fmt"": ""docx"", ""module"": ""M4"", ""difficulty"": ""EASY""}"
M4,,,7. Which term describes the maximum reverse voltage a diode can withstand?,Peak Inverse Voltage (PIV),Forward Voltage Drop,Threshold Voltage,,A,MEDIUM,,,,DRAFT,Found in Suntech corpus,1,4.1 Diodes.docx,"{""raw"": ""7. Which term describes the maximum reverse voltage a diode can withstand?\n    a) Peak Inverse Voltage (PIV)\n    b) Forward Voltage Drop\n    c) Threshold Voltage"", ""question"": ""7. Which term describes the maximum reverse voltage a diode can withstand?"", ""options"": [""Peak Inverse Voltage (PIV)"", ""Forward Voltage Drop"", ""Threshold Voltage""], ""correct"": null, ""answer_text"": null, ""category"": null, ""source_file"": ""4.1 Diodes.docx"", ""source_module"": ""M4"", ""fmt"": ""docx"", ""module"": ""M4"", ""difficulty"": ""MEDIUM""}"
M4,,,8. What is the main function of a rectifier diode in a power supply?,Convert AC to DC,Regulate voltage,Store energy,,A,MEDIUM,,,,DRAFT,ANSWERED,Found in Suntech corpus - Rectifier diodes convert AC to DC,4.1 Diodes.docx,"{""raw"": ""8. What is the main function of a rectifier diode in a power supply?\n    a) Convert AC to DC\n    b) Regulate voltage\n    c) Store energy"", ""question"": ""8. What is the main function of a rectifier diode in a power supply?"", ""options"": [""Convert AC to DC"", ""Regulate voltage"", ""Store energy""], ""correct"": null, ""answer_text"": null, ""category"": null, ""source_file"": ""4.1 Diodes.docx"", ""source_module"": ""M4"", ""fmt"": ""docx"", ""module"": ""M4"", ""difficulty"": ""MEDIUM""}"
M4,,,9. How does doping affect the conductivity of semiconductor materials?,It decreases conductivity.,It increases conductivity.,It has no effect on conductivity.,,C,MEDIUM,,,,DRAFT,Found in Suntech corpus,1,4.1 Diodes.docx,"{""raw"": ""9. How does doping affect the conductivity of semiconductor materials?\n    a) It decreases conductivity.\n    b) It increases conductivity.\n    c) It has no effect on conductivity."", ""question"": ""9. How does doping affect the conductivity of semiconductor materials?"", ""options"": [""It decreases conductivity."", ""It increases conductivity."", ""It has no effect on conductivity.""], ""correct"": null, ""answer_text"": null, ""category"": null, ""source_file"": ""4.1 Diodes.docx"", ""source_module"": ""M4"", ""fmt"": ""docx"", ""module"": ""M4"", ""difficulty"": ""MEDIUM""}"
M4,,,10. What is the result of reverse biasing a diode?,Current flows freely.,Current is blocked.,Voltage is amplified.,,B,MEDIUM,,,,DRAFT,ANSWERED,Found in Suntech corpus - Reverse bias blocks majority carrier current flow,4.1 Diodes.docx,"{""raw"": ""10. What is the result of reverse biasing a diode?\n     a) Current flows freely.\n     b) Current is blocked.\n     c) Voltage is amplified."", ""question"": ""10. What is the result of reverse biasing a diode?"", ""options"": [""Current flows freely."", ""Current is blocked."", ""Voltage is amplified.""], ""correct"": null, ""answer_text"": null, ""category"": null, ""source_file"": ""4.1 Diodes.docx"", ""source_module"": ""M4"", ""fmt"": ""docx"", ""module"": ""M4"", ""difficulty"": ""MEDIUM""}"
M4,,,11. What are the three main parts of a transistor?,"Anode, cathode, gate","Base, collector, emitter","Source, drain, gate",,B,MEDIUM,,,,DRAFT,ANSWERED,"Found in Suntech corpus - Emitter, Base, Collector",4.1 Diodes.docx,"{""raw"": ""11. What are the three main parts of a transistor?\n     a) Anode, cathode, gate\n     b) Base, collector, emitter\n     c) Source, drain, gate"", ""question"": ""11. What are the three main parts of a transistor?"", ""options"": [""Anode, cathode, gate"", ""Base, collector, emitter"", ""Source, drain, gate""], ""correct"": null, ""answer_text"": null, ""category"": null, ""source_file"": ""4.1 Diodes.docx"", ""source_module"": ""M4"", ""fmt"": ""docx"", ""module"": ""M4"", ""difficulty"": ""MEDIUM""}"
M4,,,12. Which type of transistor has better efficiency for switching applications?,PNP,NPN,Both have the same efficiency,,C,MEDIUM,,,,DRAFT,Found in Suntech corpus,1,4.1 Diodes.docx,"{""raw"": ""12. Which type of transistor has better efficiency for switching applications?\n     a) PNP\n     b) NPN\n     c) Both have the same efficiency"", ""question"": ""12. Which type of transistor has better efficiency for switching applications?"", ""options"": [""PNP"", ""NPN"", ""Both have the same efficiency""], ""correct"": null, ""answer_text"": null, ""category"": null, ""source_file"": ""4.1 Diodes.docx"", ""source_module"": ""M4"", ""fmt"": ""docx"", ""module"": ""M4"", ""difficulty"": ""MEDIUM""}"
M4,,,13. What is the role of the base in a transistor?,It collects electrons.,It controls the current flow between the collector and emitter.,It emits electrons.,,A,EASY,,,,DRAFT,Found in Suntech corpus,1,4.1 Diodes.docx,"{""raw"": ""13. What is the role of the base in a transistor?\n     a) It collects electrons.\n     b) It controls the current flow between the collector and emitter.\n     c) It emits electrons."", ""question"": ""13. What is the role of the base in a transistor?"", ""options"": [""It collects electrons."", ""It controls the current flow between the collector and emitter."", ""It emits electrons.""], ""correct"": null, ""answer_text"": null, ""category"": null, ""source_file"": ""4.1 Diodes.docx"", ""source_module"": ""M4"", ""fmt"": ""docx"", ""module"": ""M4"", ""difficulty"": ""EASY""}"
M4,,,14. Which material is commonly used in the construction of transistors?,Copper,Silicon,Gold,,B,MEDIUM,,,,DRAFT,ANSWERED,Found in Suntech corpus - Silicon is the primary material for transistors,4.1 Diodes.docx,"{""raw"": ""14. Which material is commonly used in the construction of transistors?\n     a) Copper\n     b) Silicon\n     c) Gold"", ""question"": ""14. Which material is commonly used in the construction of transistors?"", ""options"": [""Copper"", ""Silicon"", ""Gold""], ""correct"": null, ""answer_text"": null, ""category"": null, ""source_file"": ""4.1 Diodes.docx"", ""source_module"": ""M4"", ""fmt"": ""docx"", ""module"": ""M4"", ""difficulty"": ""MEDIUM""}"
M4,,,15. Which characteristic defines a bipolar junction transistor (BJT)?,It has a single PN junction.,It has two PN junctions.,It does not have any PN junctions.,,A,MEDIUM,,,,DRAFT,Found in Suntech corpus,1,4.1 Diodes.docx,"{""raw"": ""15. Which characteristic defines a bipolar junction transistor (BJT)?\n     a) It has a single PN junction.\n     b) It has two PN junctions.\n     c) It does not have any PN junctions."", ""question"": ""15. Which characteristic defines a bipolar junction transistor (BJT)?"", ""options"": [""It has a single PN junction."", ""It has two PN junctions."", ""It does not have any PN junctions.""], ""correct"": null, ""answer_text"": null, ""category"": null, ""source_file"": ""4.1 Diodes.docx"", ""source_module"": ""M4"", ""fmt"": ""docx"", ""module"": ""M4"", ""difficulty"": ""MEDIUM""}"
M4,,,16. How is a PNP transistor constructed?,A layer of N-type material between two layers of P-type material,A layer of P-type material between two layers of N-type material,Two layers of N-type material separated by a P-type layer,,A,EASY,,,,DRAFT,Found in Suntech corpus,1,4.1 Diodes.docx,"{""raw"": ""16. How is a PNP transistor constructed?\n     a) A layer of N-type material between two layers of P-type material\n     b) A layer of P-type material between two layers of N-type material\n     c) Two layers of N-type material separated by a P-type layer"", ""question"": ""16. How is a PNP transistor constructed?"", ""options"": [""A layer of N-type material between two layers of P-type material"", ""A layer of P-type material between two layers of N-type material"", ""Two layers of N-type material separated by a P-type layer""], ""correct"": null, ""answer_text"": null, ""category"": null, ""source_file"": ""4.1 Diodes.docx"", ""source_module"": ""M4"", ""fmt"": ""docx"", ""module"": ""M4"", ""difficulty"": ""EASY""}"
M4,,,17. What is the primary function of the emitter in a transistor?,To collect electrons,To emit electrons into the base,To control the current,,A,MEDIUM,,,,DRAFT,Found in Suntech corpus,1,4.1 Diodes.docx,"{""raw"": ""17. What is the primary function of the emitter in a transistor?\n     a) To collect electrons\n     b) To emit electrons into the base\n     c) To control the current"", ""question"": ""17. What is the primary function of the emitter in a transistor?"", ""options"": [""To collect electrons"", ""To emit electrons into the base"", ""To control the current""], ""correct"": null, ""answer_text"": null, ""category"": null, ""source_file"": ""4.1 Diodes.docx"", ""source_module"": ""M4"", ""fmt"": ""docx"", ""module"": ""M4"", ""difficulty"": ""MEDIUM""}"
M4,,,18. What happens when a transistor is in the saturation region?,It conducts maximum current.,It blocks all current.,It oscillates.,,A,MEDIUM,,,,DRAFT,Found in Suntech corpus,1,4.1 Diodes.docx,"{""raw"": ""18. What happens when a transistor is in the saturation region?\n     a) It conducts maximum current.\n     b) It blocks all current.\n     c) It oscillates."", ""question"": ""18. What happens when a transistor is in the saturation region?"", ""options"": [""It conducts maximum current."", ""It blocks all current."", ""It oscillates.""], ""correct"": null, ""answer_text"": null, ""category"": null, ""source_file"": ""4.1 Diodes.docx"", ""source_module"": ""M4"", ""fmt"": ""docx"", ""module"": ""M4"", ""difficulty"": ""MEDIUM""}"
M4,M4.04.02,,19. Which configuration is commonly used for amplifier circuits?,Emitter-follower,Common-Emitter,Common-Collector,,B,MEDIUM,,,,DRAFT,Found in Suntech corpus,1,4.1 Diodes.docx,"{""raw"": ""19. Which configuration is commonly used for amplifier circuits?\n     a) Emitter-follower\n     b) Common-Emitter\n     c) Common-Collector"", ""question"": ""19. Which configuration is commonly used for amplifier circuits?"", ""options"": [""Emitter-follower"", ""Common-Emitter"", ""Common-Collector""], ""correct"": null, ""answer_text"": null, ""category"": null, ""source_file"": ""4.1 Diodes.docx"", ""source_module"": ""M4"", ""fmt"": ""docx"", ""module"": ""M4"", ""syllabusRef"": ""M4.04.02"", ""level"": null, ""difficulty"": ""MEDIUM""}"
M4,,,20. How is the operation of a transistor tested?,By measuring resistance only,By checking voltage and current characteristics,By observing light emission,,B,EASY,,,,DRAFT,Found in Suntech corpus,1,4.1 Diodes.docx,"{""raw"": ""20. How is the operation of a transistor tested?\n     a) By measuring resistance only\n     b) By checking voltage and current characteristics\n     c) By observing light emission"", ""question"": ""20. How is the operation of a transistor tested?"", ""options"": [""By measuring resistance only"", ""By checking voltage and current characteristics"", ""By observing light emission""], ""correct"": null, ""answer_text"": null, ""category"": null, ""source_file"": ""4.1 Diodes.docx"", ""source_module"": ""M4"", ""fmt"": ""docx"", ""module"": ""M4"", ""difficulty"": ""EASY""}"
M4,M4.04.02,,21. What is an integrated circuit?,A single electronic component,A set of electronic components on a single chip,A type of transistor,,C,EASY,,,,DRAFT,Found in Suntech corpus,1,4.1 Diodes.docx,"{""raw"": ""21. What is an integrated circuit?\n     a) A single electronic component\n     b) A set of electronic components on a single chip\n     c) A type of transistor"", ""question"": ""21. What is an integrated circuit?"", ""options"": [""A single electronic component"", ""A set of electronic components on a single chip"", ""A type of transistor""], ""correct"": null, ""answer_text"": null, ""category"": null, ""source_file"": ""4.1 Diodes.docx"", ""source_module"": ""M4"", ""fmt"": ""docx"", ""module"": ""M4"", ""syllabusRef"": ""M4.04.02"", ""level"": null, ""difficulty"": ""EASY""}"
M4,M4.04.02,,22. Which type of integrated circuit is commonly used in digital systems?,Linear ICs,Digital ICs,Analog ICs,,B,MEDIUM,,,,DRAFT,Found in Suntech corpus,1,4.1 Diodes.docx,"{""raw"": ""22. Which type of integrated circuit is commonly used in digital systems?\n     a) Linear ICs\n     b) Digital ICs\n     c) Analog ICs"", ""question"": ""22. Which type of integrated circuit is commonly used in digital systems?"", ""options"": [""Linear ICs"", ""Digital ICs"", ""Analog ICs""], ""correct"": null, ""answer_text"": null, ""category"": null, ""source_file"": ""4.1 Diodes.docx"", ""source_module"": ""M4"", ""fmt"": ""docx"", ""module"": ""M4"", ""syllabusRef"": ""M4.04.02"", ""level"": null, ""difficulty"": ""MEDIUM""}"
M4,M4.04.02,,23. What is a key advantage of using integrated circuits?,They are more expensive.,They consume more power.,They have a smaller size and higher reliability.,,A,MEDIUM,,,,DRAFT,Found in Suntech corpus,1,4.1 Diodes.docx,"{""raw"": ""23. What is a key advantage of using integrated circuits?\n     a) They are more expensive.\n     b) They consume more power.\n     c) They have a smaller size and higher reliability."", ""question"": ""23. What is a key advantage of using integrated circuits?"", ""options"": [""They are more expensive."", ""They consume more power."", ""They have a smaller size and higher reliability.""], ""correct"": null, ""answer_text"": null, ""category"": null, ""source_file"": ""4.1 Diodes.docx"", ""source_module"": ""M4"", ""fmt"": ""docx"", ""module"": ""M4"", ""syllabusRef"": ""M4.04.02"", ""level"": null, ""difficulty"": ""MEDIUM""}"
M4,,,24. Which component is commonly found in an operational amplifier (Op-Amp)?,Transistor,Capacitor,Resistor,,A,MEDIUM,,,,DRAFT,ANSWERED,Found in Suntech corpus - Op-Amps are composed of transistors,4.1 Diodes.docx,"{""raw"": ""24. Which component is commonly found in an operational amplifier (Op-Amp)?\n     a) Transistor\n     b) Capacitor\n     c) Resistor"", ""question"": ""24. Which component is commonly found in an operational amplifier (Op-Amp)?"", ""options"": [""Transistor"", ""Capacitor"", ""Resistor""], ""correct"": null, ""answer_text"": null, ""category"": null, ""source_file"": ""4.1 Diodes.docx"", ""source_module"": ""M4"", ""fmt"": ""docx"", ""module"": ""M4"", ""difficulty"": ""MEDIUM""}"
M4,,,25. What is the function of a voltage follower circuit using an Op-Amp?,To provide high input impedance and low output impedance,To amplify voltage,To invert the signal,,A,MEDIUM,,,,DRAFT,Found in Suntech corpus,1,4.1 Diodes.docx,"{""raw"": ""25. What is the function of a voltage follower circuit using an Op-Amp?\n     a) To provide high input impedance and low output impedance\n     b) To amplify voltage\n     c) To invert the signal"", ""question"": ""25. What is the function of a voltage follower circuit using an Op-Amp?"", ""options"": [""To provide high input impedance and low output impedance"", ""To amplify voltage"", ""To invert the signal""], ""correct"": null, ""answer_text"": null, ""category"": null, ""source_file"": ""4.1 Diodes.docx"", ""source_module"": ""M4"", ""fmt"": ""docx"", ""module"": ""M4"", ""difficulty"": ""MEDIUM""}"
M4,,,26. What is the primary function of a logic gate?,To amplify signals,To perform logical operations,To store data,,A,EASY,,,,DRAFT,Found in Suntech corpus,1,4.1 Diodes.docx,"{""raw"": ""26. What is the primary function of a logic gate?\n     a) To amplify signals\n     b) To perform logical operations\n     c) To store data"", ""question"": ""26. What is the primary function of a logic gate?"", ""options"": [""To amplify signals"", ""To perform logical operations"", ""To store data""], ""correct"": null, ""answer_text"": null, ""category"": null, ""source_file"": ""4.1 Diodes.docx"", ""source_module"": ""M4"", ""fmt"": ""docx"", ""module"": ""M4"", ""difficulty"": ""EASY""}"
M4,,,27. Which logic gate outputs true only when both inputs are true?,AND gate,OR gate,NOT gate,,B,MEDIUM,,,,DRAFT,Found in Suntech corpus,1,4.1 Diodes.docx,"{""raw"": ""27. Which logic gate outputs true only when both inputs are true?\n     a) AND gate\n     b) OR gate\n     c) NOT gate"", ""question"": ""27. Which logic gate outputs true only when both inputs are true?"", ""options"": [""AND gate"", ""OR gate"", ""NOT gate""], ""correct"": null, ""answer_text"": null, ""category"": null, ""source_file"": ""4.1 Diodes.docx"", ""source_module"": ""M4"", ""fmt"": ""docx"", ""module"": ""M4"", ""difficulty"": ""MEDIUM""}"
M4,,,28. What does a NOT gate do to its input signal?,Amplifies it,Inverts it,Transmits it unchanged,,B,EASY,,,,DRAFT,ANSWERED,Found in Suntech corpus - NOT gate (Inverter Gate) inverts the input signal,4.1 Diodes.docx,"{""raw"": ""28. What does a NOT gate do to its input signal?\n     a) Amplifies it\n     b) Inverts it\n     c) Transmits it unchanged"", ""question"": ""28. What does a NOT gate do to its input signal?"", ""options"": [""Amplifies it"", ""Inverts it"", ""Transmits it unchanged""], ""correct"": null, ""answer_text"": null, ""category"": null, ""source_file"": ""4.1 Diodes.docx"", ""source_module"": ""M4"", ""fmt"": ""docx"", ""module"": ""M4"", ""difficulty"": ""EASY""}"
M4,M4.04.02,,29. What is an application of an operational amplifier in linear circuits?,Voltage amplification,Data storage,Signal filtering,,A,MEDIUM,,,,DRAFT,Found in Suntech corpus,1,4.1 Diodes.docx,"{""raw"": ""29. What is an application of an operational amplifier in linear circuits?\n     a) Voltage amplification\n     b) Data storage\n     c) Signal filtering"", ""question"": ""29. What is an application of an operational amplifier in linear circuits?"", ""options"": [""Voltage amplification"", ""Data storage"", ""Signal filtering""], ""correct"": null, ""answer_text"": null, ""category"": null, ""source_file"": ""4.1 Diodes.docx"", ""source_module"": ""M4"", ""fmt"": ""docx"", ""module"": ""M4"", ""syllabusRef"": ""M4.04.02"", ""level"": null, ""difficulty"": ""MEDIUM""}"
M4,,,30. Which component configuration in an Op-Amp determines the gain?,Input impedance,Feedback network,Output impedance,,B,MEDIUM,,,,DRAFT,ANSWERED,Found in Suntech corpus - Feedback network determines closed-loop gain,4.1 Diodes.docx,"{""raw"": ""30. Which component configuration in an Op-Amp determines the gain?\n     a) Input impedance\n     b) Feedback network\n     c) Output impedance"", ""question"": ""30. Which component configuration in an Op-Amp determines the gain?"", ""options"": [""Input impedance"", ""Feedback network"", ""Output impedance""], ""correct"": null, ""answer_text"": null, ""category"": null, ""source_file"": ""4.1 Diodes.docx"", ""source_module"": ""M4"", ""fmt"": ""docx"", ""module"": ""M4"", ""difficulty"": ""MEDIUM""}"
M4,,,31. What is the main purpose of doping in semiconductor fabrication?,To increase thermal resistance,To enhance electrical conductivity,To change the material color,,B,MEDIUM,,,,DRAFT,ANSWERED,Found in Suntech corpus - Doping increases free charge carriers to enhance conductivity,4.1 Diodes.docx,"{""raw"": ""31. What is the main purpose of doping in semiconductor fabrication?\n     a) To increase thermal resistance\n     b) To enhance electrical conductivity\n     c) To change the material color"", ""question"": ""31. What is the main purpose of doping in semiconductor fabrication?"", ""options"": [""To increase thermal resistance"", ""To enhance electrical conductivity"", ""To change the material color""], ""correct"": null, ""answer_text"": null, ""category"": null, ""source_file"": ""4.1 Diodes.docx"", ""source_module"": ""M4"", ""fmt"": ""docx"", ""module"": ""M4"", ""difficulty"": ""MEDIUM""}"
M4,,,32. Which semiconductor device can function as a switch or an amplifier?,Transistor,Diode,Capacitor,,A,MEDIUM,,,,DRAFT,ANSWERED,Found in Suntech corpus - Transistors can amplify and act as switches,4.1 Diodes.docx,"{""raw"": ""32. Which semiconductor device can function as a switch or an amplifier?\n     a) Transistor\n     b) Diode\n     c) Capacitor"", ""question"": ""32. Which semiconductor device can function as a switch or an amplifier?"", ""options"": [""Transistor"", ""Diode"", ""Capacitor""], ""correct"": null, ""answer_text"": null, ""category"": null, ""source_file"": ""4.1 Diodes.docx"", ""source_module"": ""M4"", ""fmt"": ""docx"", ""module"": ""M4"", ""difficulty"": ""MEDIUM""}"
M4,,,33. What is the threshold voltage of a diode?,The voltage at which it stops conducting,The minimum voltage required for conduction,The maximum voltage it can withstand,,A,EASY,,,,DRAFT,Found in Suntech corpus,1,4.1 Diodes.docx,"{""raw"": ""33. What is the threshold voltage of a diode?\n     a) The voltage at which it stops conducting\n     b) The minimum voltage required for conduction\n     c) The maximum voltage it can withstand"", ""question"": ""33. What is the threshold voltage of a diode?"", ""options"": [""The voltage at which it stops conducting"", ""The minimum voltage required for conduction"", ""The maximum voltage it can withstand""], ""correct"": null, ""answer_text"": null, ""category"": null, ""source_file"": ""4.1 Diodes.docx"", ""source_module"": ""M4"", ""fmt"": ""docx"", ""module"": ""M4"", ""difficulty"": ""EASY""}"
M4,,,34. What type of semiconductor is created by adding pentavalent impurities?,P-type,N-type,Intrinsic,,A,MEDIUM,,,,DRAFT,Found in Suntech corpus,1,4.1 Diodes.docx,"{""raw"": ""34. What type of semiconductor is created by adding pentavalent impurities?\n     a) P-type\n     b) N-type\n     c) Intrinsic"", ""question"": ""34. What type of semiconductor is created by adding pentavalent impurities?"", ""options"": [""P-type"", ""N-type"", ""Intrinsic""], ""correct"": null, ""answer_text"": null, ""category"": null, ""source_file"": ""4.1 Diodes.docx"", ""source_module"": ""M4"", ""fmt"": ""docx"", ""module"": ""M4"", ""difficulty"": ""MEDIUM""}"
M4,,,"35. What does the term ""forward bias"" mean in relation to a diode?",The positive terminal is connected to the P-type material.,The positive terminal is connected to the N-type material.,The diode is not conducting.,,C,MEDIUM,,,,DRAFT,Found in Suntech corpus,1,4.1 Diodes.docx,"{""raw"": ""35. What does the term \""forward bias\"" mean in relation to a diode?\n     a) The positive terminal is connected to the P-type material.\n     b) The positive terminal is connected to the N-type material.\n     c) The diode is not conducting."", ""question"": ""35. What does the term \""forward bias\"" mean in relation to a diode?"", ""options"": [""The positive terminal is connected to the P-type material."", ""The positive terminal is connected to the N-type material."", ""The diode is not conducting.""], ""correct"": null, ""answer_text"": null, ""category"": null, ""source_file"": ""4.1 Diodes.docx"", ""source_module"": ""M4"", ""fmt"": ""docx"", ""module"": ""M4"", ""difficulty"": ""MEDIUM""}"
M4,,,36. What is a common use for photodiodes?,Voltage regulation,Light detection,Power amplification,,B,EASY,,,,DRAFT,ANSWERED,Found in Suntech corpus - Photodiodes used for light detection in digital applications,4.1 Diodes.docx,"{""raw"": ""36. What is a common use for photodiodes?\n     a) Voltage regulation\n     b) Light detection\n     c) Power amplification"", ""question"": ""36. What is a common use for photodiodes?"", ""options"": [""Voltage regulation"", ""Light detection"", ""Power amplification""], ""correct"": null, ""answer_text"": null, ""category"": null, ""source_file"": ""4.1 Diodes.docx"", ""source_module"": ""M4"", ""fmt"": ""docx"", ""module"": ""M4"", ""difficulty"": ""EASY""}"
M4,,,37. What type of transistor is typically used in low noise applications?,Power transistor,Low noise transistor,Switching transistor,,B,MEDIUM,,,,DRAFT,Found in Suntech corpus,1,4.1 Diodes.docx,"{""raw"": ""37. What type of transistor is typically used in low noise applications?\n     a) Power transistor\n     b) Low noise transistor\n     c) Switching transistor"", ""question"": ""37. What type of transistor is typically used in low noise applications?"", ""options"": [""Power transistor"", ""Low noise transistor"", ""Switching transistor""], ""correct"": null, ""answer_text"": null, ""category"": null, ""source_file"": ""4.1 Diodes.docx"", ""source_module"": ""M4"", ""fmt"": ""docx"", ""module"": ""M4"", ""difficulty"": ""MEDIUM""}"
M4,,,38. Which component in an Op-Amp determines the bandwidth?,Compensation capacitor,Output resistor,Input resistor,,B,MEDIUM,,,,DRAFT,Found in Suntech corpus,1,4.1 Diodes.docx,"{""raw"": ""38. Which component in an Op-Amp determines the bandwidth?\n     a) Compensation capacitor\n     b) Output resistor\n     c) Input resistor"", ""question"": ""38. Which component in an Op-Amp determines the bandwidth?"", ""options"": [""Compensation capacitor"", ""Output resistor"", ""Input resistor""], ""correct"": null, ""answer_text"": null, ""category"": null, ""source_file"": ""4.1 Diodes.docx"", ""source_module"": ""M4"", ""fmt"": ""docx"", ""module"": ""M4"", ""difficulty"": ""MEDIUM""}"
M4,,,39. What is a distinguishing feature of a Schottky diode?,Low forward voltage drops,High reverse breakdown voltage,Light emission,,A,MEDIUM,,,,DRAFT,Found in Suntech corpus,1,4.1 Diodes.docx,"{""raw"": ""39. What is a distinguishing feature of a Schottky diode?\n     a) Low forward voltage drops\n     b) High reverse breakdown voltage\n     c) Light emission"", ""question"": ""39. What is a distinguishing feature of a Schottky diode?"", ""options"": [""Low forward voltage drops"", ""High reverse breakdown voltage"", ""Light emission""], ""correct"": null, ""answer_text"": null, ""category"": null, ""source_file"": ""4.1 Diodes.docx"", ""source_module"": ""M4"", ""fmt"": ""docx"", ""module"": ""M4"", ""difficulty"": ""MEDIUM""}"
M4,,,40. What is the function of a clamper circuit using diodes?,Amplify the signal,Rectify the signal,Shift the signal voltage level,,C,MEDIUM,,,,DRAFT,Found in Suntech corpus,1,4.1 Diodes.docx,"{""raw"": ""40. What is the function of a clamper circuit using diodes?\n     a) Amplify the signal\n     b) Rectify the signal\n     c) Shift the signal voltage level"", ""question"": ""40. What is the function of a clamper circuit using diodes?"", ""options"": [""Amplify the signal"", ""Rectify the signal"", ""Shift the signal voltage level""], ""correct"": null, ""answer_text"": null, ""category"": null, ""source_file"": ""4.1 Diodes.docx"", ""source_module"": ""M4"", ""fmt"": ""docx"", ""module"": ""M4"", ""difficulty"": ""MEDIUM""}"
M4,,,41. Which configuration in transistors provides the highest voltage gain?,Common collector,Common emitter,Common base,,B,MEDIUM,,,,DRAFT,ANSWERED,Found in Suntech corpus - Common emitter configuration provides voltage amplification,4.1 Diodes.docx,"{""raw"": ""41. Which configuration in transistors provides the highest voltage gain?\n     a) Common collector\n     b) Common emitter\n     c) Common base"", ""question"": ""41. Which configuration in transistors provides the highest voltage gain?"", ""options"": [""Common collector"", ""Common emitter"", ""Common base""], ""correct"": null, ""answer_text"": null, ""category"": null, ""source_file"": ""4.1 Diodes.docx"", ""source_module"": ""M4"", ""fmt"": ""docx"", ""module"": ""M4"", ""difficulty"": ""MEDIUM""}"
M4,M4.04.02,,42. What is a key characteristic of thin film integrated circuits?,They can handle high power.,They use a thin layer of conductive material.,They are used for passive components only.,,C,MEDIUM,,,,DRAFT,Found in Suntech corpus,1,4.1 Diodes.docx,"{""raw"": ""42. What is a key characteristic of thin film integrated circuits?\n     a) They can handle high power.\n     b) They use a thin layer of conductive material.\n     c) They are used for passive components only."", ""question"": ""42. What is a key characteristic of thin film integrated circuits?"", ""options"": [""They can handle high power."", ""They use a thin layer of conductive material."", ""They are used for passive components only.""], ""correct"": null, ""answer_text"": null, ""category"": null, ""source_file"": ""4.1 Diodes.docx"", ""source_module"": ""M4"", ""fmt"": ""docx"", ""module"": ""M4"", ""syllabusRef"": ""M4.04.02"", ""level"": null, ""difficulty"": ""MEDIUM""}"
M4,,,43. What does a clipper circuit do?,Removes parts of the signal beyond a certain level,Amplifies the signal,Inverts the signal,,A,EASY,,,,DRAFT,ANSWERED,Found in Suntech corpus - Clipping removes part of the positive or negative peaks of a signal,4.1 Diodes.docx,"{""raw"": ""43. What does a clipper circuit do?\n     a) Removes parts of the signal beyond a certain level\n     b) Amplifies the signal\n     c) Inverts the signal"", ""question"": ""43. What does a clipper circuit do?"", ""options"": [""Removes parts of the signal beyond a certain level"", ""Amplifies the signal"", ""Inverts the signal""], ""correct"": null, ""answer_text"": null, ""category"": null, ""source_file"": ""4.1 Diodes.docx"", ""source_module"": ""M4"", ""fmt"": ""docx"", ""module"": ""M4"", ""difficulty"": ""EASY""}"
M4,,,44. Which semiconductor device is known for its high switching speed?,Bipolar Junction Transistor (BJT),Field-Effect Transistor (FET),Diode,,A,MEDIUM,,,,DRAFT,Found in Suntech corpus,1,4.1 Diodes.docx,"{""raw"": ""44. Which semiconductor device is known for its high switching speed?\n     a) Bipolar Junction Transistor (BJT)\n     b) Field-Effect Transistor (FET)\n     c) Diode"", ""question"": ""44. Which semiconductor device is known for its high switching speed?"", ""options"": [""Bipolar Junction Transistor (BJT)"", ""Field-Effect Transistor (FET)"", ""Diode""], ""correct"": null, ""answer_text"": null, ""category"": null, ""source_file"": ""4.1 Diodes.docx"", ""source_module"": ""M4"", ""fmt"": ""docx"", ""module"": ""M4"", ""difficulty"": ""MEDIUM""}"
M4,,,45. What is the function of a voltage regulator IC?,Increase the voltage,Maintain a constant output voltage,Decrease the current,,B,MEDIUM,,,,DRAFT,ANSWERED,Found in Suntech corpus - Zener diodes used as voltage regulators maintain constant output voltage,4.1 Diodes.docx,"{""raw"": ""45. What is the function of a voltage regulator IC?\n     a) Increase the voltage\n     b) Maintain a constant output voltage\n     c) Decrease the current"", ""question"": ""45. What is the function of a voltage regulator IC?"", ""options"": [""Increase the voltage"", ""Maintain a constant output voltage"", ""Decrease the current""], ""correct"": null, ""answer_text"": null, ""category"": null, ""source_file"": ""4.1 Diodes.docx"", ""source_module"": ""M4"", ""fmt"": ""docx"", ""module"": ""M4"", ""difficulty"": ""MEDIUM""}"
M4,,,46. Which type of diode is used in voltage reference applications?,Schottky diode,Zener diode,Light Emitting Diode (LED),,B,MEDIUM,,,,DRAFT,Found in Suntech corpus,1,4.1 Diodes.docx,"{""raw"": ""46. Which type of diode is used in voltage reference applications?\n     a) Schottky diode\n     b) Zener diode\n     c) Light Emitting Diode (LED)"", ""question"": ""46. Which type of diode is used in voltage reference applications?"", ""options"": [""Schottky diode"", ""Zener diode"", ""Light Emitting Diode (LED)""], ""correct"": null, ""answer_text"": null, ""category"": null, ""source_file"": ""4.1 Diodes.docx"", ""source_module"": ""M4"", ""fmt"": ""docx"", ""module"": ""M4"", ""difficulty"": ""MEDIUM""}"
M4,,,47. What is a key advantage of CMOS technology in ICs?,High power consumption,Low power consumption,High cost,,B,MEDIUM,,,,DRAFT,ANSWERED,Found in Suntech corpus - CMOS technology features low power consumption,4.1 Diodes.docx,"{""raw"": ""47. What is a key advantage of CMOS technology in ICs?\n     a) High power consumption\n     b) Low power consumption\n     c) High cost"", ""question"": ""47. What is a key advantage of CMOS technology in ICs?"", ""options"": [""High power consumption"", ""Low power consumption"", ""High cost""], ""correct"": null, ""answer_text"": null, ""category"": null, ""source_file"": ""4.1 Diodes.docx"", ""source_module"": ""M4"", ""fmt"": ""docx"", ""module"": ""M4"", ""difficulty"": ""MEDIUM""}"
M4,,,48. Which type of IC is typically used in timers and oscillators?,Digital IC,Linear IC,Mixed signal IC,,C,MEDIUM,,,,DRAFT,Found in Suntech corpus,1,4.1 Diodes.docx,"{""raw"": ""48. Which type of IC is typically used in timers and oscillators?\n     a) Digital IC\n     b) Linear IC\n     c) Mixed signal IC"", ""question"": ""48. Which type of IC is typically used in timers and oscillators?"", ""options"": [""Digital IC"", ""Linear IC"", ""Mixed signal IC""], ""correct"": null, ""answer_text"": null, ""category"": null, ""source_file"": ""4.1 Diodes.docx"", ""source_module"": ""M4"", ""fmt"": ""docx"", ""module"": ""M4"", ""difficulty"": ""MEDIUM""}"
M4,,,"49. What does the term ""cutoff region"" refer to in a transistor's operation?",Maximum current flow,No current flow,Amplification mode,,B,MEDIUM,,,,DRAFT,Found in Suntech corpus,1,4.1 Diodes.docx,"{""raw"": ""49. What does the term \""cutoff region\"" refer to in a transistor's operation?\n     a) Maximum current flow\n     b) No current flow\n     c) Amplification mode"", ""question"": ""49. What does the term \""cutoff region\"" refer to in a transistor's operation?"", ""options"": [""Maximum current flow"", ""No current flow"", ""Amplification mode""], ""correct"": null, ""answer_text"": null, ""category"": null, ""source_file"": ""4.1 Diodes.docx"", ""source_module"": ""M4"", ""fmt"": ""docx"", ""module"": ""M4"", ""difficulty"": ""MEDIUM""}"
M4,,,50. Which component is used to store energy in an electric field?,Resistor,Inductor,Capacitor,,C,MEDIUM,,,,DRAFT,ANSWERED,Found in Suntech corpus - Capacitors store energy in electric fields,4.1 Diodes.docx,"{""raw"": ""50. Which component is used to store energy in an electric field?\n     a) Resistor\n     b) Inductor\n     c) Capacitor"", ""question"": ""50. Which component is used to store energy in an electric field?"", ""options"": [""Resistor"", ""Inductor"", ""Capacitor""], ""correct"": null, ""answer_text"": null, ""category"": null, ""source_file"": ""4.1 Diodes.docx"", ""source_module"": ""M4"", ""fmt"": ""docx"", ""module"": ""M4"", ""difficulty"": ""MEDIUM""}"
M4,M4.04.02,,51. What is the role of a heat sink in electronic circuits?,Dissipate heat from electronic components,Store electrical energy,Provide electrical insulation,,A,MEDIUM,,,,DRAFT,Found in Suntech corpus,1,4.1 Diodes.docx,"{""raw"": ""51. What is the role of a heat sink in electronic circuits?\n     a) Dissipate heat from electronic components\n     b) Store electrical energy\n     c) Provide electrical insulation"", ""question"": ""51. What is the role of a heat sink in electronic circuits?"", ""options"": [""Dissipate heat from electronic components"", ""Store electrical energy"", ""Provide electrical insulation""], ""correct"": null, ""answer_text"": null, ""category"": null, ""source_file"": ""4.1 Diodes.docx"", ""source_module"": ""M4"", ""fmt"": ""docx"", ""module"": ""M4"", ""syllabusRef"": ""M4.04.02"", ""level"": null, ""difficulty"": ""MEDIUM""}"
M4,,,52. Which property of LEDs makes them suitable for display applications?,Emission of light,High current handling,Large physical size,,C,MEDIUM,,,,DRAFT,Found in Suntech corpus,1,4.1 Diodes.docx,"{""raw"": ""52. Which property of LEDs makes them suitable for display applications?\n     a) Emission of light\n     b) High current handling\n     c) Large physical size"", ""question"": ""52. Which property of LEDs makes them suitable for display applications?"", ""options"": [""Emission of light"", ""High current handling"", ""Large physical size""], ""correct"": null, ""answer_text"": null, ""category"": null, ""source_file"": ""4.1 Diodes.docx"", ""source_module"": ""M4"", ""fmt"": ""docx"", ""module"": ""M4"", ""difficulty"": ""MEDIUM""}"
M4,M4.04.02,,1. What is the primary material used in monolithic integrated circuits?,Silicon,Germanium,Gallium Arsenide,,A,MEDIUM,,,,DRAFT,ANSWERED,Found in Suntech corpus - Silicon is the primary material for monolithic ICs,4.2 Integrated Circuits.docx,"{""raw"": ""1. What is the primary material used in monolithic integrated circuits?\na) Silicon\nb) Germanium\nc) Gallium Arsenide"", ""question"": ""1. What is the primary material used in monolithic integrated circuits?"", ""options"": [""Silicon"", ""Germanium"", ""Gallium Arsenide""], ""correct"": null, ""answer_text"": null, ""category"": null, ""source_file"": ""4.2 Integrated Circuits.docx"", ""source_module"": ""M4"", ""fmt"": ""docx"", ""module"": ""M4"", ""syllabusRef"": ""M4.04.02"", ""level"": null, ""difficulty"": ""MEDIUM""}"
M4,M4.04.02,,2. What defines a monolithic integrated circuit?,Elements are separable and formed on multiple substrates,Elements are inseparably associated and formed on a single substrate,Elements are connected through external wires,,A,EASY,,,,DRAFT,Found in Suntech corpus,1,4.2 Integrated Circuits.docx,"{""raw"": ""2. What defines a monolithic integrated circuit?\na) Elements are separable and formed on multiple substrates\nb) Elements are inseparably associated and formed on a single substrate\nc) Elements are connected through external wires"", ""question"": ""2. What defines a monolithic integrated circuit?"", ""options"": [""Elements are separable and formed on multiple substrates"", ""Elements are inseparably associated and formed on a single substrate"", ""Elements are connected through external wires""], ""correct"": null, ""answer_text"": null, ""category"": null, ""source_file"": ""4.2 Integrated Circuits.docx"", ""source_module"": ""M4"", ""fmt"": ""docx"", ""module"": ""M4"", ""syllabusRef"": ""M4.04.02"", ""level"": null, ""difficulty"": ""EASY""}"
M4,M4.04.02,,3. What type of material is used in film integrated circuits?,Only conductive materials,Only non-conductive materials,Both conductive and non-conductive materials,,C,MEDIUM,,,,DRAFT,ANSWERED,Found in Suntech corpus - Film ICs use both conductive and non-conductive materials for passive components,4.2 Integrated Circuits.docx,"{""raw"": ""3. What type of material is used in film integrated circuits?\na) Only conductive materials\nb) Only non-conductive materials\nc) Both conductive and non-conductive materials"", ""question"": ""3. What type of material is used in film integrated circuits?"", ""options"": [""Only conductive materials"", ""Only non-conductive materials"", ""Both conductive and non-conductive materials""], ""correct"": null, ""answer_text"": null, ""category"": null, ""source_file"": ""4.2 Integrated Circuits.docx"", ""source_module"": ""M4"", ""fmt"": ""docx"", ""module"": ""M4"", ""syllabusRef"": ""M4.04.02"", ""level"": null, ""difficulty"": ""MEDIUM""}"
M4,M4.04.02,,4. Which type of integrated circuit can combine discrete components with integrated circuit types?,Monolithic,Hybrid,Thin film,,C,MEDIUM,,,,DRAFT,Found in Suntech corpus,1,4.2 Integrated Circuits.docx,"{""raw"": ""4. Which type of integrated circuit can combine discrete components with integrated circuit types?\na) Monolithic\nb) Hybrid\nc) Thin film"", ""question"": ""4. Which type of integrated circuit can combine discrete components with integrated circuit types?"", ""options"": [""Monolithic"", ""Hybrid"", ""Thin film""], ""correct"": null, ""answer_text"": null, ""category"": null, ""source_file"": ""4.2 Integrated Circuits.docx"", ""source_module"": ""M4"", ""fmt"": ""docx"", ""module"": ""M4"", ""syllabusRef"": ""M4.04.02"", ""level"": null, ""difficulty"": ""MEDIUM""}"
M4,M4.04.02,,5. What type of integrated circuit uses passive circuit components deposited on a ceramic or glass substrate?,Hybrid,Film,Monolithic,,B,MEDIUM,,,,DRAFT,ANSWERED,Found in Suntech corpus - Film integrated circuits use passive components on ceramic/glass substrates,4.2 Integrated Circuits.docx,"{""raw"": ""5. What type of integrated circuit uses passive circuit components deposited on a ceramic or glass substrate?\na) Hybrid\nb) Film\nc) Monolithic"", ""question"": ""5. What type of integrated circuit uses passive circuit components deposited on a ceramic or glass substrate?"", ""options"": [""Hybrid"", ""Film"", ""Monolithic""], ""correct"": null, ""answer_text"": null, ""category"": null, ""source_file"": ""4.2 Integrated Circuits.docx"", ""source_module"": ""M4"", ""fmt"": ""docx"", ""module"": ""M4"", ""syllabusRef"": ""M4.04.02"", ""level"": null, ""difficulty"": ""MEDIUM""}"
M4,M4.04.02,,6. What are the two categories of film integrated circuits?,Thick and thin film,Thin film and thick film,Monolithic and hybrid,,A,MEDIUM,,,,DRAFT,Found in Suntech corpus,1,4.2 Integrated Circuits.docx,"{""raw"": ""6. What are the two categories of film integrated circuits?\na) Thick and thin film\nb) Thin film and thick film\nc) Monolithic and hybrid"", ""question"": ""6. What are the two categories of film integrated circuits?"", ""options"": [""Thick and thin film"", ""Thin film and thick film"", ""Monolithic and hybrid""], ""correct"": null, ""answer_text"": null, ""category"": null, ""source_file"": ""4.2 Integrated Circuits.docx"", ""source_module"": ""M4"", ""fmt"": ""docx"", ""module"": ""M4"", ""syllabusRef"": ""M4.04.02"", ""level"": null, ""difficulty"": ""MEDIUM""}"
M4,M4.04.02,,7. Which statement best describes a hybrid integrated circuit?,Combines different types of integrated circuits only,Combines discrete components only,Combines both integrated circuit types and discrete components,,A,MEDIUM,,,,DRAFT,Found in Suntech corpus,1,4.2 Integrated Circuits.docx,"{""raw"": ""7. Which statement best describes a hybrid integrated circuit?\na) Combines different types of integrated circuits only\nb) Combines discrete components only\nc) Combines both integrated circuit types and discrete components"", ""question"": ""7. Which statement best describes a hybrid integrated circuit?"", ""options"": [""Combines different types of integrated circuits only"", ""Combines discrete components only"", ""Combines both integrated circuit types and discrete components""], ""correct"": null, ""answer_text"": null, ""category"": null, ""source_file"": ""4.2 Integrated Circuits.docx"", ""source_module"": ""M4"", ""fmt"": ""docx"", ""module"": ""M4"", ""syllabusRef"": ""M4.04.02"", ""level"": null, ""difficulty"": ""MEDIUM""}"
M4,M4.04.02,,8. What is one of the main applications of large-scale integration (LSI) and very large-scale integration (VLSI)?,Digital circuits,Power circuits,Thermal circuits,,B,MEDIUM,,,,DRAFT,Found in Suntech corpus,1,4.2 Integrated Circuits.docx,"{""raw"": ""8. What is one of the main applications of large-scale integration (LSI) and very large-scale integration (VLSI)?\na) Digital circuits\nb) Power circuits\nc) Thermal circuits"", ""question"": ""8. What is one of the main applications of large-scale integration (LSI) and very large-scale integration (VLSI)?"", ""options"": [""Digital circuits"", ""Power circuits"", ""Thermal circuits""], ""correct"": null, ""answer_text"": null, ""category"": null, ""source_file"": ""4.2 Integrated Circuits.docx"", ""source_module"": ""M4"", ""fmt"": ""docx"", ""module"": ""M4"", ""syllabusRef"": ""M4.04.02"", ""level"": null, ""difficulty"": ""MEDIUM""}"
M4,,,9. Which of the following is not a type of logic gate?,NAND gate,NOR gate,AND-OR gate,,A,MEDIUM,,,,DRAFT,Found in Suntech corpus,1,4.2 Integrated Circuits.docx,"{""raw"": ""9. Which of the following is not a type of logic gate?\na) NAND gate\nb) NOR gate\nc) AND-OR gate"", ""question"": ""9. Which of the following is not a type of logic gate?"", ""options"": [""NAND gate"", ""NOR gate"", ""AND-OR gate""], ""correct"": null, ""answer_text"": null, ""category"": null, ""source_file"": ""4.2 Integrated Circuits.docx"", ""source_module"": ""M4"", ""fmt"": ""docx"", ""module"": ""M4"", ""difficulty"": ""MEDIUM""}"
M4,,,10. What type of gate outputs a high signal only when all its inputs are low?,AND gate,NOR gate,XOR gate,,B,MEDIUM,,,,DRAFT,Found in Suntech corpus,1,4.2 Integrated Circuits.docx,"{""raw"": ""10. What type of gate outputs a high signal only when all its inputs are low?\na) AND gate\nb) NOR gate\nc) XOR gate"", ""question"": ""10. What type of gate outputs a high signal only when all its inputs are low?"", ""options"": [""AND gate"", ""NOR gate"", ""XOR gate""], ""correct"": null, ""answer_text"": null, ""category"": null, ""source_file"": ""4.2 Integrated Circuits.docx"", ""source_module"": ""M4"", ""fmt"": ""docx"", ""module"": ""M4"", ""difficulty"": ""MEDIUM""}"
M4,M4.04.02,,11. What is a primary use of operational amplifiers in integrated circuits?,Signal amplification,Power conversion,Heat dissipation,,A,MEDIUM,,,,DRAFT,ANSWERED,"Found in Suntech corpus - Op-Amps used for signal amplification, integrator, differentiator, voltage follower, comparator",4.2 Integrated Circuits.docx,"{""raw"": ""11. What is a primary use of operational amplifiers in integrated circuits?\na) Signal amplification\nb) Power conversion\nc) Heat dissipation"", ""question"": ""11. What is a primary use of operational amplifiers in integrated circuits?"", ""options"": [""Signal amplification"", ""Power conversion"", ""Heat dissipation""], ""correct"": null, ""answer_text"": null, ""category"": null, ""source_file"": ""4.2 Integrated Circuits.docx"", ""source_module"": ""M4"", ""fmt"": ""docx"", ""module"": ""M4"", ""syllabusRef"": ""M4.04.02"", ""level"": null, ""difficulty"": ""MEDIUM""}"
M4,,,12. Which configuration of an operational amplifier has a higher input impedance?,Inverting configuration,Non-inverting configuration,Open-loop configuration,,B,MEDIUM,,,,DRAFT,ANSWERED,Found in Suntech corpus - Non-inverting configuration has higher input impedance than inverting,4.2 Integrated Circuits.docx,"{""raw"": ""12. Which configuration of an operational amplifier has a higher input impedance?\na) Inverting configuration\nb) Non-inverting configuration\nc) Open-loop configuration"", ""question"": ""12. Which configuration of an operational amplifier has a higher input impedance?"", ""options"": [""Inverting configuration"", ""Non-inverting configuration"", ""Open-loop configuration""], ""correct"": null, ""answer_text"": null, ""category"": null, ""source_file"": ""4.2 Integrated Circuits.docx"", ""source_module"": ""M4"", ""fmt"": ""docx"", ""module"": ""M4"", ""difficulty"": ""MEDIUM""}"
M4,,,13. What is the advantage of negative feedback in an operational amplifier?,Increases the output signal,Improves frequency response,Reduces power consumption,,B,MEDIUM,,,,DRAFT,Found in Suntech corpus,1,4.2 Integrated Circuits.docx,"{""raw"": ""13. What is the advantage of negative feedback in an operational amplifier?\na) Increases the output signal\nb) Improves frequency response\nc) Reduces power consumption"", ""question"": ""13. What is the advantage of negative feedback in an operational amplifier?"", ""options"": [""Increases the output signal"", ""Improves frequency response"", ""Reduces power consumption""], ""correct"": null, ""answer_text"": null, ""category"": null, ""source_file"": ""4.2 Integrated Circuits.docx"", ""source_module"": ""M4"", ""fmt"": ""docx"", ""module"": ""M4"", ""difficulty"": ""MEDIUM""}"
M4,,,14. Which type of amplifier configuration uses both positive and negative feedback?,Closed-loop configuration,Open-loop configuration,Differential configuration,,A,MEDIUM,,,,DRAFT,Found in Suntech corpus,1,4.2 Integrated Circuits.docx,"{""raw"": ""14. Which type of amplifier configuration uses both positive and negative feedback?\na) Closed-loop configuration\nb) Open-loop configuration\nc) Differential configuration"", ""question"": ""14. Which type of amplifier configuration uses both positive and negative feedback?"", ""options"": [""Closed-loop configuration"", ""Open-loop configuration"", ""Differential configuration""], ""correct"": null, ""answer_text"": null, ""category"": null, ""source_file"": ""4.2 Integrated Circuits.docx"", ""source_module"": ""M4"", ""fmt"": ""docx"", ""module"": ""M4"", ""difficulty"": ""MEDIUM""}"
M4,M4.04.02,,15. What process is commonly used in the fabrication of monolithic integrated circuits?,Diffusion method,Electroplating,Screen printing,,A,MEDIUM,,,,DRAFT,Found in Suntech corpus,1,4.2 Integrated Circuits.docx,"{""raw"": ""15. What process is commonly used in the fabrication of monolithic integrated circuits?\na) Diffusion method\nb) Electroplating\nc) Screen printing"", ""question"": ""15. What process is commonly used in the fabrication of monolithic integrated circuits?"", ""options"": [""Diffusion method"", ""Electroplating"", ""Screen printing""], ""correct"": null, ""answer_text"": null, ""category"": null, ""source_file"": ""4.2 Integrated Circuits.docx"", ""source_module"": ""M4"", ""fmt"": ""docx"", ""module"": ""M4"", ""syllabusRef"": ""M4.04.02"", ""level"": null, ""difficulty"": ""MEDIUM""}"
M4,,,"16. In IC packaging, what does the term ""dual inline package"" refer to?",A package with two parallel rows of connecting pins,A package with a single row of connecting pins,A package with no connecting pins,,A,MEDIUM,,,,DRAFT,Found in Suntech corpus,1,4.2 Integrated Circuits.docx,"{""raw"": ""16. In IC packaging, what does the term \""dual inline package\"" refer to?\na) A package with two parallel rows of connecting pins\nb) A package with a single row of connecting pins\nc) A package with no connecting pins"", ""question"": ""16. In IC packaging, what does the term \""dual inline package\"" refer to?"", ""options"": [""A package with two parallel rows of connecting pins"", ""A package with a single row of connecting pins"", ""A package with no connecting pins""], ""correct"": null, ""answer_text"": null, ""category"": null, ""source_file"": ""4.2 Integrated Circuits.docx"", ""source_module"": ""M4"", ""fmt"": ""docx"", ""module"": ""M4"", ""difficulty"": ""MEDIUM""}"
M4,,,17. What is the purpose of an IC package lead identification system?,To identify the function of each pin,To provide additional power to the IC,To increase the size of the IC,,A,MEDIUM,,,,DRAFT,Found in Suntech corpus,1,4.2 Integrated Circuits.docx,"{""raw"": ""17. What is the purpose of an IC package lead identification system?\na) To identify the function of each pin\nb) To provide additional power to the IC\nc) To increase the size of the IC"", ""question"": ""17. What is the purpose of an IC package lead identification system?"", ""options"": [""To identify the function of each pin"", ""To provide additional power to the IC"", ""To increase the size of the IC""], ""correct"": null, ""answer_text"": null, ""category"": null, ""source_file"": ""4.2 Integrated Circuits.docx"", ""source_module"": ""M4"", ""fmt"": ""docx"", ""module"": ""M4"", ""difficulty"": ""MEDIUM""}"
M4,,,18. What is a common method used to create patterns on printed circuit boards?,Soldering,Etching,Welding,,B,MEDIUM,,,,DRAFT,ANSWERED,Found in Suntech corpus - Patterning (Etching) is the common method for PCB pattern creation,4.2 Integrated Circuits.docx,"{""raw"": ""18. What is a common method used to create patterns on printed circuit boards?\na) Soldering\nb) Etching\nc) Welding"", ""question"": ""18. What is a common method used to create patterns on printed circuit boards?"", ""options"": [""Soldering"", ""Etching"", ""Welding""], ""correct"": null, ""answer_text"": null, ""category"": null, ""source_file"": ""4.2 Integrated Circuits.docx"", ""source_module"": ""M4"", ""fmt"": ""docx"", ""module"": ""M4"", ""difficulty"": ""MEDIUM""}"
M4,,,19. What is the main advantage of using surface-mount technology (SMT) in PCB manufacturing?,Increases component density,Reduces manufacturing time,Improves thermal performance,,B,MEDIUM,,,,DRAFT,Found in Suntech corpus,1,4.2 Integrated Circuits.docx,"{""raw"": ""19. What is the main advantage of using surface-mount technology (SMT) in PCB manufacturing?\na) Increases component density\nb) Reduces manufacturing time\nc) Improves thermal performance"", ""question"": ""19. What is the main advantage of using surface-mount technology (SMT) in PCB manufacturing?"", ""options"": [""Increases component density"", ""Reduces manufacturing time"", ""Improves thermal performance""], ""correct"": null, ""answer_text"": null, ""category"": null, ""source_file"": ""4.2 Integrated Circuits.docx"", ""source_module"": ""M4"", ""fmt"": ""docx"", ""module"": ""M4"", ""difficulty"": ""MEDIUM""}"
M4,,,20. Which of the following is a step in the printed circuit board manufacturing process?,Lamination,Wire wrapping,Thermal bonding,,A,MEDIUM,,,,DRAFT,ANSWERED,Found in Suntech corpus - Lamination is a step in PCB manufacturing,4.2 Integrated Circuits.docx,"{""raw"": ""20. Which of the following is a step in the printed circuit board manufacturing process?\na) Lamination\nb) Wire wrapping\nc) Thermal bonding"", ""question"": ""20. Which of the following is a step in the printed circuit board manufacturing process?"", ""options"": [""Lamination"", ""Wire wrapping"", ""Thermal bonding""], ""correct"": null, ""answer_text"": null, ""category"": null, ""source_file"": ""4.2 Integrated Circuits.docx"", ""source_module"": ""M4"", ""fmt"": ""docx"", ""module"": ""M4"", ""difficulty"": ""MEDIUM""}"
M4,,,1. What is a servomechanism?,A mechanical system that requires manual control for positioning.,An automatic control system that uses a low energy input signal to produce motion or force.,A system that uses only hydraulic components for operation.,,C,EASY,,,,DRAFT,Found in Suntech corpus,1,4.3 Servomechanics.docx,"{""raw"": ""1. What is a servomechanism?\n    a) A mechanical system that requires manual control for positioning.\n    b) An automatic control system that uses a low energy input signal to produce motion or force.\n    c) A system that uses only hydraulic components for operation."", ""question"": ""1. What is a servomechanism?"", ""options"": [""A mechanical system that requires manual control for positioning."", ""An automatic control system that uses a low energy input signal to produce motion or force."", ""A system that uses only hydraulic components for operation.""], ""correct"": null, ""answer_text"": null, ""category"": null, ""source_file"": ""4.3 Servomechanics.docx"", ""source_module"": ""M4"", ""fmt"": ""docx"", ""module"": ""M4"", ""difficulty"": ""EASY""}"
M4,,,2. Which type of control system is a servomechanism typically associated with?,Open loop control system,Closed loop control system,Synchronous control system,,A,MEDIUM,,,,DRAFT,Found in Suntech corpus,1,4.3 Servomechanics.docx,"{""raw"": ""2. Which type of control system is a servomechanism typically associated with?\n    a) Open loop control system\n    b) Closed loop control system\n    c) Synchronous control system"", ""question"": ""2. Which type of control system is a servomechanism typically associated with?"", ""options"": [""Open loop control system"", ""Closed loop control system"", ""Synchronous control system""], ""correct"": null, ""answer_text"": null, ""category"": null, ""source_file"": ""4.3 Servomechanics.docx"", ""source_module"": ""M4"", ""fmt"": ""docx"", ""module"": ""M4"", ""difficulty"": ""MEDIUM""}"
M4,,,4. What is one key characteristic of a servo system?,It uses a weak control signal to move large loads accurately.,It requires constant manual input to function.,It only works with electrical motors.,,A,MEDIUM,,,,DRAFT,Found in Suntech corpus,1,4.3 Servomechanics.docx,"{""raw"": ""4. What is one key characteristic of a servo system?\n    a) It uses a weak control signal to move large loads accurately.\n    b) It requires constant manual input to function.\n    c) It only works with electrical motors."", ""question"": ""4. What is one key characteristic of a servo system?"", ""options"": [""It uses a weak control signal to move large loads accurately."", ""It requires constant manual input to function."", ""It only works with electrical motors.""], ""correct"": null, ""answer_text"": null, ""category"": null, ""source_file"": ""4.3 Servomechanics.docx"", ""source_module"": ""M4"", ""fmt"": ""docx"", ""module"": ""M4"", ""difficulty"": ""MEDIUM""}"
M4,,,5. What components can a servo system include?,Only electronic devices,"Electronic, electromechanical, pneumatic, hydraulic, and mechanical devices",Only mechanical devices,,A,EASY,,,,DRAFT,Found in Suntech corpus,1,4.3 Servomechanics.docx,"{""raw"": ""5. What components can a servo system include?\n    a) Only electronic devices\n    b) Electronic, electromechanical, pneumatic, hydraulic, and mechanical devices\n    c) Only mechanical devices"", ""question"": ""5. What components can a servo system include?"", ""options"": [""Only electronic devices"", ""Electronic, electromechanical, pneumatic, hydraulic, and mechanical devices"", ""Only mechanical devices""], ""correct"": null, ""answer_text"": null, ""category"": null, ""source_file"": ""4.3 Servomechanics.docx"", ""source_module"": ""M4"", ""fmt"": ""docx"", ""module"": ""M4"", ""difficulty"": ""EASY""}"
M4,M4.04.03,,6. In what applications can servomechanisms be found?,Only in industrial machinery,Only in aviation systems,In applications ranging from model airplanes to jumbo jets,,B,MEDIUM,,,,DRAFT,Found in Suntech corpus,1,4.3 Servomechanics.docx,"{""raw"": ""6. In what applications can servomechanisms be found?\n    a) Only in industrial machinery\n    b) Only in aviation systems\n    c) In applications ranging from model airplanes to jumbo jets"", ""question"": ""6. In what applications can servomechanisms be found?"", ""options"": [""Only in industrial machinery"", ""Only in aviation systems"", ""In applications ranging from model airplanes to jumbo jets""], ""correct"": null, ""answer_text"": null, ""category"": null, ""source_file"": ""4.3 Servomechanics.docx"", ""source_module"": ""M4"", ""fmt"": ""docx"", ""module"": ""M4"", ""syllabusRef"": ""M4.04.03"", ""level"": null, ""difficulty"": ""MEDIUM""}"
M4,M4.04.03,,8. What type of motion can servomechanisms produce?,Only rotary motion,Both rotary and linear motion depending on the mechanical transmission of force,Only linear motion,,A,MEDIUM,,,,DRAFT,Found in Suntech corpus,1,4.3 Servomechanics.docx,"{""raw"": ""8. What type of motion can servomechanisms produce?\n    a) Only rotary motion\n    b) Both rotary and linear motion depending on the mechanical transmission of force\n    c) Only linear motion"", ""question"": ""8. What type of motion can servomechanisms produce?"", ""options"": [""Only rotary motion"", ""Both rotary and linear motion depending on the mechanical transmission of force"", ""Only linear motion""], ""correct"": null, ""answer_text"": null, ""category"": null, ""source_file"": ""4.3 Servomechanics.docx"", ""source_module"": ""M4"", ""fmt"": ""docx"", ""module"": ""M4"", ""syllabusRef"": ""M4.04.03"", ""level"": null, ""difficulty"": ""MEDIUM""}"
M4,M4.04.03,,9. What is an Automatic Flight Control System (AFCS)?,A system that requires manual pilot input for every adjustment.,An automatic system that uses servomechanisms to control aircraft flight surfaces.,A purely mechanical system for aircraft control.,,B,MEDIUM,,,,DRAFT,Found in Suntech corpus,1,4.3 Servomechanics.docx,"{""raw"": ""9. What is an Automatic Flight Control System (AFCS)?\n    a) A system that requires manual pilot input for every adjustment.\n    b) An automatic system that uses servomechanisms to control aircraft flight surfaces.\n    c) A purely mechanical system for aircraft control."", ""question"": ""9. What is an Automatic Flight Control System (AFCS)?"", ""options"": [""A system that requires manual pilot input for every adjustment."", ""An automatic system that uses servomechanisms to control aircraft flight surfaces."", ""A purely mechanical system for aircraft control.""], ""correct"": null, ""answer_text"": null, ""category"": null, ""source_file"": ""4.3 Servomechanics.docx"", ""source_module"": ""M4"", ""fmt"": ""docx"", ""module"": ""M4"", ""syllabusRef"": ""M4.04.03"", ""level"": null, ""difficulty"": ""MEDIUM""}"
M4,,,11. What does a Basic Desynn System consist of?,Only a transmitter,"A transmitter, transmission leads, and a receiver",Only a receiver,,A,EASY,,,,DRAFT,Found in Suntech corpus,1,4.3 Servomechanics.docx,"{""raw"": ""11. What does a Basic Desynn System consist of?\n     a) Only a transmitter\n     b) A transmitter, transmission leads, and a receiver\n     c) Only a receiver"", ""question"": ""11. What does a Basic Desynn System consist of?"", ""options"": [""Only a transmitter"", ""A transmitter, transmission leads, and a receiver"", ""Only a receiver""], ""correct"": null, ""answer_text"": null, ""category"": null, ""source_file"": ""4.3 Servomechanics.docx"", ""source_module"": ""M4"", ""fmt"": ""docx"", ""module"": ""M4"", ""difficulty"": ""EASY""}"
M4,,,12. What is the purpose of the transmitter in a Desynn system?,To receive the position signal from the receiver,To send the position signal to the receiver,To provide power to the receiver,,A,MEDIUM,,,,DRAFT,Found in Suntech corpus,1,4.3 Servomechanics.docx,"{""raw"": ""12. What is the purpose of the transmitter in a Desynn system?\n     a) To receive the position signal from the receiver\n     b) To send the position signal to the receiver\n     c) To provide power to the receiver"", ""question"": ""12. What is the purpose of the transmitter in a Desynn system?"", ""options"": [""To receive the position signal from the receiver"", ""To send the position signal to the receiver"", ""To provide power to the receiver""], ""correct"": null, ""answer_text"": null, ""category"": null, ""source_file"": ""4.3 Servomechanics.docx"", ""source_module"": ""M4"", ""fmt"": ""docx"", ""module"": ""M4"", ""difficulty"": ""MEDIUM""}"
M4,,,13. How can the system be adjusted for indication accuracy in a Desynn system?,By adjusting the radial arm on the transmitter and the length of the connecting rod,By increasing the power supply voltage,By changing the type of transmission leads,,A,MEDIUM,,,,DRAFT,Found in Suntech corpus,1,4.3 Servomechanics.docx,"{""raw"": ""13. How can the system be adjusted for indication accuracy in a Desynn system?\n     a) By adjusting the radial arm on the transmitter and the length of the connecting rod\n     b) By increasing the power supply voltage\n     c) By changing the type of transmission leads"", ""question"": ""13. How can the system be adjusted for indication accuracy in a Desynn system?"", ""options"": [""By adjusting the radial arm on the transmitter and the length of the connecting rod"", ""By increasing the power supply voltage"", ""By changing the type of transmission leads""], ""correct"": null, ""answer_text"": null, ""category"": null, ""source_file"": ""4.3 Servomechanics.docx"", ""source_module"": ""M4"", ""fmt"": ""docx"", ""module"": ""M4"", ""difficulty"": ""MEDIUM""}"
M4,,,14. What happens when the transmitter input shaft rotates in a Desynn system?,The receiver stops functioning,The wiper is repositioned on the resistor causing a variation in voltage,The transmission leads get disconnected,,C,MEDIUM,,,,DRAFT,Found in Suntech corpus,1,4.3 Servomechanics.docx,"{""raw"": ""14. What happens when the transmitter input shaft rotates in a Desynn system?\n     a) The receiver stops functioning\n     b) The wiper is repositioned on the resistor causing a variation in voltage\n     c) The transmission leads get disconnected"", ""question"": ""14. What happens when the transmitter input shaft rotates in a Desynn system?"", ""options"": [""The receiver stops functioning"", ""The wiper is repositioned on the resistor causing a variation in voltage"", ""The transmission leads get disconnected""], ""correct"": null, ""answer_text"": null, ""category"": null, ""source_file"": ""4.3 Servomechanics.docx"", ""source_module"": ""M4"", ""fmt"": ""docx"", ""module"": ""M4"", ""difficulty"": ""MEDIUM""}"
M4,,,15. What creates the magnetic torque in a Desynn system?,The power supply voltage,The change in the strength and direction of currents flowing through the indicator coils,The physical movement of the receiver,,B,MEDIUM,,,,DRAFT,Found in Suntech corpus,1,4.3 Servomechanics.docx,"{""raw"": ""15. What creates the magnetic torque in a Desynn system?\n     a) The power supply voltage\n     b) The change in the strength and direction of currents flowing through the indicator coils\n     c) The physical movement of the receiver"", ""question"": ""15. What creates the magnetic torque in a Desynn system?"", ""options"": [""The power supply voltage"", ""The change in the strength and direction of currents flowing through the indicator coils"", ""The physical movement of the receiver""], ""correct"": null, ""answer_text"": null, ""category"": null, ""source_file"": ""4.3 Servomechanics.docx"", ""source_module"": ""M4"", ""fmt"": ""docx"", ""module"": ""M4"", ""difficulty"": ""MEDIUM""}"
M4,,,16. What type of scale is used on the indicator of a Desynn system?,Linear scale,Nonlinear scale,Digital scale,,A,MEDIUM,,,,DRAFT,Found in Suntech corpus,1,4.3 Servomechanics.docx,"{""raw"": ""16. What type of scale is used on the indicator of a Desynn system?\n     a) Linear scale\n     b) Nonlinear scale\n     c) Digital scale"", ""question"": ""16. What type of scale is used on the indicator of a Desynn system?"", ""options"": [""Linear scale"", ""Nonlinear scale"", ""Digital scale""], ""correct"": null, ""answer_text"": null, ""category"": null, ""source_file"": ""4.3 Servomechanics.docx"", ""source_module"": ""M4"", ""fmt"": ""docx"", ""module"": ""M4"", ""difficulty"": ""MEDIUM""}"
M4,,,"17. In a MicroDesynn System, what is the primary function of the transmitter?",To sense and transmit the position signal,To receive and process the position signal,To provide electrical power,,C,MEDIUM,,,,DRAFT,Found in Suntech corpus,1,4.3 Servomechanics.docx,"{""raw"": ""17. In a MicroDesynn System, what is the primary function of the transmitter?\n     a) To sense and transmit the position signal\n     b) To receive and process the position signal\n     c) To provide electrical power"", ""question"": ""17. In a MicroDesynn System, what is the primary function of the transmitter?"", ""options"": [""To sense and transmit the position signal"", ""To receive and process the position signal"", ""To provide electrical power""], ""correct"": null, ""answer_text"": null, ""category"": null, ""source_file"": ""4.3 Servomechanics.docx"", ""source_module"": ""M4"", ""fmt"": ""docx"", ""module"": ""M4"", ""difficulty"": ""MEDIUM""}"
M4,,,18. What is the purpose of testing a MicroDesynn System?,To ensure the accuracy and reliability of the position indication,To increase the system's power efficiency,To replace the transmitter,,B,MEDIUM,,,,DRAFT,Found in Suntech corpus,1,4.3 Servomechanics.docx,"{""raw"": ""18. What is the purpose of testing a MicroDesynn System?\n     a) To ensure the accuracy and reliability of the position indication\n     b) To increase the system's power efficiency\n     c) To replace the transmitter"", ""question"": ""18. What is the purpose of testing a MicroDesynn System?"", ""options"": [""To ensure the accuracy and reliability of the position indication"", ""To increase the system's power efficiency"", ""To replace the transmitter""], ""correct"": null, ""answer_text"": null, ""category"": null, ""source_file"": ""4.3 Servomechanics.docx"", ""source_module"": ""M4"", ""fmt"": ""docx"", ""module"": ""M4"", ""difficulty"": ""MEDIUM""}"
M4,M4.4.3(a),,19. What is a Magnesyn System?,A purely mechanical system for position indication,A type of servomechanism that uses magnetic principles for position sensing,A hydraulic control system,,A,EASY,,,,DRAFT,Found in Suntech corpus,1,4.3 Servomechanics.docx,"{""raw"": ""19. What is a Magnesyn System?\n     a) A purely mechanical system for position indication\n     b) A type of servomechanism that uses magnetic principles for position sensing\n     c) A hydraulic control system"", ""question"": ""19. What is a Magnesyn System?"", ""options"": [""A purely mechanical system for position indication"", ""A type of servomechanism that uses magnetic principles for position sensing"", ""A hydraulic control system""], ""correct"": null, ""answer_text"": null, ""category"": null, ""source_file"": ""4.3 Servomechanics.docx"", ""source_module"": ""M4"", ""fmt"": ""docx"", ""module"": ""M4"", ""syllabusRef"": ""M4.4.3(a)"", ""level"": null, ""difficulty"": ""EASY""}"
M4,M4.4.3(a),,20. How is a Torque Synchro System different from a Desynn System?,It uses hydraulic components,It operates based on synchro principles and typically uses AC signals,It does not use a transmitter,,A,MEDIUM,,,,DRAFT,Found in Suntech corpus,1,4.3 Servomechanics.docx,"{""raw"": ""20. How is a Torque Synchro System different from a Desynn System?\n     a) It uses hydraulic components\n     b) It operates based on synchro principles and typically uses AC signals\n     c) It does not use a transmitter"", ""question"": ""20. How is a Torque Synchro System different from a Desynn System?"", ""options"": [""It uses hydraulic components"", ""It operates based on synchro principles and typically uses AC signals"", ""It does not use a transmitter""], ""correct"": null, ""answer_text"": null, ""category"": null, ""source_file"": ""4.3 Servomechanics.docx"", ""source_module"": ""M4"", ""fmt"": ""docx"", ""module"": ""M4"", ""syllabusRef"": ""M4.4.3(a)"", ""level"": null, ""difficulty"": ""MEDIUM""}"
M4,,,21. What is the primary component of a Synchro System?,Synchro transmitter and receiver,Hydraulic actuator,Mechanical linkage,,A,MEDIUM,,,,DRAFT,Found in Suntech corpus,1,4.3 Servomechanics.docx,"{""raw"": ""21. What is the primary component of a Synchro System?\n     a) Synchro transmitter and receiver\n     b) Hydraulic actuator\n     c) Mechanical linkage"", ""question"": ""21. What is the primary component of a Synchro System?"", ""options"": [""Synchro transmitter and receiver"", ""Hydraulic actuator"", ""Mechanical linkage""], ""correct"": null, ""answer_text"": null, ""category"": null, ""source_file"": ""4.3 Servomechanics.docx"", ""source_module"": ""M4"", ""fmt"": ""docx"", ""module"": ""M4"", ""difficulty"": ""MEDIUM""}"
M4,,,22. What is the function of the stator in a Synchro System?,To convert electrical signals into mechanical motion,To generate a rotating magnetic field,To amplify the control signal,,A,MEDIUM,,,,DRAFT,Found in Suntech corpus,1,4.3 Servomechanics.docx,"{""raw"": ""22. What is the function of the stator in a Synchro System?\n     a) To convert electrical signals into mechanical motion\n     b) To generate a rotating magnetic field\n     c) To amplify the control signal"", ""question"": ""22. What is the function of the stator in a Synchro System?"", ""options"": [""To convert electrical signals into mechanical motion"", ""To generate a rotating magnetic field"", ""To amplify the control signal""], ""correct"": null, ""answer_text"": null, ""category"": null, ""source_file"": ""4.3 Servomechanics.docx"", ""source_module"": ""M4"", ""fmt"": ""docx"", ""module"": ""M4"", ""difficulty"": ""MEDIUM""}"
M4,,,23. What is the purpose of the rotor in a Synchro System?,To align with the stator magnetic field and move the pointer,To generate electrical signals,To control the power supply,,A,MEDIUM,,,,DRAFT,Found in Suntech corpus,1,4.3 Servomechanics.docx,"{""raw"": ""23. What is the purpose of the rotor in a Synchro System?\n     a) To align with the stator magnetic field and move the pointer\n     b) To generate electrical signals\n     c) To control the power supply"", ""question"": ""23. What is the purpose of the rotor in a Synchro System?"", ""options"": [""To align with the stator magnetic field and move the pointer"", ""To generate electrical signals"", ""To control the power supply""], ""correct"": null, ""answer_text"": null, ""category"": null, ""source_file"": ""4.3 Servomechanics.docx"", ""source_module"": ""M4"", ""fmt"": ""docx"", ""module"": ""M4"", ""difficulty"": ""MEDIUM""}"
M4,,,24. What type of signals do Torque Synchros typically use?,DC signals,AC signals,Mechanical signals,,A,MEDIUM,,,,DRAFT,Found in Suntech corpus,1,4.3 Servomechanics.docx,"{""raw"": ""24. What type of signals do Torque Synchros typically use?\n     a) DC signals\n     b) AC signals\n     c) Mechanical signals"", ""question"": ""24. What type of signals do Torque Synchros typically use?"", ""options"": [""DC signals"", ""AC signals"", ""Mechanical signals""], ""correct"": null, ""answer_text"": null, ""category"": null, ""source_file"": ""4.3 Servomechanics.docx"", ""source_module"": ""M4"", ""fmt"": ""docx"", ""module"": ""M4"", ""difficulty"": ""MEDIUM""}"
M4,,,25. What happens when there is a fault in a Synchro System?,The system operates normally,The position indication may become inaccurate or fail,The transmitter stops sending signals,,B,MEDIUM,,,,DRAFT,Found in Suntech corpus,1,4.3 Servomechanics.docx,"{""raw"": ""25. What happens when there is a fault in a Synchro System?\n     a) The system operates normally\n     b) The position indication may become inaccurate or fail\n     c) The transmitter stops sending signals"", ""question"": ""25. What happens when there is a fault in a Synchro System?"", ""options"": [""The system operates normally"", ""The position indication may become inaccurate or fail"", ""The transmitter stops sending signals""], ""correct"": null, ""answer_text"": null, ""category"": null, ""source_file"": ""4.3 Servomechanics.docx"", ""source_module"": ""M4"", ""fmt"": ""docx"", ""module"": ""M4"", ""difficulty"": ""MEDIUM""}"
M4,,,26. What is the role of the control transformer in a Control Synchro System?,To convert control signals into mechanical motion,To amplify the power supply voltage,To provide feedback signals,,B,MEDIUM,,,,DRAFT,Found in Suntech corpus,1,4.3 Servomechanics.docx,"{""raw"": ""26. What is the role of the control transformer in a Control Synchro System?\n     a) To convert control signals into mechanical motion\n     b) To amplify the power supply voltage\n     c) To provide feedback signals"", ""question"": ""26. What is the role of the control transformer in a Control Synchro System?"", ""options"": [""To convert control signals into mechanical motion"", ""To amplify the power supply voltage"", ""To provide feedback signals""], ""correct"": null, ""answer_text"": null, ""category"": null, ""source_file"": ""4.3 Servomechanics.docx"", ""source_module"": ""M4"", ""fmt"": ""docx"", ""module"": ""M4"", ""difficulty"": ""MEDIUM""}"
M4,,,27. How does a basic servo system operate?,By manual adjustment of control surfaces,By using control signals to automatically adjust the position of control surfaces,By hydraulic pressure alone,,A,EASY,,,,DRAFT,Found in Suntech corpus,1,4.3 Servomechanics.docx,"{""raw"": ""27. How does a basic servo system operate?\n     a) By manual adjustment of control surfaces\n     b) By using control signals to automatically adjust the position of control surfaces\n     c) By hydraulic pressure alone"", ""question"": ""27. How does a basic servo system operate?"", ""options"": [""By manual adjustment of control surfaces"", ""By using control signals to automatically adjust the position of control surfaces"", ""By hydraulic pressure alone""], ""correct"": null, ""answer_text"": null, ""category"": null, ""source_file"": ""4.3 Servomechanics.docx"", ""source_module"": ""M4"", ""fmt"": ""docx"", ""module"": ""M4"", ""difficulty"": ""EASY""}"
M4,,,28. What is a Rate Generator (Tachometer)?,A device that provides feedback on the speed of the controlled system,A device that generates control signals,A device that amplifies the power supply,,A,EASY,,,,DRAFT,Found in Suntech corpus,1,4.3 Servomechanics.docx,"{""raw"": ""28. What is a Rate Generator (Tachometer)?\n     a) A device that provides feedback on the speed of the controlled system\n     b) A device that generates control signals\n     c) A device that amplifies the power supply"", ""question"": ""28. What is a Rate Generator (Tachometer)?"", ""options"": [""A device that provides feedback on the speed of the controlled system"", ""A device that generates control signals"", ""A device that amplifies the power supply""], ""correct"": null, ""answer_text"": null, ""category"": null, ""source_file"": ""4.3 Servomechanics.docx"", ""source_module"": ""M4"", ""fmt"": ""docx"", ""module"": ""M4"", ""difficulty"": ""EASY""}"
M4,,,29. What is the primary difference between an AC and DC Rate Generator?,Their size and weight,The type of electrical signals they use,Their mechanical construction,,B,MEDIUM,,,,DRAFT,Found in Suntech corpus,1,4.3 Servomechanics.docx,"{""raw"": ""29. What is the primary difference between an AC and DC Rate Generator?\n     a) Their size and weight\n     b) The type of electrical signals they use\n     c) Their mechanical construction"", ""question"": ""29. What is the primary difference between an AC and DC Rate Generator?"", ""options"": [""Their size and weight"", ""The type of electrical signals they use"", ""Their mechanical construction""], ""correct"": null, ""answer_text"": null, ""category"": null, ""source_file"": ""4.3 Servomechanics.docx"", ""source_module"": ""M4"", ""fmt"": ""docx"", ""module"": ""M4"", ""difficulty"": ""MEDIUM""}"
M4,,,30. What is the role of a Servo Amplifier?,To amplify the control signals to drive the servo motor,To generate control signals,To provide feedback signals,,A,EASY,,,,DRAFT,Found in Suntech corpus,1,4.3 Servomechanics.docx,"{""raw"": ""30. What is the role of a Servo Amplifier?\n     a) To amplify the control signals to drive the servo motor\n     b) To generate control signals\n     c) To provide feedback signals"", ""question"": ""30. What is the role of a Servo Amplifier?"", ""options"": [""To amplify the control signals to drive the servo motor"", ""To generate control signals"", ""To provide feedback signals""], ""correct"": null, ""answer_text"": null, ""category"": null, ""source_file"": ""4.3 Servomechanics.docx"", ""source_module"": ""M4"", ""fmt"": ""docx"", ""module"": ""M4"", ""difficulty"": ""EASY""}"
M4,,,31. What type of motor is commonly used in servo systems?,Induction motor,Servo motor,Stepper motor,,B,MEDIUM,,,,DRAFT,Found in Suntech corpus,1,4.3 Servomechanics.docx,"{""raw"": ""31. What type of motor is commonly used in servo systems?\n     a) Induction motor\n     b) Servo motor\n     c) Stepper motor"", ""question"": ""31. What type of motor is commonly used in servo systems?"", ""options"": [""Induction motor"", ""Servo motor"", ""Stepper motor""], ""correct"": null, ""answer_text"": null, ""category"": null, ""source_file"": ""4.3 Servomechanics.docx"", ""source_module"": ""M4"", ""fmt"": ""docx"", ""module"": ""M4"", ""difficulty"": ""MEDIUM""}"
M4,,,32. What is the main advantage of a servomechanism in AFCS?,Reduced complexity,Manual control,Increased efficiency and accuracy in controlling flight surfaces,,C,MEDIUM,,,,DRAFT,ANSWERED,Found in Suntech corpus - Servomechanisms provide increased efficiency and accuracy in controlling flight surfaces,4.3 Servomechanics.docx,"{""raw"": ""32. What is the main advantage of a servomechanism in AFCS?\n     a) Reduced complexity\n     b) Manual control\n     c) Increased efficiency and accuracy in controlling flight surfaces"", ""question"": ""32. What is the main advantage of a servomechanism in AFCS?"", ""options"": [""Reduced complexity"", ""Manual control"", ""Increased efficiency and accuracy in controlling flight surfaces""], ""correct"": null, ""answer_text"": null, ""category"": null, ""source_file"": ""4.3 Servomechanics.docx"", ""source_module"": ""M4"", ""fmt"": ""docx"", ""module"": ""M4"", ""difficulty"": ""MEDIUM""}"
M4,,,33. How does a Synchro Torque Transmitter work?,By converting mechanical motion into hydraulic pressure,By generating a rotating magnetic field to control the receiver,By amplifying the control signals,,B,EASY,,,,DRAFT,Found in Suntech corpus,1,4.3 Servomechanics.docx,"{""raw"": ""33. How does a Synchro Torque Transmitter work?\n     a) By converting mechanical motion into hydraulic pressure\n     b) By generating a rotating magnetic field to control the receiver\n     c) By amplifying the control signals"", ""question"": ""33. How does a Synchro Torque Transmitter work?"", ""options"": [""By converting mechanical motion into hydraulic pressure"", ""By generating a rotating magnetic field to control the receiver"", ""By amplifying the control signals""], ""correct"": null, ""answer_text"": null, ""category"": null, ""source_file"": ""4.3 Servomechanics.docx"", ""source_module"": ""M4"", ""fmt"": ""docx"", ""module"": ""M4"", ""difficulty"": ""EASY""}"
M4,,,34. What is the function of a Synchro Differential Transmitter?,To control the power supply voltage,To transmit the difference in position between two inputs,To provide feedback signals,,B,MEDIUM,,,,DRAFT,Found in Suntech corpus,1,4.3 Servomechanics.docx,"{""raw"": ""34. What is the function of a Synchro Differential Transmitter?\n     a) To control the power supply voltage\n     b) To transmit the difference in position between two inputs\n     c) To provide feedback signals"", ""question"": ""34. What is the function of a Synchro Differential Transmitter?"", ""options"": [""To control the power supply voltage"", ""To transmit the difference in position between two inputs"", ""To provide feedback signals""], ""correct"": null, ""answer_text"": null, ""category"": null, ""source_file"": ""4.3 Servomechanics.docx"", ""source_module"": ""M4"", ""fmt"": ""docx"", ""module"": ""M4"", ""difficulty"": ""MEDIUM""}"
M4,,,35. What happens in a TX-TDX-TR System during subtraction operation?,The system calculates and transmits the difference between two positions,The system amplifies the control signals,The system generates additional control signals,,B,MEDIUM,,,,DRAFT,Found in Suntech corpus,1,4.3 Servomechanics.docx,"{""raw"": ""35. What happens in a TX-TDX-TR System during subtraction operation?\n     a) The system calculates and transmits the difference between two positions\n     b) The system amplifies the control signals\n     c) The system generates additional control signals"", ""question"": ""35. What happens in a TX-TDX-TR System during subtraction operation?"", ""options"": [""The system calculates and transmits the difference between two positions"", ""The system amplifies the control signals"", ""The system generates additional control signals""], ""correct"": null, ""answer_text"": null, ""category"": null, ""source_file"": ""4.3 Servomechanics.docx"", ""source_module"": ""M4"", ""fmt"": ""docx"", ""module"": ""M4"", ""difficulty"": ""MEDIUM""}"
M4,,,36. What is the purpose of a Resolver in a servo system?,To convert rotational position into electrical signals,To amplify the control signals,To provide power supply,,A,MEDIUM,,,,DRAFT,Found in Suntech corpus,1,4.3 Servomechanics.docx,"{""raw"": ""36. What is the purpose of a Resolver in a servo system?\n     a) To convert rotational position into electrical signals\n     b) To amplify the control signals\n     c) To provide power supply"", ""question"": ""36. What is the purpose of a Resolver in a servo system?"", ""options"": [""To convert rotational position into electrical signals"", ""To amplify the control signals"", ""To provide power supply""], ""correct"": null, ""answer_text"": null, ""category"": null, ""source_file"": ""4.3 Servomechanics.docx"", ""source_module"": ""M4"", ""fmt"": ""docx"", ""module"": ""M4"", ""difficulty"": ""MEDIUM""}"
M4,,,37. How is a Rotary Variable Differential Transformer (RVDT) used in a servo system?,To generate control signals,To measure and transmit angular displacement,To amplify the power supply,,B,MEDIUM,,,,DRAFT,Found in Suntech corpus,1,4.3 Servomechanics.docx,"{""raw"": ""37. How is a Rotary Variable Differential Transformer (RVDT) used in a servo system?\n     a) To generate control signals\n     b) To measure and transmit angular displacement\n     c) To amplify the power supply"", ""question"": ""37. How is a Rotary Variable Differential Transformer (RVDT) used in a servo system?"", ""options"": [""To generate control signals"", ""To measure and transmit angular displacement"", ""To amplify the power supply""], ""correct"": null, ""answer_text"": null, ""category"": null, ""source_file"": ""4.3 Servomechanics.docx"", ""source_module"": ""M4"", ""fmt"": ""docx"", ""module"": ""M4"", ""difficulty"": ""MEDIUM""}"
M4,,,38. What is Error Rate Damping in a servo system?,A method to increase the speed of the system,A method to reduce oscillations and improve stability,A method to amplify control signals,,A,EASY,,,,DRAFT,Found in Suntech corpus,1,4.3 Servomechanics.docx,"{""raw"": ""38. What is Error Rate Damping in a servo system?\n     a) A method to increase the speed of the system\n     b) A method to reduce oscillations and improve stability\n     c) A method to amplify control signals"", ""question"": ""38. What is Error Rate Damping in a servo system?"", ""options"": [""A method to increase the speed of the system"", ""A method to reduce oscillations and improve stability"", ""A method to amplify control signals""], ""correct"": null, ""answer_text"": null, ""category"": null, ""source_file"": ""4.3 Servomechanics.docx"", ""source_module"": ""M4"", ""fmt"": ""docx"", ""module"": ""M4"", ""difficulty"": ""EASY""}"
M4,,,39. What is the function of the friction clutch damping in a servo system?,To increase the power supply voltage,To limit the maximum torque and protect the system components,To amplify control signals,,A,MEDIUM,,,,DRAFT,Found in Suntech corpus,1,4.3 Servomechanics.docx,"{""raw"": ""39. What is the function of the friction clutch damping in a servo system?\n     a) To increase the power supply voltage\n     b) To limit the maximum torque and protect the system components\n     c) To amplify control signals"", ""question"": ""39. What is the function of the friction clutch damping in a servo system?"", ""options"": [""To increase the power supply voltage"", ""To limit the maximum torque and protect the system components"", ""To amplify control signals""], ""correct"": null, ""answer_text"": null, ""category"": null, ""source_file"": ""4.3 Servomechanics.docx"", ""source_module"": ""M4"", ""fmt"": ""docx"", ""module"": ""M4"", ""difficulty"": ""MEDIUM""}"
M4,,,40. What is the role of feedback in a servo system?,To generate control signals,To provide information about the current position and improve accuracy,To amplify the power supply,,B,MEDIUM,,,,DRAFT,Found in Suntech corpus,1,4.3 Servomechanics.docx,"{""raw"": ""40. What is the role of feedback in a servo system?\n     a) To generate control signals\n     b) To provide information about the current position and improve accuracy\n     c) To amplify the power supply"", ""question"": ""40. What is the role of feedback in a servo system?"", ""options"": [""To generate control signals"", ""To provide information about the current position and improve accuracy"", ""To amplify the power supply""], ""correct"": null, ""answer_text"": null, ""category"": null, ""source_file"": ""4.3 Servomechanics.docx"", ""source_module"": ""M4"", ""fmt"": ""docx"", ""module"": ""M4"", ""difficulty"": ""MEDIUM""}"
M4,,,3. Which of the following is true about LED (Light Emitting Diode)?,It operates only in reverse bias.,It emits light when forward biased.,It requires a high voltage to operate.,,A,MEDIUM,,,,DRAFT,Found in Suntech corpus,1,M4 Standard EASA Exam.docx,"{""raw"": ""3. Which of the following is true about LED (Light Emitting Diode)?\n    a) It operates only in reverse bias.\n    b) It emits light when forward biased.\n    c) It requires a high voltage to operate."", ""question"": ""3. Which of the following is true about LED (Light Emitting Diode)?"", ""options"": [""It operates only in reverse bias."", ""It emits light when forward biased."", ""It requires a high voltage to operate.""], ""correct"": null, ""answer_text"": null, ""category"": null, ""source_file"": ""M4 Standard EASA Exam.docx"", ""source_module"": ""M4"", ""fmt"": ""docx"", ""module"": ""M4"", ""difficulty"": ""MEDIUM""}"
M4,,,A diode in a circuit acts primarily as:,A switch that allows current in one direction.,A resistor that controls current flow.,A capacitor that stores charge.,,C,EASY,,,,DRAFT,Found in Suntech corpus,1,M4 Standard EASA Exam.docx,"{""raw"": ""4. A diode in a circuit acts primarily as:\n    a) A switch that allows current in one direction.\n    b) A resistor that controls current flow.\n    c) A capacitor that stores charge."", ""question"": ""A diode in a circuit acts primarily as:"", ""options"": [""A switch that allows current in one direction."", ""A resistor that controls current flow."", ""A capacitor that stores charge.""], ""correct"": null, ""answer_text"": null, ""category"": null, ""source_file"": ""M4 Standard EASA Exam.docx"", ""source_module"": ""M4"", ""fmt"": ""docx"", ""module"": ""M4"", ""difficulty"": ""EASY""}"
M4,,,5. What happens to the voltage across a forward biased silicon diode?,It remains approximately constant at around 0.7 volts.,It decreases as current increases.,It increases linearly with current.,,B,MEDIUM,,,,DRAFT,Found in Suntech corpus,1,M4 Standard EASA Exam.docx,"{""raw"": ""5. What happens to the voltage across a forward biased silicon diode?\n    a) It remains approximately constant at around 0.7 volts.\n    b) It decreases as current increases.\n    c) It increases linearly with current."", ""question"": ""5. What happens to the voltage across a forward biased silicon diode?"", ""options"": [""It remains approximately constant at around 0.7 volts."", ""It decreases as current increases."", ""It increases linearly with current.""], ""correct"": null, ""answer_text"": null, ""category"": null, ""source_file"": ""M4 Standard EASA Exam.docx"", ""source_module"": ""M4"", ""fmt"": ""docx"", ""module"": ""M4"", ""difficulty"": ""MEDIUM""}"
M4,,,"The term ""breakdown voltage"" in diodes refers to:",The voltage at which the diode fails permanently.,The voltage at which a diode conducts heavily in reverse bias.,The voltage required to forward bias the diode.,,A,EASY,,,,DRAFT,Found in Suntech corpus,1,M4 Standard EASA Exam.docx,"{""raw"": ""6. The term \""breakdown voltage\"" in diodes refers to:\n    a) The voltage at which the diode fails permanently.\n    b) The voltage at which a diode conducts heavily in reverse bias.\n    c) The voltage required to forward bias the diode."", ""question"": ""The term \""breakdown voltage\"" in diodes refers to:"", ""options"": [""The voltage at which the diode fails permanently."", ""The voltage at which a diode conducts heavily in reverse bias."", ""The voltage required to forward bias the diode.""], ""correct"": null, ""answer_text"": null, ""category"": null, ""source_file"": ""M4 Standard EASA Exam.docx"", ""source_module"": ""M4"", ""fmt"": ""docx"", ""module"": ""M4"", ""difficulty"": ""EASY""}"
M4,,,7. Which type of diode is used to regulate voltage in power supplies?,Light Emitting Diode (LED),Zener Diode,Schottky Diode,,A,MEDIUM,,,,DRAFT,Found in Suntech corpus,1,M4 Standard EASA Exam.docx,"{""raw"": ""7. Which type of diode is used to regulate voltage in power supplies?\n    a) Light Emitting Diode (LED)\n    b) Zener Diode\n    c) Schottky Diode"", ""question"": ""7. Which type of diode is used to regulate voltage in power supplies?"", ""options"": [""Light Emitting Diode (LED)"", ""Zener Diode"", ""Schottky Diode""], ""correct"": null, ""answer_text"": null, ""category"": null, ""source_file"": ""M4 Standard EASA Exam.docx"", ""source_module"": ""M4"", ""fmt"": ""docx"", ""module"": ""M4"", ""difficulty"": ""MEDIUM""}"
M4,,,"8. In terms of construction, what distinguishes a Schottky diode from a regular diode?",It has a metal-semiconductor junction.,It is made from organic materials.,It has a higher forward voltage drop.,,A,MEDIUM,,,,DRAFT,Found in Suntech corpus,1,M4 Standard EASA Exam.docx,"{""raw"": ""8. In terms of construction, what distinguishes a Schottky diode from a regular diode?\n    a) It has a metal-semiconductor junction.\n    b) It is made from organic materials.\n    c) It has a higher forward voltage drop."", ""question"": ""8. In terms of construction, what distinguishes a Schottky diode from a regular diode?"", ""options"": [""It has a metal-semiconductor junction."", ""It is made from organic materials."", ""It has a higher forward voltage drop.""], ""correct"": null, ""answer_text"": null, ""category"": null, ""source_file"": ""M4 Standard EASA Exam.docx"", ""source_module"": ""M4"", ""fmt"": ""docx"", ""module"": ""M4"", ""difficulty"": ""MEDIUM""}"
M4,,,10. What happens in a halfwave rectifier circuit?,The entire AC waveform is used.,Only one half of the AC waveform is used.,The output is pure DC.,,A,EASY,,,,DRAFT,Found in Suntech corpus,1,M4 Standard EASA Exam.docx,"{""raw"": ""10. What happens in a halfwave rectifier circuit?\n     a) The entire AC waveform is used.\n     b) Only one half of the AC waveform is used.\n     c) The output is pure DC."", ""question"": ""10. What happens in a halfwave rectifier circuit?"", ""options"": [""The entire AC waveform is used."", ""Only one half of the AC waveform is used."", ""The output is pure DC.""], ""correct"": null, ""answer_text"": null, ""category"": null, ""source_file"": ""M4 Standard EASA Exam.docx"", ""source_module"": ""M4"", ""fmt"": ""docx"", ""module"": ""M4"", ""difficulty"": ""EASY""}"
M4,,,"In a voltage doubler circuit, diodes are used to:",Reduce the voltage.,Increase the output voltage to twice the input voltage.,Stabilize the voltage.,,B,EASY,,,,DRAFT,Found in Suntech corpus,1,M4 Standard EASA Exam.docx,"{""raw"": ""12. In a voltage doubler circuit, diodes are used to:\n     a) Reduce the voltage.\n     b) Increase the output voltage to twice the input voltage.\n     c) Stabilize the voltage."", ""question"": ""In a voltage doubler circuit, diodes are used to:"", ""options"": [""Reduce the voltage."", ""Increase the output voltage to twice the input voltage."", ""Stabilize the voltage.""], ""correct"": null, ""answer_text"": null, ""category"": null, ""source_file"": ""M4 Standard EASA Exam.docx"", ""source_module"": ""M4"", ""fmt"": ""docx"", ""module"": ""M4"", ""difficulty"": ""EASY""}"
M4,,,13. What is the role of a diode in an electronic switching application?,To store charge.,To control the direction of current flow.,To increase current flow.,,B,MEDIUM,,,,DRAFT,Found in Suntech corpus,1,M4 Standard EASA Exam.docx,"{""raw"": ""13. What is the role of a diode in an electronic switching application?\n     a) To store charge.\n     b) To control the direction of current flow.\n     c) To increase current flow."", ""question"": ""13. What is the role of a diode in an electronic switching application?"", ""options"": [""To store charge."", ""To control the direction of current flow."", ""To increase current flow.""], ""correct"": null, ""answer_text"": null, ""category"": null, ""source_file"": ""M4 Standard EASA Exam.docx"", ""source_module"": ""M4"", ""fmt"": ""docx"", ""module"": ""M4"", ""difficulty"": ""MEDIUM""}"
M4,,,"15. In a bridge rectifier circuit, how many diodes are typically used?",Two,Four,Six,,B,MEDIUM,,,,DRAFT,ANSWERED,"Found in Suntech corpus - Bridge rectifier uses 4 diodes (D1, D2, D3, D4)",M4 Standard EASA Exam.docx,"{""raw"": ""15. In a bridge rectifier circuit, how many diodes are typically used?\n     a) Two\n     b) Four\n     c) Six"", ""question"": ""15. In a bridge rectifier circuit, how many diodes are typically used?"", ""options"": [""Two"", ""Four"", ""Six""], ""correct"": null, ""answer_text"": null, ""category"": null, ""source_file"": ""M4 Standard EASA Exam.docx"", ""source_module"": ""M4"", ""fmt"": ""docx"", ""module"": ""M4"", ""difficulty"": ""MEDIUM""}"
M4,,,16. Which of the following is a type of transistor?,Bipolar Junction Transistor (BJT),Light Emitting Transistor (LET),Capacitive Transistor (CT),,A,MEDIUM,,,,DRAFT,Found in Suntech corpus,1,M4 Standard EASA Exam.docx,"{""raw"": ""16. Which of the following is a type of transistor?\n     a) Bipolar Junction Transistor (BJT)\n     b) Light Emitting Transistor (LET)\n     c) Capacitive Transistor (CT)"", ""question"": ""16. Which of the following is a type of transistor?"", ""options"": [""Bipolar Junction Transistor (BJT)"", ""Light Emitting Transistor (LET)"", ""Capacitive Transistor (CT)""], ""correct"": null, ""answer_text"": null, ""category"": null, ""source_file"": ""M4 Standard EASA Exam.docx"", ""source_module"": ""M4"", ""fmt"": ""docx"", ""module"": ""M4"", ""difficulty"": ""MEDIUM""}"
M4,,,A primary characteristic of an NPN transistor is:,It is positively charged.,It has two N-type and one P-type regions.,It emits light when current flows through it.,,B,EASY,,,,DRAFT,Found in Suntech corpus,1,M4 Standard EASA Exam.docx,"{""raw"": ""17. A primary characteristic of an NPN transistor is:\n     a) It is positively charged.\n     b) It has two N-type and one P-type regions.\n     c) It emits light when current flows through it."", ""question"": ""A primary characteristic of an NPN transistor is:"", ""options"": [""It is positively charged."", ""It has two N-type and one P-type regions."", ""It emits light when current flows through it.""], ""correct"": null, ""answer_text"": null, ""category"": null, ""source_file"": ""M4 Standard EASA Exam.docx"", ""source_module"": ""M4"", ""fmt"": ""docx"", ""module"": ""M4"", ""difficulty"": ""EASY""}"
M4,,,The three terminals of a BJT are called:,"Source, Drain, Gate","Emitter, Base, Collector","Anode, Cathode, Gate",,B,EASY,,,,DRAFT,Found in Suntech corpus,1,M4 Standard EASA Exam.docx,"{""raw"": ""18. The three terminals of a BJT are called:\n     a) Source, Drain, Gate\n     b) Emitter, Base, Collector\n     c) Anode, Cathode, Gate"", ""question"": ""The three terminals of a BJT are called:"", ""options"": [""Source, Drain, Gate"", ""Emitter, Base, Collector"", ""Anode, Cathode, Gate""], ""correct"": null, ""answer_text"": null, ""category"": null, ""source_file"": ""M4 Standard EASA Exam.docx"", ""source_module"": ""M4"", ""fmt"": ""docx"", ""module"": ""M4"", ""difficulty"": ""EASY""}"
M4,,,"In an NPN transistor, the current flows from:",Collector to Emitter,Emitter to Base,Collector to Base,,A,EASY,,,,DRAFT,Found in Suntech corpus,1,M4 Standard EASA Exam.docx,"{""raw"": ""20. In an NPN transistor, the current flows from:\n     a) Collector to Emitter\n     b) Emitter to Base\n     c) Collector to Base"", ""question"": ""In an NPN transistor, the current flows from:"", ""options"": [""Collector to Emitter"", ""Emitter to Base"", ""Collector to Base""], ""correct"": null, ""answer_text"": null, ""category"": null, ""source_file"": ""M4 Standard EASA Exam.docx"", ""source_module"": ""M4"", ""fmt"": ""docx"", ""module"": ""M4"", ""difficulty"": ""EASY""}"
M4,,,The transistor operates in active region when:,Both junctions are forward biased.,Emitter-Base junction is forward biased and Collector-Base junction is reverse biased.,Both junctions are reverse biased.,,B,EASY,,,,DRAFT,Found in Suntech corpus,1,M4 Standard EASA Exam.docx,"{""raw"": ""21. The transistor operates in active region when:\n     a) Both junctions are forward biased.\n     b) Emitter-Base junction is forward biased and Collector-Base junction is reverse biased.\n     c) Both junctions are reverse biased."", ""question"": ""The transistor operates in active region when:"", ""options"": [""Both junctions are forward biased."", ""Emitter-Base junction is forward biased and Collector-Base junction is reverse biased."", ""Both junctions are reverse biased.""], ""correct"": null, ""answer_text"": null, ""category"": null, ""source_file"": ""M4 Standard EASA Exam.docx"", ""source_module"": ""M4"", ""fmt"": ""docx"", ""module"": ""M4"", ""difficulty"": ""EASY""}"
M4,,,22. Which mode of operation is used for switching applications?,Active mode,Saturation and Cutoff modes,Inversion mode,,B,MEDIUM,,,,DRAFT,ANSWERED,Found in Suntech corpus - Saturation and Cutoff modes are used for switching,M4 Standard EASA Exam.docx,"{""raw"": ""22. Which mode of operation is used for switching applications?\n     a) Active mode\n     b) Saturation and Cutoff modes\n     c) Inversion mode"", ""question"": ""22. Which mode of operation is used for switching applications?"", ""options"": [""Active mode"", ""Saturation and Cutoff modes"", ""Inversion mode""], ""correct"": null, ""answer_text"": null, ""category"": null, ""source_file"": ""M4 Standard EASA Exam.docx"", ""source_module"": ""M4"", ""fmt"": ""docx"", ""module"": ""M4"", ""difficulty"": ""MEDIUM""}"
M4,,,A transistor in saturation mode acts as:,A closed switch,An open switch,A variable resistor,,A,EASY,,,,DRAFT,ANSWERED,Found in Suntech corpus - Saturated transistor acts like a closed switch,M4 Standard EASA Exam.docx,"{""raw"": ""23. A transistor in saturation mode acts as:\n     a) A closed switch\n     b) An open switch\n     c) A variable resistor"", ""question"": ""A transistor in saturation mode acts as:"", ""options"": [""A closed switch"", ""An open switch"", ""A variable resistor""], ""correct"": null, ""answer_text"": null, ""category"": null, ""source_file"": ""M4 Standard EASA Exam.docx"", ""source_module"": ""M4"", ""fmt"": ""docx"", ""module"": ""M4"", ""difficulty"": ""EASY""}"
M4,,,"In a common emitter amplifier, the output signal is:",In phase with the input,Out of phase with the input,Doubled in amplitude,,B,MEDIUM,,,,DRAFT,Found in Suntech corpus,1,M4 Standard EASA Exam.docx,"{""raw"": ""24. In a common emitter amplifier, the output signal is:\n     a) In phase with the input\n     b) Out of phase with the input\n     c) Doubled in amplitude"", ""question"": ""In a common emitter amplifier, the output signal is:"", ""options"": [""In phase with the input"", ""Out of phase with the input"", ""Doubled in amplitude""], ""correct"": null, ""answer_text"": null, ""category"": null, ""source_file"": ""M4 Standard EASA Exam.docx"", ""source_module"": ""M4"", ""fmt"": ""docx"", ""module"": ""M4"", ""difficulty"": ""MEDIUM""}"
M4,,,The function of the base in a BJT transistor is to:,Control the current flow between emitter and collector,Provide power,Act as a ground,,A,MEDIUM,,,,DRAFT,Found in Suntech corpus,1,M4 Standard EASA Exam.docx,"{""raw"": ""25. The function of the base in a BJT transistor is to:\n     a) Control the current flow between emitter and collector\n     b) Provide power\n     c) Act as a ground"", ""question"": ""The function of the base in a BJT transistor is to:"", ""options"": [""Control the current flow between emitter and collector"", ""Provide power"", ""Act as a ground""], ""correct"": null, ""answer_text"": null, ""category"": null, ""source_file"": ""M4 Standard EASA Exam.docx"", ""source_module"": ""M4"", ""fmt"": ""docx"", ""module"": ""M4"", ""difficulty"": ""MEDIUM""}"
M4,,,"In a field-effect transistor (FET), the current flow is controlled by:",The Base current,The Gate voltage,The Collector current,,B,MEDIUM,,,,DRAFT,Found in Suntech corpus,1,M4 Standard EASA Exam.docx,"{""raw"": ""26. In a field-effect transistor (FET), the current flow is controlled by:\n     a) The Base current\n     b) The Gate voltage\n     c) The Collector current"", ""question"": ""In a field-effect transistor (FET), the current flow is controlled by:"", ""options"": [""The Base current"", ""The Gate voltage"", ""The Collector current""], ""correct"": null, ""answer_text"": null, ""category"": null, ""source_file"": ""M4 Standard EASA Exam.docx"", ""source_module"": ""M4"", ""fmt"": ""docx"", ""module"": ""M4"", ""difficulty"": ""MEDIUM""}"
M4,M4.04.02,,The primary advantage of integrated circuits over discrete circuits is:,Higher reliability and reduced size,Lower cost for small quantities,Easier to repair,,A,MEDIUM,,,,DRAFT,ANSWERED,"Found in Suntech corpus - ICs offer higher reliability and reduced size (100:1 weight, 1000:1 volume reduction)",M4 Standard EASA Exam.docx,"{""raw"": ""28. The primary advantage of integrated circuits over discrete circuits is:\n     a) Higher reliability and reduced size\n     b) Lower cost for small quantities\n     c) Easier to repair"", ""question"": ""The primary advantage of integrated circuits over discrete circuits is:"", ""options"": [""Higher reliability and reduced size"", ""Lower cost for small quantities"", ""Easier to repair""], ""correct"": null, ""answer_text"": null, ""category"": null, ""source_file"": ""M4 Standard EASA Exam.docx"", ""source_module"": ""M4"", ""fmt"": ""docx"", ""module"": ""M4"", ""syllabusRef"": ""M4.04.02"", ""level"": null, ""difficulty"": ""MEDIUM""}"
M4,M4.04.02,,29. Which of the following is a type of integrated circuit?,Monolithic,Hybrid,Both a and b,,C,MEDIUM,,,,DRAFT,ANSWERED,Found in Suntech corpus - Both Monolithic and Hybrid are types of integrated circuits,M4 Standard EASA Exam.docx,"{""raw"": ""29. Which of the following is a type of integrated circuit?\n     a) Monolithic\n     b) Hybrid\n     c) Both a and b"", ""question"": ""29. Which of the following is a type of integrated circuit?"", ""options"": [""Monolithic"", ""Hybrid"", ""Both a and b""], ""correct"": null, ""answer_text"": null, ""category"": null, ""source_file"": ""M4 Standard EASA Exam.docx"", ""source_module"": ""M4"", ""fmt"": ""docx"", ""module"": ""M4"", ""syllabusRef"": ""M4.04.02"", ""level"": null, ""difficulty"": ""MEDIUM""}"
M4,,,A monolithic IC is characterized by:,All components being fabricated in a single piece of semiconductor material,Components being connected by wires,Using separate chips for each function,,B,EASY,,,,DRAFT,Found in Suntech corpus,1,M4 Standard EASA Exam.docx,"{""raw"": ""30. A monolithic IC is characterized by:\n     a) All components being fabricated in a single piece of semiconductor material\n     b) Components being connected by wires\n     c) Using separate chips for each function"", ""question"": ""A monolithic IC is characterized by:"", ""options"": [""All components being fabricated in a single piece of semiconductor material"", ""Components being connected by wires"", ""Using separate chips for each function""], ""correct"": null, ""answer_text"": null, ""category"": null, ""source_file"": ""M4 Standard EASA Exam.docx"", ""source_module"": ""M4"", ""fmt"": ""docx"", ""module"": ""M4"", ""difficulty"": ""EASY""}"
M4,,,31. What is a hybrid IC?,An IC that combines monolithic and film components,An IC made from organic materials,An IC with only passive components,,A,EASY,,,,DRAFT,Found in Suntech corpus,1,M4 Standard EASA Exam.docx,"{""raw"": ""31. What is a hybrid IC?\n     a) An IC that combines monolithic and film components\n     b) An IC made from organic materials\n     c) An IC with only passive components"", ""question"": ""31. What is a hybrid IC?"", ""options"": [""An IC that combines monolithic and film components"", ""An IC made from organic materials"", ""An IC with only passive components""], ""correct"": null, ""answer_text"": null, ""category"": null, ""source_file"": ""M4 Standard EASA Exam.docx"", ""source_module"": ""M4"", ""fmt"": ""docx"", ""module"": ""M4"", ""difficulty"": ""EASY""}"
M4,M4.04.02,,Film integrated circuits are used for:,Active components,Passive components,Both active and passive components,,B,EASY,,,,DRAFT,Found in Suntech corpus,1,M4 Standard EASA Exam.docx,"{""raw"": ""32. Film integrated circuits are used for:\n     a) Active components\n     b) Passive components\n     c) Both active and passive components"", ""question"": ""Film integrated circuits are used for:"", ""options"": [""Active components"", ""Passive components"", ""Both active and passive components""], ""correct"": null, ""answer_text"": null, ""category"": null, ""source_file"": ""M4 Standard EASA Exam.docx"", ""source_module"": ""M4"", ""fmt"": ""docx"", ""module"": ""M4"", ""syllabusRef"": ""M4.04.02"", ""level"": null, ""difficulty"": ""EASY""}"
M4,,,A printed circuit board (PCB) primarily serves to:,Provide mechanical support and electrical connections for electronic components,Store electrical energy,Act as a heat sink,,A,MEDIUM,,,,DRAFT,Found in Suntech corpus,1,M4 Standard EASA Exam.docx,"{""raw"": ""33. A printed circuit board (PCB) primarily serves to:\n     a) Provide mechanical support and electrical connections for electronic components\n     b) Store electrical energy\n     c) Act as a heat sink"", ""question"": ""A printed circuit board (PCB) primarily serves to:"", ""options"": [""Provide mechanical support and electrical connections for electronic components"", ""Store electrical energy"", ""Act as a heat sink""], ""correct"": null, ""answer_text"": null, ""category"": null, ""source_file"": ""M4 Standard EASA Exam.docx"", ""source_module"": ""M4"", ""fmt"": ""docx"", ""module"": ""M4"", ""difficulty"": ""MEDIUM""}"
M4,,,34. Which method is NOT commonly used for PCB manufacturing?,Photoengraving,Silk Screen,Wire wrapping,,B,MEDIUM,,,,DRAFT,Found in Suntech corpus,1,M4 Standard EASA Exam.docx,"{""raw"": ""34. Which method is NOT commonly used for PCB manufacturing?\n     a) Photoengraving\n     b) Silk Screen\n     c) Wire wrapping"", ""question"": ""34. Which method is NOT commonly used for PCB manufacturing?"", ""options"": [""Photoengraving"", ""Silk Screen"", ""Wire wrapping""], ""correct"": null, ""answer_text"": null, ""category"": null, ""source_file"": ""M4 Standard EASA Exam.docx"", ""source_module"": ""M4"", ""fmt"": ""docx"", ""module"": ""M4"", ""difficulty"": ""MEDIUM""}"
M4,,,PCBs are preferred in electronic devices because they:,"Are rugged, inexpensive, and reliable",Require less design effort,Have high initial costs for small volume production,,B,MEDIUM,,,,DRAFT,Found in Suntech corpus,1,M4 Standard EASA Exam.docx,"{""raw"": ""35. PCBs are preferred in electronic devices because they:\n     a) Are rugged, inexpensive, and reliable\n     b) Require less design effort\n     c) Have high initial costs for small volume production"", ""question"": ""PCBs are preferred in electronic devices because they:"", ""options"": [""Are rugged, inexpensive, and reliable"", ""Require less design effort"", ""Have high initial costs for small volume production""], ""correct"": null, ""answer_text"": null, ""category"": null, ""source_file"": ""M4 Standard EASA Exam.docx"", ""source_module"": ""M4"", ""fmt"": ""docx"", ""module"": ""M4"", ""difficulty"": ""MEDIUM""}"
M4,,,"In a servo system, the control signal:",Directly moves the load,Is amplified to move the load,Acts as the power source,,B,EASY,,,,DRAFT,Found in Suntech corpus,1,M4 Standard EASA Exam.docx,"{""raw"": ""39. In a servo system, the control signal:\n     a) Directly moves the load\n     b) Is amplified to move the load\n     c) Acts as the power source"", ""question"": ""In a servo system, the control signal:"", ""options"": [""Directly moves the load"", ""Is amplified to move the load"", ""Acts as the power source""], ""correct"": null, ""answer_text"": null, ""category"": null, ""source_file"": ""M4 Standard EASA Exam.docx"", ""source_module"": ""M4"", ""fmt"": ""docx"", ""module"": ""M4"", ""difficulty"": ""EASY""}"
M4,,,1. What does a half wave rectifier do during the positive half cycle of the input AC signal?,Blocks the current flow,Allows current to pass through,Reverses the polarity of the current,,A,MEDIUM,,,,DRAFT,Found in Suntech corpus,1,Questions M4 Group 1.docx,"{""raw"": ""1. What does a half wave rectifier do during the positive half cycle of the input AC signal?\n   A. Blocks the current flow\n   B. Allows current to pass through\n   C. Reverses the polarity of the current"", ""question"": ""1. What does a half wave rectifier do during the positive half cycle of the input AC signal?"", ""options"": [""Blocks the current flow"", ""Allows current to pass through"", ""Reverses the polarity of the current""], ""correct"": null, ""answer_text"": null, ""category"": null, ""source_file"": ""Questions M4 Group 1.docx"", ""source_module"": ""M4"", ""fmt"": ""docx"", ""module"": ""M4"", ""difficulty"": ""MEDIUM""}"
M4,,,2. What component is used to smooth the pulsating DC output of a half wave rectifier?,Inductor,Reservoir Capacitor,Resistor,,B,MEDIUM,,,,DRAFT,Found in Suntech corpus,1,Questions M4 Group 1.docx,"{""raw"": ""2. What component is used to smooth the pulsating DC output of a half wave rectifier?\n   A. Inductor\n   B. Reservoir Capacitor\n   C. Resistor"", ""question"": ""2. What component is used to smooth the pulsating DC output of a half wave rectifier?"", ""options"": [""Inductor"", ""Reservoir Capacitor"", ""Resistor""], ""correct"": null, ""answer_text"": null, ""category"": null, ""source_file"": ""Questions M4 Group 1.docx"", ""source_module"": ""M4"", ""fmt"": ""docx"", ""module"": ""M4"", ""difficulty"": ""MEDIUM""}"
M4,,,3. What is the frequency of the ripple in the output of a half wave rectifier in the EU if the input is 50 Hz?,25 Hz,50 Hz,100 Hz,,B,MEDIUM,,,,DRAFT,Found in Suntech corpus,1,Questions M4 Group 1.docx,"{""raw"": ""3. What is the frequency of the ripple in the output of a half wave rectifier in the EU if the input is 50 Hz?\n   A. 25 Hz\n   B. 50 Hz\n   C. 100 Hz"", ""question"": ""3. What is the frequency of the ripple in the output of a half wave rectifier in the EU if the input is 50 Hz?"", ""options"": [""25 Hz"", ""50 Hz"", ""100 Hz""], ""correct"": null, ""answer_text"": null, ""category"": null, ""source_file"": ""Questions M4 Group 1.docx"", ""source_module"": ""M4"", ""fmt"": ""docx"", ""module"": ""M4"", ""difficulty"": ""MEDIUM""}"
M4,,,4. What happens to the output voltage of a half wave rectifier if the diode is reversed?,Voltage doubles,Output voltage becomes negative,No output voltage,,B,MEDIUM,,,,DRAFT,Found in Suntech corpus,1,Questions M4 Group 1.docx,"{""raw"": ""4. What happens to the output voltage of a half wave rectifier if the diode is reversed?\n   A. Voltage doubles\n   B. Output voltage becomes negative\n   C. No output voltage"", ""question"": ""4. What happens to the output voltage of a half wave rectifier if the diode is reversed?"", ""options"": [""Voltage doubles"", ""Output voltage becomes negative"", ""No output voltage""], ""correct"": null, ""answer_text"": null, ""category"": null, ""source_file"": ""Questions M4 Group 1.docx"", ""source_module"": ""M4"", ""fmt"": ""docx"", ""module"": ""M4"", ""difficulty"": ""MEDIUM""}"
M4,,,"5. In a half wave rectifier, what is the purpose of the transformer?",To increase the frequency,To step up or step down the input voltage,To convert AC to DC,,B,MEDIUM,,,,DRAFT,Found in Suntech corpus,1,Questions M4 Group 1.docx,"{""raw"": ""5. In a half wave rectifier, what is the purpose of the transformer?\n   A. To increase the frequency\n   B. To step up or step down the input voltage\n   C. To convert AC to DC"", ""question"": ""5. In a half wave rectifier, what is the purpose of the transformer?"", ""options"": [""To increase the frequency"", ""To step up or step down the input voltage"", ""To convert AC to DC""], ""correct"": null, ""answer_text"": null, ""category"": null, ""source_file"": ""Questions M4 Group 1.docx"", ""source_module"": ""M4"", ""fmt"": ""docx"", ""module"": ""M4"", ""difficulty"": ""MEDIUM""}"
M4,,,6. Which type of diode is typically used in a half wave rectifier?,Zener diode,Standard silicon diode,Schottky diode,,B,MEDIUM,,,,DRAFT,Found in Suntech corpus,1,Questions M4 Group 1.docx,"{""raw"": ""6. Which type of diode is typically used in a half wave rectifier?\n   A. Zener diode\n   B. Standard silicon diode\n   C. Schottky diode"", ""question"": ""6. Which type of diode is typically used in a half wave rectifier?"", ""options"": [""Zener diode"", ""Standard silicon diode"", ""Schottky diode""], ""correct"": null, ""answer_text"": null, ""category"": null, ""source_file"": ""Questions M4 Group 1.docx"", ""source_module"": ""M4"", ""fmt"": ""docx"", ""module"": ""M4"", ""difficulty"": ""MEDIUM""}"
M4,,,7. What is the main disadvantage of a half wave rectifier?,Low efficiency,High cost,Complexity,,A,MEDIUM,,,,DRAFT,ANSWERED,"Found in Suntech corpus - Half wave rectifier only uses half the AC cycle, resulting in low efficiency",Questions M4 Group 1.docx,"{""raw"": ""7. What is the main disadvantage of a half wave rectifier?\n   A. Low efficiency\n   B. High cost\n   C. Complexity"", ""question"": ""7. What is the main disadvantage of a half wave rectifier?"", ""options"": [""Low efficiency"", ""High cost"", ""Complexity""], ""correct"": null, ""answer_text"": null, ""category"": null, ""source_file"": ""Questions M4 Group 1.docx"", ""source_module"": ""M4"", ""fmt"": ""docx"", ""module"": ""M4"", ""difficulty"": ""MEDIUM""}"
M4,,,8. What is the peak inverse voltage (PIV) in a half wave rectifier?,Twice the peak output voltage,Equal to the peak output voltage,Half the peak output voltage,,A,MEDIUM,,,,DRAFT,Found in Suntech corpus,1,Questions M4 Group 1.docx,"{""raw"": ""8. What is the peak inverse voltage (PIV) in a half wave rectifier?\n   A. Twice the peak output voltage\n   B. Equal to the peak output voltage\n   C. Half the peak output voltage"", ""question"": ""8. What is the peak inverse voltage (PIV) in a half wave rectifier?"", ""options"": [""Twice the peak output voltage"", ""Equal to the peak output voltage"", ""Half the peak output voltage""], ""correct"": null, ""answer_text"": null, ""category"": null, ""source_file"": ""Questions M4 Group 1.docx"", ""source_module"": ""M4"", ""fmt"": ""docx"", ""module"": ""M4"", ""difficulty"": ""MEDIUM""}"
M4,,,9. What kind of current flows through the load in a half wave rectifier?,AC current,Pulsating DC current,Pure DC current,,A,MEDIUM,,,,DRAFT,Found in Suntech corpus,1,Questions M4 Group 1.docx,"{""raw"": ""9. What kind of current flows through the load in a half wave rectifier?\n   A. AC current\n   B. Pulsating DC current\n   C. Pure DC current"", ""question"": ""9. What kind of current flows through the load in a half wave rectifier?"", ""options"": [""AC current"", ""Pulsating DC current"", ""Pure DC current""], ""correct"": null, ""answer_text"": null, ""category"": null, ""source_file"": ""Questions M4 Group 1.docx"", ""source_module"": ""M4"", ""fmt"": ""docx"", ""module"": ""M4"", ""difficulty"": ""MEDIUM""}"
M4,,,10. What happens to the capacitor in a half wave rectifier circuit when the input AC voltage is at its peak?,Discharges,Charges to the peak voltage,Remains unchanged,,B,MEDIUM,,,,DRAFT,Found in Suntech corpus,1,Questions M4 Group 1.docx,"{""raw"": ""10. What happens to the capacitor in a half wave rectifier circuit when the input AC voltage is at its peak?\n    A. Discharges\n    B. Charges to the peak voltage\n    C. Remains unchanged\nFull Wave Rectifier"", ""question"": ""10. What happens to the capacitor in a half wave rectifier circuit when the input AC voltage is at its peak?"", ""options"": [""Discharges"", ""Charges to the peak voltage"", ""Remains unchanged""], ""correct"": null, ""answer_text"": null, ""category"": null, ""source_file"": ""Questions M4 Group 1.docx"", ""source_module"": ""M4"", ""fmt"": ""docx"", ""module"": ""M4"", ""difficulty"": ""MEDIUM""}"
M4,,,11.Minimum number of diodes are used in a full wave bridge rectifier?,2,4,6,,B,MEDIUM,,,,DRAFT,ANSWERED,Found in Suntech corpus - Full wave bridge rectifier requires minimum 4 diodes,Questions M4 Group 1.docx,"{""raw"": ""11.Minimum number of diodes are used in a full wave bridge rectifier?\n    A. 2\n    B. 4\n    C. 6"", ""question"": ""11.Minimum number of diodes are used in a full wave bridge rectifier?"", ""options"": [""2"", ""4"", ""6""], ""correct"": null, ""answer_text"": null, ""category"": null, ""source_file"": ""Questions M4 Group 1.docx"", ""source_module"": ""M4"", ""fmt"": ""docx"", ""module"": ""M4"", ""difficulty"": ""MEDIUM""}"
M4,,,17. Which configuration is commonly used for full wave rectification?,Single diode,Bridge rectifier,Series diode,,B,MEDIUM,,,,DRAFT,Found in Suntech corpus,1,Questions M4 Group 1.docx,"{""raw"": ""17. Which configuration is commonly used for full wave rectification?\n    A. Single diode\n    B. Bridge rectifier\n    C. Series diode"", ""question"": ""17. Which configuration is commonly used for full wave rectification?"", ""options"": [""Single diode"", ""Bridge rectifier"", ""Series diode""], ""correct"": null, ""answer_text"": null, ""category"": null, ""source_file"": ""Questions M4 Group 1.docx"", ""source_module"": ""M4"", ""fmt"": ""docx"", ""module"": ""M4"", ""difficulty"": ""MEDIUM""}"
M4,,,18. What is the effect of using a smoothing capacitor in a full wave rectifier circuit?,Increases ripple voltage,Decreases ripple voltage,Has no effect on ripple voltage,,C,MEDIUM,,,,DRAFT,Found in Suntech corpus,1,Questions M4 Group 1.docx,"{""raw"": ""18. What is the effect of using a smoothing capacitor in a full wave rectifier circuit?\n    A. Increases ripple voltage\n    B. Decreases ripple voltage\n    C. Has no effect on ripple voltage"", ""question"": ""18. What is the effect of using a smoothing capacitor in a full wave rectifier circuit?"", ""options"": [""Increases ripple voltage"", ""Decreases ripple voltage"", ""Has no effect on ripple voltage""], ""correct"": null, ""answer_text"": null, ""category"": null, ""source_file"": ""Questions M4 Group 1.docx"", ""source_module"": ""M4"", ""fmt"": ""docx"", ""module"": ""M4"", ""difficulty"": ""MEDIUM""}"
M4,,,19. What is the typical output waveform of a full wave rectifier before filtering?,Pure DC,Pulsating DC with twice the frequency of the input AC,AC with half the frequency of the input AC,,B,MEDIUM,,,,DRAFT,Found in Suntech corpus,1,Questions M4 Group 1.docx,"{""raw"": ""19. What is the typical output waveform of a full wave rectifier before filtering?\n    A. Pure DC\n    B. Pulsating DC with twice the frequency of the input AC\n    C. AC with half the frequency of the input AC"", ""question"": ""19. What is the typical output waveform of a full wave rectifier before filtering?"", ""options"": [""Pure DC"", ""Pulsating DC with twice the frequency of the input AC"", ""AC with half the frequency of the input AC""], ""correct"": null, ""answer_text"": null, ""category"": null, ""source_file"": ""Questions M4 Group 1.docx"", ""source_module"": ""M4"", ""fmt"": ""docx"", ""module"": ""M4"", ""difficulty"": ""MEDIUM""}"
M4,,,20. What role does the center-tap play in a full wave rectifier circuit using a center-tap transformer?,Provides a reference point for the output voltage,Increases the input voltage,Decreases the input voltage,,A,MEDIUM,,,,DRAFT,Found in Suntech corpus,1,Questions M4 Group 1.docx,"{""raw"": ""20. What role does the center-tap play in a full wave rectifier circuit using a center-tap transformer?\n    A. Provides a reference point for the output voltage\n    B. Increases the input voltage\n    C. Decreases the input voltage\nThe PN Junction"", ""question"": ""20. What role does the center-tap play in a full wave rectifier circuit using a center-tap transformer?"", ""options"": [""Provides a reference point for the output voltage"", ""Increases the input voltage"", ""Decreases the input voltage""], ""correct"": null, ""answer_text"": null, ""category"": null, ""source_file"": ""Questions M4 Group 1.docx"", ""source_module"": ""M4"", ""fmt"": ""docx"", ""module"": ""M4"", ""difficulty"": ""MEDIUM""}"
M4,,,1. What forms when a section of N-type material is joined with P-type material?,PN Junction,PN Terminal,Diode Capacitor,,A,MEDIUM,,,,DRAFT,Found in Suntech corpus,1,Questions M4 Group 1.docx,"{""raw"": ""1. What forms when a section of N-type material is joined with P-type material?\n   A. PN Junction\n   B. PN Terminal\n   C. Diode Capacitor"", ""question"": ""1. What forms when a section of N-type material is joined with P-type material?"", ""options"": [""PN Junction"", ""PN Terminal"", ""Diode Capacitor""], ""correct"": null, ""answer_text"": null, ""category"": null, ""source_file"": ""Questions M4 Group 1.docx"", ""source_module"": ""M4"", ""fmt"": ""docx"", ""module"": ""M4"", ""difficulty"": ""MEDIUM""}"
M4,,,2. What is the primary function of a PN junction?,To allow current to flow in one direction,To store electrical charge,To increase voltage,,A,EASY,,,,DRAFT,Found in Suntech corpus,1,Questions M4 Group 1.docx,"{""raw"": ""2. What is the primary function of a PN junction?\n   A. To allow current to flow in one direction\n   B. To store electrical charge\n   C. To increase voltage"", ""question"": ""2. What is the primary function of a PN junction?"", ""options"": [""To allow current to flow in one direction"", ""To store electrical charge"", ""To increase voltage""], ""correct"": null, ""answer_text"": null, ""category"": null, ""source_file"": ""Questions M4 Group 1.docx"", ""source_module"": ""M4"", ""fmt"": ""docx"", ""module"": ""M4"", ""difficulty"": ""EASY""}"
M4,,,3. Which process is used to form a PN junction by applying a high-surge current?,Heat conversion,Mechanical bonding,Cold fusion,,A,MEDIUM,,,,DRAFT,ANSWERED,Found in Suntech corpus - Heat conversion: high-surge current generates heat that converts material to P-type,Questions M4 Group 1.docx,"{""raw"": ""3. Which process is used to form a PN junction by applying a high-surge current?\n   A. Heat conversion\n   B. Mechanical bonding\n   C. Cold fusion"", ""question"": ""3. Which process is used to form a PN junction by applying a high-surge current?"", ""options"": [""Heat conversion"", ""Mechanical bonding"", ""Cold fusion""], ""correct"": null, ""answer_text"": null, ""category"": null, ""source_file"": ""Questions M4 Group 1.docx"", ""source_module"": ""M4"", ""fmt"": ""docx"", ""module"": ""M4"", ""difficulty"": ""MEDIUM""}"
M4,,,4. What happens to electrons in the N-type material when it forms a junction with P-type material?,They stay in place,They diffuse across the junction,They disappear,,B,MEDIUM,,,,DRAFT,Found in Suntech corpus,1,Questions M4 Group 1.docx,"{""raw"": ""4. What happens to electrons in the N-type material when it forms a junction with P-type material?\n   A. They stay in place\n   B. They diffuse across the junction\n   C. They disappear"", ""question"": ""4. What happens to electrons in the N-type material when it forms a junction with P-type material?"", ""options"": [""They stay in place"", ""They diffuse across the junction"", ""They disappear""], ""correct"": null, ""answer_text"": null, ""category"": null, ""source_file"": ""Questions M4 Group 1.docx"", ""source_module"": ""M4"", ""fmt"": ""docx"", ""module"": ""M4"", ""difficulty"": ""MEDIUM""}"
M4,,,5. What creates a barrier in a PN junction?,Electrical resistance,Fixed ions,Magnetic fields,,B,EASY,,,,DRAFT,ANSWERED,Found in Suntech corpus - Fixed ions in the crystal lattice create the barrier potential,Questions M4 Group 1.docx,"{""raw"": ""5. What creates a barrier in a PN junction?\n   A. Electrical resistance\n   B. Fixed ions\n   C. Magnetic fields\nConstruction"", ""question"": ""5. What creates a barrier in a PN junction?"", ""options"": [""Electrical resistance"", ""Fixed ions"", ""Magnetic fields""], ""correct"": null, ""answer_text"": null, ""category"": null, ""source_file"": ""Questions M4 Group 1.docx"", ""source_module"": ""M4"", ""fmt"": ""docx"", ""module"": ""M4"", ""difficulty"": ""EASY""}"
M4,,,6. How is a proper PN junction produced?,By pressing P and N materials together,By forming a single crystal with P and N regions,By gluing the materials,,A,EASY,,,,DRAFT,Found in Suntech corpus,1,Questions M4 Group 1.docx,"{""raw"": ""6. How is a proper PN junction produced?\n   A. By pressing P and N materials together\n   B. By forming a single crystal with P and N regions\n   C. By gluing the materials"", ""question"": ""6. How is a proper PN junction produced?"", ""options"": [""By pressing P and N materials together"", ""By forming a single crystal with P and N regions"", ""By gluing the materials""], ""correct"": null, ""answer_text"": null, ""category"": null, ""source_file"": ""Questions M4 Group 1.docx"", ""source_module"": ""M4"", ""fmt"": ""docx"", ""module"": ""M4"", ""difficulty"": ""EASY""}"
M4,,,7. What is a Grown Junction?,A mechanical bond between P and N materials,A junction formed by growing P and N regions during the manufacturing process,A junction created by pressure,,A,EASY,,,,DRAFT,Found in Suntech corpus,1,Questions M4 Group 1.docx,"{""raw"": ""7. What is a Grown Junction?\n   A. A mechanical bond between P and N materials\n   B. A junction formed by growing P and N regions during the manufacturing process\n   C. A junction created by pressure"", ""question"": ""7. What is a Grown Junction?"", ""options"": [""A mechanical bond between P and N materials"", ""A junction formed by growing P and N regions during the manufacturing process"", ""A junction created by pressure""], ""correct"": null, ""answer_text"": null, ""category"": null, ""source_file"": ""Questions M4 Group 1.docx"", ""source_module"": ""M4"", ""fmt"": ""docx"", ""module"": ""M4"", ""difficulty"": ""EASY""}"
M4,,,8. What is an Alloy or Fused-Alloy junction?,A welded junction of P and N materials,A junction formed by melting impurity into a semiconductor,A compressed junction,,A,EASY,,,,DRAFT,Found in Suntech corpus,1,Questions M4 Group 1.docx,"{""raw"": ""8. What is an Alloy or Fused-Alloy junction?\n   A. A welded junction of P and N materials\n   B. A junction formed by melting impurity into a semiconductor\n   C. A compressed junction"", ""question"": ""8. What is an Alloy or Fused-Alloy junction?"", ""options"": [""A welded junction of P and N materials"", ""A junction formed by melting impurity into a semiconductor"", ""A compressed junction""], ""correct"": null, ""answer_text"": null, ""category"": null, ""source_file"": ""Questions M4 Group 1.docx"", ""source_module"": ""M4"", ""fmt"": ""docx"", ""module"": ""M4"", ""difficulty"": ""EASY""}"
M4,,,9. What is the function of the 'Cat Whisker' in a point-contact diode?,To conduct heat,To make contact with the N-type surface,To provide structural support,,B,MEDIUM,,,,DRAFT,Found in Suntech corpus,1,Questions M4 Group 1.docx,"{""raw"": ""9. What is the function of the 'Cat Whisker' in a point-contact diode?\n   A. To conduct heat\n   B. To make contact with the N-type surface\n   C. To provide structural support"", ""question"": ""9. What is the function of the 'Cat Whisker' in a point-contact diode?"", ""options"": [""To conduct heat"", ""To make contact with the N-type surface"", ""To provide structural support""], ""correct"": null, ""answer_text"": null, ""category"": null, ""source_file"": ""Questions M4 Group 1.docx"", ""source_module"": ""M4"", ""fmt"": ""docx"", ""module"": ""M4"", ""difficulty"": ""MEDIUM""}"
M4,,,10. Which construction method involves a fine metal wire?,Grown Junction,Point-Contact type,Alloy junction,,A,MEDIUM,,,,DRAFT,Found in Suntech corpus,1,Questions M4 Group 1.docx,"{""raw"": ""10. Which construction method involves a fine metal wire?\n    A. Grown Junction\n    B. Point-Contact type\n    C. Alloy junction\nPN Junction Operation"", ""question"": ""10. Which construction method involves a fine metal wire?"", ""options"": [""Grown Junction"", ""Point-Contact type"", ""Alloy junction""], ""correct"": null, ""answer_text"": null, ""category"": null, ""source_file"": ""Questions M4 Group 1.docx"", ""source_module"": ""M4"", ""fmt"": ""docx"", ""module"": ""M4"", ""difficulty"": ""MEDIUM""}"
M4,,,"11. In a forward-biased PN junction, which terminal is connected to the P-type material?",Negative terminal,Positive terminal,Ground terminal,,A,MEDIUM,,,,DRAFT,Found in Suntech corpus,1,Questions M4 Group 1.docx,"{""raw"": ""11. In a forward-biased PN junction, which terminal is connected to the P-type material?\n    A. Negative terminal\n    B. Positive terminal\n    C. Ground terminal"", ""question"": ""11. In a forward-biased PN junction, which terminal is connected to the P-type material?"", ""options"": [""Negative terminal"", ""Positive terminal"", ""Ground terminal""], ""correct"": null, ""answer_text"": null, ""category"": null, ""source_file"": ""Questions M4 Group 1.docx"", ""source_module"": ""M4"", ""fmt"": ""docx"", ""module"": ""M4"", ""difficulty"": ""MEDIUM""}"
M4,,,12. What happens to the barrier in a forward-biased PN junction?,It increases,It decreases,It remains unchanged,,B,MEDIUM,,,,DRAFT,Found in Suntech corpus,1,Questions M4 Group 1.docx,"{""raw"": ""12. What happens to the barrier in a forward-biased PN junction?\n    A. It increases\n    B. It decreases\n    C. It remains unchanged"", ""question"": ""12. What happens to the barrier in a forward-biased PN junction?"", ""options"": [""It increases"", ""It decreases"", ""It remains unchanged""], ""correct"": null, ""answer_text"": null, ""category"": null, ""source_file"": ""Questions M4 Group 1.docx"", ""source_module"": ""M4"", ""fmt"": ""docx"", ""module"": ""M4"", ""difficulty"": ""MEDIUM""}"
M4,,,13. What type of carriers are involved in forward-biased conduction?,Minority carriers,Majority carriers,Neutrinos,,B,MEDIUM,,,,DRAFT,Found in Suntech corpus,1,Questions M4 Group 1.docx,"{""raw"": ""13. What type of carriers are involved in forward-biased conduction?\n    A. Minority carriers\n    B. Majority carriers\n    C. Neutrinos"", ""question"": ""13. What type of carriers are involved in forward-biased conduction?"", ""options"": [""Minority carriers"", ""Majority carriers"", ""Neutrinos""], ""correct"": null, ""answer_text"": null, ""category"": null, ""source_file"": ""Questions M4 Group 1.docx"", ""source_module"": ""M4"", ""fmt"": ""docx"", ""module"": ""M4"", ""difficulty"": ""MEDIUM""}"
M4,,,14. How does the junction barrier behave under reverse bias?,It increases,It decreases,It oscillates,,A,MEDIUM,,,,DRAFT,Found in Suntech corpus,1,Questions M4 Group 1.docx,"{""raw"": ""14. How does the junction barrier behave under reverse bias?\n    A. It increases\n    B. It decreases\n    C. It oscillates"", ""question"": ""14. How does the junction barrier behave under reverse bias?"", ""options"": [""It increases"", ""It decreases"", ""It oscillates""], ""correct"": null, ""answer_text"": null, ""category"": null, ""source_file"": ""Questions M4 Group 1.docx"", ""source_module"": ""M4"", ""fmt"": ""docx"", ""module"": ""M4"", ""difficulty"": ""MEDIUM""}"
M4,,,15. What is the result of increasing the battery voltage in a forward-biased junction?,The barrier becomes larger,The current flow increases,The current flow stops,,B,MEDIUM,,,,DRAFT,Found in Suntech corpus,1,Questions M4 Group 1.docx,"{""raw"": ""15. What is the result of increasing the battery voltage in a forward-biased junction?\n    A. The barrier becomes larger\n    B. The current flow increases\n    C. The current flow stops\nCurrent Flow in the N-Type Material"", ""question"": ""15. What is the result of increasing the battery voltage in a forward-biased junction?"", ""options"": [""The barrier becomes larger"", ""The current flow increases"", ""The current flow stops""], ""correct"": null, ""answer_text"": null, ""category"": null, ""source_file"": ""Questions M4 Group 1.docx"", ""source_module"": ""M4"", ""fmt"": ""docx"", ""module"": ""M4"", ""difficulty"": ""MEDIUM""}"
M4,,,16. What carries the current in an N-type semiconductor?,Electrons,Holes,Protons,,A,MEDIUM,,,,DRAFT,ANSWERED,Found in Suntech corpus - Electrons are majority carriers in N-type material,Questions M4 Group 1.docx,"{""raw"": ""16. What carries the current in an N-type semiconductor?\n    A. Electrons\n    B. Holes\n    C. Protons"", ""question"": ""16. What carries the current in an N-type semiconductor?"", ""options"": [""Electrons"", ""Holes"", ""Protons""], ""correct"": null, ""answer_text"": null, ""category"": null, ""source_file"": ""Questions M4 Group 1.docx"", ""source_module"": ""M4"", ""fmt"": ""docx"", ""module"": ""M4"", ""difficulty"": ""MEDIUM""}"
M4,,,17. How is current flow in N-type material similar to that in copper wire?,Both involve hole movement,Both involve electron movement,Both involve proton movement,,A,MEDIUM,,,,DRAFT,Found in Suntech corpus,1,Questions M4 Group 1.docx,"{""raw"": ""17. How is current flow in N-type material similar to that in copper wire?\n    A. Both involve hole movement\n    B. Both involve electron movement\n    C. Both involve proton movement"", ""question"": ""17. How is current flow in N-type material similar to that in copper wire?"", ""options"": [""Both involve hole movement"", ""Both involve electron movement"", ""Both involve proton movement""], ""correct"": null, ""answer_text"": null, ""category"": null, ""source_file"": ""Questions M4 Group 1.docx"", ""source_module"": ""M4"", ""fmt"": ""docx"", ""module"": ""M4"", ""difficulty"": ""MEDIUM""}"
M4,,,18. What happens to electrons at the junction barrier in a forward-biased N-type material?,They pass through the depletion region,They are blocked,They are absorbed,,A,MEDIUM,,,,DRAFT,Found in Suntech corpus,1,Questions M4 Group 1.docx,"{""raw"": ""18. What happens to electrons at the junction barrier in a forward-biased N-type material?\n    A. They pass through the depletion region\n    B. They are blocked\n    C. They are absorbed"", ""question"": ""18. What happens to electrons at the junction barrier in a forward-biased N-type material?"", ""options"": [""They pass through the depletion region"", ""They are blocked"", ""They are absorbed""], ""correct"": null, ""answer_text"": null, ""category"": null, ""source_file"": ""Questions M4 Group 1.docx"", ""source_module"": ""M4"", ""fmt"": ""docx"", ""module"": ""M4"", ""difficulty"": ""MEDIUM""}"
M4,,,19. What does the negative terminal of the battery do in the N-type material?,Attracts electrons,Repels electrons towards the junction,Attracts holes,,B,MEDIUM,,,,DRAFT,Found in Suntech corpus,1,Questions M4 Group 1.docx,"{""raw"": ""19. What does the negative terminal of the battery do in the N-type material?\n    A. Attracts electrons\n    B. Repels electrons towards the junction\n    C. Attracts holes"", ""question"": ""19. What does the negative terminal of the battery do in the N-type material?"", ""options"": [""Attracts electrons"", ""Repels electrons towards the junction"", ""Attracts holes""], ""correct"": null, ""answer_text"": null, ""category"": null, ""source_file"": ""Questions M4 Group 1.docx"", ""source_module"": ""M4"", ""fmt"": ""docx"", ""module"": ""M4"", ""difficulty"": ""MEDIUM""}"
M4,,,20. What happens to the width of the barrier in a reverse-biased N-type material?,It decreases,It oscillates,It increases,,A,MEDIUM,,,,DRAFT,Found in Suntech corpus,1,Questions M4 Group 1.docx,"{""raw"": ""20. What happens to the width of the barrier in a reverse-biased N-type material?\n    A. It decreases\n    B. It oscillates\n    C. It increases\nCurrent Flow in the P-Type Material"", ""question"": ""20. What happens to the width of the barrier in a reverse-biased N-type material?"", ""options"": [""It decreases"", ""It oscillates"", ""It increases""], ""correct"": null, ""answer_text"": null, ""category"": null, ""source_file"": ""Questions M4 Group 1.docx"", ""source_module"": ""M4"", ""fmt"": ""docx"", ""module"": ""M4"", ""difficulty"": ""MEDIUM""}"
M4,,,21. What carries the current in P-type material?,Electrons,Holes,Neutrons,,B,EASY,,,,DRAFT,ANSWERED,Found in Suntech corpus - Holes are majority carriers in P-type material,Questions M4 Group 1.docx,"{""raw"": ""21. What carries the current in P-type material?\n    A. Electrons\n    B. Holes\n    C. Neutrons"", ""question"": ""21. What carries the current in P-type material?"", ""options"": [""Electrons"", ""Holes"", ""Neutrons""], ""correct"": null, ""answer_text"": null, ""category"": null, ""source_file"": ""Questions M4 Group 1.docx"", ""source_module"": ""M4"", ""fmt"": ""docx"", ""module"": ""M4"", ""difficulty"": ""EASY""}"
M4,,,22. How does the positive terminal of the battery affect the P-type material in forward bias?,Repels holes toward the junction,Attracts electrons away from the junction,Attracts holes away from the junction,,A,MEDIUM,,,,DRAFT,Found in Suntech corpus,1,Questions M4 Group 1.docx,"{""raw"": ""22. How does the positive terminal of the battery affect the P-type material in forward bias?\n    A. Repels holes toward the junction\n    B. Attracts electrons away from the junction\n    C. Attracts holes away from the junction"", ""question"": ""22. How does the positive terminal of the battery affect the P-type material in forward bias?"", ""options"": [""Repels holes toward the junction"", ""Attracts electrons away from the junction"", ""Attracts holes away from the junction""], ""correct"": null, ""answer_text"": null, ""category"": null, ""source_file"": ""Questions M4 Group 1.docx"", ""source_module"": ""M4"", ""fmt"": ""docx"", ""module"": ""M4"", ""difficulty"": ""MEDIUM""}"
M4,,,23. What is created when an electron is extracted from the P-type material?,A hole,An electron,A proton,,A,MEDIUM,,,,DRAFT,ANSWERED,Found in Suntech corpus - Extracting an electron from P-type material creates a hole,Questions M4 Group 1.docx,"{""raw"": ""23. What is created when an electron is extracted from the P-type material?\n    A. A hole\n    B. An electron\n    C. A proton"", ""question"": ""23. What is created when an electron is extracted from the P-type material?"", ""options"": [""A hole"", ""An electron"", ""A proton""], ""correct"": null, ""answer_text"": null, ""category"": null, ""source_file"": ""Questions M4 Group 1.docx"", ""source_module"": ""M4"", ""fmt"": ""docx"", ""module"": ""M4"", ""difficulty"": ""MEDIUM""}"
M4,,,24. What happens to holes in the P-type material during forward bias?,They disappear,They are blocked,They move towards the junction,,C,MEDIUM,,,,DRAFT,Found in Suntech corpus,1,Questions M4 Group 1.docx,"{""raw"": ""24. What happens to holes in the P-type material during forward bias?\n    A. They disappear\n    B. They are blocked\n    C. They move towards the junction"", ""question"": ""24. What happens to holes in the P-type material during forward bias?"", ""options"": [""They disappear"", ""They are blocked"", ""They move towards the junction""], ""correct"": null, ""answer_text"": null, ""category"": null, ""source_file"": ""Questions M4 Group 1.docx"", ""source_module"": ""M4"", ""fmt"": ""docx"", ""module"": ""M4"", ""difficulty"": ""MEDIUM""}"
M4,,,"25. In reverse bias, where do the holes in P-type material move?",Away from the junction,Toward the junction,They remain stationary,,A,MEDIUM,,,,DRAFT,Found in Suntech corpus,1,Questions M4 Group 1.docx,"{""raw"": ""25. In reverse bias, where do the holes in P-type material move?\n    A. Away from the junction\n    B. Toward the junction\n    C. They remain stationary\nAdditional Questions"", ""question"": ""25. In reverse bias, where do the holes in P-type material move?"", ""options"": [""Away from the junction"", ""Toward the junction"", ""They remain stationary""], ""correct"": null, ""answer_text"": null, ""category"": null, ""source_file"": ""Questions M4 Group 1.docx"", ""source_module"": ""M4"", ""fmt"": ""docx"", ""module"": ""M4"", ""difficulty"": ""MEDIUM""}"
M4,,,26. What occurs almost instantly when a PN junction is formed?,Carriers in the vicinity pair up,Carriers in the entire material pair up,The junction disappears,,B,MEDIUM,,,,DRAFT,Found in Suntech corpus,1,Questions M4 Group 1.docx,"{""raw"": ""26. What occurs almost instantly when a PN junction is formed?\n    A. Carriers in the vicinity pair up\n    B. Carriers in the entire material pair up\n    C. The junction disappears"", ""question"": ""26. What occurs almost instantly when a PN junction is formed?"", ""options"": [""Carriers in the vicinity pair up"", ""Carriers in the entire material pair up"", ""The junction disappears""], ""correct"": null, ""answer_text"": null, ""category"": null, ""source_file"": ""Questions M4 Group 1.docx"", ""source_module"": ""M4"", ""fmt"": ""docx"", ""module"": ""M4"", ""difficulty"": ""MEDIUM""}"
M4,,,27. What is minority current flow due to?,Majority carriers,Electron-hole pairs,Proton flow,,A,EASY,,,,DRAFT,Found in Suntech corpus,1,Questions M4 Group 1.docx,"{""raw"": ""27. What is minority current flow due to?\n    A. Majority carriers\n    B. Electron-hole pairs\n    C. Proton flow"", ""question"": ""27. What is minority current flow due to?"", ""options"": [""Majority carriers"", ""Electron-hole pairs"", ""Proton flow""], ""correct"": null, ""answer_text"": null, ""category"": null, ""source_file"": ""Questions M4 Group 1.docx"", ""source_module"": ""M4"", ""fmt"": ""docx"", ""module"": ""M4"", ""difficulty"": ""EASY""}"
M4,,,28. What is the effect of reverse bias on the barrier potential?,Reduces it,Increases it,Eliminates it,,B,MEDIUM,,,,DRAFT,ANSWERED,Found in Suntech corpus - Reverse bias increases the junction barrier width and potential,Questions M4 Group 1.docx,"{""raw"": ""28. What is the effect of reverse bias on the barrier potential?\n    A. Reduces it\n    B. Increases it\n    C. Eliminates it"", ""question"": ""28. What is the effect of reverse bias on the barrier potential?"", ""options"": [""Reduces it"", ""Increases it"", ""Eliminates it""], ""correct"": null, ""answer_text"": null, ""category"": null, ""source_file"": ""Questions M4 Group 1.docx"", ""source_module"": ""M4"", ""fmt"": ""docx"", ""module"": ""M4"", ""difficulty"": ""MEDIUM""}"
M4,,,29. What kind of resistance does a PN junction offer in forward bias?,Maximum resistance,Minimum resistance,Zero resistance,,B,MEDIUM,,,,DRAFT,Found in Suntech corpus,1,Questions M4 Group 1.docx,"{""raw"": ""29. What kind of resistance does a PN junction offer in forward bias?\n    A. Maximum resistance\n    B. Minimum resistance\n    C. Zero resistance"", ""question"": ""29. What kind of resistance does a PN junction offer in forward bias?"", ""options"": [""Maximum resistance"", ""Minimum resistance"", ""Zero resistance""], ""correct"": null, ""answer_text"": null, ""category"": null, ""source_file"": ""Questions M4 Group 1.docx"", ""source_module"": ""M4"", ""fmt"": ""docx"", ""module"": ""M4"", ""difficulty"": ""MEDIUM""}"
M4,,,30. What happens to the barrier width with forward bias?,It decreases,It increases,It stays the same,,A,MEDIUM,,,,DRAFT,Found in Suntech corpus,1,Questions M4 Group 1.docx,"{""raw"": ""30. What happens to the barrier width with forward bias?\n    A. It decreases\n    B. It increases\n    C. It stays the same"", ""question"": ""30. What happens to the barrier width with forward bias?"", ""options"": [""It decreases"", ""It increases"", ""It stays the same""], ""correct"": null, ""answer_text"": null, ""category"": null, ""source_file"": ""Questions M4 Group 1.docx"", ""source_module"": ""M4"", ""fmt"": ""docx"", ""module"": ""M4"", ""difficulty"": ""MEDIUM""}"
M4,,,32. How does an electron in P-type material behave under reverse bias?,It is attracted to the junction,It is repelled away from the junction,It remains stationary,,A,MEDIUM,,,,DRAFT,Found in Suntech corpus,1,Questions M4 Group 1.docx,"{""raw"": ""32. How does an electron in P-type material behave under reverse bias?\n    A. It is attracted to the junction\n    B. It is repelled away from the junction\n    C. It remains stationary"", ""question"": ""32. How does an electron in P-type material behave under reverse bias?"", ""options"": [""It is attracted to the junction"", ""It is repelled away from the junction"", ""It remains stationary""], ""correct"": null, ""answer_text"": null, ""category"": null, ""source_file"": ""Questions M4 Group 1.docx"", ""source_module"": ""M4"", ""fmt"": ""docx"", ""module"": ""M4"", ""difficulty"": ""MEDIUM""}"
M4,,,33. What does the increase in the number of ions in a reverse-biased junction prevent?,Minority carrier flow,Majority carrier flow,Electron-hole recombination,,A,MEDIUM,,,,DRAFT,Found in Suntech corpus,1,Questions M4 Group 1.docx,"{""raw"": ""33. What does the increase in the number of ions in a reverse-biased junction prevent?\n    A. Minority carrier flow\n    B. Majority carrier flow\n    C. Electron-hole recombination"", ""question"": ""33. What does the increase in the number of ions in a reverse-biased junction prevent?"", ""options"": [""Minority carrier flow"", ""Majority carrier flow"", ""Electron-hole recombination""], ""correct"": null, ""answer_text"": null, ""category"": null, ""source_file"": ""Questions M4 Group 1.docx"", ""source_module"": ""M4"", ""fmt"": ""docx"", ""module"": ""M4"", ""difficulty"": ""MEDIUM""}"
M4,,,34. How does the characteristic curve of a PN junction diode appear?,Non-linear,Linear,Parabolic,,A,MEDIUM,,,,DRAFT,ANSWERED,Found in Suntech corpus - PN junction diode characteristic curve is non-linear,Questions M4 Group 1.docx,"{""raw"": ""34. How does the characteristic curve of a PN junction diode appear?\n    A. Non-linear\n    B. Linear\n    C. Parabolic"", ""question"": ""34. How does the characteristic curve of a PN junction diode appear?"", ""options"": [""Non-linear"", ""Linear"", ""Parabolic""], ""correct"": null, ""answer_text"": null, ""category"": null, ""source_file"": ""Questions M4 Group 1.docx"", ""source_module"": ""M4"", ""fmt"": ""docx"", ""module"": ""M4"", ""difficulty"": ""MEDIUM""}"
M4,,,35. What is the voltage-current relationship in a reverse-biased diode?,"High resistance, low current","Low resistance, high current","Zero resistance, zero current",,A,MEDIUM,,,,DRAFT,Found in Suntech corpus,1,Questions M4 Group 1.docx,"{""raw"": ""35. What is the voltage-current relationship in a reverse-biased diode?\n    A. High resistance, low current\n    B. Low resistance, high current\n    C. Zero resistance, zero current"", ""question"": ""35. What is the voltage-current relationship in a reverse-biased diode?"", ""options"": [""High resistance, low current"", ""Low resistance, high current"", ""Zero resistance, zero current""], ""correct"": null, ""answer_text"": null, ""category"": null, ""source_file"": ""Questions M4 Group 1.docx"", ""source_module"": ""M4"", ""fmt"": ""docx"", ""module"": ""M4"", ""difficulty"": ""MEDIUM""}"
M4,,,36. What happens to a diode in reverse bias at high voltages?,It conducts heavily,Avalanche breakdown may occur,It remains non-conductive,,C,MEDIUM,,,,DRAFT,Found in Suntech corpus,1,Questions M4 Group 1.docx,"{""raw"": ""36. What happens to a diode in reverse bias at high voltages?\n    A. It conducts heavily\n    B. Avalanche breakdown may occur\n    C. It remains non-conductive"", ""question"": ""36. What happens to a diode in reverse bias at high voltages?"", ""options"": [""It conducts heavily"", ""Avalanche breakdown may occur"", ""It remains non-conductive""], ""correct"": null, ""answer_text"": null, ""category"": null, ""source_file"": ""Questions M4 Group 1.docx"", ""source_module"": ""M4"", ""fmt"": ""docx"", ""module"": ""M4"", ""difficulty"": ""MEDIUM""}"
M4,,,37. What is the typical voltage drop of a forward-biased silicon diode?,0.7 volts,1.2 volts,0.3 volts,,B,MEDIUM,,,,DRAFT,Found in Suntech corpus,1,Questions M4 Group 1.docx,"{""raw"": ""37. What is the typical voltage drop of a forward-biased silicon diode?\n    A. 0.7 volts\n    B. 1.2 volts\n    C. 0.3 volts"", ""question"": ""37. What is the typical voltage drop of a forward-biased silicon diode?"", ""options"": [""0.7 volts"", ""1.2 volts"", ""0.3 volts""], ""correct"": null, ""answer_text"": null, ""category"": null, ""source_file"": ""Questions M4 Group 1.docx"", ""source_module"": ""M4"", ""fmt"": ""docx"", ""module"": ""M4"", ""difficulty"": ""MEDIUM""}"
M4,,,38. What happens to the minority carriers in a reverse-biased junction?,They cross the junction,They recombine with majority carriers,They remain on one side,,A,MEDIUM,,,,DRAFT,Found in Suntech corpus,1,Questions M4 Group 1.docx,"{""raw"": ""38. What happens to the minority carriers in a reverse-biased junction?\n    A. They cross the junction\n    B. They recombine with majority carriers\n    C. They remain on one side"", ""question"": ""38. What happens to the minority carriers in a reverse-biased junction?"", ""options"": [""They cross the junction"", ""They recombine with majority carriers"", ""They remain on one side""], ""correct"": null, ""answer_text"": null, ""category"": null, ""source_file"": ""Questions M4 Group 1.docx"", ""source_module"": ""M4"", ""fmt"": ""docx"", ""module"": ""M4"", ""difficulty"": ""MEDIUM""}"
M4,,,39. What is the current flow due to in reverse bias?,Majority carriers,Minority carriers,Proton flow,,A,MEDIUM,,,,DRAFT,Found in Suntech corpus,1,Questions M4 Group 1.docx,"{""raw"": ""39. What is the current flow due to in reverse bias?\n    A. Majority carriers\n    B. Minority carriers\n    C. Proton flow"", ""question"": ""39. What is the current flow due to in reverse bias?"", ""options"": [""Majority carriers"", ""Minority carriers"", ""Proton flow""], ""correct"": null, ""answer_text"": null, ""category"": null, ""source_file"": ""Questions M4 Group 1.docx"", ""source_module"": ""M4"", ""fmt"": ""docx"", ""module"": ""M4"", ""difficulty"": ""MEDIUM""}"
