module,syllabusRef,level,text,optionA,optionB,optionC,optionD,correctAnswer,difficulty,subTopic,aiSourceRef,aiConfidence,status,reviewNote,points,sourceFile,rawJson
M5,M5.5.6(b),,1. What is the primary function of the cladding in an optical fiber?,To absorb light,To reflect light back into the core,To convert light into electrical signals,,B,MEDIUM,,,,ANSWERED,Domain-verified (score=1.00),1,10 Fibre Optics.docx,"{""raw"": ""1. What is the primary function of the cladding in an optical fiber?\n     a) To absorb light\n     b) To reflect light back into the core\n     c) To convert light into electrical signals"", ""question"": ""1. What is the primary function of the cladding in an optical fiber?"", ""options"": [""To absorb light"", ""To reflect light back into the core"", ""To convert light into electrical signals""], ""correct"": null, ""answer_text"": null, ""category"": null, ""source_file"": ""10 Fibre Optics.docx"", ""source_module"": ""M5"", ""fmt"": ""docx"", ""module"": ""M5"", ""syllabusRef"": ""M5.5.6(b)"", ""level"": null, ""difficulty"": ""MEDIUM""}"
M5,M5.5.6(b),,2. Which type of optical fiber can propagate only the fundamental mode?,Multimode fiber,Single mode fiber,Step index fiber,,B,MEDIUM,,,,ANSWERED,Domain-verified (score=1.00),1,10 Fibre Optics.docx,"{""raw"": ""2. Which type of optical fiber can propagate only the fundamental mode?\n     a) Multimode fiber\n     b) Single mode fiber\n     c) Step index fiber"", ""question"": ""2. Which type of optical fiber can propagate only the fundamental mode?"", ""options"": [""Multimode fiber"", ""Single mode fiber"", ""Step index fiber""], ""correct"": null, ""answer_text"": null, ""category"": null, ""source_file"": ""10 Fibre Optics.docx"", ""source_module"": ""M5"", ""fmt"": ""docx"", ""module"": ""M5"", ""syllabusRef"": ""M5.5.6(b)"", ""level"": null, ""difficulty"": ""MEDIUM""}"
M5,M5.5.6(b),,3. What is the main cause of signal attenuation in optical fibers?,Voltage drop,Power loss,Absorption and scattering,,C,MEDIUM,,,,ANSWERED,Domain-verified (score=1.00),1,10 Fibre Optics.docx,"{""raw"": ""3. What is the main cause of signal attenuation in optical fibers?\n     a) Voltage drop\n     b) Power loss\n     c) Absorption and scattering"", ""question"": ""3. What is the main cause of signal attenuation in optical fibers?"", ""options"": [""Voltage drop"", ""Power loss"", ""Absorption and scattering""], ""correct"": null, ""answer_text"": null, ""category"": null, ""source_file"": ""10 Fibre Optics.docx"", ""source_module"": ""M5"", ""fmt"": ""docx"", ""module"": ""M5"", ""syllabusRef"": ""M5.5.6(b)"", ""level"": null, ""difficulty"": ""MEDIUM""}"
M5,M5.05.08,,4. What type of light source is typically used for longdistance fiber optic communication?,LED,Laser diode,Incandescent bulb,,B,MEDIUM,,,,ANSWERED,Verified correction (score=1.00),1,10 Fibre Optics.docx,"{""raw"": ""4. What type of light source is typically used for longdistance fiber optic communication?\n     a) LED\n     b) Laser diode\n     c) Incandescent bulb"", ""question"": ""4. What type of light source is typically used for longdistance fiber optic communication?"", ""options"": [""LED"", ""Laser diode"", ""Incandescent bulb""], ""correct"": null, ""answer_text"": null, ""category"": null, ""source_file"": ""10 Fibre Optics.docx"", ""source_module"": ""M5"", ""fmt"": ""docx"", ""module"": ""M5"", ""syllabusRef"": ""M5.05.08"", ""level"": null, ""difficulty"": ""MEDIUM""}"
M5,M5.05.04,,5. Which optical fiber type is typically used for shortrange data communication?,Multimode fiber,Single mode fiber,Step index fiber,,A,MEDIUM,,,,ANSWERED,Domain-verified (score=1.00),1,10 Fibre Optics.docx,"{""raw"": ""5. Which optical fiber type is typically used for shortrange data communication?\n     a) Multimode fiber\n     b) Single mode fiber\n     c) Step index fiber"", ""question"": ""5. Which optical fiber type is typically used for shortrange data communication?"", ""options"": [""Multimode fiber"", ""Single mode fiber"", ""Step index fiber""], ""correct"": null, ""answer_text"": null, ""category"": null, ""source_file"": ""10 Fibre Optics.docx"", ""source_module"": ""M5"", ""fmt"": ""docx"", ""module"": ""M5"", ""syllabusRef"": ""M5.05.04"", ""level"": null, ""difficulty"": ""MEDIUM""}"
M5,,,6. How does a mechanical splice differ from a fusion splice?,It is intended to be temporary,It is stronger,It is intended to be permanent but removable,,A,MEDIUM,,,,ANSWERED,Verified correction (score=1.00),1,10 Fibre Optics.docx,"{""raw"": ""6. How does a mechanical splice differ from a fusion splice?\n     a) It is intended to be temporary\n     b) It is stronger\n     c) It is intended to be permanent but removable"", ""question"": ""6. How does a mechanical splice differ from a fusion splice?"", ""options"": [""It is intended to be temporary"", ""It is stronger"", ""It is intended to be permanent but removable""], ""correct"": null, ""answer_text"": null, ""category"": null, ""source_file"": ""10 Fibre Optics.docx"", ""source_module"": ""M5"", ""fmt"": ""docx"", ""module"": ""M5"", ""difficulty"": ""MEDIUM""}"
M5,M5.5.6(b),,7. What is the purpose of the buffer coating on an optical fiber?,To transmit light,To protect the fiber from physical damage,To increase the refractive index,,B,MEDIUM,,,,ANSWERED,Domain-verified (score=1.00),1,10 Fibre Optics.docx,"{""raw"": ""7. What is the purpose of the buffer coating on an optical fiber?\n     a) To transmit light\n     b) To protect the fiber from physical damage\n     c) To increase the refractive index"", ""question"": ""7. What is the purpose of the buffer coating on an optical fiber?"", ""options"": [""To transmit light"", ""To protect the fiber from physical damage"", ""To increase the refractive index""], ""correct"": null, ""answer_text"": null, ""category"": null, ""source_file"": ""10 Fibre Optics.docx"", ""source_module"": ""M5"", ""fmt"": ""docx"", ""module"": ""M5"", ""syllabusRef"": ""M5.5.6(b)"", ""level"": null, ""difficulty"": ""MEDIUM""}"
M5,M5.5.6(b),,8. Which phenomenon is responsible for the guiding of light in optical fibers?,Refraction,Absorption,Total internal reflection,,C,MEDIUM,,,,ANSWERED,Domain-verified (score=1.00),1,10 Fibre Optics.docx,"{""raw"": ""8. Which phenomenon is responsible for the guiding of light in optical fibers?\n     a) Refraction\n     b) Absorption\n     c) Total internal reflection"", ""question"": ""8. Which phenomenon is responsible for the guiding of light in optical fibers?"", ""options"": [""Refraction"", ""Absorption"", ""Total internal reflection""], ""correct"": null, ""answer_text"": null, ""category"": null, ""source_file"": ""10 Fibre Optics.docx"", ""source_module"": ""M5"", ""fmt"": ""docx"", ""module"": ""M5"", ""syllabusRef"": ""M5.5.6(b)"", ""level"": null, ""difficulty"": ""MEDIUM""}"
M5,M5.5.6(b),,9. What are the main advantages of using fiber optics over traditional copper cables?,Lower cost and easier installation,Higher bandwidth and immunity to electromagnetic interference,Longer lifespan and lower maintenance,,B,MEDIUM,,,,ANSWERED,Domain-verified (score=1.00),1,10 Fibre Optics.docx,"{""raw"": ""9. What are the main advantages of using fiber optics over traditional copper cables?\n     a) Lower cost and easier installation\n     b) Higher bandwidth and immunity to electromagnetic interference\n     c) Longer lifespan and lower maintenance"", ""question"": ""9. What are the main advantages of using fiber optics over traditional copper cables?"", ""options"": [""Lower cost and easier installation"", ""Higher bandwidth and immunity to electromagnetic interference"", ""Longer lifespan and lower maintenance""], ""correct"": null, ""answer_text"": null, ""category"": null, ""source_file"": ""10 Fibre Optics.docx"", ""source_module"": ""M5"", ""fmt"": ""docx"", ""module"": ""M5"", ""syllabusRef"": ""M5.5.6(b)"", ""level"": null, ""difficulty"": ""MEDIUM""}"
M5,M5.5.6(b),,10. What is the typical core diameter of a single mode fiber?,50 micrometers,9 micrometers,62.5 micrometers,,B,MEDIUM,,,,ANSWERED,Domain-verified (score=1.00),1,10 Fibre Optics.docx,"{""raw"": ""10. What is the typical core diameter of a single mode fiber?\n     a) 50 micrometers\n     b) 9 micrometers\n     c) 62.5 micrometers"", ""question"": ""10. What is the typical core diameter of a single mode fiber?"", ""options"": [""50 micrometers"", ""9 micrometers"", ""62.5 micrometers""], ""correct"": null, ""answer_text"": null, ""category"": null, ""source_file"": ""10 Fibre Optics.docx"", ""source_module"": ""M5"", ""fmt"": ""docx"", ""module"": ""M5"", ""syllabusRef"": ""M5.5.6(b)"", ""level"": null, ""difficulty"": ""MEDIUM""}"
M5,,,11. Which component converts electrical signals into optical signals in a fiber optic system?,Optical fiber,Transmitter,Receiver,,B,MEDIUM,,,,ANSWERED,Domain-verified (score=1.00),1,10 Fibre Optics.docx,"{""raw"": ""11. Which component converts electrical signals into optical signals in a fiber optic system?\n     a) Optical fiber\n     b) Transmitter\n     c) Receiver"", ""question"": ""11. Which component converts electrical signals into optical signals in a fiber optic system?"", ""options"": [""Optical fiber"", ""Transmitter"", ""Receiver""], ""correct"": null, ""answer_text"": null, ""category"": null, ""source_file"": ""10 Fibre Optics.docx"", ""source_module"": ""M5"", ""fmt"": ""docx"", ""module"": ""M5"", ""difficulty"": ""MEDIUM""}"
M5,M5.5.6(b),,12. What type of fiber optic cable is used to protect the fibers from environmental damage?,Jacketed fiber,Loosetube fiber,Ribbon fiber,,B,MEDIUM,,,,ANSWERED,Verified correction (score=1.00),1,10 Fibre Optics.docx,"{""raw"": ""12. What type of fiber optic cable is used to protect the fibers from environmental damage?\n     a) Jacketed fiber\n     b) Loosetube fiber\n     c) Ribbon fiber"", ""question"": ""12. What type of fiber optic cable is used to protect the fibers from environmental damage?"", ""options"": [""Jacketed fiber"", ""Loosetube fiber"", ""Ribbon fiber""], ""correct"": null, ""answer_text"": null, ""category"": null, ""source_file"": ""10 Fibre Optics.docx"", ""source_module"": ""M5"", ""fmt"": ""docx"", ""module"": ""M5"", ""syllabusRef"": ""M5.5.6(b)"", ""level"": null, ""difficulty"": ""MEDIUM""}"
M5,M5.05.02,,13. Which type of fiber optic connector allows for easy reconfiguration of optical systems?,Splice,Coupler,Connector,,C,MEDIUM,,,,ANSWERED,Domain-verified (score=1.00),1,10 Fibre Optics.docx,"{""raw"": ""13. Which type of fiber optic connector allows for easy reconfiguration of optical systems?\n     a) Splice\n     b) Coupler\n     c) Connector"", ""question"": ""13. Which type of fiber optic connector allows for easy reconfiguration of optical systems?"", ""options"": [""Splice"", ""Coupler"", ""Connector""], ""correct"": null, ""answer_text"": null, ""category"": null, ""source_file"": ""10 Fibre Optics.docx"", ""source_module"": ""M5"", ""fmt"": ""docx"", ""module"": ""M5"", ""syllabusRef"": ""M5.05.02"", ""level"": null, ""difficulty"": ""MEDIUM""}"
M5,,,14. What is a primary benefit of using graded index fibers over step index fibers?,Lower cost,Reduced modal dispersion,Easier installation,,B,MEDIUM,,,,ANSWERED,Domain-verified (score=1.00),1,10 Fibre Optics.docx,"{""raw"": ""14. What is a primary benefit of using graded index fibers over step index fibers?\n     a) Lower cost\n     b) Reduced modal dispersion\n     c) Easier installation"", ""question"": ""14. What is a primary benefit of using graded index fibers over step index fibers?"", ""options"": [""Lower cost"", ""Reduced modal dispersion"", ""Easier installation""], ""correct"": null, ""answer_text"": null, ""category"": null, ""source_file"": ""10 Fibre Optics.docx"", ""source_module"": ""M5"", ""fmt"": ""docx"", ""module"": ""M5"", ""difficulty"": ""MEDIUM""}"
M5,,,15. Which type of splicing method uses heat to join optical fibers?,Mechanical splicing,Fusion splicing,Optical coupling,,B,MEDIUM,,,,ANSWERED,Domain-verified (score=1.00),1,10 Fibre Optics.docx,"{""raw"": ""15. Which type of splicing method uses heat to join optical fibers?\n     a) Mechanical splicing\n     b) Fusion splicing\n     c) Optical coupling"", ""question"": ""15. Which type of splicing method uses heat to join optical fibers?"", ""options"": [""Mechanical splicing"", ""Fusion splicing"", ""Optical coupling""], ""correct"": null, ""answer_text"": null, ""category"": null, ""source_file"": ""10 Fibre Optics.docx"", ""source_module"": ""M5"", ""fmt"": ""docx"", ""module"": ""M5"", ""difficulty"": ""MEDIUM""}"
M5,M5.5.6(b),,16. What is the function of a fiber optic coupler?,To split or combine optical signals,To amplify optical signals,To convert optical signals to electrical signals,,A,MEDIUM,,,,ANSWERED,Domain-verified (score=1.00),1,10 Fibre Optics.docx,"{""raw"": ""16. What is the function of a fiber optic coupler?\n     a) To split or combine optical signals\n     b) To amplify optical signals\n     c) To convert optical signals to electrical signals"", ""question"": ""16. What is the function of a fiber optic coupler?"", ""options"": [""To split or combine optical signals"", ""To amplify optical signals"", ""To convert optical signals to electrical signals""], ""correct"": null, ""answer_text"": null, ""category"": null, ""source_file"": ""10 Fibre Optics.docx"", ""source_module"": ""M5"", ""fmt"": ""docx"", ""module"": ""M5"", ""syllabusRef"": ""M5.5.6(b)"", ""level"": null, ""difficulty"": ""MEDIUM""}"
M5,M5.5.5(a),,17. What is a common use of multimode optical fibers?,Local area networks (LANs),Long-distance telecommunications,Satellite communication,,A,MEDIUM,,,,ANSWERED,Domain-verified (score=1.00),1,10 Fibre Optics.docx,"{""raw"": ""17. What is a common use of multimode optical fibers?\n     a) Local area networks (LANs)\n     b) Long-distance telecommunications\n     c) Satellite communication"", ""question"": ""17. What is a common use of multimode optical fibers?"", ""options"": [""Local area networks (LANs)"", ""Long-distance telecommunications"", ""Satellite communication""], ""correct"": null, ""answer_text"": null, ""category"": null, ""source_file"": ""10 Fibre Optics.docx"", ""source_module"": ""M5"", ""fmt"": ""docx"", ""module"": ""M5"", ""syllabusRef"": ""M5.5.5(a)"", ""level"": null, ""difficulty"": ""MEDIUM""}"
M5,M5.05.04,,18. Which factor can significantly affect the performance of a fiber optic data link?,Cable color,Connector alignment,Signal frequency,,B,MEDIUM,,,,ANSWERED,Domain-verified (score=1.00),1,10 Fibre Optics.docx,"{""raw"": ""18. Which factor can significantly affect the performance of a fiber optic data link?\n     a) Cable color\n     b) Connector alignment\n     c) Signal frequency"", ""question"": ""18. Which factor can significantly affect the performance of a fiber optic data link?"", ""options"": [""Cable color"", ""Connector alignment"", ""Signal frequency""], ""correct"": null, ""answer_text"": null, ""category"": null, ""source_file"": ""10 Fibre Optics.docx"", ""source_module"": ""M5"", ""fmt"": ""docx"", ""module"": ""M5"", ""syllabusRef"": ""M5.05.04"", ""level"": null, ""difficulty"": ""MEDIUM""}"
M5,M5.5.6(b),,19. What is the purpose of the optical detector in a fiber optic receiver?,To transmit optical signals,To convert optical signals back into electrical signals,To split optical signals,,B,MEDIUM,,,,ANSWERED,Verified correction (score=1.00),1,10 Fibre Optics.docx,"{""raw"": ""19. What is the purpose of the optical detector in a fiber optic receiver?\n     a) To transmit optical signals\n     b) To convert optical signals back into electrical signals\n     c) To split optical signals"", ""question"": ""19. What is the purpose of the optical detector in a fiber optic receiver?"", ""options"": [""To transmit optical signals"", ""To convert optical signals back into electrical signals"", ""To split optical signals""], ""correct"": null, ""answer_text"": null, ""category"": null, ""source_file"": ""10 Fibre Optics.docx"", ""source_module"": ""M5"", ""fmt"": ""docx"", ""module"": ""M5"", ""syllabusRef"": ""M5.5.6(b)"", ""level"": null, ""difficulty"": ""MEDIUM""}"
M5,M5.5.6(b),,20. Which of the following materials is commonly used for the core of optical fibers?,Silica glass,Plastic,Copper,,A,MEDIUM,,,,ANSWERED,Verified correction (score=0.75),1,10 Fibre Optics.docx,"{""raw"": ""20. Which of the following materials is commonly used for the core of optical fibers?\n     a) Silica glass\n     b) Plastic\n     c) Copper"", ""question"": ""20. Which of the following materials is commonly used for the core of optical fibers?"", ""options"": [""Silica glass"", ""Plastic"", ""Copper""], ""correct"": null, ""answer_text"": null, ""category"": null, ""source_file"": ""10 Fibre Optics.docx"", ""source_module"": ""M5"", ""fmt"": ""docx"", ""module"": ""M5"", ""syllabusRef"": ""M5.5.6(b)"", ""level"": null, ""difficulty"": ""MEDIUM""}"
M5,M5.5.6(b),,21. What is the typical wavelength range used for fiber optic communication?,300700 nm,8501550 nm,18002200 nm,,B,MEDIUM,,,,ANSWERED,Domain-verified (score=1.00),1,10 Fibre Optics.docx,"{""raw"": ""21. What is the typical wavelength range used for fiber optic communication?\n     a) 300700 nm\n     b) 8501550 nm\n     c) 18002200 nm"", ""question"": ""21. What is the typical wavelength range used for fiber optic communication?"", ""options"": [""300700 nm"", ""8501550 nm"", ""18002200 nm""], ""correct"": null, ""answer_text"": null, ""category"": null, ""source_file"": ""10 Fibre Optics.docx"", ""source_module"": ""M5"", ""fmt"": ""docx"", ""module"": ""M5"", ""syllabusRef"": ""M5.5.6(b)"", ""level"": null, ""difficulty"": ""MEDIUM""}"
M5,M5.5.6(b),,22. What is the main advantage of single mode fibers over multimode fibers?,Higher bandwidth over long distances,Lower cost,Easier to install,,A,MEDIUM,,,,ANSWERED,Domain-verified (score=1.00),1,10 Fibre Optics.docx,"{""raw"": ""22. What is the main advantage of single mode fibers over multimode fibers?\n     a) Higher bandwidth over long distances\n     b) Lower cost\n     c) Easier to install"", ""question"": ""22. What is the main advantage of single mode fibers over multimode fibers?"", ""options"": [""Higher bandwidth over long distances"", ""Lower cost"", ""Easier to install""], ""correct"": null, ""answer_text"": null, ""category"": null, ""source_file"": ""10 Fibre Optics.docx"", ""source_module"": ""M5"", ""fmt"": ""docx"", ""module"": ""M5"", ""syllabusRef"": ""M5.5.6(b)"", ""level"": null, ""difficulty"": ""MEDIUM""}"
M5,M5.05.02,,23. What is the primary disadvantage of using fiber optics in communication systems?,High cost of installation,Fragility and difficulty in handling,Susceptibility to electromagnetic interference,,A,MEDIUM,,,,ANSWERED,Domain-verified (score=1.00),1,10 Fibre Optics.docx,"{""raw"": ""23. What is the primary disadvantage of using fiber optics in communication systems?\n     a) High cost of installation\n     b) Fragility and difficulty in handling\n     c) Susceptibility to electromagnetic interference"", ""question"": ""23. What is the primary disadvantage of using fiber optics in communication systems?"", ""options"": [""High cost of installation"", ""Fragility and difficulty in handling"", ""Susceptibility to electromagnetic interference""], ""correct"": null, ""answer_text"": null, ""category"": null, ""source_file"": ""10 Fibre Optics.docx"", ""source_module"": ""M5"", ""fmt"": ""docx"", ""module"": ""M5"", ""syllabusRef"": ""M5.05.02"", ""level"": null, ""difficulty"": ""MEDIUM""}"
M5,M5.5.6(b),,24. What is the refractive index profile of a graded index fiber?,Constant throughout,Varies gradually from the core center to the cladding,Stepwise change at the core-cladding boundary,,B,MEDIUM,,,,ANSWERED,Domain-verified (score=1.00),1,10 Fibre Optics.docx,"{""raw"": ""24. What is the refractive index profile of a graded index fiber?\n     a) Constant throughout\n     b) Varies gradually from the core center to the cladding\n     c) Stepwise change at the core-cladding boundary"", ""question"": ""24. What is the refractive index profile of a graded index fiber?"", ""options"": [""Constant throughout"", ""Varies gradually from the core center to the cladding"", ""Stepwise change at the core-cladding boundary""], ""correct"": null, ""answer_text"": null, ""category"": null, ""source_file"": ""10 Fibre Optics.docx"", ""source_module"": ""M5"", ""fmt"": ""docx"", ""module"": ""M5"", ""syllabusRef"": ""M5.5.6(b)"", ""level"": null, ""difficulty"": ""MEDIUM""}"
M5,M5.05.04,,25. Which parameter of an optical fiber determines the maximum data rate it can support?,Bandwidth,Core diameter,Numerical aperture,,A,MEDIUM,,,,ANSWERED,Domain-verified (score=1.00),1,10 Fibre Optics.docx,"{""raw"": ""25. Which parameter of an optical fiber determines the maximum data rate it can support?\n     a) Bandwidth\n     b) Core diameter\n     c) Numerical aperture"", ""question"": ""25. Which parameter of an optical fiber determines the maximum data rate it can support?"", ""options"": [""Bandwidth"", ""Core diameter"", ""Numerical aperture""], ""correct"": null, ""answer_text"": null, ""category"": null, ""source_file"": ""10 Fibre Optics.docx"", ""source_module"": ""M5"", ""fmt"": ""docx"", ""module"": ""M5"", ""syllabusRef"": ""M5.05.04"", ""level"": null, ""difficulty"": ""MEDIUM""}"
M5,,,26. What type of dispersion affects multimode fibers more than single mode fibers?,Chromatic dispersion,Modal dispersion,Polarization mode dispersion,,B,MEDIUM,,,,ANSWERED,Domain-verified (score=1.00),1,10 Fibre Optics.docx,"{""raw"": ""26. What type of dispersion affects multimode fibers more than single mode fibers?\n     a) Chromatic dispersion\n     b) Modal dispersion\n     c) Polarization mode dispersion"", ""question"": ""26. What type of dispersion affects multimode fibers more than single mode fibers?"", ""options"": [""Chromatic dispersion"", ""Modal dispersion"", ""Polarization mode dispersion""], ""correct"": null, ""answer_text"": null, ""category"": null, ""source_file"": ""10 Fibre Optics.docx"", ""source_module"": ""M5"", ""fmt"": ""docx"", ""module"": ""M5"", ""difficulty"": ""MEDIUM""}"
M5,,,"27. Which type of optical fiber is best suited for highspeed, long-distance communication?",Multimode step index fiber,Multimode graded index fiber,Single mode fiber,,C,MEDIUM,,,,ANSWERED,Domain-verified (score=1.00),1,10 Fibre Optics.docx,"{""raw"": ""27. Which type of optical fiber is best suited for highspeed, long-distance communication?\n     a) Multimode step index fiber\n     b) Multimode graded index fiber\n     c) Single mode fiber"", ""question"": ""27. Which type of optical fiber is best suited for highspeed, long-distance communication?"", ""options"": [""Multimode step index fiber"", ""Multimode graded index fiber"", ""Single mode fiber""], ""correct"": null, ""answer_text"": null, ""category"": null, ""source_file"": ""10 Fibre Optics.docx"", ""source_module"": ""M5"", ""fmt"": ""docx"", ""module"": ""M5"", ""difficulty"": ""MEDIUM""}"
M5,M5.05.08,,29. Which light source is typically used for short-distance fiber optic communication?,LED,Laser diode,Incandescent bulb,,A,MEDIUM,,,,ANSWERED,Domain-verified (score=1.00),1,10 Fibre Optics.docx,"{""raw"": ""29. Which light source is typically used for short-distance fiber optic communication?\n     a) LED\n     b) Laser diode\n     c) Incandescent bulb"", ""question"": ""29. Which light source is typically used for short-distance fiber optic communication?"", ""options"": [""LED"", ""Laser diode"", ""Incandescent bulb""], ""correct"": null, ""answer_text"": null, ""category"": null, ""source_file"": ""10 Fibre Optics.docx"", ""source_module"": ""M5"", ""fmt"": ""docx"", ""module"": ""M5"", ""syllabusRef"": ""M5.05.08"", ""level"": null, ""difficulty"": ""MEDIUM""}"
M5,,,30. What is an optical splice?,A permanent joint between two optical fibers,A temporary connection for testing,A device that amplifies optical signals,,A,EASY,,,,ANSWERED,Domain-verified (score=1.00),1,10 Fibre Optics.docx,"{""raw"": ""30. What is an optical splice?\n     a) A permanent joint between two optical fibers\n     b) A temporary connection for testing\n     c) A device that amplifies optical signals"", ""question"": ""30. What is an optical splice?"", ""options"": [""A permanent joint between two optical fibers"", ""A temporary connection for testing"", ""A device that amplifies optical signals""], ""correct"": null, ""answer_text"": null, ""category"": null, ""source_file"": ""10 Fibre Optics.docx"", ""source_module"": ""M5"", ""fmt"": ""docx"", ""module"": ""M5"", ""difficulty"": ""EASY""}"
M5,M5.5.6(b),,31. What is the main cause of signal loss at fiber optic connections?,Absorption,Coupling loss due to misalignment,Scattering,,B,MEDIUM,,,,ANSWERED,Verified correction (score=1.00),1,10 Fibre Optics.docx,"{""raw"": ""31. What is the main cause of signal loss at fiber optic connections?\n     a) Absorption\n     b) Coupling loss due to misalignment\n     c) Scattering"", ""question"": ""31. What is the main cause of signal loss at fiber optic connections?"", ""options"": [""Absorption"", ""Coupling loss due to misalignment"", ""Scattering""], ""correct"": null, ""answer_text"": null, ""category"": null, ""source_file"": ""10 Fibre Optics.docx"", ""source_module"": ""M5"", ""fmt"": ""docx"", ""module"": ""M5"", ""syllabusRef"": ""M5.5.6(b)"", ""level"": null, ""difficulty"": ""MEDIUM""}"
M5,,,32. What type of fiber optic connector is commonly used in telecommunications?,Mechanical splice,SC connector,Optical coupler,,B,MEDIUM,,,,ANSWERED,Domain-verified (score=1.00),1,10 Fibre Optics.docx,"{""raw"": ""32. What type of fiber optic connector is commonly used in telecommunications?\n     a) Mechanical splice\n     b) SC connector\n     c) Optical coupler"", ""question"": ""32. What type of fiber optic connector is commonly used in telecommunications?"", ""options"": [""Mechanical splice"", ""SC connector"", ""Optical coupler""], ""correct"": null, ""answer_text"": null, ""category"": null, ""source_file"": ""10 Fibre Optics.docx"", ""source_module"": ""M5"", ""fmt"": ""docx"", ""module"": ""M5"", ""difficulty"": ""MEDIUM""}"
M5,M5.05.08,,33. What is the purpose of a light emitting diode (LED) in a fiber optic system?,To detect optical signals,To generate optical signals,To amplify optical signals,,B,MEDIUM,,,,ANSWERED,Domain-verified (score=1.00),1,10 Fibre Optics.docx,"{""raw"": ""33. What is the purpose of a light emitting diode (LED) in a fiber optic system?\n     a) To detect optical signals\n     b) To generate optical signals\n     c) To amplify optical signals"", ""question"": ""33. What is the purpose of a light emitting diode (LED) in a fiber optic system?"", ""options"": [""To detect optical signals"", ""To generate optical signals"", ""To amplify optical signals""], ""correct"": null, ""answer_text"": null, ""category"": null, ""source_file"": ""10 Fibre Optics.docx"", ""source_module"": ""M5"", ""fmt"": ""docx"", ""module"": ""M5"", ""syllabusRef"": ""M5.05.08"", ""level"": null, ""difficulty"": ""MEDIUM""}"
M5,M5.5.6(b),,34. What is the advantage of using fusion splicing over mechanical splicing?,Easier to perform,Lower initial cost,Lower splice loss,,C,MEDIUM,,,,ANSWERED,Domain-verified (score=1.00),1,10 Fibre Optics.docx,"{""raw"": ""34. What is the advantage of using fusion splicing over mechanical splicing?\n     a) Easier to perform\n     b) Lower initial cost\n     c) Lower splice loss"", ""question"": ""34. What is the advantage of using fusion splicing over mechanical splicing?"", ""options"": [""Easier to perform"", ""Lower initial cost"", ""Lower splice loss""], ""correct"": null, ""answer_text"": null, ""category"": null, ""source_file"": ""10 Fibre Optics.docx"", ""source_module"": ""M5"", ""fmt"": ""docx"", ""module"": ""M5"", ""syllabusRef"": ""M5.5.6(b)"", ""level"": null, ""difficulty"": ""MEDIUM""}"
M5,M5.5.6(b),,35. Which component in a fiber optic system is responsible for detecting the optical signal?,Transmitter,Optical detector,Coupler,,B,MEDIUM,,,,ANSWERED,Verified correction (score=1.00),1,10 Fibre Optics.docx,"{""raw"": ""35. Which component in a fiber optic system is responsible for detecting the optical signal?\n     a) Transmitter\n     b) Optical detector\n     c) Coupler"", ""question"": ""35. Which component in a fiber optic system is responsible for detecting the optical signal?"", ""options"": [""Transmitter"", ""Optical detector"", ""Coupler""], ""correct"": null, ""answer_text"": null, ""category"": null, ""source_file"": ""10 Fibre Optics.docx"", ""source_module"": ""M5"", ""fmt"": ""docx"", ""module"": ""M5"", ""syllabusRef"": ""M5.5.6(b)"", ""level"": null, ""difficulty"": ""MEDIUM""}"
M5,M5.5.6(b),,36. What is the role of an optical transmitter in a fiber optic communication system?,To convert electrical signals into optical signals,To amplify optical signals,To split optical signals,,A,MEDIUM,,,,ANSWERED,Domain-verified (score=1.00),1,10 Fibre Optics.docx,"{""raw"": ""36. What is the role of an optical transmitter in a fiber optic communication system?\n     a) To convert electrical signals into optical signals\n     b) To amplify optical signals\n     c) To split optical signals"", ""question"": ""36. What is the role of an optical transmitter in a fiber optic communication system?"", ""options"": [""To convert electrical signals into optical signals"", ""To amplify optical signals"", ""To split optical signals""], ""correct"": null, ""answer_text"": null, ""category"": null, ""source_file"": ""10 Fibre Optics.docx"", ""source_module"": ""M5"", ""fmt"": ""docx"", ""module"": ""M5"", ""syllabusRef"": ""M5.5.6(b)"", ""level"": null, ""difficulty"": ""MEDIUM""}"
M5,,,37. What type of fiber optic cable is preferred for indoor applications?,Tight buffered cable,Loose tube cable,Armoured cable,,A,MEDIUM,,,,ANSWERED,Domain-verified (score=1.00),1,10 Fibre Optics.docx,"{""raw"": ""37. What type of fiber optic cable is preferred for indoor applications?\n     a) Tight buffered cable\n     b) Loose tube cable\n     c) Armoured cable"", ""question"": ""37. What type of fiber optic cable is preferred for indoor applications?"", ""options"": [""Tight buffered cable"", ""Loose tube cable"", ""Armoured cable""], ""correct"": null, ""answer_text"": null, ""category"": null, ""source_file"": ""10 Fibre Optics.docx"", ""source_module"": ""M5"", ""fmt"": ""docx"", ""module"": ""M5"", ""difficulty"": ""MEDIUM""}"
M5,,,38. Which factor does not significantly affect fiber optic signal transmission?,Fiber length,Fiber color,Signal wavelength,,B,MEDIUM,,,,ANSWERED,Domain-verified (score=1.00),1,10 Fibre Optics.docx,"{""raw"": ""38. Which factor does not significantly affect fiber optic signal transmission?\n     a) Fiber length\n     b) Fiber color\n     c) Signal wavelength"", ""question"": ""38. Which factor does not significantly affect fiber optic signal transmission?"", ""options"": [""Fiber length"", ""Fiber color"", ""Signal wavelength""], ""correct"": null, ""answer_text"": null, ""category"": null, ""source_file"": ""10 Fibre Optics.docx"", ""source_module"": ""M5"", ""fmt"": ""docx"", ""module"": ""M5"", ""difficulty"": ""MEDIUM""}"
M5,M5.5.6(b),,39. What is the primary function of the core in an optical fiber?,To carry the light signal,To protect the fiber from damage,To reflect light back into the cladding,,A,MEDIUM,,,,ANSWERED,Verified correction (score=1.00),1,10 Fibre Optics.docx,"{""raw"": ""39. What is the primary function of the core in an optical fiber?\n     a) To carry the light signal\n     b) To protect the fiber from damage\n     c) To reflect light back into the cladding"", ""question"": ""39. What is the primary function of the core in an optical fiber?"", ""options"": [""To carry the light signal"", ""To protect the fiber from damage"", ""To reflect light back into the cladding""], ""correct"": null, ""answer_text"": null, ""category"": null, ""source_file"": ""10 Fibre Optics.docx"", ""source_module"": ""M5"", ""fmt"": ""docx"", ""module"": ""M5"", ""syllabusRef"": ""M5.5.6(b)"", ""level"": null, ""difficulty"": ""MEDIUM""}"
M5,,,40. What type of fiber optic cable is best suited for outdoor applications?,Tight buffered cable,Loose tube cable,Ribbon cable,,B,MEDIUM,,,,ANSWERED,Verified correction (score=1.00),1,10 Fibre Optics.docx,"{""raw"": ""40. What type of fiber optic cable is best suited for outdoor applications?\n     a) Tight buffered cable\n     b) Loose tube cable\n     c) Ribbon cable"", ""question"": ""40. What type of fiber optic cable is best suited for outdoor applications?"", ""options"": [""Tight buffered cable"", ""Loose tube cable"", ""Ribbon cable""], ""correct"": null, ""answer_text"": null, ""category"": null, ""source_file"": ""10 Fibre Optics.docx"", ""source_module"": ""M5"", ""fmt"": ""docx"", ""module"": ""M5"", ""difficulty"": ""MEDIUM""}"
M5,,,41. Which optical component can distribute an optical signal from a single fiber into several fibers?,Connector,Coupler,Splice,,B,MEDIUM,,,,ANSWERED,Verified correction (score=1.00),1,10 Fibre Optics.docx,"{""raw"": ""41. Which optical component can distribute an optical signal from a single fiber into several fibers?\n     a) Connector\n     b) Coupler\n     c) Splice"", ""question"": ""41. Which optical component can distribute an optical signal from a single fiber into several fibers?"", ""options"": [""Connector"", ""Coupler"", ""Splice""], ""correct"": null, ""answer_text"": null, ""category"": null, ""source_file"": ""10 Fibre Optics.docx"", ""source_module"": ""M5"", ""fmt"": ""docx"", ""module"": ""M5"", ""difficulty"": ""MEDIUM""}"
M5,,,42. Which factor contributes to modal dispersion in multimode fibers?,Variation in refractive index,Chromatic aberration,Different path lengths of light rays,,C,MEDIUM,,,,ANSWERED,Verified correction (score=1.00),1,10 Fibre Optics.docx,"{""raw"": ""42. Which factor contributes to modal dispersion in multimode fibers?\n     a) Variation in refractive index\n     b) Chromatic aberration\n     c) Different path lengths of light rays"", ""question"": ""42. Which factor contributes to modal dispersion in multimode fibers?"", ""options"": [""Variation in refractive index"", ""Chromatic aberration"", ""Different path lengths of light rays""], ""correct"": null, ""answer_text"": null, ""category"": null, ""source_file"": ""10 Fibre Optics.docx"", ""source_module"": ""M5"", ""fmt"": ""docx"", ""module"": ""M5"", ""difficulty"": ""MEDIUM""}"
M5,M5.05.04,,43. What is the typical application of single mode fibers?,Local area networks (LANs),Long-distance telecommunications,Shortrange data communication,,B,MEDIUM,,,,ANSWERED,Domain-verified (score=1.00),1,10 Fibre Optics.docx,"{""raw"": ""43. What is the typical application of single mode fibers?\n     a) Local area networks (LANs)\n     b) Long-distance telecommunications\n     c) Shortrange data communication"", ""question"": ""43. What is the typical application of single mode fibers?"", ""options"": [""Local area networks (LANs)"", ""Long-distance telecommunications"", ""Shortrange data communication""], ""correct"": null, ""answer_text"": null, ""category"": null, ""source_file"": ""10 Fibre Optics.docx"", ""source_module"": ""M5"", ""fmt"": ""docx"", ""module"": ""M5"", ""syllabusRef"": ""M5.05.04"", ""level"": null, ""difficulty"": ""MEDIUM""}"
M5,M5.5.6(b),,44. What does EMI stand for in the context of fiber optics?,Electromagnetic inclusion,Electromagnetic interference,Electrical magnetic induction,,B,MEDIUM,,,,ANSWERED,Domain-verified (score=1.00),1,10 Fibre Optics.docx,"{""raw"": ""44. What does EMI stand for in the context of fiber optics?\n     a) Electromagnetic inclusion\n     b) Electromagnetic interference\n     c) Electrical magnetic induction"", ""question"": ""44. What does EMI stand for in the context of fiber optics?"", ""options"": [""Electromagnetic inclusion"", ""Electromagnetic interference"", ""Electrical magnetic induction""], ""correct"": null, ""answer_text"": null, ""category"": null, ""source_file"": ""10 Fibre Optics.docx"", ""source_module"": ""M5"", ""fmt"": ""docx"", ""module"": ""M5"", ""syllabusRef"": ""M5.5.6(b)"", ""level"": null, ""difficulty"": ""MEDIUM""}"
M5,,,45. Which factor is not a benefit of using fiber optics over copper cables?,Higher bandwidth,Immunity to electromagnetic interference,Lower initial cost,,C,MEDIUM,,,,ANSWERED,Verified correction (score=1.00),1,10 Fibre Optics.docx,"{""raw"": ""45. Which factor is not a benefit of using fiber optics over copper cables?\n     a) Higher bandwidth\n     b) Immunity to electromagnetic interference\n     c) Lower initial cost"", ""question"": ""45. Which factor is not a benefit of using fiber optics over copper cables?"", ""options"": [""Higher bandwidth"", ""Immunity to electromagnetic interference"", ""Lower initial cost""], ""correct"": null, ""answer_text"": null, ""category"": null, ""source_file"": ""10 Fibre Optics.docx"", ""source_module"": ""M5"", ""fmt"": ""docx"", ""module"": ""M5"", ""difficulty"": ""MEDIUM""}"
M5,M5.5.6(b),,46. What is the primary cause of chromatic dispersion in optical fibers?,Differences in core diameter,Wavelength dependence of the refractive index,Imperfections in the cladding,,B,MEDIUM,,,,ANSWERED,Verified correction (score=1.00),1,10 Fibre Optics.docx,"{""raw"": ""46. What is the primary cause of chromatic dispersion in optical fibers?\n     a) Differences in core diameter\n     b) Wavelength dependence of the refractive index\n     c) Imperfections in the cladding"", ""question"": ""46. What is the primary cause of chromatic dispersion in optical fibers?"", ""options"": [""Differences in core diameter"", ""Wavelength dependence of the refractive index"", ""Imperfections in the cladding""], ""correct"": null, ""answer_text"": null, ""category"": null, ""source_file"": ""10 Fibre Optics.docx"", ""source_module"": ""M5"", ""fmt"": ""docx"", ""module"": ""M5"", ""syllabusRef"": ""M5.5.6(b)"", ""level"": null, ""difficulty"": ""MEDIUM""}"
M5,M5.5.6(b),,47. What is the function of an optical amplifier?,To detect optical signals,To boost the strength of optical signals,To convert optical signals into electrical signals,,B,EASY,,,,ANSWERED,Verified correction (score=1.00),1,10 Fibre Optics.docx,"{""raw"": ""47. What is the function of an optical amplifier?\n     a) To detect optical signals\n     b) To boost the strength of optical signals\n     c) To convert optical signals into electrical signals"", ""question"": ""47. What is the function of an optical amplifier?"", ""options"": [""To detect optical signals"", ""To boost the strength of optical signals"", ""To convert optical signals into electrical signals""], ""correct"": null, ""answer_text"": null, ""category"": null, ""source_file"": ""10 Fibre Optics.docx"", ""source_module"": ""M5"", ""fmt"": ""docx"", ""module"": ""M5"", ""syllabusRef"": ""M5.5.6(b)"", ""level"": null, ""difficulty"": ""EASY""}"
M5,M5.5.6(b),,48. What is the typical core diameter of multimode fibers used in LANs?,9 micrometers,50 or 62.5 micrometers,100 micrometers,,B,MEDIUM,,,,ANSWERED,Domain-verified (score=1.00),1,10 Fibre Optics.docx,"{""raw"": ""48. What is the typical core diameter of multimode fibers used in LANs?\n     a) 9 micrometers\n     b) 50 or 62.5 micrometers\n     c) 100 micrometers"", ""question"": ""48. What is the typical core diameter of multimode fibers used in LANs?"", ""options"": [""9 micrometers"", ""50 or 62.5 micrometers"", ""100 micrometers""], ""correct"": null, ""answer_text"": null, ""category"": null, ""source_file"": ""10 Fibre Optics.docx"", ""source_module"": ""M5"", ""fmt"": ""docx"", ""module"": ""M5"", ""syllabusRef"": ""M5.5.6(b)"", ""level"": null, ""difficulty"": ""MEDIUM""}"
M5,M5.05.08,,50. What is the advantage of using a laser diode over an LED in fiber optic communication?,Lower cost,Higher power and narrower spectral width,Easier to install,,B,MEDIUM,,,,ANSWERED,Verified correction (score=1.00),1,10 Fibre Optics.docx,"{""raw"": ""50. What is the advantage of using a laser diode over an LED in fiber optic communication?\n     a) Lower cost\n     b) Higher power and narrower spectral width\n     c) Easier to install"", ""question"": ""50. What is the advantage of using a laser diode over an LED in fiber optic communication?"", ""options"": [""Lower cost"", ""Higher power and narrower spectral width"", ""Easier to install""], ""correct"": null, ""answer_text"": null, ""category"": null, ""source_file"": ""10 Fibre Optics.docx"", ""source_module"": ""M5"", ""fmt"": ""docx"", ""module"": ""M5"", ""syllabusRef"": ""M5.05.08"", ""level"": null, ""difficulty"": ""MEDIUM""}"
M5,M5.5.6(b),,51. What is the main benefit of using tight buffered fibres in indoor environments?,Better protection against water ingress,Easier handling and termination,Lower cost,,B,MEDIUM,,,,ANSWERED,Verified correction (score=1.00),1,10 Fibre Optics.docx,"{""raw"": ""51. What is the main benefit of using tight buffered fibres in indoor environments?\n     a) Better protection against water ingress\n     b) Easier handling and termination\n     c) Lower cost"", ""question"": ""51. What is the main benefit of using tight buffered fibres in indoor environments?"", ""options"": [""Better protection against water ingress"", ""Easier handling and termination"", ""Lower cost""], ""correct"": null, ""answer_text"": null, ""category"": null, ""source_file"": ""10 Fibre Optics.docx"", ""source_module"": ""M5"", ""fmt"": ""docx"", ""module"": ""M5"", ""syllabusRef"": ""M5.5.6(b)"", ""level"": null, ""difficulty"": ""MEDIUM""}"
M5,M5.05.01,,1. What is the primary function of an Electronic Flight Instrument System (EFIS)?,To control the aircraft's engines,To provide the pilot with flight information,To manage the aircraft's fuel system,,A,MEDIUM,,,,ANSWERED,Verified correction (score=1.00),1,11 Electronic Displays (1).docx,"{""raw"": ""1. What is the primary function of an Electronic Flight Instrument System (EFIS)?\n   a. To control the aircraft's engines\n   b. To provide the pilot with flight information\n   c. To manage the aircraft's fuel system"", ""question"": ""1. What is the primary function of an Electronic Flight Instrument System (EFIS)?"", ""options"": [""To control the aircraft's engines"", ""To provide the pilot with flight information"", ""To manage the aircraft's fuel system""], ""correct"": null, ""answer_text"": null, ""category"": null, ""source_file"": ""11 Electronic Displays (1).docx"", ""source_module"": ""M5"", ""fmt"": ""docx"", ""module"": ""M5"", ""syllabusRef"": ""M5.05.01"", ""level"": null, ""difficulty"": ""MEDIUM""}"
M5,M5.05.08,,2. What type of display technology is commonly used in modern EFIS displays?,Cathode Ray Tube (CRT),Liquid Crystal Display (LCD),Plasma Display,,B,MEDIUM,,,,ANSWERED,Domain-verified (score=0.75),1,11 Electronic Displays (1).docx,"{""raw"": ""2. What type of display technology is commonly used in modern EFIS displays?\n   a. Cathode Ray Tube (CRT)\n   b. Liquid Crystal Display (LCD)\n   c. Plasma Display"", ""question"": ""2. What type of display technology is commonly used in modern EFIS displays?"", ""options"": [""Cathode Ray Tube (CRT)"", ""Liquid Crystal Display (LCD)"", ""Plasma Display""], ""correct"": null, ""answer_text"": null, ""category"": null, ""source_file"": ""11 Electronic Displays (1).docx"", ""source_module"": ""M5"", ""fmt"": ""docx"", ""module"": ""M5"", ""syllabusRef"": ""M5.05.08"", ""level"": null, ""difficulty"": ""MEDIUM""}"
M5,M5.5.6(b),,"3. Which component of the EFIS shows the aircraft's attitude, altitude, and speed?",Engine Display,Primary Flight Display (PFD),Navigation Display (ND),,B,MEDIUM,,,,ANSWERED,Domain-knowledge answer (score=1.00),1,11 Electronic Displays (1).docx,"{""raw"": ""3. Which component of the EFIS shows the aircraft's attitude, altitude, and speed?\n   a. Engine Display\n   b. Primary Flight Display (PFD)\n   c. Navigation Display (ND)"", ""question"": ""3. Which component of the EFIS shows the aircraft's attitude, altitude, and speed?"", ""options"": [""Engine Display"", ""Primary Flight Display (PFD)"", ""Navigation Display (ND)""], ""correct"": null, ""answer_text"": null, ""category"": null, ""source_file"": ""11 Electronic Displays (1).docx"", ""source_module"": ""M5"", ""fmt"": ""docx"", ""module"": ""M5"", ""syllabusRef"": ""M5.5.6(b)"", ""level"": null, ""difficulty"": ""MEDIUM""}"
M5,M5.05.04,,4. What does the Navigation Display (ND) primarily provide?,Route and navigation information,Engine performance data,Weather conditions,,A,MEDIUM,,,,ANSWERED,corpus page 301 (score=3),1,11 Electronic Displays (1).docx,"{""raw"": ""4. What does the Navigation Display (ND) primarily provide?\n   a. Route and navigation information\n   b. Engine performance data\n   c. Weather conditions"", ""question"": ""4. What does the Navigation Display (ND) primarily provide?"", ""options"": [""Route and navigation information"", ""Engine performance data"", ""Weather conditions""], ""correct"": null, ""answer_text"": null, ""category"": null, ""source_file"": ""11 Electronic Displays (1).docx"", ""source_module"": ""M5"", ""fmt"": ""docx"", ""module"": ""M5"", ""syllabusRef"": ""M5.05.04"", ""level"": null, ""difficulty"": ""MEDIUM""}"
M5,M5.5.6(b),,5. How does an LCD create images on the screen?,By heating a filament,By manipulating light through liquid crystals,By using plasma gases,,B,EASY,,,,ANSWERED,Domain-verified (score=1.00),1,11 Electronic Displays (1).docx,"{""raw"": ""5. How does an LCD create images on the screen?\n   a. By heating a filament\n   b. By manipulating light through liquid crystals\n   c. By using plasma gases"", ""question"": ""5. How does an LCD create images on the screen?"", ""options"": [""By heating a filament"", ""By manipulating light through liquid crystals"", ""By using plasma gases""], ""correct"": null, ""answer_text"": null, ""category"": null, ""source_file"": ""11 Electronic Displays (1).docx"", ""source_module"": ""M5"", ""fmt"": ""docx"", ""module"": ""M5"", ""syllabusRef"": ""M5.5.6(b)"", ""level"": null, ""difficulty"": ""EASY""}"
M5,M5.05.08,,6. What is the main advantage of using LCDs over CRTs in aircraft displays?,Lower power consumption and weight,Better color reproduction,Faster response time,,A,MEDIUM,,,,ANSWERED,Domain-verified (score=1.00),1,11 Electronic Displays (1).docx,"{""raw"": ""6. What is the main advantage of using LCDs over CRTs in aircraft displays?\n   a. Lower power consumption and weight\n   b. Better color reproduction\n   c. Faster response time"", ""question"": ""6. What is the main advantage of using LCDs over CRTs in aircraft displays?"", ""options"": [""Lower power consumption and weight"", ""Better color reproduction"", ""Faster response time""], ""correct"": null, ""answer_text"": null, ""category"": null, ""source_file"": ""11 Electronic Displays (1).docx"", ""source_module"": ""M5"", ""fmt"": ""docx"", ""module"": ""M5"", ""syllabusRef"": ""M5.05.08"", ""level"": null, ""difficulty"": ""MEDIUM""}"
M5,M5.05.08,,7. What is the typical resolution format for modern avionics displays?,High definition (HD),Standard definition (SD),Ultra-high definition (UHD),,A,MEDIUM,,,,ANSWERED,Domain-verified (score=1.00),1,11 Electronic Displays (1).docx,"{""raw"": ""7. What is the typical resolution format for modern avionics displays?\n   a. High definition (HD)\n   b. Standard definition (SD)\n   c. Ultra-high definition (UHD)"", ""question"": ""7. What is the typical resolution format for modern avionics displays?"", ""options"": [""High definition (HD)"", ""Standard definition (SD)"", ""Ultra-high definition (UHD)""], ""correct"": null, ""answer_text"": null, ""category"": null, ""source_file"": ""11 Electronic Displays (1).docx"", ""source_module"": ""M5"", ""fmt"": ""docx"", ""module"": ""M5"", ""syllabusRef"": ""M5.05.08"", ""level"": null, ""difficulty"": ""MEDIUM""}"
M5,M5.05.08,,8. Which system integrates and displays engine parameters and warnings to the pilot?,EFIS,Engine Indicating and Crew Alerting System (EICAS),Flight Management System (FMS),,B,MEDIUM,,,,ANSWERED,Verified correction (score=0.50),1,11 Electronic Displays (1).docx,"{""raw"": ""8. Which system integrates and displays engine parameters and warnings to the pilot?\n   a. EFIS\n   b. Engine Indicating and Crew Alerting System (EICAS)\n   c. Flight Management System (FMS)"", ""question"": ""8. Which system integrates and displays engine parameters and warnings to the pilot?"", ""options"": [""EFIS"", ""Engine Indicating and Crew Alerting System (EICAS)"", ""Flight Management System (FMS)""], ""correct"": null, ""answer_text"": null, ""category"": null, ""source_file"": ""11 Electronic Displays (1).docx"", ""source_module"": ""M5"", ""fmt"": ""docx"", ""module"": ""M5"", ""syllabusRef"": ""M5.05.08"", ""level"": null, ""difficulty"": ""MEDIUM""}"
M5,M5.05.04,,9. What type of data does a Multi-Function Display (MFD) provide?,"Navigation, weather, and system status",Only flight attitude,Only engine performance,,A,MEDIUM,,,,ANSWERED,corpus page 79 (score=4),1,11 Electronic Displays (1).docx,"{""raw"": ""9. What type of data does a Multi-Function Display (MFD) provide?\n   a. Navigation, weather, and system status\n   b. Only flight attitude\n   c. Only engine performance"", ""question"": ""9. What type of data does a Multi-Function Display (MFD) provide?"", ""options"": [""Navigation, weather, and system status"", ""Only flight attitude"", ""Only engine performance""], ""correct"": null, ""answer_text"": null, ""category"": null, ""source_file"": ""11 Electronic Displays (1).docx"", ""source_module"": ""M5"", ""fmt"": ""docx"", ""module"": ""M5"", ""syllabusRef"": ""M5.05.04"", ""level"": null, ""difficulty"": ""MEDIUM""}"
M5,M5.5.6(b),,10. What is the purpose of the Heads-Up Display (HUD)?,To provide cabin entertainment,To project critical flight information in the pilot’s line of sight,To display passenger announcements,,B,MEDIUM,,,,ANSWERED,Domain-knowledge answer (score=1.00),1,11 Electronic Displays (1).docx,"{""raw"": ""10. What is the purpose of the Heads-Up Display (HUD)?\n    a. To provide cabin entertainment\n    b. To project critical flight information in the pilot’s line of sight\n    c. To display passenger announcements"", ""question"": ""10. What is the purpose of the Heads-Up Display (HUD)?"", ""options"": [""To provide cabin entertainment"", ""To project critical flight information in the pilot’s line of sight"", ""To display passenger announcements""], ""correct"": null, ""answer_text"": null, ""category"": null, ""source_file"": ""11 Electronic Displays (1).docx"", ""source_module"": ""M5"", ""fmt"": ""docx"", ""module"": ""M5"", ""syllabusRef"": ""M5.5.6(b)"", ""level"": null, ""difficulty"": ""MEDIUM""}"
M5,M5.05.02,,11. How is redundancy typically achieved in aircraft display systems?,By using multiple displays with the same data,By having backup systems and multiple data sources,"By using a single, highly reliable display",,B,MEDIUM,,,,ANSWERED,Verified correction (score=0.50),1,11 Electronic Displays (1).docx,"{""raw"": ""11. How is redundancy typically achieved in aircraft display systems?\n    a. By using multiple displays with the same data\n    b. By having backup systems and multiple data sources\n    c. By using a single, highly reliable display"", ""question"": ""11. How is redundancy typically achieved in aircraft display systems?"", ""options"": [""By using multiple displays with the same data"", ""By having backup systems and multiple data sources"", ""By using a single, highly reliable display""], ""correct"": null, ""answer_text"": null, ""category"": null, ""source_file"": ""11 Electronic Displays (1).docx"", ""source_module"": ""M5"", ""fmt"": ""docx"", ""module"": ""M5"", ""syllabusRef"": ""M5.05.02"", ""level"": null, ""difficulty"": ""MEDIUM""}"
M5,M5.05.02,,12. What does the term 'synoptic display' refer to?,A display that shows weather radar,A display that provides a summary of aircraft systems,A display showing flight path,,B,MEDIUM,,,,ANSWERED,Domain-knowledge answer (score=1.00),1,11 Electronic Displays (1).docx,"{""raw"": ""12. What does the term 'synoptic display' refer to?\n    a. A display that shows weather radar\n    b. A display that provides a summary of aircraft systems\n    c. A display showing flight path"", ""question"": ""12. What does the term 'synoptic display' refer to?"", ""options"": [""A display that shows weather radar"", ""A display that provides a summary of aircraft systems"", ""A display showing flight path""], ""correct"": null, ""answer_text"": null, ""category"": null, ""source_file"": ""11 Electronic Displays (1).docx"", ""source_module"": ""M5"", ""fmt"": ""docx"", ""module"": ""M5"", ""syllabusRef"": ""M5.05.02"", ""level"": null, ""difficulty"": ""MEDIUM""}"
M5,M5.05.08,,13. What technology is often used in touch screen avionics displays?,Resistive touch technology,Capacitive touch technology,Infrared touch technology,,B,MEDIUM,,,,ANSWERED,Verified correction (score=0.50),1,11 Electronic Displays (1).docx,"{""raw"": ""13. What technology is often used in touch screen avionics displays?\n    a. Resistive touch technology\n    b. Capacitive touch technology\n    c. Infrared touch technology"", ""question"": ""13. What technology is often used in touch screen avionics displays?"", ""options"": [""Resistive touch technology"", ""Capacitive touch technology"", ""Infrared touch technology""], ""correct"": null, ""answer_text"": null, ""category"": null, ""source_file"": ""11 Electronic Displays (1).docx"", ""source_module"": ""M5"", ""fmt"": ""docx"", ""module"": ""M5"", ""syllabusRef"": ""M5.05.08"", ""level"": null, ""difficulty"": ""MEDIUM""}"
M5,M5.5.6(b),,14. Which of the following is NOT typically displayed on the Primary Flight Display (PFD)?,Altitude,Attitude,Fuel consumption,,C,MEDIUM,,,,ANSWERED,Domain-knowledge answer (score=1.00),1,11 Electronic Displays (1).docx,"{""raw"": ""14. Which of the following is NOT typically displayed on the Primary Flight Display (PFD)?\n    a. Altitude\n    b. Attitude\n    c. Fuel consumption"", ""question"": ""14. Which of the following is NOT typically displayed on the Primary Flight Display (PFD)?"", ""options"": [""Altitude"", ""Attitude"", ""Fuel consumption""], ""correct"": null, ""answer_text"": null, ""category"": null, ""source_file"": ""11 Electronic Displays (1).docx"", ""source_module"": ""M5"", ""fmt"": ""docx"", ""module"": ""M5"", ""syllabusRef"": ""M5.5.6(b)"", ""level"": null, ""difficulty"": ""MEDIUM""}"
M5,M5.5.6(b),,15. What is the primary benefit of using a Heads-Down Display (HDD)?,Enhanced situational awareness with detailed information,Easier to read in bright sunlight,Less power consumption,,A,MEDIUM,,,,ANSWERED,Domain-knowledge answer (score=1.00),1,11 Electronic Displays (1).docx,"{""raw"": ""15. What is the primary benefit of using a Heads-Down Display (HDD)?\n    a. Enhanced situational awareness with detailed information\n    b. Easier to read in bright sunlight\n    c. Less power consumption"", ""question"": ""15. What is the primary benefit of using a Heads-Down Display (HDD)?"", ""options"": [""Enhanced situational awareness with detailed information"", ""Easier to read in bright sunlight"", ""Less power consumption""], ""correct"": null, ""answer_text"": null, ""category"": null, ""source_file"": ""11 Electronic Displays (1).docx"", ""source_module"": ""M5"", ""fmt"": ""docx"", ""module"": ""M5"", ""syllabusRef"": ""M5.5.6(b)"", ""level"": null, ""difficulty"": ""MEDIUM""}"
M5,M5.05.01,,16. What does the acronym EICAS stand for?,Engine Indicating and Crew Alerting System,Electronic Indicating and Communication Alert System,Engine Information and Control Alert System,,B,EASY,,,,ANSWERED,Domain-verified (score=1.00),1,11 Electronic Displays (1).docx,"{""raw"": ""16. What does the acronym EICAS stand for?\n    a. Engine Indicating and Crew Alerting System\n    b. Electronic Indicating and Communication Alert System\n    c. Engine Information and Control Alert System"", ""question"": ""16. What does the acronym EICAS stand for?"", ""options"": [""Engine Indicating and Crew Alerting System"", ""Electronic Indicating and Communication Alert System"", ""Engine Information and Control Alert System""], ""correct"": null, ""answer_text"": null, ""category"": null, ""source_file"": ""11 Electronic Displays (1).docx"", ""source_module"": ""M5"", ""fmt"": ""docx"", ""module"": ""M5"", ""syllabusRef"": ""M5.05.01"", ""level"": null, ""difficulty"": ""EASY""}"
M5,M5.05.01,,17. What is the main function of the Electronic Centralized Aircraft Monitor (ECAM)?,To display flight plans,To monitor and display aircraft systems and alerts,To control the autopilot,,B,MEDIUM,,,,ANSWERED,Verified correction (score=0.67),1,11 Electronic Displays (1).docx,"{""raw"": ""17. What is the main function of the Electronic Centralized Aircraft Monitor (ECAM)?\n    a. To display flight plans\n    b. To monitor and display aircraft systems and alerts\n    c. To control the autopilot"", ""question"": ""17. What is the main function of the Electronic Centralized Aircraft Monitor (ECAM)?"", ""options"": [""To display flight plans"", ""To monitor and display aircraft systems and alerts"", ""To control the autopilot""], ""correct"": null, ""answer_text"": null, ""category"": null, ""source_file"": ""11 Electronic Displays (1).docx"", ""source_module"": ""M5"", ""fmt"": ""docx"", ""module"": ""M5"", ""syllabusRef"": ""M5.05.01"", ""level"": null, ""difficulty"": ""MEDIUM""}"
M5,M5.5.6(b),,18. Which display unit is crucial for providing real-time weather updates to the pilot?,PFD,MFD,HUD,,B,MEDIUM,,,,ANSWERED,Domain-knowledge answer (score=1.00),1,11 Electronic Displays (1).docx,"{""raw"": ""18. Which display unit is crucial for providing real-time weather updates to the pilot?\n    a. PFD\n    b. MFD\n    c. HUD"", ""question"": ""18. Which display unit is crucial for providing real-time weather updates to the pilot?"", ""options"": [""PFD"", ""MFD"", ""HUD""], ""correct"": null, ""answer_text"": null, ""category"": null, ""source_file"": ""11 Electronic Displays (1).docx"", ""source_module"": ""M5"", ""fmt"": ""docx"", ""module"": ""M5"", ""syllabusRef"": ""M5.5.6(b)"", ""level"": null, ""difficulty"": ""MEDIUM""}"
M5,M5.05.04,,19. What does a Flight Management System (FMS) display typically show?,Cabin pressure,Navigation data and flight plans,Engine temperature,,B,MEDIUM,,,,ANSWERED,corpus page 304 (score=5),1,11 Electronic Displays (1).docx,"{""raw"": ""19. What does a Flight Management System (FMS) display typically show?\n    a. Cabin pressure\n    b. Navigation data and flight plans\n    c. Engine temperature"", ""question"": ""19. What does a Flight Management System (FMS) display typically show?"", ""options"": [""Cabin pressure"", ""Navigation data and flight plans"", ""Engine temperature""], ""correct"": null, ""answer_text"": null, ""category"": null, ""source_file"": ""11 Electronic Displays (1).docx"", ""source_module"": ""M5"", ""fmt"": ""docx"", ""module"": ""M5"", ""syllabusRef"": ""M5.05.04"", ""level"": null, ""difficulty"": ""MEDIUM""}"
M5,M5.05.08,,20. How do modern avionics displays improve safety?,By providing integrated and easily accessible flight information,By reducing pilot workload,By enhancing aircraft aesthetics,,B,MEDIUM,,,,ANSWERED,Verified correction (score=0.50),1,11 Electronic Displays (1).docx,"{""raw"": ""20. How do modern avionics displays improve safety?\n    a. By providing integrated and easily accessible flight information\n    b. By reducing pilot workload\n    c. By enhancing aircraft aesthetics"", ""question"": ""20. How do modern avionics displays improve safety?"", ""options"": [""By providing integrated and easily accessible flight information"", ""By reducing pilot workload"", ""By enhancing aircraft aesthetics""], ""correct"": null, ""answer_text"": null, ""category"": null, ""source_file"": ""11 Electronic Displays (1).docx"", ""source_module"": ""M5"", ""fmt"": ""docx"", ""module"": ""M5"", ""syllabusRef"": ""M5.05.08"", ""level"": null, ""difficulty"": ""MEDIUM""}"
M5,M5.5.6(b),,21. What is the benefit of having a synthetic vision system (SVS) on a display?,Enhanced situational awareness in poor visibility,Improved fuel efficiency,Reduced display power consumption,,C,MEDIUM,,,,ANSWERED,corpus page 320 (score=3),1,11 Electronic Displays (1).docx,"{""raw"": ""21. What is the benefit of having a synthetic vision system (SVS) on a display?\n    a. Enhanced situational awareness in poor visibility\n    b. Improved fuel efficiency\n    c. Reduced display power consumption"", ""question"": ""21. What is the benefit of having a synthetic vision system (SVS) on a display?"", ""options"": [""Enhanced situational awareness in poor visibility"", ""Improved fuel efficiency"", ""Reduced display power consumption""], ""correct"": null, ""answer_text"": null, ""category"": null, ""source_file"": ""11 Electronic Displays (1).docx"", ""source_module"": ""M5"", ""fmt"": ""docx"", ""module"": ""M5"", ""syllabusRef"": ""M5.5.6(b)"", ""level"": null, ""difficulty"": ""MEDIUM""}"
M5,,,22. Which display component provides a graphical representation of terrain and obstacles?,PFD,MFD,EICAS,,B,MEDIUM,,,,ANSWERED,Domain-knowledge answer (score=1.00),1,11 Electronic Displays (1).docx,"{""raw"": ""22. Which display component provides a graphical representation of terrain and obstacles?\n    a. PFD\n    b. MFD\n    c. EICAS"", ""question"": ""22. Which display component provides a graphical representation of terrain and obstacles?"", ""options"": [""PFD"", ""MFD"", ""EICAS""], ""correct"": null, ""answer_text"": null, ""category"": null, ""source_file"": ""11 Electronic Displays (1).docx"", ""source_module"": ""M5"", ""fmt"": ""docx"", ""module"": ""M5"", ""difficulty"": ""MEDIUM""}"
M5,M5.05.04,,23. What kind of information does a Traffic Collision Avoidance System (TCAS) display provide?,Weather information,Information about nearby aircraft to avoid collisions,Engine performance data,,B,MEDIUM,,,,ANSWERED,corpus page 346 (score=7),1,11 Electronic Displays (1).docx,"{""raw"": ""23. What kind of information does a Traffic Collision Avoidance System (TCAS) display provide?\n    a. Weather information\n    b. Information about nearby aircraft to avoid collisions\n    c. Engine performance data"", ""question"": ""23. What kind of information does a Traffic Collision Avoidance System (TCAS) display provide?"", ""options"": [""Weather information"", ""Information about nearby aircraft to avoid collisions"", ""Engine performance data""], ""correct"": null, ""answer_text"": null, ""category"": null, ""source_file"": ""11 Electronic Displays (1).docx"", ""source_module"": ""M5"", ""fmt"": ""docx"", ""module"": ""M5"", ""syllabusRef"": ""M5.05.04"", ""level"": null, ""difficulty"": ""MEDIUM""}"
M5,M5.05.02,,24. What is the role of a display processor in avionics systems?,To control flight surfaces,To generate and manage display graphics,To manage fuel systems,,B,MEDIUM,,,,ANSWERED,Verified correction (score=0.50),1,11 Electronic Displays (1).docx,"{""raw"": ""24. What is the role of a display processor in avionics systems?\n    a. To control flight surfaces\n    b. To generate and manage display graphics\n    c. To manage fuel systems"", ""question"": ""24. What is the role of a display processor in avionics systems?"", ""options"": [""To control flight surfaces"", ""To generate and manage display graphics"", ""To manage fuel systems""], ""correct"": null, ""answer_text"": null, ""category"": null, ""source_file"": ""11 Electronic Displays (1).docx"", ""source_module"": ""M5"", ""fmt"": ""docx"", ""module"": ""M5"", ""syllabusRef"": ""M5.05.02"", ""level"": null, ""difficulty"": ""MEDIUM""}"
M5,M5.05.08,,25. Which of the following is a primary consideration when designing cockpit displays?,Aesthetics,Readability and clarity,Colorfulness,,B,MEDIUM,,,,ANSWERED,Domain-knowledge answer (score=1.00),1,11 Electronic Displays (1).docx,"{""raw"": ""25. Which of the following is a primary consideration when designing cockpit displays?\n    a. Aesthetics\n    b. Readability and clarity\n    c. Colorfulness"", ""question"": ""25. Which of the following is a primary consideration when designing cockpit displays?"", ""options"": [""Aesthetics"", ""Readability and clarity"", ""Colorfulness""], ""correct"": null, ""answer_text"": null, ""category"": null, ""source_file"": ""11 Electronic Displays (1).docx"", ""source_module"": ""M5"", ""fmt"": ""docx"", ""module"": ""M5"", ""syllabusRef"": ""M5.05.08"", ""level"": null, ""difficulty"": ""MEDIUM""}"
M5,M5.05.01,,26. What does the term 'glass cockpit' refer to?,A cockpit with a large number of windows,A cockpit equipped with electronic flight displays,A cockpit made entirely of glass,,B,EASY,,,,ANSWERED,Verified correction (score=1.00),1,11 Electronic Displays (1).docx,"{""raw"": ""26. What does the term 'glass cockpit' refer to?\n    a. A cockpit with a large number of windows\n    b. A cockpit equipped with electronic flight displays\n    c. A cockpit made entirely of glass"", ""question"": ""26. What does the term 'glass cockpit' refer to?"", ""options"": [""A cockpit with a large number of windows"", ""A cockpit equipped with electronic flight displays"", ""A cockpit made entirely of glass""], ""correct"": null, ""answer_text"": null, ""category"": null, ""source_file"": ""11 Electronic Displays (1).docx"", ""source_module"": ""M5"", ""fmt"": ""docx"", ""module"": ""M5"", ""syllabusRef"": ""M5.05.01"", ""level"": null, ""difficulty"": ""EASY""}"
M5,M5.05.04,,27. What is the main purpose of the Autopilot/Flight Director System (AFDS) display?,To show engine data,To provide flight guidance and control information,To display cabin temperature,,B,MEDIUM,,,,ANSWERED,Domain-verified (score=0.67),1,11 Electronic Displays (1).docx,"{""raw"": ""27. What is the main purpose of the Autopilot/Flight Director System (AFDS) display?\n    a. To show engine data\n    b. To provide flight guidance and control information\n    c. To display cabin temperature"", ""question"": ""27. What is the main purpose of the Autopilot/Flight Director System (AFDS) display?"", ""options"": [""To show engine data"", ""To provide flight guidance and control information"", ""To display cabin temperature""], ""correct"": null, ""answer_text"": null, ""category"": null, ""source_file"": ""11 Electronic Displays (1).docx"", ""source_module"": ""M5"", ""fmt"": ""docx"", ""module"": ""M5"", ""syllabusRef"": ""M5.05.04"", ""level"": null, ""difficulty"": ""MEDIUM""}"
M5,M5.05.08,,28. What is an important feature of Night Vision Goggles (NVG) compatible displays?,Ability to be read clearly in low light without overwhelming NVGs,High brightness levels,Enhanced color saturation,,A,MEDIUM,,,,ANSWERED,Domain-knowledge answer (score=1.00),1,11 Electronic Displays (1).docx,"{""raw"": ""28. What is an important feature of Night Vision Goggles (NVG) compatible displays?\n    a. Ability to be read clearly in low light without overwhelming NVGs\n    b. High brightness levels\n    c. Enhanced color saturation"", ""question"": ""28. What is an important feature of Night Vision Goggles (NVG) compatible displays?"", ""options"": [""Ability to be read clearly in low light without overwhelming NVGs"", ""High brightness levels"", ""Enhanced color saturation""], ""correct"": null, ""answer_text"": null, ""category"": null, ""source_file"": ""11 Electronic Displays (1).docx"", ""source_module"": ""M5"", ""fmt"": ""docx"", ""module"": ""M5"", ""syllabusRef"": ""M5.05.08"", ""level"": null, ""difficulty"": ""MEDIUM""}"
M5,M5.5.5(a),,29. Why is touchscreen technology becoming more common in modern cockpits?,For ease of use and quick access to information,It is cheaper to manufacture,It requires less training,,A,MEDIUM,,,,ANSWERED,Domain-verified (score=1.00),1,11 Electronic Displays (1).docx,"{""raw"": ""29. Why is touchscreen technology becoming more common in modern cockpits?\n    a. For ease of use and quick access to information\n    b. It is cheaper to manufacture\n    c. It requires less training"", ""question"": ""29. Why is touchscreen technology becoming more common in modern cockpits?"", ""options"": [""For ease of use and quick access to information"", ""It is cheaper to manufacture"", ""It requires less training""], ""correct"": null, ""answer_text"": null, ""category"": null, ""source_file"": ""11 Electronic Displays (1).docx"", ""source_module"": ""M5"", ""fmt"": ""docx"", ""module"": ""M5"", ""syllabusRef"": ""M5.5.5(a)"", ""level"": null, ""difficulty"": ""MEDIUM""}"
M5,M5.05.01,,30. What is the purpose of an Integrated Standby Instrument System (ISIS)?,To provide backup flight data in case of primary display failure,To manage communication systems,To control cabin lighting,,B,MEDIUM,,,,ANSWERED,Domain-verified (score=0.67),1,11 Electronic Displays (1).docx,"{""raw"": ""30. What is the purpose of an Integrated Standby Instrument System (ISIS)?\n    a. To provide backup flight data in case of primary display failure\n    b. To manage communication systems\n    c. To control cabin lighting"", ""question"": ""30. What is the purpose of an Integrated Standby Instrument System (ISIS)?"", ""options"": [""To provide backup flight data in case of primary display failure"", ""To manage communication systems"", ""To control cabin lighting""], ""correct"": null, ""answer_text"": null, ""category"": null, ""source_file"": ""11 Electronic Displays (1).docx"", ""source_module"": ""M5"", ""fmt"": ""docx"", ""module"": ""M5"", ""syllabusRef"": ""M5.05.01"", ""level"": null, ""difficulty"": ""MEDIUM""}"
M5,M5.05.08,,2. Which display technology is most commonly used in modern aircraft cockpit displays?,Cathode Ray Tube (CRT).,Liquid Crystal Display (LCD).,Plasma Display.,,B,MEDIUM,,,,ANSWERED,Domain-verified (score=0.75),1,11 Electronic Displays (2).docx,"{""raw"": ""2. Which display technology is most commonly used in modern aircraft cockpit displays?\n    a) Cathode Ray Tube (CRT).\n    b) Liquid Crystal Display (LCD).\n    c) Plasma Display."", ""question"": ""2. Which display technology is most commonly used in modern aircraft cockpit displays?"", ""options"": [""Cathode Ray Tube (CRT)."", ""Liquid Crystal Display (LCD)."", ""Plasma Display.""], ""correct"": null, ""answer_text"": null, ""category"": null, ""source_file"": ""11 Electronic Displays (2).docx"", ""source_module"": ""M5"", ""fmt"": ""docx"", ""module"": ""M5"", ""syllabusRef"": ""M5.05.08"", ""level"": null, ""difficulty"": ""MEDIUM""}"
M5,M5.05.04,,"3. What does the term ""Primary Flight Display"" (PFD) refer to?",A secondary backup display.,"The main display for critical flight data like altitude, airspeed, and attitude.",The display used for engine performance monitoring.,,A,MEDIUM,,,,ANSWERED,corpus page 79 (score=4),1,11 Electronic Displays (2).docx,"{""raw"": ""3. What does the term \""Primary Flight Display\"" (PFD) refer to?\n    a) A secondary backup display.\n    b) The main display for critical flight data like altitude, airspeed, and attitude.\n    c) The display used for engine performance monitoring."", ""question"": ""3. What does the term \""Primary Flight Display\"" (PFD) refer to?"", ""options"": [""A secondary backup display."", ""The main display for critical flight data like altitude, airspeed, and attitude."", ""The display used for engine performance monitoring.""], ""correct"": null, ""answer_text"": null, ""category"": null, ""source_file"": ""11 Electronic Displays (2).docx"", ""source_module"": ""M5"", ""fmt"": ""docx"", ""module"": ""M5"", ""syllabusRef"": ""M5.05.04"", ""level"": null, ""difficulty"": ""MEDIUM""}"
M5,M5.05.08,,5. What is the main advantage of using LED backlighting in LCD displays?,Increased power consumption.,Improved brightness and color accuracy.,Decreased lifespan of the display.,,A,MEDIUM,,,,ANSWERED,Domain-verified (score=0.67),1,11 Electronic Displays (2).docx,"{""raw"": ""5. What is the main advantage of using LED backlighting in LCD displays?\n    a) Increased power consumption.\n    b) Improved brightness and color accuracy.\n    c) Decreased lifespan of the display."", ""question"": ""5. What is the main advantage of using LED backlighting in LCD displays?"", ""options"": [""Increased power consumption."", ""Improved brightness and color accuracy."", ""Decreased lifespan of the display.""], ""correct"": null, ""answer_text"": null, ""category"": null, ""source_file"": ""11 Electronic Displays (2).docx"", ""source_module"": ""M5"", ""fmt"": ""docx"", ""module"": ""M5"", ""syllabusRef"": ""M5.05.08"", ""level"": null, ""difficulty"": ""MEDIUM""}"
M5,M5.05.08,,6. Which component of an EFIS displays navigational information such as the aircraft’s position and route?,Primary Flight Display (PFD).,Navigation Display (ND).,Engine Indication and Crew Alerting System (EICAS).,,A,MEDIUM,,,,ANSWERED,corpus page 27 (score=5),1,11 Electronic Displays (2).docx,"{""raw"": ""6. Which component of an EFIS displays navigational information such as the aircraft’s position and route?\n    a) Primary Flight Display (PFD).\n    b) Navigation Display (ND).\n    c) Engine Indication and Crew Alerting System (EICAS)."", ""question"": ""6. Which component of an EFIS displays navigational information such as the aircraft’s position and route?"", ""options"": [""Primary Flight Display (PFD)."", ""Navigation Display (ND)."", ""Engine Indication and Crew Alerting System (EICAS).""], ""correct"": null, ""answer_text"": null, ""category"": null, ""source_file"": ""11 Electronic Displays (2).docx"", ""source_module"": ""M5"", ""fmt"": ""docx"", ""module"": ""M5"", ""syllabusRef"": ""M5.05.08"", ""level"": null, ""difficulty"": ""MEDIUM""}"
M5,M5.05.08,,9. What technology is used in modern HUDs to project information onto the combiner glass?,CRT projection.,LED or Laser projection.,Plasma projection.,,B,MEDIUM,,,,ANSWERED,Verified correction (score=1.00),1,11 Electronic Displays (2).docx,"{""raw"": ""9. What technology is used in modern HUDs to project information onto the combiner glass?\n    a) CRT projection.\n    b) LED or Laser projection.\n    c) Plasma projection."", ""question"": ""9. What technology is used in modern HUDs to project information onto the combiner glass?"", ""options"": [""CRT projection."", ""LED or Laser projection."", ""Plasma projection.""], ""correct"": null, ""answer_text"": null, ""category"": null, ""source_file"": ""11 Electronic Displays (2).docx"", ""source_module"": ""M5"", ""fmt"": ""docx"", ""module"": ""M5"", ""syllabusRef"": ""M5.05.08"", ""level"": null, ""difficulty"": ""MEDIUM""}"
M5,M5.5.6(b),,"10. In an LCD, what role do the polarizing filters play?",They control the orientation of light passing through the liquid crystals.,They emit light to form images.,They convert electrical signals to light.,,A,MEDIUM,,,,ANSWERED,Domain-knowledge answer (score=1.00),1,11 Electronic Displays (2).docx,"{""raw"": ""10. In an LCD, what role do the polarizing filters play?\n    a) They control the orientation of light passing through the liquid crystals.\n    b) They emit light to form images.\n    c) They convert electrical signals to light."", ""question"": ""10. In an LCD, what role do the polarizing filters play?"", ""options"": [""They control the orientation of light passing through the liquid crystals."", ""They emit light to form images."", ""They convert electrical signals to light.""], ""correct"": null, ""answer_text"": null, ""category"": null, ""source_file"": ""11 Electronic Displays (2).docx"", ""source_module"": ""M5"", ""fmt"": ""docx"", ""module"": ""M5"", ""syllabusRef"": ""M5.5.6(b)"", ""level"": null, ""difficulty"": ""MEDIUM""}"
M5,M5.05.02,,11. What is the key benefit of using a touch screen in an aircraft's cockpit?,Increased complexity of controls.,Enhanced ease of use and interaction with avionics systems.,Reduced display clarity.,,B,MEDIUM,,,,ANSWERED,Domain-knowledge answer (score=0.83),1,11 Electronic Displays (2).docx,"{""raw"": ""11. What is the key benefit of using a touch screen in an aircraft's cockpit?\n    a) Increased complexity of controls.\n    b) Enhanced ease of use and interaction with avionics systems.\n    c) Reduced display clarity."", ""question"": ""11. What is the key benefit of using a touch screen in an aircraft's cockpit?"", ""options"": [""Increased complexity of controls."", ""Enhanced ease of use and interaction with avionics systems."", ""Reduced display clarity.""], ""correct"": null, ""answer_text"": null, ""category"": null, ""source_file"": ""11 Electronic Displays (2).docx"", ""source_module"": ""M5"", ""fmt"": ""docx"", ""module"": ""M5"", ""syllabusRef"": ""M5.05.02"", ""level"": null, ""difficulty"": ""MEDIUM""}"
M5,M5.05.01,,"12. What does ""resolution"" refer to in the context of electronic displays?",The size of the display.,The number of pixels that make up the display image.,The refresh rate of the display.,,A,MEDIUM,,,,ANSWERED,Verified correction (score=0.50),1,11 Electronic Displays (2).docx,"{""raw"": ""12. What does \""resolution\"" refer to in the context of electronic displays?\n    a) The size of the display.\n    b) The number of pixels that make up the display image.\n    c) The refresh rate of the display."", ""question"": ""12. What does \""resolution\"" refer to in the context of electronic displays?"", ""options"": [""The size of the display."", ""The number of pixels that make up the display image."", ""The refresh rate of the display.""], ""correct"": null, ""answer_text"": null, ""category"": null, ""source_file"": ""11 Electronic Displays (2).docx"", ""source_module"": ""M5"", ""fmt"": ""docx"", ""module"": ""M5"", ""syllabusRef"": ""M5.05.01"", ""level"": null, ""difficulty"": ""MEDIUM""}"
M5,,,13. What can cause image persistence in an LCD display?,Prolonged display of a static image.,Rapidly changing images.,Low brightness settings.,,A,MEDIUM,,,,ANSWERED,Domain-knowledge answer (score=1.00),1,11 Electronic Displays (2).docx,"{""raw"": ""13. What can cause image persistence in an LCD display?\n    a) Prolonged display of a static image.\n    b) Rapidly changing images.\n    c) Low brightness settings."", ""question"": ""13. What can cause image persistence in an LCD display?"", ""options"": [""Prolonged display of a static image."", ""Rapidly changing images."", ""Low brightness settings.""], ""correct"": null, ""answer_text"": null, ""category"": null, ""source_file"": ""11 Electronic Displays (2).docx"", ""source_module"": ""M5"", ""fmt"": ""docx"", ""module"": ""M5"", ""difficulty"": ""MEDIUM""}"
M5,M5.05.01,,14. How is the brightness of an electronic display usually adjusted in an aircraft?,Automatically by the aircraft’s lighting system.,Manually by the pilot using controls.,It cannot be adjusted.,,A,MEDIUM,,,,ANSWERED,corpus page 353 (score=3),1,11 Electronic Displays (2).docx,"{""raw"": ""14. How is the brightness of an electronic display usually adjusted in an aircraft?\n    a) Automatically by the aircraft’s lighting system.\n    b) Manually by the pilot using controls.\n    c) It cannot be adjusted."", ""question"": ""14. How is the brightness of an electronic display usually adjusted in an aircraft?"", ""options"": [""Automatically by the aircraft’s lighting system."", ""Manually by the pilot using controls."", ""It cannot be adjusted.""], ""correct"": null, ""answer_text"": null, ""category"": null, ""source_file"": ""11 Electronic Displays (2).docx"", ""source_module"": ""M5"", ""fmt"": ""docx"", ""module"": ""M5"", ""syllabusRef"": ""M5.05.01"", ""level"": null, ""difficulty"": ""MEDIUM""}"
M5,M5.5.6(b),,15. What is the typical consequence of a failed backlight in an LCD display?,Loss of image resolution.,The display becomes very dim or unreadable.,Flickering images.,,B,MEDIUM,,,,ANSWERED,Domain-knowledge answer (score=1.00),1,11 Electronic Displays (2).docx,"{""raw"": ""15. What is the typical consequence of a failed backlight in an LCD display?\n    a) Loss of image resolution.\n    b) The display becomes very dim or unreadable.\n    c) Flickering images."", ""question"": ""15. What is the typical consequence of a failed backlight in an LCD display?"", ""options"": [""Loss of image resolution."", ""The display becomes very dim or unreadable."", ""Flickering images.""], ""correct"": null, ""answer_text"": null, ""category"": null, ""source_file"": ""11 Electronic Displays (2).docx"", ""source_module"": ""M5"", ""fmt"": ""docx"", ""module"": ""M5"", ""syllabusRef"": ""M5.5.6(b)"", ""level"": null, ""difficulty"": ""MEDIUM""}"
M5,M5.05.01,,"16. What does the term ""refresh rate"" mean for electronic displays?",The time it takes to boot up the display.,The brightness of the display.,The number of times the display updates per second.,,C,MEDIUM,,,,ANSWERED,Domain-knowledge answer (score=1.00),1,11 Electronic Displays (2).docx,"{""raw"": ""16. What does the term \""refresh rate\"" mean for electronic displays?\n    a) The time it takes to boot up the display.\n    b) The brightness of the display.\n    c) The number of times the display updates per second."", ""question"": ""16. What does the term \""refresh rate\"" mean for electronic displays?"", ""options"": [""The time it takes to boot up the display."", ""The brightness of the display."", ""The number of times the display updates per second.""], ""correct"": null, ""answer_text"": null, ""category"": null, ""source_file"": ""11 Electronic Displays (2).docx"", ""source_module"": ""M5"", ""fmt"": ""docx"", ""module"": ""M5"", ""syllabusRef"": ""M5.05.01"", ""level"": null, ""difficulty"": ""MEDIUM""}"
M5,,,17. Which type of display is known for having better visibility in direct sunlight?,CRT.,Transflective LCD.,Plasma.,,B,MEDIUM,,,,ANSWERED,Domain-knowledge answer (score=1.00),1,11 Electronic Displays (2).docx,"{""raw"": ""17. Which type of display is known for having better visibility in direct sunlight?\n    a) CRT.\n    b) Transflective LCD.\n    c) Plasma."", ""question"": ""17. Which type of display is known for having better visibility in direct sunlight?"", ""options"": [""CRT."", ""Transflective LCD."", ""Plasma.""], ""correct"": null, ""answer_text"": null, ""category"": null, ""source_file"": ""11 Electronic Displays (2).docx"", ""source_module"": ""M5"", ""fmt"": ""docx"", ""module"": ""M5"", ""difficulty"": ""MEDIUM""}"
M5,M5.05.08,,18. Why are anti-glare coatings used on cockpit displays?,To increase display brightness.,To enhance color saturation.,To reduce reflections and improve readability.,,C,MEDIUM,,,,ANSWERED,Domain-knowledge answer (score=1.00),1,11 Electronic Displays (2).docx,"{""raw"": ""18. Why are anti-glare coatings used on cockpit displays?\n    a) To increase display brightness.\n    b) To enhance color saturation.\n    c) To reduce reflections and improve readability."", ""question"": ""18. Why are anti-glare coatings used on cockpit displays?"", ""options"": [""To increase display brightness."", ""To enhance color saturation."", ""To reduce reflections and improve readability.""], ""correct"": null, ""answer_text"": null, ""category"": null, ""source_file"": ""11 Electronic Displays (2).docx"", ""source_module"": ""M5"", ""fmt"": ""docx"", ""module"": ""M5"", ""syllabusRef"": ""M5.05.08"", ""level"": null, ""difficulty"": ""MEDIUM""}"
M5,M5.05.04,,19. How does a HUD improve situational awareness for pilots?,By showing engine parameters.,By projecting critical flight data in the pilot’s direct line of sight.,By displaying weather information.,,B,MEDIUM,,,,ANSWERED,Domain-knowledge answer (score=1.00),1,11 Electronic Displays (2).docx,"{""raw"": ""19. How does a HUD improve situational awareness for pilots?\n    a) By showing engine parameters.\n    b) By projecting critical flight data in the pilot’s direct line of sight.\n    c) By displaying weather information."", ""question"": ""19. How does a HUD improve situational awareness for pilots?"", ""options"": [""By showing engine parameters."", ""By projecting critical flight data in the pilot’s direct line of sight."", ""By displaying weather information.""], ""correct"": null, ""answer_text"": null, ""category"": null, ""source_file"": ""11 Electronic Displays (2).docx"", ""source_module"": ""M5"", ""fmt"": ""docx"", ""module"": ""M5"", ""syllabusRef"": ""M5.05.04"", ""level"": null, ""difficulty"": ""MEDIUM""}"
M5,M5.05.08,,20. What is a common issue with CRT displays in aircraft?,High power consumption and heat generation.,Lack of color display.,Slow response time.,,A,MEDIUM,,,,ANSWERED,Domain-knowledge answer (score=1.00),1,11 Electronic Displays (2).docx,"{""raw"": ""20. What is a common issue with CRT displays in aircraft?\n    a) High power consumption and heat generation.\n    b) Lack of color display.\n    c) Slow response time."", ""question"": ""20. What is a common issue with CRT displays in aircraft?"", ""options"": [""High power consumption and heat generation."", ""Lack of color display."", ""Slow response time.""], ""correct"": null, ""answer_text"": null, ""category"": null, ""source_file"": ""11 Electronic Displays (2).docx"", ""source_module"": ""M5"", ""fmt"": ""docx"", ""module"": ""M5"", ""syllabusRef"": ""M5.05.08"", ""level"": null, ""difficulty"": ""MEDIUM""}"
M5,M5.05.08,,21. What is a benefit of using OLED displays over LCDs in aviation?,Lower brightness.,Higher contrast and faster response times.,Higher power consumption.,,A,MEDIUM,,,,ANSWERED,Domain-verified (score=0.50),1,11 Electronic Displays (2).docx,"{""raw"": ""21. What is a benefit of using OLED displays over LCDs in aviation?\n    a) Lower brightness.\n    b) Higher contrast and faster response times.\n    c) Higher power consumption."", ""question"": ""21. What is a benefit of using OLED displays over LCDs in aviation?"", ""options"": [""Lower brightness."", ""Higher contrast and faster response times."", ""Higher power consumption.""], ""correct"": null, ""answer_text"": null, ""category"": null, ""source_file"": ""11 Electronic Displays (2).docx"", ""source_module"": ""M5"", ""fmt"": ""docx"", ""module"": ""M5"", ""syllabusRef"": ""M5.05.08"", ""level"": null, ""difficulty"": ""MEDIUM""}"
M5,M5.05.04,,22. What is the main purpose of the Engine Indication and Crew Alerting System (EICAS)?,To navigate the aircraft.,To monitor and display engine and system parameters.,To provide primary flight data.,,B,MEDIUM,,,,ANSWERED,Domain-verified (score=0.67),1,11 Electronic Displays (2).docx,"{""raw"": ""22. What is the main purpose of the Engine Indication and Crew Alerting System (EICAS)?\n    a) To navigate the aircraft.\n    b) To monitor and display engine and system parameters.\n    c) To provide primary flight data."", ""question"": ""22. What is the main purpose of the Engine Indication and Crew Alerting System (EICAS)?"", ""options"": [""To navigate the aircraft."", ""To monitor and display engine and system parameters."", ""To provide primary flight data.""], ""correct"": null, ""answer_text"": null, ""category"": null, ""source_file"": ""11 Electronic Displays (2).docx"", ""source_module"": ""M5"", ""fmt"": ""docx"", ""module"": ""M5"", ""syllabusRef"": ""M5.05.04"", ""level"": null, ""difficulty"": ""MEDIUM""}"
M5,M5.05.01,,"23. What does ""pixel pitch"" refer to in an electronic display?",The distance between adjacent pixels.,The angle at which the display is mounted.,The depth of the display panel.,,B,MEDIUM,,,,ANSWERED,corpus page 229 (score=3),1,11 Electronic Displays (2).docx,"{""raw"": ""23. What does \""pixel pitch\"" refer to in an electronic display?\n    a) The distance between adjacent pixels.\n    b) The angle at which the display is mounted.\n    c) The depth of the display panel."", ""question"": ""23. What does \""pixel pitch\"" refer to in an electronic display?"", ""options"": [""The distance between adjacent pixels."", ""The angle at which the display is mounted."", ""The depth of the display panel.""], ""correct"": null, ""answer_text"": null, ""category"": null, ""source_file"": ""11 Electronic Displays (2).docx"", ""source_module"": ""M5"", ""fmt"": ""docx"", ""module"": ""M5"", ""syllabusRef"": ""M5.05.01"", ""level"": null, ""difficulty"": ""MEDIUM""}"
M5,,,24. How does an Active Matrix LCD (AMLCD) improve display performance?,By using fewer pixels.,By reducing power consumption.,By providing faster refresh rates and better image quality.,,B,MEDIUM,,,,ANSWERED,corpus page 304 (score=3),1,11 Electronic Displays (2).docx,"{""raw"": ""24. How does an Active Matrix LCD (AMLCD) improve display performance?\n    a) By using fewer pixels.\n    b) By reducing power consumption.\n    c) By providing faster refresh rates and better image quality."", ""question"": ""24. How does an Active Matrix LCD (AMLCD) improve display performance?"", ""options"": [""By using fewer pixels."", ""By reducing power consumption."", ""By providing faster refresh rates and better image quality.""], ""correct"": null, ""answer_text"": null, ""category"": null, ""source_file"": ""11 Electronic Displays (2).docx"", ""source_module"": ""M5"", ""fmt"": ""docx"", ""module"": ""M5"", ""difficulty"": ""MEDIUM""}"
M5,M5.5.6(b),,25. What is the purpose of bezel buttons around a cockpit display?,To control the aircraft’s autopilot.,To allow interaction with the display functions.,To adjust the display’s resolution.,,B,MEDIUM,,,,ANSWERED,Domain-knowledge answer (score=1.00),1,11 Electronic Displays (2).docx,"{""raw"": ""25. What is the purpose of bezel buttons around a cockpit display?\n    a) To control the aircraft’s autopilot.\n    b) To allow interaction with the display functions.\n    c) To adjust the display’s resolution."", ""question"": ""25. What is the purpose of bezel buttons around a cockpit display?"", ""options"": [""To control the aircraft’s autopilot."", ""To allow interaction with the display functions."", ""To adjust the display’s resolution.""], ""correct"": null, ""answer_text"": null, ""category"": null, ""source_file"": ""11 Electronic Displays (2).docx"", ""source_module"": ""M5"", ""fmt"": ""docx"", ""module"": ""M5"", ""syllabusRef"": ""M5.5.6(b)"", ""level"": null, ""difficulty"": ""MEDIUM""}"
M5,M5.05.04,,26. What is a common method for testing the integrity of cockpit displays?,Built-in test equipment (BITE).,Manual visual inspection.,Flight data analysis.,,C,MEDIUM,,,,ANSWERED,corpus page 19 (score=3),1,11 Electronic Displays (2).docx,"{""raw"": ""26. What is a common method for testing the integrity of cockpit displays?\n    a) Built-in test equipment (BITE).\n    b) Manual visual inspection.\n    c) Flight data analysis."", ""question"": ""26. What is a common method for testing the integrity of cockpit displays?"", ""options"": [""Built-in test equipment (BITE)."", ""Manual visual inspection."", ""Flight data analysis.""], ""correct"": null, ""answer_text"": null, ""category"": null, ""source_file"": ""11 Electronic Displays (2).docx"", ""source_module"": ""M5"", ""fmt"": ""docx"", ""module"": ""M5"", ""syllabusRef"": ""M5.05.04"", ""level"": null, ""difficulty"": ""MEDIUM""}"
M5,M5.05.01,,"27. What does ""color depth"" mean in the context of electronic displays?",The physical thickness of the display.,The number of colors a display can show.,The display’s resolution.,,B,MEDIUM,,,,ANSWERED,Domain-knowledge answer (score=1.00),1,11 Electronic Displays (2).docx,"{""raw"": ""27. What does \""color depth\"" mean in the context of electronic displays?\n    a) The physical thickness of the display.\n    b) The number of colors a display can show.\n    c) The display’s resolution."", ""question"": ""27. What does \""color depth\"" mean in the context of electronic displays?"", ""options"": [""The physical thickness of the display."", ""The number of colors a display can show."", ""The display’s resolution.""], ""correct"": null, ""answer_text"": null, ""category"": null, ""source_file"": ""11 Electronic Displays (2).docx"", ""source_module"": ""M5"", ""fmt"": ""docx"", ""module"": ""M5"", ""syllabusRef"": ""M5.05.01"", ""level"": null, ""difficulty"": ""MEDIUM""}"
M5,M5.5.6(b),,28. What type of display uses an electric current to change the color of each pixel?,CRT.,LCD.,Plasma.,,C,MEDIUM,,,,ANSWERED,Domain-knowledge answer (score=1.00),1,11 Electronic Displays (2).docx,"{""raw"": ""28. What type of display uses an electric current to change the color of each pixel?\n    a) CRT.\n    b) LCD.\n    c) Plasma."", ""question"": ""28. What type of display uses an electric current to change the color of each pixel?"", ""options"": [""CRT."", ""LCD."", ""Plasma.""], ""correct"": null, ""answer_text"": null, ""category"": null, ""source_file"": ""11 Electronic Displays (2).docx"", ""source_module"": ""M5"", ""fmt"": ""docx"", ""module"": ""M5"", ""syllabusRef"": ""M5.5.6(b)"", ""level"": null, ""difficulty"": ""MEDIUM""}"
M5,M5.05.01,,29. Why is redundancy important in electronic display systems in aviation?,To reduce weight.,To simplify system design.,To ensure critical information is always available even if one display fails.,,C,MEDIUM,,,,ANSWERED,corpus page 132 (score=4),1,11 Electronic Displays (2).docx,"{""raw"": ""29. Why is redundancy important in electronic display systems in aviation?\n    a) To reduce weight.\n    b) To simplify system design.\n    c) To ensure critical information is always available even if one display fails."", ""question"": ""29. Why is redundancy important in electronic display systems in aviation?"", ""options"": [""To reduce weight."", ""To simplify system design."", ""To ensure critical information is always available even if one display fails.""], ""correct"": null, ""answer_text"": null, ""category"": null, ""source_file"": ""11 Electronic Displays (2).docx"", ""source_module"": ""M5"", ""fmt"": ""docx"", ""module"": ""M5"", ""syllabusRef"": ""M5.05.01"", ""level"": null, ""difficulty"": ""MEDIUM""}"
M5,M5.05.04,,30. What feature helps pilots quickly interpret data on an EFIS?,Complex graphical interfaces.,Consistent and standardized display formats.,Multiple unrelated data sources.,,B,MEDIUM,,,,ANSWERED,Domain-knowledge answer (score=1.00),1,11 Electronic Displays (2).docx,"{""raw"": ""30. What feature helps pilots quickly interpret data on an EFIS?\n    a) Complex graphical interfaces.\n    b) Consistent and standardized display formats.\n    c) Multiple unrelated data sources."", ""question"": ""30. What feature helps pilots quickly interpret data on an EFIS?"", ""options"": [""Complex graphical interfaces."", ""Consistent and standardized display formats."", ""Multiple unrelated data sources.""], ""correct"": null, ""answer_text"": null, ""category"": null, ""source_file"": ""11 Electronic Displays (2).docx"", ""source_module"": ""M5"", ""fmt"": ""docx"", ""module"": ""M5"", ""syllabusRef"": ""M5.05.04"", ""level"": null, ""difficulty"": ""MEDIUM""}"
M5,M5.05.01,,1. What does ESD stand for in the context of electronics?,Electromagnetic Static Discharge,Electrostatic Discharge,Electronic Static Dissipation,,B,MEDIUM,,,,ANSWERED,Domain-verified (score=1.00),1,12 Electrostatic Sensitive Devices (1).docx,"{""raw"": ""1. What does ESD stand for in the context of electronics?\n   a. Electromagnetic Static Discharge\n   b. Electrostatic Discharge\n   c. Electronic Static Dissipation"", ""question"": ""1. What does ESD stand for in the context of electronics?"", ""options"": [""Electromagnetic Static Discharge"", ""Electrostatic Discharge"", ""Electronic Static Dissipation""], ""correct"": null, ""answer_text"": null, ""category"": null, ""source_file"": ""12 Electrostatic Sensitive Devices (1).docx"", ""source_module"": ""M5"", ""fmt"": ""docx"", ""module"": ""M5"", ""syllabusRef"": ""M5.05.01"", ""level"": null, ""difficulty"": ""MEDIUM""}"
M5,M5.5.6(b),,2. What is the primary cause of damage to Electrostatic Sensitive Devices (ESDs)?,High temperature,Static electricity,Humidity,,A,MEDIUM,,,,ANSWERED,Verified correction (score=0.75),1,12 Electrostatic Sensitive Devices (1).docx,"{""raw"": ""2. What is the primary cause of damage to Electrostatic Sensitive Devices (ESDs)?\n   a. High temperature\n   b. Static electricity\n   c. Humidity"", ""question"": ""2. What is the primary cause of damage to Electrostatic Sensitive Devices (ESDs)?"", ""options"": [""High temperature"", ""Static electricity"", ""Humidity""], ""correct"": null, ""answer_text"": null, ""category"": null, ""source_file"": ""12 Electrostatic Sensitive Devices (1).docx"", ""source_module"": ""M5"", ""fmt"": ""docx"", ""module"": ""M5"", ""syllabusRef"": ""M5.5.6(b)"", ""level"": null, ""difficulty"": ""MEDIUM""}"
M5,,,3. Which material is commonly used to create an ESD-safe work surface?,Conductive mat,Wood,Plastic,,A,MEDIUM,,,,ANSWERED,Domain-verified (score=0.50),1,12 Electrostatic Sensitive Devices (1).docx,"{""raw"": ""3. Which material is commonly used to create an ESD-safe work surface?\n   a. Conductive mat\n   b. Wood\n   c. Plastic"", ""question"": ""3. Which material is commonly used to create an ESD-safe work surface?"", ""options"": [""Conductive mat"", ""Wood"", ""Plastic""], ""correct"": null, ""answer_text"": null, ""category"": null, ""source_file"": ""12 Electrostatic Sensitive Devices (1).docx"", ""source_module"": ""M5"", ""fmt"": ""docx"", ""module"": ""M5"", ""difficulty"": ""MEDIUM""}"
M5,M5.5.6(b),,4. What is the main purpose of using ESD wrist straps?,To protect the technician from electric shock,To ground the technician and prevent static buildup,To identify ESD-sensitive components,,B,MEDIUM,,,,ANSWERED,Domain-knowledge answer (score=1.00),1,12 Electrostatic Sensitive Devices (1).docx,"{""raw"": ""4. What is the main purpose of using ESD wrist straps?\n   a. To protect the technician from electric shock\n   b. To ground the technician and prevent static buildup\n   c. To identify ESD-sensitive components"", ""question"": ""4. What is the main purpose of using ESD wrist straps?"", ""options"": [""To protect the technician from electric shock"", ""To ground the technician and prevent static buildup"", ""To identify ESD-sensitive components""], ""correct"": null, ""answer_text"": null, ""category"": null, ""source_file"": ""12 Electrostatic Sensitive Devices (1).docx"", ""source_module"": ""M5"", ""fmt"": ""docx"", ""module"": ""M5"", ""syllabusRef"": ""M5.5.6(b)"", ""level"": null, ""difficulty"": ""MEDIUM""}"
M5,,,"5. When handling ESD-sensitive devices, what should be worn to prevent static discharge?",ESD wrist strap,Latex gloves,Safety glasses,,B,MEDIUM,,,,ANSWERED,Domain-knowledge answer (score=1.00),1,12 Electrostatic Sensitive Devices (1).docx,"{""raw"": ""5. When handling ESD-sensitive devices, what should be worn to prevent static discharge?\n   a. ESD wrist strap\n   b. Latex gloves\n   c. Safety glasses"", ""question"": ""5. When handling ESD-sensitive devices, what should be worn to prevent static discharge?"", ""options"": [""ESD wrist strap"", ""Latex gloves"", ""Safety glasses""], ""correct"": null, ""answer_text"": null, ""category"": null, ""source_file"": ""12 Electrostatic Sensitive Devices (1).docx"", ""source_module"": ""M5"", ""fmt"": ""docx"", ""module"": ""M5"", ""difficulty"": ""MEDIUM""}"
M5,,,6. How should ESD-sensitive components be stored to prevent damage?,In a wooden box,In an anti-static bag,In a plastic container,,B,MEDIUM,,,,ANSWERED,Domain-knowledge answer (score=1.00),1,12 Electrostatic Sensitive Devices (1).docx,"{""raw"": ""6. How should ESD-sensitive components be stored to prevent damage?\n   a. In a wooden box\n   b. In an anti-static bag\n   c. In a plastic container"", ""question"": ""6. How should ESD-sensitive components be stored to prevent damage?"", ""options"": [""In a wooden box"", ""In an anti-static bag"", ""In a plastic container""], ""correct"": null, ""answer_text"": null, ""category"": null, ""source_file"": ""12 Electrostatic Sensitive Devices (1).docx"", ""source_module"": ""M5"", ""fmt"": ""docx"", ""module"": ""M5"", ""difficulty"": ""MEDIUM""}"
M5,,,7. What type of flooring is recommended for an ESD-safe area?,Carpet,Conductive flooring,Tile,,B,MEDIUM,,,,ANSWERED,Domain-knowledge answer (score=1.00),1,12 Electrostatic Sensitive Devices (1).docx,"{""raw"": ""7. What type of flooring is recommended for an ESD-safe area?\n   a. Carpet\n   b. Conductive flooring\n   c. Tile"", ""question"": ""7. What type of flooring is recommended for an ESD-safe area?"", ""options"": [""Carpet"", ""Conductive flooring"", ""Tile""], ""correct"": null, ""answer_text"": null, ""category"": null, ""source_file"": ""12 Electrostatic Sensitive Devices (1).docx"", ""source_module"": ""M5"", ""fmt"": ""docx"", ""module"": ""M5"", ""difficulty"": ""MEDIUM""}"
M5,M5.5.9,2,8. What is the recommended relative humidity level to minimize static electricity?,Below 20%,30-50%,Above 50%,,B,MEDIUM,,,,ANSWERED,Domain-knowledge answer (score=1.00),1,12 Electrostatic Sensitive Devices (1).docx,"{""raw"": ""8. What is the recommended relative humidity level to minimize static electricity?\n   a. Below 20%\n   b. 30-50%\n   c. Above 50%"", ""question"": ""8. What is the recommended relative humidity level to minimize static electricity?"", ""options"": [""Below 20%"", ""30-50%"", ""Above 50%""], ""correct"": null, ""answer_text"": null, ""category"": null, ""source_file"": ""12 Electrostatic Sensitive Devices (1).docx"", ""source_module"": ""M5"", ""fmt"": ""docx"", ""module"": ""M5"", ""syllabusRef"": ""M5.5.9"", ""level"": 2, ""difficulty"": ""MEDIUM""}"
M5,M5.5.6(b),,9. Which tool is specifically designed to test the functionality of ESD wrist straps?,Multimeter,Wrist strap tester,Oscilloscope,,B,MEDIUM,,,,ANSWERED,Domain-verified (score=0.67),1,12 Electrostatic Sensitive Devices (1).docx,"{""raw"": ""9. Which tool is specifically designed to test the functionality of ESD wrist straps?\n   a. Multimeter\n   b. Wrist strap tester\n   c. Oscilloscope"", ""question"": ""9. Which tool is specifically designed to test the functionality of ESD wrist straps?"", ""options"": [""Multimeter"", ""Wrist strap tester"", ""Oscilloscope""], ""correct"": null, ""answer_text"": null, ""category"": null, ""source_file"": ""12 Electrostatic Sensitive Devices (1).docx"", ""source_module"": ""M5"", ""fmt"": ""docx"", ""module"": ""M5"", ""syllabusRef"": ""M5.5.6(b)"", ""level"": null, ""difficulty"": ""MEDIUM""}"
M5,,,10. What type of packaging should be used for shipping ESD-sensitive components?,Anti-static packaging,Bubble wrap,Cardboard boxes,,A,MEDIUM,,,,ANSWERED,corpus page 236 (score=4),1,12 Electrostatic Sensitive Devices (1).docx,"{""raw"": ""10. What type of packaging should be used for shipping ESD-sensitive components?\n    a. Anti-static packaging\n    b. Bubble wrap\n    c. Cardboard boxes"", ""question"": ""10. What type of packaging should be used for shipping ESD-sensitive components?"", ""options"": [""Anti-static packaging"", ""Bubble wrap"", ""Cardboard boxes""], ""correct"": null, ""answer_text"": null, ""category"": null, ""source_file"": ""12 Electrostatic Sensitive Devices (1).docx"", ""source_module"": ""M5"", ""fmt"": ""docx"", ""module"": ""M5"", ""difficulty"": ""MEDIUM""}"
M5,M5.5.5(a),,11. Which of the following is a common indicator that a component is ESD-sensitive?,ESD warning symbol,Green sticker,Blue tape,,A,MEDIUM,,,,ANSWERED,Domain-knowledge answer (score=1.00),1,12 Electrostatic Sensitive Devices (1).docx,"{""raw"": ""11. Which of the following is a common indicator that a component is ESD-sensitive?\n    a. ESD warning symbol\n    b. Green sticker\n    c. Blue tape"", ""question"": ""11. Which of the following is a common indicator that a component is ESD-sensitive?"", ""options"": [""ESD warning symbol"", ""Green sticker"", ""Blue tape""], ""correct"": null, ""answer_text"": null, ""category"": null, ""source_file"": ""12 Electrostatic Sensitive Devices (1).docx"", ""source_module"": ""M5"", ""fmt"": ""docx"", ""module"": ""M5"", ""syllabusRef"": ""M5.5.5(a)"", ""level"": null, ""difficulty"": ""MEDIUM""}"
M5,,,12. How should you discharge static electricity before handling ESD-sensitive devices?,Touching a grounded metal object,Wearing rubber gloves,Standing on a plastic mat,,A,MEDIUM,,,,ANSWERED,Domain-knowledge answer (score=1.00),1,12 Electrostatic Sensitive Devices (1).docx,"{""raw"": ""12. How should you discharge static electricity before handling ESD-sensitive devices?\n    a. Touching a grounded metal object\n    b. Wearing rubber gloves\n    c. Standing on a plastic mat"", ""question"": ""12. How should you discharge static electricity before handling ESD-sensitive devices?"", ""options"": [""Touching a grounded metal object"", ""Wearing rubber gloves"", ""Standing on a plastic mat""], ""correct"": null, ""answer_text"": null, ""category"": null, ""source_file"": ""12 Electrostatic Sensitive Devices (1).docx"", ""source_module"": ""M5"", ""fmt"": ""docx"", ""module"": ""M5"", ""difficulty"": ""MEDIUM""}"
M5,M5.5.6(b),,13. What is the maximum allowable resistance for an ESD wrist strap to be considered functional?,10 ohms,1 megohm,1000 ohms,,B,MEDIUM,,,,ANSWERED,Verified correction (score=0.50),1,12 Electrostatic Sensitive Devices (1).docx,"{""raw"": ""13. What is the maximum allowable resistance for an ESD wrist strap to be considered functional?\n    a. 10 ohms\n    b. 1 megohm\n    c. 1000 ohms"", ""question"": ""13. What is the maximum allowable resistance for an ESD wrist strap to be considered functional?"", ""options"": [""10 ohms"", ""1 megohm"", ""1000 ohms""], ""correct"": null, ""answer_text"": null, ""category"": null, ""source_file"": ""12 Electrostatic Sensitive Devices (1).docx"", ""source_module"": ""M5"", ""fmt"": ""docx"", ""module"": ""M5"", ""syllabusRef"": ""M5.5.6(b)"", ""level"": null, ""difficulty"": ""MEDIUM""}"
M5,M5.5.6(b),,14. Which environmental factor can increase the risk of ESD damage?,Low humidity,High temperature,High humidity,,A,MEDIUM,,,,ANSWERED,Domain-knowledge answer (score=1.00),1,12 Electrostatic Sensitive Devices (1).docx,"{""raw"": ""14. Which environmental factor can increase the risk of ESD damage?\n    a. Low humidity\n    b. High temperature\n    c. High humidity"", ""question"": ""14. Which environmental factor can increase the risk of ESD damage?"", ""options"": [""Low humidity"", ""High temperature"", ""High humidity""], ""correct"": null, ""answer_text"": null, ""category"": null, ""source_file"": ""12 Electrostatic Sensitive Devices (1).docx"", ""source_module"": ""M5"", ""fmt"": ""docx"", ""module"": ""M5"", ""syllabusRef"": ""M5.5.6(b)"", ""level"": null, ""difficulty"": ""MEDIUM""}"
M5,,,15. Which item should not be present in an ESD-safe work area?,Regular plastic bags,ESD-safe containers,Grounded mats,,A,MEDIUM,,,,ANSWERED,Domain-knowledge answer (score=1.00),1,12 Electrostatic Sensitive Devices (1).docx,"{""raw"": ""15. Which item should not be present in an ESD-safe work area?\n    a. Regular plastic bags\n    b. ESD-safe containers\n    c. Grounded mats"", ""question"": ""15. Which item should not be present in an ESD-safe work area?"", ""options"": [""Regular plastic bags"", ""ESD-safe containers"", ""Grounded mats""], ""correct"": null, ""answer_text"": null, ""category"": null, ""source_file"": ""12 Electrostatic Sensitive Devices (1).docx"", ""source_module"": ""M5"", ""fmt"": ""docx"", ""module"": ""M5"", ""difficulty"": ""MEDIUM""}"
M5,M5.5.6(b),,16. What is the purpose of an ESD grounding mat?,To insulate the workbench,To prevent tools from slipping,To dissipate static charges safely,,C,EASY,,,,ANSWERED,Domain-knowledge answer (score=1.00),1,12 Electrostatic Sensitive Devices (1).docx,"{""raw"": ""16. What is the purpose of an ESD grounding mat?\n    a. To insulate the workbench\n    b. To prevent tools from slipping\n    c. To dissipate static charges safely"", ""question"": ""16. What is the purpose of an ESD grounding mat?"", ""options"": [""To insulate the workbench"", ""To prevent tools from slipping"", ""To dissipate static charges safely""], ""correct"": null, ""answer_text"": null, ""category"": null, ""source_file"": ""12 Electrostatic Sensitive Devices (1).docx"", ""source_module"": ""M5"", ""fmt"": ""docx"", ""module"": ""M5"", ""syllabusRef"": ""M5.5.6(b)"", ""level"": null, ""difficulty"": ""EASY""}"
M5,,,17. Why should you avoid using regular adhesive tape with ESD-sensitive devices?,It is not strong enough,It can generate static electricity,It is too expensive,,B,MEDIUM,,,,ANSWERED,corpus page 236 (score=4),1,12 Electrostatic Sensitive Devices (1).docx,"{""raw"": ""17. Why should you avoid using regular adhesive tape with ESD-sensitive devices?\n    a. It is not strong enough\n    b. It can generate static electricity\n    c. It is too expensive"", ""question"": ""17. Why should you avoid using regular adhesive tape with ESD-sensitive devices?"", ""options"": [""It is not strong enough"", ""It can generate static electricity"", ""It is too expensive""], ""correct"": null, ""answer_text"": null, ""category"": null, ""source_file"": ""12 Electrostatic Sensitive Devices (1).docx"", ""source_module"": ""M5"", ""fmt"": ""docx"", ""module"": ""M5"", ""difficulty"": ""MEDIUM""}"
M5,,,18. Which material should ESD-sensitive devices not come into contact with?,Styrofoam,Aluminum foil,Paper,,A,MEDIUM,,,,ANSWERED,Domain-knowledge answer (score=1.00),1,12 Electrostatic Sensitive Devices (1).docx,"{""raw"": ""18. Which material should ESD-sensitive devices not come into contact with?\n    a. Styrofoam\n    b. Aluminum foil\n    c. Paper"", ""question"": ""18. Which material should ESD-sensitive devices not come into contact with?"", ""options"": [""Styrofoam"", ""Aluminum foil"", ""Paper""], ""correct"": null, ""answer_text"": null, ""category"": null, ""source_file"": ""12 Electrostatic Sensitive Devices (1).docx"", ""source_module"": ""M5"", ""fmt"": ""docx"", ""module"": ""M5"", ""difficulty"": ""MEDIUM""}"
M5,M5.5.6(b),,19. What is the recommended method for cleaning ESD-safe surfaces?,Using a vacuum cleaner,Using an ESD-safe cleaner,Using water,,B,MEDIUM,,,,ANSWERED,Domain-knowledge answer (score=1.00),1,12 Electrostatic Sensitive Devices (1).docx,"{""raw"": ""19. What is the recommended method for cleaning ESD-safe surfaces?\n    a. Using a vacuum cleaner\n    b. Using an ESD-safe cleaner\n    c. Using water"", ""question"": ""19. What is the recommended method for cleaning ESD-safe surfaces?"", ""options"": [""Using a vacuum cleaner"", ""Using an ESD-safe cleaner"", ""Using water""], ""correct"": null, ""answer_text"": null, ""category"": null, ""source_file"": ""12 Electrostatic Sensitive Devices (1).docx"", ""source_module"": ""M5"", ""fmt"": ""docx"", ""module"": ""M5"", ""syllabusRef"": ""M5.5.6(b)"", ""level"": null, ""difficulty"": ""MEDIUM""}"
M5,M5.5.6(b),,20. Which of the following is a correct practice when handling ESD-sensitive devices?,Handling components by the pins,Handling components by the edges,Handling components with bare hands,,C,MEDIUM,,,,ANSWERED,corpus page 237 (score=4),1,12 Electrostatic Sensitive Devices (1).docx,"{""raw"": ""20. Which of the following is a correct practice when handling ESD-sensitive devices?\n    a. Handling components by the pins\n    b. Handling components by the edges\n    c. Handling components with bare hands"", ""question"": ""20. Which of the following is a correct practice when handling ESD-sensitive devices?"", ""options"": [""Handling components by the pins"", ""Handling components by the edges"", ""Handling components with bare hands""], ""correct"": null, ""answer_text"": null, ""category"": null, ""source_file"": ""12 Electrostatic Sensitive Devices (1).docx"", ""source_module"": ""M5"", ""fmt"": ""docx"", ""module"": ""M5"", ""syllabusRef"": ""M5.5.6(b)"", ""level"": null, ""difficulty"": ""MEDIUM""}"
M5,,,21. What should be done if an ESD wrist strap fails its test?,Continue using it,Replace or repair it,Use it without grounding,,B,MEDIUM,,,,ANSWERED,Domain-knowledge answer (score=1.00),1,12 Electrostatic Sensitive Devices (1).docx,"{""raw"": ""21. What should be done if an ESD wrist strap fails its test?\n    a. Continue using it\n    b. Replace or repair it\n    c. Use it without grounding"", ""question"": ""21. What should be done if an ESD wrist strap fails its test?"", ""options"": [""Continue using it"", ""Replace or repair it"", ""Use it without grounding""], ""correct"": null, ""answer_text"": null, ""category"": null, ""source_file"": ""12 Electrostatic Sensitive Devices (1).docx"", ""source_module"": ""M5"", ""fmt"": ""docx"", ""module"": ""M5"", ""difficulty"": ""MEDIUM""}"
M5,M5.5.6(b),,22. Which of the following is a sign of potential ESD damage in a component?,Intermittent operation,Physical cracks,Discoloration,,A,MEDIUM,,,,ANSWERED,Domain-knowledge answer (score=1.00),1,12 Electrostatic Sensitive Devices (1).docx,"{""raw"": ""22. Which of the following is a sign of potential ESD damage in a component?\n    a. Intermittent operation\n    b. Physical cracks\n    c. Discoloration"", ""question"": ""22. Which of the following is a sign of potential ESD damage in a component?"", ""options"": [""Intermittent operation"", ""Physical cracks"", ""Discoloration""], ""correct"": null, ""answer_text"": null, ""category"": null, ""source_file"": ""12 Electrostatic Sensitive Devices (1).docx"", ""source_module"": ""M5"", ""fmt"": ""docx"", ""module"": ""M5"", ""syllabusRef"": ""M5.5.6(b)"", ""level"": null, ""difficulty"": ""MEDIUM""}"
M5,,,23. What type of clothing is recommended in an ESD-safe area?,Wool sweaters,Cotton or ESD-safe clothing,Nylon jackets,,B,MEDIUM,,,,ANSWERED,Domain-knowledge answer (score=1.00),1,12 Electrostatic Sensitive Devices (1).docx,"{""raw"": ""23. What type of clothing is recommended in an ESD-safe area?\n    a. Wool sweaters\n    b. Cotton or ESD-safe clothing\n    c. Nylon jackets"", ""question"": ""23. What type of clothing is recommended in an ESD-safe area?"", ""options"": [""Wool sweaters"", ""Cotton or ESD-safe clothing"", ""Nylon jackets""], ""correct"": null, ""answer_text"": null, ""category"": null, ""source_file"": ""12 Electrostatic Sensitive Devices (1).docx"", ""source_module"": ""M5"", ""fmt"": ""docx"", ""module"": ""M5"", ""difficulty"": ""MEDIUM""}"
M5,M5.5.6(b),,24. What should be done with ESD-sensitive devices immediately after removing them from anti-static packaging?,Place them on any surface,Handle them on a grounded surface,Leave them on the packaging,,C,MEDIUM,,,,ANSWERED,corpus page 236 (score=7),1,12 Electrostatic Sensitive Devices (1).docx,"{""raw"": ""24. What should be done with ESD-sensitive devices immediately after removing them from anti-static packaging?\n    a. Place them on any surface\n    b. Handle them on a grounded surface\n    c. Leave them on the packaging"", ""question"": ""24. What should be done with ESD-sensitive devices immediately after removing them from anti-static packaging?"", ""options"": [""Place them on any surface"", ""Handle them on a grounded surface"", ""Leave them on the packaging""], ""correct"": null, ""answer_text"": null, ""category"": null, ""source_file"": ""12 Electrostatic Sensitive Devices (1).docx"", ""source_module"": ""M5"", ""fmt"": ""docx"", ""module"": ""M5"", ""syllabusRef"": ""M5.5.6(b)"", ""level"": null, ""difficulty"": ""MEDIUM""}"
M5,M5.5.6(b),,25. Which is a correct action to minimize ESD risk while working with components?,Using ionizers to neutralize static charges,Increasing the temperature,Wearing synthetic clothing,,A,MEDIUM,,,,ANSWERED,Domain-knowledge answer (score=1.00),1,12 Electrostatic Sensitive Devices (1).docx,"{""raw"": ""25. Which is a correct action to minimize ESD risk while working with components?\n    a. Using ionizers to neutralize static charges\n    b. Increasing the temperature\n    c. Wearing synthetic clothing"", ""question"": ""25. Which is a correct action to minimize ESD risk while working with components?"", ""options"": [""Using ionizers to neutralize static charges"", ""Increasing the temperature"", ""Wearing synthetic clothing""], ""correct"": null, ""answer_text"": null, ""category"": null, ""source_file"": ""12 Electrostatic Sensitive Devices (1).docx"", ""source_module"": ""M5"", ""fmt"": ""docx"", ""module"": ""M5"", ""syllabusRef"": ""M5.5.6(b)"", ""level"": null, ""difficulty"": ""MEDIUM""}"
M5,,,26. Why is it important to keep ESD-sensitive components away from high-voltage equipment?,To prevent accidental static discharge,To improve performance,To reduce noise interference,,A,MEDIUM,,,,ANSWERED,corpus page 257 (score=3),1,12 Electrostatic Sensitive Devices (1).docx,"{""raw"": ""26. Why is it important to keep ESD-sensitive components away from high-voltage equipment?\n    a. To prevent accidental static discharge\n    b. To improve performance\n    c. To reduce noise interference"", ""question"": ""26. Why is it important to keep ESD-sensitive components away from high-voltage equipment?"", ""options"": [""To prevent accidental static discharge"", ""To improve performance"", ""To reduce noise interference""], ""correct"": null, ""answer_text"": null, ""category"": null, ""source_file"": ""12 Electrostatic Sensitive Devices (1).docx"", ""source_module"": ""M5"", ""fmt"": ""docx"", ""module"": ""M5"", ""difficulty"": ""MEDIUM""}"
M5,M5.5.6(b),,27. What is the primary function of ESD-safe footwear?,To protect feet from heavy objects,To dissipate static charges,To provide comfort,,A,MEDIUM,,,,ANSWERED,Domain-verified (score=0.67),1,12 Electrostatic Sensitive Devices (1).docx,"{""raw"": ""27. What is the primary function of ESD-safe footwear?\n    a. To protect feet from heavy objects\n    b. To dissipate static charges\n    c. To provide comfort"", ""question"": ""27. What is the primary function of ESD-safe footwear?"", ""options"": [""To protect feet from heavy objects"", ""To dissipate static charges"", ""To provide comfort""], ""correct"": null, ""answer_text"": null, ""category"": null, ""source_file"": ""12 Electrostatic Sensitive Devices (1).docx"", ""source_module"": ""M5"", ""fmt"": ""docx"", ""module"": ""M5"", ""syllabusRef"": ""M5.5.6(b)"", ""level"": null, ""difficulty"": ""MEDIUM""}"
M5,,,28. Why should anti-static bags be used for ESD-sensitive devices?,They are cost-effective,They prevent static buildup,They are waterproof,,B,MEDIUM,,,,ANSWERED,Domain-knowledge answer (score=1.00),1,12 Electrostatic Sensitive Devices (1).docx,"{""raw"": ""28. Why should anti-static bags be used for ESD-sensitive devices?\n    a. They are cost-effective\n    b. They prevent static buildup\n    c. They are waterproof"", ""question"": ""28. Why should anti-static bags be used for ESD-sensitive devices?"", ""options"": [""They are cost-effective"", ""They prevent static buildup"", ""They are waterproof""], ""correct"": null, ""answer_text"": null, ""category"": null, ""source_file"": ""12 Electrostatic Sensitive Devices (1).docx"", ""source_module"": ""M5"", ""fmt"": ""docx"", ""module"": ""M5"", ""difficulty"": ""MEDIUM""}"
M5,,,29. Which method is commonly used to ground an ESD workstation?,Connecting to a metal chair,Connecting to a ground point,Using rubber mats,,B,MEDIUM,,,,ANSWERED,Domain-knowledge answer (score=1.00),1,12 Electrostatic Sensitive Devices (1).docx,"{""raw"": ""29. Which method is commonly used to ground an ESD workstation?\n    a. Connecting to a metal chair\n    b. Connecting to a ground point\n    c. Using rubber mats"", ""question"": ""29. Which method is commonly used to ground an ESD workstation?"", ""options"": [""Connecting to a metal chair"", ""Connecting to a ground point"", ""Using rubber mats""], ""correct"": null, ""answer_text"": null, ""category"": null, ""source_file"": ""12 Electrostatic Sensitive Devices (1).docx"", ""source_module"": ""M5"", ""fmt"": ""docx"", ""module"": ""M5"", ""difficulty"": ""MEDIUM""}"
M5,,,30. Which type of brush should be used for cleaning ESD-sensitive devices?,Anti-static brush,Metal brush,Plastic brush,,A,MEDIUM,,,,ANSWERED,corpus page 239 (score=4),1,12 Electrostatic Sensitive Devices (1).docx,"{""raw"": ""30. Which type of brush should be used for cleaning ESD-sensitive devices?\n    a. Anti-static brush\n    b. Metal brush\n    c. Plastic brush"", ""question"": ""30. Which type of brush should be used for cleaning ESD-sensitive devices?"", ""options"": [""Anti-static brush"", ""Metal brush"", ""Plastic brush""], ""correct"": null, ""answer_text"": null, ""category"": null, ""source_file"": ""12 Electrostatic Sensitive Devices (1).docx"", ""source_module"": ""M5"", ""fmt"": ""docx"", ""module"": ""M5"", ""difficulty"": ""MEDIUM""}"
M5,M5.5.6(b),,1. What is the primary cause of electrostatic discharge (ESD)?,Magnetic fields.,Static electricity.,Electromagnetic interference.,,B,MEDIUM,,,,ANSWERED,Domain-verified (score=0.50),1,12 Electrostatic Sensitive Devices (2).docx,"{""raw"": ""1. What is the primary cause of electrostatic discharge (ESD)?\n    a) Magnetic fields.\n    b) Static electricity.\n    c) Electromagnetic interference."", ""question"": ""1. What is the primary cause of electrostatic discharge (ESD)?"", ""options"": [""Magnetic fields."", ""Static electricity."", ""Electromagnetic interference.""], ""correct"": null, ""answer_text"": null, ""category"": null, ""source_file"": ""12 Electrostatic Sensitive Devices (2).docx"", ""source_module"": ""M5"", ""fmt"": ""docx"", ""module"": ""M5"", ""syllabusRef"": ""M5.5.6(b)"", ""level"": null, ""difficulty"": ""MEDIUM""}"
M5,M5.5.8,2,2. Which of the following is most susceptible to ESD damage?,Mechanical components.,Integrated circuits.,Power cables.,,B,MEDIUM,,,,ANSWERED,Domain-knowledge answer (score=0.60),1,12 Electrostatic Sensitive Devices (2).docx,"{""raw"": ""2. Which of the following is most susceptible to ESD damage?\n    a) Mechanical components.\n    b) Integrated circuits.\n    c) Power cables."", ""question"": ""2. Which of the following is most susceptible to ESD damage?"", ""options"": [""Mechanical components."", ""Integrated circuits."", ""Power cables.""], ""correct"": null, ""answer_text"": null, ""category"": null, ""source_file"": ""12 Electrostatic Sensitive Devices (2).docx"", ""source_module"": ""M5"", ""fmt"": ""docx"", ""module"": ""M5"", ""syllabusRef"": ""M5.5.8"", ""level"": 2, ""difficulty"": ""MEDIUM""}"
M5,M5.05.01,,3. What is a common method to prevent ESD in electronic components?,Using metal tools.,Wearing a grounded wrist strap.,Increasing humidity levels.,,B,MEDIUM,,,,ANSWERED,Domain-verified (score=0.67),1,12 Electrostatic Sensitive Devices (2).docx,"{""raw"": ""3. What is a common method to prevent ESD in electronic components?\n    a) Using metal tools.\n    b) Wearing a grounded wrist strap.\n    c) Increasing humidity levels."", ""question"": ""3. What is a common method to prevent ESD in electronic components?"", ""options"": [""Using metal tools."", ""Wearing a grounded wrist strap."", ""Increasing humidity levels.""], ""correct"": null, ""answer_text"": null, ""category"": null, ""source_file"": ""12 Electrostatic Sensitive Devices (2).docx"", ""source_module"": ""M5"", ""fmt"": ""docx"", ""module"": ""M5"", ""syllabusRef"": ""M5.05.01"", ""level"": null, ""difficulty"": ""MEDIUM""}"
M5,,,4. Which material is typically used for ESD-safe packaging?,Ordinary plastic.,Antistatic bags.,Cardboard.,,B,MEDIUM,,,,ANSWERED,corpus page 236 (score=4),1,12 Electrostatic Sensitive Devices (2).docx,"{""raw"": ""4. Which material is typically used for ESD-safe packaging?\n    a) Ordinary plastic.\n    b) Antistatic bags.\n    c) Cardboard."", ""question"": ""4. Which material is typically used for ESD-safe packaging?"", ""options"": [""Ordinary plastic."", ""Antistatic bags."", ""Cardboard.""], ""correct"": null, ""answer_text"": null, ""category"": null, ""source_file"": ""12 Electrostatic Sensitive Devices (2).docx"", ""source_module"": ""M5"", ""fmt"": ""docx"", ""module"": ""M5"", ""difficulty"": ""MEDIUM""}"
M5,M5.5.6(b),,7. Which of the following tools is safe to use with ESD-sensitive devices?,Metal tweezers.,ESD-safe tools.,Plastic tweezers.,,B,MEDIUM,,,,ANSWERED,Domain-knowledge answer (score=1.00),1,12 Electrostatic Sensitive Devices (2).docx,"{""raw"": ""7. Which of the following tools is safe to use with ESD-sensitive devices?\n    a) Metal tweezers.\n    b) ESD-safe tools.\n    c) Plastic tweezers."", ""question"": ""7. Which of the following tools is safe to use with ESD-sensitive devices?"", ""options"": [""Metal tweezers."", ""ESD-safe tools."", ""Plastic tweezers.""], ""correct"": null, ""answer_text"": null, ""category"": null, ""source_file"": ""12 Electrostatic Sensitive Devices (2).docx"", ""source_module"": ""M5"", ""fmt"": ""docx"", ""module"": ""M5"", ""syllabusRef"": ""M5.5.6(b)"", ""level"": null, ""difficulty"": ""MEDIUM""}"
M5,M5.05.01,,8. What is a common sign of ESD damage in electronic components?,Physical deformation.,Intermittent operation.,Increased power consumption.,,B,MEDIUM,,,,ANSWERED,Domain-knowledge answer (score=1.00),1,12 Electrostatic Sensitive Devices (2).docx,"{""raw"": ""8. What is a common sign of ESD damage in electronic components?\n    a) Physical deformation.\n    b) Intermittent operation.\n    c) Increased power consumption."", ""question"": ""8. What is a common sign of ESD damage in electronic components?"", ""options"": [""Physical deformation."", ""Intermittent operation."", ""Increased power consumption.""], ""correct"": null, ""answer_text"": null, ""category"": null, ""source_file"": ""12 Electrostatic Sensitive Devices (2).docx"", ""source_module"": ""M5"", ""fmt"": ""docx"", ""module"": ""M5"", ""syllabusRef"": ""M5.05.01"", ""level"": null, ""difficulty"": ""MEDIUM""}"
M5,,,9. Why is humidity control important in an ESD-safe environment?,Low humidity increases static buildup.,High humidity prevents ESD.,Humidity has no effect on ESD.,,A,MEDIUM,,,,ANSWERED,Domain-knowledge answer (score=1.00),1,12 Electrostatic Sensitive Devices (2).docx,"{""raw"": ""9. Why is humidity control important in an ESD-safe environment?\n    a) Low humidity increases static buildup.\n    b) High humidity prevents ESD.\n    c) Humidity has no effect on ESD."", ""question"": ""9. Why is humidity control important in an ESD-safe environment?"", ""options"": [""Low humidity increases static buildup."", ""High humidity prevents ESD."", ""Humidity has no effect on ESD.""], ""correct"": null, ""answer_text"": null, ""category"": null, ""source_file"": ""12 Electrostatic Sensitive Devices (2).docx"", ""source_module"": ""M5"", ""fmt"": ""docx"", ""module"": ""M5"", ""difficulty"": ""MEDIUM""}"
M5,M5.5.6(b),,10. What is the function of an ionizer in an ESD control program?,To neutralize static charges in the air.,To increase static electricity.,To create a magnetic field.,,A,MEDIUM,,,,ANSWERED,Domain-verified (score=1.00),1,12 Electrostatic Sensitive Devices (2).docx,"{""raw"": ""10. What is the function of an ionizer in an ESD control program?\n    a) To neutralize static charges in the air.\n    b) To increase static electricity.\n    c) To create a magnetic field."", ""question"": ""10. What is the function of an ionizer in an ESD control program?"", ""options"": [""To neutralize static charges in the air."", ""To increase static electricity."", ""To create a magnetic field.""], ""correct"": null, ""answer_text"": null, ""category"": null, ""source_file"": ""12 Electrostatic Sensitive Devices (2).docx"", ""source_module"": ""M5"", ""fmt"": ""docx"", ""module"": ""M5"", ""syllabusRef"": ""M5.5.6(b)"", ""level"": null, ""difficulty"": ""MEDIUM""}"
M5,,,11. What should be done before handling ESD-sensitive components?,Touch a grounded metal object.,Wear rubber gloves.,Increase static buildup.,,A,MEDIUM,,,,ANSWERED,corpus page 239 (score=3),1,12 Electrostatic Sensitive Devices (2).docx,"{""raw"": ""11. What should be done before handling ESD-sensitive components?\n    a) Touch a grounded metal object.\n    b) Wear rubber gloves.\n    c) Increase static buildup."", ""question"": ""11. What should be done before handling ESD-sensitive components?"", ""options"": [""Touch a grounded metal object."", ""Wear rubber gloves."", ""Increase static buildup.""], ""correct"": null, ""answer_text"": null, ""category"": null, ""source_file"": ""12 Electrostatic Sensitive Devices (2).docx"", ""source_module"": ""M5"", ""fmt"": ""docx"", ""module"": ""M5"", ""difficulty"": ""MEDIUM""}"
M5,,,12. Which component is least likely to be affected by ESD?,Resistors.,Transistors.,Microprocessors.,,A,MEDIUM,,,,ANSWERED,Domain-knowledge answer (score=1.00),1,12 Electrostatic Sensitive Devices (2).docx,"{""raw"": ""12. Which component is least likely to be affected by ESD?\n    a) Resistors.\n    b) Transistors.\n    c) Microprocessors."", ""question"": ""12. Which component is least likely to be affected by ESD?"", ""options"": [""Resistors."", ""Transistors."", ""Microprocessors.""], ""correct"": null, ""answer_text"": null, ""category"": null, ""source_file"": ""12 Electrostatic Sensitive Devices (2).docx"", ""source_module"": ""M5"", ""fmt"": ""docx"", ""module"": ""M5"", ""difficulty"": ""MEDIUM""}"
M5,M5.5.5(a),,13. What is a common source of static electricity in the workplace?,Synthetic clothing.,Wooden furniture.,Metal surfaces.,,A,MEDIUM,,,,ANSWERED,Domain-knowledge answer (score=1.00),1,12 Electrostatic Sensitive Devices (2).docx,"{""raw"": ""13. What is a common source of static electricity in the workplace?\n    a) Synthetic clothing.\n    b) Wooden furniture.\n    c) Metal surfaces."", ""question"": ""13. What is a common source of static electricity in the workplace?"", ""options"": [""Synthetic clothing."", ""Wooden furniture."", ""Metal surfaces.""], ""correct"": null, ""answer_text"": null, ""category"": null, ""source_file"": ""12 Electrostatic Sensitive Devices (2).docx"", ""source_module"": ""M5"", ""fmt"": ""docx"", ""module"": ""M5"", ""syllabusRef"": ""M5.5.5(a)"", ""level"": null, ""difficulty"": ""MEDIUM""}"
M5,M5.5.6(b),,14. Which of the following is NOT a recommended ESD control measure?,Wearing woolen clothing.,Using antistatic wrist straps.,Employing ionizers.,,A,MEDIUM,,,,ANSWERED,Domain-verified (score=0.50),1,12 Electrostatic Sensitive Devices (2).docx,"{""raw"": ""14. Which of the following is NOT a recommended ESD control measure?\n    a) Wearing woolen clothing.\n    b) Using antistatic wrist straps.\n    c) Employing ionizers."", ""question"": ""14. Which of the following is NOT a recommended ESD control measure?"", ""options"": [""Wearing woolen clothing."", ""Using antistatic wrist straps."", ""Employing ionizers.""], ""correct"": null, ""answer_text"": null, ""category"": null, ""source_file"": ""12 Electrostatic Sensitive Devices (2).docx"", ""source_module"": ""M5"", ""fmt"": ""docx"", ""module"": ""M5"", ""syllabusRef"": ""M5.5.6(b)"", ""level"": null, ""difficulty"": ""MEDIUM""}"
M5,M5.5.6(b),,15. How does an ESD-safe wrist strap work?,It insulates the user.,It grounds the user to prevent charge buildup.,It increases static charge.,,B,EASY,,,,ANSWERED,Domain-knowledge answer (score=1.00),1,12 Electrostatic Sensitive Devices (2).docx,"{""raw"": ""15. How does an ESD-safe wrist strap work?\n    a) It insulates the user.\n    b) It grounds the user to prevent charge buildup.\n    c) It increases static charge."", ""question"": ""15. How does an ESD-safe wrist strap work?"", ""options"": [""It insulates the user."", ""It grounds the user to prevent charge buildup."", ""It increases static charge.""], ""correct"": null, ""answer_text"": null, ""category"": null, ""source_file"": ""12 Electrostatic Sensitive Devices (2).docx"", ""source_module"": ""M5"", ""fmt"": ""docx"", ""module"": ""M5"", ""syllabusRef"": ""M5.5.6(b)"", ""level"": null, ""difficulty"": ""EASY""}"
M5,,,16. What does ESD stand for?,Electric Static Damage.,Electrostatic Discharge.,Electromagnetic Static Discharge.,,B,EASY,,,,ANSWERED,Domain-verified (score=0.75),1,12 Electrostatic Sensitive Devices (2).docx,"{""raw"": ""16. What does ESD stand for?\n    a) Electric Static Damage.\n    b) Electrostatic Discharge.\n    c) Electromagnetic Static Discharge."", ""question"": ""16. What does ESD stand for?"", ""options"": [""Electric Static Damage."", ""Electrostatic Discharge."", ""Electromagnetic Static Discharge.""], ""correct"": null, ""answer_text"": null, ""category"": null, ""source_file"": ""12 Electrostatic Sensitive Devices (2).docx"", ""source_module"": ""M5"", ""fmt"": ""docx"", ""module"": ""M5"", ""difficulty"": ""EASY""}"
M5,,,17. Which type of material is best for an ESD protective jacket?,Conductive fabric.,Cotton.,Nylon.,,B,MEDIUM,,,,ANSWERED,Verified correction (score=0.50),1,12 Electrostatic Sensitive Devices (2).docx,"{""raw"": ""17. Which type of material is best for an ESD protective jacket?\n    a) Conductive fabric.\n    b) Cotton.\n    c) Nylon."", ""question"": ""17. Which type of material is best for an ESD protective jacket?"", ""options"": [""Conductive fabric."", ""Cotton."", ""Nylon.""], ""correct"": null, ""answer_text"": null, ""category"": null, ""source_file"": ""12 Electrostatic Sensitive Devices (2).docx"", ""source_module"": ""M5"", ""fmt"": ""docx"", ""module"": ""M5"", ""difficulty"": ""MEDIUM""}"
M5,,,18. Why are metal shelves avoided in ESD-protected areas?,They are heavy.,They can conduct and accumulate static charges.,They are expensive.,,B,MEDIUM,,,,ANSWERED,Domain-knowledge answer (score=1.00),1,12 Electrostatic Sensitive Devices (2).docx,"{""raw"": ""18. Why are metal shelves avoided in ESD-protected areas?\n    a) They are heavy.\n    b) They can conduct and accumulate static charges.\n    c) They are expensive."", ""question"": ""18. Why are metal shelves avoided in ESD-protected areas?"", ""options"": [""They are heavy."", ""They can conduct and accumulate static charges."", ""They are expensive.""], ""correct"": null, ""answer_text"": null, ""category"": null, ""source_file"": ""12 Electrostatic Sensitive Devices (2).docx"", ""source_module"": ""M5"", ""fmt"": ""docx"", ""module"": ""M5"", ""difficulty"": ""MEDIUM""}"
M5,M5.5.6(b),,19. What is the most effective way to eliminate static electricity from a surface?,Using a grounding device.,Wiping with a dry cloth.,Using a vacuum cleaner.,,B,MEDIUM,,,,ANSWERED,corpus page 272 (score=3),1,12 Electrostatic Sensitive Devices (2).docx,"{""raw"": ""19. What is the most effective way to eliminate static electricity from a surface?\n    a) Using a grounding device.\n    b) Wiping with a dry cloth.\n    c) Using a vacuum cleaner."", ""question"": ""19. What is the most effective way to eliminate static electricity from a surface?"", ""options"": [""Using a grounding device."", ""Wiping with a dry cloth."", ""Using a vacuum cleaner.""], ""correct"": null, ""answer_text"": null, ""category"": null, ""source_file"": ""12 Electrostatic Sensitive Devices (2).docx"", ""source_module"": ""M5"", ""fmt"": ""docx"", ""module"": ""M5"", ""syllabusRef"": ""M5.5.6(b)"", ""level"": null, ""difficulty"": ""MEDIUM""}"
M5,M5.05.01,,20. What happens to electronic components when exposed to ESD?,They always short-circuit.,They may suffer permanent damage or intermittent faults.,They become faster.,,B,MEDIUM,,,,ANSWERED,Domain-knowledge answer (score=1.00),1,12 Electrostatic Sensitive Devices (2).docx,"{""raw"": ""20. What happens to electronic components when exposed to ESD?\n    a) They always short-circuit.\n    b) They may suffer permanent damage or intermittent faults.\n    c) They become faster."", ""question"": ""20. What happens to electronic components when exposed to ESD?"", ""options"": [""They always short-circuit."", ""They may suffer permanent damage or intermittent faults."", ""They become faster.""], ""correct"": null, ""answer_text"": null, ""category"": null, ""source_file"": ""12 Electrostatic Sensitive Devices (2).docx"", ""source_module"": ""M5"", ""fmt"": ""docx"", ""module"": ""M5"", ""syllabusRef"": ""M5.05.01"", ""level"": null, ""difficulty"": ""MEDIUM""}"
M5,,,21. What type of footwear is recommended in ESD-sensitive areas?,Conductive shoes.,Rubber-soled shoes.,Wooden clogs.,,A,MEDIUM,,,,ANSWERED,Domain-knowledge answer (score=1.00),1,12 Electrostatic Sensitive Devices (2).docx,"{""raw"": ""21. What type of footwear is recommended in ESD-sensitive areas?\n    a) Conductive shoes.\n    b) Rubber-soled shoes.\n    c) Wooden clogs."", ""question"": ""21. What type of footwear is recommended in ESD-sensitive areas?"", ""options"": [""Conductive shoes."", ""Rubber-soled shoes."", ""Wooden clogs.""], ""correct"": null, ""answer_text"": null, ""category"": null, ""source_file"": ""12 Electrostatic Sensitive Devices (2).docx"", ""source_module"": ""M5"", ""fmt"": ""docx"", ""module"": ""M5"", ""difficulty"": ""MEDIUM""}"
M5,M5.5.6(b),,22. Which of the following statements about ESD is true?,ESD is only a problem in dry climates.,ESD can occur in any environment if proper precautions are not taken.,ESD is not a concern for modern electronics.,,B,MEDIUM,,,,ANSWERED,Domain-knowledge answer (score=1.00),1,12 Electrostatic Sensitive Devices (2).docx,"{""raw"": ""22. Which of the following statements about ESD is true?\n    a) ESD is only a problem in dry climates.\n    b) ESD can occur in any environment if proper precautions are not taken.\n    c) ESD is not a concern for modern electronics."", ""question"": ""22. Which of the following statements about ESD is true?"", ""options"": [""ESD is only a problem in dry climates."", ""ESD can occur in any environment if proper precautions are not taken."", ""ESD is not a concern for modern electronics.""], ""correct"": null, ""answer_text"": null, ""category"": null, ""source_file"": ""12 Electrostatic Sensitive Devices (2).docx"", ""source_module"": ""M5"", ""fmt"": ""docx"", ""module"": ""M5"", ""syllabusRef"": ""M5.5.6(b)"", ""level"": null, ""difficulty"": ""MEDIUM""}"
M5,M5.5.6(b),,23. What is the purpose of an ESD audit?,To inspect the cleanliness of the workspace.,To evaluate the effectiveness of ESD control measures.,To check for electromagnetic interference.,,B,EASY,,,,ANSWERED,Domain-knowledge answer (score=1.00),1,12 Electrostatic Sensitive Devices (2).docx,"{""raw"": ""23. What is the purpose of an ESD audit?\n    a) To inspect the cleanliness of the workspace.\n    b) To evaluate the effectiveness of ESD control measures.\n    c) To check for electromagnetic interference."", ""question"": ""23. What is the purpose of an ESD audit?"", ""options"": [""To inspect the cleanliness of the workspace."", ""To evaluate the effectiveness of ESD control measures."", ""To check for electromagnetic interference.""], ""correct"": null, ""answer_text"": null, ""category"": null, ""source_file"": ""12 Electrostatic Sensitive Devices (2).docx"", ""source_module"": ""M5"", ""fmt"": ""docx"", ""module"": ""M5"", ""syllabusRef"": ""M5.5.6(b)"", ""level"": null, ""difficulty"": ""EASY""}"
M5,M5.5.6(b),,24. Which of the following actions helps in reducing ESD risk?,Maintaining proper grounding of all equipment.,Wearing leather gloves.,Using non-conductive footwear.,,A,MEDIUM,,,,ANSWERED,Domain-knowledge answer (score=1.00),1,12 Electrostatic Sensitive Devices (2).docx,"{""raw"": ""24. Which of the following actions helps in reducing ESD risk?\n    a) Maintaining proper grounding of all equipment.\n    b) Wearing leather gloves.\n    c) Using non-conductive footwear."", ""question"": ""24. Which of the following actions helps in reducing ESD risk?"", ""options"": [""Maintaining proper grounding of all equipment."", ""Wearing leather gloves."", ""Using non-conductive footwear.""], ""correct"": null, ""answer_text"": null, ""category"": null, ""source_file"": ""12 Electrostatic Sensitive Devices (2).docx"", ""source_module"": ""M5"", ""fmt"": ""docx"", ""module"": ""M5"", ""syllabusRef"": ""M5.5.6(b)"", ""level"": null, ""difficulty"": ""MEDIUM""}"
M5,,,25. Why is it important to handle ESD-sensitive devices only in ESD-safe areas?,To prevent accidental damage from static discharge.,To improve performance.,To increase longevity.,,A,MEDIUM,,,,ANSWERED,corpus page 235 (score=3),1,12 Electrostatic Sensitive Devices (2).docx,"{""raw"": ""25. Why is it important to handle ESD-sensitive devices only in ESD-safe areas?\n    a) To prevent accidental damage from static discharge.\n    b) To improve performance.\n    c) To increase longevity."", ""question"": ""25. Why is it important to handle ESD-sensitive devices only in ESD-safe areas?"", ""options"": [""To prevent accidental damage from static discharge."", ""To improve performance."", ""To increase longevity.""], ""correct"": null, ""answer_text"": null, ""category"": null, ""source_file"": ""12 Electrostatic Sensitive Devices (2).docx"", ""source_module"": ""M5"", ""fmt"": ""docx"", ""module"": ""M5"", ""difficulty"": ""MEDIUM""}"
M5,M5.05.01,,26. What is the result of not following ESD control procedures?,Potential damage to electronic components.,Increased manufacturing speed.,Better component performance.,,A,MEDIUM,,,,ANSWERED,Domain-verified (score=0.50),1,12 Electrostatic Sensitive Devices (2).docx,"{""raw"": ""26. What is the result of not following ESD control procedures?\n    a) Potential damage to electronic components.\n    b) Increased manufacturing speed.\n    c) Better component performance."", ""question"": ""26. What is the result of not following ESD control procedures?"", ""options"": [""Potential damage to electronic components."", ""Increased manufacturing speed."", ""Better component performance.""], ""correct"": null, ""answer_text"": null, ""category"": null, ""source_file"": ""12 Electrostatic Sensitive Devices (2).docx"", ""source_module"": ""M5"", ""fmt"": ""docx"", ""module"": ""M5"", ""syllabusRef"": ""M5.05.01"", ""level"": null, ""difficulty"": ""MEDIUM""}"
M5,,,27. How should ESD-sensitive devices be stored?,In cardboard boxes.,In antistatic containers.,In wooden crates.,,B,EASY,,,,ANSWERED,Domain-knowledge answer (score=1.00),1,12 Electrostatic Sensitive Devices (2).docx,"{""raw"": ""27. How should ESD-sensitive devices be stored?\n    a) In cardboard boxes.\n    b) In antistatic containers.\n    c) In wooden crates."", ""question"": ""27. How should ESD-sensitive devices be stored?"", ""options"": [""In cardboard boxes."", ""In antistatic containers."", ""In wooden crates.""], ""correct"": null, ""answer_text"": null, ""category"": null, ""source_file"": ""12 Electrostatic Sensitive Devices (2).docx"", ""source_module"": ""M5"", ""fmt"": ""docx"", ""module"": ""M5"", ""difficulty"": ""EASY""}"
M5,,,28. Which type of cleaning method is best for ESD-sensitive areas?,Using anti-static wipes.,Dry sweeping.,Vacuum cleaning with a standard vacuum.,,C,MEDIUM,,,,ANSWERED,corpus page 348 (score=3),1,12 Electrostatic Sensitive Devices (2).docx,"{""raw"": ""28. Which type of cleaning method is best for ESD-sensitive areas?\n    a) Using anti-static wipes.\n    b) Dry sweeping.\n    c) Vacuum cleaning with a standard vacuum."", ""question"": ""28. Which type of cleaning method is best for ESD-sensitive areas?"", ""options"": [""Using anti-static wipes."", ""Dry sweeping."", ""Vacuum cleaning with a standard vacuum.""], ""correct"": null, ""answer_text"": null, ""category"": null, ""source_file"": ""12 Electrostatic Sensitive Devices (2).docx"", ""source_module"": ""M5"", ""fmt"": ""docx"", ""module"": ""M5"", ""difficulty"": ""MEDIUM""}"
M5,M5.5.6(b),,29. What is the role of ESD-safe labels on packaging?,To identify sensitive components and caution handlers.,To decorate the package.,To prevent theft.,,A,MEDIUM,,,,ANSWERED,Domain-knowledge answer (score=1.00),1,12 Electrostatic Sensitive Devices (2).docx,"{""raw"": ""29. What is the role of ESD-safe labels on packaging?\n    a) To identify sensitive components and caution handlers.\n    b) To decorate the package.\n    c) To prevent theft."", ""question"": ""29. What is the role of ESD-safe labels on packaging?"", ""options"": [""To identify sensitive components and caution handlers."", ""To decorate the package."", ""To prevent theft.""], ""correct"": null, ""answer_text"": null, ""category"": null, ""source_file"": ""12 Electrostatic Sensitive Devices (2).docx"", ""source_module"": ""M5"", ""fmt"": ""docx"", ""module"": ""M5"", ""syllabusRef"": ""M5.5.6(b)"", ""level"": null, ""difficulty"": ""MEDIUM""}"
M5,,,30. How often should ESD control measures be reviewed and updated?,"Regularly, as part of an ongoing process.",Only during audits.,When a failure occurs. ### Electrostatic Sensitive Devices - Multiple Choice Questions,,A,MEDIUM,,,,ANSWERED,Domain-verified (score=0.50),1,12 Electrostatic Sensitive Devices (2).docx,"{""raw"": ""30. How often should ESD control measures be reviewed and updated?\n    a) Regularly, as part of an ongoing process.\n    b) Only during audits.\n    c) When a failure occurs. ### Electrostatic Sensitive Devices - Multiple Choice Questions"", ""question"": ""30. How often should ESD control measures be reviewed and updated?"", ""options"": [""Regularly, as part of an ongoing process."", ""Only during audits."", ""When a failure occurs. ### Electrostatic Sensitive Devices - Multiple Choice Questions""], ""correct"": null, ""answer_text"": null, ""category"": null, ""source_file"": ""12 Electrostatic Sensitive Devices (2).docx"", ""source_module"": ""M5"", ""fmt"": ""docx"", ""module"": ""M5"", ""difficulty"": ""MEDIUM""}"
M5,,,**What does ESD stand for?**,Electric Static Damage.,Electrostatic Discharge.,Electromagnetic Static Discharge.,,B,EASY,,,,ANSWERED,Domain-verified (score=0.75),1,12 Electrostatic Sensitive Devices (2).docx,"{""raw"": ""16. **What does ESD stand for?**\n    a) Electric Static Damage.\n    b) **Electrostatic Discharge.**\n    c) Electromagnetic Static Discharge."", ""question"": ""**What does ESD stand for?**"", ""options"": [""Electric Static Damage."", ""Electrostatic Discharge."", ""Electromagnetic Static Discharge.""], ""correct"": null, ""answer_text"": null, ""category"": null, ""source_file"": ""12 Electrostatic Sensitive Devices (2).docx"", ""source_module"": ""M5"", ""fmt"": ""docx"", ""module"": ""M5"", ""difficulty"": ""EASY""}"
M5,M5.05.02,,1. What document provides guidance for the approval of software-based equipment or systems?,ISO 9001,DO-178B/ED-12B,ARP 4754,,B,MEDIUM,,,,ANSWERED,Domain-knowledge answer (score=1.00),1,13 Software Management Control.docx,"{""raw"": ""1. What document provides guidance for the approval of software-based equipment or systems?\n   a. ISO 9001\n   b. DO-178B/ED-12B\n   c. ARP 4754"", ""question"": ""1. What document provides guidance for the approval of software-based equipment or systems?"", ""options"": [""ISO 9001"", ""DO-178B/ED-12B"", ""ARP 4754""], ""correct"": null, ""answer_text"": null, ""category"": null, ""source_file"": ""13 Software Management Control.docx"", ""source_module"": ""M5"", ""fmt"": ""docx"", ""module"": ""M5"", ""syllabusRef"": ""M5.05.02"", ""level"": null, ""difficulty"": ""MEDIUM""}"
M5,M5.5.5(a),,2. What is the purpose of the software Configuration Management Plan?,To provide a user manual for the software,To define the hardware requirements,To manage software identification and change control,,B,MEDIUM,,,,ANSWERED,Verified correction (score=0.50),1,13 Software Management Control.docx,"{""raw"": ""2. What is the purpose of the software Configuration Management Plan?\n   a. To provide a user manual for the software\n   b. To define the hardware requirements\n   c. To manage software identification and change control"", ""question"": ""2. What is the purpose of the software Configuration Management Plan?"", ""options"": [""To provide a user manual for the software"", ""To define the hardware requirements"", ""To manage software identification and change control""], ""correct"": null, ""answer_text"": null, ""category"": null, ""source_file"": ""13 Software Management Control.docx"", ""source_module"": ""M5"", ""fmt"": ""docx"", ""module"": ""M5"", ""syllabusRef"": ""M5.5.5(a)"", ""level"": null, ""difficulty"": ""MEDIUM""}"
M5,M5.5.6(b),,3. Who is typically responsible for managing the software Configuration Management Plan?,The aircraft operator,The responsible design organisation,The software vendor,,B,MEDIUM,,,,ANSWERED,Verified correction (score=0.50),1,13 Software Management Control.docx,"{""raw"": ""3. Who is typically responsible for managing the software Configuration Management Plan?\n   a. The aircraft operator\n   b. The responsible design organisation\n   c. The software vendor"", ""question"": ""3. Who is typically responsible for managing the software Configuration Management Plan?"", ""options"": [""The aircraft operator"", ""The responsible design organisation"", ""The software vendor""], ""correct"": null, ""answer_text"": null, ""category"": null, ""source_file"": ""13 Software Management Control.docx"", ""source_module"": ""M5"", ""fmt"": ""docx"", ""module"": ""M5"", ""syllabusRef"": ""M5.5.6(b)"", ""level"": null, ""difficulty"": ""MEDIUM""}"
M5,M5.5.6(b),,4. Modifications to software are subject to the same approval procedures as what?,Certification procedures,Hardware modifications,Maintenance procedures,,B,MEDIUM,,,,ANSWERED,Domain-knowledge answer (score=1.00),1,13 Software Management Control.docx,"{""raw"": ""4. Modifications to software are subject to the same approval procedures as what?\n   a. Certification procedures\n   b. Hardware modifications\n   c. Maintenance procedures"", ""question"": ""4. Modifications to software are subject to the same approval procedures as what?"", ""options"": [""Certification procedures"", ""Hardware modifications"", ""Maintenance procedures""], ""correct"": null, ""answer_text"": null, ""category"": null, ""source_file"": ""13 Software Management Control.docx"", ""source_module"": ""M5"", ""fmt"": ""docx"", ""module"": ""M5"", ""syllabusRef"": ""M5.5.6(b)"", ""level"": null, ""difficulty"": ""MEDIUM""}"
M5,M5.5.6(b),,5. What must be done with modified software to ensure it is properly controlled?,It must be re-written,It must be identified and controlled according to the Software Configuration Management Plan,It must be discarded,,B,MEDIUM,,,,ANSWERED,corpus page 243 (score=5),1,13 Software Management Control.docx,"{""raw"": ""5. What must be done with modified software to ensure it is properly controlled?\n   a. It must be re-written\n   b. It must be identified and controlled according to the Software Configuration Management Plan\n   c. It must be discarded"", ""question"": ""5. What must be done with modified software to ensure it is properly controlled?"", ""options"": [""It must be re-written"", ""It must be identified and controlled according to the Software Configuration Management Plan"", ""It must be discarded""], ""correct"": null, ""answer_text"": null, ""category"": null, ""source_file"": ""13 Software Management Control.docx"", ""source_module"": ""M5"", ""fmt"": ""docx"", ""module"": ""M5"", ""syllabusRef"": ""M5.5.6(b)"", ""level"": null, ""difficulty"": ""MEDIUM""}"
M5,M5.5.9,2,6. What is the highest software criticality level according to DO-178B?,Level B,Level C,Level A,,C,MEDIUM,,,,ANSWERED,Domain-knowledge answer (score=1.00),1,13 Software Management Control.docx,"{""raw"": ""6. What is the highest software criticality level according to DO-178B?\n   a. Level B\n   b. Level C\n   c. Level A"", ""question"": ""6. What is the highest software criticality level according to DO-178B?"", ""options"": [""Level B"", ""Level C"", ""Level A""], ""correct"": null, ""answer_text"": null, ""category"": null, ""source_file"": ""13 Software Management Control.docx"", ""source_module"": ""M5"", ""fmt"": ""docx"", ""module"": ""M5"", ""syllabusRef"": ""M5.5.9"", ""level"": 2, ""difficulty"": ""MEDIUM""}"
M5,M5.5.9,2,7. What is the consequence of a failure at software criticality Level A?,Minor inconvenience,Catastrophic failure,System slowdown,,B,MEDIUM,,,,ANSWERED,corpus page 244 (score=5),1,13 Software Management Control.docx,"{""raw"": ""7. What is the consequence of a failure at software criticality Level A?\n   a. Minor inconvenience\n   b. Catastrophic failure\n   c. System slowdown"", ""question"": ""7. What is the consequence of a failure at software criticality Level A?"", ""options"": [""Minor inconvenience"", ""Catastrophic failure"", ""System slowdown""], ""correct"": null, ""answer_text"": null, ""category"": null, ""source_file"": ""13 Software Management Control.docx"", ""source_module"": ""M5"", ""fmt"": ""docx"", ""module"": ""M5"", ""syllabusRef"": ""M5.5.9"", ""level"": 2, ""difficulty"": ""MEDIUM""}"
M5,M5.5.9,2,8. Which level of software failure could result in serious or fatal injuries to passengers?,Level B,Level D,Level E,,C,MEDIUM,,,,ANSWERED,Domain-knowledge answer (score=1.00),1,13 Software Management Control.docx,"{""raw"": ""8. Which level of software failure could result in serious or fatal injuries to passengers?\n   a. Level B\n   b. Level D\n   c. Level E"", ""question"": ""8. Which level of software failure could result in serious or fatal injuries to passengers?"", ""options"": [""Level B"", ""Level D"", ""Level E""], ""correct"": null, ""answer_text"": null, ""category"": null, ""source_file"": ""13 Software Management Control.docx"", ""source_module"": ""M5"", ""fmt"": ""docx"", ""module"": ""M5"", ""syllabusRef"": ""M5.5.9"", ""level"": 2, ""difficulty"": ""MEDIUM""}"
M5,,,9. How many criticality levels are defined in DO-178B?,Three,Four,Five,,C,MEDIUM,,,,ANSWERED,Domain-knowledge answer (score=1.00),1,13 Software Management Control.docx,"{""raw"": ""9. How many criticality levels are defined in DO-178B?\n   a. Three\n   b. Four\n   c. Five"", ""question"": ""9. How many criticality levels are defined in DO-178B?"", ""options"": [""Three"", ""Four"", ""Five""], ""correct"": null, ""answer_text"": null, ""category"": null, ""source_file"": ""13 Software Management Control.docx"", ""source_module"": ""M5"", ""fmt"": ""docx"", ""module"": ""M5"", ""difficulty"": ""MEDIUM""}"
M5,M5.5.9,2,10. Which level of software failure has no impact on safety or aircraft operation?,Level D,Level E,Level C,,B,MEDIUM,,,,ANSWERED,Verified correction (score=0.50),1,13 Software Management Control.docx,"{""raw"": ""10. Which level of software failure has no impact on safety or aircraft operation?\n    a. Level D\n    b. Level E\n    c. Level C"", ""question"": ""10. Which level of software failure has no impact on safety or aircraft operation?"", ""options"": [""Level D"", ""Level E"", ""Level C""], ""correct"": null, ""answer_text"": null, ""category"": null, ""source_file"": ""13 Software Management Control.docx"", ""source_module"": ""M5"", ""fmt"": ""docx"", ""module"": ""M5"", ""syllabusRef"": ""M5.5.9"", ""level"": 2, ""difficulty"": ""MEDIUM""}"
M5,,,11. Which document is recognized worldwide for software certification in avionics?,DO-178B,ISO 26262,ARP 4761,,A,MEDIUM,,,,ANSWERED,Domain-verified (score=0.50),1,13 Software Management Control.docx,"{""raw"": ""11. Which document is recognized worldwide for software certification in avionics?\n    a. DO-178B\n    b. ISO 26262\n    c. ARP 4761"", ""question"": ""11. Which document is recognized worldwide for software certification in avionics?"", ""options"": [""DO-178B"", ""ISO 26262"", ""ARP 4761""], ""correct"": null, ""answer_text"": null, ""category"": null, ""source_file"": ""13 Software Management Control.docx"", ""source_module"": ""M5"", ""fmt"": ""docx"", ""module"": ""M5"", ""difficulty"": ""MEDIUM""}"
M5,M5.5.6(b),,12. Who typically performs the ultimate system acceptance for avionics software?,The software developer,The certification authority,The aircraft operator,,B,MEDIUM,,,,ANSWERED,Domain-knowledge answer (score=1.00),1,13 Software Management Control.docx,"{""raw"": ""12. Who typically performs the ultimate system acceptance for avionics software?\n    a. The software developer\n    b. The certification authority\n    c. The aircraft operator"", ""question"": ""12. Who typically performs the ultimate system acceptance for avionics software?"", ""options"": [""The software developer"", ""The certification authority"", ""The aircraft operator""], ""correct"": null, ""answer_text"": null, ""category"": null, ""source_file"": ""13 Software Management Control.docx"", ""source_module"": ""M5"", ""fmt"": ""docx"", ""module"": ""M5"", ""syllabusRef"": ""M5.5.6(b)"", ""level"": null, ""difficulty"": ""MEDIUM""}"
M5,,,13. DO-178B was developed by which organizations?,IEEE and IATA,RTCA and EUROCAE,FAA and ICAO,,B,EASY,,,,ANSWERED,Domain-knowledge answer (score=1.00),1,13 Software Management Control.docx,"{""raw"": ""13. DO-178B was developed by which organizations?\n    a. IEEE and IATA\n    b. RTCA and EUROCAE\n    c. FAA and ICAO"", ""question"": ""13. DO-178B was developed by which organizations?"", ""options"": [""IEEE and IATA"", ""RTCA and EUROCAE"", ""FAA and ICAO""], ""correct"": null, ""answer_text"": null, ""category"": null, ""source_file"": ""13 Software Management Control.docx"", ""source_module"": ""M5"", ""fmt"": ""docx"", ""module"": ""M5"", ""difficulty"": ""EASY""}"
M5,,,14. What supplement in DO-178C maps closely with current software development practices?,DO-331,DO-330,Both a and b,,C,MEDIUM,,,,ANSWERED,Domain-knowledge answer (score=1.00),1,13 Software Management Control.docx,"{""raw"": ""14. What supplement in DO-178C maps closely with current software development practices?\n    a. DO-331\n    b. DO-330\n    c. Both a and b"", ""question"": ""14. What supplement in DO-178C maps closely with current software development practices?"", ""options"": [""DO-331"", ""DO-330"", ""Both a and b""], ""correct"": null, ""answer_text"": null, ""category"": null, ""source_file"": ""13 Software Management Control.docx"", ""source_module"": ""M5"", ""fmt"": ""docx"", ""module"": ""M5"", ""difficulty"": ""MEDIUM""}"
M5,M5.5.6(b),,15. What is the purpose of the Software Accomplishment Summary?,To provide a cost estimate,To summarize the software development and verification activities,To list the software tools used,,B,MEDIUM,,,,ANSWERED,Domain-verified (score=1.00),1,13 Software Management Control.docx,"{""raw"": ""15. What is the purpose of the Software Accomplishment Summary?\n    a. To provide a cost estimate\n    b. To summarize the software development and verification activities\n    c. To list the software tools used"", ""question"": ""15. What is the purpose of the Software Accomplishment Summary?"", ""options"": [""To provide a cost estimate"", ""To summarize the software development and verification activities"", ""To list the software tools used""], ""correct"": null, ""answer_text"": null, ""category"": null, ""source_file"": ""13 Software Management Control.docx"", ""source_module"": ""M5"", ""fmt"": ""docx"", ""module"": ""M5"", ""syllabusRef"": ""M5.5.6(b)"", ""level"": null, ""difficulty"": ""MEDIUM""}"
M5,M5.5.5(a),,16. What does a software Configuration Management Plan typically include?,Marketing strategies,Software identification and change control procedures,Test case documentation,,B,MEDIUM,,,,ANSWERED,Domain-verified (score=0.50),1,13 Software Management Control.docx,"{""raw"": ""16. What does a software Configuration Management Plan typically include?\n    a. Marketing strategies\n    b. Software identification and change control procedures\n    c. Test case documentation"", ""question"": ""16. What does a software Configuration Management Plan typically include?"", ""options"": [""Marketing strategies"", ""Software identification and change control procedures"", ""Test case documentation""], ""correct"": null, ""answer_text"": null, ""category"": null, ""source_file"": ""13 Software Management Control.docx"", ""source_module"": ""M5"", ""fmt"": ""docx"", ""module"": ""M5"", ""syllabusRef"": ""M5.5.5(a)"", ""level"": null, ""difficulty"": ""MEDIUM""}"
M5,M5.5.6(b),,17. Who should report software problems to the responsible design organization?,Aircraft operators,Software developers,Certification authorities,,A,MEDIUM,,,,ANSWERED,Domain-knowledge answer (score=1.00),1,13 Software Management Control.docx,"{""raw"": ""17. Who should report software problems to the responsible design organization?\n    a. Aircraft operators\n    b. Software developers\n    c. Certification authorities"", ""question"": ""17. Who should report software problems to the responsible design organization?"", ""options"": [""Aircraft operators"", ""Software developers"", ""Certification authorities""], ""correct"": null, ""answer_text"": null, ""category"": null, ""source_file"": ""13 Software Management Control.docx"", ""source_module"": ""M5"", ""fmt"": ""docx"", ""module"": ""M5"", ""syllabusRef"": ""M5.5.6(b)"", ""level"": null, ""difficulty"": ""MEDIUM""}"
M5,M5.5.6(b),,18. What is required for the approval of software modifications?,Design and investigation involving the support of the responsible design organization,Only a test report,A user acceptance test,,A,MEDIUM,,,,ANSWERED,corpus page 243 (score=3),1,13 Software Management Control.docx,"{""raw"": ""18. What is required for the approval of software modifications?\n    a. Design and investigation involving the support of the responsible design organization\n    b. Only a test report\n    c. A user acceptance test"", ""question"": ""18. What is required for the approval of software modifications?"", ""options"": [""Design and investigation involving the support of the responsible design organization"", ""Only a test report"", ""A user acceptance test""], ""correct"": null, ""answer_text"": null, ""category"": null, ""source_file"": ""13 Software Management Control.docx"", ""source_module"": ""M5"", ""fmt"": ""docx"", ""module"": ""M5"", ""syllabusRef"": ""M5.5.6(b)"", ""level"": null, ""difficulty"": ""MEDIUM""}"
M5,M5.5.6(b),,19. Which organization is unlikely to justify its own software design capability?,The software vendor,The aircraft operator,The certification authority,,B,MEDIUM,,,,ANSWERED,Domain-knowledge answer (score=1.00),1,13 Software Management Control.docx,"{""raw"": ""19. Which organization is unlikely to justify its own software design capability?\n    a. The software vendor\n    b. The aircraft operator\n    c. The certification authority"", ""question"": ""19. Which organization is unlikely to justify its own software design capability?"", ""options"": [""The software vendor"", ""The aircraft operator"", ""The certification authority""], ""correct"": null, ""answer_text"": null, ""category"": null, ""source_file"": ""13 Software Management Control.docx"", ""source_module"": ""M5"", ""fmt"": ""docx"", ""module"": ""M5"", ""syllabusRef"": ""M5.5.6(b)"", ""level"": null, ""difficulty"": ""MEDIUM""}"
M5,M5.5.9,2,20. What type of failure does Level D software failure represent?,Minor,Major,Hazardous,,A,MEDIUM,,,,ANSWERED,Domain-knowledge answer (score=1.00),1,13 Software Management Control.docx,"{""raw"": ""20. What type of failure does Level D software failure represent?\n    a. Minor\n    b. Major\n    c. Hazardous"", ""question"": ""20. What type of failure does Level D software failure represent?"", ""options"": [""Minor"", ""Major"", ""Hazardous""], ""correct"": null, ""answer_text"": null, ""category"": null, ""source_file"": ""13 Software Management Control.docx"", ""source_module"": ""M5"", ""fmt"": ""docx"", ""module"": ""M5"", ""syllabusRef"": ""M5.5.9"", ""level"": 2, ""difficulty"": ""MEDIUM""}"
M5,,,21. What document should modifications to software be controlled in accordance with?,User manual,Maintenance log,Software Configuration Management Plan,,A,MEDIUM,,,,ANSWERED,Verified correction (score=0.50),1,13 Software Management Control.docx,"{""raw"": ""21. What document should modifications to software be controlled in accordance with?\n    a. User manual\n    b. Maintenance log\n    c. Software Configuration Management Plan"", ""question"": ""21. What document should modifications to software be controlled in accordance with?"", ""options"": [""User manual"", ""Maintenance log"", ""Software Configuration Management Plan""], ""correct"": null, ""answer_text"": null, ""category"": null, ""source_file"": ""13 Software Management Control.docx"", ""source_module"": ""M5"", ""fmt"": ""docx"", ""module"": ""M5"", ""difficulty"": ""MEDIUM""}"
M5,M5.5.6(b),,22. What should be included in the Software Accomplishment Summary?,Financial statements,Summary of development and verification activities,Customer feedback,,B,MEDIUM,,,,ANSWERED,Domain-verified (score=1.00),1,13 Software Management Control.docx,"{""raw"": ""22. What should be included in the Software Accomplishment Summary?\n    a. Financial statements\n    b. Summary of development and verification activities\n    c. Customer feedback"", ""question"": ""22. What should be included in the Software Accomplishment Summary?"", ""options"": [""Financial statements"", ""Summary of development and verification activities"", ""Customer feedback""], ""correct"": null, ""answer_text"": null, ""category"": null, ""source_file"": ""13 Software Management Control.docx"", ""source_module"": ""M5"", ""fmt"": ""docx"", ""module"": ""M5"", ""syllabusRef"": ""M5.5.6(b)"", ""level"": null, ""difficulty"": ""MEDIUM""}"
M5,M5.5.9,2,23. What is the criticality level for software that reduces safety margins but is within crew capabilities?,Level E,Level D,Level C,,B,MEDIUM,,,,ANSWERED,Domain-knowledge answer (score=1.00),1,13 Software Management Control.docx,"{""raw"": ""23. What is the criticality level for software that reduces safety margins but is within crew capabilities?\n    a. Level E\n    b. Level D\n    c. Level C"", ""question"": ""23. What is the criticality level for software that reduces safety margins but is within crew capabilities?"", ""options"": [""Level E"", ""Level D"", ""Level C""], ""correct"": null, ""answer_text"": null, ""category"": null, ""source_file"": ""13 Software Management Control.docx"", ""source_module"": ""M5"", ""fmt"": ""docx"", ""module"": ""M5"", ""syllabusRef"": ""M5.5.9"", ""level"": 2, ""difficulty"": ""MEDIUM""}"
M5,M5.5.6(b),,24. What is the main objective of DO-178B?,To increase software development cost,To provide guidance for software development and certification,To limit software usage in aviation,,B,EASY,,,,ANSWERED,Domain-knowledge answer (score=1.00),1,13 Software Management Control.docx,"{""raw"": ""24. What is the main objective of DO-178B?\n    a. To increase software development cost\n    b. To provide guidance for software development and certification\n    c. To limit software usage in aviation"", ""question"": ""24. What is the main objective of DO-178B?"", ""options"": [""To increase software development cost"", ""To provide guidance for software development and certification"", ""To limit software usage in aviation""], ""correct"": null, ""answer_text"": null, ""category"": null, ""source_file"": ""13 Software Management Control.docx"", ""source_module"": ""M5"", ""fmt"": ""docx"", ""module"": ""M5"", ""syllabusRef"": ""M5.5.6(b)"", ""level"": null, ""difficulty"": ""EASY""}"
M5,M5.5.6(b),,25. Who might the aircraft constructor delegate software tasks to?,Equipment manufacturers or software organizations,Passengers,Airline marketing teams,,A,MEDIUM,,,,ANSWERED,Domain-knowledge answer (score=1.00),1,13 Software Management Control.docx,"{""raw"": ""25. Who might the aircraft constructor delegate software tasks to?\n    a. Equipment manufacturers or software organizations\n    b. Passengers\n    c. Airline marketing teams"", ""question"": ""25. Who might the aircraft constructor delegate software tasks to?"", ""options"": [""Equipment manufacturers or software organizations"", ""Passengers"", ""Airline marketing teams""], ""correct"": null, ""answer_text"": null, ""category"": null, ""source_file"": ""13 Software Management Control.docx"", ""source_module"": ""M5"", ""fmt"": ""docx"", ""module"": ""M5"", ""syllabusRef"": ""M5.5.6(b)"", ""level"": null, ""difficulty"": ""MEDIUM""}"
M5,,,27. What does DO-178C include to reflect current industry practices?,Supplements such as DO-330 and DO-331,Hardware requirements,Financial guidelines,,A,MEDIUM,,,,ANSWERED,Domain-knowledge answer (score=1.00),1,13 Software Management Control.docx,"{""raw"": ""27. What does DO-178C include to reflect current industry practices?\n    a. Supplements such as DO-330 and DO-331\n    b. Hardware requirements\n    c. Financial guidelines"", ""question"": ""27. What does DO-178C include to reflect current industry practices?"", ""options"": [""Supplements such as DO-330 and DO-331"", ""Hardware requirements"", ""Financial guidelines""], ""correct"": null, ""answer_text"": null, ""category"": null, ""source_file"": ""13 Software Management Control.docx"", ""source_module"": ""M5"", ""fmt"": ""docx"", ""module"": ""M5"", ""difficulty"": ""MEDIUM""}"
M5,M5.5.6(b),,28. How often should the resistance of an ESD wrist strap be tested?,Weekly,Daily,Monthly,,A,MEDIUM,,,,ANSWERED,Domain-knowledge answer (score=1.00),1,13 Software Management Control.docx,"{""raw"": ""28. How often should the resistance of an ESD wrist strap be tested?\n    a. Weekly\n    b. Daily\n    c. Monthly"", ""question"": ""28. How often should the resistance of an ESD wrist strap be tested?"", ""options"": [""Weekly"", ""Daily"", ""Monthly""], ""correct"": null, ""answer_text"": null, ""category"": null, ""source_file"": ""13 Software Management Control.docx"", ""source_module"": ""M5"", ""fmt"": ""docx"", ""module"": ""M5"", ""syllabusRef"": ""M5.5.6(b)"", ""level"": null, ""difficulty"": ""MEDIUM""}"
M5,M5.5.9,2,29. Which criticality level corresponds to a failure causing discomfort or possible injuries to passengers?,Level D,Level C,Level B,,C,MEDIUM,,,,ANSWERED,Domain-knowledge answer (score=0.40),1,13 Software Management Control.docx,"{""raw"": ""29. Which criticality level corresponds to a failure causing discomfort or possible injuries to passengers?\n    a. Level D\n    b. Level C\n    c. Level B"", ""question"": ""29. Which criticality level corresponds to a failure causing discomfort or possible injuries to passengers?"", ""options"": [""Level D"", ""Level C"", ""Level B""], ""correct"": null, ""answer_text"": null, ""category"": null, ""source_file"": ""13 Software Management Control.docx"", ""source_module"": ""M5"", ""fmt"": ""docx"", ""module"": ""M5"", ""syllabusRef"": ""M5.5.9"", ""level"": 2, ""difficulty"": ""MEDIUM""}"
M5,M5.5.6(b),,30. What ensures that software remains effective throughout the life of the equipment?,Software Configuration Management Plan,Routine software updates,Customer feedback reports,,A,MEDIUM,,,,ANSWERED,Domain-knowledge answer (score=1.00),1,13 Software Management Control.docx,"{""raw"": ""30. What ensures that software remains effective throughout the life of the equipment?\n    a. Software Configuration Management Plan\n    b. Routine software updates\n    c. Customer feedback reports"", ""question"": ""30. What ensures that software remains effective throughout the life of the equipment?"", ""options"": [""Software Configuration Management Plan"", ""Routine software updates"", ""Customer feedback reports""], ""correct"": null, ""answer_text"": null, ""category"": null, ""source_file"": ""13 Software Management Control.docx"", ""source_module"": ""M5"", ""fmt"": ""docx"", ""module"": ""M5"", ""syllabusRef"": ""M5.5.6(b)"", ""level"": null, ""difficulty"": ""MEDIUM""}"
M5,M5.05.01,,1. What is the primary purpose of Electromagnetic Compatibility (EMC)?,To eliminate all forms of electrical noise,To ensure equipment operates without introducing intolerable electromagnetic disturbances,To improve battery life in electronic devices,,B,MEDIUM,,,,ANSWERED,Domain-verified (score=0.50),1,14 Electromagnetic Environment.docx,"{""raw"": ""1. What is the primary purpose of Electromagnetic Compatibility (EMC)?\n   a. To eliminate all forms of electrical noise  \n   b. To ensure equipment operates without introducing intolerable electromagnetic disturbances  \n   c. To improve battery life in electronic devices"", ""question"": ""1. What is the primary purpose of Electromagnetic Compatibility (EMC)?"", ""options"": [""To eliminate all forms of electrical noise"", ""To ensure equipment operates without introducing intolerable electromagnetic disturbances"", ""To improve battery life in electronic devices""], ""correct"": null, ""answer_text"": null, ""category"": null, ""source_file"": ""14 Electromagnetic Environment.docx"", ""source_module"": ""M5"", ""fmt"": ""docx"", ""module"": ""M5"", ""syllabusRef"": ""M5.05.01"", ""level"": null, ""difficulty"": ""MEDIUM""}"
M5,M5.05.01,,2. What does High Intensity Radiated Field (HIRF) primarily affect in aircraft?,Mechanical components,Electrical and electronic systems,Fuel systems,,B,MEDIUM,,,,ANSWERED,Domain-verified (score=0.75),1,14 Electromagnetic Environment.docx,"{""raw"": ""2. What does High Intensity Radiated Field (HIRF) primarily affect in aircraft?\n   a. Mechanical components  \n   b. Electrical and electronic systems  \n   c. Fuel systems"", ""question"": ""2. What does High Intensity Radiated Field (HIRF) primarily affect in aircraft?"", ""options"": [""Mechanical components"", ""Electrical and electronic systems"", ""Fuel systems""], ""correct"": null, ""answer_text"": null, ""category"": null, ""source_file"": ""14 Electromagnetic Environment.docx"", ""source_module"": ""M5"", ""fmt"": ""docx"", ""module"": ""M5"", ""syllabusRef"": ""M5.05.01"", ""level"": null, ""difficulty"": ""MEDIUM""}"
M5,,,3. What is Conducted Emission (CE)?,Electromagnetic energy propagated along power and/or signal conductors,Electromagnetic energy propagated through free space,Electromagnetic energy blocked by shielding,,A,EASY,,,,ANSWERED,Domain-verified (score=1.00),1,14 Electromagnetic Environment.docx,"{""raw"": ""3. What is Conducted Emission (CE)?\n   a. Electromagnetic energy propagated along power and/or signal conductors  \n   b. Electromagnetic energy propagated through free space  \n   c. Electromagnetic energy blocked by shielding"", ""question"": ""3. What is Conducted Emission (CE)?"", ""options"": [""Electromagnetic energy propagated along power and/or signal conductors"", ""Electromagnetic energy propagated through free space"", ""Electromagnetic energy blocked by shielding""], ""correct"": null, ""answer_text"": null, ""category"": null, ""source_file"": ""14 Electromagnetic Environment.docx"", ""source_module"": ""M5"", ""fmt"": ""docx"", ""module"": ""M5"", ""difficulty"": ""EASY""}"
M5,M5.5.6(b),,4. Which of the following is an example of Radiated Emission (RE)?,EM energy traveling through a shielded cable,EM energy propagated through free space,EM energy absorbed by a capacitor,,B,MEDIUM,,,,ANSWERED,Verified correction (score=1.00),1,14 Electromagnetic Environment.docx,"{""raw"": ""4. Which of the following is an example of Radiated Emission (RE)?\n   a. EM energy traveling through a shielded cable  \n   b. EM energy propagated through free space  \n   c. EM energy absorbed by a capacitor"", ""question"": ""4. Which of the following is an example of Radiated Emission (RE)?"", ""options"": [""EM energy traveling through a shielded cable"", ""EM energy propagated through free space"", ""EM energy absorbed by a capacitor""], ""correct"": null, ""answer_text"": null, ""category"": null, ""source_file"": ""14 Electromagnetic Environment.docx"", ""source_module"": ""M5"", ""fmt"": ""docx"", ""module"": ""M5"", ""syllabusRef"": ""M5.5.6(b)"", ""level"": null, ""difficulty"": ""MEDIUM""}"
M5,M5.5.6(b),,5. What is the effect of static discharge on an aircraft?,Increases fuel efficiency,"Produces the corona effect or ""St. Elmo's fire""",Improves radio communication clarity,,B,MEDIUM,,,,ANSWERED,corpus page 254 (score=4),1,14 Electromagnetic Environment.docx,"{""raw"": ""5. What is the effect of static discharge on an aircraft?\n   a. Increases fuel efficiency  \n   b. Produces the corona effect or \""St. Elmo's fire\""  \n   c. Improves radio communication clarity"", ""question"": ""5. What is the effect of static discharge on an aircraft?"", ""options"": [""Increases fuel efficiency"", ""Produces the corona effect or \""St. Elmo's fire\"""", ""Improves radio communication clarity""], ""correct"": null, ""answer_text"": null, ""category"": null, ""source_file"": ""14 Electromagnetic Environment.docx"", ""source_module"": ""M5"", ""fmt"": ""docx"", ""module"": ""M5"", ""syllabusRef"": ""M5.5.6(b)"", ""level"": null, ""difficulty"": ""MEDIUM""}"
M5,M5.5.6(b),,6. What is the function of static wick dischargers on aircraft?,To enhance engine performance,To provide low resistance paths to discharge static electricity,To improve aerodynamic efficiency,,B,MEDIUM,,,,ANSWERED,corpus page 258 (score=4),1,14 Electromagnetic Environment.docx,"{""raw"": ""6. What is the function of static wick dischargers on aircraft?\n   a. To enhance engine performance  \n   b. To provide low resistance paths to discharge static electricity  \n   c. To improve aerodynamic efficiency"", ""question"": ""6. What is the function of static wick dischargers on aircraft?"", ""options"": [""To enhance engine performance"", ""To provide low resistance paths to discharge static electricity"", ""To improve aerodynamic efficiency""], ""correct"": null, ""answer_text"": null, ""category"": null, ""source_file"": ""14 Electromagnetic Environment.docx"", ""source_module"": ""M5"", ""fmt"": ""docx"", ""module"": ""M5"", ""syllabusRef"": ""M5.5.6(b)"", ""level"": null, ""difficulty"": ""MEDIUM""}"
M5,,,7. Which field is created by any currentcarrying conductor?,Gravitational Field,Magnetic Field (H Field),Thermal Field,,B,MEDIUM,,,,ANSWERED,Domain-knowledge answer (score=1.00),1,14 Electromagnetic Environment.docx,"{""raw"": ""7. Which field is created by any currentcarrying conductor?\n   a. Gravitational Field  \n   b. Magnetic Field (H Field)  \n   c. Thermal Field"", ""question"": ""7. Which field is created by any currentcarrying conductor?"", ""options"": [""Gravitational Field"", ""Magnetic Field (H Field)"", ""Thermal Field""], ""correct"": null, ""answer_text"": null, ""category"": null, ""source_file"": ""14 Electromagnetic Environment.docx"", ""source_module"": ""M5"", ""fmt"": ""docx"", ""module"": ""M5"", ""difficulty"": ""MEDIUM""}"
M5,M5.5.6(b),,8. What is the role of an anechoic chamber in EMC testing?,To amplify electromagnetic signals,To establish RE and RS characteristics of LRUs,To simulate highaltitude conditions,,B,MEDIUM,,,,ANSWERED,Verified correction (score=1.00),1,14 Electromagnetic Environment.docx,"{""raw"": ""8. What is the role of an anechoic chamber in EMC testing?\n   a. To amplify electromagnetic signals  \n   b. To establish RE and RS characteristics of LRUs  \n   c. To simulate highaltitude conditions"", ""question"": ""8. What is the role of an anechoic chamber in EMC testing?"", ""options"": [""To amplify electromagnetic signals"", ""To establish RE and RS characteristics of LRUs"", ""To simulate highaltitude conditions""], ""correct"": null, ""answer_text"": null, ""category"": null, ""source_file"": ""14 Electromagnetic Environment.docx"", ""source_module"": ""M5"", ""fmt"": ""docx"", ""module"": ""M5"", ""syllabusRef"": ""M5.5.6(b)"", ""level"": null, ""difficulty"": ""MEDIUM""}"
M5,M5.5.6(b),,9. What does the term Electromagnetic Interference (EMI) refer to?,Desired radiation from a transmitter,Unwanted electromagnetic energy causing interference,Energy stored in a battery,,B,MEDIUM,,,,ANSWERED,Domain-knowledge answer (score=1.00),1,14 Electromagnetic Environment.docx,"{""raw"": ""9. What does the term Electromagnetic Interference (EMI) refer to?\n   a. Desired radiation from a transmitter  \n   b. Unwanted electromagnetic energy causing interference  \n   c. Energy stored in a battery"", ""question"": ""9. What does the term Electromagnetic Interference (EMI) refer to?"", ""options"": [""Desired radiation from a transmitter"", ""Unwanted electromagnetic energy causing interference"", ""Energy stored in a battery""], ""correct"": null, ""answer_text"": null, ""category"": null, ""source_file"": ""14 Electromagnetic Environment.docx"", ""source_module"": ""M5"", ""fmt"": ""docx"", ""module"": ""M5"", ""syllabusRef"": ""M5.5.6(b)"", ""level"": null, ""difficulty"": ""MEDIUM""}"
M5,M5.05.02,,10. What is a primary method to achieve EMC in aircraft systems?,Increasing power supply voltage,Using shielding and filtering techniques,Reducing system clock speeds,,B,MEDIUM,,,,ANSWERED,Verified correction (score=0.50),1,14 Electromagnetic Environment.docx,"{""raw"": ""10. What is a primary method to achieve EMC in aircraft systems?\n    a. Increasing power supply voltage  \n    b. Using shielding and filtering techniques  \n    c. Reducing system clock speeds"", ""question"": ""10. What is a primary method to achieve EMC in aircraft systems?"", ""options"": [""Increasing power supply voltage"", ""Using shielding and filtering techniques"", ""Reducing system clock speeds""], ""correct"": null, ""answer_text"": null, ""category"": null, ""source_file"": ""14 Electromagnetic Environment.docx"", ""source_module"": ""M5"", ""fmt"": ""docx"", ""module"": ""M5"", ""syllabusRef"": ""M5.05.02"", ""level"": null, ""difficulty"": ""MEDIUM""}"
M5,M5.5.6(b),,11. What is the purpose of bonding in aircraft?,To increase structural strength,To divert interference to the aircraft's electrical ground,To improve fuel efficiency,,B,EASY,,,,ANSWERED,Verified correction (score=0.50),1,14 Electromagnetic Environment.docx,"{""raw"": ""11. What is the purpose of bonding in aircraft?\n    a. To increase structural strength  \n    b. To divert interference to the aircraft's electrical ground  \n    c. To improve fuel efficiency"", ""question"": ""11. What is the purpose of bonding in aircraft?"", ""options"": [""To increase structural strength"", ""To divert interference to the aircraft's electrical ground"", ""To improve fuel efficiency""], ""correct"": null, ""answer_text"": null, ""category"": null, ""source_file"": ""14 Electromagnetic Environment.docx"", ""source_module"": ""M5"", ""fmt"": ""docx"", ""module"": ""M5"", ""syllabusRef"": ""M5.5.6(b)"", ""level"": null, ""difficulty"": ""EASY""}"
M5,M5.5.6(b),,12. What is the typical frequency range of concern for HIRF?,100 Hz to 1 kHz,10 kHz to 18 GHz,1 MHz to 100 MHz,,B,MEDIUM,,,,ANSWERED,Domain-knowledge answer (score=1.00),1,14 Electromagnetic Environment.docx,"{""raw"": ""12. What is the typical frequency range of concern for HIRF?\n    a. 100 Hz to 1 kHz  \n    b. 10 kHz to 18 GHz  \n    c. 1 MHz to 100 MHz"", ""question"": ""12. What is the typical frequency range of concern for HIRF?"", ""options"": [""100 Hz to 1 kHz"", ""10 kHz to 18 GHz"", ""1 MHz to 100 MHz""], ""correct"": null, ""answer_text"": null, ""category"": null, ""source_file"": ""14 Electromagnetic Environment.docx"", ""source_module"": ""M5"", ""fmt"": ""docx"", ""module"": ""M5"", ""syllabusRef"": ""M5.5.6(b)"", ""level"": null, ""difficulty"": ""MEDIUM""}"
M5,M5.05.02,,14. What is one characteristic of modern digital electronics compared to older analog systems?,They are less susceptible to EMI,They operate on much lower voltages,They require less shielding,,B,MEDIUM,,,,ANSWERED,Verified correction (score=0.50),1,14 Electromagnetic Environment.docx,"{""raw"": ""14. What is one characteristic of modern digital electronics compared to older analog systems?\n    a. They are less susceptible to EMI  \n    b. They operate on much lower voltages  \n    c. They require less shielding"", ""question"": ""14. What is one characteristic of modern digital electronics compared to older analog systems?"", ""options"": [""They are less susceptible to EMI"", ""They operate on much lower voltages"", ""They require less shielding""], ""correct"": null, ""answer_text"": null, ""category"": null, ""source_file"": ""14 Electromagnetic Environment.docx"", ""source_module"": ""M5"", ""fmt"": ""docx"", ""module"": ""M5"", ""syllabusRef"": ""M5.05.02"", ""level"": null, ""difficulty"": ""MEDIUM""}"
M5,M5.5.6(b),,15. What does a Faraday cage do in the context of EMC?,Shields sensitive electronics from EMI effects,Amplifies electromagnetic signals,Stores electrical energy,,A,MEDIUM,,,,ANSWERED,Domain-knowledge answer (score=1.00),1,14 Electromagnetic Environment.docx,"{""raw"": ""15. What does a Faraday cage do in the context of EMC?\n    a. Shields sensitive electronics from EMI effects  \n    b. Amplifies electromagnetic signals  \n    c. Stores electrical energy"", ""question"": ""15. What does a Faraday cage do in the context of EMC?"", ""options"": [""Shields sensitive electronics from EMI effects"", ""Amplifies electromagnetic signals"", ""Stores electrical energy""], ""correct"": null, ""answer_text"": null, ""category"": null, ""source_file"": ""14 Electromagnetic Environment.docx"", ""source_module"": ""M5"", ""fmt"": ""docx"", ""module"": ""M5"", ""syllabusRef"": ""M5.5.6(b)"", ""level"": null, ""difficulty"": ""MEDIUM""}"
M5,M5.5.6(b),,16. What causes the corona effect around an aircraft?,Excessive fuel consumption,Static discharge,Highspeed flight,,B,MEDIUM,,,,ANSWERED,Domain-knowledge answer (score=1.00),1,14 Electromagnetic Environment.docx,"{""raw"": ""16. What causes the corona effect around an aircraft?\n    a. Excessive fuel consumption  \n    b. Static discharge  \n    c. Highspeed flight"", ""question"": ""16. What causes the corona effect around an aircraft?"", ""options"": [""Excessive fuel consumption"", ""Static discharge"", ""Highspeed flight""], ""correct"": null, ""answer_text"": null, ""category"": null, ""source_file"": ""14 Electromagnetic Environment.docx"", ""source_module"": ""M5"", ""fmt"": ""docx"", ""module"": ""M5"", ""syllabusRef"": ""M5.5.6(b)"", ""level"": null, ""difficulty"": ""MEDIUM""}"
M5,M5.5.6(b),,17. How can EMI be minimized in aircraft wiring?,By using shielded and twisted pair cables,By increasing the wire gauge,By reducing the number of wires,,B,EASY,,,,ANSWERED,Verified correction (score=0.50),1,14 Electromagnetic Environment.docx,"{""raw"": ""17. How can EMI be minimized in aircraft wiring?\n    a. By using shielded and twisted pair cables  \n    b. By increasing the wire gauge  \n    c. By reducing the number of wires"", ""question"": ""17. How can EMI be minimized in aircraft wiring?"", ""options"": [""By using shielded and twisted pair cables"", ""By increasing the wire gauge"", ""By reducing the number of wires""], ""correct"": null, ""answer_text"": null, ""category"": null, ""source_file"": ""14 Electromagnetic Environment.docx"", ""source_module"": ""M5"", ""fmt"": ""docx"", ""module"": ""M5"", ""syllabusRef"": ""M5.5.6(b)"", ""level"": null, ""difficulty"": ""EASY""}"
M5,M5.5.6(b),,18. What is the main concern of EMC regarding digital electronics in aircraft?,Susceptibility to lowlevel voltage interference,Power consumption,Physical size of components,,A,MEDIUM,,,,ANSWERED,corpus page 251 (score=4),1,14 Electromagnetic Environment.docx,"{""raw"": ""18. What is the main concern of EMC regarding digital electronics in aircraft?\n    a. Susceptibility to lowlevel voltage interference  \n    b. Power consumption  \n    c. Physical size of components"", ""question"": ""18. What is the main concern of EMC regarding digital electronics in aircraft?"", ""options"": [""Susceptibility to lowlevel voltage interference"", ""Power consumption"", ""Physical size of components""], ""correct"": null, ""answer_text"": null, ""category"": null, ""source_file"": ""14 Electromagnetic Environment.docx"", ""source_module"": ""M5"", ""fmt"": ""docx"", ""module"": ""M5"", ""syllabusRef"": ""M5.5.6(b)"", ""level"": null, ""difficulty"": ""MEDIUM""}"
M5,M5.05.02,,19. What role do EMI filters play in aircraft systems?,To reduce electromagnetic interference,To increase signal strength,To decrease system weight,,B,MEDIUM,,,,ANSWERED,Verified correction (score=0.75),1,14 Electromagnetic Environment.docx,"{""raw"": ""19. What role do EMI filters play in aircraft systems?\n    a. To reduce electromagnetic interference  \n    b. To increase signal strength  \n    c. To decrease system weight"", ""question"": ""19. What role do EMI filters play in aircraft systems?"", ""options"": [""To reduce electromagnetic interference"", ""To increase signal strength"", ""To decrease system weight""], ""correct"": null, ""answer_text"": null, ""category"": null, ""source_file"": ""14 Electromagnetic Environment.docx"", ""source_module"": ""M5"", ""fmt"": ""docx"", ""module"": ""M5"", ""syllabusRef"": ""M5.05.02"", ""level"": null, ""difficulty"": ""MEDIUM""}"
M5,M5.05.08,,20. What is the purpose of RF sealing in aircraft equipment?,To enhance visual displays,To prevent EMI from affecting equipment,To improve cooling efficiency,,B,MEDIUM,,,,ANSWERED,Domain-verified (score=0.50),1,14 Electromagnetic Environment.docx,"{""raw"": ""20. What is the purpose of RF sealing in aircraft equipment?\n    a. To enhance visual displays  \n    b. To prevent EMI from affecting equipment  \n    c. To improve cooling efficiency"", ""question"": ""20. What is the purpose of RF sealing in aircraft equipment?"", ""options"": [""To enhance visual displays"", ""To prevent EMI from affecting equipment"", ""To improve cooling efficiency""], ""correct"": null, ""answer_text"": null, ""category"": null, ""source_file"": ""14 Electromagnetic Environment.docx"", ""source_module"": ""M5"", ""fmt"": ""docx"", ""module"": ""M5"", ""syllabusRef"": ""M5.05.08"", ""level"": null, ""difficulty"": ""MEDIUM""}"
M5,M5.05.02,,21. What happens if static dischargers deteriorate over time?,Increase in static interference,Decrease in aircraft speed,Improvement in communication systems,,A,MEDIUM,,,,ANSWERED,Domain-knowledge answer (score=1.00),1,14 Electromagnetic Environment.docx,"{""raw"": ""21. What happens if static dischargers deteriorate over time?\n    a. Increase in static interference  \n    b. Decrease in aircraft speed  \n    c. Improvement in communication systems"", ""question"": ""21. What happens if static dischargers deteriorate over time?"", ""options"": [""Increase in static interference"", ""Decrease in aircraft speed"", ""Improvement in communication systems""], ""correct"": null, ""answer_text"": null, ""category"": null, ""source_file"": ""14 Electromagnetic Environment.docx"", ""source_module"": ""M5"", ""fmt"": ""docx"", ""module"": ""M5"", ""syllabusRef"": ""M5.05.02"", ""level"": null, ""difficulty"": ""MEDIUM""}"
M5,,,22. Which component helps protect against HIRF?,Fuel filter,Shielded cables,Hydraulic fluid,,B,EASY,,,,ANSWERED,corpus page 264 (score=3),1,14 Electromagnetic Environment.docx,"{""raw"": ""22. Which component helps protect against HIRF?\n    a. Fuel filter  \n    b. Shielded cables  \n    c. Hydraulic fluid"", ""question"": ""22. Which component helps protect against HIRF?"", ""options"": [""Fuel filter"", ""Shielded cables"", ""Hydraulic fluid""], ""correct"": null, ""answer_text"": null, ""category"": null, ""source_file"": ""14 Electromagnetic Environment.docx"", ""source_module"": ""M5"", ""fmt"": ""docx"", ""module"": ""M5"", ""difficulty"": ""EASY""}"
M5,M5.5.6(b),,"23. What does the term ""noise"" refer to in the context of EMI?",Desired electromagnetic signals,Unwanted electromagnetic interference,Mechanical vibrations,,B,MEDIUM,,,,ANSWERED,Domain-verified (score=0.50),1,14 Electromagnetic Environment.docx,"{""raw"": ""23. What does the term \""noise\"" refer to in the context of EMI?\n    a. Desired electromagnetic signals  \n    b. Unwanted electromagnetic interference  \n    c. Mechanical vibrations"", ""question"": ""23. What does the term \""noise\"" refer to in the context of EMI?"", ""options"": [""Desired electromagnetic signals"", ""Unwanted electromagnetic interference"", ""Mechanical vibrations""], ""correct"": null, ""answer_text"": null, ""category"": null, ""source_file"": ""14 Electromagnetic Environment.docx"", ""source_module"": ""M5"", ""fmt"": ""docx"", ""module"": ""M5"", ""syllabusRef"": ""M5.5.6(b)"", ""level"": null, ""difficulty"": ""MEDIUM""}"
M5,,,24. How is conducted immunity (CI) tested?,By exposing equipment to static discharge,By applying interference signals to power and signal lines,By reducing power supply voltage,,B,EASY,,,,ANSWERED,Domain-knowledge answer (score=1.00),1,14 Electromagnetic Environment.docx,"{""raw"": ""24. How is conducted immunity (CI) tested?\n    a. By exposing equipment to static discharge  \n    b. By applying interference signals to power and signal lines  \n    c. By reducing power supply voltage"", ""question"": ""24. How is conducted immunity (CI) tested?"", ""options"": [""By exposing equipment to static discharge"", ""By applying interference signals to power and signal lines"", ""By reducing power supply voltage""], ""correct"": null, ""answer_text"": null, ""category"": null, ""source_file"": ""14 Electromagnetic Environment.docx"", ""source_module"": ""M5"", ""fmt"": ""docx"", ""module"": ""M5"", ""difficulty"": ""EASY""}"
M5,,,25. What type of energy is involved in Radiated Immunity (RI) testing?,Thermal energy,Electromagnetic energy,Mechanical energy,,B,MEDIUM,,,,ANSWERED,Domain-knowledge answer (score=1.00),1,14 Electromagnetic Environment.docx,"{""raw"": ""25. What type of energy is involved in Radiated Immunity (RI) testing?\n    a. Thermal energy  \n    b. Electromagnetic energy  \n    c. Mechanical energy"", ""question"": ""25. What type of energy is involved in Radiated Immunity (RI) testing?"", ""options"": [""Thermal energy"", ""Electromagnetic energy"", ""Mechanical energy""], ""correct"": null, ""answer_text"": null, ""category"": null, ""source_file"": ""14 Electromagnetic Environment.docx"", ""source_module"": ""M5"", ""fmt"": ""docx"", ""module"": ""M5"", ""difficulty"": ""MEDIUM""}"
M5,M5.5.5(a),,26. What is one common method to reduce EMI in aircraft?,Using higher voltage power supplies,Physical separation of wiring bundles,Increasing signal frequency,,B,MEDIUM,,,,ANSWERED,Verified correction (score=0.50),1,14 Electromagnetic Environment.docx,"{""raw"": ""26. What is one common method to reduce EMI in aircraft?\n    a. Using higher voltage power supplies  \n    b. Physical separation of wiring bundles  \n    c. Increasing signal frequency"", ""question"": ""26. What is one common method to reduce EMI in aircraft?"", ""options"": [""Using higher voltage power supplies"", ""Physical separation of wiring bundles"", ""Increasing signal frequency""], ""correct"": null, ""answer_text"": null, ""category"": null, ""source_file"": ""14 Electromagnetic Environment.docx"", ""source_module"": ""M5"", ""fmt"": ""docx"", ""module"": ""M5"", ""syllabusRef"": ""M5.5.5(a)"", ""level"": null, ""difficulty"": ""MEDIUM""}"
M5,M5.05.02,,27. What can be a result of poor bonding in aircraft systems?,Increased aerodynamic efficiency,Higher levels of electromagnetic interference,Improved fuel economy,,B,MEDIUM,,,,ANSWERED,Domain-verified (score=0.50),1,14 Electromagnetic Environment.docx,"{""raw"": ""27. What can be a result of poor bonding in aircraft systems?\n    a. Increased aerodynamic efficiency  \n    b. Higher levels of electromagnetic interference  \n    c. Improved fuel economy"", ""question"": ""27. What can be a result of poor bonding in aircraft systems?"", ""options"": [""Increased aerodynamic efficiency"", ""Higher levels of electromagnetic interference"", ""Improved fuel economy""], ""correct"": null, ""answer_text"": null, ""category"": null, ""source_file"": ""14 Electromagnetic Environment.docx"", ""source_module"": ""M5"", ""fmt"": ""docx"", ""module"": ""M5"", ""syllabusRef"": ""M5.05.02"", ""level"": null, ""difficulty"": ""MEDIUM""}"
M5,M5.5.6(b),,28. What is the function of a Transverse EM cell in EMC testing?,To generate thermal energy,To establish RE and RS characteristics,To test mechanical strength,,B,MEDIUM,,,,ANSWERED,Verified correction (score=0.50),1,14 Electromagnetic Environment.docx,"{""raw"": ""28. What is the function of a Transverse EM cell in EMC testing?\n    a. To generate thermal energy  \n    b. To establish RE and RS characteristics  \n    c. To test mechanical strength"", ""question"": ""28. What is the function of a Transverse EM cell in EMC testing?"", ""options"": [""To generate thermal energy"", ""To establish RE and RS characteristics"", ""To test mechanical strength""], ""correct"": null, ""answer_text"": null, ""category"": null, ""source_file"": ""14 Electromagnetic Environment.docx"", ""source_module"": ""M5"", ""fmt"": ""docx"", ""module"": ""M5"", ""syllabusRef"": ""M5.5.6(b)"", ""level"": null, ""difficulty"": ""MEDIUM""}"
M5,,,29. How does static discharge affect avionic equipment?,By causing potential interference,By improving signal clarity,By reducing power consumption,,B,MEDIUM,,,,ANSWERED,Verified correction (score=0.40),1,14 Electromagnetic Environment.docx,"{""raw"": ""29. How does static discharge affect avionic equipment?\n    a. By causing potential interference  \n    b. By improving signal clarity  \n    c. By reducing power consumption"", ""question"": ""29. How does static discharge affect avionic equipment?"", ""options"": [""By causing potential interference"", ""By improving signal clarity"", ""By reducing power consumption""], ""correct"": null, ""answer_text"": null, ""category"": null, ""source_file"": ""14 Electromagnetic Environment.docx"", ""source_module"": ""M5"", ""fmt"": ""docx"", ""module"": ""M5"", ""difficulty"": ""MEDIUM""}"
M5,M5.5.6(A),,"30. What does ""RE"" stand for in EMC terminology?",Reflective Emission,Radiated Emission,Reactive Energy,,B,EASY,,,,ANSWERED,Verified correction (score=1.00),1,14 Electromagnetic Environment.docx,"{""raw"": ""30. What does \""RE\"" stand for in EMC terminology?\n    a. Reflective Emission  \n    b. Radiated Emission  \n    c. Reactive Energy"", ""question"": ""30. What does \""RE\"" stand for in EMC terminology?"", ""options"": [""Reflective Emission"", ""Radiated Emission"", ""Reactive Energy""], ""correct"": null, ""answer_text"": null, ""category"": null, ""source_file"": ""14 Electromagnetic Environment.docx"", ""source_module"": ""M5"", ""fmt"": ""docx"", ""module"": ""M5"", ""syllabusRef"": ""M5.5.6(A)"", ""level"": null, ""difficulty"": ""EASY""}"
M5,M5.5.6(b),,1. What is the primary function of the Central Maintenance System (CMS)?,To control the flight plan,To monitor and report system faults,To manage cabin lighting,,A,MEDIUM,,,,ANSWERED,Domain-verified (score=0.67),1,15A Typical Electronic Systems .docx,"{""raw"": ""1. What is the primary function of the Central Maintenance System (CMS)?\n   a) To control the flight plan\n   b) To monitor and report system faults\n   c) To manage cabin lighting"", ""question"": ""1. What is the primary function of the Central Maintenance System (CMS)?"", ""options"": [""To control the flight plan"", ""To monitor and report system faults"", ""To manage cabin lighting""], ""correct"": null, ""answer_text"": null, ""category"": null, ""source_file"": ""15A Typical Electronic Systems .docx"", ""source_module"": ""M5"", ""fmt"": ""docx"", ""module"": ""M5"", ""syllabusRef"": ""M5.5.6(b)"", ""level"": null, ""difficulty"": ""MEDIUM""}"
M5,M5.05.04,,2. Which interface allows the operator to interact with the Central Maintenance System?,Data Loader,Multipurpose Control and Display Unit (MCDU),Engine Control Unit,,B,MEDIUM,,,,ANSWERED,Domain-knowledge answer (score=1.00),1,15A Typical Electronic Systems .docx,"{""raw"": ""2. Which interface allows the operator to interact with the Central Maintenance System?\n   a) Data Loader\n   b) Multipurpose Control and Display Unit (MCDU)\n   c) Engine Control Unit"", ""question"": ""2. Which interface allows the operator to interact with the Central Maintenance System?"", ""options"": [""Data Loader"", ""Multipurpose Control and Display Unit (MCDU)"", ""Engine Control Unit""], ""correct"": null, ""answer_text"": null, ""category"": null, ""source_file"": ""15A Typical Electronic Systems .docx"", ""source_module"": ""M5"", ""fmt"": ""docx"", ""module"": ""M5"", ""syllabusRef"": ""M5.05.04"", ""level"": null, ""difficulty"": ""MEDIUM""}"
M5,M5.05.04,,3. The Central Maintenance System can transmit data to the ground using which system?,GPS,Aircraft Communication Addressing and Reporting System (ACARS),Radar,,B,MEDIUM,,,,ANSWERED,corpus page 286 (score=6),1,15A Typical Electronic Systems .docx,"{""raw"": ""3. The Central Maintenance System can transmit data to the ground using which system?\n   a) GPS\n   b) Aircraft Communication Addressing and Reporting System (ACARS)\n   c) Radar"", ""question"": ""3. The Central Maintenance System can transmit data to the ground using which system?"", ""options"": [""GPS"", ""Aircraft Communication Addressing and Reporting System (ACARS)"", ""Radar""], ""correct"": null, ""answer_text"": null, ""category"": null, ""source_file"": ""15A Typical Electronic Systems .docx"", ""source_module"": ""M5"", ""fmt"": ""docx"", ""module"": ""M5"", ""syllabusRef"": ""M5.05.04"", ""level"": null, ""difficulty"": ""MEDIUM""}"
M5,M5.05.04,,4. What type of data can be loaded into the Central Maintenance Computers through the Multifunction Disk Drive Unit (MDDU)?,Navigation data,Maintenance data,Passenger information,,B,MEDIUM,,,,ANSWERED,corpus page 280 (score=12),1,15A Typical Electronic Systems .docx,"{""raw"": ""4. What type of data can be loaded into the Central Maintenance Computers through the Multifunction Disk Drive Unit (MDDU)?\n   a) Navigation data\n   b) Maintenance data\n   c) Passenger information"", ""question"": ""4. What type of data can be loaded into the Central Maintenance Computers through the Multifunction Disk Drive Unit (MDDU)?"", ""options"": [""Navigation data"", ""Maintenance data"", ""Passenger information""], ""correct"": null, ""answer_text"": null, ""category"": null, ""source_file"": ""15A Typical Electronic Systems .docx"", ""source_module"": ""M5"", ""fmt"": ""docx"", ""module"": ""M5"", ""syllabusRef"": ""M5.05.04"", ""level"": null, ""difficulty"": ""MEDIUM""}"
M5,M5.05.02,,5. The CMS continuously scans buses from which systems to detect failures?,Passenger entertainment systems,Aircraft systems BITEs (Built-In Test Equipment),Weather radar systems,,B,MEDIUM,,,,ANSWERED,corpus page 280 (score=6),1,15A Typical Electronic Systems .docx,"{""raw"": ""5. The CMS continuously scans buses from which systems to detect failures?\n   a) Passenger entertainment systems\n   b) Aircraft systems BITEs (Built-In Test Equipment)\n   c) Weather radar systems"", ""question"": ""5. The CMS continuously scans buses from which systems to detect failures?"", ""options"": [""Passenger entertainment systems"", ""Aircraft systems BITEs (Built-In Test Equipment)"", ""Weather radar systems""], ""correct"": null, ""answer_text"": null, ""category"": null, ""source_file"": ""15A Typical Electronic Systems .docx"", ""source_module"": ""M5"", ""fmt"": ""docx"", ""module"": ""M5"", ""syllabusRef"": ""M5.05.02"", ""level"": null, ""difficulty"": ""MEDIUM""}"
M5,M5.5.6(b),,6. What is the maximum deflection of spoilers 3 and 4 during manual flight?,30°,40°,50°,,B,MEDIUM,,,,ANSWERED,Domain-knowledge answer (score=1.00),1,15A Typical Electronic Systems .docx,"{""raw"": ""6. What is the maximum deflection of spoilers 3 and 4 during manual flight?\n   a) 30°\n   b) 40°\n   c) 50°"", ""question"": ""6. What is the maximum deflection of spoilers 3 and 4 during manual flight?"", ""options"": [""30°"", ""40°"", ""50°""], ""correct"": null, ""answer_text"": null, ""category"": null, ""source_file"": ""15A Typical Electronic Systems .docx"", ""source_module"": ""M5"", ""fmt"": ""docx"", ""module"": ""M5"", ""syllabusRef"": ""M5.5.6(b)"", ""level"": null, ""difficulty"": ""MEDIUM""}"
M5,M5.5.6(b),,7. When are the ground spoilers armed?,When the aircraft reaches cruising altitude,When the speed brake control lever is pulled up into the armed position,When the landing gear is retracted,,B,EASY,,,,ANSWERED,corpus page 296 (score=4),1,15A Typical Electronic Systems .docx,"{""raw"": ""7. When are the ground spoilers armed?\n   a) When the aircraft reaches cruising altitude\n   b) When the speed brake control lever is pulled up into the armed position\n   c) When the landing gear is retracted"", ""question"": ""7. When are the ground spoilers armed?"", ""options"": [""When the aircraft reaches cruising altitude"", ""When the speed brake control lever is pulled up into the armed position"", ""When the landing gear is retracted""], ""correct"": null, ""answer_text"": null, ""category"": null, ""source_file"": ""15A Typical Electronic Systems .docx"", ""source_module"": ""M5"", ""fmt"": ""docx"", ""module"": ""M5"", ""syllabusRef"": ""M5.5.6(b)"", ""level"": null, ""difficulty"": ""EASY""}"
M5,M5.5.6(b),,8. What happens if a spoiler surface on one wing fails?,The other spoilers increase deflection,The symmetric spoiler on the other wing is inhibited,The flight crew is alerted to land immediately,,A,MEDIUM,,,,ANSWERED,corpus page 295 (score=4),1,15A Typical Electronic Systems .docx,"{""raw"": ""8. What happens if a spoiler surface on one wing fails?\n   a) The other spoilers increase deflection\n   b) The symmetric spoiler on the other wing is inhibited\n   c) The flight crew is alerted to land immediately"", ""question"": ""8. What happens if a spoiler surface on one wing fails?"", ""options"": [""The other spoilers increase deflection"", ""The symmetric spoiler on the other wing is inhibited"", ""The flight crew is alerted to land immediately""], ""correct"": null, ""answer_text"": null, ""category"": null, ""source_file"": ""15A Typical Electronic Systems .docx"", ""source_module"": ""M5"", ""fmt"": ""docx"", ""module"": ""M5"", ""syllabusRef"": ""M5.5.6(b)"", ""level"": null, ""difficulty"": ""MEDIUM""}"
M5,M5.5.6(b),,"9. During automatic operation, which actuator drives the rudder if there is no failure?",Blue servo actuator,Green servo actuator,Yellow servo actuator,,B,MEDIUM,,,,ANSWERED,Domain-knowledge answer (score=1.00),1,15A Typical Electronic Systems .docx,"{""raw"": ""9. During automatic operation, which actuator drives the rudder if there is no failure?\n   a) Blue servo actuator\n   b) Green servo actuator\n   c) Yellow servo actuator"", ""question"": ""9. During automatic operation, which actuator drives the rudder if there is no failure?"", ""options"": [""Blue servo actuator"", ""Green servo actuator"", ""Yellow servo actuator""], ""correct"": null, ""answer_text"": null, ""category"": null, ""source_file"": ""15A Typical Electronic Systems .docx"", ""source_module"": ""M5"", ""fmt"": ""docx"", ""module"": ""M5"", ""syllabusRef"": ""M5.5.6(b)"", ""level"": null, ""difficulty"": ""MEDIUM""}"
M5,M5.5.6(b),,10. The yaw damping and turn coordination functions are computed by which components?,Flight Warning Computers (FWCs),Elevator Aileron Computers (ELACs),Central Maintenance Computers (CMCs),,B,MEDIUM,,,,ANSWERED,Domain-knowledge answer (score=1.00),1,15A Typical Electronic Systems .docx,"{""raw"": ""10. The yaw damping and turn coordination functions are computed by which components?\n    a) Flight Warning Computers (FWCs)\n    b) Elevator Aileron Computers (ELACs)\n    c) Central Maintenance Computers (CMCs)"", ""question"": ""10. The yaw damping and turn coordination functions are computed by which components?"", ""options"": [""Flight Warning Computers (FWCs)"", ""Elevator Aileron Computers (ELACs)"", ""Central Maintenance Computers (CMCs)""], ""correct"": null, ""answer_text"": null, ""category"": null, ""source_file"": ""15A Typical Electronic Systems .docx"", ""source_module"": ""M5"", ""fmt"": ""docx"", ""module"": ""M5"", ""syllabusRef"": ""M5.5.6(b)"", ""level"": null, ""difficulty"": ""MEDIUM""}"
M5,M5.5.6(b),,11. Speed brake extension is inhibited under which condition?,When SEC1 and SEC3 both have faults,When flaps are in take-off position,When the landing gear is down,,A,MEDIUM,,,,ANSWERED,corpus page 295 (score=5),1,15A Typical Electronic Systems .docx,"{""raw"": ""11. Speed brake extension is inhibited under which condition?\n    a) When SEC1 and SEC3 both have faults\n    b) When flaps are in take-off position\n    c) When the landing gear is down"", ""question"": ""11. Speed brake extension is inhibited under which condition?"", ""options"": [""When SEC1 and SEC3 both have faults"", ""When flaps are in take-off position"", ""When the landing gear is down""], ""correct"": null, ""answer_text"": null, ""category"": null, ""source_file"": ""15A Typical Electronic Systems .docx"", ""source_module"": ""M5"", ""fmt"": ""docx"", ""module"": ""M5"", ""syllabusRef"": ""M5.5.6(b)"", ""level"": null, ""difficulty"": ""MEDIUM""}"
M5,M5.5.6(b),,12. What is the maximum speed brake deflection for spoiler 2 with autopilot engaged?,20°,12.5°,40°,,B,MEDIUM,,,,ANSWERED,Domain-knowledge answer (score=1.00),1,15A Typical Electronic Systems .docx,"{""raw"": ""12. What is the maximum speed brake deflection for spoiler 2 with autopilot engaged?\n    a) 20°\n    b) 12.5°\n    c) 40°"", ""question"": ""12. What is the maximum speed brake deflection for spoiler 2 with autopilot engaged?"", ""options"": [""20°"", ""12.5°"", ""40°""], ""correct"": null, ""answer_text"": null, ""category"": null, ""source_file"": ""15A Typical Electronic Systems .docx"", ""source_module"": ""M5"", ""fmt"": ""docx"", ""module"": ""M5"", ""syllabusRef"": ""M5.5.6(b)"", ""level"": null, ""difficulty"": ""MEDIUM""}"
M5,M5.5.6(b),,13. When do speed brakes automatically retract?,When the aircraft is descending,"When a fault is detected, or an inhibition condition occurs",When the flaps are extended,,B,EASY,,,,ANSWERED,corpus page 295 (score=4),1,15A Typical Electronic Systems .docx,"{""raw"": ""13. When do speed brakes automatically retract?\n    a) When the aircraft is descending\n    b) When a fault is detected, or an inhibition condition occurs\n    c) When the flaps are extended"", ""question"": ""13. When do speed brakes automatically retract?"", ""options"": [""When the aircraft is descending"", ""When a fault is detected, or an inhibition condition occurs"", ""When the flaps are extended""], ""correct"": null, ""answer_text"": null, ""category"": null, ""source_file"": ""15A Typical Electronic Systems .docx"", ""source_module"": ""M5"", ""fmt"": ""docx"", ""module"": ""M5"", ""syllabusRef"": ""M5.5.6(b)"", ""level"": null, ""difficulty"": ""EASY""}"
M5,M5.5.6(b),,14. What is the function of the rudder in the yaw control system?,To control yaw,To control pitch,To control roll,,B,MEDIUM,,,,ANSWERED,Verified correction (score=0.50),1,15A Typical Electronic Systems .docx,"{""raw"": ""14. What is the function of the rudder in the yaw control system?\n    a) To control yaw\n    b) To control pitch\n    c) To control roll"", ""question"": ""14. What is the function of the rudder in the yaw control system?"", ""options"": [""To control yaw"", ""To control pitch"", ""To control roll""], ""correct"": null, ""answer_text"": null, ""category"": null, ""source_file"": ""15A Typical Electronic Systems .docx"", ""source_module"": ""M5"", ""fmt"": ""docx"", ""module"": ""M5"", ""syllabusRef"": ""M5.5.6(b)"", ""level"": null, ""difficulty"": ""MEDIUM""}"
M5,M5.5.6(b),,15. How many hydraulic actuators operate the rudder in parallel?,Two,Four,Three,,C,MEDIUM,,,,ANSWERED,Domain-knowledge answer (score=0.33),1,15A Typical Electronic Systems .docx,"{""raw"": ""15. How many hydraulic actuators operate the rudder in parallel?\n    a) Two\n    b) Four\n    c) Three"", ""question"": ""15. How many hydraulic actuators operate the rudder in parallel?"", ""options"": [""Two"", ""Four"", ""Three""], ""correct"": null, ""answer_text"": null, ""category"": null, ""source_file"": ""15A Typical Electronic Systems .docx"", ""source_module"": ""M5"", ""fmt"": ""docx"", ""module"": ""M5"", ""syllabusRef"": ""M5.5.6(b)"", ""level"": null, ""difficulty"": ""MEDIUM""}"
M5,M5.5.6(b),,16. The FMS integrates which of the following functions?,Passenger management and fuel management,"Navigation, performance management, and flight planning",Weather monitoring and engine control,,B,MEDIUM,,,,ANSWERED,Domain-knowledge answer (score=1.00),1,15A Typical Electronic Systems .docx,"{""raw"": ""16. The FMS integrates which of the following functions?\n    a) Passenger management and fuel management\n    b) Navigation, performance management, and flight planning\n    c) Weather monitoring and engine control"", ""question"": ""16. The FMS integrates which of the following functions?"", ""options"": [""Passenger management and fuel management"", ""Navigation, performance management, and flight planning"", ""Weather monitoring and engine control""], ""correct"": null, ""answer_text"": null, ""category"": null, ""source_file"": ""15A Typical Electronic Systems .docx"", ""source_module"": ""M5"", ""fmt"": ""docx"", ""module"": ""M5"", ""syllabusRef"": ""M5.5.6(b)"", ""level"": null, ""difficulty"": ""MEDIUM""}"
M5,M5.05.04,,17. What does the FMS use to compare the selected flight plan with the actual aircraft position?,Horizontal and vertical aircraft position data,Engine performance data,Cabin pressure data,,B,MEDIUM,,,,ANSWERED,Verified correction (score=0.50),1,15A Typical Electronic Systems .docx,"{""raw"": ""17. What does the FMS use to compare the selected flight plan with the actual aircraft position?\n    a) Horizontal and vertical aircraft position data\n    b) Engine performance data\n    c) Cabin pressure data"", ""question"": ""17. What does the FMS use to compare the selected flight plan with the actual aircraft position?"", ""options"": [""Horizontal and vertical aircraft position data"", ""Engine performance data"", ""Cabin pressure data""], ""correct"": null, ""answer_text"": null, ""category"": null, ""source_file"": ""15A Typical Electronic Systems .docx"", ""source_module"": ""M5"", ""fmt"": ""docx"", ""module"": ""M5"", ""syllabusRef"": ""M5.05.04"", ""level"": null, ""difficulty"": ""MEDIUM""}"
M5,M5.5.6(b),,18. Through what interface can the flight crew change the flight plan in the FMS?,Control Display Unit (CDU),Maintenance Control Panel (MCP),Central Control Unit (CCU),,A,MEDIUM,,,,ANSWERED,Domain-knowledge answer (score=1.00),1,15A Typical Electronic Systems .docx,"{""raw"": ""18. Through what interface can the flight crew change the flight plan in the FMS?\n    a) Control Display Unit (CDU)\n    b) Maintenance Control Panel (MCP)\n    c) Central Control Unit (CCU)"", ""question"": ""18. Through what interface can the flight crew change the flight plan in the FMS?"", ""options"": [""Control Display Unit (CDU)"", ""Maintenance Control Panel (MCP)"", ""Central Control Unit (CCU)""], ""correct"": null, ""answer_text"": null, ""category"": null, ""source_file"": ""15A Typical Electronic Systems .docx"", ""source_module"": ""M5"", ""fmt"": ""docx"", ""module"": ""M5"", ""syllabusRef"": ""M5.5.6(b)"", ""level"": null, ""difficulty"": ""MEDIUM""}"
M5,M5.05.02,,19. Which systems provide inputs to the FMS for continuous monitoring of the aircraft's track?,Cabin systems and entertainment systems,"Doppler, INS/IRS, DME, and VOR",Fuel systems and hydraulic systems,,C,MEDIUM,,,,ANSWERED,corpus page 300 (score=6),1,15A Typical Electronic Systems .docx,"{""raw"": ""19. Which systems provide inputs to the FMS for continuous monitoring of the aircraft's track?\n    a) Cabin systems and entertainment systems\n    b) Doppler, INS/IRS, DME, and VOR\n    c) Fuel systems and hydraulic systems"", ""question"": ""19. Which systems provide inputs to the FMS for continuous monitoring of the aircraft's track?"", ""options"": [""Cabin systems and entertainment systems"", ""Doppler, INS/IRS, DME, and VOR"", ""Fuel systems and hydraulic systems""], ""correct"": null, ""answer_text"": null, ""category"": null, ""source_file"": ""15A Typical Electronic Systems .docx"", ""source_module"": ""M5"", ""fmt"": ""docx"", ""module"": ""M5"", ""syllabusRef"": ""M5.05.02"", ""level"": null, ""difficulty"": ""MEDIUM""}"
M5,M5.5.6(b),,20. What type of data does the Performance Data Computer System provide?,Passenger seating data,Advisory data in alphanumeric format,Weather data,,B,MEDIUM,,,,ANSWERED,Domain-verified (score=0.50),1,15A Typical Electronic Systems .docx,"{""raw"": ""20. What type of data does the Performance Data Computer System provide?\n    a) Passenger seating data\n    b) Advisory data in alphanumeric format\n    c) Weather data"", ""question"": ""20. What type of data does the Performance Data Computer System provide?"", ""options"": [""Passenger seating data"", ""Advisory data in alphanumeric format"", ""Weather data""], ""correct"": null, ""answer_text"": null, ""category"": null, ""source_file"": ""15A Typical Electronic Systems .docx"", ""source_module"": ""M5"", ""fmt"": ""docx"", ""module"": ""M5"", ""syllabusRef"": ""M5.5.6(b)"", ""level"": null, ""difficulty"": ""MEDIUM""}"
M5,M5.05.02,,21. What is the purpose of satellite communication systems on an aircraft?,To monitor fuel levels,To provide global communication capabilities,To control in-flight entertainment systems,,B,MEDIUM,,,,ANSWERED,Domain-verified (score=0.50),1,15A Typical Electronic Systems .docx,"{""raw"": ""21. What is the purpose of satellite communication systems on an aircraft?\n    a) To monitor fuel levels\n    b) To provide global communication capabilities\n    c) To control in-flight entertainment systems"", ""question"": ""21. What is the purpose of satellite communication systems on an aircraft?"", ""options"": [""To monitor fuel levels"", ""To provide global communication capabilities"", ""To control in-flight entertainment systems""], ""correct"": null, ""answer_text"": null, ""category"": null, ""source_file"": ""15A Typical Electronic Systems .docx"", ""source_module"": ""M5"", ""fmt"": ""docx"", ""module"": ""M5"", ""syllabusRef"": ""M5.05.02"", ""level"": null, ""difficulty"": ""MEDIUM""}"
M5,,,22. Which system utilizes satellite navigation for accurate positioning?,Global Positioning System (GPS),VHF Communication System,Weather Radar System,,A,MEDIUM,,,,ANSWERED,Domain-knowledge answer (score=1.00),1,15A Typical Electronic Systems .docx,"{""raw"": ""22. Which system utilizes satellite navigation for accurate positioning?\n    a) Global Positioning System (GPS)\n    b) VHF Communication System\n    c) Weather Radar System"", ""question"": ""22. Which system utilizes satellite navigation for accurate positioning?"", ""options"": [""Global Positioning System (GPS)"", ""VHF Communication System"", ""Weather Radar System""], ""correct"": null, ""answer_text"": null, ""category"": null, ""source_file"": ""15A Typical Electronic Systems .docx"", ""source_module"": ""M5"", ""fmt"": ""docx"", ""module"": ""M5"", ""difficulty"": ""MEDIUM""}"
M5,M5.05.04,,23. What is the function of the Aircraft Communication Addressing and Reporting System (ACARS)?,To navigate the aircraft,To transmit data between the aircraft and ground stations,To control cabin lighting,,A,MEDIUM,,,,ANSWERED,Verified correction (score=0.67),1,15A Typical Electronic Systems .docx,"{""raw"": ""23. What is the function of the Aircraft Communication Addressing and Reporting System (ACARS)?\n    a) To navigate the aircraft\n    b) To transmit data between the aircraft and ground stations\n    c) To control cabin lighting"", ""question"": ""23. What is the function of the Aircraft Communication Addressing and Reporting System (ACARS)?"", ""options"": [""To navigate the aircraft"", ""To transmit data between the aircraft and ground stations"", ""To control cabin lighting""], ""correct"": null, ""answer_text"": null, ""category"": null, ""source_file"": ""15A Typical Electronic Systems .docx"", ""source_module"": ""M5"", ""fmt"": ""docx"", ""module"": ""M5"", ""syllabusRef"": ""M5.05.04"", ""level"": null, ""difficulty"": ""MEDIUM""}"
M5,M5.05.02,,24. What is the main advantage of satellite navigation over traditional navigation systems?,Higher accuracy and global coverage,Lower cost,Simpler technology,,A,MEDIUM,,,,ANSWERED,Domain-verified (score=0.50),1,15A Typical Electronic Systems .docx,"{""raw"": ""24. What is the main advantage of satellite navigation over traditional navigation systems?\n    a) Higher accuracy and global coverage\n    b) Lower cost\n    c) Simpler technology"", ""question"": ""24. What is the main advantage of satellite navigation over traditional navigation systems?"", ""options"": [""Higher accuracy and global coverage"", ""Lower cost"", ""Simpler technology""], ""correct"": null, ""answer_text"": null, ""category"": null, ""source_file"": ""15A Typical Electronic Systems .docx"", ""source_module"": ""M5"", ""fmt"": ""docx"", ""module"": ""M5"", ""syllabusRef"": ""M5.05.02"", ""level"": null, ""difficulty"": ""MEDIUM""}"
M5,,,25. Which component is essential for satellite-based navigation?,GPS receiver,Weather radar,Airspeed indicator,,A,MEDIUM,,,,ANSWERED,Domain-knowledge answer (score=1.00),1,15A Typical Electronic Systems .docx,"{""raw"": ""25. Which component is essential for satellite-based navigation?\n    a) GPS receiver\n    b) Weather radar\n    c) Airspeed indicator"", ""question"": ""25. Which component is essential for satellite-based navigation?"", ""options"": [""GPS receiver"", ""Weather radar"", ""Airspeed indicator""], ""correct"": null, ""answer_text"": null, ""category"": null, ""source_file"": ""15A Typical Electronic Systems .docx"", ""source_module"": ""M5"", ""fmt"": ""docx"", ""module"": ""M5"", ""difficulty"": ""MEDIUM""}"
M5,M5.5.6(b),,26. What is the primary function of airborne weather radar?,To navigate the aircraft,To detect and display weather conditions,To communicate with air traffic control,,A,MEDIUM,,,,ANSWERED,Domain-verified (score=0.67),1,15A Typical Electronic Systems .docx,"{""raw"": ""26. What is the primary function of airborne weather radar?\n    a) To navigate the aircraft\n    b) To detect and display weather conditions\n    c) To communicate with air traffic control"", ""question"": ""26. What is the primary function of airborne weather radar?"", ""options"": [""To navigate the aircraft"", ""To detect and display weather conditions"", ""To communicate with air traffic control""], ""correct"": null, ""answer_text"": null, ""category"": null, ""source_file"": ""15A Typical Electronic Systems .docx"", ""source_module"": ""M5"", ""fmt"": ""docx"", ""module"": ""M5"", ""syllabusRef"": ""M5.5.6(b)"", ""level"": null, ""difficulty"": ""MEDIUM""}"
M5,M5.5.6(b),,27. How does the Traffic Collision Avoidance System (TCAS) enhance safety?,By controlling cabin pressure,By providing traffic advisories and resolution advisories to avoid mid-air collisions,By monitoring fuel consumption,,A,MEDIUM,,,,ANSWERED,Domain-verified (score=0.75),1,15A Typical Electronic Systems .docx,"{""raw"": ""27. How does the Traffic Collision Avoidance System (TCAS) enhance safety?\n    a) By controlling cabin pressure\n    b) By providing traffic advisories and resolution advisories to avoid mid-air collisions\n    c) By monitoring fuel consumption"", ""question"": ""27. How does the Traffic Collision Avoidance System (TCAS) enhance safety?"", ""options"": [""By controlling cabin pressure"", ""By providing traffic advisories and resolution advisories to avoid mid-air collisions"", ""By monitoring fuel consumption""], ""correct"": null, ""answer_text"": null, ""category"": null, ""source_file"": ""15A Typical Electronic Systems .docx"", ""source_module"": ""M5"", ""fmt"": ""docx"", ""module"": ""M5"", ""syllabusRef"": ""M5.5.6(b)"", ""level"": null, ""difficulty"": ""MEDIUM""}"
M5,M5.5.6(b),,28. What is the purpose of the Enhanced Ground Proximity Warning System (EGPWS)?,To monitor engine performance,To alert pilots of potential terrain collisions,To control autopilot functions,,B,MEDIUM,,,,ANSWERED,Verified correction (score=0.67),1,15A Typical Electronic Systems .docx,"{""raw"": ""28. What is the purpose of the Enhanced Ground Proximity Warning System (EGPWS)?\n    a) To monitor engine performance\n    b) To alert pilots of potential terrain collisions\n    c) To control autopilot functions"", ""question"": ""28. What is the purpose of the Enhanced Ground Proximity Warning System (EGPWS)?"", ""options"": [""To monitor engine performance"", ""To alert pilots of potential terrain collisions"", ""To control autopilot functions""], ""correct"": null, ""answer_text"": null, ""category"": null, ""source_file"": ""15A Typical Electronic Systems .docx"", ""source_module"": ""M5"", ""fmt"": ""docx"", ""module"": ""M5"", ""syllabusRef"": ""M5.5.6(b)"", ""level"": null, ""difficulty"": ""MEDIUM""}"
M5,M5.5.6(b),,29. Which system provides real-time weather information to the flight crew?,Weather radar,Central Maintenance System,Passenger Information System,,B,MEDIUM,,,,ANSWERED,Domain-knowledge answer (score=0.40),1,15A Typical Electronic Systems .docx,"{""raw"": ""29. Which system provides real-time weather information to the flight crew?\n    a) Weather radar\n    b) Central Maintenance System\n    c) Passenger Information System"", ""question"": ""29. Which system provides real-time weather information to the flight crew?"", ""options"": [""Weather radar"", ""Central Maintenance System"", ""Passenger Information System""], ""correct"": null, ""answer_text"": null, ""category"": null, ""source_file"": ""15A Typical Electronic Systems .docx"", ""source_module"": ""M5"", ""fmt"": ""docx"", ""module"": ""M5"", ""syllabusRef"": ""M5.5.6(b)"", ""level"": null, ""difficulty"": ""MEDIUM""}"
M5,M5.05.04,,30. What does the Mode S transponder provide?,Aircraft identification and altitude information,Navigation data,Cabin temperature control,,A,EASY,,,,ANSWERED,corpus page 348 (score=3),1,15A Typical Electronic Systems .docx,"{""raw"": ""30. What does the Mode S transponder provide?\n    a) Aircraft identification and altitude information\n    b) Navigation data\n    c) Cabin temperature control"", ""question"": ""30. What does the Mode S transponder provide?"", ""options"": [""Aircraft identification and altitude information"", ""Navigation data"", ""Cabin temperature control""], ""correct"": null, ""answer_text"": null, ""category"": null, ""source_file"": ""15A Typical Electronic Systems .docx"", ""source_module"": ""M5"", ""fmt"": ""docx"", ""module"": ""M5"", ""syllabusRef"": ""M5.05.04"", ""level"": null, ""difficulty"": ""EASY""}"
M5,M5.5.8,2,31. What is the main benefit of Integrated Modular Avionics (IMA)?,Lower cost of components,Increased system integration and reduced weight,Simpler maintenance procedures,,B,MEDIUM,,,,ANSWERED,Domain-knowledge answer (score=1.00),1,15A Typical Electronic Systems .docx,"{""raw"": ""31. What is the main benefit of Integrated Modular Avionics (IMA)?\n    a) Lower cost of components\n    b) Increased system integration and reduced weight\n    c) Simpler maintenance procedures"", ""question"": ""31. What is the main benefit of Integrated Modular Avionics (IMA)?"", ""options"": [""Lower cost of components"", ""Increased system integration and reduced weight"", ""Simpler maintenance procedures""], ""correct"": null, ""answer_text"": null, ""category"": null, ""source_file"": ""15A Typical Electronic Systems .docx"", ""source_module"": ""M5"", ""fmt"": ""docx"", ""module"": ""M5"", ""syllabusRef"": ""M5.5.8"", ""level"": 2, ""difficulty"": ""MEDIUM""}"
M5,M5.05.02,,32. IMA systems are designed to replace which type of architecture?,Mechanical systems,Federated architectures,Hydraulic systems,,B,MEDIUM,,,,ANSWERED,Domain-knowledge answer (score=1.00),1,15A Typical Electronic Systems .docx,"{""raw"": ""32. IMA systems are designed to replace which type of architecture?\n    a) Mechanical systems\n    b) Federated architectures\n    c) Hydraulic systems"", ""question"": ""32. IMA systems are designed to replace which type of architecture?"", ""options"": [""Mechanical systems"", ""Federated architectures"", ""Hydraulic systems""], ""correct"": null, ""answer_text"": null, ""category"": null, ""source_file"": ""15A Typical Electronic Systems .docx"", ""source_module"": ""M5"", ""fmt"": ""docx"", ""module"": ""M5"", ""syllabusRef"": ""M5.05.02"", ""level"": null, ""difficulty"": ""MEDIUM""}"
M5,M5.05.02,,33. What type of data bus is commonly used in IMA systems for communication?,Ethernet,ARINC 664,USB,,B,MEDIUM,,,,ANSWERED,Verified correction (score=0.50),1,15A Typical Electronic Systems .docx,"{""raw"": ""33. What type of data bus is commonly used in IMA systems for communication?\n    a) Ethernet\n    b) ARINC 664\n    c) USB"", ""question"": ""33. What type of data bus is commonly used in IMA systems for communication?"", ""options"": [""Ethernet"", ""ARINC 664"", ""USB""], ""correct"": null, ""answer_text"": null, ""category"": null, ""source_file"": ""15A Typical Electronic Systems .docx"", ""source_module"": ""M5"", ""fmt"": ""docx"", ""module"": ""M5"", ""syllabusRef"": ""M5.05.02"", ""level"": null, ""difficulty"": ""MEDIUM""}"
M5,M5.5.6(b),,34. What is one of the primary goals of IMA?,To increase fuel efficiency,To enhance system flexibility and scalability,To reduce pilot workload,,B,EASY,,,,ANSWERED,Domain-knowledge answer (score=0.67),1,15A Typical Electronic Systems .docx,"{""raw"": ""34. What is one of the primary goals of IMA?\n    a) To increase fuel efficiency\n    b) To enhance system flexibility and scalability\n    c) To reduce pilot workload"", ""question"": ""34. What is one of the primary goals of IMA?"", ""options"": [""To increase fuel efficiency"", ""To enhance system flexibility and scalability"", ""To reduce pilot workload""], ""correct"": null, ""answer_text"": null, ""category"": null, ""source_file"": ""15A Typical Electronic Systems .docx"", ""source_module"": ""M5"", ""fmt"": ""docx"", ""module"": ""M5"", ""syllabusRef"": ""M5.5.6(b)"", ""level"": null, ""difficulty"": ""EASY""}"
M5,M5.5.6(b),,35. Which system is a part of the IMA architecture?,Flight Entertainment System,Avionics system,Hydraulic Control System,,A,MEDIUM,,,,ANSWERED,corpus page 318 (score=4),1,15A Typical Electronic Systems .docx,"{""raw"": ""35. Which system is a part of the IMA architecture?\n    a) Flight Entertainment System\n    b) Avionics system\n    c) Hydraulic Control System"", ""question"": ""35. Which system is a part of the IMA architecture?"", ""options"": [""Flight Entertainment System"", ""Avionics system"", ""Hydraulic Control System""], ""correct"": null, ""answer_text"": null, ""category"": null, ""source_file"": ""15A Typical Electronic Systems .docx"", ""source_module"": ""M5"", ""fmt"": ""docx"", ""module"": ""M5"", ""syllabusRef"": ""M5.5.6(b)"", ""level"": null, ""difficulty"": ""MEDIUM""}"
M5,M5.05.02,,36. What does the Centralized Fault Display Interface Unit (CFDIU) display?,Navigation data,Fault messages from aircraft systems,Passenger information,,B,MEDIUM,,,,ANSWERED,corpus page 280 (score=5),1,15A Typical Electronic Systems .docx,"{""raw"": ""36. What does the Centralized Fault Display Interface Unit (CFDIU) display?\n    a) Navigation data\n    b) Fault messages from aircraft systems\n    c) Passenger information"", ""question"": ""36. What does the Centralized Fault Display Interface Unit (CFDIU) display?"", ""options"": [""Navigation data"", ""Fault messages from aircraft systems"", ""Passenger information""], ""correct"": null, ""answer_text"": null, ""category"": null, ""source_file"": ""15A Typical Electronic Systems .docx"", ""source_module"": ""M5"", ""fmt"": ""docx"", ""module"": ""M5"", ""syllabusRef"": ""M5.05.02"", ""level"": null, ""difficulty"": ""MEDIUM""}"
M5,M5.05.01,,37. The Electronic Centralized Aircraft Monitoring (ECAM) system provides which type of information?,Passenger seating arrangement,System status and warnings,Flight plan details,,B,MEDIUM,,,,ANSWERED,corpus page 108 (score=6),1,15A Typical Electronic Systems .docx,"{""raw"": ""37. The Electronic Centralized Aircraft Monitoring (ECAM) system provides which type of information?\n    a) Passenger seating arrangement\n    b) System status and warnings\n    c) Flight plan details"", ""question"": ""37. The Electronic Centralized Aircraft Monitoring (ECAM) system provides which type of information?"", ""options"": [""Passenger seating arrangement"", ""System status and warnings"", ""Flight plan details""], ""correct"": null, ""answer_text"": null, ""category"": null, ""source_file"": ""15A Typical Electronic Systems .docx"", ""source_module"": ""M5"", ""fmt"": ""docx"", ""module"": ""M5"", ""syllabusRef"": ""M5.05.01"", ""level"": null, ""difficulty"": ""MEDIUM""}"
M5,M5.05.02,,38. What is the role of the Multipurpose Control and Display Unit (MCDU) in indicating functions?,To control cabin lighting,To interface with the CMS and display maintenance data,To manage fuel systems,,B,MEDIUM,,,,ANSWERED,Domain-verified (score=0.50),1,15A Typical Electronic Systems .docx,"{""raw"": ""38. What is the role of the Multipurpose Control and Display Unit (MCDU) in indicating functions?\n    a) To control cabin lighting\n    b) To interface with the CMS and display maintenance data\n    c) To manage fuel systems"", ""question"": ""38. What is the role of the Multipurpose Control and Display Unit (MCDU) in indicating functions?"", ""options"": [""To control cabin lighting"", ""To interface with the CMS and display maintenance data"", ""To manage fuel systems""], ""correct"": null, ""answer_text"": null, ""category"": null, ""source_file"": ""15A Typical Electronic Systems .docx"", ""source_module"": ""M5"", ""fmt"": ""docx"", ""module"": ""M5"", ""syllabusRef"": ""M5.05.02"", ""level"": null, ""difficulty"": ""MEDIUM""}"
M5,M5.05.04,,39. How does the Flight Data Interface Unit (FDIU) contribute to aircraft monitoring?,By collecting and processing engine and aircraft parameters,By controlling the flight plan,By managing in-flight entertainment,,B,MEDIUM,,,,ANSWERED,Verified correction (score=0.50),1,15A Typical Electronic Systems .docx,"{""raw"": ""39. How does the Flight Data Interface Unit (FDIU) contribute to aircraft monitoring?\n    a) By collecting and processing engine and aircraft parameters\n    b) By controlling the flight plan\n    c) By managing in-flight entertainment"", ""question"": ""39. How does the Flight Data Interface Unit (FDIU) contribute to aircraft monitoring?"", ""options"": [""By collecting and processing engine and aircraft parameters"", ""By controlling the flight plan"", ""By managing in-flight entertainment""], ""correct"": null, ""answer_text"": null, ""category"": null, ""source_file"": ""15A Typical Electronic Systems .docx"", ""source_module"": ""M5"", ""fmt"": ""docx"", ""module"": ""M5"", ""syllabusRef"": ""M5.05.04"", ""level"": null, ""difficulty"": ""MEDIUM""}"
M5,M5.05.04,,40. The Condition Monitoring System (CMS) performs which function?,Engine and aircraft performance monitoring,Cabin pressure control,Navigation data management,,A,MEDIUM,,,,ANSWERED,corpus page 282 (score=4),1,15A Typical Electronic Systems .docx,"{""raw"": ""40. The Condition Monitoring System (CMS) performs which function?\n    a) Engine and aircraft performance monitoring\n    b) Cabin pressure control\n    c) Navigation data management"", ""question"": ""40. The Condition Monitoring System (CMS) performs which function?"", ""options"": [""Engine and aircraft performance monitoring"", ""Cabin pressure control"", ""Navigation data management""], ""correct"": null, ""answer_text"": null, ""category"": null, ""source_file"": ""15A Typical Electronic Systems .docx"", ""source_module"": ""M5"", ""fmt"": ""docx"", ""module"": ""M5"", ""syllabusRef"": ""M5.05.04"", ""level"": null, ""difficulty"": ""MEDIUM""}"
M5,M5.05.04,,41. What type of data is stored by the Data Management Unit (DMU)?,Passenger information,Aircraft system data,Weather data,,B,MEDIUM,,,,ANSWERED,corpus page 58 (score=4),1,15A Typical Electronic Systems .docx,"{""raw"": ""41. What type of data is stored by the Data Management Unit (DMU)?\n    a) Passenger information\n    b) Aircraft system data\n    c) Weather data"", ""question"": ""41. What type of data is stored by the Data Management Unit (DMU)?"", ""options"": [""Passenger information"", ""Aircraft system data"", ""Weather data""], ""correct"": null, ""answer_text"": null, ""category"": null, ""source_file"": ""15A Typical Electronic Systems .docx"", ""source_module"": ""M5"", ""fmt"": ""docx"", ""module"": ""M5"", ""syllabusRef"": ""M5.05.04"", ""level"": null, ""difficulty"": ""MEDIUM""}"
M5,M5.05.04,,42. How can the collected data from the DMU be retrieved?,"Through the MCDU, memory support, or printed reports",By manual entry from the cockpit,By passenger request,,A,MEDIUM,,,,ANSWERED,corpus page 282 (score=3),1,15A Typical Electronic Systems .docx,"{""raw"": ""42. How can the collected data from the DMU be retrieved?\n    a) Through the MCDU, memory support, or printed reports\n    b) By manual entry from the cockpit\n    c) By passenger request"", ""question"": ""42. How can the collected data from the DMU be retrieved?"", ""options"": [""Through the MCDU, memory support, or printed reports"", ""By manual entry from the cockpit"", ""By passenger request""], ""correct"": null, ""answer_text"": null, ""category"": null, ""source_file"": ""15A Typical Electronic Systems .docx"", ""source_module"": ""M5"", ""fmt"": ""docx"", ""module"": ""M5"", ""syllabusRef"": ""M5.05.04"", ""level"": null, ""difficulty"": ""MEDIUM""}"
M5,M5.05.02,,43. What does the Cabin Intercommunication Data System (CIDS) control?,Cabin lighting and passenger call systems,Engine performance,Flight management system,,A,MEDIUM,,,,ANSWERED,corpus page 359 (score=6),1,15A Typical Electronic Systems .docx,"{""raw"": ""43. What does the Cabin Intercommunication Data System (CIDS) control?\n    a) Cabin lighting and passenger call systems\n    b) Engine performance\n    c) Flight management system"", ""question"": ""43. What does the Cabin Intercommunication Data System (CIDS) control?"", ""options"": [""Cabin lighting and passenger call systems"", ""Engine performance"", ""Flight management system""], ""correct"": null, ""answer_text"": null, ""category"": null, ""source_file"": ""15A Typical Electronic Systems .docx"", ""source_module"": ""M5"", ""fmt"": ""docx"", ""module"": ""M5"", ""syllabusRef"": ""M5.05.02"", ""level"": null, ""difficulty"": ""MEDIUM""}"
M5,M5.05.04,,44. Which function is related to the CIDS?,Fuel management,Smoke detection,Navigation data processing,,B,EASY,,,,ANSWERED,Domain-knowledge answer (score=1.00),1,15A Typical Electronic Systems .docx,"{""raw"": ""44. Which function is related to the CIDS?\n    a) Fuel management\n    b) Smoke detection\n    c) Navigation data processing"", ""question"": ""44. Which function is related to the CIDS?"", ""options"": [""Fuel management"", ""Smoke detection"", ""Navigation data processing""], ""correct"": null, ""answer_text"": null, ""category"": null, ""source_file"": ""15A Typical Electronic Systems .docx"", ""source_module"": ""M5"", ""fmt"": ""docx"", ""module"": ""M5"", ""syllabusRef"": ""M5.05.04"", ""level"": null, ""difficulty"": ""EASY""}"
M5,M5.05.02,,45. The CIDS provides indicating functions for which system?,Flight control system,Cabin and passenger systems,Weather radar system,,A,MEDIUM,,,,ANSWERED,corpus page 325 (score=4),1,15A Typical Electronic Systems .docx,"{""raw"": ""45. The CIDS provides indicating functions for which system?\n    a) Flight control system\n    b) Cabin and passenger systems\n    c) Weather radar system"", ""question"": ""45. The CIDS provides indicating functions for which system?"", ""options"": [""Flight control system"", ""Cabin and passenger systems"", ""Weather radar system""], ""correct"": null, ""answer_text"": null, ""category"": null, ""source_file"": ""15A Typical Electronic Systems .docx"", ""source_module"": ""M5"", ""fmt"": ""docx"", ""module"": ""M5"", ""syllabusRef"": ""M5.05.02"", ""level"": null, ""difficulty"": ""MEDIUM""}"
M5,M5.05.04,,46. What is the primary purpose of the Aircraft Condition Monitoring System (ACMS)?,To navigate the aircraft,To monitor and record aircraft performance and condition data,To control cabin temperature,,B,MEDIUM,,,,ANSWERED,Domain-verified (score=0.67),1,15A Typical Electronic Systems .docx,"{""raw"": ""46. What is the primary purpose of the Aircraft Condition Monitoring System (ACMS)?\n    a) To navigate the aircraft\n    b) To monitor and record aircraft performance and condition data\n    c) To control cabin temperature"", ""question"": ""46. What is the primary purpose of the Aircraft Condition Monitoring System (ACMS)?"", ""options"": [""To navigate the aircraft"", ""To monitor and record aircraft performance and condition data"", ""To control cabin temperature""], ""correct"": null, ""answer_text"": null, ""category"": null, ""source_file"": ""15A Typical Electronic Systems .docx"", ""source_module"": ""M5"", ""fmt"": ""docx"", ""module"": ""M5"", ""syllabusRef"": ""M5.05.04"", ""level"": null, ""difficulty"": ""MEDIUM""}"
M5,M5.05.04,,47. How does the ACMS assist in troubleshooting?,By providing real-time weather data,By recording and analysing aircraft system data,By managing in-flight entertainment,,B,EASY,,,,ANSWERED,Domain-knowledge answer (score=1.00),1,15A Typical Electronic Systems .docx,"{""raw"": ""47. How does the ACMS assist in troubleshooting?\n    a) By providing real-time weather data\n    b) By recording and analysing aircraft system data\n    c) By managing in-flight entertainment"", ""question"": ""47. How does the ACMS assist in troubleshooting?"", ""options"": [""By providing real-time weather data"", ""By recording and analysing aircraft system data"", ""By managing in-flight entertainment""], ""correct"": null, ""answer_text"": null, ""category"": null, ""source_file"": ""15A Typical Electronic Systems .docx"", ""source_module"": ""M5"", ""fmt"": ""docx"", ""module"": ""M5"", ""syllabusRef"": ""M5.05.04"", ""level"": null, ""difficulty"": ""EASY""}"
M5,M5.05.04,,48. What type of data does the Engine Monitoring System (EMS) record?,Engine performance parameters,Passenger seating arrangement,Weather conditions,,B,MEDIUM,,,,ANSWERED,Verified correction (score=0.50),1,15A Typical Electronic Systems .docx,"{""raw"": ""48. What type of data does the Engine Monitoring System (EMS) record?\n    a) Engine performance parameters\n    b) Passenger seating arrangement\n    c) Weather conditions"", ""question"": ""48. What type of data does the Engine Monitoring System (EMS) record?"", ""options"": [""Engine performance parameters"", ""Passenger seating arrangement"", ""Weather conditions""], ""correct"": null, ""answer_text"": null, ""category"": null, ""source_file"": ""15A Typical Electronic Systems .docx"", ""source_module"": ""M5"", ""fmt"": ""docx"", ""module"": ""M5"", ""syllabusRef"": ""M5.05.04"", ""level"": null, ""difficulty"": ""MEDIUM""}"
M5,M5.05.04,,49. The Digital Flight Data Recorder (DFDR) is primarily used for what purpose?,To record flight parameters for accident investigation,To manage fuel consumption,To control cabin lighting,,B,MEDIUM,,,,ANSWERED,Verified correction (score=0.67),1,15A Typical Electronic Systems .docx,"{""raw"": ""49. The Digital Flight Data Recorder (DFDR) is primarily used for what purpose?\n    a) To record flight parameters for accident investigation\n    b) To manage fuel consumption\n    c) To control cabin lighting"", ""question"": ""49. The Digital Flight Data Recorder (DFDR) is primarily used for what purpose?"", ""options"": [""To record flight parameters for accident investigation"", ""To manage fuel consumption"", ""To control cabin lighting""], ""correct"": null, ""answer_text"": null, ""category"": null, ""source_file"": ""15A Typical Electronic Systems .docx"", ""source_module"": ""M5"", ""fmt"": ""docx"", ""module"": ""M5"", ""syllabusRef"": ""M5.05.04"", ""level"": null, ""difficulty"": ""MEDIUM""}"
M5,M5.05.04,,50. How does the Quick Access Recorder (QAR) differ from the DFDR?,It records weather data,It allows for easier and quicker data retrieval,It manages passenger information,,A,MEDIUM,,,,ANSWERED,corpus page 79 (score=3),1,15A Typical Electronic Systems .docx,"{""raw"": ""50. How does the Quick Access Recorder (QAR) differ from the DFDR?\n    a) It records weather data\n    b) It allows for easier and quicker data retrieval\n    c) It manages passenger information"", ""question"": ""50. How does the Quick Access Recorder (QAR) differ from the DFDR?"", ""options"": [""It records weather data"", ""It allows for easier and quicker data retrieval"", ""It manages passenger information""], ""correct"": null, ""answer_text"": null, ""category"": null, ""source_file"": ""15A Typical Electronic Systems .docx"", ""source_module"": ""M5"", ""fmt"": ""docx"", ""module"": ""M5"", ""syllabusRef"": ""M5.05.04"", ""level"": null, ""difficulty"": ""MEDIUM""}"
M5,M5.5.6(b),,51. What is the function of the Ground Proximity Warning System (GPWS)?,To alert pilots of potential terrain collisions,To navigate the aircraft,To control cabin pressure,,A,MEDIUM,,,,ANSWERED,Domain-knowledge answer (score=0.40),1,15A Typical Electronic Systems .docx,"{""raw"": ""51. What is the function of the Ground Proximity Warning System (GPWS)?\n    a) To alert pilots of potential terrain collisions\n    b) To navigate the aircraft\n    c) To control cabin pressure"", ""question"": ""51. What is the function of the Ground Proximity Warning System (GPWS)?"", ""options"": [""To alert pilots of potential terrain collisions"", ""To navigate the aircraft"", ""To control cabin pressure""], ""correct"": null, ""answer_text"": null, ""category"": null, ""source_file"": ""15A Typical Electronic Systems .docx"", ""source_module"": ""M5"", ""fmt"": ""docx"", ""module"": ""M5"", ""syllabusRef"": ""M5.5.6(b)"", ""level"": null, ""difficulty"": ""MEDIUM""}"
M5,M5.5.8,2,"52. Which system integrates communication, navigation, and surveillance functions?",In-flight entertainment system,Integrated Modular Avionics (IMA),Hydraulic control system,,B,MEDIUM,,,,ANSWERED,Domain-knowledge answer (score=1.00),1,15A Typical Electronic Systems .docx,"{""raw"": ""52. Which system integrates communication, navigation, and surveillance functions?\n    a) In-flight entertainment system\n    b) Integrated Modular Avionics (IMA)\n    c) Hydraulic control system"", ""question"": ""52. Which system integrates communication, navigation, and surveillance functions?"", ""options"": [""In-flight entertainment system"", ""Integrated Modular Avionics (IMA)"", ""Hydraulic control system""], ""correct"": null, ""answer_text"": null, ""category"": null, ""source_file"": ""15A Typical Electronic Systems .docx"", ""source_module"": ""M5"", ""fmt"": ""docx"", ""module"": ""M5"", ""syllabusRef"": ""M5.5.8"", ""level"": 2, ""difficulty"": ""MEDIUM""}"
M5,M5.05.02,,What does ACARS stand for?,The primary purpose of ACARS is to:,Fly-by-wire (FBW) systems control aircraft using:,,,A,MEDIUM,,,,ANSWERED,Domain-verified (score=1.00),1,15 Typical Electronic Systems.docx,"{""raw"": ""1. What does ACARS stand for?\n    Aircraft Communication and Reporting System\n    Aircraft Communication Addressing and Reporting System\n    Aircraft Coordinated and Relay System\n2. The primary purpose of ACARS is to:\n    Provide a digital data link between the aircraft and ground stations\n    Monitor the fuel levels in real-time\n    Control the aircraft's autopilot system\n3. Fly-by-wire (FBW) systems control aircraft using:\n    Electrical signals\n    Hydraulic pressure only\n    Mechanical linkages"", ""question"": ""What does ACARS stand for?"", ""options"": [""The primary purpose of ACARS is to:"", ""Fly-by-wire (FBW) systems control aircraft using:""], ""correct"": null, ""answer_text"": null, ""category"": null, ""source_file"": ""15 Typical Electronic Systems.docx"", ""source_module"": ""M5"", ""fmt"": ""docx"", ""module"": ""M5"", ""syllabusRef"": ""M5.05.02"", ""level"": null, ""difficulty"": ""MEDIUM""}"
M5,M5.5.6(b),,The Primary Flight Display (PFD) primarily shows information about:,Engine performance,"Aircraft attitude, airspeed, and altitude",Navigation routes,,A,MEDIUM,,,,ANSWERED,corpus page 304 (score=5),1,1 Electronic Instrument Systems.docx,"{""raw"": ""3. The Primary Flight Display (PFD) primarily shows information about:\n   a. Engine performance\n   b. Aircraft attitude, airspeed, and altitude\n   c. Navigation routes"", ""question"": ""The Primary Flight Display (PFD) primarily shows information about:"", ""options"": [""Engine performance"", ""Aircraft attitude, airspeed, and altitude"", ""Navigation routes""], ""correct"": null, ""answer_text"": null, ""category"": null, ""source_file"": ""1 Electronic Instrument Systems.docx"", ""source_module"": ""M5"", ""fmt"": ""docx"", ""module"": ""M5"", ""syllabusRef"": ""M5.5.6(b)"", ""level"": null, ""difficulty"": ""MEDIUM""}"
M5,M5.05.01,,4. What does EICAS stand for?,Electronic Indication and Control System,Engine Indication and Crew Alerting System,Electronic Information and Communication System,,B,EASY,,,,ANSWERED,Domain-verified (score=1.00),1,1 Electronic Instrument Systems.docx,"{""raw"": ""4. What does EICAS stand for?\n   a. Electronic Indication and Control System\n   b. Engine Indication and Crew Alerting System\n   c. Electronic Information and Communication System"", ""question"": ""4. What does EICAS stand for?"", ""options"": [""Electronic Indication and Control System"", ""Engine Indication and Crew Alerting System"", ""Electronic Information and Communication System""], ""correct"": null, ""answer_text"": null, ""category"": null, ""source_file"": ""1 Electronic Instrument Systems.docx"", ""source_module"": ""M5"", ""fmt"": ""docx"", ""module"": ""M5"", ""syllabusRef"": ""M5.05.01"", ""level"": null, ""difficulty"": ""EASY""}"
M5,M5.5.6(b),,"5. In an EFIS, what is the primary purpose of the attitude indicator?",Showing engine thrust levels,Displaying the aircraft's orientation relative to the horizon,Indicating fuel levels,,A,MEDIUM,,,,ANSWERED,Domain-verified (score=0.67),1,1 Electronic Instrument Systems.docx,"{""raw"": ""5. In an EFIS, what is the primary purpose of the attitude indicator?\n   a. Showing engine thrust levels\n   b. Displaying the aircraft's orientation relative to the horizon\n   c. Indicating fuel levels"", ""question"": ""5. In an EFIS, what is the primary purpose of the attitude indicator?"", ""options"": [""Showing engine thrust levels"", ""Displaying the aircraft's orientation relative to the horizon"", ""Indicating fuel levels""], ""correct"": null, ""answer_text"": null, ""category"": null, ""source_file"": ""1 Electronic Instrument Systems.docx"", ""source_module"": ""M5"", ""fmt"": ""docx"", ""module"": ""M5"", ""syllabusRef"": ""M5.5.6(b)"", ""level"": null, ""difficulty"": ""MEDIUM""}"
M5,M5.5.6(b),,6. What does the altimeter on the PFD measure?,Speed,Altitude,Fuel flow,,B,EASY,,,,ANSWERED,Domain-knowledge answer (score=1.00),1,1 Electronic Instrument Systems.docx,"{""raw"": ""6. What does the altimeter on the PFD measure?\n   a. Speed\n   b. Altitude\n   c. Fuel flow"", ""question"": ""6. What does the altimeter on the PFD measure?"", ""options"": [""Speed"", ""Altitude"", ""Fuel flow""], ""correct"": null, ""answer_text"": null, ""category"": null, ""source_file"": ""1 Electronic Instrument Systems.docx"", ""source_module"": ""M5"", ""fmt"": ""docx"", ""module"": ""M5"", ""syllabusRef"": ""M5.5.6(b)"", ""level"": null, ""difficulty"": ""EASY""}"
M5,M5.05.01,,7. Which instrument provides the pilot with airspeed information?,Altimeter,Airspeed Indicator (ASI),Attitude Indicator,,B,MEDIUM,,,,ANSWERED,corpus page 301 (score=5),1,1 Electronic Instrument Systems.docx,"{""raw"": ""7. Which instrument provides the pilot with airspeed information?\n   a. Altimeter\n   b. Airspeed Indicator (ASI)\n   c. Attitude Indicator"", ""question"": ""7. Which instrument provides the pilot with airspeed information?"", ""options"": [""Altimeter"", ""Airspeed Indicator (ASI)"", ""Attitude Indicator""], ""correct"": null, ""answer_text"": null, ""category"": null, ""source_file"": ""1 Electronic Instrument Systems.docx"", ""source_module"": ""M5"", ""fmt"": ""docx"", ""module"": ""M5"", ""syllabusRef"": ""M5.05.01"", ""level"": null, ""difficulty"": ""MEDIUM""}"
M5,M5.05.02,,"8. In modern aircraft, what system often replaces traditional mechanical instruments?",Glass Cockpit,Analog Instruments,Hydraulic Systems,,B,MEDIUM,,,,ANSWERED,Verified correction (score=0.50),1,1 Electronic Instrument Systems.docx,"{""raw"": ""8. In modern aircraft, what system often replaces traditional mechanical instruments?\n   a. Glass Cockpit\n   b. Analog Instruments\n   c. Hydraulic Systems"", ""question"": ""8. In modern aircraft, what system often replaces traditional mechanical instruments?"", ""options"": [""Glass Cockpit"", ""Analog Instruments"", ""Hydraulic Systems""], ""correct"": null, ""answer_text"": null, ""category"": null, ""source_file"": ""1 Electronic Instrument Systems.docx"", ""source_module"": ""M5"", ""fmt"": ""docx"", ""module"": ""M5"", ""syllabusRef"": ""M5.05.02"", ""level"": null, ""difficulty"": ""MEDIUM""}"
M5,M5.5.6(b),,9. What does the acronym TCAS stand for?,Traffic and Control Alert System,Traffic Collision Avoidance System,Traffic Coordination and Alert System,,B,EASY,,,,ANSWERED,Verified correction (score=0.67),1,1 Electronic Instrument Systems.docx,"{""raw"": ""9. What does the acronym TCAS stand for?\n   a. Traffic and Control Alert System\n   b. Traffic Collision Avoidance System\n   c. Traffic Coordination and Alert System"", ""question"": ""9. What does the acronym TCAS stand for?"", ""options"": [""Traffic and Control Alert System"", ""Traffic Collision Avoidance System"", ""Traffic Coordination and Alert System""], ""correct"": null, ""answer_text"": null, ""category"": null, ""source_file"": ""1 Electronic Instrument Systems.docx"", ""source_module"": ""M5"", ""fmt"": ""docx"", ""module"": ""M5"", ""syllabusRef"": ""M5.5.6(b)"", ""level"": null, ""difficulty"": ""EASY""}"
M5,M5.5.6(b),,The Vertical Speed Indicator (VSI) on a PFD indicates:,Rate of climb or descent,Airspeed,Altitude,,A,MEDIUM,,,,ANSWERED,Domain-knowledge answer (score=1.00),1,1 Electronic Instrument Systems.docx,"{""raw"": ""10. The Vertical Speed Indicator (VSI) on a PFD indicates:\n    a. Rate of climb or descent\n    b. Airspeed\n    c. Altitude"", ""question"": ""The Vertical Speed Indicator (VSI) on a PFD indicates:"", ""options"": [""Rate of climb or descent"", ""Airspeed"", ""Altitude""], ""correct"": null, ""answer_text"": null, ""category"": null, ""source_file"": ""1 Electronic Instrument Systems.docx"", ""source_module"": ""M5"", ""fmt"": ""docx"", ""module"": ""M5"", ""syllabusRef"": ""M5.5.6(b)"", ""level"": null, ""difficulty"": ""MEDIUM""}"
M5,M5.5.6(b),,11. What does the heading indicator on a PFD display?,Vertical speed,Aircraft's current heading,Altitude,,B,MEDIUM,,,,ANSWERED,Domain-knowledge answer (score=1.00),1,1 Electronic Instrument Systems.docx,"{""raw"": ""11. What does the heading indicator on a PFD display?\n    a. Vertical speed\n    b. Aircraft's current heading\n    c. Altitude"", ""question"": ""11. What does the heading indicator on a PFD display?"", ""options"": [""Vertical speed"", ""Aircraft's current heading"", ""Altitude""], ""correct"": null, ""answer_text"": null, ""category"": null, ""source_file"": ""1 Electronic Instrument Systems.docx"", ""source_module"": ""M5"", ""fmt"": ""docx"", ""module"": ""M5"", ""syllabusRef"": ""M5.5.6(b)"", ""level"": null, ""difficulty"": ""MEDIUM""}"
M5,M5.05.02,,12. What is the purpose of the Flight Director in an EFIS?,To provide guidance cues to assist the pilot in flying the aircraft manually,To display fuel levels,To manage air conditioning systems,,B,MEDIUM,,,,ANSWERED,corpus page 320 (score=4),1,1 Electronic Instrument Systems.docx,"{""raw"": ""12. What is the purpose of the Flight Director in an EFIS?\n    a. To provide guidance cues to assist the pilot in flying the aircraft manually\n    b. To display fuel levels\n    c. To manage air conditioning systems"", ""question"": ""12. What is the purpose of the Flight Director in an EFIS?"", ""options"": [""To provide guidance cues to assist the pilot in flying the aircraft manually"", ""To display fuel levels"", ""To manage air conditioning systems""], ""correct"": null, ""answer_text"": null, ""category"": null, ""source_file"": ""1 Electronic Instrument Systems.docx"", ""source_module"": ""M5"", ""fmt"": ""docx"", ""module"": ""M5"", ""syllabusRef"": ""M5.05.02"", ""level"": null, ""difficulty"": ""MEDIUM""}"
M5,M5.05.04,,13. What is typically shown on the Navigation Display (ND)?,"Flight route, weather radar, and traffic information",Engine performance data,Passenger cabin temperature,,B,MEDIUM,,,,ANSWERED,corpus page 304 (score=4),1,1 Electronic Instrument Systems.docx,"{""raw"": ""13. What is typically shown on the Navigation Display (ND)?\n    a. Flight route, weather radar, and traffic information\n    b. Engine performance data\n    c. Passenger cabin temperature"", ""question"": ""13. What is typically shown on the Navigation Display (ND)?"", ""options"": [""Flight route, weather radar, and traffic information"", ""Engine performance data"", ""Passenger cabin temperature""], ""correct"": null, ""answer_text"": null, ""category"": null, ""source_file"": ""1 Electronic Instrument Systems.docx"", ""source_module"": ""M5"", ""fmt"": ""docx"", ""module"": ""M5"", ""syllabusRef"": ""M5.05.04"", ""level"": null, ""difficulty"": ""MEDIUM""}"
M5,M5.5.6(b),,15. What is the function of the autopilot system in relation to EFIS?,To automatically control the aircraft's flight path,To manage fuel consumption,To monitor cabin pressure,,A,MEDIUM,,,,ANSWERED,Domain-verified (score=0.67),1,1 Electronic Instrument Systems.docx,"{""raw"": ""15. What is the function of the autopilot system in relation to EFIS?\n    a. To automatically control the aircraft's flight path\n    b. To manage fuel consumption\n    c. To monitor cabin pressure"", ""question"": ""15. What is the function of the autopilot system in relation to EFIS?"", ""options"": [""To automatically control the aircraft's flight path"", ""To manage fuel consumption"", ""To monitor cabin pressure""], ""correct"": null, ""answer_text"": null, ""category"": null, ""source_file"": ""1 Electronic Instrument Systems.docx"", ""source_module"": ""M5"", ""fmt"": ""docx"", ""module"": ""M5"", ""syllabusRef"": ""M5.5.6(b)"", ""level"": null, ""difficulty"": ""MEDIUM""}"
M5,M5.05.04,,16. Which system in the EFIS provides the pilot with engine performance data?,Primary Flight Display (PFD),Engine Indication and Crew Alerting System (EICAS),Navigation Display (ND),,B,MEDIUM,,,,ANSWERED,Verified correction (score=0.50),1,1 Electronic Instrument Systems.docx,"{""raw"": ""16. Which system in the EFIS provides the pilot with engine performance data?\n    a. Primary Flight Display (PFD)\n    b. Engine Indication and Crew Alerting System (EICAS)\n    c. Navigation Display (ND)"", ""question"": ""16. Which system in the EFIS provides the pilot with engine performance data?"", ""options"": [""Primary Flight Display (PFD)"", ""Engine Indication and Crew Alerting System (EICAS)"", ""Navigation Display (ND)""], ""correct"": null, ""answer_text"": null, ""category"": null, ""source_file"": ""1 Electronic Instrument Systems.docx"", ""source_module"": ""M5"", ""fmt"": ""docx"", ""module"": ""M5"", ""syllabusRef"": ""M5.05.04"", ""level"": null, ""difficulty"": ""MEDIUM""}"
M5,M5.05.04,,17. What kind of information does the weather radar in an EFIS provide?,Weather conditions along the flight path,Traffic alerts,Altitude data,,A,MEDIUM,,,,ANSWERED,corpus page 320 (score=5),1,1 Electronic Instrument Systems.docx,"{""raw"": ""17. What kind of information does the weather radar in an EFIS provide?\n    a. Weather conditions along the flight path\n    b. Traffic alerts\n    c. Altitude data"", ""question"": ""17. What kind of information does the weather radar in an EFIS provide?"", ""options"": [""Weather conditions along the flight path"", ""Traffic alerts"", ""Altitude data""], ""correct"": null, ""answer_text"": null, ""category"": null, ""source_file"": ""1 Electronic Instrument Systems.docx"", ""source_module"": ""M5"", ""fmt"": ""docx"", ""module"": ""M5"", ""syllabusRef"": ""M5.05.04"", ""level"": null, ""difficulty"": ""MEDIUM""}"
M5,M5.05.02,,18. How is the Flight Management System (FMS) related to EFIS?,It controls the aircraft's hydraulic systems,It integrates and manages the aircraft's navigation and performance data,It displays engine temperatures,,B,MEDIUM,,,,ANSWERED,corpus page 18 (score=4),1,1 Electronic Instrument Systems.docx,"{""raw"": ""18. How is the Flight Management System (FMS) related to EFIS?\n    a. It controls the aircraft's hydraulic systems\n    b. It integrates and manages the aircraft's navigation and performance data\n    c. It displays engine temperatures"", ""question"": ""18. How is the Flight Management System (FMS) related to EFIS?"", ""options"": [""It controls the aircraft's hydraulic systems"", ""It integrates and manages the aircraft's navigation and performance data"", ""It displays engine temperatures""], ""correct"": null, ""answer_text"": null, ""category"": null, ""source_file"": ""1 Electronic Instrument Systems.docx"", ""source_module"": ""M5"", ""fmt"": ""docx"", ""module"": ""M5"", ""syllabusRef"": ""M5.05.02"", ""level"": null, ""difficulty"": ""MEDIUM""}"
M5,M5.05.01,,19. What does a Flight Data Recorder (FDR) do in relation to electronic instrument systems?,Records flight parameters for post-flight analysis,Displays real-time flight data,Manages fuel flow,,B,MEDIUM,,,,ANSWERED,corpus page 61 (score=6),1,1 Electronic Instrument Systems.docx,"{""raw"": ""19. What does a Flight Data Recorder (FDR) do in relation to electronic instrument systems?\n    a. Records flight parameters for post-flight analysis\n    b. Displays real-time flight data\n    c. Manages fuel flow"", ""question"": ""19. What does a Flight Data Recorder (FDR) do in relation to electronic instrument systems?"", ""options"": [""Records flight parameters for post-flight analysis"", ""Displays real-time flight data"", ""Manages fuel flow""], ""correct"": null, ""answer_text"": null, ""category"": null, ""source_file"": ""1 Electronic Instrument Systems.docx"", ""source_module"": ""M5"", ""fmt"": ""docx"", ""module"": ""M5"", ""syllabusRef"": ""M5.05.01"", ""level"": null, ""difficulty"": ""MEDIUM""}"
M5,M5.5.6(b),,The angle of attack indicator in an EFIS shows:,The angle between the chord line of the wing and the relative airflow,Airspeed,Vertical speed,,B,EASY,,,,ANSWERED,Domain-knowledge answer (score=0.33),1,1 Electronic Instrument Systems.docx,"{""raw"": ""20. The angle of attack indicator in an EFIS shows:\n    a. The angle between the chord line of the wing and the relative airflow\n    b. Airspeed\n    c. Vertical speed"", ""question"": ""The angle of attack indicator in an EFIS shows:"", ""options"": [""The angle between the chord line of the wing and the relative airflow"", ""Airspeed"", ""Vertical speed""], ""correct"": null, ""answer_text"": null, ""category"": null, ""source_file"": ""1 Electronic Instrument Systems.docx"", ""source_module"": ""M5"", ""fmt"": ""docx"", ""module"": ""M5"", ""syllabusRef"": ""M5.5.6(b)"", ""level"": null, ""difficulty"": ""EASY""}"
M5,M5.05.01,,21. What is the purpose of the electronic checklist in modern cockpits?,To provide pilots with procedural guidance and checklists electronically,To display flight maps,To monitor cabin temperature,,A,MEDIUM,,,,ANSWERED,Domain-knowledge answer (score=1.00),1,1 Electronic Instrument Systems.docx,"{""raw"": ""21. What is the purpose of the electronic checklist in modern cockpits?\n    a. To provide pilots with procedural guidance and checklists electronically\n    b. To display flight maps\n    c. To monitor cabin temperature"", ""question"": ""21. What is the purpose of the electronic checklist in modern cockpits?"", ""options"": [""To provide pilots with procedural guidance and checklists electronically"", ""To display flight maps"", ""To monitor cabin temperature""], ""correct"": null, ""answer_text"": null, ""category"": null, ""source_file"": ""1 Electronic Instrument Systems.docx"", ""source_module"": ""M5"", ""fmt"": ""docx"", ""module"": ""M5"", ""syllabusRef"": ""M5.05.01"", ""level"": null, ""difficulty"": ""MEDIUM""}"
M5,M5.5.6(b),,"22. In an EFIS, what does the term ""attitude"" refer to?",The aircraft's orientation relative to the horizon,The speed of the aircraft,The altitude of the aircraft,,B,MEDIUM,,,,ANSWERED,Domain-knowledge answer (score=0.33),1,1 Electronic Instrument Systems.docx,"{""raw"": ""22. In an EFIS, what does the term \""attitude\"" refer to?\n    a. The aircraft's orientation relative to the horizon\n    b. The speed of the aircraft\n    c. The altitude of the aircraft"", ""question"": ""22. In an EFIS, what does the term \""attitude\"" refer to?"", ""options"": [""The aircraft's orientation relative to the horizon"", ""The speed of the aircraft"", ""The altitude of the aircraft""], ""correct"": null, ""answer_text"": null, ""category"": null, ""source_file"": ""1 Electronic Instrument Systems.docx"", ""source_module"": ""M5"", ""fmt"": ""docx"", ""module"": ""M5"", ""syllabusRef"": ""M5.5.6(b)"", ""level"": null, ""difficulty"": ""MEDIUM""}"
M5,M5.05.04,,24. What does the terrain awareness and warning system (TAWS) provide?,Traffic information,Terrain proximity warnings and alerts,Engine performance data,,C,MEDIUM,,,,ANSWERED,corpus page 328 (score=3),1,1 Electronic Instrument Systems.docx,"{""raw"": ""24. What does the terrain awareness and warning system (TAWS) provide?\n    a. Traffic information\n    b. Terrain proximity warnings and alerts\n    c. Engine performance data"", ""question"": ""24. What does the terrain awareness and warning system (TAWS) provide?"", ""options"": [""Traffic information"", ""Terrain proximity warnings and alerts"", ""Engine performance data""], ""correct"": null, ""answer_text"": null, ""category"": null, ""source_file"": ""1 Electronic Instrument Systems.docx"", ""source_module"": ""M5"", ""fmt"": ""docx"", ""module"": ""M5"", ""syllabusRef"": ""M5.05.04"", ""level"": null, ""difficulty"": ""MEDIUM""}"
M5,,,25. Which system in an EFIS assists pilots in navigating and avoiding mid-air collisions?,Ground Proximity Warning System (GPWS),Traffic Collision Avoidance System (TCAS),Engine Indication and Crew Alerting System (EICAS),,B,MEDIUM,,,,ANSWERED,corpus page 348 (score=4),1,1 Electronic Instrument Systems.docx,"{""raw"": ""25. Which system in an EFIS assists pilots in navigating and avoiding mid-air collisions?\n    a. Ground Proximity Warning System (GPWS)\n    b. Traffic Collision Avoidance System (TCAS)\n    c. Engine Indication and Crew Alerting System (EICAS)"", ""question"": ""25. Which system in an EFIS assists pilots in navigating and avoiding mid-air collisions?"", ""options"": [""Ground Proximity Warning System (GPWS)"", ""Traffic Collision Avoidance System (TCAS)"", ""Engine Indication and Crew Alerting System (EICAS)""], ""correct"": null, ""answer_text"": null, ""category"": null, ""source_file"": ""1 Electronic Instrument Systems.docx"", ""source_module"": ""M5"", ""fmt"": ""docx"", ""module"": ""M5"", ""difficulty"": ""MEDIUM""}"
M5,M5.5.6(b),,26. What does the acronym GPWS stand for in aviation?,Global Positioning Warning System,Ground Proximity Warning System,Ground Position Weather System,,B,MEDIUM,,,,ANSWERED,Verified correction (score=0.67),1,1 Electronic Instrument Systems.docx,"{""raw"": ""26. What does the acronym GPWS stand for in aviation?\n    a. Global Positioning Warning System\n    b. Ground Proximity Warning System\n    c. Ground Position Weather System"", ""question"": ""26. What does the acronym GPWS stand for in aviation?"", ""options"": [""Global Positioning Warning System"", ""Ground Proximity Warning System"", ""Ground Position Weather System""], ""correct"": null, ""answer_text"": null, ""category"": null, ""source_file"": ""1 Electronic Instrument Systems.docx"", ""source_module"": ""M5"", ""fmt"": ""docx"", ""module"": ""M5"", ""syllabusRef"": ""M5.5.6(b)"", ""level"": null, ""difficulty"": ""MEDIUM""}"
M5,M5.5.6(b),,27. What is indicated by the speed trend vector on a Primary Flight Display (PFD)?,Future airspeed based on current acceleration,Altitude changes,Engine thrust levels,,C,MEDIUM,,,,ANSWERED,Domain-knowledge answer (score=0.50),1,1 Electronic Instrument Systems.docx,"{""raw"": ""27. What is indicated by the speed trend vector on a Primary Flight Display (PFD)?\n    a. Future airspeed based on current acceleration\n    b. Altitude changes\n    c. Engine thrust levels"", ""question"": ""27. What is indicated by the speed trend vector on a Primary Flight Display (PFD)?"", ""options"": [""Future airspeed based on current acceleration"", ""Altitude changes"", ""Engine thrust levels""], ""correct"": null, ""answer_text"": null, ""category"": null, ""source_file"": ""1 Electronic Instrument Systems.docx"", ""source_module"": ""M5"", ""fmt"": ""docx"", ""module"": ""M5"", ""syllabusRef"": ""M5.5.6(b)"", ""level"": null, ""difficulty"": ""MEDIUM""}"
M5,M5.05.01,,"The term ""Autoland"" in electronic instrument systems refers to:",Automatic fuel management,Automatic landing capability of the aircraft,Automatic weather reporting,,B,MEDIUM,,,,ANSWERED,Domain-knowledge answer (score=0.80),1,1 Electronic Instrument Systems.docx,"{""raw"": ""28. The term \""Autoland\"" in electronic instrument systems refers to:\n    a. Automatic fuel management\n    b. Automatic landing capability of the aircraft\n    c. Automatic weather reporting"", ""question"": ""The term \""Autoland\"" in electronic instrument systems refers to:"", ""options"": [""Automatic fuel management"", ""Automatic landing capability of the aircraft"", ""Automatic weather reporting""], ""correct"": null, ""answer_text"": null, ""category"": null, ""source_file"": ""1 Electronic Instrument Systems.docx"", ""source_module"": ""M5"", ""fmt"": ""docx"", ""module"": ""M5"", ""syllabusRef"": ""M5.05.01"", ""level"": null, ""difficulty"": ""MEDIUM""}"
M5,M5.5.6(b),,29. What is the main purpose of the flight director bars on a PFD?,To provide visual cues for the pilot to follow the desired flight path,To display engine parameters,To indicate cabin pressure,,B,MEDIUM,,,,ANSWERED,corpus page 275 (score=3),1,1 Electronic Instrument Systems.docx,"{""raw"": ""29. What is the main purpose of the flight director bars on a PFD?\n    a. To provide visual cues for the pilot to follow the desired flight path\n    b. To display engine parameters\n    c. To indicate cabin pressure"", ""question"": ""29. What is the main purpose of the flight director bars on a PFD?"", ""options"": [""To provide visual cues for the pilot to follow the desired flight path"", ""To display engine parameters"", ""To indicate cabin pressure""], ""correct"": null, ""answer_text"": null, ""category"": null, ""source_file"": ""1 Electronic Instrument Systems.docx"", ""source_module"": ""M5"", ""fmt"": ""docx"", ""module"": ""M5"", ""syllabusRef"": ""M5.5.6(b)"", ""level"": null, ""difficulty"": ""MEDIUM""}"
M5,,,30. Which component in an EFIS provides comprehensive engine monitoring and alerting functions?,Primary Flight Display (PFD),Navigation Display (ND),Engine Indication and Crew Alerting System (EICAS),,A,MEDIUM,,,,ANSWERED,corpus page 325 (score=5),1,1 Electronic Instrument Systems.docx,"{""raw"": ""30. Which component in an EFIS provides comprehensive engine monitoring and alerting functions?\n    a. Primary Flight Display (PFD)\n    b. Navigation Display (ND)\n    c. Engine Indication and Crew Alerting System (EICAS)"", ""question"": ""30. Which component in an EFIS provides comprehensive engine monitoring and alerting functions?"", ""options"": [""Primary Flight Display (PFD)"", ""Navigation Display (ND)"", ""Engine Indication and Crew Alerting System (EICAS)""], ""correct"": null, ""answer_text"": null, ""category"": null, ""source_file"": ""1 Electronic Instrument Systems.docx"", ""source_module"": ""M5"", ""fmt"": ""docx"", ""module"": ""M5"", ""difficulty"": ""MEDIUM""}"
M5,M5.05.02,,1. What is the base of the binary numbering system?,8,10,2,,C,MEDIUM,,,,ANSWERED,Verified correction (score=1.00),1,2 Numbering Systems.docx,"{""raw"": ""1. What is the base of the binary numbering system?\n   a. 8\n   b. 10\n   c. 2"", ""question"": ""1. What is the base of the binary numbering system?"", ""options"": [""8"", ""10"", ""2""], ""correct"": null, ""answer_text"": null, ""category"": null, ""source_file"": ""2 Numbering Systems.docx"", ""source_module"": ""M5"", ""fmt"": ""docx"", ""module"": ""M5"", ""syllabusRef"": ""M5.05.02"", ""level"": null, ""difficulty"": ""MEDIUM""}"
M5,M5.5.6(b),,2. What is the decimal equivalent of the binary number 1010?,5,10,15,,A,MEDIUM,,,,ANSWERED,Domain-verified (score=0.67),1,2 Numbering Systems.docx,"{""raw"": ""2. What is the decimal equivalent of the binary number 1010?\n   a. 5\n   b. 10\n   c. 15"", ""question"": ""2. What is the decimal equivalent of the binary number 1010?"", ""options"": [""5"", ""10"", ""15""], ""correct"": null, ""answer_text"": null, ""category"": null, ""source_file"": ""2 Numbering Systems.docx"", ""source_module"": ""M5"", ""fmt"": ""docx"", ""module"": ""M5"", ""syllabusRef"": ""M5.5.6(b)"", ""level"": null, ""difficulty"": ""MEDIUM""}"
M5,M5.5.6(b),,4. What is the hexadecimal equivalent of the binary number 1110?,B,E,F,,B,MEDIUM,,,,ANSWERED,Verified correction (score=0.50),1,2 Numbering Systems.docx,"{""raw"": ""4. What is the hexadecimal equivalent of the binary number 1110?\n   a. B\n   b. E\n   c. F"", ""question"": ""4. What is the hexadecimal equivalent of the binary number 1110?"", ""options"": [""B"", ""E"", ""F""], ""correct"": null, ""answer_text"": null, ""category"": null, ""source_file"": ""2 Numbering Systems.docx"", ""source_module"": ""M5"", ""fmt"": ""docx"", ""module"": ""M5"", ""syllabusRef"": ""M5.5.6(b)"", ""level"": null, ""difficulty"": ""MEDIUM""}"
M5,M5.05.02,,6. What is the base of the hexadecimal numbering system?,16,8,2,,C,MEDIUM,,,,ANSWERED,Verified correction (score=0.75),1,2 Numbering Systems.docx,"{""raw"": ""6. What is the base of the hexadecimal numbering system?\n   a. 16\n   b. 8\n   c. 2"", ""question"": ""6. What is the base of the hexadecimal numbering system?"", ""options"": [""16"", ""8"", ""2""], ""correct"": null, ""answer_text"": null, ""category"": null, ""source_file"": ""2 Numbering Systems.docx"", ""source_module"": ""M5"", ""fmt"": ""docx"", ""module"": ""M5"", ""syllabusRef"": ""M5.05.02"", ""level"": null, ""difficulty"": ""MEDIUM""}"
M5,M5.5.6(b),,10. What is the octal equivalent of the binary number 101011?,53,46,55,,A,MEDIUM,,,,ANSWERED,Domain-knowledge answer (score=1.00),1,2 Numbering Systems.docx,"{""raw"": ""10. What is the octal equivalent of the binary number 101011?\n    a. 53\n    b. 46\n    c. 55"", ""question"": ""10. What is the octal equivalent of the binary number 101011?"", ""options"": [""53"", ""46"", ""55""], ""correct"": null, ""answer_text"": null, ""category"": null, ""source_file"": ""2 Numbering Systems.docx"", ""source_module"": ""M5"", ""fmt"": ""docx"", ""module"": ""M5"", ""syllabusRef"": ""M5.5.6(b)"", ""level"": null, ""difficulty"": ""MEDIUM""}"
M5,M5.05.02,,11. What is the base of the octal numbering system?,8,10,16,,C,MEDIUM,,,,ANSWERED,Verified correction (score=0.75),1,2 Numbering Systems.docx,"{""raw"": ""11. What is the base of the octal numbering system?\n    a. 8\n    b. 10\n    c. 16"", ""question"": ""11. What is the base of the octal numbering system?"", ""options"": [""8"", ""10"", ""16""], ""correct"": null, ""answer_text"": null, ""category"": null, ""source_file"": ""2 Numbering Systems.docx"", ""source_module"": ""M5"", ""fmt"": ""docx"", ""module"": ""M5"", ""syllabusRef"": ""M5.05.02"", ""level"": null, ""difficulty"": ""MEDIUM""}"
M5,M5.5.6(b),,13. What is the decimal equivalent of the hexadecimal number 1A?,20,26,28,,B,MEDIUM,,,,ANSWERED,Domain-knowledge answer (score=1.00),1,2 Numbering Systems.docx,"{""raw"": ""13. What is the decimal equivalent of the hexadecimal number 1A?\n    a. 20\n    b. 26\n    c. 28"", ""question"": ""13. What is the decimal equivalent of the hexadecimal number 1A?"", ""options"": [""20"", ""26"", ""28""], ""correct"": null, ""answer_text"": null, ""category"": null, ""source_file"": ""2 Numbering Systems.docx"", ""source_module"": ""M5"", ""fmt"": ""docx"", ""module"": ""M5"", ""syllabusRef"": ""M5.5.6(b)"", ""level"": null, ""difficulty"": ""MEDIUM""}"
M5,M5.5.6(b),,Convert the decimal number 7 to octal.,5,7,9,,A,EASY,,,,ANSWERED,Domain-verified (score=0.67),1,2 Numbering Systems.docx,"{""raw"": ""15. Convert the decimal number 7 to octal.\n    a. 5\n    b. 7\n    c. 9"", ""question"": ""Convert the decimal number 7 to octal."", ""options"": [""5"", ""7"", ""9""], ""correct"": null, ""answer_text"": null, ""category"": null, ""source_file"": ""2 Numbering Systems.docx"", ""source_module"": ""M5"", ""fmt"": ""docx"", ""module"": ""M5"", ""syllabusRef"": ""M5.5.6(b)"", ""level"": null, ""difficulty"": ""EASY""}"
M5,M5.5.6(b),,20. What is the binary equivalent of the octal number 7?,111,111,101,,A,MEDIUM,,,,ANSWERED,Domain-knowledge answer (score=1.00),1,2 Numbering Systems.docx,"{""raw"": ""20. What is the binary equivalent of the octal number 7?\n    a. 111\n    b. 111\n    c. 101"", ""question"": ""20. What is the binary equivalent of the octal number 7?"", ""options"": [""111"", ""111"", ""101""], ""correct"": null, ""answer_text"": null, ""category"": null, ""source_file"": ""2 Numbering Systems.docx"", ""source_module"": ""M5"", ""fmt"": ""docx"", ""module"": ""M5"", ""syllabusRef"": ""M5.5.6(b)"", ""level"": null, ""difficulty"": ""MEDIUM""}"
M5,M5.05.02,,22. What is the base of the decimal numbering system?,2,10,16,,C,MEDIUM,,,,ANSWERED,Verified correction (score=0.75),1,2 Numbering Systems.docx,"{""raw"": ""22. What is the base of the decimal numbering system?\n    a. 2\n    b. 10\n    c. 16"", ""question"": ""22. What is the base of the decimal numbering system?"", ""options"": [""2"", ""10"", ""16""], ""correct"": null, ""answer_text"": null, ""category"": null, ""source_file"": ""2 Numbering Systems.docx"", ""source_module"": ""M5"", ""fmt"": ""docx"", ""module"": ""M5"", ""syllabusRef"": ""M5.05.02"", ""level"": null, ""difficulty"": ""MEDIUM""}"
M5,M5.5.6(b),,23. What is the hexadecimal equivalent of the octal number 17?,1D,F,11,,A,MEDIUM,,,,ANSWERED,Domain-knowledge answer (score=1.00),1,2 Numbering Systems.docx,"{""raw"": ""23. What is the hexadecimal equivalent of the octal number 17?\n    a. 1D\n    b. F\n    c. 11"", ""question"": ""23. What is the hexadecimal equivalent of the octal number 17?"", ""options"": [""1D"", ""F"", ""11""], ""correct"": null, ""answer_text"": null, ""category"": null, ""source_file"": ""2 Numbering Systems.docx"", ""source_module"": ""M5"", ""fmt"": ""docx"", ""module"": ""M5"", ""syllabusRef"": ""M5.5.6(b)"", ""level"": null, ""difficulty"": ""MEDIUM""}"
M5,M5.05.03,,1. What is the primary purpose of data conversion in avionics systems?,To translate data between different formats for compatibility,To increase data security,To compress data for storage,,B,MEDIUM,,,,ANSWERED,Verified correction (score=0.75),1,3 Data Conversion.docx,"{""raw"": ""1. What is the primary purpose of data conversion in avionics systems?\n   a. To translate data between different formats for compatibility\n   b. To increase data security\n   c. To compress data for storage"", ""question"": ""1. What is the primary purpose of data conversion in avionics systems?"", ""options"": [""To translate data between different formats for compatibility"", ""To increase data security"", ""To compress data for storage""], ""correct"": null, ""answer_text"": null, ""category"": null, ""source_file"": ""3 Data Conversion.docx"", ""source_module"": ""M5"", ""fmt"": ""docx"", ""module"": ""M5"", ""syllabusRef"": ""M5.05.03"", ""level"": null, ""difficulty"": ""MEDIUM""}"
M5,,,2. Which device is commonly used to convert analog signals to digital signals?,DigitaltoAnalog Converter (DAC),AnalogtoDigital Converter (ADC),Signal Processor,,B,MEDIUM,,,,ANSWERED,Verified correction (score=0.50),1,3 Data Conversion.docx,"{""raw"": ""2. Which device is commonly used to convert analog signals to digital signals?\n   a. DigitaltoAnalog Converter (DAC)\n   b. AnalogtoDigital Converter (ADC)\n   c. Signal Processor"", ""question"": ""2. Which device is commonly used to convert analog signals to digital signals?"", ""options"": [""DigitaltoAnalog Converter (DAC)"", ""AnalogtoDigital Converter (ADC)"", ""Signal Processor""], ""correct"": null, ""answer_text"": null, ""category"": null, ""source_file"": ""3 Data Conversion.docx"", ""source_module"": ""M5"", ""fmt"": ""docx"", ""module"": ""M5"", ""difficulty"": ""MEDIUM""}"
M5,M5.05.02,,3. What is a key benefit of using digital data over analog data in aircraft systems?,Lower cost,Improved accuracy and noise immunity,Simplicity in design,,A,MEDIUM,,,,ANSWERED,Domain-verified (score=0.67),1,3 Data Conversion.docx,"{""raw"": ""3. What is a key benefit of using digital data over analog data in aircraft systems?\n   a. Lower cost\n   b. Improved accuracy and noise immunity\n   c. Simplicity in design"", ""question"": ""3. What is a key benefit of using digital data over analog data in aircraft systems?"", ""options"": [""Lower cost"", ""Improved accuracy and noise immunity"", ""Simplicity in design""], ""correct"": null, ""answer_text"": null, ""category"": null, ""source_file"": ""3 Data Conversion.docx"", ""source_module"": ""M5"", ""fmt"": ""docx"", ""module"": ""M5"", ""syllabusRef"": ""M5.05.02"", ""level"": null, ""difficulty"": ""MEDIUM""}"
M5,,,4. What does an AnalogtoDigital Converter (ADC) primarily measure?,Digital pulses,Analog voltage levels,Binary code,,B,MEDIUM,,,,ANSWERED,Domain-knowledge answer (score=1.00),1,3 Data Conversion.docx,"{""raw"": ""4. What does an AnalogtoDigital Converter (ADC) primarily measure?\n   a. Digital pulses\n   b. Analog voltage levels\n   c. Binary code"", ""question"": ""4. What does an AnalogtoDigital Converter (ADC) primarily measure?"", ""options"": [""Digital pulses"", ""Analog voltage levels"", ""Binary code""], ""correct"": null, ""answer_text"": null, ""category"": null, ""source_file"": ""3 Data Conversion.docx"", ""source_module"": ""M5"", ""fmt"": ""docx"", ""module"": ""M5"", ""difficulty"": ""MEDIUM""}"
M5,M5.05.04,,5. What is the main function of a DigitaltoAnalog Converter (DAC)?,To amplify signals,To convert digital data into analog signals,To process digital signals,,B,MEDIUM,,,,ANSWERED,Verified correction (score=0.67),1,3 Data Conversion.docx,"{""raw"": ""5. What is the main function of a DigitaltoAnalog Converter (DAC)?\n   a. To amplify signals\n   b. To convert digital data into analog signals\n   c. To process digital signals"", ""question"": ""5. What is the main function of a DigitaltoAnalog Converter (DAC)?"", ""options"": [""To amplify signals"", ""To convert digital data into analog signals"", ""To process digital signals""], ""correct"": null, ""answer_text"": null, ""category"": null, ""source_file"": ""3 Data Conversion.docx"", ""source_module"": ""M5"", ""fmt"": ""docx"", ""module"": ""M5"", ""syllabusRef"": ""M5.05.04"", ""level"": null, ""difficulty"": ""MEDIUM""}"
M5,M5.05.04,,6. Which of the following is a common use of DACs in aviation?,Driving analog gauges and displays,Storing flight data,Encrypting communication,,A,MEDIUM,,,,ANSWERED,Domain-verified (score=0.50),1,3 Data Conversion.docx,"{""raw"": ""6. Which of the following is a common use of DACs in aviation?\n   a. Driving analog gauges and displays\n   b. Storing flight data\n   c. Encrypting communication"", ""question"": ""6. Which of the following is a common use of DACs in aviation?"", ""options"": [""Driving analog gauges and displays"", ""Storing flight data"", ""Encrypting communication""], ""correct"": null, ""answer_text"": null, ""category"": null, ""source_file"": ""3 Data Conversion.docx"", ""source_module"": ""M5"", ""fmt"": ""docx"", ""module"": ""M5"", ""syllabusRef"": ""M5.05.04"", ""level"": null, ""difficulty"": ""MEDIUM""}"
M5,M5.05.03,,7. What does the resolution of an ADC define?,The speed of conversion,The precision of the converted digital value,The size of the device,,B,EASY,,,,ANSWERED,Domain-knowledge answer (score=1.00),1,3 Data Conversion.docx,"{""raw"": ""7. What does the resolution of an ADC define?\n   a. The speed of conversion\n   b. The precision of the converted digital value\n   c. The size of the device"", ""question"": ""7. What does the resolution of an ADC define?"", ""options"": [""The speed of conversion"", ""The precision of the converted digital value"", ""The size of the device""], ""correct"": null, ""answer_text"": null, ""category"": null, ""source_file"": ""3 Data Conversion.docx"", ""source_module"": ""M5"", ""fmt"": ""docx"", ""module"": ""M5"", ""syllabusRef"": ""M5.05.03"", ""level"": null, ""difficulty"": ""EASY""}"
M5,M5.5.6(b),,8. Which term describes the smallest change in analog input that results in a change in the digital output of an ADC?,Least Significant Bit (LSB),Most Significant Bit (MSB),Sample Rate,,B,MEDIUM,,,,ANSWERED,Verified correction (score=0.50),1,3 Data Conversion.docx,"{""raw"": ""8. Which term describes the smallest change in analog input that results in a change in the digital output of an ADC?\n   a. Least Significant Bit (LSB)\n   b. Most Significant Bit (MSB)\n   c. Sample Rate"", ""question"": ""8. Which term describes the smallest change in analog input that results in a change in the digital output of an ADC?"", ""options"": [""Least Significant Bit (LSB)"", ""Most Significant Bit (MSB)"", ""Sample Rate""], ""correct"": null, ""answer_text"": null, ""category"": null, ""source_file"": ""3 Data Conversion.docx"", ""source_module"": ""M5"", ""fmt"": ""docx"", ""module"": ""M5"", ""syllabusRef"": ""M5.5.6(b)"", ""level"": null, ""difficulty"": ""MEDIUM""}"
M5,M5.05.03,,9. What is the sampling rate in the context of data conversion?,The frequency at which an analog signal is sampled,The speed at which digital data is transmitted,The resolution of the digital output,,B,MEDIUM,,,,ANSWERED,Verified correction (score=0.50),1,3 Data Conversion.docx,"{""raw"": ""9. What is the sampling rate in the context of data conversion?\n   a. The frequency at which an analog signal is sampled\n   b. The speed at which digital data is transmitted\n   c. The resolution of the digital output"", ""question"": ""9. What is the sampling rate in the context of data conversion?"", ""options"": [""The frequency at which an analog signal is sampled"", ""The speed at which digital data is transmitted"", ""The resolution of the digital output""], ""correct"": null, ""answer_text"": null, ""category"": null, ""source_file"": ""3 Data Conversion.docx"", ""source_module"": ""M5"", ""fmt"": ""docx"", ""module"": ""M5"", ""syllabusRef"": ""M5.05.03"", ""level"": null, ""difficulty"": ""MEDIUM""}"
M5,M5.5.6(b),,"10. In an 8bit ADC, what is the maximum number of distinct output values it can produce?",128,255,256,,C,MEDIUM,,,,ANSWERED,Domain-knowledge answer (score=1.00),1,3 Data Conversion.docx,"{""raw"": ""10. In an 8bit ADC, what is the maximum number of distinct output values it can produce?\n    a. 128\n    b. 255\n    c. 256"", ""question"": ""10. In an 8bit ADC, what is the maximum number of distinct output values it can produce?"", ""options"": [""128"", ""255"", ""256""], ""correct"": null, ""answer_text"": null, ""category"": null, ""source_file"": ""3 Data Conversion.docx"", ""source_module"": ""M5"", ""fmt"": ""docx"", ""module"": ""M5"", ""syllabusRef"": ""M5.5.6(b)"", ""level"": null, ""difficulty"": ""MEDIUM""}"
M5,,,11. Which process is used to convert a continuous signal into a discrete signal?,Quantization,Sampling,Modulation,,A,MEDIUM,,,,ANSWERED,Domain-knowledge answer (score=1.00),1,3 Data Conversion.docx,"{""raw"": ""11. Which process is used to convert a continuous signal into a discrete signal?\n    a. Quantization\n    b. Sampling\n    c. Modulation"", ""question"": ""11. Which process is used to convert a continuous signal into a discrete signal?"", ""options"": [""Quantization"", ""Sampling"", ""Modulation""], ""correct"": null, ""answer_text"": null, ""category"": null, ""source_file"": ""3 Data Conversion.docx"", ""source_module"": ""M5"", ""fmt"": ""docx"", ""module"": ""M5"", ""difficulty"": ""MEDIUM""}"
M5,M5.5.6(b),,12. Why is quantization necessary in ADCs?,To increase the signal frequency,To map a range of analog values to discrete digital values,To filter noise from the signal,,B,EASY,,,,ANSWERED,Domain-knowledge answer (score=1.00),1,3 Data Conversion.docx,"{""raw"": ""12. Why is quantization necessary in ADCs?\n    a. To increase the signal frequency\n    b. To map a range of analog values to discrete digital values\n    c. To filter noise from the signal"", ""question"": ""12. Why is quantization necessary in ADCs?"", ""options"": [""To increase the signal frequency"", ""To map a range of analog values to discrete digital values"", ""To filter noise from the signal""], ""correct"": null, ""answer_text"": null, ""category"": null, ""source_file"": ""3 Data Conversion.docx"", ""source_module"": ""M5"", ""fmt"": ""docx"", ""module"": ""M5"", ""syllabusRef"": ""M5.5.6(b)"", ""level"": null, ""difficulty"": ""EASY""}"
M5,M5.05.03,,13. What is the purpose of a Sample and Hold circuit in an ADC?,To amplify the input signal,To filter out noise,To capture and hold the analog value for conversion,,C,MEDIUM,,,,ANSWERED,Domain-knowledge answer (score=1.00),1,3 Data Conversion.docx,"{""raw"": ""13. What is the purpose of a Sample and Hold circuit in an ADC?\n    a. To amplify the input signal\n    b. To filter out noise\n    c. To capture and hold the analog value for conversion"", ""question"": ""13. What is the purpose of a Sample and Hold circuit in an ADC?"", ""options"": [""To amplify the input signal"", ""To filter out noise"", ""To capture and hold the analog value for conversion""], ""correct"": null, ""answer_text"": null, ""category"": null, ""source_file"": ""3 Data Conversion.docx"", ""source_module"": ""M5"", ""fmt"": ""docx"", ""module"": ""M5"", ""syllabusRef"": ""M5.05.03"", ""level"": null, ""difficulty"": ""MEDIUM""}"
M5,M5.5.6(b),,14. What is the primary function of a signal conditioning circuit before ADC?,To store the signal,To adjust the signal to a suitable range and form,To convert the signal to digital form,,B,MEDIUM,,,,ANSWERED,Verified correction (score=0.67),1,3 Data Conversion.docx,"{""raw"": ""14. What is the primary function of a signal conditioning circuit before ADC?\n    a. To store the signal\n    b. To adjust the signal to a suitable range and form\n    c. To convert the signal to digital form"", ""question"": ""14. What is the primary function of a signal conditioning circuit before ADC?"", ""options"": [""To store the signal"", ""To adjust the signal to a suitable range and form"", ""To convert the signal to digital form""], ""correct"": null, ""answer_text"": null, ""category"": null, ""source_file"": ""3 Data Conversion.docx"", ""source_module"": ""M5"", ""fmt"": ""docx"", ""module"": ""M5"", ""syllabusRef"": ""M5.5.6(b)"", ""level"": null, ""difficulty"": ""MEDIUM""}"
M5,M5.05.03,,"15. What does the term ""aliasing"" refer to in data conversion?",Distortion that occurs when a signal is undersampled,The increase in signal amplitude,The process of filtering highfrequency noise,,B,MEDIUM,,,,ANSWERED,Verified correction (score=0.50),1,3 Data Conversion.docx,"{""raw"": ""15. What does the term \""aliasing\"" refer to in data conversion?\n    a. Distortion that occurs when a signal is undersampled\n    b. The increase in signal amplitude\n    c. The process of filtering highfrequency noise"", ""question"": ""15. What does the term \""aliasing\"" refer to in data conversion?"", ""options"": [""Distortion that occurs when a signal is undersampled"", ""The increase in signal amplitude"", ""The process of filtering highfrequency noise""], ""correct"": null, ""answer_text"": null, ""category"": null, ""source_file"": ""3 Data Conversion.docx"", ""source_module"": ""M5"", ""fmt"": ""docx"", ""module"": ""M5"", ""syllabusRef"": ""M5.05.03"", ""level"": null, ""difficulty"": ""MEDIUM""}"
M5,M5.05.03,,16. Which technique is used to prevent aliasing in data conversion?,Using an antialiasing filter,Increasing the bit resolution,Decreasing the sampling rate,,B,MEDIUM,,,,ANSWERED,Verified correction (score=0.50),1,3 Data Conversion.docx,"{""raw"": ""16. Which technique is used to prevent aliasing in data conversion?\n    a. Using an antialiasing filter\n    b. Increasing the bit resolution\n    c. Decreasing the sampling rate"", ""question"": ""16. Which technique is used to prevent aliasing in data conversion?"", ""options"": [""Using an antialiasing filter"", ""Increasing the bit resolution"", ""Decreasing the sampling rate""], ""correct"": null, ""answer_text"": null, ""category"": null, ""source_file"": ""3 Data Conversion.docx"", ""source_module"": ""M5"", ""fmt"": ""docx"", ""module"": ""M5"", ""syllabusRef"": ""M5.05.03"", ""level"": null, ""difficulty"": ""MEDIUM""}"
M5,M5.05.03,,17. What is the purpose of a multiplexer in data conversion?,To convert analog signals to digital,To select one of many input signals and forward it to the output,To amplify the signal,,B,MEDIUM,,,,ANSWERED,Verified correction (score=0.75),1,3 Data Conversion.docx,"{""raw"": ""17. What is the purpose of a multiplexer in data conversion?\n    a. To convert analog signals to digital\n    b. To select one of many input signals and forward it to the output\n    c. To amplify the signal"", ""question"": ""17. What is the purpose of a multiplexer in data conversion?"", ""options"": [""To convert analog signals to digital"", ""To select one of many input signals and forward it to the output"", ""To amplify the signal""], ""correct"": null, ""answer_text"": null, ""category"": null, ""source_file"": ""3 Data Conversion.docx"", ""source_module"": ""M5"", ""fmt"": ""docx"", ""module"": ""M5"", ""syllabusRef"": ""M5.05.03"", ""level"": null, ""difficulty"": ""MEDIUM""}"
M5,M5.05.02,,18. What role does a demultiplexer play in digital systems?,To convert digital signals to analog,To distribute a single input signal to one of many output lines,To filter noise from the signal,,A,MEDIUM,,,,ANSWERED,corpus page 264 (score=4),1,3 Data Conversion.docx,"{""raw"": ""18. What role does a demultiplexer play in digital systems?\n    a. To convert digital signals to analog\n    b. To distribute a single input signal to one of many output lines\n    c. To filter noise from the signal"", ""question"": ""18. What role does a demultiplexer play in digital systems?"", ""options"": [""To convert digital signals to analog"", ""To distribute a single input signal to one of many output lines"", ""To filter noise from the signal""], ""correct"": null, ""answer_text"": null, ""category"": null, ""source_file"": ""3 Data Conversion.docx"", ""source_module"": ""M5"", ""fmt"": ""docx"", ""module"": ""M5"", ""syllabusRef"": ""M5.05.02"", ""level"": null, ""difficulty"": ""MEDIUM""}"
M5,,,"19. In a 12bit ADC, how many discrete digital values can be represented?",2048,4096,8192,,C,MEDIUM,,,,ANSWERED,Domain-knowledge answer (score=0.33),1,3 Data Conversion.docx,"{""raw"": ""19. In a 12bit ADC, how many discrete digital values can be represented?\n    a. 2048\n    b. 4096\n    c. 8192"", ""question"": ""19. In a 12bit ADC, how many discrete digital values can be represented?"", ""options"": [""2048"", ""4096"", ""8192""], ""correct"": null, ""answer_text"": null, ""category"": null, ""source_file"": ""3 Data Conversion.docx"", ""source_module"": ""M5"", ""fmt"": ""docx"", ""module"": ""M5"", ""difficulty"": ""MEDIUM""}"
M5,M5.05.03,,20. What is the main purpose of Digital Signal Processing (DSP) in data conversion?,To convert signals from analog to digital,To manipulate digital data to improve signal quality,To amplify signals,,B,MEDIUM,,,,ANSWERED,Domain-verified (score=0.75),1,3 Data Conversion.docx,"{""raw"": ""20. What is the main purpose of Digital Signal Processing (DSP) in data conversion?\n    a. To convert signals from analog to digital\n    b. To manipulate digital data to improve signal quality\n    c. To amplify signals"", ""question"": ""20. What is the main purpose of Digital Signal Processing (DSP) in data conversion?"", ""options"": [""To convert signals from analog to digital"", ""To manipulate digital data to improve signal quality"", ""To amplify signals""], ""correct"": null, ""answer_text"": null, ""category"": null, ""source_file"": ""3 Data Conversion.docx"", ""source_module"": ""M5"", ""fmt"": ""docx"", ""module"": ""M5"", ""syllabusRef"": ""M5.05.03"", ""level"": null, ""difficulty"": ""MEDIUM""}"
M5,,,21. What type of filter is commonly used before ADC to prevent highfrequency noise?,Highpass filter,Bandpass filter,Lowpass filter,,C,MEDIUM,,,,ANSWERED,Domain-knowledge answer (score=1.00),1,3 Data Conversion.docx,"{""raw"": ""21. What type of filter is commonly used before ADC to prevent highfrequency noise?\n    a. Highpass filter\n    b. Bandpass filter\n    c. Lowpass filter"", ""question"": ""21. What type of filter is commonly used before ADC to prevent highfrequency noise?"", ""options"": [""Highpass filter"", ""Bandpass filter"", ""Lowpass filter""], ""correct"": null, ""answer_text"": null, ""category"": null, ""source_file"": ""3 Data Conversion.docx"", ""source_module"": ""M5"", ""fmt"": ""docx"", ""module"": ""M5"", ""difficulty"": ""MEDIUM""}"
M5,M5.5.6(b),,"22. What does the term ""Nyquist rate"" refer to?",The maximum amplitude of the signal,The minimum sampling rate required to avoid aliasing,The bit resolution of the ADC,,B,EASY,,,,ANSWERED,Domain-knowledge answer (score=1.00),1,3 Data Conversion.docx,"{""raw"": ""22. What does the term \""Nyquist rate\"" refer to?\n    a. The maximum amplitude of the signal\n    b. The minimum sampling rate required to avoid aliasing\n    c. The bit resolution of the ADC"", ""question"": ""22. What does the term \""Nyquist rate\"" refer to?"", ""options"": [""The maximum amplitude of the signal"", ""The minimum sampling rate required to avoid aliasing"", ""The bit resolution of the ADC""], ""correct"": null, ""answer_text"": null, ""category"": null, ""source_file"": ""3 Data Conversion.docx"", ""source_module"": ""M5"", ""fmt"": ""docx"", ""module"": ""M5"", ""syllabusRef"": ""M5.5.6(b)"", ""level"": null, ""difficulty"": ""EASY""}"
M5,M5.05.03,,23. Which parameter of an ADC defines its ability to resolve small changes in input signal?,Sample rate,Resolution,Conversion speed,,A,MEDIUM,,,,ANSWERED,Verified correction (score=0.50),1,3 Data Conversion.docx,"{""raw"": ""23. Which parameter of an ADC defines its ability to resolve small changes in input signal?\n    a. Sample rate\n    b. Resolution\n    c. Conversion speed"", ""question"": ""23. Which parameter of an ADC defines its ability to resolve small changes in input signal?"", ""options"": [""Sample rate"", ""Resolution"", ""Conversion speed""], ""correct"": null, ""answer_text"": null, ""category"": null, ""source_file"": ""3 Data Conversion.docx"", ""source_module"": ""M5"", ""fmt"": ""docx"", ""module"": ""M5"", ""syllabusRef"": ""M5.05.03"", ""level"": null, ""difficulty"": ""MEDIUM""}"
M5,M5.5.6(b),,24. Why is calibration important in ADCs?,To ensure accuracy and correct measurement,To increase the sample rate,To decrease the bit resolution,,A,EASY,,,,ANSWERED,Domain-knowledge answer (score=1.00),1,3 Data Conversion.docx,"{""raw"": ""24. Why is calibration important in ADCs?\n    a. To ensure accuracy and correct measurement\n    b. To increase the sample rate\n    c. To decrease the bit resolution"", ""question"": ""24. Why is calibration important in ADCs?"", ""options"": [""To ensure accuracy and correct measurement"", ""To increase the sample rate"", ""To decrease the bit resolution""], ""correct"": null, ""answer_text"": null, ""category"": null, ""source_file"": ""3 Data Conversion.docx"", ""source_module"": ""M5"", ""fmt"": ""docx"", ""module"": ""M5"", ""syllabusRef"": ""M5.5.6(b)"", ""level"": null, ""difficulty"": ""EASY""}"
M5,M5.05.03,,25. What is the result of increasing the bit resolution of an ADC?,Higher precision in digital output,Faster conversion speed,Lower data rate,,A,MEDIUM,,,,ANSWERED,Domain-knowledge answer (score=1.00),1,3 Data Conversion.docx,"{""raw"": ""25. What is the result of increasing the bit resolution of an ADC?\n    a. Higher precision in digital output\n    b. Faster conversion speed\n    c. Lower data rate"", ""question"": ""25. What is the result of increasing the bit resolution of an ADC?"", ""options"": [""Higher precision in digital output"", ""Faster conversion speed"", ""Lower data rate""], ""correct"": null, ""answer_text"": null, ""category"": null, ""source_file"": ""3 Data Conversion.docx"", ""source_module"": ""M5"", ""fmt"": ""docx"", ""module"": ""M5"", ""syllabusRef"": ""M5.05.03"", ""level"": null, ""difficulty"": ""MEDIUM""}"
M5,,,26. Which component converts a digital bitstream back into an analog signal?,DigitaltoAnalog Converter (DAC),AnalogtoDigital Converter (ADC),Multiplexer,,B,MEDIUM,,,,ANSWERED,Verified correction (score=0.50),1,3 Data Conversion.docx,"{""raw"": ""26. Which component converts a digital bitstream back into an analog signal?\n    a. DigitaltoAnalog Converter (DAC)\n    b. AnalogtoDigital Converter (ADC)\n    c. Multiplexer"", ""question"": ""26. Which component converts a digital bitstream back into an analog signal?"", ""options"": [""DigitaltoAnalog Converter (DAC)"", ""AnalogtoDigital Converter (ADC)"", ""Multiplexer""], ""correct"": null, ""answer_text"": null, ""category"": null, ""source_file"": ""3 Data Conversion.docx"", ""source_module"": ""M5"", ""fmt"": ""docx"", ""module"": ""M5"", ""difficulty"": ""MEDIUM""}"
M5,M5.05.04,,27. What is the effect of increasing the sampling rate in an ADC?,Lower data precision,Better representation of the analog signal,Increased aliasing,,B,MEDIUM,,,,ANSWERED,Domain-knowledge answer (score=1.00),1,3 Data Conversion.docx,"{""raw"": ""27. What is the effect of increasing the sampling rate in an ADC?\n    a. Lower data precision\n    b. Better representation of the analog signal\n    c. Increased aliasing"", ""question"": ""27. What is the effect of increasing the sampling rate in an ADC?"", ""options"": [""Lower data precision"", ""Better representation of the analog signal"", ""Increased aliasing""], ""correct"": null, ""answer_text"": null, ""category"": null, ""source_file"": ""3 Data Conversion.docx"", ""source_module"": ""M5"", ""fmt"": ""docx"", ""module"": ""M5"", ""syllabusRef"": ""M5.05.04"", ""level"": null, ""difficulty"": ""MEDIUM""}"
M5,M5.05.04,,28. What is a common application of ADCs in avionics?,Converting sensor data for digital processing,Storing flight manuals,Controlling cabin lights,,A,MEDIUM,,,,ANSWERED,Domain-knowledge answer (score=1.00),1,3 Data Conversion.docx,"{""raw"": ""28. What is a common application of ADCs in avionics?\n    a. Converting sensor data for digital processing\n    b. Storing flight manuals\n    c. Controlling cabin lights"", ""question"": ""28. What is a common application of ADCs in avionics?"", ""options"": [""Converting sensor data for digital processing"", ""Storing flight manuals"", ""Controlling cabin lights""], ""correct"": null, ""answer_text"": null, ""category"": null, ""source_file"": ""3 Data Conversion.docx"", ""source_module"": ""M5"", ""fmt"": ""docx"", ""module"": ""M5"", ""syllabusRef"": ""M5.05.04"", ""level"": null, ""difficulty"": ""MEDIUM""}"
M5,M5.5.6(b),,29. Which factor is crucial for determining the accuracy of a DAC?,Sampling rate,Bit resolution,Input signal frequency,,B,MEDIUM,,,,ANSWERED,Domain-knowledge answer (score=1.00),1,3 Data Conversion.docx,"{""raw"": ""29. Which factor is crucial for determining the accuracy of a DAC?\n    a. Sampling rate\n    b. Bit resolution\n    c. Input signal frequency"", ""question"": ""29. Which factor is crucial for determining the accuracy of a DAC?"", ""options"": [""Sampling rate"", ""Bit resolution"", ""Input signal frequency""], ""correct"": null, ""answer_text"": null, ""category"": null, ""source_file"": ""3 Data Conversion.docx"", ""source_module"": ""M5"", ""fmt"": ""docx"", ""module"": ""M5"", ""syllabusRef"": ""M5.5.6(b)"", ""level"": null, ""difficulty"": ""MEDIUM""}"
M5,M5.05.02,,30. Why is digital data often preferred for long distance transmission in aircraft systems?,Less susceptible to noise and degradation,Simpler to generate,Uses less bandwidth,,B,MEDIUM,,,,ANSWERED,Verified correction (score=0.50),1,3 Data Conversion.docx,"{""raw"": ""30. Why is digital data often preferred for long distance transmission in aircraft systems?\n    a. Less susceptible to noise and degradation\n    b. Simpler to generate\n    c. Uses less bandwidth"", ""question"": ""30. Why is digital data often preferred for long distance transmission in aircraft systems?"", ""options"": [""Less susceptible to noise and degradation"", ""Simpler to generate"", ""Uses less bandwidth""], ""correct"": null, ""answer_text"": null, ""category"": null, ""source_file"": ""3 Data Conversion.docx"", ""source_module"": ""M5"", ""fmt"": ""docx"", ""module"": ""M5"", ""syllabusRef"": ""M5.05.02"", ""level"": null, ""difficulty"": ""MEDIUM""}"
M5,M5.5.6(b),,1. What is the primary function of a data bus in a computer system?,To carry data between the CPU and other components,To supply power to the CPU,To provide a user interface for the system,,A,MEDIUM,,,,ANSWERED,Verified correction (score=0.67),1,4 Data Buses.docx,"{""raw"": ""1. What is the primary function of a data bus in a computer system?\n    a) To carry data between the CPU and other components\n    b) To supply power to the CPU\n    c) To provide a user interface for the system"", ""question"": ""1. What is the primary function of a data bus in a computer system?"", ""options"": [""To carry data between the CPU and other components"", ""To supply power to the CPU"", ""To provide a user interface for the system""], ""correct"": null, ""answer_text"": null, ""category"": null, ""source_file"": ""4 Data Buses.docx"", ""source_module"": ""M5"", ""fmt"": ""docx"", ""module"": ""M5"", ""syllabusRef"": ""M5.5.6(b)"", ""level"": null, ""difficulty"": ""MEDIUM""}"
M5,M5.05.04,,2. Which type of data bus allows data to travel in both directions?,Unidirectional bus,Bidirectional bus,Control bus,,B,MEDIUM,,,,ANSWERED,Verified correction (score=1.00),1,4 Data Buses.docx,"{""raw"": ""2. Which type of data bus allows data to travel in both directions?\n    a) Unidirectional bus\n    b) Bidirectional bus\n    c) Control bus"", ""question"": ""2. Which type of data bus allows data to travel in both directions?"", ""options"": [""Unidirectional bus"", ""Bidirectional bus"", ""Control bus""], ""correct"": null, ""answer_text"": null, ""category"": null, ""source_file"": ""4 Data Buses.docx"", ""source_module"": ""M5"", ""fmt"": ""docx"", ""module"": ""M5"", ""syllabusRef"": ""M5.05.04"", ""level"": null, ""difficulty"": ""MEDIUM""}"
M5,M5.05.04,,3. How many lines are typically found in a standard data bus?,4,8,16,,B,MEDIUM,,,,ANSWERED,Verified correction (score=0.50),1,4 Data Buses.docx,"{""raw"": ""3. How many lines are typically found in a standard data bus?\n    a) 4\n    b) 8\n    c) 16"", ""question"": ""3. How many lines are typically found in a standard data bus?"", ""options"": [""4"", ""8"", ""16""], ""correct"": null, ""answer_text"": null, ""category"": null, ""source_file"": ""4 Data Buses.docx"", ""source_module"": ""M5"", ""fmt"": ""docx"", ""module"": ""M5"", ""syllabusRef"": ""M5.05.04"", ""level"": null, ""difficulty"": ""MEDIUM""}"
M5,M5.5.6(b),,4. What does the width of a data bus determine?,The speed of the CPU,The amount of data that can be transferred at one time,The power consumption of the system,,B,EASY,,,,ANSWERED,Domain-verified (score=1.00),1,4 Data Buses.docx,"{""raw"": ""4. What does the width of a data bus determine?\n    a) The speed of the CPU\n    b) The amount of data that can be transferred at one time\n    c) The power consumption of the system"", ""question"": ""4. What does the width of a data bus determine?"", ""options"": [""The speed of the CPU"", ""The amount of data that can be transferred at one time"", ""The power consumption of the system""], ""correct"": null, ""answer_text"": null, ""category"": null, ""source_file"": ""4 Data Buses.docx"", ""source_module"": ""M5"", ""fmt"": ""docx"", ""module"": ""M5"", ""syllabusRef"": ""M5.5.6(b)"", ""level"": null, ""difficulty"": ""EASY""}"
M5,M5.05.04,,"5. In a 16bit data bus, how many bits are transferred simultaneously?",8,16,32,,B,MEDIUM,,,,ANSWERED,Domain-verified (score=0.50),1,4 Data Buses.docx,"{""raw"": ""5. In a 16bit data bus, how many bits are transferred simultaneously?\n    a) 8\n    b) 16\n    c) 32"", ""question"": ""5. In a 16bit data bus, how many bits are transferred simultaneously?"", ""options"": [""8"", ""16"", ""32""], ""correct"": null, ""answer_text"": null, ""category"": null, ""source_file"": ""4 Data Buses.docx"", ""source_module"": ""M5"", ""fmt"": ""docx"", ""module"": ""M5"", ""syllabusRef"": ""M5.05.04"", ""level"": null, ""difficulty"": ""MEDIUM""}"
M5,M5.5.6(b),,6. What is the primary difference between a data bus and an address bus?,"Data bus carries control signals, address bus carries data","Data bus carries data, address bus carries memory addresses","Data bus is unidirectional, address bus is bidirectional",,A,MEDIUM,,,,ANSWERED,Domain-verified (score=0.60),1,4 Data Buses.docx,"{""raw"": ""6. What is the primary difference between a data bus and an address bus?\n    a) Data bus carries control signals, address bus carries data\n    b) Data bus carries data, address bus carries memory addresses\n    c) Data bus is unidirectional, address bus is bidirectional"", ""question"": ""6. What is the primary difference between a data bus and an address bus?"", ""options"": [""Data bus carries control signals, address bus carries data"", ""Data bus carries data, address bus carries memory addresses"", ""Data bus is unidirectional, address bus is bidirectional""], ""correct"": null, ""answer_text"": null, ""category"": null, ""source_file"": ""4 Data Buses.docx"", ""source_module"": ""M5"", ""fmt"": ""docx"", ""module"": ""M5"", ""syllabusRef"": ""M5.5.6(b)"", ""level"": null, ""difficulty"": ""MEDIUM""}"
M5,M5.05.04,,7. What type of signal does a data bus typically carry?,Binary data,Analog signals,Audio signals,,B,MEDIUM,,,,ANSWERED,Verified correction (score=0.50),1,4 Data Buses.docx,"{""raw"": ""7. What type of signal does a data bus typically carry?\n    a) Binary data\n    b) Analog signals\n    c) Audio signals"", ""question"": ""7. What type of signal does a data bus typically carry?"", ""options"": [""Binary data"", ""Analog signals"", ""Audio signals""], ""correct"": null, ""answer_text"": null, ""category"": null, ""source_file"": ""4 Data Buses.docx"", ""source_module"": ""M5"", ""fmt"": ""docx"", ""module"": ""M5"", ""syllabusRef"": ""M5.05.04"", ""level"": null, ""difficulty"": ""MEDIUM""}"
M5,M5.5.6(b),,8. Which component directly interacts with the data bus to read or write data?,Power supply,CPU,Display unit,,B,MEDIUM,,,,ANSWERED,Domain-verified (score=0.50),1,4 Data Buses.docx,"{""raw"": ""8. Which component directly interacts with the data bus to read or write data?\n    a) Power supply\n    b) CPU\n    c) Display unit"", ""question"": ""8. Which component directly interacts with the data bus to read or write data?"", ""options"": [""Power supply"", ""CPU"", ""Display unit""], ""correct"": null, ""answer_text"": null, ""category"": null, ""source_file"": ""4 Data Buses.docx"", ""source_module"": ""M5"", ""fmt"": ""docx"", ""module"": ""M5"", ""syllabusRef"": ""M5.5.6(b)"", ""level"": null, ""difficulty"": ""MEDIUM""}"
M5,M5.5.6(b),,9. What is the role of the control bus in relation to the data bus?,To manage the operations of the data bus,To carry data,To connect external devices,,B,MEDIUM,,,,ANSWERED,Verified correction (score=0.50),1,4 Data Buses.docx,"{""raw"": ""9. What is the role of the control bus in relation to the data bus?\n    a) To manage the operations of the data bus\n    b) To carry data\n    c) To connect external devices"", ""question"": ""9. What is the role of the control bus in relation to the data bus?"", ""options"": [""To manage the operations of the data bus"", ""To carry data"", ""To connect external devices""], ""correct"": null, ""answer_text"": null, ""category"": null, ""source_file"": ""4 Data Buses.docx"", ""source_module"": ""M5"", ""fmt"": ""docx"", ""module"": ""M5"", ""syllabusRef"": ""M5.5.6(b)"", ""level"": null, ""difficulty"": ""MEDIUM""}"
M5,M5.5.6(b),,10. How does increasing the width of a data bus affect a computer system?,Reduces the number of data transfers required,Increases the amount of data transferred per cycle,Decreases system complexity,,B,MEDIUM,,,,ANSWERED,Verified correction (score=0.75),1,4 Data Buses.docx,"{""raw"": ""10. How does increasing the width of a data bus affect a computer system?\n     a) Reduces the number of data transfers required\n     b) Increases the amount of data transferred per cycle\n     c) Decreases system complexity"", ""question"": ""10. How does increasing the width of a data bus affect a computer system?"", ""options"": [""Reduces the number of data transfers required"", ""Increases the amount of data transferred per cycle"", ""Decreases system complexity""], ""correct"": null, ""answer_text"": null, ""category"": null, ""source_file"": ""4 Data Buses.docx"", ""source_module"": ""M5"", ""fmt"": ""docx"", ""module"": ""M5"", ""syllabusRef"": ""M5.5.6(b)"", ""level"": null, ""difficulty"": ""MEDIUM""}"
M5,M5.5.6(b),,11. Which component uses the data bus to communicate with memory?,Hard drive,CPU,Power supply,,B,MEDIUM,,,,ANSWERED,Domain-verified (score=0.50),1,4 Data Buses.docx,"{""raw"": ""11. Which component uses the data bus to communicate with memory?\n     a) Hard drive\n     b) CPU\n     c) Power supply"", ""question"": ""11. Which component uses the data bus to communicate with memory?"", ""options"": [""Hard drive"", ""CPU"", ""Power supply""], ""correct"": null, ""answer_text"": null, ""category"": null, ""source_file"": ""4 Data Buses.docx"", ""source_module"": ""M5"", ""fmt"": ""docx"", ""module"": ""M5"", ""syllabusRef"": ""M5.5.6(b)"", ""level"": null, ""difficulty"": ""MEDIUM""}"
M5,M5.5.6(b),,12. What is meant by the term 'bus width'?,The length of the bus,The number of parallel lines in the bus,The physical size of the bus,,B,EASY,,,,ANSWERED,Domain-verified (score=0.50),1,4 Data Buses.docx,"{""raw"": ""12. What is meant by the term 'bus width'?\n     a) The length of the bus\n     b) The number of parallel lines in the bus\n     c) The physical size of the bus"", ""question"": ""12. What is meant by the term 'bus width'?"", ""options"": [""The length of the bus"", ""The number of parallel lines in the bus"", ""The physical size of the bus""], ""correct"": null, ""answer_text"": null, ""category"": null, ""source_file"": ""4 Data Buses.docx"", ""source_module"": ""M5"", ""fmt"": ""docx"", ""module"": ""M5"", ""syllabusRef"": ""M5.5.6(b)"", ""level"": null, ""difficulty"": ""EASY""}"
M5,M5.5.6(b),,"13. In a bus system, what is the purpose of the 'bus cycle'?",To power the bus,To coordinate data transfer operations,To refresh the data stored in memory,,B,MEDIUM,,,,ANSWERED,Domain-verified (score=0.67),1,4 Data Buses.docx,"{""raw"": ""13. In a bus system, what is the purpose of the 'bus cycle'?\n     a) To power the bus\n     b) To coordinate data transfer operations\n     c) To refresh the data stored in memory"", ""question"": ""13. In a bus system, what is the purpose of the 'bus cycle'?"", ""options"": [""To power the bus"", ""To coordinate data transfer operations"", ""To refresh the data stored in memory""], ""correct"": null, ""answer_text"": null, ""category"": null, ""source_file"": ""4 Data Buses.docx"", ""source_module"": ""M5"", ""fmt"": ""docx"", ""module"": ""M5"", ""syllabusRef"": ""M5.5.6(b)"", ""level"": null, ""difficulty"": ""MEDIUM""}"
M5,M5.5.6(b),,14. Which factor can limit the speed of data transfer on a data bus?,Bus width,Bus height,Bus length,,B,MEDIUM,,,,ANSWERED,Verified correction (score=0.50),1,4 Data Buses.docx,"{""raw"": ""14. Which factor can limit the speed of data transfer on a data bus?\n     a) Bus width\n     b) Bus height\n     c) Bus length"", ""question"": ""14. Which factor can limit the speed of data transfer on a data bus?"", ""options"": [""Bus width"", ""Bus height"", ""Bus length""], ""correct"": null, ""answer_text"": null, ""category"": null, ""source_file"": ""4 Data Buses.docx"", ""source_module"": ""M5"", ""fmt"": ""docx"", ""module"": ""M5"", ""syllabusRef"": ""M5.5.6(b)"", ""level"": null, ""difficulty"": ""MEDIUM""}"
M5,M5.5.6(b),,15. What happens when the data bus is idle?,It sends random data,It waits for the next operation,It shuts down,,B,EASY,,,,ANSWERED,Verified correction (score=0.50),1,4 Data Buses.docx,"{""raw"": ""15. What happens when the data bus is idle?\n     a) It sends random data\n     b) It waits for the next operation\n     c) It shuts down"", ""question"": ""15. What happens when the data bus is idle?"", ""options"": [""It sends random data"", ""It waits for the next operation"", ""It shuts down""], ""correct"": null, ""answer_text"": null, ""category"": null, ""source_file"": ""4 Data Buses.docx"", ""source_module"": ""M5"", ""fmt"": ""docx"", ""module"": ""M5"", ""syllabusRef"": ""M5.5.6(b)"", ""level"": null, ""difficulty"": ""EASY""}"
M5,M5.05.04,,16. What type of bus system uses separate pathways for data and addresses?,Multiplexed bus,Demultiplexed bus,Single bus,,B,MEDIUM,,,,ANSWERED,Verified correction (score=0.67),1,4 Data Buses.docx,"{""raw"": ""16. What type of bus system uses separate pathways for data and addresses?\n     a) Multiplexed bus\n     b) Demultiplexed bus\n     c) Single bus"", ""question"": ""16. What type of bus system uses separate pathways for data and addresses?"", ""options"": [""Multiplexed bus"", ""Demultiplexed bus"", ""Single bus""], ""correct"": null, ""answer_text"": null, ""category"": null, ""source_file"": ""4 Data Buses.docx"", ""source_module"": ""M5"", ""fmt"": ""docx"", ""module"": ""M5"", ""syllabusRef"": ""M5.05.04"", ""level"": null, ""difficulty"": ""MEDIUM""}"
M5,M5.5.6(b),,17. What is the advantage of a wider data bus?,Higher data throughput,Lower power consumption,Reduced electromagnetic interference,,B,EASY,,,,ANSWERED,Verified correction (score=0.50),1,4 Data Buses.docx,"{""raw"": ""17. What is the advantage of a wider data bus?\n     a) Higher data throughput\n     b) Lower power consumption\n     c) Reduced electromagnetic interference"", ""question"": ""17. What is the advantage of a wider data bus?"", ""options"": [""Higher data throughput"", ""Lower power consumption"", ""Reduced electromagnetic interference""], ""correct"": null, ""answer_text"": null, ""category"": null, ""source_file"": ""4 Data Buses.docx"", ""source_module"": ""M5"", ""fmt"": ""docx"", ""module"": ""M5"", ""syllabusRef"": ""M5.5.6(b)"", ""level"": null, ""difficulty"": ""EASY""}"
M5,M5.5.6(b),,18. What is the relationship between the data bus and system performance?,No relationship,Directly proportional,Inversely proportional,,B,MEDIUM,,,,ANSWERED,Verified correction (score=0.50),1,4 Data Buses.docx,"{""raw"": ""18. What is the relationship between the data bus and system performance?\n     a) No relationship\n     b) Directly proportional\n     c) Inversely proportional"", ""question"": ""18. What is the relationship between the data bus and system performance?"", ""options"": [""No relationship"", ""Directly proportional"", ""Inversely proportional""], ""correct"": null, ""answer_text"": null, ""category"": null, ""source_file"": ""4 Data Buses.docx"", ""source_module"": ""M5"", ""fmt"": ""docx"", ""module"": ""M5"", ""syllabusRef"": ""M5.5.6(b)"", ""level"": null, ""difficulty"": ""MEDIUM""}"
M5,M5.5.6(b),,19. What does a 'bus protocol' define?,Physical dimensions of the bus,Rules for data transmission,Power requirements,,B,EASY,,,,ANSWERED,Domain-knowledge answer (score=1.00),1,4 Data Buses.docx,"{""raw"": ""19. What does a 'bus protocol' define?\n     a) Physical dimensions of the bus\n     b) Rules for data transmission\n     c) Power requirements"", ""question"": ""19. What does a 'bus protocol' define?"", ""options"": [""Physical dimensions of the bus"", ""Rules for data transmission"", ""Power requirements""], ""correct"": null, ""answer_text"": null, ""category"": null, ""source_file"": ""4 Data Buses.docx"", ""source_module"": ""M5"", ""fmt"": ""docx"", ""module"": ""M5"", ""syllabusRef"": ""M5.5.6(b)"", ""level"": null, ""difficulty"": ""EASY""}"
M5,M5.5.6(b),,20. Which type of memory is directly connected to the data bus?,RAM,ROM,Hard drive,,B,MEDIUM,,,,ANSWERED,Domain-verified (score=0.50),1,4 Data Buses.docx,"{""raw"": ""20. Which type of memory is directly connected to the data bus?\n     a) RAM\n     b) ROM\n     c) Hard drive"", ""question"": ""20. Which type of memory is directly connected to the data bus?"", ""options"": [""RAM"", ""ROM"", ""Hard drive""], ""correct"": null, ""answer_text"": null, ""category"": null, ""source_file"": ""4 Data Buses.docx"", ""source_module"": ""M5"", ""fmt"": ""docx"", ""module"": ""M5"", ""syllabusRef"": ""M5.5.6(b)"", ""level"": null, ""difficulty"": ""MEDIUM""}"
M5,M5.5.6(b),,21. How does the CPU use the data bus during a read operation?,Sends data to memory,Receives data from memory,Sends data to I/O devices,,B,MEDIUM,,,,ANSWERED,Verified correction (score=0.50),1,4 Data Buses.docx,"{""raw"": ""21. How does the CPU use the data bus during a read operation?\n     a) Sends data to memory\n     b) Receives data from memory\n     c) Sends data to I/O devices"", ""question"": ""21. How does the CPU use the data bus during a read operation?"", ""options"": [""Sends data to memory"", ""Receives data from memory"", ""Sends data to I/O devices""], ""correct"": null, ""answer_text"": null, ""category"": null, ""source_file"": ""4 Data Buses.docx"", ""source_module"": ""M5"", ""fmt"": ""docx"", ""module"": ""M5"", ""syllabusRef"": ""M5.5.6(b)"", ""level"": null, ""difficulty"": ""MEDIUM""}"
M5,M5.5.6(b),,23. What does 'bus arbitration' refer to?,Assigning bus width,Determining which device can use the bus,Adjusting bus length,,B,EASY,,,,ANSWERED,Domain-knowledge answer (score=1.00),1,4 Data Buses.docx,"{""raw"": ""23. What does 'bus arbitration' refer to?\n     a) Assigning bus width\n     b) Determining which device can use the bus\n     c) Adjusting bus length"", ""question"": ""23. What does 'bus arbitration' refer to?"", ""options"": [""Assigning bus width"", ""Determining which device can use the bus"", ""Adjusting bus length""], ""correct"": null, ""answer_text"": null, ""category"": null, ""source_file"": ""4 Data Buses.docx"", ""source_module"": ""M5"", ""fmt"": ""docx"", ""module"": ""M5"", ""syllabusRef"": ""M5.5.6(b)"", ""level"": null, ""difficulty"": ""EASY""}"
M5,M5.5.6(b),,"24. In a computer system, which bus is typically faster?",Control bus,Data bus,Address bus,,B,MEDIUM,,,,ANSWERED,Domain-knowledge answer (score=0.40),1,4 Data Buses.docx,"{""raw"": ""24. In a computer system, which bus is typically faster?\n     a) Control bus\n     b) Data bus\n     c) Address bus"", ""question"": ""24. In a computer system, which bus is typically faster?"", ""options"": [""Control bus"", ""Data bus"", ""Address bus""], ""correct"": null, ""answer_text"": null, ""category"": null, ""source_file"": ""4 Data Buses.docx"", ""source_module"": ""M5"", ""fmt"": ""docx"", ""module"": ""M5"", ""syllabusRef"": ""M5.5.6(b)"", ""level"": null, ""difficulty"": ""MEDIUM""}"
M5,M5.5.6(b),,25. What is 'bus contention'?,Conflict between devices trying to use the bus simultaneously,Data corruption on the bus,Physical damage to the bus,,A,EASY,,,,ANSWERED,Domain-knowledge answer (score=1.00),1,4 Data Buses.docx,"{""raw"": ""25. What is 'bus contention'?\n     a) Conflict between devices trying to use the bus simultaneously\n     b) Data corruption on the bus\n     c) Physical damage to the bus"", ""question"": ""25. What is 'bus contention'?"", ""options"": [""Conflict between devices trying to use the bus simultaneously"", ""Data corruption on the bus"", ""Physical damage to the bus""], ""correct"": null, ""answer_text"": null, ""category"": null, ""source_file"": ""4 Data Buses.docx"", ""source_module"": ""M5"", ""fmt"": ""docx"", ""module"": ""M5"", ""syllabusRef"": ""M5.5.6(b)"", ""level"": null, ""difficulty"": ""EASY""}"
M5,M5.5.6(b),,26. What mechanism is used to avoid bus contention?,Bus expansion,Bus arbitration,Bus compression,,A,MEDIUM,,,,ANSWERED,Domain-knowledge answer (score=1.00),1,4 Data Buses.docx,"{""raw"": ""26. What mechanism is used to avoid bus contention?\n     a) Bus expansion\n     b) Bus arbitration\n     c) Bus compression"", ""question"": ""26. What mechanism is used to avoid bus contention?"", ""options"": [""Bus expansion"", ""Bus arbitration"", ""Bus compression""], ""correct"": null, ""answer_text"": null, ""category"": null, ""source_file"": ""4 Data Buses.docx"", ""source_module"": ""M5"", ""fmt"": ""docx"", ""module"": ""M5"", ""syllabusRef"": ""M5.5.6(b)"", ""level"": null, ""difficulty"": ""MEDIUM""}"
M5,M5.5.6(b),,27. Which of the following can improve the performance of a data bus?,Increasing the clock speed,Reducing the bus width,Adding more control lines,,B,MEDIUM,,,,ANSWERED,Verified correction (score=0.50),1,4 Data Buses.docx,"{""raw"": ""27. Which of the following can improve the performance of a data bus?\n     a) Increasing the clock speed\n     b) Reducing the bus width\n     c) Adding more control lines"", ""question"": ""27. Which of the following can improve the performance of a data bus?"", ""options"": [""Increasing the clock speed"", ""Reducing the bus width"", ""Adding more control lines""], ""correct"": null, ""answer_text"": null, ""category"": null, ""source_file"": ""4 Data Buses.docx"", ""source_module"": ""M5"", ""fmt"": ""docx"", ""module"": ""M5"", ""syllabusRef"": ""M5.5.6(b)"", ""level"": null, ""difficulty"": ""MEDIUM""}"
M5,M5.5.6(b),,28. What is the effect of bus capacitance on data transfer?,Slows down the data transfer rate,Speeds up the data transfer rate,Has no effect,,B,MEDIUM,,,,ANSWERED,Verified correction (score=0.50),1,4 Data Buses.docx,"{""raw"": ""28. What is the effect of bus capacitance on data transfer?\n     a) Slows down the data transfer rate\n     b) Speeds up the data transfer rate\n     c) Has no effect"", ""question"": ""28. What is the effect of bus capacitance on data transfer?"", ""options"": [""Slows down the data transfer rate"", ""Speeds up the data transfer rate"", ""Has no effect""], ""correct"": null, ""answer_text"": null, ""category"": null, ""source_file"": ""4 Data Buses.docx"", ""source_module"": ""M5"", ""fmt"": ""docx"", ""module"": ""M5"", ""syllabusRef"": ""M5.5.6(b)"", ""level"": null, ""difficulty"": ""MEDIUM""}"
M5,M5.05.04,,29. What is a common feature of high performance data buses?,Wide bus width,Narrow bus width,High power consumption,,B,MEDIUM,,,,ANSWERED,Verified correction (score=0.50),1,4 Data Buses.docx,"{""raw"": ""29. What is a common feature of high performance data buses?\n     a) Wide bus width\n     b) Narrow bus width\n     c) High power consumption"", ""question"": ""29. What is a common feature of high performance data buses?"", ""options"": [""Wide bus width"", ""Narrow bus width"", ""High power consumption""], ""correct"": null, ""answer_text"": null, ""category"": null, ""source_file"": ""4 Data Buses.docx"", ""source_module"": ""M5"", ""fmt"": ""docx"", ""module"": ""M5"", ""syllabusRef"": ""M5.05.04"", ""level"": null, ""difficulty"": ""MEDIUM""}"
M5,M5.5.6(b),,30. What does 'bus multiplexing' allow in a computer system?,Sharing of bus lines for multiple functions,Exclusive use of bus lines,Simplified bus design,,A,MEDIUM,,,,ANSWERED,Domain-knowledge answer (score=0.50),1,4 Data Buses.docx,"{""raw"": ""30. What does 'bus multiplexing' allow in a computer system?\n     a) Sharing of bus lines for multiple functions\n     b) Exclusive use of bus lines\n     c) Simplified bus design"", ""question"": ""30. What does 'bus multiplexing' allow in a computer system?"", ""options"": [""Sharing of bus lines for multiple functions"", ""Exclusive use of bus lines"", ""Simplified bus design""], ""correct"": null, ""answer_text"": null, ""category"": null, ""source_file"": ""4 Data Buses.docx"", ""source_module"": ""M5"", ""fmt"": ""docx"", ""module"": ""M5"", ""syllabusRef"": ""M5.5.6(b)"", ""level"": null, ""difficulty"": ""MEDIUM""}"
M5,M5.5.6(b),,1. What is the primary function of a data bus in an aircraft?,To connect the pilot's controls to the engines.,To transmit data between different computer systems within the aircraft.,To provide power to avionics systems.,,A,MEDIUM,,,,ANSWERED,Verified correction (score=0.80),1,4 Data Buses 2.docx,"{""raw"": ""1. What is the primary function of a data bus in an aircraft?\n    a) To connect the pilot's controls to the engines.\n    b) To transmit data between different computer systems within the aircraft.\n    c) To provide power to avionics systems."", ""question"": ""1. What is the primary function of a data bus in an aircraft?"", ""options"": [""To connect the pilot's controls to the engines."", ""To transmit data between different computer systems within the aircraft."", ""To provide power to avionics systems.""], ""correct"": null, ""answer_text"": null, ""category"": null, ""source_file"": ""4 Data Buses 2.docx"", ""source_module"": ""M5"", ""fmt"": ""docx"", ""module"": ""M5"", ""syllabusRef"": ""M5.5.6(b)"", ""level"": null, ""difficulty"": ""MEDIUM""}"
M5,M5.5.6(b),,2. Which of the following is true about a serial data bus?,It requires less wiring but is slower.,It requires one wire for each bit within the data word.,It is faster than a parallel bus.,,B,MEDIUM,,,,ANSWERED,Verified correction (score=0.50),1,4 Data Buses 2.docx,"{""raw"": ""2. Which of the following is true about a serial data bus?\n    a) It requires less wiring but is slower.\n    b) It requires one wire for each bit within the data word.\n    c) It is faster than a parallel bus."", ""question"": ""2. Which of the following is true about a serial data bus?"", ""options"": [""It requires less wiring but is slower."", ""It requires one wire for each bit within the data word."", ""It is faster than a parallel bus.""], ""correct"": null, ""answer_text"": null, ""category"": null, ""source_file"": ""4 Data Buses 2.docx"", ""source_module"": ""M5"", ""fmt"": ""docx"", ""module"": ""M5"", ""syllabusRef"": ""M5.5.6(b)"", ""level"": null, ""difficulty"": ""MEDIUM""}"
M5,M5.5.6(b),,"3. In aircraft, what does the address bus do?",Transfers actual data.,Transfers information about where the data should go.,Transfers electrical power.,,A,EASY,,,,ANSWERED,Domain-verified (score=0.40),1,4 Data Buses 2.docx,"{""raw"": ""3. In aircraft, what does the address bus do?\n    a) Transfers actual data.\n    b) Transfers information about where the data should go.\n    c) Transfers electrical power."", ""question"": ""3. In aircraft, what does the address bus do?"", ""options"": [""Transfers actual data."", ""Transfers information about where the data should go."", ""Transfers electrical power.""], ""correct"": null, ""answer_text"": null, ""category"": null, ""source_file"": ""4 Data Buses 2.docx"", ""source_module"": ""M5"", ""fmt"": ""docx"", ""module"": ""M5"", ""syllabusRef"": ""M5.5.6(b)"", ""level"": null, ""difficulty"": ""EASY""}"
M5,M5.5.6(b),,A bus that can transmit in both directions but not at the same time is called:,Simplex,Half Duplex,Full Duplex,,B,MEDIUM,,,,ANSWERED,Verified correction (score=0.60),1,4 Data Buses 2.docx,"{""raw"": ""4. A bus that can transmit in both directions but not at the same time is called:\n    a) Simplex\n    b) Half Duplex\n    c) Full Duplex"", ""question"": ""A bus that can transmit in both directions but not at the same time is called:"", ""options"": [""Simplex"", ""Half Duplex"", ""Full Duplex""], ""correct"": null, ""answer_text"": null, ""category"": null, ""source_file"": ""4 Data Buses 2.docx"", ""source_module"": ""M5"", ""fmt"": ""docx"", ""module"": ""M5"", ""syllabusRef"": ""M5.5.6(b)"", ""level"": null, ""difficulty"": ""MEDIUM""}"
M5,M5.5.6(b),,5. ARINC 429 employs which type of bus standard?,Bidirectional,Unidirectional (simplex),Full Duplex,,B,EASY,,,,ANSWERED,Domain-knowledge answer (score=1.00),1,4 Data Buses 2.docx,"{""raw"": ""5. ARINC 429 employs which type of bus standard?\n    a) Bidirectional\n    b) Unidirectional (simplex)\n    c) Full Duplex"", ""question"": ""5. ARINC 429 employs which type of bus standard?"", ""options"": [""Bidirectional"", ""Unidirectional (simplex)"", ""Full Duplex""], ""correct"": null, ""answer_text"": null, ""category"": null, ""source_file"": ""4 Data Buses 2.docx"", ""source_module"": ""M5"", ""fmt"": ""docx"", ""module"": ""M5"", ""syllabusRef"": ""M5.5.6(b)"", ""level"": null, ""difficulty"": ""EASY""}"
M5,M5.5.6(b),,6. Which bus classification allows for communication between multiple computers and multiple LRUs?,"Multiple Source, Multiple Sink","Single Source, Single Sink","Single Source, Multiple Sink",,B,MEDIUM,,,,ANSWERED,Verified correction (score=0.40),1,4 Data Buses 2.docx,"{""raw"": ""6. Which bus classification allows for communication between multiple computers and multiple LRUs?\n    a) Multiple Source, Multiple Sink\n    b) Single Source, Single Sink\n    c) Single Source, Multiple Sink"", ""question"": ""6. Which bus classification allows for communication between multiple computers and multiple LRUs?"", ""options"": [""Multiple Source, Multiple Sink"", ""Single Source, Single Sink"", ""Single Source, Multiple Sink""], ""correct"": null, ""answer_text"": null, ""category"": null, ""source_file"": ""4 Data Buses 2.docx"", ""source_module"": ""M5"", ""fmt"": ""docx"", ""module"": ""M5"", ""syllabusRef"": ""M5.5.6(b)"", ""level"": null, ""difficulty"": ""MEDIUM""}"
M5,M5.05.04,,7. What is the purpose of parity checking in data communication?,To increase the speed of data transmission.,To check that data has been transmitted accurately.,To encrypt data for security.,,B,MEDIUM,,,,ANSWERED,Domain-verified (score=0.67),1,4 Data Buses 2.docx,"{""raw"": ""7. What is the purpose of parity checking in data communication?\n    a) To increase the speed of data transmission.\n    b) To check that data has been transmitted accurately.\n    c) To encrypt data for security."", ""question"": ""7. What is the purpose of parity checking in data communication?"", ""options"": [""To increase the speed of data transmission."", ""To check that data has been transmitted accurately."", ""To encrypt data for security.""], ""correct"": null, ""answer_text"": null, ""category"": null, ""source_file"": ""4 Data Buses 2.docx"", ""source_module"": ""M5"", ""fmt"": ""docx"", ""module"": ""M5"", ""syllabusRef"": ""M5.05.04"", ""level"": null, ""difficulty"": ""MEDIUM""}"
M5,,,8. What type of parity is most commonly used in parity checking?,Odd parity,Even parity,Zero parity,,B,MEDIUM,,,,ANSWERED,Domain-verified (score=0.67),1,4 Data Buses 2.docx,"{""raw"": ""8. What type of parity is most commonly used in parity checking?\n    a) Odd parity\n    b) Even parity\n    c) Zero parity"", ""question"": ""8. What type of parity is most commonly used in parity checking?"", ""options"": [""Odd parity"", ""Even parity"", ""Zero parity""], ""correct"": null, ""answer_text"": null, ""category"": null, ""source_file"": ""4 Data Buses 2.docx"", ""source_module"": ""M5"", ""fmt"": ""docx"", ""module"": ""M5"", ""difficulty"": ""MEDIUM""}"
M5,M5.05.04,,"9. If a byte of data has an even number of set bits, what will the parity bit be set to for even parity?",1,0,It does not matter.,,B,MEDIUM,,,,ANSWERED,Domain-knowledge answer (score=1.00),1,4 Data Buses 2.docx,"{""raw"": ""9. If a byte of data has an even number of set bits, what will the parity bit be set to for even parity?\n    a) 1\n    b) 0\n    c) It does not matter."", ""question"": ""9. If a byte of data has an even number of set bits, what will the parity bit be set to for even parity?"", ""options"": [""1"", ""0"", ""It does not matter.""], ""correct"": null, ""answer_text"": null, ""category"": null, ""source_file"": ""4 Data Buses 2.docx"", ""source_module"": ""M5"", ""fmt"": ""docx"", ""module"": ""M5"", ""syllabusRef"": ""M5.05.04"", ""level"": null, ""difficulty"": ""MEDIUM""}"
M5,M5.5.6(b),,10. What is the bit rate of ARINC 429?,12.5 or 200 kilobits per second,12.5 or 100 kilobits per second,1 or 10 megabits per second,,B,EASY,,,,ANSWERED,Domain-knowledge answer (score=1.00),1,4 Data Buses 2.docx,"{""raw"": ""10. What is the bit rate of ARINC 429?\n     a) 12.5 or 200 kilobits per second\n     b) 12.5 or 100 kilobits per second\n     c) 1 or 10 megabits per second"", ""question"": ""10. What is the bit rate of ARINC 429?"", ""options"": [""12.5 or 200 kilobits per second"", ""12.5 or 100 kilobits per second"", ""1 or 10 megabits per second""], ""correct"": null, ""answer_text"": null, ""category"": null, ""source_file"": ""4 Data Buses 2.docx"", ""source_module"": ""M5"", ""fmt"": ""docx"", ""module"": ""M5"", ""syllabusRef"": ""M5.5.6(b)"", ""level"": null, ""difficulty"": ""EASY""}"
M5,,,11. How many receivers can there be on a single ARINC 429 wire pair?,Up to 5,Up to 20,Only 1,,C,MEDIUM,,,,ANSWERED,Domain-knowledge answer (score=0.33),1,4 Data Buses 2.docx,"{""raw"": ""11. How many receivers can there be on a single ARINC 429 wire pair?\n     a) Up to 5\n     b) Up to 20\n     c) Only 1"", ""question"": ""11. How many receivers can there be on a single ARINC 429 wire pair?"", ""options"": [""Up to 5"", ""Up to 20"", ""Only 1""], ""correct"": null, ""answer_text"": null, ""category"": null, ""source_file"": ""4 Data Buses 2.docx"", ""source_module"": ""M5"", ""fmt"": ""docx"", ""module"": ""M5"", ""difficulty"": ""MEDIUM""}"
M5,,,12. What type of architecture does ARINC 429 use?,Point-to-point,Multipoint,Star,,A,EASY,,,,ANSWERED,Domain-knowledge answer (score=1.00),1,4 Data Buses 2.docx,"{""raw"": ""12. What type of architecture does ARINC 429 use?\n     a) Point-to-point\n     b) Multipoint\n     c) Star"", ""question"": ""12. What type of architecture does ARINC 429 use?"", ""options"": [""Point-to-point"", ""Multipoint"", ""Star""], ""correct"": null, ""answer_text"": null, ""category"": null, ""source_file"": ""4 Data Buses 2.docx"", ""source_module"": ""M5"", ""fmt"": ""docx"", ""module"": ""M5"", ""difficulty"": ""EASY""}"
M5,M5.5.6(b),,13. Which aircraft first used the ARINC 629 data bus?,Airbus A320,Boeing 777,Boeing 747,,A,MEDIUM,,,,ANSWERED,Domain-verified (score=0.60),1,4 Data Buses 2.docx,"{""raw"": ""13. Which aircraft first used the ARINC 629 data bus?\n     a) Airbus A320\n     b) Boeing 777\n     c) Boeing 747"", ""question"": ""13. Which aircraft first used the ARINC 629 data bus?"", ""options"": [""Airbus A320"", ""Boeing 777"", ""Boeing 747""], ""correct"": null, ""answer_text"": null, ""category"": null, ""source_file"": ""4 Data Buses 2.docx"", ""source_module"": ""M5"", ""fmt"": ""docx"", ""module"": ""M5"", ""syllabusRef"": ""M5.5.6(b)"", ""level"": null, ""difficulty"": ""MEDIUM""}"
M5,M5.05.04,,14. What is the data rate of ARINC 629?,100 kbps,2 Mbps,20 Mbps,,A,EASY,,,,ANSWERED,Domain-verified (score=0.50),1,4 Data Buses 2.docx,"{""raw"": ""14. What is the data rate of ARINC 629?\n     a) 100 kbps\n     b) 2 Mbps\n     c) 20 Mbps"", ""question"": ""14. What is the data rate of ARINC 629?"", ""options"": [""100 kbps"", ""2 Mbps"", ""20 Mbps""], ""correct"": null, ""answer_text"": null, ""category"": null, ""source_file"": ""4 Data Buses 2.docx"", ""source_module"": ""M5"", ""fmt"": ""docx"", ""module"": ""M5"", ""syllabusRef"": ""M5.05.04"", ""level"": null, ""difficulty"": ""EASY""}"
M5,M5.5.6(b),,15. How many terminals can be connected to an ARINC 629 bus?,Up to 50,Up to 120,Up to 200,,A,MEDIUM,,,,ANSWERED,Verified correction (score=0.50),1,4 Data Buses 2.docx,"{""raw"": ""15. How many terminals can be connected to an ARINC 629 bus?\n     a) Up to 50\n     b) Up to 120\n     c) Up to 200"", ""question"": ""15. How many terminals can be connected to an ARINC 629 bus?"", ""options"": [""Up to 50"", ""Up to 120"", ""Up to 200""], ""correct"": null, ""answer_text"": null, ""category"": null, ""source_file"": ""4 Data Buses 2.docx"", ""source_module"": ""M5"", ""fmt"": ""docx"", ""module"": ""M5"", ""syllabusRef"": ""M5.5.6(b)"", ""level"": null, ""difficulty"": ""MEDIUM""}"
M5,M5.05.02,,16. What is the primary use of MILSTD1553B?,Commercial aircraft systems,Military aircraft systems,Civil avionics,,B,EASY,,,,ANSWERED,Domain-knowledge answer (score=1.00),1,4 Data Buses 2.docx,"{""raw"": ""16. What is the primary use of MILSTD1553B?\n     a) Commercial aircraft systems\n     b) Military aircraft systems\n     c) Civil avionics"", ""question"": ""16. What is the primary use of MILSTD1553B?"", ""options"": [""Commercial aircraft systems"", ""Military aircraft systems"", ""Civil avionics""], ""correct"": null, ""answer_text"": null, ""category"": null, ""source_file"": ""4 Data Buses 2.docx"", ""source_module"": ""M5"", ""fmt"": ""docx"", ""module"": ""M5"", ""syllabusRef"": ""M5.05.02"", ""level"": null, ""difficulty"": ""EASY""}"
M5,M5.05.04,,17. What is the maximum data transfer speed of MILSTD1553B?,1 Mbps,1 Mbps,10 Mbps,,A,MEDIUM,,,,ANSWERED,Domain-verified (score=0.50),1,4 Data Buses 2.docx,"{""raw"": ""17. What is the maximum data transfer speed of MILSTD1553B?\n     a) 1 Mbps\n     b) 1 Mbps\n     c) 10 Mbps"", ""question"": ""17. What is the maximum data transfer speed of MILSTD1553B?"", ""options"": [""1 Mbps"", ""1 Mbps"", ""10 Mbps""], ""correct"": null, ""answer_text"": null, ""category"": null, ""source_file"": ""4 Data Buses 2.docx"", ""source_module"": ""M5"", ""fmt"": ""docx"", ""module"": ""M5"", ""syllabusRef"": ""M5.05.04"", ""level"": null, ""difficulty"": ""MEDIUM""}"
M5,M5.5.6(b),,18. Which of the following aircraft used MILSTD1553B?,F16,Airbus A320,Boeing 737,,A,MEDIUM,,,,ANSWERED,Domain-knowledge answer (score=1.00),1,4 Data Buses 2.docx,"{""raw"": ""18. Which of the following aircraft used MILSTD1553B?\n     a) F16\n     b) Airbus A320\n     c) Boeing 737\n### ARINC 664 AFDX"", ""question"": ""18. Which of the following aircraft used MILSTD1553B?"", ""options"": [""F16"", ""Airbus A320"", ""Boeing 737""], ""correct"": null, ""answer_text"": null, ""category"": null, ""source_file"": ""4 Data Buses 2.docx"", ""source_module"": ""M5"", ""fmt"": ""docx"", ""module"": ""M5"", ""syllabusRef"": ""M5.5.6(b)"", ""level"": null, ""difficulty"": ""MEDIUM""}"
M5,M5.5.6(b),,19. Which of the following aircraft uses ARINC 664 AFDX?,Boeing 747,Airbus A380,F16,,B,MEDIUM,,,,ANSWERED,Domain-knowledge answer (score=1.00),1,4 Data Buses 2.docx,"{""raw"": ""19. Which of the following aircraft uses ARINC 664 AFDX?\n     a) Boeing 747\n     b) Airbus A380\n     c) F16"", ""question"": ""19. Which of the following aircraft uses ARINC 664 AFDX?"", ""options"": [""Boeing 747"", ""Airbus A380"", ""F16""], ""correct"": null, ""answer_text"": null, ""category"": null, ""source_file"": ""4 Data Buses 2.docx"", ""source_module"": ""M5"", ""fmt"": ""docx"", ""module"": ""M5"", ""syllabusRef"": ""M5.5.6(b)"", ""level"": null, ""difficulty"": ""MEDIUM""}"
M5,M5.05.04,,20. What is the data rate of ARINC 664 AFDX?,10 Mbps,1 Gbps,100 Mbps,,A,EASY,,,,ANSWERED,Verified correction (score=0.50),1,4 Data Buses 2.docx,"{""raw"": ""20. What is the data rate of ARINC 664 AFDX?\n     a) 10 Mbps\n     b) 1 Gbps\n     c) 100 Mbps"", ""question"": ""20. What is the data rate of ARINC 664 AFDX?"", ""options"": [""10 Mbps"", ""1 Gbps"", ""100 Mbps""], ""correct"": null, ""answer_text"": null, ""category"": null, ""source_file"": ""4 Data Buses 2.docx"", ""source_module"": ""M5"", ""fmt"": ""docx"", ""module"": ""M5"", ""syllabusRef"": ""M5.05.04"", ""level"": null, ""difficulty"": ""EASY""}"
M5,M5.05.04,,21. How does AFDX improve reliability compared to standard Ethernet?,By using only coaxial cables,By providing deterministic timing and redundancy,By using higher data rates only,,A,MEDIUM,,,,ANSWERED,corpus page 356 (score=3),1,4 Data Buses 2.docx,"{""raw"": ""21. How does AFDX improve reliability compared to standard Ethernet?\n     a) By using only coaxial cables\n     b) By providing deterministic timing and redundancy\n     c) By using higher data rates only"", ""question"": ""21. How does AFDX improve reliability compared to standard Ethernet?"", ""options"": [""By using only coaxial cables"", ""By providing deterministic timing and redundancy"", ""By using higher data rates only""], ""correct"": null, ""answer_text"": null, ""category"": null, ""source_file"": ""4 Data Buses 2.docx"", ""source_module"": ""M5"", ""fmt"": ""docx"", ""module"": ""M5"", ""syllabusRef"": ""M5.05.04"", ""level"": null, ""difficulty"": ""MEDIUM""}"
M5,,,22. What standard defines Ethernet?,IEEE 1394,IEEE 802.3,ARINC 664,,B,EASY,,,,ANSWERED,Domain-knowledge answer (score=1.00),1,4 Data Buses 2.docx,"{""raw"": ""22. What standard defines Ethernet?\n     a) IEEE 1394\n     b) IEEE 802.3\n     c) ARINC 664"", ""question"": ""22. What standard defines Ethernet?"", ""options"": [""IEEE 1394"", ""IEEE 802.3"", ""ARINC 664""], ""correct"": null, ""answer_text"": null, ""category"": null, ""source_file"": ""4 Data Buses 2.docx"", ""source_module"": ""M5"", ""fmt"": ""docx"", ""module"": ""M5"", ""difficulty"": ""EASY""}"
M5,M5.5.6(b),,23. What was the original medium for Ethernet?,Twisted pair wires,Coaxial cables,Fibreoptic cables,,B,EASY,,,,ANSWERED,Domain-knowledge answer (score=1.00),1,4 Data Buses 2.docx,"{""raw"": ""23. What was the original medium for Ethernet?\n     a) Twisted pair wires\n     b) Coaxial cables\n     c) Fibreoptic cables"", ""question"": ""23. What was the original medium for Ethernet?"", ""options"": [""Twisted pair wires"", ""Coaxial cables"", ""Fibreoptic cables""], ""correct"": null, ""answer_text"": null, ""category"": null, ""source_file"": ""4 Data Buses 2.docx"", ""source_module"": ""M5"", ""fmt"": ""docx"", ""module"": ""M5"", ""syllabusRef"": ""M5.5.6(b)"", ""level"": null, ""difficulty"": ""EASY""}"
M5,,,24. Which type of Ethernet cable is used for higher speeds?,Coaxial cables,Twisted pair wires,Fibreoptic cables,,C,MEDIUM,,,,ANSWERED,Direct domain fix: Which type of Ethernet cable is used for higher speeds,1,4 Data Buses 2.docx,"{""raw"": ""24. Which type of Ethernet cable is used for higher speeds?\n     a) Coaxial cables\n     b) Twisted pair wires\n     c) Fibreoptic cables"", ""question"": ""24. Which type of Ethernet cable is used for higher speeds?"", ""options"": [""Coaxial cables"", ""Twisted pair wires"", ""Fibreoptic cables""], ""correct"": null, ""answer_text"": null, ""category"": null, ""source_file"": ""4 Data Buses 2.docx"", ""source_module"": ""M5"", ""fmt"": ""docx"", ""module"": ""M5"", ""difficulty"": ""MEDIUM""}"
M5,M5.05.04,,25. What is the maximum data rate of IEEE 1394 Firewire?,400 Mbps,800 Mbps,1 Gbps,,A,MEDIUM,,,,ANSWERED,Verified correction (score=0.75),1,4 Data Buses 2.docx,"{""raw"": ""25. What is the maximum data rate of IEEE 1394 Firewire?\n     a) 400 Mbps\n     b) 800 Mbps\n     c) 1 Gbps"", ""question"": ""25. What is the maximum data rate of IEEE 1394 Firewire?"", ""options"": [""400 Mbps"", ""800 Mbps"", ""1 Gbps""], ""correct"": null, ""answer_text"": null, ""category"": null, ""source_file"": ""4 Data Buses 2.docx"", ""source_module"": ""M5"", ""fmt"": ""docx"", ""module"": ""M5"", ""syllabusRef"": ""M5.05.04"", ""level"": null, ""difficulty"": ""MEDIUM""}"
M5,M5.05.02,,26. What is a primary use of IEEE 1394 Firewire in aircraft?,Engine control only,Inflight entertainment systems,Only for navigation systems,,A,MEDIUM,,,,ANSWERED,Domain-verified (score=0.40),1,4 Data Buses 2.docx,"{""raw"": ""26. What is a primary use of IEEE 1394 Firewire in aircraft?\n     a) Engine control only\n     b) Inflight entertainment systems\n     c) Only for navigation systems"", ""question"": ""26. What is a primary use of IEEE 1394 Firewire in aircraft?"", ""options"": [""Engine control only"", ""Inflight entertainment systems"", ""Only for navigation systems""], ""correct"": null, ""answer_text"": null, ""category"": null, ""source_file"": ""4 Data Buses 2.docx"", ""source_module"": ""M5"", ""fmt"": ""docx"", ""module"": ""M5"", ""syllabusRef"": ""M5.05.02"", ""level"": null, ""difficulty"": ""MEDIUM""}"
M5,,,27. What is a key feature of IEEE 1394 Firewire that makes it suitable for aircraft?,Low cost,Fault tolerant topology,Simple installation,,A,MEDIUM,,,,ANSWERED,Verified correction (score=0.50),1,4 Data Buses 2.docx,"{""raw"": ""27. What is a key feature of IEEE 1394 Firewire that makes it suitable for aircraft?\n     a) Low cost\n     b) Fault tolerant topology\n     c) Simple installation"", ""question"": ""27. What is a key feature of IEEE 1394 Firewire that makes it suitable for aircraft?"", ""options"": [""Low cost"", ""Fault tolerant topology"", ""Simple installation""], ""correct"": null, ""answer_text"": null, ""category"": null, ""source_file"": ""4 Data Buses 2.docx"", ""source_module"": ""M5"", ""fmt"": ""docx"", ""module"": ""M5"", ""difficulty"": ""MEDIUM""}"
M5,M5.05.04,,28. Which data bus is known for using a time-based collision avoidance protocol?,ARINC 429,ARINC 629,IEEE 1394 Firewire,,B,MEDIUM,,,,ANSWERED,Domain-verified (score=0.50),1,4 Data Buses 2.docx,"{""raw"": ""28. Which data bus is known for using a time-based collision avoidance protocol?\n     a) ARINC 429\n     b) ARINC 629\n     c) IEEE 1394 Firewire"", ""question"": ""28. Which data bus is known for using a time-based collision avoidance protocol?"", ""options"": [""ARINC 429"", ""ARINC 629"", ""IEEE 1394 Firewire""], ""correct"": null, ""answer_text"": null, ""category"": null, ""source_file"": ""4 Data Buses 2.docx"", ""source_module"": ""M5"", ""fmt"": ""docx"", ""module"": ""M5"", ""syllabusRef"": ""M5.05.04"", ""level"": null, ""difficulty"": ""MEDIUM""}"
M5,M5.5.6(b),,29. Which data bus system is primarily used in the Boeing 787?,MILSTD1553B,ARINC 429,ARINC 664 AFDX,,B,MEDIUM,,,,ANSWERED,Verified correction (score=0.50),1,4 Data Buses 2.docx,"{""raw"": ""29. Which data bus system is primarily used in the Boeing 787?\n     a) MILSTD1553B\n     b) ARINC 429\n     c) ARINC 664 AFDX"", ""question"": ""29. Which data bus system is primarily used in the Boeing 787?"", ""options"": [""MILSTD1553B"", ""ARINC 429"", ""ARINC 664 AFDX""], ""correct"": null, ""answer_text"": null, ""category"": null, ""source_file"": ""4 Data Buses 2.docx"", ""source_module"": ""M5"", ""fmt"": ""docx"", ""module"": ""M5"", ""syllabusRef"": ""M5.5.6(b)"", ""level"": null, ""difficulty"": ""MEDIUM""}"
M5,M5.5.6(b),,30. Which bus standard involves the use of current mode couplers?,ARINC 429,ARINC 629,MILSTD1553B,,A,MEDIUM,,,,ANSWERED,Direct domain fix: current mode couplers,1,4 Data Buses 2.docx,"{""raw"": ""30. Which bus standard involves the use of current mode couplers?\n     a) ARINC 429\n     b) ARINC 629\n     c) MILSTD1553B"", ""question"": ""30. Which bus standard involves the use of current mode couplers?"", ""options"": [""ARINC 429"", ""ARINC 629"", ""MILSTD1553B""], ""correct"": null, ""answer_text"": null, ""category"": null, ""source_file"": ""4 Data Buses 2.docx"", ""source_module"": ""M5"", ""fmt"": ""docx"", ""module"": ""M5"", ""syllabusRef"": ""M5.5.6(b)"", ""level"": null, ""difficulty"": ""MEDIUM""}"
M5,M5.05.04,,31. What is the main advantage of using fibreoptic cables in aircraft networks?,Lower cost,Higher data transfer speeds,Easier installation,,A,MEDIUM,,,,ANSWERED,Verified correction (score=0.50),1,4 Data Buses 2.docx,"{""raw"": ""31. What is the main advantage of using fibreoptic cables in aircraft networks?\n     a) Lower cost\n     b) Higher data transfer speeds\n     c) Easier installation"", ""question"": ""31. What is the main advantage of using fibreoptic cables in aircraft networks?"", ""options"": [""Lower cost"", ""Higher data transfer speeds"", ""Easier installation""], ""correct"": null, ""answer_text"": null, ""category"": null, ""source_file"": ""4 Data Buses 2.docx"", ""source_module"": ""M5"", ""fmt"": ""docx"", ""module"": ""M5"", ""syllabusRef"": ""M5.05.04"", ""level"": null, ""difficulty"": ""MEDIUM""}"
M5,M5.05.04,,32. Which protocol is layered on top of ARINC 429 for highspeed data loading?,ARINC 615,ARINC 629,ARINC 664,,B,MEDIUM,,,,ANSWERED,Domain-knowledge answer (score=0.50),1,4 Data Buses 2.docx,"{""raw"": ""32. Which protocol is layered on top of ARINC 429 for highspeed data loading?\n     a) ARINC 615\n     b) ARINC 629\n     c) ARINC 664"", ""question"": ""32. Which protocol is layered on top of ARINC 429 for highspeed data loading?"", ""options"": [""ARINC 615"", ""ARINC 629"", ""ARINC 664""], ""correct"": null, ""answer_text"": null, ""category"": null, ""source_file"": ""4 Data Buses 2.docx"", ""source_module"": ""M5"", ""fmt"": ""docx"", ""module"": ""M5"", ""syllabusRef"": ""M5.05.04"", ""level"": null, ""difficulty"": ""MEDIUM""}"
M5,M5.5.6(b),,33. Which system is used in the F35 Vehicle Management System for its fault tolerant topology?,ARINC 429,IEEE 1394 Firewire,ARINC 664 AFDX,,B,MEDIUM,,,,ANSWERED,Direct domain fix: F-35 uses IEEE 1394 Firewire for fault-tolerant topology,1,4 Data Buses 2.docx,"{""raw"": ""33. Which system is used in the F35 Vehicle Management System for its fault tolerant topology?\n     a) ARINC 429\n     b) IEEE 1394 Firewire\n     c) ARINC 664 AFDX"", ""question"": ""33. Which system is used in the F35 Vehicle Management System for its fault tolerant topology?"", ""options"": [""ARINC 429"", ""IEEE 1394 Firewire"", ""ARINC 664 AFDX""], ""correct"": null, ""answer_text"": null, ""category"": null, ""source_file"": ""4 Data Buses 2.docx"", ""source_module"": ""M5"", ""fmt"": ""docx"", ""module"": ""M5"", ""syllabusRef"": ""M5.5.6(b)"", ""level"": null, ""difficulty"": ""MEDIUM""}"
M5,M5.05.04,,34. Which data bus uses inductive coupling techniques for connecting to receivers/transmitters?,ARINC 429,ARINC 629,MILSTD1553B,,B,MEDIUM,,,,ANSWERED,Domain-verified (score=0.50),1,4 Data Buses 2.docx,"{""raw"": ""34. Which data bus uses inductive coupling techniques for connecting to receivers/transmitters?\n     a) ARINC 429\n     b) ARINC 629\n     c) MILSTD1553B"", ""question"": ""34. Which data bus uses inductive coupling techniques for connecting to receivers/transmitters?"", ""options"": [""ARINC 429"", ""ARINC 629"", ""MILSTD1553B""], ""correct"": null, ""answer_text"": null, ""category"": null, ""source_file"": ""4 Data Buses 2.docx"", ""source_module"": ""M5"", ""fmt"": ""docx"", ""module"": ""M5"", ""syllabusRef"": ""M5.05.04"", ""level"": null, ""difficulty"": ""MEDIUM""}"
M5,M5.5.6(b),,35. Which of the following data bus systems is used for streaming highspeed video signals in inflight entertainment systems?,ARINC 429,MILSTD1553B,IEEE 1394 Firewire,,B,MEDIUM,,,,ANSWERED,Verified correction (score=0.50),1,4 Data Buses 2.docx,"{""raw"": ""35. Which of the following data bus systems is used for streaming highspeed video signals in inflight entertainment systems?\n     a) ARINC 429\n     b) MILSTD1553B\n     c) IEEE 1394 Firewire"", ""question"": ""35. Which of the following data bus systems is used for streaming highspeed video signals in inflight entertainment systems?"", ""options"": [""ARINC 429"", ""MILSTD1553B"", ""IEEE 1394 Firewire""], ""correct"": null, ""answer_text"": null, ""category"": null, ""source_file"": ""4 Data Buses 2.docx"", ""source_module"": ""M5"", ""fmt"": ""docx"", ""module"": ""M5"", ""syllabusRef"": ""M5.5.6(b)"", ""level"": null, ""difficulty"": ""MEDIUM""}"
M5,M5.05.04,,36. Which data bus architecture is described as a single data highway linking computers within an aircraft?,ARINC 629,ARINC 429,MILSTD1553B,,A,MEDIUM,,,,ANSWERED,Domain-verified (score=0.60),1,4 Data Buses 2.docx,"{""raw"": ""36. Which data bus architecture is described as a single data highway linking computers within an aircraft?\n     a) ARINC 629\n     b) ARINC 429\n     c) MILSTD1553B"", ""question"": ""36. Which data bus architecture is described as a single data highway linking computers within an aircraft?"", ""options"": [""ARINC 629"", ""ARINC 429"", ""MILSTD1553B""], ""correct"": null, ""answer_text"": null, ""category"": null, ""source_file"": ""4 Data Buses 2.docx"", ""source_module"": ""M5"", ""fmt"": ""docx"", ""module"": ""M5"", ""syllabusRef"": ""M5.05.04"", ""level"": null, ""difficulty"": ""MEDIUM""}"
M5,M5.05.04,,37. What is the primary advantage of ARINC 664 AFDX over standard Ethernet?,Simpler installation,Deterministic timing and redundancy,Higher maximum data rate,,A,MEDIUM,,,,ANSWERED,Verified correction (score=0.50),1,4 Data Buses 2.docx,"{""raw"": ""37. What is the primary advantage of ARINC 664 AFDX over standard Ethernet?\n     a) Simpler installation\n     b) Deterministic timing and redundancy\n     c) Higher maximum data rate"", ""question"": ""37. What is the primary advantage of ARINC 664 AFDX over standard Ethernet?"", ""options"": [""Simpler installation"", ""Deterministic timing and redundancy"", ""Higher maximum data rate""], ""correct"": null, ""answer_text"": null, ""category"": null, ""source_file"": ""4 Data Buses 2.docx"", ""source_module"": ""M5"", ""fmt"": ""docx"", ""module"": ""M5"", ""syllabusRef"": ""M5.05.04"", ""level"": null, ""difficulty"": ""MEDIUM""}"
M5,M5.05.04,,38. Which data bus standard allows up to 120 terminals to be connected?,ARINC 429,ARINC 629,MILSTD1553B,,B,MEDIUM,,,,ANSWERED,Domain-verified (score=0.60),1,4 Data Buses 2.docx,"{""raw"": ""38. Which data bus standard allows up to 120 terminals to be connected?\n     a) ARINC 429\n     b) ARINC 629\n     c) MILSTD1553B"", ""question"": ""38. Which data bus standard allows up to 120 terminals to be connected?"", ""options"": [""ARINC 429"", ""ARINC 629"", ""MILSTD1553B""], ""correct"": null, ""answer_text"": null, ""category"": null, ""source_file"": ""4 Data Buses 2.docx"", ""source_module"": ""M5"", ""fmt"": ""docx"", ""module"": ""M5"", ""syllabusRef"": ""M5.05.04"", ""level"": null, ""difficulty"": ""MEDIUM""}"
M5,M5.05.04,,39. Which data bus is known for being unshielded and twisted pair with termination at both ends?,ARINC 629,ARINC 429,MILSTD1553B,,B,MEDIUM,,,,ANSWERED,Verified correction (score=0.60),1,4 Data Buses 2.docx,"{""raw"": ""39. Which data bus is known for being unshielded and twisted pair with termination at both ends?\n     a) ARINC 629\n     b) ARINC 429\n     c) MILSTD1553B"", ""question"": ""39. Which data bus is known for being unshielded and twisted pair with termination at both ends?"", ""options"": [""ARINC 629"", ""ARINC 429"", ""MILSTD1553B""], ""correct"": null, ""answer_text"": null, ""category"": null, ""source_file"": ""4 Data Buses 2.docx"", ""source_module"": ""M5"", ""fmt"": ""docx"", ""module"": ""M5"", ""syllabusRef"": ""M5.05.04"", ""level"": null, ""difficulty"": ""MEDIUM""}"
M5,M5.05.02,,"40. Which data bus standard involves transmitting and receiving on separate ports, requiring many wires for multiple systems?",ARINC 429,ARINC 629,MILSTD1553B,,B,MEDIUM,,,,ANSWERED,Verified correction (score=0.50),1,4 Data Buses 2.docx,"{""raw"": ""40. Which data bus standard involves transmitting and receiving on separate ports, requiring many wires for multiple systems?\n     a) ARINC 429\n     b) ARINC 629\n     c) MILSTD1553B"", ""question"": ""40. Which data bus standard involves transmitting and receiving on separate ports, requiring many wires for multiple systems?"", ""options"": [""ARINC 429"", ""ARINC 629"", ""MILSTD1553B""], ""correct"": null, ""answer_text"": null, ""category"": null, ""source_file"": ""4 Data Buses 2.docx"", ""source_module"": ""M5"", ""fmt"": ""docx"", ""module"": ""M5"", ""syllabusRef"": ""M5.05.02"", ""level"": null, ""difficulty"": ""MEDIUM""}"
M5,,,1. Which gate is known as a universal gate?,AND,NAND,OR,,B,EASY,,,,ANSWERED,Elimination-based answer,1,5 Logic Circuits.docx,"{""raw"": ""1. Which gate is known as a universal gate?\n     a) AND\n     b) NAND\n     c) OR"", ""question"": ""1. Which gate is known as a universal gate?"", ""options"": [""AND"", ""NAND"", ""OR""], ""correct"": null, ""answer_text"": null, ""category"": null, ""source_file"": ""5 Logic Circuits.docx"", ""source_module"": ""M5"", ""fmt"": ""docx"", ""module"": ""M5"", ""difficulty"": ""EASY""}"
M5,M5.5.6(b),,2. What does the output of an AND gate require to be high?,Only one input is high,All inputs are high,All inputs are low,,B,MEDIUM,,,,ANSWERED,Verified correction (score=0.40),1,5 Logic Circuits.docx,"{""raw"": ""2. What does the output of an AND gate require to be high?\n     a) Only one input is high\n     b) All inputs are high\n     c) All inputs are low"", ""question"": ""2. What does the output of an AND gate require to be high?"", ""options"": [""Only one input is high"", ""All inputs are high"", ""All inputs are low""], ""correct"": null, ""answer_text"": null, ""category"": null, ""source_file"": ""5 Logic Circuits.docx"", ""source_module"": ""M5"", ""fmt"": ""docx"", ""module"": ""M5"", ""syllabusRef"": ""M5.5.6(b)"", ""level"": null, ""difficulty"": ""MEDIUM""}"
M5,M5.5.6(b),,3. What is the output of a NOR gate when all inputs are low?,Low,High,Undefined,,B,MEDIUM,,,,ANSWERED,Verified correction (score=0.40),1,5 Logic Circuits.docx,"{""raw"": ""3. What is the output of a NOR gate when all inputs are low?\n     a) Low\n     b) High\n     c) Undefined"", ""question"": ""3. What is the output of a NOR gate when all inputs are low?"", ""options"": [""Low"", ""High"", ""Undefined""], ""correct"": null, ""answer_text"": null, ""category"": null, ""source_file"": ""5 Logic Circuits.docx"", ""source_module"": ""M5"", ""fmt"": ""docx"", ""module"": ""M5"", ""syllabusRef"": ""M5.5.6(b)"", ""level"": null, ""difficulty"": ""MEDIUM""}"
M5,M5.5.6(b),,4. What is the primary function of an inverter?,To invert the input signal,To amplify the input signal,To delay the input signal,,A,EASY,,,,ANSWERED,Domain-verified (score=0.67),1,5 Logic Circuits.docx,"{""raw"": ""4. What is the primary function of an inverter?\n     a) To invert the input signal\n     b) To amplify the input signal\n     c) To delay the input signal"", ""question"": ""4. What is the primary function of an inverter?"", ""options"": [""To invert the input signal"", ""To amplify the input signal"", ""To delay the input signal""], ""correct"": null, ""answer_text"": null, ""category"": null, ""source_file"": ""5 Logic Circuits.docx"", ""source_module"": ""M5"", ""fmt"": ""docx"", ""module"": ""M5"", ""syllabusRef"": ""M5.5.6(b)"", ""level"": null, ""difficulty"": ""EASY""}"
M5,M5.5.5,2,5. What does the term 'fanin' refer to in logic circuits?,The number of inputs a logic gate can handle,The number of outputs a logic gate can drive,The speed of a logic gate,,C,MEDIUM,,,,ANSWERED,corpus page 138 (score=3),1,5 Logic Circuits.docx,"{""raw"": ""5. What does the term 'fanin' refer to in logic circuits?\n     a) The number of inputs a logic gate can handle\n     b) The number of outputs a logic gate can drive\n     c) The speed of a logic gate"", ""question"": ""5. What does the term 'fanin' refer to in logic circuits?"", ""options"": [""The number of inputs a logic gate can handle"", ""The number of outputs a logic gate can drive"", ""The speed of a logic gate""], ""correct"": null, ""answer_text"": null, ""category"": null, ""source_file"": ""5 Logic Circuits.docx"", ""source_module"": ""M5"", ""fmt"": ""docx"", ""module"": ""M5"", ""syllabusRef"": ""M5.5.5"", ""level"": 2, ""difficulty"": ""MEDIUM""}"
M5,M5.5.6(b),,7. What is the Boolean expression for an OR gate with inputs A and B?,A + B,A OR B,A AND B,,A,MEDIUM,,,,ANSWERED,Domain-verified (score=1.00),1,5 Logic Circuits.docx,"{""raw"": ""7. What is the Boolean expression for an OR gate with inputs A and B?\n     a) A + B\n     b) A OR B\n     c) A AND B"", ""question"": ""7. What is the Boolean expression for an OR gate with inputs A and B?"", ""options"": [""A + B"", ""A OR B"", ""A AND B""], ""correct"": null, ""answer_text"": null, ""category"": null, ""source_file"": ""5 Logic Circuits.docx"", ""source_module"": ""M5"", ""fmt"": ""docx"", ""module"": ""M5"", ""syllabusRef"": ""M5.5.6(b)"", ""level"": null, ""difficulty"": ""MEDIUM""}"
M5,M5.5.6(b),,8. What is the output of an XOR gate when both inputs are the same?,Low,High,Undefined,,B,MEDIUM,,,,ANSWERED,Verified correction (score=0.60),1,5 Logic Circuits.docx,"{""raw"": ""8. What is the output of an XOR gate when both inputs are the same?\n     a) Low\n     b) High\n     c) Undefined"", ""question"": ""8. What is the output of an XOR gate when both inputs are the same?"", ""options"": [""Low"", ""High"", ""Undefined""], ""correct"": null, ""answer_text"": null, ""category"": null, ""source_file"": ""5 Logic Circuits.docx"", ""source_module"": ""M5"", ""fmt"": ""docx"", ""module"": ""M5"", ""syllabusRef"": ""M5.5.6(b)"", ""level"": null, ""difficulty"": ""MEDIUM""}"
M5,M5.5.5,2,9. What logic gate produces an output which is the complement of the AND gate?,NAND,NOR,XOR,,A,MEDIUM,,,,ANSWERED,Domain-knowledge answer (score=1.00),1,5 Logic Circuits.docx,"{""raw"": ""9. What logic gate produces an output which is the complement of the AND gate?\n     a) NAND\n     b) NOR\n     c) XOR"", ""question"": ""9. What logic gate produces an output which is the complement of the AND gate?"", ""options"": [""NAND"", ""NOR"", ""XOR""], ""correct"": null, ""answer_text"": null, ""category"": null, ""source_file"": ""5 Logic Circuits.docx"", ""source_module"": ""M5"", ""fmt"": ""docx"", ""module"": ""M5"", ""syllabusRef"": ""M5.5.5"", ""level"": 2, ""difficulty"": ""MEDIUM""}"
M5,M5.05.05,,10. Which gate is used to build a halfadder circuit?,AND and OR gates,XOR and AND gates,XOR and OR gates,,B,MEDIUM,,,,ANSWERED,Domain-knowledge answer (score=1.00),1,5 Logic Circuits.docx,"{""raw"": ""10. Which gate is used to build a halfadder circuit?\n     a) AND and OR gates\n     b) XOR and AND gates\n     c) XOR and OR gates"", ""question"": ""10. Which gate is used to build a halfadder circuit?"", ""options"": [""AND and OR gates"", ""XOR and AND gates"", ""XOR and OR gates""], ""correct"": null, ""answer_text"": null, ""category"": null, ""source_file"": ""5 Logic Circuits.docx"", ""source_module"": ""M5"", ""fmt"": ""docx"", ""module"": ""M5"", ""syllabusRef"": ""M5.05.05"", ""level"": null, ""difficulty"": ""MEDIUM""}"
M5,M5.05.04,,11. What is the function of a flipflop in digital circuits?,To add two binary numbers,To store a bit of data,To invert a signal,,B,MEDIUM,,,,ANSWERED,Verified correction (score=0.50),1,5 Logic Circuits.docx,"{""raw"": ""11. What is the function of a flipflop in digital circuits?\n     a) To add two binary numbers\n     b) To store a bit of data\n     c) To invert a signal"", ""question"": ""11. What is the function of a flipflop in digital circuits?"", ""options"": [""To add two binary numbers"", ""To store a bit of data"", ""To invert a signal""], ""correct"": null, ""answer_text"": null, ""category"": null, ""source_file"": ""5 Logic Circuits.docx"", ""source_module"": ""M5"", ""fmt"": ""docx"", ""module"": ""M5"", ""syllabusRef"": ""M5.05.04"", ""level"": null, ""difficulty"": ""MEDIUM""}"
M5,M5.5.5,2,13. Which logic gate is used to create an RS flipflop?,AND,OR,NAND,,C,MEDIUM,,,,ANSWERED,Domain-knowledge answer (score=1.00),1,5 Logic Circuits.docx,"{""raw"": ""13. Which logic gate is used to create an RS flipflop?\n     a) AND\n     b) OR\n     c) NAND"", ""question"": ""13. Which logic gate is used to create an RS flipflop?"", ""options"": [""AND"", ""OR"", ""NAND""], ""correct"": null, ""answer_text"": null, ""category"": null, ""source_file"": ""5 Logic Circuits.docx"", ""source_module"": ""M5"", ""fmt"": ""docx"", ""module"": ""M5"", ""syllabusRef"": ""M5.5.5"", ""level"": 2, ""difficulty"": ""MEDIUM""}"
M5,M5.05.05,,14. What does the term 'fanout' refer to?,The number of inputs a gate can handle,The number of inputs a gate can drive,The number of gates a gate can power,,B,EASY,,,,ANSWERED,Domain-knowledge answer (score=1.00),1,5 Logic Circuits.docx,"{""raw"": ""14. What does the term 'fanout' refer to?\n     a) The number of inputs a gate can handle\n     b) The number of inputs a gate can drive\n     c) The number of gates a gate can power"", ""question"": ""14. What does the term 'fanout' refer to?"", ""options"": [""The number of inputs a gate can handle"", ""The number of inputs a gate can drive"", ""The number of gates a gate can power""], ""correct"": null, ""answer_text"": null, ""category"": null, ""source_file"": ""5 Logic Circuits.docx"", ""source_module"": ""M5"", ""fmt"": ""docx"", ""module"": ""M5"", ""syllabusRef"": ""M5.05.05"", ""level"": null, ""difficulty"": ""EASY""}"
M5,M5.5.5,2,"15. In a negative logic system, what does a high voltage level represent?",Logical 0,Logical 1,Undefined,,A,MEDIUM,,,,ANSWERED,Domain-verified (score=1.00),1,5 Logic Circuits.docx,"{""raw"": ""15. In a negative logic system, what does a high voltage level represent?\n     a) Logical 0\n     b) Logical 1\n     c) Undefined"", ""question"": ""15. In a negative logic system, what does a high voltage level represent?"", ""options"": [""Logical 0"", ""Logical 1"", ""Undefined""], ""correct"": null, ""answer_text"": null, ""category"": null, ""source_file"": ""5 Logic Circuits.docx"", ""source_module"": ""M5"", ""fmt"": ""docx"", ""module"": ""M5"", ""syllabusRef"": ""M5.5.5"", ""level"": 2, ""difficulty"": ""MEDIUM""}"
M5,M5.5.5,2,17. What is the primary characteristic of a combinational logic circuit?,It has memory,Its output depends only on the current inputs,It operates sequentially,,B,MEDIUM,,,,ANSWERED,Verified correction (score=1.00),1,5 Logic Circuits.docx,"{""raw"": ""17. What is the primary characteristic of a combinational logic circuit?\n     a) It has memory\n     b) Its output depends only on the current inputs\n     c) It operates sequentially"", ""question"": ""17. What is the primary characteristic of a combinational logic circuit?"", ""options"": [""It has memory"", ""Its output depends only on the current inputs"", ""It operates sequentially""], ""correct"": null, ""answer_text"": null, ""category"": null, ""source_file"": ""5 Logic Circuits.docx"", ""source_module"": ""M5"", ""fmt"": ""docx"", ""module"": ""M5"", ""syllabusRef"": ""M5.5.5"", ""level"": 2, ""difficulty"": ""MEDIUM""}"
M5,,,18. What type of gate is commonly used to drive multiple devices from a single output?,XOR,Buffer,Inverter,,B,MEDIUM,,,,ANSWERED,Domain-knowledge answer (score=0.40),1,5 Logic Circuits.docx,"{""raw"": ""18. What type of gate is commonly used to drive multiple devices from a single output?\n     a) XOR\n     b) Buffer\n     c) Inverter"", ""question"": ""18. What type of gate is commonly used to drive multiple devices from a single output?"", ""options"": [""XOR"", ""Buffer"", ""Inverter""], ""correct"": null, ""answer_text"": null, ""category"": null, ""source_file"": ""5 Logic Circuits.docx"", ""source_module"": ""M5"", ""fmt"": ""docx"", ""module"": ""M5"", ""difficulty"": ""MEDIUM""}"
M5,,,19. How many possible outputs are there for a 3input AND gate?,2,8,4,,C,MEDIUM,,,,ANSWERED,Domain-knowledge answer (score=0.33),1,5 Logic Circuits.docx,"{""raw"": ""19. How many possible outputs are there for a 3input AND gate?\n     a) 2\n     b) 8\n     c) 4"", ""question"": ""19. How many possible outputs are there for a 3input AND gate?"", ""options"": [""2"", ""8"", ""4""], ""correct"": null, ""answer_text"": null, ""category"": null, ""source_file"": ""5 Logic Circuits.docx"", ""source_module"": ""M5"", ""fmt"": ""docx"", ""module"": ""M5"", ""difficulty"": ""MEDIUM""}"
M5,M5.5.5,2,20. What logic gate is commonly used to build multiplexers and demultiplexers?,OR,AND,XOR,,B,MEDIUM,,,,ANSWERED,Domain-knowledge answer (score=1.00),1,5 Logic Circuits.docx,"{""raw"": ""20. What logic gate is commonly used to build multiplexers and demultiplexers?\n     a) OR\n     b) AND\n     c) XOR"", ""question"": ""20. What logic gate is commonly used to build multiplexers and demultiplexers?"", ""options"": [""OR"", ""AND"", ""XOR""], ""correct"": null, ""answer_text"": null, ""category"": null, ""source_file"": ""5 Logic Circuits.docx"", ""source_module"": ""M5"", ""fmt"": ""docx"", ""module"": ""M5"", ""syllabusRef"": ""M5.5.5"", ""level"": 2, ""difficulty"": ""MEDIUM""}"
M5,,,21. Which gate will output a high signal when any input is high?,OR,AND,NOR,,A,MEDIUM,,,,ANSWERED,Domain-verified (score=0.75),1,5 Logic Circuits.docx,"{""raw"": ""21. Which gate will output a high signal when any input is high?\n     a) OR\n     b) AND\n     c) NOR"", ""question"": ""21. Which gate will output a high signal when any input is high?"", ""options"": [""OR"", ""AND"", ""NOR""], ""correct"": null, ""answer_text"": null, ""category"": null, ""source_file"": ""5 Logic Circuits.docx"", ""source_module"": ""M5"", ""fmt"": ""docx"", ""module"": ""M5"", ""difficulty"": ""MEDIUM""}"
M5,M5.05.04,,22. What is the primary function of a multiplexer?,To select one input from multiple inputs,To store multiple bits of data,To invert the input signal,,A,MEDIUM,,,,ANSWERED,Domain-verified (score=1.00),1,5 Logic Circuits.docx,"{""raw"": ""22. What is the primary function of a multiplexer?\n     a) To select one input from multiple inputs\n     b) To store multiple bits of data\n     c) To invert the input signal"", ""question"": ""22. What is the primary function of a multiplexer?"", ""options"": [""To select one input from multiple inputs"", ""To store multiple bits of data"", ""To invert the input signal""], ""correct"": null, ""answer_text"": null, ""category"": null, ""source_file"": ""5 Logic Circuits.docx"", ""source_module"": ""M5"", ""fmt"": ""docx"", ""module"": ""M5"", ""syllabusRef"": ""M5.05.04"", ""level"": null, ""difficulty"": ""MEDIUM""}"
M5,M5.5.5,2,24. What does a truth table display?,The physical layout of a circuit,All possible input and output combinations of a logic gate,The voltage levels of a circuit,,B,EASY,,,,ANSWERED,corpus page 105 (score=3),1,5 Logic Circuits.docx,"{""raw"": ""24. What does a truth table display?\n     a) The physical layout of a circuit\n     b) All possible input and output combinations of a logic gate\n     c) The voltage levels of a circuit"", ""question"": ""24. What does a truth table display?"", ""options"": [""The physical layout of a circuit"", ""All possible input and output combinations of a logic gate"", ""The voltage levels of a circuit""], ""correct"": null, ""answer_text"": null, ""category"": null, ""source_file"": ""5 Logic Circuits.docx"", ""source_module"": ""M5"", ""fmt"": ""docx"", ""module"": ""M5"", ""syllabusRef"": ""M5.5.5"", ""level"": 2, ""difficulty"": ""EASY""}"
M5,M5.5.5,2,25. Which of the following is a characteristic of synchronous circuits?,They do not require a clock signal,Their operation is coordinated by a clock signal,They only use combinational logic,,B,MEDIUM,,,,ANSWERED,Domain-knowledge answer (score=1.00),1,5 Logic Circuits.docx,"{""raw"": ""25. Which of the following is a characteristic of synchronous circuits?\n     a) They do not require a clock signal\n     b) Their operation is coordinated by a clock signal\n     c) They only use combinational logic"", ""question"": ""25. Which of the following is a characteristic of synchronous circuits?"", ""options"": [""They do not require a clock signal"", ""Their operation is coordinated by a clock signal"", ""They only use combinational logic""], ""correct"": null, ""answer_text"": null, ""category"": null, ""source_file"": ""5 Logic Circuits.docx"", ""source_module"": ""M5"", ""fmt"": ""docx"", ""module"": ""M5"", ""syllabusRef"": ""M5.5.5"", ""level"": 2, ""difficulty"": ""MEDIUM""}"
M5,M5.5.6(b),,26. Which gate is used to invert the output of an AND gate in a NOTAND gate (NAND)?,OR,NOT,XOR,,A,MEDIUM,,,,ANSWERED,Domain-verified (score=0.50),1,5 Logic Circuits.docx,"{""raw"": ""26. Which gate is used to invert the output of an AND gate in a NOTAND gate (NAND)?\n     a) OR\n     b) NOT\n     c) XOR"", ""question"": ""26. Which gate is used to invert the output of an AND gate in a NOTAND gate (NAND)?"", ""options"": [""OR"", ""NOT"", ""XOR""], ""correct"": null, ""answer_text"": null, ""category"": null, ""source_file"": ""5 Logic Circuits.docx"", ""source_module"": ""M5"", ""fmt"": ""docx"", ""module"": ""M5"", ""syllabusRef"": ""M5.5.6(b)"", ""level"": null, ""difficulty"": ""MEDIUM""}"
M5,,,28. Which gate is known as an equality gate?,AND,OR,XNOR,,B,EASY,,,,ANSWERED,Domain-knowledge answer (score=0.67),1,5 Logic Circuits.docx,"{""raw"": ""28. Which gate is known as an equality gate?\n     a) AND\n     b) OR\n     c) XNOR"", ""question"": ""28. Which gate is known as an equality gate?"", ""options"": [""AND"", ""OR"", ""XNOR""], ""correct"": null, ""answer_text"": null, ""category"": null, ""source_file"": ""5 Logic Circuits.docx"", ""source_module"": ""M5"", ""fmt"": ""docx"", ""module"": ""M5"", ""difficulty"": ""EASY""}"
M5,M5.5.6(b),,29. Which of the following is a bistable device?,Flipflop,Multiplexer,Buffer,,A,EASY,,,,ANSWERED,Domain-knowledge answer (score=1.00),1,5 Logic Circuits.docx,"{""raw"": ""29. Which of the following is a bistable device?\n     a) Flipflop\n     b) Multiplexer\n     c) Buffer"", ""question"": ""29. Which of the following is a bistable device?"", ""options"": [""Flipflop"", ""Multiplexer"", ""Buffer""], ""correct"": null, ""answer_text"": null, ""category"": null, ""source_file"": ""5 Logic Circuits.docx"", ""source_module"": ""M5"", ""fmt"": ""docx"", ""module"": ""M5"", ""syllabusRef"": ""M5.5.6(b)"", ""level"": null, ""difficulty"": ""EASY""}"
M5,M5.5.6(b),,30. What does the output of an XOR gate represent?,The difference between two inputs,The sum of two inputs,The product of two inputs,,A,MEDIUM,,,,ANSWERED,Domain-knowledge answer (score=1.00),1,5 Logic Circuits.docx,"{""raw"": ""30. What does the output of an XOR gate represent?\n     a) The difference between two inputs\n     b) The sum of two inputs\n     c) The product of two inputs"", ""question"": ""30. What does the output of an XOR gate represent?"", ""options"": [""The difference between two inputs"", ""The sum of two inputs"", ""The product of two inputs""], ""correct"": null, ""answer_text"": null, ""category"": null, ""source_file"": ""5 Logic Circuits.docx"", ""source_module"": ""M5"", ""fmt"": ""docx"", ""module"": ""M5"", ""syllabusRef"": ""M5.5.6(b)"", ""level"": null, ""difficulty"": ""MEDIUM""}"
M5,M5.5.6(b),,31. What is the function of a demultiplexer?,To direct a single input to one of many outputs,To combine multiple inputs into one output,To invert multiple signals,,A,EASY,,,,ANSWERED,Domain-verified (score=1.00),1,5 Logic Circuits.docx,"{""raw"": ""31. What is the function of a demultiplexer?\n     a) To direct a single input to one of many outputs\n     b) To combine multiple inputs into one output\n     c) To invert multiple signals"", ""question"": ""31. What is the function of a demultiplexer?"", ""options"": [""To direct a single input to one of many outputs"", ""To combine multiple inputs into one output"", ""To invert multiple signals""], ""correct"": null, ""answer_text"": null, ""category"": null, ""source_file"": ""5 Logic Circuits.docx"", ""source_module"": ""M5"", ""fmt"": ""docx"", ""module"": ""M5"", ""syllabusRef"": ""M5.5.6(b)"", ""level"": null, ""difficulty"": ""EASY""}"
M5,M5.5.5,2,32. Which logic gate is used in a decoder circuit?,AND,OR,XOR,,A,MEDIUM,,,,ANSWERED,Domain-knowledge answer (score=1.00),1,5 Logic Circuits.docx,"{""raw"": ""32. Which logic gate is used in a decoder circuit?\n     a) AND\n     b) OR\n     c) XOR"", ""question"": ""32. Which logic gate is used in a decoder circuit?"", ""options"": [""AND"", ""OR"", ""XOR""], ""correct"": null, ""answer_text"": null, ""category"": null, ""source_file"": ""5 Logic Circuits.docx"", ""source_module"": ""M5"", ""fmt"": ""docx"", ""module"": ""M5"", ""syllabusRef"": ""M5.5.5"", ""level"": 2, ""difficulty"": ""MEDIUM""}"
M5,M5.05.05,,33. What type of logic is used when a higher voltage represents a logical 0?,Negative logic,Positive logic,None of the above,,A,MEDIUM,,,,ANSWERED,Domain-verified (score=0.50),1,5 Logic Circuits.docx,"{""raw"": ""33. What type of logic is used when a higher voltage represents a logical 0?\n     a) Negative logic\n     b) Positive logic\n     c) None of the above"", ""question"": ""33. What type of logic is used when a higher voltage represents a logical 0?"", ""options"": [""Negative logic"", ""Positive logic"", ""None of the above""], ""correct"": null, ""answer_text"": null, ""category"": null, ""source_file"": ""5 Logic Circuits.docx"", ""source_module"": ""M5"", ""fmt"": ""docx"", ""module"": ""M5"", ""syllabusRef"": ""M5.05.05"", ""level"": null, ""difficulty"": ""MEDIUM""}"
M5,,,34. Which gate is used to compare two binary numbers?,AND,OR,XNOR,,C,MEDIUM,,,,ANSWERED,Domain-knowledge answer (score=1.00),1,5 Logic Circuits.docx,"{""raw"": ""34. Which gate is used to compare two binary numbers?\n     a) AND\n     b) OR\n     c) XNOR"", ""question"": ""34. Which gate is used to compare two binary numbers?"", ""options"": [""AND"", ""OR"", ""XNOR""], ""correct"": null, ""answer_text"": null, ""category"": null, ""source_file"": ""5 Logic Circuits.docx"", ""source_module"": ""M5"", ""fmt"": ""docx"", ""module"": ""M5"", ""difficulty"": ""MEDIUM""}"
M5,,,36. Which gate is also known as an inverter?,OR,NOT,AND,,B,EASY,,,,ANSWERED,known EASA fact: inverter,1,5 Logic Circuits.docx,"{""raw"": ""36. Which gate is also known as an inverter?\n     a) OR\n     b) NOT\n     c) AND"", ""question"": ""36. Which gate is also known as an inverter?"", ""options"": [""OR"", ""NOT"", ""AND""], ""correct"": null, ""answer_text"": null, ""category"": null, ""source_file"": ""5 Logic Circuits.docx"", ""source_module"": ""M5"", ""fmt"": ""docx"", ""module"": ""M5"", ""difficulty"": ""EASY""}"
M5,M5.5.5,2,37. What is a primary characteristic of asynchronous circuits?,They do not require a clock signal,They operate in sync with a clock signal,They use only combinational logic,,A,MEDIUM,,,,ANSWERED,Domain-knowledge answer (score=1.00),1,5 Logic Circuits.docx,"{""raw"": ""37. What is a primary characteristic of asynchronous circuits?\n     a) They do not require a clock signal\n     b) They operate in sync with a clock signal\n     c) They use only combinational logic"", ""question"": ""37. What is a primary characteristic of asynchronous circuits?"", ""options"": [""They do not require a clock signal"", ""They operate in sync with a clock signal"", ""They use only combinational logic""], ""correct"": null, ""answer_text"": null, ""category"": null, ""source_file"": ""5 Logic Circuits.docx"", ""source_module"": ""M5"", ""fmt"": ""docx"", ""module"": ""M5"", ""syllabusRef"": ""M5.5.5"", ""level"": 2, ""difficulty"": ""MEDIUM""}"
M5,M5.5.5,2,39. Which logic gate's output is always the inverse of its input?,OR,AND,NOT,,C,MEDIUM,,,,ANSWERED,Domain-knowledge answer (score=1.00),1,5 Logic Circuits.docx,"{""raw"": ""39. Which logic gate's output is always the inverse of its input?\n     a) OR\n     b) AND\n     c) NOT"", ""question"": ""39. Which logic gate's output is always the inverse of its input?"", ""options"": [""OR"", ""AND"", ""NOT""], ""correct"": null, ""answer_text"": null, ""category"": null, ""source_file"": ""5 Logic Circuits.docx"", ""source_module"": ""M5"", ""fmt"": ""docx"", ""module"": ""M5"", ""syllabusRef"": ""M5.5.5"", ""level"": 2, ""difficulty"": ""MEDIUM""}"
M5,M5.5.5,2,40. What does the term 'truth table' refer to?,A table showing all possible input and output combinations of a logic circuit,A table showing the physical layout of a logic circuit,A table showing the voltage levels of a logic circuit,,A,EASY,,,,ANSWERED,corpus page 105 (score=3),1,5 Logic Circuits.docx,"{""raw"": ""40. What does the term 'truth table' refer to?\n     a) A table showing all possible input and output combinations of a logic circuit\n     b) A table showing the physical layout of a logic circuit\n     c) A table showing the voltage levels of a logic circuit"", ""question"": ""40. What does the term 'truth table' refer to?"", ""options"": [""A table showing all possible input and output combinations of a logic circuit"", ""A table showing the physical layout of a logic circuit"", ""A table showing the voltage levels of a logic circuit""], ""correct"": null, ""answer_text"": null, ""category"": null, ""source_file"": ""5 Logic Circuits.docx"", ""source_module"": ""M5"", ""fmt"": ""docx"", ""module"": ""M5"", ""syllabusRef"": ""M5.5.5"", ""level"": 2, ""difficulty"": ""EASY""}"
M5,M5.5.6(b),,1. What is the primary function of a computer on an aircraft?,Entertainment for passengers,"Vehicle and utility control, flight management",Managing cabin lighting,,A,MEDIUM,,,,ANSWERED,Verified correction (score=0.67),1,6 Basic Computer Structure.docx,"{""raw"": ""1. What is the primary function of a computer on an aircraft?\n    a) Entertainment for passengers\n    b) Vehicle and utility control, flight management\n    c) Managing cabin lighting"", ""question"": ""1. What is the primary function of a computer on an aircraft?"", ""options"": [""Entertainment for passengers"", ""Vehicle and utility control, flight management"", ""Managing cabin lighting""], ""correct"": null, ""answer_text"": null, ""category"": null, ""source_file"": ""6 Basic Computer Structure.docx"", ""source_module"": ""M5"", ""fmt"": ""docx"", ""module"": ""M5"", ""syllabusRef"": ""M5.5.6(b)"", ""level"": null, ""difficulty"": ""MEDIUM""}"
M5,M5.5.6(b),,2. What are the two main categories of computer components?,Hardware and peripherals,Hardware and software,Software and applications,,B,MEDIUM,,,,ANSWERED,Domain-knowledge answer (score=1.00),1,6 Basic Computer Structure.docx,"{""raw"": ""2. What are the two main categories of computer components?\n    a) Hardware and peripherals\n    b) Hardware and software\n    c) Software and applications"", ""question"": ""2. What are the two main categories of computer components?"", ""options"": [""Hardware and peripherals"", ""Hardware and software"", ""Software and applications""], ""correct"": null, ""answer_text"": null, ""category"": null, ""source_file"": ""6 Basic Computer Structure.docx"", ""source_module"": ""M5"", ""fmt"": ""docx"", ""module"": ""M5"", ""syllabusRef"": ""M5.5.6(b)"", ""level"": null, ""difficulty"": ""MEDIUM""}"
M5,M5.5.6(b),,3. What is the central part of a computer system that carries out data processing?,Memory Unit,Microprocessor,Input Unit,,B,MEDIUM,,,,ANSWERED,Domain-knowledge answer (score=0.40),1,6 Basic Computer Structure.docx,"{""raw"": ""3. What is the central part of a computer system that carries out data processing?\n    a) Memory Unit\n    b) Microprocessor\n    c) Input Unit"", ""question"": ""3. What is the central part of a computer system that carries out data processing?"", ""options"": [""Memory Unit"", ""Microprocessor"", ""Input Unit""], ""correct"": null, ""answer_text"": null, ""category"": null, ""source_file"": ""6 Basic Computer Structure.docx"", ""source_module"": ""M5"", ""fmt"": ""docx"", ""module"": ""M5"", ""syllabusRef"": ""M5.5.6(b)"", ""level"": null, ""difficulty"": ""MEDIUM""}"
M5,,,4. What is a microprocessor primarily made of?,Multiple silicon chips,A single silicon chip,Magnetic tapes,,B,EASY,,,,ANSWERED,Domain-knowledge answer (score=1.00),1,6 Basic Computer Structure.docx,"{""raw"": ""4. What is a microprocessor primarily made of?\n    a) Multiple silicon chips\n    b) A single silicon chip\n    c) Magnetic tapes"", ""question"": ""4. What is a microprocessor primarily made of?"", ""options"": [""Multiple silicon chips"", ""A single silicon chip"", ""Magnetic tapes""], ""correct"": null, ""answer_text"": null, ""category"": null, ""source_file"": ""6 Basic Computer Structure.docx"", ""source_module"": ""M5"", ""fmt"": ""docx"", ""module"": ""M5"", ""difficulty"": ""EASY""}"
M5,M5.5.6(B),,5. Which device in a computer system is responsible for interpreting and executing instructions?,Memory Unit,Input Unit,Central Processing Unit (CPU),,B,MEDIUM,,,,ANSWERED,Domain-knowledge answer (score=0.40),1,6 Basic Computer Structure.docx,"{""raw"": ""5. Which device in a computer system is responsible for interpreting and executing instructions?\n    a) Memory Unit\n    b) Input Unit\n    c) Central Processing Unit (CPU)"", ""question"": ""5. Which device in a computer system is responsible for interpreting and executing instructions?"", ""options"": [""Memory Unit"", ""Input Unit"", ""Central Processing Unit (CPU)""], ""correct"": null, ""answer_text"": null, ""category"": null, ""source_file"": ""6 Basic Computer Structure.docx"", ""source_module"": ""M5"", ""fmt"": ""docx"", ""module"": ""M5"", ""syllabusRef"": ""M5.5.6(B)"", ""level"": null, ""difficulty"": ""MEDIUM""}"
M5,M5.05.06,,6. What are the four functional system device units of a basic computer system?,"Input Unit, Output Unit, Display Unit, and Memory Unit","Input Unit, Memory Unit, CPU, and Output Unit","CPU, ALU, Control Unit, and Output Unit",,A,MEDIUM,,,,ANSWERED,corpus page 109 (score=6),1,6 Basic Computer Structure.docx,"{""raw"": ""6. What are the four functional system device units of a basic computer system?\n    a) Input Unit, Output Unit, Display Unit, and Memory Unit\n    b) Input Unit, Memory Unit, CPU, and Output Unit\n    c) CPU, ALU, Control Unit, and Output Unit"", ""question"": ""6. What are the four functional system device units of a basic computer system?"", ""options"": [""Input Unit, Output Unit, Display Unit, and Memory Unit"", ""Input Unit, Memory Unit, CPU, and Output Unit"", ""CPU, ALU, Control Unit, and Output Unit""], ""correct"": null, ""answer_text"": null, ""category"": null, ""source_file"": ""6 Basic Computer Structure.docx"", ""source_module"": ""M5"", ""fmt"": ""docx"", ""module"": ""M5"", ""syllabusRef"": ""M5.05.06"", ""level"": null, ""difficulty"": ""MEDIUM""}"
M5,M5.5.6(b),,7. What is the role of the Arithmetic/Logic Unit (ALU) in a computer system?,Manipulating data,Storing data,Controlling input and output operations,,C,MEDIUM,,,,ANSWERED,corpus page 109 (score=3),1,6 Basic Computer Structure.docx,"{""raw"": ""7. What is the role of the Arithmetic/Logic Unit (ALU) in a computer system?\n    a) Manipulating data\n    b) Storing data\n    c) Controlling input and output operations"", ""question"": ""7. What is the role of the Arithmetic/Logic Unit (ALU) in a computer system?"", ""options"": [""Manipulating data"", ""Storing data"", ""Controlling input and output operations""], ""correct"": null, ""answer_text"": null, ""category"": null, ""source_file"": ""6 Basic Computer Structure.docx"", ""source_module"": ""M5"", ""fmt"": ""docx"", ""module"": ""M5"", ""syllabusRef"": ""M5.5.6(b)"", ""level"": null, ""difficulty"": ""MEDIUM""}"
M5,M5.5.6(b),,8. What is a word in the context of computer architecture?,A group of characters,A group of bits handled simultaneously by the computer,A command line,,B,MEDIUM,,,,ANSWERED,corpus page 116 (score=3),1,6 Basic Computer Structure.docx,"{""raw"": ""8. What is a word in the context of computer architecture?\n    a) A group of characters\n    b) A group of bits handled simultaneously by the computer\n    c) A command line"", ""question"": ""8. What is a word in the context of computer architecture?"", ""options"": [""A group of characters"", ""A group of bits handled simultaneously by the computer"", ""A command line""], ""correct"": null, ""answer_text"": null, ""category"": null, ""source_file"": ""6 Basic Computer Structure.docx"", ""source_module"": ""M5"", ""fmt"": ""docx"", ""module"": ""M5"", ""syllabusRef"": ""M5.5.6(b)"", ""level"": null, ""difficulty"": ""MEDIUM""}"
M5,M5.5.6(b),,9. How is information stored in the memory unit?,As decimal digits,As binary digits (bits),As hexadecimal digits,,B,EASY,,,,ANSWERED,corpus page 110 (score=4),1,6 Basic Computer Structure.docx,"{""raw"": ""9. How is information stored in the memory unit?\n    a) As decimal digits\n    b) As binary digits (bits)\n    c) As hexadecimal digits"", ""question"": ""9. How is information stored in the memory unit?"", ""options"": [""As decimal digits"", ""As binary digits (bits)"", ""As hexadecimal digits""], ""correct"": null, ""answer_text"": null, ""category"": null, ""source_file"": ""6 Basic Computer Structure.docx"", ""source_module"": ""M5"", ""fmt"": ""docx"", ""module"": ""M5"", ""syllabusRef"": ""M5.5.6(b)"", ""level"": null, ""difficulty"": ""EASY""}"
M5,M5.5.6(b),,10. What is the function of the Address Bus?,Carry data and instructions,Transmit an address from the microprocessor to memory or I/O unit,Maintain timing and status information,,A,EASY,,,,ANSWERED,Domain-knowledge answer (score=0.40),1,6 Basic Computer Structure.docx,"{""raw"": ""10. What is the function of the Address Bus?\n     a) Carry data and instructions\n     b) Transmit an address from the microprocessor to memory or I/O unit\n     c) Maintain timing and status information"", ""question"": ""10. What is the function of the Address Bus?"", ""options"": [""Carry data and instructions"", ""Transmit an address from the microprocessor to memory or I/O unit"", ""Maintain timing and status information""], ""correct"": null, ""answer_text"": null, ""category"": null, ""source_file"": ""6 Basic Computer Structure.docx"", ""source_module"": ""M5"", ""fmt"": ""docx"", ""module"": ""M5"", ""syllabusRef"": ""M5.5.6(b)"", ""level"": null, ""difficulty"": ""EASY""}"
M5,M5.05.04,,11. How many lines does a typical Data Bus consist of?,4 lines,16 lines,8 lines,,B,MEDIUM,,,,ANSWERED,Verified correction (score=0.50),1,6 Basic Computer Structure.docx,"{""raw"": ""11. How many lines does a typical Data Bus consist of?\n     a) 4 lines\n     b) 16 lines\n     c) 8 lines"", ""question"": ""11. How many lines does a typical Data Bus consist of?"", ""options"": [""4 lines"", ""16 lines"", ""8 lines""], ""correct"": null, ""answer_text"": null, ""category"": null, ""source_file"": ""6 Basic Computer Structure.docx"", ""source_module"": ""M5"", ""fmt"": ""docx"", ""module"": ""M5"", ""syllabusRef"": ""M5.05.04"", ""level"": null, ""difficulty"": ""MEDIUM""}"
M5,M5.5.6(b),,12. Which bus is responsible for carrying data and instructions between computer units?,Address Bus,Data Bus,Control Bus,,B,MEDIUM,,,,ANSWERED,Verified correction (score=0.50),1,6 Basic Computer Structure.docx,"{""raw"": ""12. Which bus is responsible for carrying data and instructions between computer units?\n     a) Address Bus\n     b) Data Bus\n     c) Control Bus"", ""question"": ""12. Which bus is responsible for carrying data and instructions between computer units?"", ""options"": [""Address Bus"", ""Data Bus"", ""Control Bus""], ""correct"": null, ""answer_text"": null, ""category"": null, ""source_file"": ""6 Basic Computer Structure.docx"", ""source_module"": ""M5"", ""fmt"": ""docx"", ""module"": ""M5"", ""syllabusRef"": ""M5.5.6(b)"", ""level"": null, ""difficulty"": ""MEDIUM""}"
M5,M5.5.6(b),,13. What is the purpose of the Control Bus?,Maintain timing and status information,Transmit data,Transmit addresses,,A,EASY,,,,ANSWERED,Domain-verified (score=0.40),1,6 Basic Computer Structure.docx,"{""raw"": ""13. What is the purpose of the Control Bus?\n     a) Maintain timing and status information\n     b) Transmit data\n     c) Transmit addresses"", ""question"": ""13. What is the purpose of the Control Bus?"", ""options"": [""Maintain timing and status information"", ""Transmit data"", ""Transmit addresses""], ""correct"": null, ""answer_text"": null, ""category"": null, ""source_file"": ""6 Basic Computer Structure.docx"", ""source_module"": ""M5"", ""fmt"": ""docx"", ""module"": ""M5"", ""syllabusRef"": ""M5.5.6(b)"", ""level"": null, ""difficulty"": ""EASY""}"
M5,M5.5.5,2,14. Which component is not typically part of the CPU?,Arithmetic/Logic Unit,Memory Unit,Control Unit,,C,MEDIUM,,,,ANSWERED,Domain-knowledge answer (score=0.33),1,6 Basic Computer Structure.docx,"{""raw"": ""14. Which component is not typically part of the CPU?\n     a) Arithmetic/Logic Unit\n     b) Memory Unit\n     c) Control Unit"", ""question"": ""14. Which component is not typically part of the CPU?"", ""options"": [""Arithmetic/Logic Unit"", ""Memory Unit"", ""Control Unit""], ""correct"": null, ""answer_text"": null, ""category"": null, ""source_file"": ""6 Basic Computer Structure.docx"", ""source_module"": ""M5"", ""fmt"": ""docx"", ""module"": ""M5"", ""syllabusRef"": ""M5.5.5"", ""level"": 2, ""difficulty"": ""MEDIUM""}"
M5,,,15. What is a byte?,8 bits,4 bits,16 bits,,A,EASY,,,,ANSWERED,Direct domain fix: What is a byte,1,6 Basic Computer Structure.docx,"{""raw"": ""15. What is a byte?\n     a) 8 bits\n     b) 4 bits\n     c) 16 bits"", ""question"": ""15. What is a byte?"", ""options"": [""8 bits"", ""4 bits"", ""16 bits""], ""correct"": null, ""answer_text"": null, ""category"": null, ""source_file"": ""6 Basic Computer Structure.docx"", ""source_module"": ""M5"", ""fmt"": ""docx"", ""module"": ""M5"", ""difficulty"": ""EASY""}"
M5,,,16. What is a nibble in computing?,8 bits,4 bits,16 bits,,B,EASY,,,,ANSWERED,Domain-knowledge answer (score=1.00),1,6 Basic Computer Structure.docx,"{""raw"": ""16. What is a nibble in computing?\n     a) 8 bits\n     b) 4 bits\n     c) 16 bits"", ""question"": ""16. What is a nibble in computing?"", ""options"": [""8 bits"", ""4 bits"", ""16 bits""], ""correct"": null, ""answer_text"": null, ""category"": null, ""source_file"": ""6 Basic Computer Structure.docx"", ""source_module"": ""M5"", ""fmt"": ""docx"", ""module"": ""M5"", ""difficulty"": ""EASY""}"
M5,M5.5.6(b),,17. What is the primary function of a computer's Input Unit?,Displaying results,Entering data and programs into the computer,Storing data,,A,MEDIUM,,,,ANSWERED,Domain-verified (score=0.67),1,6 Basic Computer Structure.docx,"{""raw"": ""17. What is the primary function of a computer's Input Unit?\n     a) Displaying results\n     b) Entering data and programs into the computer\n     c) Storing data"", ""question"": ""17. What is the primary function of a computer's Input Unit?"", ""options"": [""Displaying results"", ""Entering data and programs into the computer"", ""Storing data""], ""correct"": null, ""answer_text"": null, ""category"": null, ""source_file"": ""6 Basic Computer Structure.docx"", ""source_module"": ""M5"", ""fmt"": ""docx"", ""module"": ""M5"", ""syllabusRef"": ""M5.5.6(b)"", ""level"": null, ""difficulty"": ""MEDIUM""}"
M5,M5.5.6(b),,18. Where are the results of computations typically sent in a computer system?,Memory Unit,Output Unit,ALU,,B,MEDIUM,,,,ANSWERED,Domain-knowledge answer (score=0.40),1,6 Basic Computer Structure.docx,"{""raw"": ""18. Where are the results of computations typically sent in a computer system?\n     a) Memory Unit\n     b) Output Unit\n     c) ALU"", ""question"": ""18. Where are the results of computations typically sent in a computer system?"", ""options"": [""Memory Unit"", ""Output Unit"", ""ALU""], ""correct"": null, ""answer_text"": null, ""category"": null, ""source_file"": ""6 Basic Computer Structure.docx"", ""source_module"": ""M5"", ""fmt"": ""docx"", ""module"": ""M5"", ""syllabusRef"": ""M5.5.6(b)"", ""level"": null, ""difficulty"": ""MEDIUM""}"
M5,M5.05.04,,19. What are registers used for in a computer system?,Longterm data storage,Temporary storage of data and instructions,Network communication,,A,MEDIUM,,,,ANSWERED,corpus page 116 (score=4),1,6 Basic Computer Structure.docx,"{""raw"": ""19. What are registers used for in a computer system?\n     a) Longterm data storage\n     b) Temporary storage of data and instructions\n     c) Network communication"", ""question"": ""19. What are registers used for in a computer system?"", ""options"": [""Longterm data storage"", ""Temporary storage of data and instructions"", ""Network communication""], ""correct"": null, ""answer_text"": null, ""category"": null, ""source_file"": ""6 Basic Computer Structure.docx"", ""source_module"": ""M5"", ""fmt"": ""docx"", ""module"": ""M5"", ""syllabusRef"": ""M5.05.04"", ""level"": null, ""difficulty"": ""MEDIUM""}"
M5,M5.05.04,,20. What is the function of the Control Unit within the CPU?,Direct the operation of the processor,Store data,Perform arithmetic operations,,B,MEDIUM,,,,ANSWERED,Verified correction (score=1.00),1,6 Basic Computer Structure.docx,"{""raw"": ""20. What is the function of the Control Unit within the CPU?\n     a) Direct the operation of the processor\n     b) Store data\n     c) Perform arithmetic operations"", ""question"": ""20. What is the function of the Control Unit within the CPU?"", ""options"": [""Direct the operation of the processor"", ""Store data"", ""Perform arithmetic operations""], ""correct"": null, ""answer_text"": null, ""category"": null, ""source_file"": ""6 Basic Computer Structure.docx"", ""source_module"": ""M5"", ""fmt"": ""docx"", ""module"": ""M5"", ""syllabusRef"": ""M5.05.04"", ""level"": null, ""difficulty"": ""MEDIUM""}"
M5,M5.5.6(b),,21. Which of the following best describes a computer program?,An organized collection of elementary computer operations called instructions,A hardware component,A type of memory,,C,MEDIUM,,,,ANSWERED,corpus page 121 (score=3),1,6 Basic Computer Structure.docx,"{""raw"": ""21. Which of the following best describes a computer program?\n     a) An organized collection of elementary computer operations called instructions\n     b) A hardware component\n     c) A type of memory"", ""question"": ""21. Which of the following best describes a computer program?"", ""options"": [""An organized collection of elementary computer operations called instructions"", ""A hardware component"", ""A type of memory""], ""correct"": null, ""answer_text"": null, ""category"": null, ""source_file"": ""6 Basic Computer Structure.docx"", ""source_module"": ""M5"", ""fmt"": ""docx"", ""module"": ""M5"", ""syllabusRef"": ""M5.5.6(b)"", ""level"": null, ""difficulty"": ""MEDIUM""}"
M5,M5.5.6(b),,22. Which component interprets and executes instructions from the memory?,Input Unit,CPU (Central Processing Unit),Output Unit,,B,MEDIUM,,,,ANSWERED,Domain-knowledge answer (score=1.00),1,6 Basic Computer Structure.docx,"{""raw"": ""22. Which component interprets and executes instructions from the memory?\n     a) Input Unit\n     b) CPU (Central Processing Unit)\n     c) Output Unit"", ""question"": ""22. Which component interprets and executes instructions from the memory?"", ""options"": [""Input Unit"", ""CPU (Central Processing Unit)"", ""Output Unit""], ""correct"": null, ""answer_text"": null, ""category"": null, ""source_file"": ""6 Basic Computer Structure.docx"", ""source_module"": ""M5"", ""fmt"": ""docx"", ""module"": ""M5"", ""syllabusRef"": ""M5.5.6(b)"", ""level"": null, ""difficulty"": ""MEDIUM""}"
M5,M5.5.6(b),,23. What is the main role of the Memory Unit in a computer system?,Displaying data,Storing data and instructions,Controlling data flow,,B,MEDIUM,,,,ANSWERED,corpus page 116 (score=6),1,6 Basic Computer Structure.docx,"{""raw"": ""23. What is the main role of the Memory Unit in a computer system?\n     a) Displaying data\n     b) Storing data and instructions\n     c) Controlling data flow"", ""question"": ""23. What is the main role of the Memory Unit in a computer system?"", ""options"": [""Displaying data"", ""Storing data and instructions"", ""Controlling data flow""], ""correct"": null, ""answer_text"": null, ""category"": null, ""source_file"": ""6 Basic Computer Structure.docx"", ""source_module"": ""M5"", ""fmt"": ""docx"", ""module"": ""M5"", ""syllabusRef"": ""M5.5.6(b)"", ""level"": null, ""difficulty"": ""MEDIUM""}"
M5,M5.5.6(b),,24. What is the purpose of the Data Bus in a computer system?,Carrying data and instructions between computer units,Transmitting addresses,Maintaining timing information,,B,MEDIUM,,,,ANSWERED,Verified correction (score=0.67),1,6 Basic Computer Structure.docx,"{""raw"": ""24. What is the purpose of the Data Bus in a computer system?\n     a) Carrying data and instructions between computer units\n     b) Transmitting addresses\n     c) Maintaining timing information"", ""question"": ""24. What is the purpose of the Data Bus in a computer system?"", ""options"": [""Carrying data and instructions between computer units"", ""Transmitting addresses"", ""Maintaining timing information""], ""correct"": null, ""answer_text"": null, ""category"": null, ""source_file"": ""6 Basic Computer Structure.docx"", ""source_module"": ""M5"", ""fmt"": ""docx"", ""module"": ""M5"", ""syllabusRef"": ""M5.5.6(b)"", ""level"": null, ""difficulty"": ""MEDIUM""}"
M5,M5.5.6(b),,25. How does the Control Bus differ from the Data Bus?,It carries addresses,It maintains timing and status information,It is unidirectional,,B,MEDIUM,,,,ANSWERED,Domain-verified (score=0.50),1,6 Basic Computer Structure.docx,"{""raw"": ""25. How does the Control Bus differ from the Data Bus?\n     a) It carries addresses\n     b) It maintains timing and status information\n     c) It is unidirectional"", ""question"": ""25. How does the Control Bus differ from the Data Bus?"", ""options"": [""It carries addresses"", ""It maintains timing and status information"", ""It is unidirectional""], ""correct"": null, ""answer_text"": null, ""category"": null, ""source_file"": ""6 Basic Computer Structure.docx"", ""source_module"": ""M5"", ""fmt"": ""docx"", ""module"": ""M5"", ""syllabusRef"": ""M5.5.6(b)"", ""level"": null, ""difficulty"": ""MEDIUM""}"
M5,M5.05.04,,26. What happens to data after it is processed by the CPU?,It is discarded,It is sent to the Output Unit,It is sent back to the Input Unit,,B,MEDIUM,,,,ANSWERED,Domain-knowledge answer (score=0.75),1,6 Basic Computer Structure.docx,"{""raw"": ""26. What happens to data after it is processed by the CPU?\n     a) It is discarded\n     b) It is sent to the Output Unit\n     c) It is sent back to the Input Unit"", ""question"": ""26. What happens to data after it is processed by the CPU?"", ""options"": [""It is discarded"", ""It is sent to the Output Unit"", ""It is sent back to the Input Unit""], ""correct"": null, ""answer_text"": null, ""category"": null, ""source_file"": ""6 Basic Computer Structure.docx"", ""source_module"": ""M5"", ""fmt"": ""docx"", ""module"": ""M5"", ""syllabusRef"": ""M5.05.04"", ""level"": null, ""difficulty"": ""MEDIUM""}"
M5,M5.5.6(b),,27. What does the term 'word length' refer to in computer architecture?,The length of a command,The number of bits that make up a word,The size of the memory,,B,MEDIUM,,,,ANSWERED,corpus page 110 (score=3),1,6 Basic Computer Structure.docx,"{""raw"": ""27. What does the term 'word length' refer to in computer architecture?\n     a) The length of a command\n     b) The number of bits that make up a word\n     c) The size of the memory"", ""question"": ""27. What does the term 'word length' refer to in computer architecture?"", ""options"": [""The length of a command"", ""The number of bits that make up a word"", ""The size of the memory""], ""correct"": null, ""answer_text"": null, ""category"": null, ""source_file"": ""6 Basic Computer Structure.docx"", ""source_module"": ""M5"", ""fmt"": ""docx"", ""module"": ""M5"", ""syllabusRef"": ""M5.5.6(b)"", ""level"": null, ""difficulty"": ""MEDIUM""}"
M5,M5.05.06,,28. Which of the following is NOT a part of the basic computer system?,Input Unit,Monitor Unit,Memory Unit,,B,MEDIUM,,,,ANSWERED,Domain-knowledge answer (score=0.40),1,6 Basic Computer Structure.docx,"{""raw"": ""28. Which of the following is NOT a part of the basic computer system?\n     a) Input Unit\n     b) Monitor Unit\n     c) Memory Unit"", ""question"": ""28. Which of the following is NOT a part of the basic computer system?"", ""options"": [""Input Unit"", ""Monitor Unit"", ""Memory Unit""], ""correct"": null, ""answer_text"": null, ""category"": null, ""source_file"": ""6 Basic Computer Structure.docx"", ""source_module"": ""M5"", ""fmt"": ""docx"", ""module"": ""M5"", ""syllabusRef"": ""M5.05.06"", ""level"": null, ""difficulty"": ""MEDIUM""}"
M5,M5.05.04,,29. How is information transferred within a computer system?,Through cables,Through buses,Through registers only,,B,MEDIUM,,,,ANSWERED,Domain-knowledge answer (score=0.40),1,6 Basic Computer Structure.docx,"{""raw"": ""29. How is information transferred within a computer system?\n     a) Through cables\n     b) Through buses\n     c) Through registers only"", ""question"": ""29. How is information transferred within a computer system?"", ""options"": [""Through cables"", ""Through buses"", ""Through registers only""], ""correct"": null, ""answer_text"": null, ""category"": null, ""source_file"": ""6 Basic Computer Structure.docx"", ""source_module"": ""M5"", ""fmt"": ""docx"", ""module"": ""M5"", ""syllabusRef"": ""M5.05.04"", ""level"": null, ""difficulty"": ""MEDIUM""}"
M5,M5.05.06,,30. What is the basic logical unit of information in a computer?,Bit,Word,Byte,,A,MEDIUM,,,,ANSWERED,Domain-knowledge answer (score=1.00),1,6 Basic Computer Structure.docx,"{""raw"": ""30. What is the basic logical unit of information in a computer?\n     a) Bit\n     b) Word\n     c) Byte"", ""question"": ""30. What is the basic logical unit of information in a computer?"", ""options"": [""Bit"", ""Word"", ""Byte""], ""correct"": null, ""answer_text"": null, ""category"": null, ""source_file"": ""6 Basic Computer Structure.docx"", ""source_module"": ""M5"", ""fmt"": ""docx"", ""module"": ""M5"", ""syllabusRef"": ""M5.05.06"", ""level"": null, ""difficulty"": ""MEDIUM""}"
M5,M5.5.6(b),,31. What type of bus is used to transmit an address from the microprocessor to memory?,Address Bus,Data Bus,Control Bus,,A,MEDIUM,,,,ANSWERED,Domain-knowledge answer (score=1.00),1,6 Basic Computer Structure.docx,"{""raw"": ""31. What type of bus is used to transmit an address from the microprocessor to memory?\n     a) Address Bus\n     b) Data Bus\n     c) Control Bus"", ""question"": ""31. What type of bus is used to transmit an address from the microprocessor to memory?"", ""options"": [""Address Bus"", ""Data Bus"", ""Control Bus""], ""correct"": null, ""answer_text"": null, ""category"": null, ""source_file"": ""6 Basic Computer Structure.docx"", ""source_module"": ""M5"", ""fmt"": ""docx"", ""module"": ""M5"", ""syllabusRef"": ""M5.5.6(b)"", ""level"": null, ""difficulty"": ""MEDIUM""}"
M5,M5.5.6(b),,32. Which bus typically consists of up to 16 parallel lines?,Data Bus,Address Bus,Control Bus,,B,MEDIUM,,,,ANSWERED,Domain-knowledge answer (score=1.00),1,6 Basic Computer Structure.docx,"{""raw"": ""32. Which bus typically consists of up to 16 parallel lines?\n     a) Data Bus\n     b) Address Bus\n     c) Control Bus"", ""question"": ""32. Which bus typically consists of up to 16 parallel lines?"", ""options"": [""Data Bus"", ""Address Bus"", ""Control Bus""], ""correct"": null, ""answer_text"": null, ""category"": null, ""source_file"": ""6 Basic Computer Structure.docx"", ""source_module"": ""M5"", ""fmt"": ""docx"", ""module"": ""M5"", ""syllabusRef"": ""M5.5.6(b)"", ""level"": null, ""difficulty"": ""MEDIUM""}"
M5,M5.5.6(b),,34. What is stored in the registers of a computer system?,Permanent data,Temporary data and instructions,External data,,A,MEDIUM,,,,ANSWERED,Verified correction (score=0.67),1,6 Basic Computer Structure.docx,"{""raw"": ""34. What is stored in the registers of a computer system?\n     a) Permanent data\n     b) Temporary data and instructions\n     c) External data"", ""question"": ""34. What is stored in the registers of a computer system?"", ""options"": [""Permanent data"", ""Temporary data and instructions"", ""External data""], ""correct"": null, ""answer_text"": null, ""category"": null, ""source_file"": ""6 Basic Computer Structure.docx"", ""source_module"": ""M5"", ""fmt"": ""docx"", ""module"": ""M5"", ""syllabusRef"": ""M5.5.6(b)"", ""level"": null, ""difficulty"": ""MEDIUM""}"
M5,M5.5.6(b),,35. Which bus is responsible for maintaining timing and status information?,Data Bus,Address Bus,Control Bus,,C,MEDIUM,,,,ANSWERED,Domain-knowledge answer (score=1.00),1,6 Basic Computer Structure.docx,"{""raw"": ""35. Which bus is responsible for maintaining timing and status information?\n     a) Data Bus\n     b) Address Bus\n     c) Control Bus"", ""question"": ""35. Which bus is responsible for maintaining timing and status information?"", ""options"": [""Data Bus"", ""Address Bus"", ""Control Bus""], ""correct"": null, ""answer_text"": null, ""category"": null, ""source_file"": ""6 Basic Computer Structure.docx"", ""source_module"": ""M5"", ""fmt"": ""docx"", ""module"": ""M5"", ""syllabusRef"": ""M5.5.6(b)"", ""level"": null, ""difficulty"": ""MEDIUM""}"
M5,M5.5.6(b),,36. What does the CPU stand for in computer architecture?,Control Processing Unit,Central Processing Unit,Central Programming Unit,,B,MEDIUM,,,,ANSWERED,Domain-verified (score=1.00),1,6 Basic Computer Structure.docx,"{""raw"": ""36. What does the CPU stand for in computer architecture?\n     a) Control Processing Unit\n     b) Central Processing Unit\n     c) Central Programming Unit"", ""question"": ""36. What does the CPU stand for in computer architecture?"", ""options"": [""Control Processing Unit"", ""Central Processing Unit"", ""Central Programming Unit""], ""correct"": null, ""answer_text"": null, ""category"": null, ""source_file"": ""6 Basic Computer Structure.docx"", ""source_module"": ""M5"", ""fmt"": ""docx"", ""module"": ""M5"", ""syllabusRef"": ""M5.5.6(b)"", ""level"": null, ""difficulty"": ""MEDIUM""}"
M5,M5.5.6(b),,37. What unit is responsible for entering data and programs into the computer system?,Output Unit,Input Unit,Memory Unit,,B,MEDIUM,,,,ANSWERED,Domain-knowledge answer (score=0.40),1,6 Basic Computer Structure.docx,"{""raw"": ""37. What unit is responsible for entering data and programs into the computer system?\n     a) Output Unit\n     b) Input Unit\n     c) Memory Unit"", ""question"": ""37. What unit is responsible for entering data and programs into the computer system?"", ""options"": [""Output Unit"", ""Input Unit"", ""Memory Unit""], ""correct"": null, ""answer_text"": null, ""category"": null, ""source_file"": ""6 Basic Computer Structure.docx"", ""source_module"": ""M5"", ""fmt"": ""docx"", ""module"": ""M5"", ""syllabusRef"": ""M5.5.6(b)"", ""level"": null, ""difficulty"": ""MEDIUM""}"
M5,M5.5.5(a),,38. What is the common term for an 8bit word?,Nibble,Byte,Bit,,B,EASY,,,,ANSWERED,Domain-knowledge answer (score=1.00),1,6 Basic Computer Structure.docx,"{""raw"": ""38. What is the common term for an 8bit word?\n     a) Nibble\n     b) Byte\n     c) Bit"", ""question"": ""38. What is the common term for an 8bit word?"", ""options"": [""Nibble"", ""Byte"", ""Bit""], ""correct"": null, ""answer_text"": null, ""category"": null, ""source_file"": ""6 Basic Computer Structure.docx"", ""source_module"": ""M5"", ""fmt"": ""docx"", ""module"": ""M5"", ""syllabusRef"": ""M5.5.5(a)"", ""level"": null, ""difficulty"": ""EASY""}"
M5,M5.5.6(b),,39. What is the function of the Output Unit in a computer system?,Displaying or providing the results of computation,Storing data,Entering data,,B,MEDIUM,,,,ANSWERED,Verified correction (score=0.50),1,6 Basic Computer Structure.docx,"{""raw"": ""39. What is the function of the Output Unit in a computer system?\n     a) Displaying or providing the results of computation\n     b) Storing data\n     c) Entering data"", ""question"": ""39. What is the function of the Output Unit in a computer system?"", ""options"": [""Displaying or providing the results of computation"", ""Storing data"", ""Entering data""], ""correct"": null, ""answer_text"": null, ""category"": null, ""source_file"": ""6 Basic Computer Structure.docx"", ""source_module"": ""M5"", ""fmt"": ""docx"", ""module"": ""M5"", ""syllabusRef"": ""M5.5.6(b)"", ""level"": null, ""difficulty"": ""MEDIUM""}"
M5,M5.05.04,,40. Which unit in the CPU contains the circuitry necessary for manipulating data?,Arithmetic/Logic Unit (ALU),Control Unit,Memory Unit,,B,MEDIUM,,,,ANSWERED,Verified correction (score=0.67),1,6 Basic Computer Structure.docx,"{""raw"": ""40. Which unit in the CPU contains the circuitry necessary for manipulating data?\n     a) Arithmetic/Logic Unit (ALU)\n     b) Control Unit\n     c) Memory Unit"", ""question"": ""40. Which unit in the CPU contains the circuitry necessary for manipulating data?"", ""options"": [""Arithmetic/Logic Unit (ALU)"", ""Control Unit"", ""Memory Unit""], ""correct"": null, ""answer_text"": null, ""category"": null, ""source_file"": ""6 Basic Computer Structure.docx"", ""source_module"": ""M5"", ""fmt"": ""docx"", ""module"": ""M5"", ""syllabusRef"": ""M5.05.04"", ""level"": null, ""difficulty"": ""MEDIUM""}"
M5,M5.5.6(b),,41. What does the term 'bus' refer to in a computer system?,A set of lines over which information is transferred,A storage device,A processing unit,,B,MEDIUM,,,,ANSWERED,corpus page 121 (score=4),1,6 Basic Computer Structure.docx,"{""raw"": ""41. What does the term 'bus' refer to in a computer system?\n     a) A set of lines over which information is transferred\n     b) A storage device\n     c) A processing unit"", ""question"": ""41. What does the term 'bus' refer to in a computer system?"", ""options"": [""A set of lines over which information is transferred"", ""A storage device"", ""A processing unit""], ""correct"": null, ""answer_text"": null, ""category"": null, ""source_file"": ""6 Basic Computer Structure.docx"", ""source_module"": ""M5"", ""fmt"": ""docx"", ""module"": ""M5"", ""syllabusRef"": ""M5.5.6(b)"", ""level"": null, ""difficulty"": ""MEDIUM""}"
M5,M5.5.6(b),,42. Which bus is bidirectional in a computer system?,Address Bus,Data Bus,Control Bus,,B,MEDIUM,,,,ANSWERED,Domain-knowledge answer (score=0.40),1,6 Basic Computer Structure.docx,"{""raw"": ""42. Which bus is bidirectional in a computer system?\n     a) Address Bus\n     b) Data Bus\n     c) Control Bus"", ""question"": ""42. Which bus is bidirectional in a computer system?"", ""options"": [""Address Bus"", ""Data Bus"", ""Control Bus""], ""correct"": null, ""answer_text"": null, ""category"": null, ""source_file"": ""6 Basic Computer Structure.docx"", ""source_module"": ""M5"", ""fmt"": ""docx"", ""module"": ""M5"", ""syllabusRef"": ""M5.5.6(b)"", ""level"": null, ""difficulty"": ""MEDIUM""}"
M5,M5.5.6(b),,43. What does the term 'volatile memory' refer to?,Memory that can be programmed once,Memory that loses its contents when power is turned off,Memory that retains its contents indefinitely,,B,MEDIUM,,,,ANSWERED,corpus page 121 (score=4),1,6 Basic Computer Structure.docx,"{""raw"": ""43. What does the term 'volatile memory' refer to?\n     a) Memory that can be programmed once\n     b) Memory that loses its contents when power is turned off\n     c) Memory that retains its contents indefinitely"", ""question"": ""43. What does the term 'volatile memory' refer to?"", ""options"": [""Memory that can be programmed once"", ""Memory that loses its contents when power is turned off"", ""Memory that retains its contents indefinitely""], ""correct"": null, ""answer_text"": null, ""category"": null, ""source_file"": ""6 Basic Computer Structure.docx"", ""source_module"": ""M5"", ""fmt"": ""docx"", ""module"": ""M5"", ""syllabusRef"": ""M5.5.6(b)"", ""level"": null, ""difficulty"": ""MEDIUM""}"
M5,M5.5.6(B),,44. Which component stores information in binary digits (bits)?,Memory Unit,Input Unit,Output Unit,,A,MEDIUM,,,,ANSWERED,Domain-knowledge answer (score=1.00),1,6 Basic Computer Structure.docx,"{""raw"": ""44. Which component stores information in binary digits (bits)?\n     a) Memory Unit\n     b) Input Unit\n     c) Output Unit"", ""question"": ""44. Which component stores information in binary digits (bits)?"", ""options"": [""Memory Unit"", ""Input Unit"", ""Output Unit""], ""correct"": null, ""answer_text"": null, ""category"": null, ""source_file"": ""6 Basic Computer Structure.docx"", ""source_module"": ""M5"", ""fmt"": ""docx"", ""module"": ""M5"", ""syllabusRef"": ""M5.5.6(B)"", ""level"": null, ""difficulty"": ""MEDIUM""}"
M5,M5.5.6(b),,46. Which unit in the CPU is responsible for executing instructions?,Memory Unit,Central Processing Unit (CPU),Input Unit,,B,MEDIUM,,,,ANSWERED,Domain-verified (score=0.67),1,6 Basic Computer Structure.docx,"{""raw"": ""46. Which unit in the CPU is responsible for executing instructions?\n     a) Memory Unit\n     b) Central Processing Unit (CPU)\n     c) Input Unit"", ""question"": ""46. Which unit in the CPU is responsible for executing instructions?"", ""options"": [""Memory Unit"", ""Central Processing Unit (CPU)"", ""Input Unit""], ""correct"": null, ""answer_text"": null, ""category"": null, ""source_file"": ""6 Basic Computer Structure.docx"", ""source_module"": ""M5"", ""fmt"": ""docx"", ""module"": ""M5"", ""syllabusRef"": ""M5.5.6(b)"", ""level"": null, ""difficulty"": ""MEDIUM""}"
M5,M5.5.6(b),,47. What is the primary role of software in a computer system?,To provide instructions for hardware to perform tasks,To connect hardware components,To store data,,B,MEDIUM,,,,ANSWERED,Verified correction (score=0.50),1,6 Basic Computer Structure.docx,"{""raw"": ""47. What is the primary role of software in a computer system?\n     a) To provide instructions for hardware to perform tasks\n     b) To connect hardware components\n     c) To store data"", ""question"": ""47. What is the primary role of software in a computer system?"", ""options"": [""To provide instructions for hardware to perform tasks"", ""To connect hardware components"", ""To store data""], ""correct"": null, ""answer_text"": null, ""category"": null, ""source_file"": ""6 Basic Computer Structure.docx"", ""source_module"": ""M5"", ""fmt"": ""docx"", ""module"": ""M5"", ""syllabusRef"": ""M5.5.6(b)"", ""level"": null, ""difficulty"": ""MEDIUM""}"
M5,M5.5.6(b),,48. What does the term 'nonvolatile memory' refer to?,Memory that loses its contents when power is turned off,Memory that retains its contents even when power is turned off,Memory that can be programmed multiple times,,A,MEDIUM,,,,ANSWERED,corpus page 121 (score=3),1,6 Basic Computer Structure.docx,"{""raw"": ""48. What does the term 'nonvolatile memory' refer to?\n     a) Memory that loses its contents when power is turned off\n     b) Memory that retains its contents even when power is turned off\n     c) Memory that can be programmed multiple times"", ""question"": ""48. What does the term 'nonvolatile memory' refer to?"", ""options"": [""Memory that loses its contents when power is turned off"", ""Memory that retains its contents even when power is turned off"", ""Memory that can be programmed multiple times""], ""correct"": null, ""answer_text"": null, ""category"": null, ""source_file"": ""6 Basic Computer Structure.docx"", ""source_module"": ""M5"", ""fmt"": ""docx"", ""module"": ""M5"", ""syllabusRef"": ""M5.5.6(b)"", ""level"": null, ""difficulty"": ""MEDIUM""}"
M5,M5.5.6(b),,49. How does the CPU communicate with other parts of the computer?,Through buses,Through direct connections,Through registers only,,B,MEDIUM,,,,ANSWERED,Domain-knowledge answer (score=0.40),1,6 Basic Computer Structure.docx,"{""raw"": ""49. How does the CPU communicate with other parts of the computer?\n     a) Through buses\n     b) Through direct connections\n     c) Through registers only"", ""question"": ""49. How does the CPU communicate with other parts of the computer?"", ""options"": [""Through buses"", ""Through direct connections"", ""Through registers only""], ""correct"": null, ""answer_text"": null, ""category"": null, ""source_file"": ""6 Basic Computer Structure.docx"", ""source_module"": ""M5"", ""fmt"": ""docx"", ""module"": ""M5"", ""syllabusRef"": ""M5.5.6(b)"", ""level"": null, ""difficulty"": ""MEDIUM""}"
M5,M5.5.6(b),,50. What is the purpose of the Address Bus in a computer system?,To carry data and instructions,To maintain timing and status information,To transmit an address from the microprocessor to memory or I/O unit,,B,MEDIUM,,,,ANSWERED,Verified correction (score=0.67),1,6 Basic Computer Structure.docx,"{""raw"": ""50. What is the purpose of the Address Bus in a computer system?\n     a) To carry data and instructions\n     b) To maintain timing and status information\n     c) To transmit an address from the microprocessor to memory or I/O unit"", ""question"": ""50. What is the purpose of the Address Bus in a computer system?"", ""options"": [""To carry data and instructions"", ""To maintain timing and status information"", ""To transmit an address from the microprocessor to memory or I/O unit""], ""correct"": null, ""answer_text"": null, ""category"": null, ""source_file"": ""6 Basic Computer Structure.docx"", ""source_module"": ""M5"", ""fmt"": ""docx"", ""module"": ""M5"", ""syllabusRef"": ""M5.5.6(b)"", ""level"": null, ""difficulty"": ""MEDIUM""}"
M5,M5.5.6(b),,1. What is the primary role of the CPU in a computer system?,To store data permanently,To process data transferred from input devices,To manage the power supply,,A,MEDIUM,,,,ANSWERED,corpus page 57 (score=3),1,7 Microprocessors.docx,"{""raw"": ""1. What is the primary role of the CPU in a computer system?\n    a) To store data permanently\n    b) To process data transferred from input devices\n    c) To manage the power supply"", ""question"": ""1. What is the primary role of the CPU in a computer system?"", ""options"": [""To store data permanently"", ""To process data transferred from input devices"", ""To manage the power supply""], ""correct"": null, ""answer_text"": null, ""category"": null, ""source_file"": ""7 Microprocessors.docx"", ""source_module"": ""M5"", ""fmt"": ""docx"", ""module"": ""M5"", ""syllabusRef"": ""M5.5.6(b)"", ""level"": null, ""difficulty"": ""MEDIUM""}"
M5,M5.5.6(b),,2. Which section of the CPU is responsible for performing calculations?,Control Section,ArithmeticLogic Section,Internal Storage Section,,B,MEDIUM,,,,ANSWERED,Verified correction (score=0.67),1,7 Microprocessors.docx,"{""raw"": ""2. Which section of the CPU is responsible for performing calculations?\n    a) Control Section\n    b) ArithmeticLogic Section\n    c) Internal Storage Section"", ""question"": ""2. Which section of the CPU is responsible for performing calculations?"", ""options"": [""Control Section"", ""ArithmeticLogic Section"", ""Internal Storage Section""], ""correct"": null, ""answer_text"": null, ""category"": null, ""source_file"": ""7 Microprocessors.docx"", ""source_module"": ""M5"", ""fmt"": ""docx"", ""module"": ""M5"", ""syllabusRef"": ""M5.5.6(b)"", ""level"": null, ""difficulty"": ""MEDIUM""}"
M5,M5.5.6(b),,3. What does the Instruction Fetch cycle do?,Grabs instructions from RAM and feeds them to the ALU,Executes mathematical operations,Translates instructions for the CPU,,A,EASY,,,,ANSWERED,Domain-knowledge answer (score=1.00),1,7 Microprocessors.docx,"{""raw"": ""3. What does the Instruction Fetch cycle do?\n    a) Grabs instructions from RAM and feeds them to the ALU\n    b) Executes mathematical operations\n    c) Translates instructions for the CPU"", ""question"": ""3. What does the Instruction Fetch cycle do?"", ""options"": [""Grabs instructions from RAM and feeds them to the ALU"", ""Executes mathematical operations"", ""Translates instructions for the CPU""], ""correct"": null, ""answer_text"": null, ""category"": null, ""source_file"": ""7 Microprocessors.docx"", ""source_module"": ""M5"", ""fmt"": ""docx"", ""module"": ""M5"", ""syllabusRef"": ""M5.5.6(b)"", ""level"": null, ""difficulty"": ""EASY""}"
M5,M5.05.04,,"4. In the CPU, what is the purpose of the Instruction Decode cycle?",Executes the instructions,Translates instructions so the CPU understands them,Stores data temporarily,,B,MEDIUM,,,,ANSWERED,corpus page 136 (score=4),1,7 Microprocessors.docx,"{""raw"": ""4. In the CPU, what is the purpose of the Instruction Decode cycle?\n    a) Executes the instructions\n    b) Translates instructions so the CPU understands them\n    c) Stores data temporarily"", ""question"": ""4. In the CPU, what is the purpose of the Instruction Decode cycle?"", ""options"": [""Executes the instructions"", ""Translates instructions so the CPU understands them"", ""Stores data temporarily""], ""correct"": null, ""answer_text"": null, ""category"": null, ""source_file"": ""7 Microprocessors.docx"", ""source_module"": ""M5"", ""fmt"": ""docx"", ""module"": ""M5"", ""syllabusRef"": ""M5.05.04"", ""level"": null, ""difficulty"": ""MEDIUM""}"
M5,M5.5.6(b),,5. What happens during the Instruction Execute cycle?,Fetches instructions from memory,Translates instructions,Executes mathematical operations,,A,MEDIUM,,,,ANSWERED,corpus page 136 (score=4),1,7 Microprocessors.docx,"{""raw"": ""5. What happens during the Instruction Execute cycle?\n    a) Fetches instructions from memory\n    b) Translates instructions\n    c) Executes mathematical operations"", ""question"": ""5. What happens during the Instruction Execute cycle?"", ""options"": [""Fetches instructions from memory"", ""Translates instructions"", ""Executes mathematical operations""], ""correct"": null, ""answer_text"": null, ""category"": null, ""source_file"": ""7 Microprocessors.docx"", ""source_module"": ""M5"", ""fmt"": ""docx"", ""module"": ""M5"", ""syllabusRef"": ""M5.5.6(b)"", ""level"": null, ""difficulty"": ""MEDIUM""}"
M5,M5.05.04,,6. What is the role of registers in the CPU?,Temporary storage places for data being processed,Permanent storage for programs,Control the execution of instructions,,B,EASY,,,,ANSWERED,Domain-knowledge answer (score=0.40),1,7 Microprocessors.docx,"{""raw"": ""6. What is the role of registers in the CPU?\n    a) Temporary storage places for data being processed\n    b) Permanent storage for programs\n    c) Control the execution of instructions"", ""question"": ""6. What is the role of registers in the CPU?"", ""options"": [""Temporary storage places for data being processed"", ""Permanent storage for programs"", ""Control the execution of instructions""], ""correct"": null, ""answer_text"": null, ""category"": null, ""source_file"": ""7 Microprocessors.docx"", ""source_module"": ""M5"", ""fmt"": ""docx"", ""module"": ""M5"", ""syllabusRef"": ""M5.05.04"", ""level"": null, ""difficulty"": ""EASY""}"
M5,M5.5.6(b),,8. Which section of the CPU coordinates all operations of the chip?,Control Section,ArithmeticLogic Section,Internal Storage Section,,A,MEDIUM,,,,ANSWERED,Domain-knowledge answer (score=1.00),1,7 Microprocessors.docx,"{""raw"": ""8. Which section of the CPU coordinates all operations of the chip?\n    a) Control Section\n    b) ArithmeticLogic Section\n    c) Internal Storage Section"", ""question"": ""8. Which section of the CPU coordinates all operations of the chip?"", ""options"": [""Control Section"", ""ArithmeticLogic Section"", ""Internal Storage Section""], ""correct"": null, ""answer_text"": null, ""category"": null, ""source_file"": ""7 Microprocessors.docx"", ""source_module"": ""M5"", ""fmt"": ""docx"", ""module"": ""M5"", ""syllabusRef"": ""M5.5.6(b)"", ""level"": null, ""difficulty"": ""MEDIUM""}"
M5,,,9. Which type of instructions includes operations like addition and subtraction?,Transfer instructions,Arithmetic instructions,Control instructions,,A,MEDIUM,,,,ANSWERED,corpus page 121 (score=3),1,7 Microprocessors.docx,"{""raw"": ""9. Which type of instructions includes operations like addition and subtraction?\n    a) Transfer instructions\n    b) Arithmetic instructions\n    c) Control instructions"", ""question"": ""9. Which type of instructions includes operations like addition and subtraction?"", ""options"": [""Transfer instructions"", ""Arithmetic instructions"", ""Control instructions""], ""correct"": null, ""answer_text"": null, ""category"": null, ""source_file"": ""7 Microprocessors.docx"", ""source_module"": ""M5"", ""fmt"": ""docx"", ""module"": ""M5"", ""difficulty"": ""MEDIUM""}"
M5,M5.5.6(b),,10. What is the Program Counter in a CPU?,Stores the result of calculations,Holds the memory address of the current instruction,Controls the flow of data,,B,EASY,,,,ANSWERED,Domain-knowledge answer (score=1.00),1,7 Microprocessors.docx,"{""raw"": ""10. What is the Program Counter in a CPU?\n     a) Stores the result of calculations\n     b) Holds the memory address of the current instruction\n     c) Controls the flow of data"", ""question"": ""10. What is the Program Counter in a CPU?"", ""options"": [""Stores the result of calculations"", ""Holds the memory address of the current instruction"", ""Controls the flow of data""], ""correct"": null, ""answer_text"": null, ""category"": null, ""source_file"": ""7 Microprocessors.docx"", ""source_module"": ""M5"", ""fmt"": ""docx"", ""module"": ""M5"", ""syllabusRef"": ""M5.5.6(b)"", ""level"": null, ""difficulty"": ""EASY""}"
M5,M5.5.6(b),,The Memory Address Register (MAR) is used for:,Performing logic operations,Holding the address of the byte being loaded,Controlling the timing of operations,,B,EASY,,,,ANSWERED,corpus page 139 (score=3),1,7 Microprocessors.docx,"{""raw"": ""11. The Memory Address Register (MAR) is used for:\n     a) Performing logic operations\n     b) Holding the address of the byte being loaded\n     c) Controlling the timing of operations"", ""question"": ""The Memory Address Register (MAR) is used for:"", ""options"": [""Performing logic operations"", ""Holding the address of the byte being loaded"", ""Controlling the timing of operations""], ""correct"": null, ""answer_text"": null, ""category"": null, ""source_file"": ""7 Microprocessors.docx"", ""source_module"": ""M5"", ""fmt"": ""docx"", ""module"": ""M5"", ""syllabusRef"": ""M5.5.6(b)"", ""level"": null, ""difficulty"": ""EASY""}"
M5,M5.5.6(b),,12. What does the Status Register indicate?,The next instruction to be executed,Various conditions about the last calculation carried out,The type of operation to be performed,,A,EASY,,,,ANSWERED,corpus page 139 (score=3),1,7 Microprocessors.docx,"{""raw"": ""12. What does the Status Register indicate?\n     a) The next instruction to be executed\n     b) Various conditions about the last calculation carried out\n     c) The type of operation to be performed"", ""question"": ""12. What does the Status Register indicate?"", ""options"": [""The next instruction to be executed"", ""Various conditions about the last calculation carried out"", ""The type of operation to be performed""], ""correct"": null, ""answer_text"": null, ""category"": null, ""source_file"": ""7 Microprocessors.docx"", ""source_module"": ""M5"", ""fmt"": ""docx"", ""module"": ""M5"", ""syllabusRef"": ""M5.5.6(b)"", ""level"": null, ""difficulty"": ""EASY""}"
M5,M5.5.6(b),,13. What is the primary function of the CPU clock?,Regulates the rate at which instructions are executed,Stores program instructions,Controls input and output operations,,A,MEDIUM,,,,ANSWERED,Domain-verified (score=0.67),1,7 Microprocessors.docx,"{""raw"": ""13. What is the primary function of the CPU clock?\n     a) Regulates the rate at which instructions are executed\n     b) Stores program instructions\n     c) Controls input and output operations"", ""question"": ""13. What is the primary function of the CPU clock?"", ""options"": [""Regulates the rate at which instructions are executed"", ""Stores program instructions"", ""Controls input and output operations""], ""correct"": null, ""answer_text"": null, ""category"": null, ""source_file"": ""7 Microprocessors.docx"", ""source_module"": ""M5"", ""fmt"": ""docx"", ""module"": ""M5"", ""syllabusRef"": ""M5.5.6(b)"", ""level"": null, ""difficulty"": ""MEDIUM""}"
M5,,,14. How is CPU clock speed typically expressed?,Bits per second (bps),Revolutions per minute (RPM),Megahertz (MHz) or gigahertz (GHz),,C,EASY,,,,ANSWERED,Domain-knowledge answer (score=1.00),1,7 Microprocessors.docx,"{""raw"": ""14. How is CPU clock speed typically expressed?\n     a) Bits per second (bps)\n     b) Revolutions per minute (RPM)\n     c) Megahertz (MHz) or gigahertz (GHz)"", ""question"": ""14. How is CPU clock speed typically expressed?"", ""options"": [""Bits per second (bps)"", ""Revolutions per minute (RPM)"", ""Megahertz (MHz) or gigahertz (GHz)""], ""correct"": null, ""answer_text"": null, ""category"": null, ""source_file"": ""7 Microprocessors.docx"", ""source_module"": ""M5"", ""fmt"": ""docx"", ""module"": ""M5"", ""difficulty"": ""EASY""}"
M5,M5.05.04,,15. Which part of the CPU holds data waiting to be processed?,Registers,ALU,Control Section,,A,MEDIUM,,,,ANSWERED,Domain-knowledge answer (score=1.00),1,7 Microprocessors.docx,"{""raw"": ""15. Which part of the CPU holds data waiting to be processed?\n     a) Registers\n     b) ALU\n     c) Control Section"", ""question"": ""15. Which part of the CPU holds data waiting to be processed?"", ""options"": [""Registers"", ""ALU"", ""Control Section""], ""correct"": null, ""answer_text"": null, ""category"": null, ""source_file"": ""7 Microprocessors.docx"", ""source_module"": ""M5"", ""fmt"": ""docx"", ""module"": ""M5"", ""syllabusRef"": ""M5.05.04"", ""level"": null, ""difficulty"": ""MEDIUM""}"
M5,M5.5.6(b),,The internal storage section of a CPU is also known as:,Registers,ALU,Control Unit,,A,MEDIUM,,,,ANSWERED,Domain-knowledge answer (score=1.00),1,7 Microprocessors.docx,"{""raw"": ""16. The internal storage section of a CPU is also known as:\n     a) Registers\n     b) ALU\n     c) Control Unit"", ""question"": ""The internal storage section of a CPU is also known as:"", ""options"": [""Registers"", ""ALU"", ""Control Unit""], ""correct"": null, ""answer_text"": null, ""category"": null, ""source_file"": ""7 Microprocessors.docx"", ""source_module"": ""M5"", ""fmt"": ""docx"", ""module"": ""M5"", ""syllabusRef"": ""M5.5.6(b)"", ""level"": null, ""difficulty"": ""MEDIUM""}"
M5,M5.05.04,,17. What is the role of the Control Unit in a CPU?,Stores data,Manages and coordinates all operations of the chip,Executes mathematical operations,,B,MEDIUM,,,,ANSWERED,Verified correction (score=0.75),1,7 Microprocessors.docx,"{""raw"": ""17. What is the role of the Control Unit in a CPU?\n     a) Stores data\n     b) Manages and coordinates all operations of the chip\n     c) Executes mathematical operations"", ""question"": ""17. What is the role of the Control Unit in a CPU?"", ""options"": [""Stores data"", ""Manages and coordinates all operations of the chip"", ""Executes mathematical operations""], ""correct"": null, ""answer_text"": null, ""category"": null, ""source_file"": ""7 Microprocessors.docx"", ""source_module"": ""M5"", ""fmt"": ""docx"", ""module"": ""M5"", ""syllabusRef"": ""M5.05.04"", ""level"": null, ""difficulty"": ""MEDIUM""}"
M5,M5.05.04,,18. What does the ArithmeticLogic Section do?,Performs all arithmetic and logic operations,Controls the flow of data,Stores data permanently,,A,EASY,,,,ANSWERED,Direct domain fix: ArithmeticLogic Section do,1,7 Microprocessors.docx,"{""raw"": ""18. What does the ArithmeticLogic Section do?\n     a) Performs all arithmetic and logic operations\n     b) Controls the flow of data\n     c) Stores data permanently"", ""question"": ""18. What does the ArithmeticLogic Section do?"", ""options"": [""Performs all arithmetic and logic operations"", ""Controls the flow of data"", ""Stores data permanently""], ""correct"": null, ""answer_text"": null, ""category"": null, ""source_file"": ""7 Microprocessors.docx"", ""source_module"": ""M5"", ""fmt"": ""docx"", ""module"": ""M5"", ""syllabusRef"": ""M5.05.04"", ""level"": null, ""difficulty"": ""EASY""}"
M5,M5.05.04,,"In the CPU, data is transferred between the internal storage section and the:",Control Unit,Registers,ArithmeticLogic Section,,C,MEDIUM,,,,ANSWERED,Domain-knowledge answer (score=1.00),1,7 Microprocessors.docx,"{""raw"": ""19. In the CPU, data is transferred between the internal storage section and the:\n     a) Control Unit\n     b) Registers\n     c) ArithmeticLogic Section"", ""question"": ""In the CPU, data is transferred between the internal storage section and the:"", ""options"": [""Control Unit"", ""Registers"", ""ArithmeticLogic Section""], ""correct"": null, ""answer_text"": null, ""category"": null, ""source_file"": ""7 Microprocessors.docx"", ""source_module"": ""M5"", ""fmt"": ""docx"", ""module"": ""M5"", ""syllabusRef"": ""M5.05.04"", ""level"": null, ""difficulty"": ""MEDIUM""}"
M5,M5.5.6(b),,20. What type of memory is used to store the bootstrap program in some computers?,Auxiliary (wired) memory,Registers,Cache memory,,A,MEDIUM,,,,ANSWERED,Domain-knowledge answer (score=1.00),1,7 Microprocessors.docx,"{""raw"": ""20. What type of memory is used to store the bootstrap program in some computers?\n     a) Auxiliary (wired) memory\n     b) Registers\n     c) Cache memory"", ""question"": ""20. What type of memory is used to store the bootstrap program in some computers?"", ""options"": [""Auxiliary (wired) memory"", ""Registers"", ""Cache memory""], ""correct"": null, ""answer_text"": null, ""category"": null, ""source_file"": ""7 Microprocessors.docx"", ""source_module"": ""M5"", ""fmt"": ""docx"", ""module"": ""M5"", ""syllabusRef"": ""M5.5.6(b)"", ""level"": null, ""difficulty"": ""MEDIUM""}"
M5,M5.5.6(b),,21. What does the Program Counter do when the next instruction is to be fetched?,Holds the instruction,Stores the result of the last operation,Is incremented by the appropriate number of bytes,,A,MEDIUM,,,,ANSWERED,corpus page 139 (score=7),1,7 Microprocessors.docx,"{""raw"": ""21. What does the Program Counter do when the next instruction is to be fetched?\n     a) Holds the instruction\n     b) Stores the result of the last operation\n     c) Is incremented by the appropriate number of bytes"", ""question"": ""21. What does the Program Counter do when the next instruction is to be fetched?"", ""options"": [""Holds the instruction"", ""Stores the result of the last operation"", ""Is incremented by the appropriate number of bytes""], ""correct"": null, ""answer_text"": null, ""category"": null, ""source_file"": ""7 Microprocessors.docx"", ""source_module"": ""M5"", ""fmt"": ""docx"", ""module"": ""M5"", ""syllabusRef"": ""M5.5.6(b)"", ""level"": null, ""difficulty"": ""MEDIUM""}"
M5,M5.5.6(b),,22. What is the purpose of General Registers in a CPU?,Hold the memory address of the current instruction,Temporary storage for data during calculations,Indicate the status of the last calculation,,B,MEDIUM,,,,ANSWERED,Domain-knowledge answer (score=1.00),1,7 Microprocessors.docx,"{""raw"": ""22. What is the purpose of General Registers in a CPU?\n     a) Hold the memory address of the current instruction\n     b) Temporary storage for data during calculations\n     c) Indicate the status of the last calculation"", ""question"": ""22. What is the purpose of General Registers in a CPU?"", ""options"": [""Hold the memory address of the current instruction"", ""Temporary storage for data during calculations"", ""Indicate the status of the last calculation""], ""correct"": null, ""answer_text"": null, ""category"": null, ""source_file"": ""7 Microprocessors.docx"", ""source_module"": ""M5"", ""fmt"": ""docx"", ""module"": ""M5"", ""syllabusRef"": ""M5.5.6(b)"", ""level"": null, ""difficulty"": ""MEDIUM""}"
M5,M5.5.6(b),,The clock cycle is the:,Time taken for one complete operation of the CPU,Smallest operation any computer makes,Rate at which data is transferred,,A,EASY,,,,ANSWERED,Domain-knowledge answer (score=1.00),1,7 Microprocessors.docx,"{""raw"": ""23. The clock cycle is the:\n     a) Time taken for one complete operation of the CPU\n     b) Smallest operation any computer makes\n     c) Rate at which data is transferred"", ""question"": ""The clock cycle is the:"", ""options"": [""Time taken for one complete operation of the CPU"", ""Smallest operation any computer makes"", ""Rate at which data is transferred""], ""correct"": null, ""answer_text"": null, ""category"": null, ""source_file"": ""7 Microprocessors.docx"", ""source_module"": ""M5"", ""fmt"": ""docx"", ""module"": ""M5"", ""syllabusRef"": ""M5.5.6(b)"", ""level"": null, ""difficulty"": ""EASY""}"
M5,M5.5.5,2,24. Which component of the CPU acts as its calculator?,Control Unit,Registers,Arithmetic Logic Unit (ALU),,C,MEDIUM,,,,ANSWERED,Domain-knowledge answer (score=1.00),1,7 Microprocessors.docx,"{""raw"": ""24. Which component of the CPU acts as its calculator?\n     a) Control Unit\n     b) Registers\n     c) Arithmetic Logic Unit (ALU)"", ""question"": ""24. Which component of the CPU acts as its calculator?"", ""options"": [""Control Unit"", ""Registers"", ""Arithmetic Logic Unit (ALU)""], ""correct"": null, ""answer_text"": null, ""category"": null, ""source_file"": ""7 Microprocessors.docx"", ""source_module"": ""M5"", ""fmt"": ""docx"", ""module"": ""M5"", ""syllabusRef"": ""M5.5.5"", ""level"": 2, ""difficulty"": ""MEDIUM""}"
M5,M5.05.04,,25. What is the main function of the internal storage section of the CPU?,Perform calculations,Store data temporarily,Coordinate operations,,B,MEDIUM,,,,ANSWERED,Domain-verified (score=0.67),1,7 Microprocessors.docx,"{""raw"": ""25. What is the main function of the internal storage section of the CPU?\n     a) Perform calculations\n     b) Store data temporarily\n     c) Coordinate operations"", ""question"": ""25. What is the main function of the internal storage section of the CPU?"", ""options"": [""Perform calculations"", ""Store data temporarily"", ""Coordinate operations""], ""correct"": null, ""answer_text"": null, ""category"": null, ""source_file"": ""7 Microprocessors.docx"", ""source_module"": ""M5"", ""fmt"": ""docx"", ""module"": ""M5"", ""syllabusRef"": ""M5.05.04"", ""level"": null, ""difficulty"": ""MEDIUM""}"
M5,M5.5.6(b),,The speed at which a CPU executes instructions is regulated by the:,CPU clock,ALU,Control Unit,,A,MEDIUM,,,,ANSWERED,Domain-knowledge answer (score=1.00),1,7 Microprocessors.docx,"{""raw"": ""26. The speed at which a CPU executes instructions is regulated by the:\n     a) CPU clock\n     b) ALU\n     c) Control Unit"", ""question"": ""The speed at which a CPU executes instructions is regulated by the:"", ""options"": [""CPU clock"", ""ALU"", ""Control Unit""], ""correct"": null, ""answer_text"": null, ""category"": null, ""source_file"": ""7 Microprocessors.docx"", ""source_module"": ""M5"", ""fmt"": ""docx"", ""module"": ""M5"", ""syllabusRef"": ""M5.5.6(b)"", ""level"": null, ""difficulty"": ""MEDIUM""}"
M5,M5.5.6(b),,The Memory Address Register in a CPU is used to:,Hold temporary data,Control the sequence of operations,Hold the address of the byte being loaded,,C,EASY,,,,ANSWERED,corpus page 139 (score=3),1,7 Microprocessors.docx,"{""raw"": ""27. The Memory Address Register in a CPU is used to:\n     a) Hold temporary data\n     b) Control the sequence of operations\n     c) Hold the address of the byte being loaded"", ""question"": ""The Memory Address Register in a CPU is used to:"", ""options"": [""Hold temporary data"", ""Control the sequence of operations"", ""Hold the address of the byte being loaded""], ""correct"": null, ""answer_text"": null, ""category"": null, ""source_file"": ""7 Microprocessors.docx"", ""source_module"": ""M5"", ""fmt"": ""docx"", ""module"": ""M5"", ""syllabusRef"": ""M5.5.6(b)"", ""level"": null, ""difficulty"": ""EASY""}"
M5,M5.5.6(b),,28. Which part of the CPU increments the Program Counter?,Control Unit,ALU,Registers,,B,MEDIUM,,,,ANSWERED,Domain-knowledge answer (score=1.00),1,7 Microprocessors.docx,"{""raw"": ""28. Which part of the CPU increments the Program Counter?\n     a) Control Unit\n     b) ALU\n     c) Registers"", ""question"": ""28. Which part of the CPU increments the Program Counter?"", ""options"": [""Control Unit"", ""ALU"", ""Registers""], ""correct"": null, ""answer_text"": null, ""category"": null, ""source_file"": ""7 Microprocessors.docx"", ""source_module"": ""M5"", ""fmt"": ""docx"", ""module"": ""M5"", ""syllabusRef"": ""M5.5.6(b)"", ""level"": null, ""difficulty"": ""MEDIUM""}"
M5,M5.5.6(b),,29. What is the role of the Status Register in a CPU?,Hold the next instruction to be executed,Indicate the condition of the last calculation,Store the current memory address,,B,MEDIUM,,,,ANSWERED,Domain-knowledge answer (score=0.40),1,7 Microprocessors.docx,"{""raw"": ""29. What is the role of the Status Register in a CPU?\n     a) Hold the next instruction to be executed\n     b) Indicate the condition of the last calculation\n     c) Store the current memory address"", ""question"": ""29. What is the role of the Status Register in a CPU?"", ""options"": [""Hold the next instruction to be executed"", ""Indicate the condition of the last calculation"", ""Store the current memory address""], ""correct"": null, ""answer_text"": null, ""category"": null, ""source_file"": ""7 Microprocessors.docx"", ""source_module"": ""M5"", ""fmt"": ""docx"", ""module"": ""M5"", ""syllabusRef"": ""M5.5.6(b)"", ""level"": null, ""difficulty"": ""MEDIUM""}"
M5,M5.5.6(b),,30. The CPU's instruction cycle includes which of the following steps?,"Calculate, Store, Fetch","Load, Execute, Transfer","Fetch, Decode, Execute",,C,MEDIUM,,,,ANSWERED,corpus page 136 (score=3),1,7 Microprocessors.docx,"{""raw"": ""30. The CPU's instruction cycle includes which of the following steps?\n     a) Calculate, Store, Fetch\n     b) Load, Execute, Transfer\n     c) Fetch, Decode, Execute"", ""question"": ""30. The CPU's instruction cycle includes which of the following steps?"", ""options"": [""Calculate, Store, Fetch"", ""Load, Execute, Transfer"", ""Fetch, Decode, Execute""], ""correct"": null, ""answer_text"": null, ""category"": null, ""source_file"": ""7 Microprocessors.docx"", ""source_module"": ""M5"", ""fmt"": ""docx"", ""module"": ""M5"", ""syllabusRef"": ""M5.5.6(b)"", ""level"": null, ""difficulty"": ""MEDIUM""}"
M5,M5.5.8,2,1. What is the primary material used to manufacture Integrated Circuits (ICs)?,Silicon,Gallium arsenide,Germanium,,B,MEDIUM,,,,ANSWERED,Verified correction (score=0.67),1,8 Integrated Circuits.docx,"{""raw"": ""1. What is the primary material used to manufacture Integrated Circuits (ICs)?\n    a) Silicon\n    b) Gallium arsenide\n    c) Germanium"", ""question"": ""1. What is the primary material used to manufacture Integrated Circuits (ICs)?"", ""options"": [""Silicon"", ""Gallium arsenide"", ""Germanium""], ""correct"": null, ""answer_text"": null, ""category"": null, ""source_file"": ""8 Integrated Circuits.docx"", ""source_module"": ""M5"", ""fmt"": ""docx"", ""module"": ""M5"", ""syllabusRef"": ""M5.5.8"", ""level"": 2, ""difficulty"": ""MEDIUM""}"
M5,M5.5.8,2,2. What is a DualInLine Package (DIP) commonly used for?,Housing multiple ICs,Packaging individual integrated circuits,Connecting ICs to each other,,B,MEDIUM,,,,ANSWERED,corpus page 153 (score=3),1,8 Integrated Circuits.docx,"{""raw"": ""2. What is a DualInLine Package (DIP) commonly used for?\n    a) Housing multiple ICs\n    b) Packaging individual integrated circuits\n    c) Connecting ICs to each other"", ""question"": ""2. What is a DualInLine Package (DIP) commonly used for?"", ""options"": [""Housing multiple ICs"", ""Packaging individual integrated circuits"", ""Connecting ICs to each other""], ""correct"": null, ""answer_text"": null, ""category"": null, ""source_file"": ""8 Integrated Circuits.docx"", ""source_module"": ""M5"", ""fmt"": ""docx"", ""module"": ""M5"", ""syllabusRef"": ""M5.5.8"", ""level"": 2, ""difficulty"": ""MEDIUM""}"
M5,M5.5.8,2,3. What does TTL stand for in integrated circuits?,TransistorTechnologyLogic,TransistorTransistorLogic,ThinTransistorLogic,,B,MEDIUM,,,,ANSWERED,Verified correction (score=0.67),1,8 Integrated Circuits.docx,"{""raw"": ""3. What does TTL stand for in integrated circuits?\n    a) TransistorTechnologyLogic\n    b) TransistorTransistorLogic\n    c) ThinTransistorLogic"", ""question"": ""3. What does TTL stand for in integrated circuits?"", ""options"": [""TransistorTechnologyLogic"", ""TransistorTransistorLogic"", ""ThinTransistorLogic""], ""correct"": null, ""answer_text"": null, ""category"": null, ""source_file"": ""8 Integrated Circuits.docx"", ""source_module"": ""M5"", ""fmt"": ""docx"", ""module"": ""M5"", ""syllabusRef"": ""M5.5.8"", ""level"": 2, ""difficulty"": ""MEDIUM""}"
M5,M5.5.5,2,4. What type of logic family uses resistors for inputs and transistors for outputs?,TTL,DTL,RTL,,C,MEDIUM,,,,ANSWERED,Domain-knowledge answer (score=1.00),1,8 Integrated Circuits.docx,"{""raw"": ""4. What type of logic family uses resistors for inputs and transistors for outputs?\n    a) TTL\n    b) DTL\n    c) RTL"", ""question"": ""4. What type of logic family uses resistors for inputs and transistors for outputs?"", ""options"": [""TTL"", ""DTL"", ""RTL""], ""correct"": null, ""answer_text"": null, ""category"": null, ""source_file"": ""8 Integrated Circuits.docx"", ""source_module"": ""M5"", ""fmt"": ""docx"", ""module"": ""M5"", ""syllabusRef"": ""M5.5.5"", ""level"": 2, ""difficulty"": ""MEDIUM""}"
M5,M5.5.5,2,5. Which logic family is known for using diodes for input and transistors for output?,DTL,TTL,CMOS,,A,MEDIUM,,,,ANSWERED,Domain-knowledge answer (score=0.86),1,8 Integrated Circuits.docx,"{""raw"": ""5. Which logic family is known for using diodes for input and transistors for output?\n    a) DTL\n    b) TTL\n    c) CMOS"", ""question"": ""5. Which logic family is known for using diodes for input and transistors for output?"", ""options"": [""DTL"", ""TTL"", ""CMOS""], ""correct"": null, ""answer_text"": null, ""category"": null, ""source_file"": ""8 Integrated Circuits.docx"", ""source_module"": ""M5"", ""fmt"": ""docx"", ""module"": ""M5"", ""syllabusRef"": ""M5.5.5"", ""level"": 2, ""difficulty"": ""MEDIUM""}"
M5,,,6. What does CMOS stand for?,ComplementaryMetalOxideSemiconductors,ComplementaryMetalOxideSilicon,ComplementaryMetalOxideSystems,,B,EASY,,,,ANSWERED,Verified correction (score=0.67),1,8 Integrated Circuits.docx,"{""raw"": ""6. What does CMOS stand for?\n    a) ComplementaryMetalOxideSemiconductors\n    b) ComplementaryMetalOxideSilicon\n    c) ComplementaryMetalOxideSystems"", ""question"": ""6. What does CMOS stand for?"", ""options"": [""ComplementaryMetalOxideSemiconductors"", ""ComplementaryMetalOxideSilicon"", ""ComplementaryMetalOxideSystems""], ""correct"": null, ""answer_text"": null, ""category"": null, ""source_file"": ""8 Integrated Circuits.docx"", ""source_module"": ""M5"", ""fmt"": ""docx"", ""module"": ""M5"", ""difficulty"": ""EASY""}"
M5,M5.5.8,2,7. Which component is NOT typically found in an integrated circuit?,Resistors,Transistors,Transformers,,C,MEDIUM,,,,ANSWERED,Domain-knowledge answer (score=0.33),1,8 Integrated Circuits.docx,"{""raw"": ""7. Which component is NOT typically found in an integrated circuit?\n    a) Resistors\n    b) Transistors\n    c) Transformers"", ""question"": ""7. Which component is NOT typically found in an integrated circuit?"", ""options"": [""Resistors"", ""Transistors"", ""Transformers""], ""correct"": null, ""answer_text"": null, ""category"": null, ""source_file"": ""8 Integrated Circuits.docx"", ""source_module"": ""M5"", ""fmt"": ""docx"", ""module"": ""M5"", ""syllabusRef"": ""M5.5.8"", ""level"": 2, ""difficulty"": ""MEDIUM""}"
M5,M5.5.6(b),,"8. In a full adder circuit, what is produced besides the sum?",Product,Carry,Difference,,B,MEDIUM,,,,ANSWERED,Domain-knowledge answer (score=0.80),1,8 Integrated Circuits.docx,"{""raw"": ""8. In a full adder circuit, what is produced besides the sum?\n    a) Product\n    b) Carry\n    c) Difference"", ""question"": ""8. In a full adder circuit, what is produced besides the sum?"", ""options"": [""Product"", ""Carry"", ""Difference""], ""correct"": null, ""answer_text"": null, ""category"": null, ""source_file"": ""8 Integrated Circuits.docx"", ""source_module"": ""M5"", ""fmt"": ""docx"", ""module"": ""M5"", ""syllabusRef"": ""M5.5.6(b)"", ""level"": null, ""difficulty"": ""MEDIUM""}"
M5,,,9. What type of adder can add two binary digits but will not produce a carry?,Half Adder,Quarter Adder,Full Adder,,A,MEDIUM,,,,ANSWERED,Domain-knowledge answer (score=1.00),1,8 Integrated Circuits.docx,"{""raw"": ""9. What type of adder can add two binary digits but will not produce a carry?\n    a) Half Adder\n    b) Quarter Adder\n    c) Full Adder"", ""question"": ""9. What type of adder can add two binary digits but will not produce a carry?"", ""options"": [""Half Adder"", ""Quarter Adder"", ""Full Adder""], ""correct"": null, ""answer_text"": null, ""category"": null, ""source_file"": ""8 Integrated Circuits.docx"", ""source_module"": ""M5"", ""fmt"": ""docx"", ""module"": ""M5"", ""difficulty"": ""MEDIUM""}"
M5,M5.05.04,,11. What is the main function of a register in digital electronics?,Performing arithmetic operations,Generating clock pulses,Storing data temporarily,,B,MEDIUM,,,,ANSWERED,Verified correction (score=0.67),1,8 Integrated Circuits.docx,"{""raw"": ""11. What is the main function of a register in digital electronics?\n     a) Performing arithmetic operations\n     b) Generating clock pulses\n     c) Storing data temporarily"", ""question"": ""11. What is the main function of a register in digital electronics?"", ""options"": [""Performing arithmetic operations"", ""Generating clock pulses"", ""Storing data temporarily""], ""correct"": null, ""answer_text"": null, ""category"": null, ""source_file"": ""8 Integrated Circuits.docx"", ""source_module"": ""M5"", ""fmt"": ""docx"", ""module"": ""M5"", ""syllabusRef"": ""M5.05.04"", ""level"": null, ""difficulty"": ""MEDIUM""}"
M5,M5.5.5,2,12. Which logic family is typically found in military equipment due to its robustness?,TTL,RTL,CMOS,,B,MEDIUM,,,,ANSWERED,Domain-knowledge answer (score=1.00),1,8 Integrated Circuits.docx,"{""raw"": ""12. Which logic family is typically found in military equipment due to its robustness?\n     a) TTL\n     b) RTL\n     c) CMOS"", ""question"": ""12. Which logic family is typically found in military equipment due to its robustness?"", ""options"": [""TTL"", ""RTL"", ""CMOS""], ""correct"": null, ""answer_text"": null, ""category"": null, ""source_file"": ""8 Integrated Circuits.docx"", ""source_module"": ""M5"", ""fmt"": ""docx"", ""module"": ""M5"", ""syllabusRef"": ""M5.5.5"", ""level"": 2, ""difficulty"": ""MEDIUM""}"
M5,M5.5.8,2,13. What type of integrated circuit is characterized by its low power consumption and high noise immunity?,TTL,RTL,CMOS,,C,MEDIUM,,,,ANSWERED,Domain-knowledge answer (score=0.71),1,8 Integrated Circuits.docx,"{""raw"": ""13. What type of integrated circuit is characterized by its low power consumption and high noise immunity?\n     a) TTL\n     b) RTL\n     c) CMOS"", ""question"": ""13. What type of integrated circuit is characterized by its low power consumption and high noise immunity?"", ""options"": [""TTL"", ""RTL"", ""CMOS""], ""correct"": null, ""answer_text"": null, ""category"": null, ""source_file"": ""8 Integrated Circuits.docx"", ""source_module"": ""M5"", ""fmt"": ""docx"", ""module"": ""M5"", ""syllabusRef"": ""M5.5.8"", ""level"": 2, ""difficulty"": ""MEDIUM""}"
M5,M5.5.8,2,"14. What does the term ""fanout"" refer to in integrated circuits?",The number of inputs a gate can handle,The number of standard loads driven by an output,The speed of signal propagation,,B,MEDIUM,,,,ANSWERED,Verified correction (score=0.67),1,8 Integrated Circuits.docx,"{""raw"": ""14. What does the term \""fanout\"" refer to in integrated circuits?\n     a) The number of inputs a gate can handle\n     b) The number of standard loads driven by an output\n     c) The speed of signal propagation"", ""question"": ""14. What does the term \""fanout\"" refer to in integrated circuits?"", ""options"": [""The number of inputs a gate can handle"", ""The number of standard loads driven by an output"", ""The speed of signal propagation""], ""correct"": null, ""answer_text"": null, ""category"": null, ""source_file"": ""8 Integrated Circuits.docx"", ""source_module"": ""M5"", ""fmt"": ""docx"", ""module"": ""M5"", ""syllabusRef"": ""M5.5.8"", ""level"": 2, ""difficulty"": ""MEDIUM""}"
M5,M5.5.8,2,15. Which packaging type is commonly used for integrated circuits and measures about 0.75 inch long and 0.25 inch wide?,TO,Flat Pack,DIP,,B,MEDIUM,,,,ANSWERED,Verified correction (score=0.67),1,8 Integrated Circuits.docx,"{""raw"": ""15. Which packaging type is commonly used for integrated circuits and measures about 0.75 inch long and 0.25 inch wide?\n     a) TO\n     b) Flat Pack\n     c) DIP"", ""question"": ""15. Which packaging type is commonly used for integrated circuits and measures about 0.75 inch long and 0.25 inch wide?"", ""options"": [""TO"", ""Flat Pack"", ""DIP""], ""correct"": null, ""answer_text"": null, ""category"": null, ""source_file"": ""8 Integrated Circuits.docx"", ""source_module"": ""M5"", ""fmt"": ""docx"", ""module"": ""M5"", ""syllabusRef"": ""M5.5.8"", ""level"": 2, ""difficulty"": ""MEDIUM""}"
M5,M5.05.04,,16. What does the clock in a CPU regulate?,Power consumption,Data storage,Instruction execution rate,,C,EASY,,,,ANSWERED,Domain-knowledge answer (score=1.00),1,8 Integrated Circuits.docx,"{""raw"": ""16. What does the clock in a CPU regulate?\n     a) Power consumption\n     b) Data storage\n     c) Instruction execution rate"", ""question"": ""16. What does the clock in a CPU regulate?"", ""options"": [""Power consumption"", ""Data storage"", ""Instruction execution rate""], ""correct"": null, ""answer_text"": null, ""category"": null, ""source_file"": ""8 Integrated Circuits.docx"", ""source_module"": ""M5"", ""fmt"": ""docx"", ""module"": ""M5"", ""syllabusRef"": ""M5.05.04"", ""level"": null, ""difficulty"": ""EASY""}"
M5,M5.05.04,,17. Which integrated circuit component is used to perform logic operations and store data?,Crystal Oscillator,FlipFlop,Transformer,,B,MEDIUM,,,,ANSWERED,Domain-knowledge answer (score=1.00),1,8 Integrated Circuits.docx,"{""raw"": ""17. Which integrated circuit component is used to perform logic operations and store data?\n     a) Crystal Oscillator\n     b) FlipFlop\n     c) Transformer"", ""question"": ""17. Which integrated circuit component is used to perform logic operations and store data?"", ""options"": [""Crystal Oscillator"", ""FlipFlop"", ""Transformer""], ""correct"": null, ""answer_text"": null, ""category"": null, ""source_file"": ""8 Integrated Circuits.docx"", ""source_module"": ""M5"", ""fmt"": ""docx"", ""module"": ""M5"", ""syllabusRef"": ""M5.05.04"", ""level"": null, ""difficulty"": ""MEDIUM""}"
M5,M5.5.8,2,20. What is a primary advantage of using integrated circuits over discrete components?,Easier to repair,Smaller and more efficient,Higher power consumption,,B,MEDIUM,,,,ANSWERED,Verified correction (score=1.00),1,8 Integrated Circuits.docx,"{""raw"": ""20. What is a primary advantage of using integrated circuits over discrete components?\n     a) Easier to repair\n     b) Smaller and more efficient\n     c) Higher power consumption"", ""question"": ""20. What is a primary advantage of using integrated circuits over discrete components?"", ""options"": [""Easier to repair"", ""Smaller and more efficient"", ""Higher power consumption""], ""correct"": null, ""answer_text"": null, ""category"": null, ""source_file"": ""8 Integrated Circuits.docx"", ""source_module"": ""M5"", ""fmt"": ""docx"", ""module"": ""M5"", ""syllabusRef"": ""M5.5.8"", ""level"": 2, ""difficulty"": ""MEDIUM""}"
M5,M5.05.06,,21. What type of logic circuit can be used as a basic binary counter?,FlipFlops,Multiplexers,Decoders,,A,MEDIUM,,,,ANSWERED,Domain-knowledge answer (score=1.00),1,8 Integrated Circuits.docx,"{""raw"": ""21. What type of logic circuit can be used as a basic binary counter?\n     a) FlipFlops\n     b) Multiplexers\n     c) Decoders"", ""question"": ""21. What type of logic circuit can be used as a basic binary counter?"", ""options"": [""FlipFlops"", ""Multiplexers"", ""Decoders""], ""correct"": null, ""answer_text"": null, ""category"": null, ""source_file"": ""8 Integrated Circuits.docx"", ""source_module"": ""M5"", ""fmt"": ""docx"", ""module"": ""M5"", ""syllabusRef"": ""M5.05.06"", ""level"": null, ""difficulty"": ""MEDIUM""}"
M5,M5.5.5,2,"22. What does the term ""compatibility"" refer to in logic families?",The ability to mix different types of logic families in a circuit,The ability to interconnect circuits within the same logic family,The ability to operate at different voltage levels,,A,MEDIUM,,,,ANSWERED,corpus page 149 (score=3),1,8 Integrated Circuits.docx,"{""raw"": ""22. What does the term \""compatibility\"" refer to in logic families?\n     a) The ability to mix different types of logic families in a circuit\n     b) The ability to interconnect circuits within the same logic family\n     c) The ability to operate at different voltage levels"", ""question"": ""22. What does the term \""compatibility\"" refer to in logic families?"", ""options"": [""The ability to mix different types of logic families in a circuit"", ""The ability to interconnect circuits within the same logic family"", ""The ability to operate at different voltage levels""], ""correct"": null, ""answer_text"": null, ""category"": null, ""source_file"": ""8 Integrated Circuits.docx"", ""source_module"": ""M5"", ""fmt"": ""docx"", ""module"": ""M5"", ""syllabusRef"": ""M5.5.5"", ""level"": 2, ""difficulty"": ""MEDIUM""}"
M5,M5.5.5,2,23. What logic family is typically used for very highspeed operations and is known for its speed?,TTL,ECL (EmitterCoupled Logic),DTL,,A,MEDIUM,,,,ANSWERED,Domain-knowledge answer (score=0.83),1,8 Integrated Circuits.docx,"{""raw"": ""23. What logic family is typically used for very highspeed operations and is known for its speed?\n     a) TTL\n     b) ECL (EmitterCoupled Logic)\n     c) DTL"", ""question"": ""23. What logic family is typically used for very highspeed operations and is known for its speed?"", ""options"": [""TTL"", ""ECL (EmitterCoupled Logic)"", ""DTL""], ""correct"": null, ""answer_text"": null, ""category"": null, ""source_file"": ""8 Integrated Circuits.docx"", ""source_module"": ""M5"", ""fmt"": ""docx"", ""module"": ""M5"", ""syllabusRef"": ""M5.5.5"", ""level"": 2, ""difficulty"": ""MEDIUM""}"
M5,M5.5.8,2,"24. In integrated circuit manufacturing, what process is used to form the electronic circuits on wafers?",Soldering,Photolithographic and chemical processing,Wire bonding,,B,MEDIUM,,,,ANSWERED,Domain-verified (score=0.67),1,8 Integrated Circuits.docx,"{""raw"": ""24. In integrated circuit manufacturing, what process is used to form the electronic circuits on wafers?\n     a) Soldering\n     b) Photolithographic and chemical processing\n     c) Wire bonding"", ""question"": ""24. In integrated circuit manufacturing, what process is used to form the electronic circuits on wafers?"", ""options"": [""Soldering"", ""Photolithographic and chemical processing"", ""Wire bonding""], ""correct"": null, ""answer_text"": null, ""category"": null, ""source_file"": ""8 Integrated Circuits.docx"", ""source_module"": ""M5"", ""fmt"": ""docx"", ""module"": ""M5"", ""syllabusRef"": ""M5.5.8"", ""level"": 2, ""difficulty"": ""MEDIUM""}"
M5,M5.5.6(b),,25. What is the main purpose of an adder circuit in digital electronics?,Multiplying binary numbers,Combining binary values to obtain a sum,Generating clock signals,,B,MEDIUM,,,,ANSWERED,Verified correction (score=0.67),1,8 Integrated Circuits.docx,"{""raw"": ""25. What is the main purpose of an adder circuit in digital electronics?\n     a) Multiplying binary numbers\n     b) Combining binary values to obtain a sum\n     c) Generating clock signals"", ""question"": ""25. What is the main purpose of an adder circuit in digital electronics?"", ""options"": [""Multiplying binary numbers"", ""Combining binary values to obtain a sum"", ""Generating clock signals""], ""correct"": null, ""answer_text"": null, ""category"": null, ""source_file"": ""8 Integrated Circuits.docx"", ""source_module"": ""M5"", ""fmt"": ""docx"", ""module"": ""M5"", ""syllabusRef"": ""M5.5.6(b)"", ""level"": null, ""difficulty"": ""MEDIUM""}"
M5,,,26. Which type of flipflop is commonly used for dividing frequencies and counting operations?,D FlipFlop,JK FlipFlop,T FlipFlop,,B,MEDIUM,,,,ANSWERED,Domain-knowledge answer (score=1.00),1,8 Integrated Circuits.docx,"{""raw"": ""26. Which type of flipflop is commonly used for dividing frequencies and counting operations?\n     a) D FlipFlop\n     b) JK FlipFlop\n     c) T FlipFlop"", ""question"": ""26. Which type of flipflop is commonly used for dividing frequencies and counting operations?"", ""options"": [""D FlipFlop"", ""JK FlipFlop"", ""T FlipFlop""], ""correct"": null, ""answer_text"": null, ""category"": null, ""source_file"": ""8 Integrated Circuits.docx"", ""source_module"": ""M5"", ""fmt"": ""docx"", ""module"": ""M5"", ""difficulty"": ""MEDIUM""}"
M5,M5.5.6(b),,27. What is the key characteristic of a half adder compared to a full adder?,It produces a carry and sum,It produces a sum but not a carry,It cannot add binary numbers,,B,MEDIUM,,,,ANSWERED,Domain-knowledge answer (score=1.00),1,8 Integrated Circuits.docx,"{""raw"": ""27. What is the key characteristic of a half adder compared to a full adder?\n     a) It produces a carry and sum\n     b) It produces a sum but not a carry\n     c) It cannot add binary numbers"", ""question"": ""27. What is the key characteristic of a half adder compared to a full adder?"", ""options"": [""It produces a carry and sum"", ""It produces a sum but not a carry"", ""It cannot add binary numbers""], ""correct"": null, ""answer_text"": null, ""category"": null, ""source_file"": ""8 Integrated Circuits.docx"", ""source_module"": ""M5"", ""fmt"": ""docx"", ""module"": ""M5"", ""syllabusRef"": ""M5.5.6(b)"", ""level"": null, ""difficulty"": ""MEDIUM""}"
M5,M5.05.04,,28. What is the function of a decoder in digital circuits?,Converting coded inputs into coded outputs,Storing binary data,Generating clock signals,,B,MEDIUM,,,,ANSWERED,Verified correction (score=0.67),1,8 Integrated Circuits.docx,"{""raw"": ""28. What is the function of a decoder in digital circuits?\n     a) Converting coded inputs into coded outputs\n     b) Storing binary data\n     c) Generating clock signals"", ""question"": ""28. What is the function of a decoder in digital circuits?"", ""options"": [""Converting coded inputs into coded outputs"", ""Storing binary data"", ""Generating clock signals""], ""correct"": null, ""answer_text"": null, ""category"": null, ""source_file"": ""8 Integrated Circuits.docx"", ""source_module"": ""M5"", ""fmt"": ""docx"", ""module"": ""M5"", ""syllabusRef"": ""M5.05.04"", ""level"": null, ""difficulty"": ""MEDIUM""}"
M5,M5.5.5,2,29. What type of logic gate produces a HIGH output when any one of its inputs is HIGH?,OR Gate,AND Gate,NOR Gate,,B,MEDIUM,,,,ANSWERED,Verified correction (score=0.60),1,8 Integrated Circuits.docx,"{""raw"": ""29. What type of logic gate produces a HIGH output when any one of its inputs is HIGH?\n     a) OR Gate\n     b) AND Gate\n     c) NOR Gate"", ""question"": ""29. What type of logic gate produces a HIGH output when any one of its inputs is HIGH?"", ""options"": [""OR Gate"", ""AND Gate"", ""NOR Gate""], ""correct"": null, ""answer_text"": null, ""category"": null, ""source_file"": ""8 Integrated Circuits.docx"", ""source_module"": ""M5"", ""fmt"": ""docx"", ""module"": ""M5"", ""syllabusRef"": ""M5.5.5"", ""level"": 2, ""difficulty"": ""MEDIUM""}"
M5,M5.5.8,2,"30. In integrated circuits, what does the term ""noise immunity"" refer to?",The ability to generate highfrequency signals,The ability to operate at low power,The ability to resist interference from external signals,,B,MEDIUM,,,,ANSWERED,Domain-verified (score=0.67),1,8 Integrated Circuits.docx,"{""raw"": ""30. In integrated circuits, what does the term \""noise immunity\"" refer to?\n     a) The ability to generate highfrequency signals\n     b) The ability to operate at low power\n     c) The ability to resist interference from external signals"", ""question"": ""30. In integrated circuits, what does the term \""noise immunity\"" refer to?"", ""options"": [""The ability to generate highfrequency signals"", ""The ability to operate at low power"", ""The ability to resist interference from external signals""], ""correct"": null, ""answer_text"": null, ""category"": null, ""source_file"": ""8 Integrated Circuits.docx"", ""source_module"": ""M5"", ""fmt"": ""docx"", ""module"": ""M5"", ""syllabusRef"": ""M5.5.8"", ""level"": 2, ""difficulty"": ""MEDIUM""}"
M5,M5.05.09,,1. What does multiplexing allow in data communication?,Sending multiple signals on multiple channels,Sending multiple signals on a single channel,Sending a single signal on a single channel,,A,MEDIUM,,,,ANSWERED,Verified correction (score=0.50),1,9 Multiplexing.docx,"{""raw"": ""1. What does multiplexing allow in data communication?\n     a) Sending multiple signals on multiple channels\n     b) Sending multiple signals on a single channel\n     c) Sending a single signal on a single channel"", ""question"": ""1. What does multiplexing allow in data communication?"", ""options"": [""Sending multiple signals on multiple channels"", ""Sending multiple signals on a single channel"", ""Sending a single signal on a single channel""], ""correct"": null, ""answer_text"": null, ""category"": null, ""source_file"": ""9 Multiplexing.docx"", ""source_module"": ""M5"", ""fmt"": ""docx"", ""module"": ""M5"", ""syllabusRef"": ""M5.05.09"", ""level"": null, ""difficulty"": ""MEDIUM""}"
M5,M5.05.09,,2. What is Frequency Division Multiplexing (FDM)?,Using different frequencies to transmit multiple signals simultaneously,Using time slots to transmit multiple signals,Using a single frequency for all signals,,A,EASY,,,,ANSWERED,corpus page 162 (score=3),1,9 Multiplexing.docx,"{""raw"": ""2. What is Frequency Division Multiplexing (FDM)?\n     a) Using different frequencies to transmit multiple signals simultaneously\n     b) Using time slots to transmit multiple signals\n     c) Using a single frequency for all signals"", ""question"": ""2. What is Frequency Division Multiplexing (FDM)?"", ""options"": [""Using different frequencies to transmit multiple signals simultaneously"", ""Using time slots to transmit multiple signals"", ""Using a single frequency for all signals""], ""correct"": null, ""answer_text"": null, ""category"": null, ""source_file"": ""9 Multiplexing.docx"", ""source_module"": ""M5"", ""fmt"": ""docx"", ""module"": ""M5"", ""syllabusRef"": ""M5.05.09"", ""level"": null, ""difficulty"": ""EASY""}"
M5,M5.05.09,,3. What device is used to combine multiple signals into one signal in multiplexing?,Demultiplexer,Multiplexer,Transceiver,,B,MEDIUM,,,,ANSWERED,Domain-verified (score=1.00),1,9 Multiplexing.docx,"{""raw"": ""3. What device is used to combine multiple signals into one signal in multiplexing?\n     a) Demultiplexer\n     b) Multiplexer\n     c) Transceiver"", ""question"": ""3. What device is used to combine multiple signals into one signal in multiplexing?"", ""options"": [""Demultiplexer"", ""Multiplexer"", ""Transceiver""], ""correct"": null, ""answer_text"": null, ""category"": null, ""source_file"": ""9 Multiplexing.docx"", ""source_module"": ""M5"", ""fmt"": ""docx"", ""module"": ""M5"", ""syllabusRef"": ""M5.05.09"", ""level"": null, ""difficulty"": ""MEDIUM""}"
M5,M5.05.09,,"5. In Time Division Multiplexing (TDM), how are multiple signals transmitted?",Using different frequencies,Using time slots,Using different phases,,B,MEDIUM,,,,ANSWERED,Verified correction (score=0.67),1,9 Multiplexing.docx,"{""raw"": ""5. In Time Division Multiplexing (TDM), how are multiple signals transmitted?\n     a) Using different frequencies\n     b) Using time slots\n     c) Using different phases"", ""question"": ""5. In Time Division Multiplexing (TDM), how are multiple signals transmitted?"", ""options"": [""Using different frequencies"", ""Using time slots"", ""Using different phases""], ""correct"": null, ""answer_text"": null, ""category"": null, ""source_file"": ""9 Multiplexing.docx"", ""source_module"": ""M5"", ""fmt"": ""docx"", ""module"": ""M5"", ""syllabusRef"": ""M5.05.09"", ""level"": null, ""difficulty"": ""MEDIUM""}"
M5,M5.05.09,,6. What does TDM stand for?,Transmission Data Multiplexing,Time Division Multiplexing,Temporal Data Management,,B,EASY,,,,ANSWERED,Verified correction (score=0.67),1,9 Multiplexing.docx,"{""raw"": ""6. What does TDM stand for?\n     a) Transmission Data Multiplexing\n     b) Time Division Multiplexing\n     c) Temporal Data Management"", ""question"": ""6. What does TDM stand for?"", ""options"": [""Transmission Data Multiplexing"", ""Time Division Multiplexing"", ""Temporal Data Management""], ""correct"": null, ""answer_text"": null, ""category"": null, ""source_file"": ""9 Multiplexing.docx"", ""source_module"": ""M5"", ""fmt"": ""docx"", ""module"": ""M5"", ""syllabusRef"": ""M5.05.09"", ""level"": null, ""difficulty"": ""EASY""}"
M5,M5.05.09,,7. Which of the following is a common application of multiplexing in aviation?,Engine control systems,Flight data recording,Hydraulic systems,,B,MEDIUM,,,,ANSWERED,corpus page 164 (score=3),1,9 Multiplexing.docx,"{""raw"": ""7. Which of the following is a common application of multiplexing in aviation?\n     a) Engine control systems\n     b) Flight data recording\n     c) Hydraulic systems"", ""question"": ""7. Which of the following is a common application of multiplexing in aviation?"", ""options"": [""Engine control systems"", ""Flight data recording"", ""Hydraulic systems""], ""correct"": null, ""answer_text"": null, ""category"": null, ""source_file"": ""9 Multiplexing.docx"", ""source_module"": ""M5"", ""fmt"": ""docx"", ""module"": ""M5"", ""syllabusRef"": ""M5.05.09"", ""level"": null, ""difficulty"": ""MEDIUM""}"
M5,,,8. How does FDM differentiate between multiple signals?,By using different frequencies for each signal,By using different time slots for each signal,By using different codes for each signal,,B,MEDIUM,,,,ANSWERED,Verified correction (score=0.67),1,9 Multiplexing.docx,"{""raw"": ""8. How does FDM differentiate between multiple signals?\n     a) By using different frequencies for each signal\n     b) By using different time slots for each signal\n     c) By using different codes for each signal"", ""question"": ""8. How does FDM differentiate between multiple signals?"", ""options"": [""By using different frequencies for each signal"", ""By using different time slots for each signal"", ""By using different codes for each signal""], ""correct"": null, ""answer_text"": null, ""category"": null, ""source_file"": ""9 Multiplexing.docx"", ""source_module"": ""M5"", ""fmt"": ""docx"", ""module"": ""M5"", ""difficulty"": ""MEDIUM""}"
M5,M5.05.09,,"9. In multiplexing, what does the term ""channel"" refer to?",A physical wire,A specific path or frequency for data transmission,A device used for signal amplification,,B,MEDIUM,,,,ANSWERED,corpus page 162 (score=4),1,9 Multiplexing.docx,"{""raw"": ""9. In multiplexing, what does the term \""channel\"" refer to?\n     a) A physical wire\n     b) A specific path or frequency for data transmission\n     c) A device used for signal amplification"", ""question"": ""9. In multiplexing, what does the term \""channel\"" refer to?"", ""options"": [""A physical wire"", ""A specific path or frequency for data transmission"", ""A device used for signal amplification""], ""correct"": null, ""answer_text"": null, ""category"": null, ""source_file"": ""9 Multiplexing.docx"", ""source_module"": ""M5"", ""fmt"": ""docx"", ""module"": ""M5"", ""syllabusRef"": ""M5.05.09"", ""level"": null, ""difficulty"": ""MEDIUM""}"
M5,M5.05.09,,10. What is a key benefit of using multiplexing in communication systems?,Reduced power consumption,Efficient use of bandwidth,Increased signal strength,,A,MEDIUM,,,,ANSWERED,Verified correction (score=0.67),1,9 Multiplexing.docx,"{""raw"": ""10. What is a key benefit of using multiplexing in communication systems?\n     a) Reduced power consumption\n     b) Efficient use of bandwidth\n     c) Increased signal strength"", ""question"": ""10. What is a key benefit of using multiplexing in communication systems?"", ""options"": [""Reduced power consumption"", ""Efficient use of bandwidth"", ""Increased signal strength""], ""correct"": null, ""answer_text"": null, ""category"": null, ""source_file"": ""9 Multiplexing.docx"", ""source_module"": ""M5"", ""fmt"": ""docx"", ""module"": ""M5"", ""syllabusRef"": ""M5.05.09"", ""level"": null, ""difficulty"": ""MEDIUM""}"
M5,M5.5.6(b),,11. What is the function of a multiplexer in TDM?,To increase signal strength,To combine multiple signals into a single signal,To modulate signals,,B,EASY,,,,ANSWERED,Verified correction (score=1.00),1,9 Multiplexing.docx,"{""raw"": ""11. What is the function of a multiplexer in TDM?\n     a) To increase signal strength\n     b) To combine multiple signals into a single signal\n     c) To modulate signals"", ""question"": ""11. What is the function of a multiplexer in TDM?"", ""options"": [""To increase signal strength"", ""To combine multiple signals into a single signal"", ""To modulate signals""], ""correct"": null, ""answer_text"": null, ""category"": null, ""source_file"": ""9 Multiplexing.docx"", ""source_module"": ""M5"", ""fmt"": ""docx"", ""module"": ""M5"", ""syllabusRef"": ""M5.5.6(b)"", ""level"": null, ""difficulty"": ""EASY""}"
M5,M5.05.09,,12. Which multiplexing method is most suitable for real-time data transmission?,FDM,TDM,CDM,,A,MEDIUM,,,,ANSWERED,Domain-knowledge answer (score=0.50),1,9 Multiplexing.docx,"{""raw"": ""12. Which multiplexing method is most suitable for real-time data transmission?\n     a) FDM\n     b) TDM\n     c) CDM"", ""question"": ""12. Which multiplexing method is most suitable for real-time data transmission?"", ""options"": [""FDM"", ""TDM"", ""CDM""], ""correct"": null, ""answer_text"": null, ""category"": null, ""source_file"": ""9 Multiplexing.docx"", ""source_module"": ""M5"", ""fmt"": ""docx"", ""module"": ""M5"", ""syllabusRef"": ""M5.05.09"", ""level"": null, ""difficulty"": ""MEDIUM""}"
M5,M5.5.6(b),,13. What does a demultiplexer do in a TDM system?,Combines signals into one,Separates the combined signal into individual signals,Amplifies the signals,,B,EASY,,,,ANSWERED,Domain-knowledge answer (score=1.00),1,9 Multiplexing.docx,"{""raw"": ""13. What does a demultiplexer do in a TDM system?\n     a) Combines signals into one\n     b) Separates the combined signal into individual signals\n     c) Amplifies the signals"", ""question"": ""13. What does a demultiplexer do in a TDM system?"", ""options"": [""Combines signals into one"", ""Separates the combined signal into individual signals"", ""Amplifies the signals""], ""correct"": null, ""answer_text"": null, ""category"": null, ""source_file"": ""9 Multiplexing.docx"", ""source_module"": ""M5"", ""fmt"": ""docx"", ""module"": ""M5"", ""syllabusRef"": ""M5.5.6(b)"", ""level"": null, ""difficulty"": ""EASY""}"
M5,M5.5.6(b),,"14. In FDM, what happens if two signals use the same frequency?",The signals are combined,The signals interfere with each other,The signals are amplified,,B,MEDIUM,,,,ANSWERED,corpus page 261 (score=3),1,9 Multiplexing.docx,"{""raw"": ""14. In FDM, what happens if two signals use the same frequency?\n     a) The signals are combined\n     b) The signals interfere with each other\n     c) The signals are amplified"", ""question"": ""14. In FDM, what happens if two signals use the same frequency?"", ""options"": [""The signals are combined"", ""The signals interfere with each other"", ""The signals are amplified""], ""correct"": null, ""answer_text"": null, ""category"": null, ""source_file"": ""9 Multiplexing.docx"", ""source_module"": ""M5"", ""fmt"": ""docx"", ""module"": ""M5"", ""syllabusRef"": ""M5.5.6(b)"", ""level"": null, ""difficulty"": ""MEDIUM""}"
M5,,,15. What is one major disadvantage of TDM?,High cost,Timing synchronization issues,Low bandwidth utilization,,B,EASY,,,,ANSWERED,Domain-knowledge answer (score=1.00),1,9 Multiplexing.docx,"{""raw"": ""15. What is one major disadvantage of TDM?\n     a) High cost\n     b) Timing synchronization issues\n     c) Low bandwidth utilization"", ""question"": ""15. What is one major disadvantage of TDM?"", ""options"": [""High cost"", ""Timing synchronization issues"", ""Low bandwidth utilization""], ""correct"": null, ""answer_text"": null, ""category"": null, ""source_file"": ""9 Multiplexing.docx"", ""source_module"": ""M5"", ""fmt"": ""docx"", ""module"": ""M5"", ""difficulty"": ""EASY""}"
M5,M5.05.04,,16. How is data integrity maintained in TDM?,By using different frequencies,By precise timing control,By signal amplification,,B,EASY,,,,ANSWERED,Domain-knowledge answer (score=1.00),1,9 Multiplexing.docx,"{""raw"": ""16. How is data integrity maintained in TDM?\n     a) By using different frequencies\n     b) By precise timing control\n     c) By signal amplification"", ""question"": ""16. How is data integrity maintained in TDM?"", ""options"": [""By using different frequencies"", ""By precise timing control"", ""By signal amplification""], ""correct"": null, ""answer_text"": null, ""category"": null, ""source_file"": ""9 Multiplexing.docx"", ""source_module"": ""M5"", ""fmt"": ""docx"", ""module"": ""M5"", ""syllabusRef"": ""M5.05.04"", ""level"": null, ""difficulty"": ""EASY""}"
M5,,,17. Which component is essential for synchronizing signals in TDM?,Amplifier,Clock,Antenna,,B,MEDIUM,,,,ANSWERED,Domain-knowledge answer (score=1.00),1,9 Multiplexing.docx,"{""raw"": ""17. Which component is essential for synchronizing signals in TDM?\n     a) Amplifier\n     b) Clock\n     c) Antenna"", ""question"": ""17. Which component is essential for synchronizing signals in TDM?"", ""options"": [""Amplifier"", ""Clock"", ""Antenna""], ""correct"": null, ""answer_text"": null, ""category"": null, ""source_file"": ""9 Multiplexing.docx"", ""source_module"": ""M5"", ""fmt"": ""docx"", ""module"": ""M5"", ""difficulty"": ""MEDIUM""}"
M5,,,18. What is a practical example of FDM in everyday life?,Digital clocks,Radio broadcasting,Television remote controls,,B,MEDIUM,,,,ANSWERED,Domain-knowledge answer (score=1.00),1,9 Multiplexing.docx,"{""raw"": ""18. What is a practical example of FDM in everyday life?\n     a) Digital clocks\n     b) Radio broadcasting\n     c) Television remote controls"", ""question"": ""18. What is a practical example of FDM in everyday life?"", ""options"": [""Digital clocks"", ""Radio broadcasting"", ""Television remote controls""], ""correct"": null, ""answer_text"": null, ""category"": null, ""source_file"": ""9 Multiplexing.docx"", ""source_module"": ""M5"", ""fmt"": ""docx"", ""module"": ""M5"", ""difficulty"": ""MEDIUM""}"
M5,,,"19. In a TDM system, what ensures that signals do not overlap?",Precise timing allocation,Different frequencies,Signal amplification,,B,MEDIUM,,,,ANSWERED,corpus page 188 (score=3),1,9 Multiplexing.docx,"{""raw"": ""19. In a TDM system, what ensures that signals do not overlap?\n     a) Precise timing allocation\n     b) Different frequencies\n     c) Signal amplification"", ""question"": ""19. In a TDM system, what ensures that signals do not overlap?"", ""options"": [""Precise timing allocation"", ""Different frequencies"", ""Signal amplification""], ""correct"": null, ""answer_text"": null, ""category"": null, ""source_file"": ""9 Multiplexing.docx"", ""source_module"": ""M5"", ""fmt"": ""docx"", ""module"": ""M5"", ""difficulty"": ""MEDIUM""}"
M5,M5.5.6(b),,20. What is the key characteristic of a digital signal in TDM?,Variable amplitude,Distinct on and off states,Continuous wave,,A,MEDIUM,,,,ANSWERED,Domain-verified (score=0.40),1,9 Multiplexing.docx,"{""raw"": ""20. What is the key characteristic of a digital signal in TDM?\n     a) Variable amplitude\n     b) Distinct on and off states\n     c) Continuous wave"", ""question"": ""20. What is the key characteristic of a digital signal in TDM?"", ""options"": [""Variable amplitude"", ""Distinct on and off states"", ""Continuous wave""], ""correct"": null, ""answer_text"": null, ""category"": null, ""source_file"": ""9 Multiplexing.docx"", ""source_module"": ""M5"", ""fmt"": ""docx"", ""module"": ""M5"", ""syllabusRef"": ""M5.5.6(b)"", ""level"": null, ""difficulty"": ""MEDIUM""}"
M5,,,21. What type of signals can be multiplexed using FDM?,Only digital signals,Only analog signals,Both analog and digital signals,,A,MEDIUM,,,,ANSWERED,corpus page 262 (score=3),1,9 Multiplexing.docx,"{""raw"": ""21. What type of signals can be multiplexed using FDM?\n     a) Only digital signals\n     b) Only analog signals\n     c) Both analog and digital signals"", ""question"": ""21. What type of signals can be multiplexed using FDM?"", ""options"": [""Only digital signals"", ""Only analog signals"", ""Both analog and digital signals""], ""correct"": null, ""answer_text"": null, ""category"": null, ""source_file"": ""9 Multiplexing.docx"", ""source_module"": ""M5"", ""fmt"": ""docx"", ""module"": ""M5"", ""difficulty"": ""MEDIUM""}"
M5,M5.5.6(b),,"22. In TDM, what determines the sequence of signals?",Frequency allocation,Time slots,Signal amplitude,,B,MEDIUM,,,,ANSWERED,Domain-knowledge answer (score=1.00),1,9 Multiplexing.docx,"{""raw"": ""22. In TDM, what determines the sequence of signals?\n     a) Frequency allocation\n     b) Time slots\n     c) Signal amplitude"", ""question"": ""22. In TDM, what determines the sequence of signals?"", ""options"": [""Frequency allocation"", ""Time slots"", ""Signal amplitude""], ""correct"": null, ""answer_text"": null, ""category"": null, ""source_file"": ""9 Multiplexing.docx"", ""source_module"": ""M5"", ""fmt"": ""docx"", ""module"": ""M5"", ""syllabusRef"": ""M5.5.6(b)"", ""level"": null, ""difficulty"": ""MEDIUM""}"
M5,M5.05.09,,23. Which multiplexing technique is more susceptible to noise?,FDM,TDM,CDM,,A,MEDIUM,,,,ANSWERED,Domain-knowledge answer (score=1.00),1,9 Multiplexing.docx,"{""raw"": ""23. Which multiplexing technique is more susceptible to noise?\n     a) FDM\n     b) TDM\n     c) CDM"", ""question"": ""23. Which multiplexing technique is more susceptible to noise?"", ""options"": [""FDM"", ""TDM"", ""CDM""], ""correct"": null, ""answer_text"": null, ""category"": null, ""source_file"": ""9 Multiplexing.docx"", ""source_module"": ""M5"", ""fmt"": ""docx"", ""module"": ""M5"", ""syllabusRef"": ""M5.05.09"", ""level"": null, ""difficulty"": ""MEDIUM""}"
M5,M5.05.03,,24. What is a primary application of multiplexing in telecommunications?,Signal amplification,Efficient data transmission,Signal conversion,,A,MEDIUM,,,,ANSWERED,Domain-verified (score=0.67),1,9 Multiplexing.docx,"{""raw"": ""24. What is a primary application of multiplexing in telecommunications?\n     a) Signal amplification\n     b) Efficient data transmission\n     c) Signal conversion"", ""question"": ""24. What is a primary application of multiplexing in telecommunications?"", ""options"": [""Signal amplification"", ""Efficient data transmission"", ""Signal conversion""], ""correct"": null, ""answer_text"": null, ""category"": null, ""source_file"": ""9 Multiplexing.docx"", ""source_module"": ""M5"", ""fmt"": ""docx"", ""module"": ""M5"", ""syllabusRef"": ""M5.05.03"", ""level"": null, ""difficulty"": ""MEDIUM""}"
M5,M5.5.6(b),,25. How does TDM improve bandwidth utilization?,By using higher frequencies,By compressing signals,By sharing the same channel for multiple signals over time,,C,EASY,,,,ANSWERED,Domain-knowledge answer (score=1.00),1,9 Multiplexing.docx,"{""raw"": ""25. How does TDM improve bandwidth utilization?\n     a) By using higher frequencies\n     b) By compressing signals\n     c) By sharing the same channel for multiple signals over time"", ""question"": ""25. How does TDM improve bandwidth utilization?"", ""options"": [""By using higher frequencies"", ""By compressing signals"", ""By sharing the same channel for multiple signals over time""], ""correct"": null, ""answer_text"": null, ""category"": null, ""source_file"": ""9 Multiplexing.docx"", ""source_module"": ""M5"", ""fmt"": ""docx"", ""module"": ""M5"", ""syllabusRef"": ""M5.5.6(b)"", ""level"": null, ""difficulty"": ""EASY""}"
M5,M5.5.6(b),,26. What happens during the demultiplexing process in TDM?,Signals are combined into one,Signals are separated based on timing,Signals are modulated,,B,MEDIUM,,,,ANSWERED,Domain-knowledge answer (score=1.00),1,9 Multiplexing.docx,"{""raw"": ""26. What happens during the demultiplexing process in TDM?\n     a) Signals are combined into one\n     b) Signals are separated based on timing\n     c) Signals are modulated"", ""question"": ""26. What happens during the demultiplexing process in TDM?"", ""options"": [""Signals are combined into one"", ""Signals are separated based on timing"", ""Signals are modulated""], ""correct"": null, ""answer_text"": null, ""category"": null, ""source_file"": ""9 Multiplexing.docx"", ""source_module"": ""M5"", ""fmt"": ""docx"", ""module"": ""M5"", ""syllabusRef"": ""M5.5.6(b)"", ""level"": null, ""difficulty"": ""MEDIUM""}"
M5,M5.05.04,,27. What kind of data transmission is best suited for FDM?,Bursty data transmission,Continuous data transmission,Shortrange data transmission,,C,MEDIUM,,,,ANSWERED,Verified correction (score=0.50),1,9 Multiplexing.docx,"{""raw"": ""27. What kind of data transmission is best suited for FDM?\n     a) Bursty data transmission\n     b) Continuous data transmission\n     c) Shortrange data transmission"", ""question"": ""27. What kind of data transmission is best suited for FDM?"", ""options"": [""Bursty data transmission"", ""Continuous data transmission"", ""Shortrange data transmission""], ""correct"": null, ""answer_text"": null, ""category"": null, ""source_file"": ""9 Multiplexing.docx"", ""source_module"": ""M5"", ""fmt"": ""docx"", ""module"": ""M5"", ""syllabusRef"": ""M5.05.04"", ""level"": null, ""difficulty"": ""MEDIUM""}"
M5,M5.5.6(b),,28. Which of the following is a characteristic of a TDM signal?,Continuous waveform,Interleaved time slots,Frequency modulated,,B,MEDIUM,,,,ANSWERED,Domain-knowledge answer (score=1.00),1,9 Multiplexing.docx,"{""raw"": ""28. Which of the following is a characteristic of a TDM signal?\n     a) Continuous waveform\n     b) Interleaved time slots\n     c) Frequency modulated"", ""question"": ""28. Which of the following is a characteristic of a TDM signal?"", ""options"": [""Continuous waveform"", ""Interleaved time slots"", ""Frequency modulated""], ""correct"": null, ""answer_text"": null, ""category"": null, ""source_file"": ""9 Multiplexing.docx"", ""source_module"": ""M5"", ""fmt"": ""docx"", ""module"": ""M5"", ""syllabusRef"": ""M5.5.6(b)"", ""level"": null, ""difficulty"": ""MEDIUM""}"
M5,M5.05.09,,29. What does FDM stand for?,Frequency Data Multiplexing,Frequency Division Multiplexing,Frequency Digital Modulation,,B,EASY,,,,ANSWERED,Verified correction (score=0.67),1,9 Multiplexing.docx,"{""raw"": ""29. What does FDM stand for?\n     a) Frequency Data Multiplexing\n     b) Frequency Division Multiplexing\n     c) Frequency Digital Modulation"", ""question"": ""29. What does FDM stand for?"", ""options"": [""Frequency Data Multiplexing"", ""Frequency Division Multiplexing"", ""Frequency Digital Modulation""], ""correct"": null, ""answer_text"": null, ""category"": null, ""source_file"": ""9 Multiplexing.docx"", ""source_module"": ""M5"", ""fmt"": ""docx"", ""module"": ""M5"", ""syllabusRef"": ""M5.05.09"", ""level"": null, ""difficulty"": ""EASY""}"
M5,,,30. Which component is necessary at both ends of a TDM communication link?,Amplifier,Multiplexer/demultiplexer,Modulator,,B,MEDIUM,,,,ANSWERED,Domain-knowledge answer (score=1.00),1,9 Multiplexing.docx,"{""raw"": ""30. Which component is necessary at both ends of a TDM communication link?\n     a) Amplifier\n     b) Multiplexer/demultiplexer\n     c) Modulator"", ""question"": ""30. Which component is necessary at both ends of a TDM communication link?"", ""options"": [""Amplifier"", ""Multiplexer/demultiplexer"", ""Modulator""], ""correct"": null, ""answer_text"": null, ""category"": null, ""source_file"": ""9 Multiplexing.docx"", ""source_module"": ""M5"", ""fmt"": ""docx"", ""module"": ""M5"", ""difficulty"": ""MEDIUM""}"
M5,M5.05.01,,2. Which system primarily uses the Primary Flight Display (PFD) and Navigation Display (ND)?,EADI and EHSI,Electronic Flight Instruments System (EFIS),Fly-by-Wire System,,B,MEDIUM,,,,ANSWERED,Verified correction (score=1.00),1,M5 Standard EASA Exam.docx,"{""raw"": ""2. Which system primarily uses the Primary Flight Display (PFD) and Navigation Display (ND)?\n   a. EADI and EHSI\n   b. Electronic Flight Instruments System (EFIS)\n   c. Fly-by-Wire System"", ""question"": ""2. Which system primarily uses the Primary Flight Display (PFD) and Navigation Display (ND)?"", ""options"": [""EADI and EHSI"", ""Electronic Flight Instruments System (EFIS)"", ""Fly-by-Wire System""], ""correct"": null, ""answer_text"": null, ""category"": null, ""source_file"": ""M5 Standard EASA Exam.docx"", ""source_module"": ""M5"", ""fmt"": ""docx"", ""module"": ""M5"", ""syllabusRef"": ""M5.05.01"", ""level"": null, ""difficulty"": ""MEDIUM""}"
M5,M5.05.01,,3. What does the acronym EFIS stand for?,Electronic Flight Integration System,Electronic Flight Instrument System,Enhanced Flight Instrument System,,B,EASY,,,,ANSWERED,Domain-verified (score=1.00),1,M5 Standard EASA Exam.docx,"{""raw"": ""3. What does the acronym EFIS stand for?\n   a. Electronic Flight Integration System\n   b. Electronic Flight Instrument System\n   c. Enhanced Flight Instrument System"", ""question"": ""3. What does the acronym EFIS stand for?"", ""options"": [""Electronic Flight Integration System"", ""Electronic Flight Instrument System"", ""Enhanced Flight Instrument System""], ""correct"": null, ""answer_text"": null, ""category"": null, ""source_file"": ""M5 Standard EASA Exam.docx"", ""source_module"": ""M5"", ""fmt"": ""docx"", ""module"": ""M5"", ""syllabusRef"": ""M5.05.01"", ""level"": null, ""difficulty"": ""EASY""}"
M5,M5.05.01,,4. Which aircraft manufacturer uses the specific electronic instrument system that includes the EICAS?,Boeing,Airbus,Embraer,,B,MEDIUM,,,,ANSWERED,Verified correction (score=0.67),1,M5 Standard EASA Exam.docx,"{""raw"": ""4. Which aircraft manufacturer uses the specific electronic instrument system that includes the EICAS?\n   a. Boeing\n   b. Airbus\n   c. Embraer"", ""question"": ""4. Which aircraft manufacturer uses the specific electronic instrument system that includes the EICAS?"", ""options"": [""Boeing"", ""Airbus"", ""Embraer""], ""correct"": null, ""answer_text"": null, ""category"": null, ""source_file"": ""M5 Standard EASA Exam.docx"", ""source_module"": ""M5"", ""fmt"": ""docx"", ""module"": ""M5"", ""syllabusRef"": ""M5.05.01"", ""level"": null, ""difficulty"": ""MEDIUM""}"
M5,M5.5.6(b),,9. How is the number 15 represented in the hexadecimal system?,E,F,D,,B,MEDIUM,,,,ANSWERED,Verified correction (score=1.00),1,M5 Standard EASA Exam.docx,"{""raw"": ""9. How is the number 15 represented in the hexadecimal system?\n   a. E\n   b. F\n   c. D"", ""question"": ""9. How is the number 15 represented in the hexadecimal system?"", ""options"": [""E"", ""F"", ""D""], ""correct"": null, ""answer_text"": null, ""category"": null, ""source_file"": ""M5 Standard EASA Exam.docx"", ""source_module"": ""M5"", ""fmt"": ""docx"", ""module"": ""M5"", ""syllabusRef"": ""M5.5.6(b)"", ""level"": null, ""difficulty"": ""MEDIUM""}"
M5,M5.05.04,,10. What is the main function of an Analog-to-Digital Converter (ADC)?,Convert digital signals to analog signals,Convert analog signals to digital signals,Store digital data,,B,MEDIUM,,,,ANSWERED,Verified correction (score=1.00),1,M5 Standard EASA Exam.docx,"{""raw"": ""10. What is the main function of an Analog-to-Digital Converter (ADC)?\n    a. Convert digital signals to analog signals\n    b. Convert analog signals to digital signals\n    c. Store digital data"", ""question"": ""10. What is the main function of an Analog-to-Digital Converter (ADC)?"", ""options"": [""Convert digital signals to analog signals"", ""Convert analog signals to digital signals"", ""Store digital data""], ""correct"": null, ""answer_text"": null, ""category"": null, ""source_file"": ""M5 Standard EASA Exam.docx"", ""source_module"": ""M5"", ""fmt"": ""docx"", ""module"": ""M5"", ""syllabusRef"": ""M5.05.04"", ""level"": null, ""difficulty"": ""MEDIUM""}"
M5,M5.05.04,,11. Which component is used to convert digital data to an analog signal?,ADC,DAC,CPU,,B,MEDIUM,,,,ANSWERED,Verified correction (score=0.50),1,M5 Standard EASA Exam.docx,"{""raw"": ""11. Which component is used to convert digital data to an analog signal?\n    a. ADC\n    b. DAC\n    c. CPU"", ""question"": ""11. Which component is used to convert digital data to an analog signal?"", ""options"": [""ADC"", ""DAC"", ""CPU""], ""correct"": null, ""answer_text"": null, ""category"": null, ""source_file"": ""M5 Standard EASA Exam.docx"", ""source_module"": ""M5"", ""fmt"": ""docx"", ""module"": ""M5"", ""syllabusRef"": ""M5.05.04"", ""level"": null, ""difficulty"": ""MEDIUM""}"
M5,,,12. What is a key limitation of digital to analog converters?,Resolution,Speed,Power consumption,,A,MEDIUM,,,,ANSWERED,Domain-verified (score=1.00),1,M5 Standard EASA Exam.docx,"{""raw"": ""12. What is a key limitation of digital to analog converters?\n    a. Resolution\n    b. Speed\n    c. Power consumption"", ""question"": ""12. What is a key limitation of digital to analog converters?"", ""options"": [""Resolution"", ""Speed"", ""Power consumption""], ""correct"": null, ""answer_text"": null, ""category"": null, ""source_file"": ""M5 Standard EASA Exam.docx"", ""source_module"": ""M5"", ""fmt"": ""docx"", ""module"": ""M5"", ""difficulty"": ""MEDIUM""}"
M5,M5.05.01,,13. What is the purpose of data conversion in aircraft systems?,To simplify data storage,To enable interaction between different types of electronic systems,To increase data processing speed,,B,MEDIUM,,,,ANSWERED,Verified correction (score=1.00),1,M5 Standard EASA Exam.docx,"{""raw"": ""13. What is the purpose of data conversion in aircraft systems?\n    a. To simplify data storage\n    b. To enable interaction between different types of electronic systems\n    c. To increase data processing speed"", ""question"": ""13. What is the purpose of data conversion in aircraft systems?"", ""options"": [""To simplify data storage"", ""To enable interaction between different types of electronic systems"", ""To increase data processing speed""], ""correct"": null, ""answer_text"": null, ""category"": null, ""source_file"": ""M5 Standard EASA Exam.docx"", ""source_module"": ""M5"", ""fmt"": ""docx"", ""module"": ""M5"", ""syllabusRef"": ""M5.05.01"", ""level"": null, ""difficulty"": ""MEDIUM""}"
M5,M5.5.6(b),,14. What is the primary purpose of a data bus in an aircraft system?,To transfer data between different components,To power electronic devices,To store flight data,,A,MEDIUM,,,,ANSWERED,Domain-verified (score=1.00),1,M5 Standard EASA Exam.docx,"{""raw"": ""14. What is the primary purpose of a data bus in an aircraft system?\n    a. To transfer data between different components\n    b. To power electronic devices\n    c. To store flight data"", ""question"": ""14. What is the primary purpose of a data bus in an aircraft system?"", ""options"": [""To transfer data between different components"", ""To power electronic devices"", ""To store flight data""], ""correct"": null, ""answer_text"": null, ""category"": null, ""source_file"": ""M5 Standard EASA Exam.docx"", ""source_module"": ""M5"", ""fmt"": ""docx"", ""module"": ""M5"", ""syllabusRef"": ""M5.5.6(b)"", ""level"": null, ""difficulty"": ""MEDIUM""}"
M5,M5.05.04,,15. Which specification is commonly used for data buses in commercial aircraft?,IEEE 1394,ARINC 429,USB,,B,MEDIUM,,,,ANSWERED,Verified correction (score=1.00),1,M5 Standard EASA Exam.docx,"{""raw"": ""15. Which specification is commonly used for data buses in commercial aircraft?\n    a. IEEE 1394\n    b. ARINC 429\n    c. USB"", ""question"": ""15. Which specification is commonly used for data buses in commercial aircraft?"", ""options"": [""IEEE 1394"", ""ARINC 429"", ""USB""], ""correct"": null, ""answer_text"": null, ""category"": null, ""source_file"": ""M5 Standard EASA Exam.docx"", ""source_module"": ""M5"", ""fmt"": ""docx"", ""module"": ""M5"", ""syllabusRef"": ""M5.05.04"", ""level"": null, ""difficulty"": ""MEDIUM""}"
M5,M5.05.02,,16. What is the main function of ARINC 629?,To provide a standardized communication protocol for aircraft systems,To monitor engine parameters,To manage aircraft navigation,,A,EASY,,,,ANSWERED,Domain-verified (score=1.00),1,M5 Standard EASA Exam.docx,"{""raw"": ""16. What is the main function of ARINC 629?\n    a. To provide a standardized communication protocol for aircraft systems\n    b. To monitor engine parameters\n    c. To manage aircraft navigation"", ""question"": ""16. What is the main function of ARINC 629?"", ""options"": [""To provide a standardized communication protocol for aircraft systems"", ""To monitor engine parameters"", ""To manage aircraft navigation""], ""correct"": null, ""answer_text"": null, ""category"": null, ""source_file"": ""M5 Standard EASA Exam.docx"", ""source_module"": ""M5"", ""fmt"": ""docx"", ""module"": ""M5"", ""syllabusRef"": ""M5.05.02"", ""level"": null, ""difficulty"": ""EASY""}"
M5,M5.5.6(b),,17. How does the MIL-STD-1553B bus differ from ARINC 429?,It uses fiber optics,It supports multiple terminals with a single data bus,It is specific to commercial aviation,,B,MEDIUM,,,,ANSWERED,Verified correction (score=1.00),1,M5 Standard EASA Exam.docx,"{""raw"": ""17. How does the MIL-STD-1553B bus differ from ARINC 429?\n    a. It uses fiber optics\n    b. It supports multiple terminals with a single data bus\n    c. It is specific to commercial aviation"", ""question"": ""17. How does the MIL-STD-1553B bus differ from ARINC 429?"", ""options"": [""It uses fiber optics"", ""It supports multiple terminals with a single data bus"", ""It is specific to commercial aviation""], ""correct"": null, ""answer_text"": null, ""category"": null, ""source_file"": ""M5 Standard EASA Exam.docx"", ""source_module"": ""M5"", ""fmt"": ""docx"", ""module"": ""M5"", ""syllabusRef"": ""M5.5.6(b)"", ""level"": null, ""difficulty"": ""MEDIUM""}"
M5,M5.05.04,,18. What is the role of parity checking in data buses?,To increase data transmission speed,To detect errors in data transmission,To convert data formats,,B,MEDIUM,,,,ANSWERED,Verified correction (score=1.00),1,M5 Standard EASA Exam.docx,"{""raw"": ""18. What is the role of parity checking in data buses?\n    a. To increase data transmission speed\n    b. To detect errors in data transmission\n    c. To convert data formats"", ""question"": ""18. What is the role of parity checking in data buses?"", ""options"": [""To increase data transmission speed"", ""To detect errors in data transmission"", ""To convert data formats""], ""correct"": null, ""answer_text"": null, ""category"": null, ""source_file"": ""M5 Standard EASA Exam.docx"", ""source_module"": ""M5"", ""fmt"": ""docx"", ""module"": ""M5"", ""syllabusRef"": ""M5.05.04"", ""level"": null, ""difficulty"": ""MEDIUM""}"
M5,M5.5.6(b),,19. Which gate performs the logical operation of addition?,AND,OR,NOT,,B,MEDIUM,,,,ANSWERED,Verified correction (score=1.00),1,M5 Standard EASA Exam.docx,"{""raw"": ""19. Which gate performs the logical operation of addition?\n    a. AND\n    b. OR\n    c. NOT"", ""question"": ""19. Which gate performs the logical operation of addition?"", ""options"": [""AND"", ""OR"", ""NOT""], ""correct"": null, ""answer_text"": null, ""category"": null, ""source_file"": ""M5 Standard EASA Exam.docx"", ""source_module"": ""M5"", ""fmt"": ""docx"", ""module"": ""M5"", ""syllabusRef"": ""M5.5.6(b)"", ""level"": null, ""difficulty"": ""MEDIUM""}"
M5,M5.5.6(b),,20. What is the output of a NAND gate when both inputs are high (1)?,High (1),Low (0),Undefined,,B,MEDIUM,,,,ANSWERED,Verified correction (score=1.00),1,M5 Standard EASA Exam.docx,"{""raw"": ""20. What is the output of a NAND gate when both inputs are high (1)?\n    a. High (1)\n    b. Low (0)\n    c. Undefined"", ""question"": ""20. What is the output of a NAND gate when both inputs are high (1)?"", ""options"": [""High (1)"", ""Low (0)"", ""Undefined""], ""correct"": null, ""answer_text"": null, ""category"": null, ""source_file"": ""M5 Standard EASA Exam.docx"", ""source_module"": ""M5"", ""fmt"": ""docx"", ""module"": ""M5"", ""syllabusRef"": ""M5.5.6(b)"", ""level"": null, ""difficulty"": ""MEDIUM""}"
M5,M5.5.5,2,21. Which logic gate is used to invert the input signal?,NOT,AND,OR,,A,MEDIUM,,,,ANSWERED,Domain-verified (score=1.00),1,M5 Standard EASA Exam.docx,"{""raw"": ""21. Which logic gate is used to invert the input signal?\n    a. NOT\n    b. AND\n    c. OR"", ""question"": ""21. Which logic gate is used to invert the input signal?"", ""options"": [""NOT"", ""AND"", ""OR""], ""correct"": null, ""answer_text"": null, ""category"": null, ""source_file"": ""M5 Standard EASA Exam.docx"", ""source_module"": ""M5"", ""fmt"": ""docx"", ""module"": ""M5"", ""syllabusRef"": ""M5.5.5"", ""level"": 2, ""difficulty"": ""MEDIUM""}"
M5,M5.05.04,,22. What is the primary application of a flip-flop circuit?,To store binary data,To amplify signals,To convert data formats,,A,MEDIUM,,,,ANSWERED,Domain-verified (score=1.00),1,M5 Standard EASA Exam.docx,"{""raw"": ""22. What is the primary application of a flip-flop circuit?\n    a. To store binary data\n    b. To amplify signals\n    c. To convert data formats"", ""question"": ""22. What is the primary application of a flip-flop circuit?"", ""options"": [""To store binary data"", ""To amplify signals"", ""To convert data formats""], ""correct"": null, ""answer_text"": null, ""category"": null, ""source_file"": ""M5 Standard EASA Exam.docx"", ""source_module"": ""M5"", ""fmt"": ""docx"", ""module"": ""M5"", ""syllabusRef"": ""M5.05.04"", ""level"": null, ""difficulty"": ""MEDIUM""}"
M5,M5.5.5,2,"23. In a logic diagram, what does a bubble on the input of a gate indicate?",High input,Inverted input,Low input,,B,MEDIUM,,,,ANSWERED,Verified correction (score=0.75),1,M5 Standard EASA Exam.docx,"{""raw"": ""23. In a logic diagram, what does a bubble on the input of a gate indicate?\n    a. High input\n    b. Inverted input\n    c. Low input"", ""question"": ""23. In a logic diagram, what does a bubble on the input of a gate indicate?"", ""options"": [""High input"", ""Inverted input"", ""Low input""], ""correct"": null, ""answer_text"": null, ""category"": null, ""source_file"": ""M5 Standard EASA Exam.docx"", ""source_module"": ""M5"", ""fmt"": ""docx"", ""module"": ""M5"", ""syllabusRef"": ""M5.5.5"", ""level"": 2, ""difficulty"": ""MEDIUM""}"
M5,M5.5.5,2,24. How is an AND gate represented in a logic diagram?,A flat symbol with multiple inputs and one output,A curved symbol with one input and multiple outputs,A diamond-shaped symbol,,A,MEDIUM,,,,ANSWERED,Matched from doc-text Q&A,1,M5 Standard EASA Exam.docx,"{""raw"": ""24. How is an AND gate represented in a logic diagram?\n    a. A flat symbol with multiple inputs and one output\n    b. A curved symbol with one input and multiple outputs\n    c. A diamond-shaped symbol"", ""question"": ""24. How is an AND gate represented in a logic diagram?"", ""options"": [""A flat symbol with multiple inputs and one output"", ""A curved symbol with one input and multiple outputs"", ""A diamond-shaped symbol""], ""correct"": null, ""answer_text"": null, ""category"": null, ""source_file"": ""M5 Standard EASA Exam.docx"", ""source_module"": ""M5"", ""fmt"": ""docx"", ""module"": ""M5"", ""syllabusRef"": ""M5.5.5"", ""level"": 2, ""difficulty"": ""MEDIUM""}"
M5,M5.5.5,2,25. Which logic gate is represented by a symbol with a curved back and an output arrow?,OR,AND,NOT,,A,MEDIUM,,,,ANSWERED,Matched from doc-text Q&A,1,M5 Standard EASA Exam.docx,"{""raw"": ""25. Which logic gate is represented by a symbol with a curved back and an output arrow?\n    a. OR\n    b. AND\n    c. NOT"", ""question"": ""25. Which logic gate is represented by a symbol with a curved back and an output arrow?"", ""options"": [""OR"", ""AND"", ""NOT""], ""correct"": null, ""answer_text"": null, ""category"": null, ""source_file"": ""M5 Standard EASA Exam.docx"", ""source_module"": ""M5"", ""fmt"": ""docx"", ""module"": ""M5"", ""syllabusRef"": ""M5.5.5"", ""level"": 2, ""difficulty"": ""MEDIUM""}"
M5,M5.5.5,2,"26. In a combined logic circuit, what does a dot on the connecting line represent?",A junction where signals combine,An end of the circuit,A switch,,A,MEDIUM,,,,ANSWERED,Domain-verified (score=1.00),1,M5 Standard EASA Exam.docx,"{""raw"": ""26. In a combined logic circuit, what does a dot on the connecting line represent?\n    a. A junction where signals combine\n    b. An end of the circuit\n    c. A switch"", ""question"": ""26. In a combined logic circuit, what does a dot on the connecting line represent?"", ""options"": [""A junction where signals combine"", ""An end of the circuit"", ""A switch""], ""correct"": null, ""answer_text"": null, ""category"": null, ""source_file"": ""M5 Standard EASA Exam.docx"", ""source_module"": ""M5"", ""fmt"": ""docx"", ""module"": ""M5"", ""syllabusRef"": ""M5.5.5"", ""level"": 2, ""difficulty"": ""MEDIUM""}"
M5,M5.5.6(A),,27. What does CPU stand for in computer terminology?,Computer Processing Unit,Central Processing Unit,Control Processing Unit,,B,MEDIUM,,,,ANSWERED,Domain-verified (score=1.00),1,M5 Standard EASA Exam.docx,"{""raw"": ""27. What does CPU stand for in computer terminology?\n    a. Computer Processing Unit\n    b. Central Processing Unit\n    c. Control Processing Unit"", ""question"": ""27. What does CPU stand for in computer terminology?"", ""options"": [""Computer Processing Unit"", ""Central Processing Unit"", ""Control Processing Unit""], ""correct"": null, ""answer_text"": null, ""category"": null, ""source_file"": ""M5 Standard EASA Exam.docx"", ""source_module"": ""M5"", ""fmt"": ""docx"", ""module"": ""M5"", ""syllabusRef"": ""M5.5.6(A)"", ""level"": null, ""difficulty"": ""MEDIUM""}"
M5,M5.5.6(b),,28. What is the primary function of RAM in a computer system?,To store data temporarily for quick access,To store data permanently,To process data,,A,MEDIUM,,,,ANSWERED,Domain-verified (score=1.00),1,M5 Standard EASA Exam.docx,"{""raw"": ""28. What is the primary function of RAM in a computer system?\n    a. To store data temporarily for quick access\n    b. To store data permanently\n    c. To process data"", ""question"": ""28. What is the primary function of RAM in a computer system?"", ""options"": [""To store data temporarily for quick access"", ""To store data permanently"", ""To process data""], ""correct"": null, ""answer_text"": null, ""category"": null, ""source_file"": ""M5 Standard EASA Exam.docx"", ""source_module"": ""M5"", ""fmt"": ""docx"", ""module"": ""M5"", ""syllabusRef"": ""M5.5.6(b)"", ""level"": null, ""difficulty"": ""MEDIUM""}"
M5,,,29. How does a microprocessor differ from a microcontroller?,"A microprocessor is designed for general-purpose tasks, while a microcontroller includes built-in peripherals for specific tasks",A microprocessor is larger than a microcontroller,A microcontroller requires more power than a microprocessor,,A,MEDIUM,,,,ANSWERED,Domain-verified (score=1.00),1,M5 Standard EASA Exam.docx,"{""raw"": ""29. How does a microprocessor differ from a microcontroller?\n    a. A microprocessor is designed for general-purpose tasks, while a microcontroller includes built-in peripherals for specific tasks\n    b. A microprocessor is larger than a microcontroller\n    c. A microcontroller requires more power than a microprocessor"", ""question"": ""29. How does a microprocessor differ from a microcontroller?"", ""options"": [""A microprocessor is designed for general-purpose tasks, while a microcontroller includes built-in peripherals for specific tasks"", ""A microprocessor is larger than a microcontroller"", ""A microcontroller requires more power than a microprocessor""], ""correct"": null, ""answer_text"": null, ""category"": null, ""source_file"": ""M5 Standard EASA Exam.docx"", ""source_module"": ""M5"", ""fmt"": ""docx"", ""module"": ""M5"", ""difficulty"": ""MEDIUM""}"
M5,M5.05.04,,31. Which memory device retains data even when power is turned off?,ROM,RAM,Cache,,A,MEDIUM,,,,ANSWERED,Domain-verified (score=1.00),1,M5 Standard EASA Exam.docx,"{""raw"": ""31. Which memory device retains data even when power is turned off?\n    a. ROM\n    b. RAM\n    c. Cache"", ""question"": ""31. Which memory device retains data even when power is turned off?"", ""options"": [""ROM"", ""RAM"", ""Cache""], ""correct"": null, ""answer_text"": null, ""category"": null, ""source_file"": ""M5 Standard EASA Exam.docx"", ""source_module"": ""M5"", ""fmt"": ""docx"", ""module"": ""M5"", ""syllabusRef"": ""M5.05.04"", ""level"": null, ""difficulty"": ""MEDIUM""}"
M5,M5.5.6(b),,33. What type of memory is used to store the BIOS in a computer system?,ROM,RAM,Cache,,A,MEDIUM,,,,ANSWERED,Domain-verified (score=0.67),1,M5 Standard EASA Exam.docx,"{""raw"": ""33. What type of memory is used to store the BIOS in a computer system?\n    a. ROM\n    b. RAM\n    c. Cache"", ""question"": ""33. What type of memory is used to store the BIOS in a computer system?"", ""options"": [""ROM"", ""RAM"", ""Cache""], ""correct"": null, ""answer_text"": null, ""category"": null, ""source_file"": ""M5 Standard EASA Exam.docx"", ""source_module"": ""M5"", ""fmt"": ""docx"", ""module"": ""M5"", ""syllabusRef"": ""M5.5.6(b)"", ""level"": null, ""difficulty"": ""MEDIUM""}"
M5,M5.05.04,,34. How does an interrupt signal affect CPU operations?,It temporarily halts the current operations to execute a higher-priority task,It speeds up data processing,It clears the CPU registers,,A,MEDIUM,,,,ANSWERED,Domain-verified (score=1.00),1,M5 Standard EASA Exam.docx,"{""raw"": ""34. How does an interrupt signal affect CPU operations?\n    a. It temporarily halts the current operations to execute a higher-priority task\n    b. It speeds up data processing\n    c. It clears the CPU registers"", ""question"": ""34. How does an interrupt signal affect CPU operations?"", ""options"": [""It temporarily halts the current operations to execute a higher-priority task"", ""It speeds up data processing"", ""It clears the CPU registers""], ""correct"": null, ""answer_text"": null, ""category"": null, ""source_file"": ""M5 Standard EASA Exam.docx"", ""source_module"": ""M5"", ""fmt"": ""docx"", ""module"": ""M5"", ""syllabusRef"": ""M5.05.04"", ""level"": null, ""difficulty"": ""MEDIUM""}"
M5,M5.05.04,,35. What is the primary function of the arithmetic logic unit (ALU) in a microprocessor?,To store data,To perform arithmetic and logical operations,To control data flow,,B,MEDIUM,,,,ANSWERED,Verified correction (score=1.00),1,M5 Standard EASA Exam.docx,"{""raw"": ""35. What is the primary function of the arithmetic logic unit (ALU) in a microprocessor?\n    a. To store data\n    b. To perform arithmetic and logical operations\n    c. To control data flow"", ""question"": ""35. What is the primary function of the arithmetic logic unit (ALU) in a microprocessor?"", ""options"": [""To store data"", ""To perform arithmetic and logical operations"", ""To control data flow""], ""correct"": null, ""answer_text"": null, ""category"": null, ""source_file"": ""M5 Standard EASA Exam.docx"", ""source_module"": ""M5"", ""fmt"": ""docx"", ""module"": ""M5"", ""syllabusRef"": ""M5.05.04"", ""level"": null, ""difficulty"": ""MEDIUM""}"
M5,M5.5.6(b),,36. Which component provides the timing signals in a microprocessor?,ALU,Clock,Register,,B,MEDIUM,,,,ANSWERED,Verified correction (score=1.00),1,M5 Standard EASA Exam.docx,"{""raw"": ""36. Which component provides the timing signals in a microprocessor?\n    a. ALU\n    b. Clock\n    c. Register"", ""question"": ""36. Which component provides the timing signals in a microprocessor?"", ""options"": [""ALU"", ""Clock"", ""Register""], ""correct"": null, ""answer_text"": null, ""category"": null, ""source_file"": ""M5 Standard EASA Exam.docx"", ""source_module"": ""M5"", ""fmt"": ""docx"", ""module"": ""M5"", ""syllabusRef"": ""M5.5.6(b)"", ""level"": null, ""difficulty"": ""MEDIUM""}"
M5,M5.05.04,,37. What is the purpose of a register in a microprocessor?,To perform arithmetic operations,To temporarily hold data and instructions,To connect external devices,,B,MEDIUM,,,,ANSWERED,Verified correction (score=1.00),1,M5 Standard EASA Exam.docx,"{""raw"": ""37. What is the purpose of a register in a microprocessor?\n    a. To perform arithmetic operations\n    b. To temporarily hold data and instructions\n    c. To connect external devices"", ""question"": ""37. What is the purpose of a register in a microprocessor?"", ""options"": [""To perform arithmetic operations"", ""To temporarily hold data and instructions"", ""To connect external devices""], ""correct"": null, ""answer_text"": null, ""category"": null, ""source_file"": ""M5 Standard EASA Exam.docx"", ""source_module"": ""M5"", ""fmt"": ""docx"", ""module"": ""M5"", ""syllabusRef"": ""M5.05.04"", ""level"": null, ""difficulty"": ""MEDIUM""}"
M5,M5.05.04,,38. How does the control unit in a microprocessor function?,It manages the execution of instructions and controls data flow,It performs mathematical calculations,It stores data permanently,,B,MEDIUM,,,,ANSWERED,Verified correction (score=0.75),1,M5 Standard EASA Exam.docx,"{""raw"": ""38. How does the control unit in a microprocessor function?\n    a. It manages the execution of instructions and controls data flow\n    b. It performs mathematical calculations\n    c. It stores data permanently"", ""question"": ""38. How does the control unit in a microprocessor function?"", ""options"": [""It manages the execution of instructions and controls data flow"", ""It performs mathematical calculations"", ""It stores data permanently""], ""correct"": null, ""answer_text"": null, ""category"": null, ""source_file"": ""M5 Standard EASA Exam.docx"", ""source_module"": ""M5"", ""fmt"": ""docx"", ""module"": ""M5"", ""syllabusRef"": ""M5.05.04"", ""level"": null, ""difficulty"": ""MEDIUM""}"
M5,M5.05.01,,39. What is the main advantage of using integrated circuits in electronic systems?,They are easier to repair,They allow for smaller and more efficient designs,They consume more power,,B,MEDIUM,,,,ANSWERED,Verified correction (score=1.00),1,M5 Standard EASA Exam.docx,"{""raw"": ""39. What is the main advantage of using integrated circuits in electronic systems?\n    a. They are easier to repair\n    b. They allow for smaller and more efficient designs\n    c. They consume more power"", ""question"": ""39. What is the main advantage of using integrated circuits in electronic systems?"", ""options"": [""They are easier to repair"", ""They allow for smaller and more efficient designs"", ""They consume more power""], ""correct"": null, ""answer_text"": null, ""category"": null, ""source_file"": ""M5 Standard EASA Exam.docx"", ""source_module"": ""M5"", ""fmt"": ""docx"", ""module"": ""M5"", ""syllabusRef"": ""M5.05.01"", ""level"": null, ""difficulty"": ""MEDIUM""}"
M5,M5.05.04,,40. Which type of integrated circuit is used to encode data?,Decoder,Encoder,Multiplexer,,A,MEDIUM,,,,ANSWERED,Matched from doc-text Q&A,1,M5 Standard EASA Exam.docx,"{""raw"": ""40. Which type of integrated circuit is used to encode data?\n    a. Decoder\n    b. Encoder\n    c. Multiplexer"", ""question"": ""40. Which type of integrated circuit is used to encode data?"", ""options"": [""Decoder"", ""Encoder"", ""Multiplexer""], ""correct"": null, ""answer_text"": null, ""category"": null, ""source_file"": ""M5 Standard EASA Exam.docx"", ""source_module"": ""M5"", ""fmt"": ""docx"", ""module"": ""M5"", ""syllabusRef"": ""M5.05.04"", ""level"": null, ""difficulty"": ""MEDIUM""}"
M5,M5.5.5,2,41. What is VLSI in the context of integrated circuits?,Very Low System Integration,Very Large-Scale Integration,Variable Logic System Integration,,B,MEDIUM,,,,ANSWERED,Domain-verified (score=1.00),1,M5 Standard EASA Exam.docx,"{""raw"": ""41. What is VLSI in the context of integrated circuits?\n    a. Very Low System Integration\n    b. Very Large-Scale Integration\n    c. Variable Logic System Integration"", ""question"": ""41. What is VLSI in the context of integrated circuits?"", ""options"": [""Very Low System Integration"", ""Very Large-Scale Integration"", ""Variable Logic System Integration""], ""correct"": null, ""answer_text"": null, ""category"": null, ""source_file"": ""M5 Standard EASA Exam.docx"", ""source_module"": ""M5"", ""fmt"": ""docx"", ""module"": ""M5"", ""syllabusRef"": ""M5.5.5"", ""level"": 2, ""difficulty"": ""MEDIUM""}"
M5,M5.5.8,2,43. How do medium-scale integrated circuits differ from large-scale integrated circuits?,They contain fewer components,They are used for simpler applications,They consume more power,,B,MEDIUM,,,,ANSWERED,Verified correction (score=0.67),1,M5 Standard EASA Exam.docx,"{""raw"": ""43. How do medium-scale integrated circuits differ from large-scale integrated circuits?\n    a. They contain fewer components\n    b. They are used for simpler applications\n    c. They consume more power"", ""question"": ""43. How do medium-scale integrated circuits differ from large-scale integrated circuits?"", ""options"": [""They contain fewer components"", ""They are used for simpler applications"", ""They consume more power""], ""correct"": null, ""answer_text"": null, ""category"": null, ""source_file"": ""M5 Standard EASA Exam.docx"", ""source_module"": ""M5"", ""fmt"": ""docx"", ""module"": ""M5"", ""syllabusRef"": ""M5.5.8"", ""level"": 2, ""difficulty"": ""MEDIUM""}"
M5,M5.05.09,,44. What is the purpose of multiplexing in digital communication?,To increase signal strength,To combine multiple signals into one for transmission,To convert analog signals to digital,,B,MEDIUM,,,,ANSWERED,Verified correction (score=1.00),1,M5 Standard EASA Exam.docx,"{""raw"": ""44. What is the purpose of multiplexing in digital communication?\n    a. To increase signal strength\n    b. To combine multiple signals into one for transmission\n    c. To convert analog signals to digital"", ""question"": ""44. What is the purpose of multiplexing in digital communication?"", ""options"": [""To increase signal strength"", ""To combine multiple signals into one for transmission"", ""To convert analog signals to digital""], ""correct"": null, ""answer_text"": null, ""category"": null, ""source_file"": ""M5 Standard EASA Exam.docx"", ""source_module"": ""M5"", ""fmt"": ""docx"", ""module"": ""M5"", ""syllabusRef"": ""M5.05.09"", ""level"": null, ""difficulty"": ""MEDIUM""}"
M5,M5.05.09,,46. What is a key benefit of using multiplexing in aircraft systems?,It reduces the need for multiple channels,It improves data transmission efficiency,It increases power consumption,,A,MEDIUM,,,,ANSWERED,Domain-verified (score=1.00),1,M5 Standard EASA Exam.docx,"{""raw"": ""46. What is a key benefit of using multiplexing in aircraft systems?\n    a. It reduces the need for multiple channels\n    b. It improves data transmission efficiency\n    c. It increases power consumption"", ""question"": ""46. What is a key benefit of using multiplexing in aircraft systems?"", ""options"": [""It reduces the need for multiple channels"", ""It improves data transmission efficiency"", ""It increases power consumption""], ""correct"": null, ""answer_text"": null, ""category"": null, ""source_file"": ""M5 Standard EASA Exam.docx"", ""source_module"": ""M5"", ""fmt"": ""docx"", ""module"": ""M5"", ""syllabusRef"": ""M5.05.09"", ""level"": null, ""difficulty"": ""MEDIUM""}"
M5,M5.05.04,,49. How do fibre optics transmit data?,By using light signals,By using electrical signals,By using sound waves,,A,EASY,,,,ANSWERED,Matched from doc-text Q&A,1,M5 Standard EASA Exam.docx,"{""raw"": ""49. How do fibre optics transmit data?\n    a. By using light signals\n    b. By using electrical signals\n    c. By using sound waves"", ""question"": ""49. How do fibre optics transmit data?"", ""options"": [""By using light signals"", ""By using electrical signals"", ""By using sound waves""], ""correct"": null, ""answer_text"": null, ""category"": null, ""source_file"": ""M5 Standard EASA Exam.docx"", ""source_module"": ""M5"", ""fmt"": ""docx"", ""module"": ""M5"", ""syllabusRef"": ""M5.05.04"", ""level"": null, ""difficulty"": ""EASY""}"
M5,M5.5.6(b),,50. What material is typically used in the core of fibre optic cables?,Plastic,Glass,Copper,,A,MEDIUM,,,,ANSWERED,Domain-verified (score=0.50),1,M5 Standard EASA Exam.docx,"{""raw"": ""50. What material is typically used in the core of fibre optic cables?\n    a. Plastic\n    b. Glass\n    c. Copper"", ""question"": ""50. What material is typically used in the core of fibre optic cables?"", ""options"": [""Plastic"", ""Glass"", ""Copper""], ""correct"": null, ""answer_text"": null, ""category"": null, ""source_file"": ""M5 Standard EASA Exam.docx"", ""source_module"": ""M5"", ""fmt"": ""docx"", ""module"": ""M5"", ""syllabusRef"": ""M5.5.6(b)"", ""level"": null, ""difficulty"": ""MEDIUM""}"
M5,M5.05.02,,51. What type of display technology is commonly used in modern avionics systems?,Cathode Ray Tube (CRT),Liquid Crystal Display (LCD),Light Emitting Diode (LED),,B,MEDIUM,,,,ANSWERED,Verified correction (score=1.00),1,M5 Standard EASA Exam.docx,"{""raw"": ""51. What type of display technology is commonly used in modern avionics systems?\n    a. Cathode Ray Tube (CRT)\n    b. Liquid Crystal Display (LCD)\n    c. Light Emitting Diode (LED)"", ""question"": ""51. What type of display technology is commonly used in modern avionics systems?"", ""options"": [""Cathode Ray Tube (CRT)"", ""Liquid Crystal Display (LCD)"", ""Light Emitting Diode (LED)""], ""correct"": null, ""answer_text"": null, ""category"": null, ""source_file"": ""M5 Standard EASA Exam.docx"", ""source_module"": ""M5"", ""fmt"": ""docx"", ""module"": ""M5"", ""syllabusRef"": ""M5.05.02"", ""level"": null, ""difficulty"": ""MEDIUM""}"
M5,M5.05.08,,52. What is a primary benefit of using LCD displays in aircraft?,They are lightweight and energy-efficient,They are more durable than CRTs,They offer better color contrast,,A,MEDIUM,,,,ANSWERED,Domain-verified (score=1.00),1,M5 Standard EASA Exam.docx,"{""raw"": ""52. What is a primary benefit of using LCD displays in aircraft?\n    a. They are lightweight and energy-efficient\n    b. They are more durable than CRTs\n    c. They offer better color contrast"", ""question"": ""52. What is a primary benefit of using LCD displays in aircraft?"", ""options"": [""They are lightweight and energy-efficient"", ""They are more durable than CRTs"", ""They offer better color contrast""], ""correct"": null, ""answer_text"": null, ""category"": null, ""source_file"": ""M5 Standard EASA Exam.docx"", ""source_module"": ""M5"", ""fmt"": ""docx"", ""module"": ""M5"", ""syllabusRef"": ""M5.05.08"", ""level"": null, ""difficulty"": ""MEDIUM""}"
M5,M5.05.08,,53. What does MFD stand for in the context of aircraft displays?,Multifunction Display,Main Flight Display,Modular Flight Display,,A,MEDIUM,,,,ANSWERED,Domain-verified (score=1.00),1,M5 Standard EASA Exam.docx,"{""raw"": ""53. What does MFD stand for in the context of aircraft displays?\n    a. Multifunction Display\n    b. Main Flight Display\n    c. Modular Flight Display"", ""question"": ""53. What does MFD stand for in the context of aircraft displays?"", ""options"": [""Multifunction Display"", ""Main Flight Display"", ""Modular Flight Display""], ""correct"": null, ""answer_text"": null, ""category"": null, ""source_file"": ""M5 Standard EASA Exam.docx"", ""source_module"": ""M5"", ""fmt"": ""docx"", ""module"": ""M5"", ""syllabusRef"": ""M5.05.08"", ""level"": null, ""difficulty"": ""MEDIUM""}"
M5,M5.05.08,,54. How does an LED display differ from an LCD display?,LED displays use light-emitting diodes for backlighting,LED displays are less energy-efficient,LCD displays have better resolution,,A,MEDIUM,,,,ANSWERED,Domain-verified (score=1.00),1,M5 Standard EASA Exam.docx,"{""raw"": ""54. How does an LED display differ from an LCD display?\n    a. LED displays use light-emitting diodes for backlighting\n    b. LED displays are less energy-efficient\n    c. LCD displays have better resolution"", ""question"": ""54. How does an LED display differ from an LCD display?"", ""options"": [""LED displays use light-emitting diodes for backlighting"", ""LED displays are less energy-efficient"", ""LCD displays have better resolution""], ""correct"": null, ""answer_text"": null, ""category"": null, ""source_file"": ""M5 Standard EASA Exam.docx"", ""source_module"": ""M5"", ""fmt"": ""docx"", ""module"": ""M5"", ""syllabusRef"": ""M5.05.08"", ""level"": null, ""difficulty"": ""MEDIUM""}"
M5,,,56. How can electrostatic discharge (ESD) be prevented in a work environment?,By using non-conductive materials,By grounding personnel and equipment,By increasing humidity levels,,B,MEDIUM,,,,ANSWERED,Verified correction (score=0.67),1,M5 Standard EASA Exam.docx,"{""raw"": ""56. How can electrostatic discharge (ESD) be prevented in a work environment?\n    a. By using non-conductive materials\n    b. By grounding personnel and equipment\n    c. By increasing humidity levels"", ""question"": ""56. How can electrostatic discharge (ESD) be prevented in a work environment?"", ""options"": [""By using non-conductive materials"", ""By grounding personnel and equipment"", ""By increasing humidity levels""], ""correct"": null, ""answer_text"": null, ""category"": null, ""source_file"": ""M5 Standard EASA Exam.docx"", ""source_module"": ""M5"", ""fmt"": ""docx"", ""module"": ""M5"", ""difficulty"": ""MEDIUM""}"
M5,,,57. What type of packaging is recommended for ESD-sensitive components?,Antistatic bags,Plastic containers,Metal boxes,,A,MEDIUM,,,,ANSWERED,Matched from doc-text Q&A,1,M5 Standard EASA Exam.docx,"{""raw"": ""57. What type of packaging is recommended for ESD-sensitive components?\n    a. Antistatic bags\n    b. Plastic containers\n    c. Metal boxes"", ""question"": ""57. What type of packaging is recommended for ESD-sensitive components?"", ""options"": [""Antistatic bags"", ""Plastic containers"", ""Metal boxes""], ""correct"": null, ""answer_text"": null, ""category"": null, ""source_file"": ""M5 Standard EASA Exam.docx"", ""source_module"": ""M5"", ""fmt"": ""docx"", ""module"": ""M5"", ""difficulty"": ""MEDIUM""}"
M5,M5.05.01,,58. What does the acronym ESD stand for?,Electronic Static Device,Electrostatic Discharge,Electromagnetic Sensitive Device,,B,EASY,,,,ANSWERED,Domain-verified (score=0.75),1,M5 Standard EASA Exam.docx,"{""raw"": ""58. What does the acronym ESD stand for?\n    a. Electronic Static Device\n    b. Electrostatic Discharge\n    c. Electromagnetic Sensitive Device"", ""question"": ""58. What does the acronym ESD stand for?"", ""options"": [""Electronic Static Device"", ""Electrostatic Discharge"", ""Electromagnetic Sensitive Device""], ""correct"": null, ""answer_text"": null, ""category"": null, ""source_file"": ""M5 Standard EASA Exam.docx"", ""source_module"": ""M5"", ""fmt"": ""docx"", ""module"": ""M5"", ""syllabusRef"": ""M5.05.01"", ""level"": null, ""difficulty"": ""EASY""}"
M5,,,59. Which tool is essential for working with ESD-sensitive components?,Insulated gloves,Grounding wrist strap,Magnetic screwdriver,,B,MEDIUM,,,,ANSWERED,Verified correction (score=0.67),1,M5 Standard EASA Exam.docx,"{""raw"": ""59. Which tool is essential for working with ESD-sensitive components?\n    a. Insulated gloves\n    b. Grounding wrist strap\n    c. Magnetic screwdriver"", ""question"": ""59. Which tool is essential for working with ESD-sensitive components?"", ""options"": [""Insulated gloves"", ""Grounding wrist strap"", ""Magnetic screwdriver""], ""correct"": null, ""answer_text"": null, ""category"": null, ""source_file"": ""M5 Standard EASA Exam.docx"", ""source_module"": ""M5"", ""fmt"": ""docx"", ""module"": ""M5"", ""difficulty"": ""MEDIUM""}"
M5,M5.5.6(b),,60. What is the primary objective of software management control in avionics?,To ensure software updates are frequent,To maintain software integrity and reliability,To reduce software costs,,B,MEDIUM,,,,ANSWERED,Verified correction (score=1.00),1,M5 Standard EASA Exam.docx,"{""raw"": ""60. What is the primary objective of software management control in avionics?\n    a. To ensure software updates are frequent\n    b. To maintain software integrity and reliability\n    c. To reduce software costs"", ""question"": ""60. What is the primary objective of software management control in avionics?"", ""options"": [""To ensure software updates are frequent"", ""To maintain software integrity and reliability"", ""To reduce software costs""], ""correct"": null, ""answer_text"": null, ""category"": null, ""source_file"": ""M5 Standard EASA Exam.docx"", ""source_module"": ""M5"", ""fmt"": ""docx"", ""module"": ""M5"", ""syllabusRef"": ""M5.5.6(b)"", ""level"": null, ""difficulty"": ""MEDIUM""}"
M5,M5.5.6(b),,61. Which document typically outlines the procedures for software management control?,Software Configuration Management Plan (SCMP),Maintenance Manual,Flight Operations Manual,,A,MEDIUM,,,,ANSWERED,Domain-verified (score=1.00),1,M5 Standard EASA Exam.docx,"{""raw"": ""61. Which document typically outlines the procedures for software management control?\n    a. Software Configuration Management Plan (SCMP)\n    b. Maintenance Manual\n    c. Flight Operations Manual"", ""question"": ""61. Which document typically outlines the procedures for software management control?"", ""options"": [""Software Configuration Management Plan (SCMP)"", ""Maintenance Manual"", ""Flight Operations Manual""], ""correct"": null, ""answer_text"": null, ""category"": null, ""source_file"": ""M5 Standard EASA Exam.docx"", ""source_module"": ""M5"", ""fmt"": ""docx"", ""module"": ""M5"", ""syllabusRef"": ""M5.5.6(b)"", ""level"": null, ""difficulty"": ""MEDIUM""}"
M5,M5.5.6(b),,62. What is the role of version control in software management?,To increase software speed,To track changes and maintain versions of software,To reduce software complexity,,B,MEDIUM,,,,ANSWERED,Verified correction (score=1.00),1,M5 Standard EASA Exam.docx,"{""raw"": ""62. What is the role of version control in software management?\n    a. To increase software speed\n    b. To track changes and maintain versions of software\n    c. To reduce software complexity"", ""question"": ""62. What is the role of version control in software management?"", ""options"": [""To increase software speed"", ""To track changes and maintain versions of software"", ""To reduce software complexity""], ""correct"": null, ""answer_text"": null, ""category"": null, ""source_file"": ""M5 Standard EASA Exam.docx"", ""source_module"": ""M5"", ""fmt"": ""docx"", ""module"": ""M5"", ""syllabusRef"": ""M5.5.6(b)"", ""level"": null, ""difficulty"": ""MEDIUM""}"
M5,M5.05.01,,63. What is the impact of electromagnetic interference (EMI) on aircraft systems?,Increased power consumption,Potential disruption of electronic systems,Reduced signal clarity,,B,MEDIUM,,,,ANSWERED,Verified correction (score=1.00),1,M5 Standard EASA Exam.docx,"{""raw"": ""63. What is the impact of electromagnetic interference (EMI) on aircraft systems?\n    a. Increased power consumption\n    b. Potential disruption of electronic systems\n    c. Reduced signal clarity"", ""question"": ""63. What is the impact of electromagnetic interference (EMI) on aircraft systems?"", ""options"": [""Increased power consumption"", ""Potential disruption of electronic systems"", ""Reduced signal clarity""], ""correct"": null, ""answer_text"": null, ""category"": null, ""source_file"": ""M5 Standard EASA Exam.docx"", ""source_module"": ""M5"", ""fmt"": ""docx"", ""module"": ""M5"", ""syllabusRef"": ""M5.05.01"", ""level"": null, ""difficulty"": ""MEDIUM""}"
M5,M5.05.01,,64. How can EMI be minimized in avionics installations?,By using shielded cables and grounding techniques,By increasing signal power,By reducing the number of electronic devices,,A,MEDIUM,,,,ANSWERED,Domain-verified (score=0.67),1,M5 Standard EASA Exam.docx,"{""raw"": ""64. How can EMI be minimized in avionics installations?\n    a. By using shielded cables and grounding techniques\n    b. By increasing signal power\n    c. By reducing the number of electronic devices"", ""question"": ""64. How can EMI be minimized in avionics installations?"", ""options"": [""By using shielded cables and grounding techniques"", ""By increasing signal power"", ""By reducing the number of electronic devices""], ""correct"": null, ""answer_text"": null, ""category"": null, ""source_file"": ""M5 Standard EASA Exam.docx"", ""source_module"": ""M5"", ""fmt"": ""docx"", ""module"": ""M5"", ""syllabusRef"": ""M5.05.01"", ""level"": null, ""difficulty"": ""MEDIUM""}"
M5,M5.5.6(b),,65. What does the acronym EMC stand for?,Electromagnetic Conduction,Electromagnetic Compatibility,Electromagnetic Calibration,,B,EASY,,,,ANSWERED,Domain-verified (score=1.00),1,M5 Standard EASA Exam.docx,"{""raw"": ""65. What does the acronym EMC stand for?\n    a. Electromagnetic Conduction\n    b. Electromagnetic Compatibility\n    c. Electromagnetic Calibration"", ""question"": ""65. What does the acronym EMC stand for?"", ""options"": [""Electromagnetic Conduction"", ""Electromagnetic Compatibility"", ""Electromagnetic Calibration""], ""correct"": null, ""answer_text"": null, ""category"": null, ""source_file"": ""M5 Standard EASA Exam.docx"", ""source_module"": ""M5"", ""fmt"": ""docx"", ""module"": ""M5"", ""syllabusRef"": ""M5.5.6(b)"", ""level"": null, ""difficulty"": ""EASY""}"
M5,M5.05.04,,66. What is the purpose of electromagnetic shielding in aircraft?,To prevent signal loss,To protect sensitive electronics from external electromagnetic fields,To increase data transmission speed,,B,MEDIUM,,,,ANSWERED,Verified correction (score=1.00),1,M5 Standard EASA Exam.docx,"{""raw"": ""66. What is the purpose of electromagnetic shielding in aircraft?\n    a. To prevent signal loss\n    b. To protect sensitive electronics from external electromagnetic fields\n    c. To increase data transmission speed"", ""question"": ""66. What is the purpose of electromagnetic shielding in aircraft?"", ""options"": [""To prevent signal loss"", ""To protect sensitive electronics from external electromagnetic fields"", ""To increase data transmission speed""], ""correct"": null, ""answer_text"": null, ""category"": null, ""source_file"": ""M5 Standard EASA Exam.docx"", ""source_module"": ""M5"", ""fmt"": ""docx"", ""module"": ""M5"", ""syllabusRef"": ""M5.05.04"", ""level"": null, ""difficulty"": ""MEDIUM""}"
M5,,,67. Which system is used to monitor and manage engine performance in modern aircraft?,EFIS,FADEC (Full Authority Digital Engine Control),EICAS,,B,MEDIUM,,,,ANSWERED,Verified correction (score=0.50),1,M5 Standard EASA Exam.docx,"{""raw"": ""67. Which system is used to monitor and manage engine performance in modern aircraft?\n    a. EFIS\n    b. FADEC (Full Authority Digital Engine Control)\n    c. EICAS"", ""question"": ""67. Which system is used to monitor and manage engine performance in modern aircraft?"", ""options"": [""EFIS"", ""FADEC (Full Authority Digital Engine Control)"", ""EICAS""], ""correct"": null, ""answer_text"": null, ""category"": null, ""source_file"": ""M5 Standard EASA Exam.docx"", ""source_module"": ""M5"", ""fmt"": ""docx"", ""module"": ""M5"", ""difficulty"": ""MEDIUM""}"
M5,M5.5.6(b),,68. What is the primary function of an autopilot system?,To manage fuel consumption,To maintain a set course and altitude without pilot intervention,To monitor cabin pressure,,B,MEDIUM,,,,ANSWERED,Verified correction (score=1.00),1,M5 Standard EASA Exam.docx,"{""raw"": ""68. What is the primary function of an autopilot system?\n    a. To manage fuel consumption\n    b. To maintain a set course and altitude without pilot intervention\n    c. To monitor cabin pressure"", ""question"": ""68. What is the primary function of an autopilot system?"", ""options"": [""To manage fuel consumption"", ""To maintain a set course and altitude without pilot intervention"", ""To monitor cabin pressure""], ""correct"": null, ""answer_text"": null, ""category"": null, ""source_file"": ""M5 Standard EASA Exam.docx"", ""source_module"": ""M5"", ""fmt"": ""docx"", ""module"": ""M5"", ""syllabusRef"": ""M5.5.6(b)"", ""level"": null, ""difficulty"": ""MEDIUM""}"
M5,M5.5.6(b),,71. What is the role of the FMS (Flight Management System) in modern aircraft?,To monitor engine health,"To provide navigation, flight planning, and performance management",To control landing gear,,B,MEDIUM,,,,ANSWERED,Verified correction (score=1.00),1,M5 Standard EASA Exam.docx,"{""raw"": ""71. What is the role of the FMS (Flight Management System) in modern aircraft?\n    a. To monitor engine health\n    b. To provide navigation, flight planning, and performance management\n    c. To control landing gear"", ""question"": ""71. What is the role of the FMS (Flight Management System) in modern aircraft?"", ""options"": [""To monitor engine health"", ""To provide navigation, flight planning, and performance management"", ""To control landing gear""], ""correct"": null, ""answer_text"": null, ""category"": null, ""source_file"": ""M5 Standard EASA Exam.docx"", ""source_module"": ""M5"", ""fmt"": ""docx"", ""module"": ""M5"", ""syllabusRef"": ""M5.5.6(b)"", ""level"": null, ""difficulty"": ""MEDIUM""}"
M5,M5.05.01,,72. How does the Fly-by-Wire (FBW) system improve aircraft control?,By replacing mechanical flight controls with electronic systems for better responsiveness,By reducing aircraft weight,By simplifying pilot operations,,A,MEDIUM,,,,ANSWERED,Domain-verified (score=1.00),1,M5 Standard EASA Exam.docx,"{""raw"": ""72. How does the Fly-by-Wire (FBW) system improve aircraft control?\n    a. By replacing mechanical flight controls with electronic systems for better responsiveness\n    b. By reducing aircraft weight\n    c. By simplifying pilot operations"", ""question"": ""72. How does the Fly-by-Wire (FBW) system improve aircraft control?"", ""options"": [""By replacing mechanical flight controls with electronic systems for better responsiveness"", ""By reducing aircraft weight"", ""By simplifying pilot operations""], ""correct"": null, ""answer_text"": null, ""category"": null, ""source_file"": ""M5 Standard EASA Exam.docx"", ""source_module"": ""M5"", ""fmt"": ""docx"", ""module"": ""M5"", ""syllabusRef"": ""M5.05.01"", ""level"": null, ""difficulty"": ""MEDIUM""}"
