module,syllabusRef,level,text,optionA,optionB,optionC,optionD,correctAnswer,difficulty,subTopic,aiSourceRef,aiConfidence,status,reviewNote,points,sourceFile,rawJson
M1,M1.8.9,,1.   What is the tangent of 90(?,Positive infinity,Negative infinity,0,,A,EASY,,,,DRAFT,Computed from question data,1,1.doc,"{""raw"": ""1.   What is the tangent of 90(?\na) Positive infinity\n     b) Negative infinity\n     c) 0"", ""question"": ""1.   What is the tangent of 90(?"", ""options"": [""Positive infinity"", ""Negative infinity"", ""0""], ""correct"": null, ""answer_text"": null, ""category"": null, ""source_file"": ""1.doc"", ""source_module"": ""M1"", ""fmt"": ""docx"", ""module"": ""M1"", ""syllabusRef"": ""M1.8.9"", ""level"": null, ""difficulty"": ""EASY""}"
M1,,,What  is its volume?,2.88 m3,0.028 m3,0.000288m3,,A,EASY,"2.   A cuboid has dimensions of 4 cm, 6 cm and 12 cm.",,,DRAFT,Found in Suntech corpus,1,1.doc,"{""raw"": ""2.   A cuboid has dimensions of 4 cm, 6 cm and 12 cm.\nWhat  is its volume?\na) 2.88 m3 \n     b) 0.028 m3\n     c) 0.000288m3"", ""question"": ""What  is its volume?"", ""options"": [""2.88 m3"", ""0.028 m3"", ""0.000288m3""], ""correct"": null, ""answer_text"": null, ""category"": ""2.   A cuboid has dimensions of 4 cm, 6 cm and 12 cm."", ""source_file"": ""1.doc"", ""source_module"": ""M1"", ""fmt"": ""docx"", ""module"": ""M1"", ""difficulty"": ""EASY""}"
M1,M1.8.9,,Work out the following sum:   4 (2 (5,37,28,54,,B,EASY,,,,DRAFT,Matched from 1.doc Exam 1 Q3 via answer key (score=0.81),1,1.doc,"{""raw"": ""3.  Work out the following sum:   4 (2 (5 \n 1) \n 3) + 8 \n     a) 37\n     b) 28\n     c) 54"", ""question"": ""Work out the following sum:   4 (2 (5"", ""options"": [""37"", ""28"", ""54""], ""correct"": null, ""answer_text"": null, ""category"": null, ""source_file"": ""1.doc"", ""source_module"": ""M1"", ""fmt"": ""docx"", ""module"": ""M1"", ""syllabusRef"": ""M1.8.9"", ""level"": null, ""difficulty"": ""EASY""}"
M1,M1.8.9,,4.  100000 in binary is what number in decimal?,16,32,64,,B,EASY,,,,DRAFT,Computed from question data,1,1.doc,"{""raw"": ""4.  100000 in binary is what number in decimal?\n     a) 16\n     b) 32\n     c) 64"", ""question"": ""4.  100000 in binary is what number in decimal?"", ""options"": [""16"", ""32"", ""64""], ""correct"": null, ""answer_text"": null, ""category"": null, ""source_file"": ""1.doc"", ""source_module"": ""M1"", ""fmt"": ""docx"", ""module"": ""M1"", ""syllabusRef"": ""M1.8.9"", ""level"": null, ""difficulty"": ""EASY""}"
M1,M1.8.9,,5.  D in hexadecimal is what number in decimal?,8,13,17,,B,EASY,,,,DRAFT,Matched from 1.doc Exam 1 Q5 via answer key (score=0.89),1,1.doc,"{""raw"": ""5.  D in hexadecimal is what number in decimal?\n     a) 8\n     b) 13\n     c) 17"", ""question"": ""5.  D in hexadecimal is what number in decimal?"", ""options"": [""8"", ""13"", ""17""], ""correct"": null, ""answer_text"": null, ""category"": null, ""source_file"": ""1.doc"", ""source_module"": ""M1"", ""fmt"": ""docx"", ""module"": ""M1"", ""syllabusRef"": ""M1.8.9"", ""level"": null, ""difficulty"": ""EASY""}"
M1,M1.8.9,,6.  In the following equation what is the y-intercept?,4,2,8,,B,MEDIUM,,,,DRAFT,Matched from 1.doc Exam 1 Q8 via answer key (score=0.53),1,1.doc,"{""raw"": ""6.  In the following equation what is the y-intercept?          \n     4y = 2x +  8\n     a) 4\n     b) 2\n     c) 8\nTwo angles of a triangle are 68( and 32(.\nTherefore the third angle \n     must be: \n     a) 63( \n     b) 114(\n     c) 80("", ""question"": ""6.  In the following equation what is the y-intercept?"", ""options"": [""4"", ""2"", ""8""], ""correct"": null, ""answer_text"": null, ""category"": null, ""source_file"": ""1.doc"", ""source_module"": ""M1"", ""fmt"": ""docx"", ""module"": ""M1"", ""syllabusRef"": ""M1.8.9"", ""level"": null, ""difficulty"": ""MEDIUM""}"
M1,M1.8.9,,Solve the following equation to find x:,5,25,125,,B,EASY,,,,DRAFT,Matched from 1.doc Exam 1 Q8 via answer key (score=0.74),1,1.doc,"{""raw"": ""8.  Solve the following equation to find x:\n     4x + 8y = 64 \n     2x \n 8y = 86  \n     a) 5 \n     b) 25\n     c) 125"", ""question"": ""Solve the following equation to find x:"", ""options"": [""5"", ""25"", ""125""], ""correct"": null, ""answer_text"": null, ""category"": null, ""source_file"": ""1.doc"", ""source_module"": ""M1"", ""fmt"": ""docx"", ""module"": ""M1"", ""syllabusRef"": ""M1.8.9"", ""level"": null, ""difficulty"": ""EASY""}"
M1,M1.8.9,,Simplify the following,+1,-1,0,,A,EASY,,,,DRAFT,Matched from 1.doc Exam 1 Q9 via answer key (score=0.59),1,1.doc,"{""raw"": ""9.  Simplify the following \n     (w + z)(x \n y)(y \n w) \n     (y \n x)(w \n y)(w + z)\n     a) +1\n     b) -1\n     c) 0"", ""question"": ""Simplify the following"", ""options"": [""+1"", ""-1"", ""0""], ""correct"": null, ""answer_text"": null, ""category"": null, ""source_file"": ""1.doc"", ""source_module"": ""M1"", ""fmt"": ""docx"", ""module"": ""M1"", ""syllabusRef"": ""M1.8.9"", ""level"": null, ""difficulty"": ""EASY""}"
M1,,,101012  + 110012  =,462,468,4610,,C,EASY,,,,DRAFT,Matched from 1.doc Exam 1 Q10 via answer key (score=0.51),1,1.doc,"{""raw"": ""10. 101012  + 110012  = \n     a) 462  \n     b) 468\n     c) 4610\nModule 1\nMathematics\nExam 2"", ""question"": ""101012  + 110012  ="", ""options"": [""462"", ""468"", ""4610""], ""correct"": null, ""answer_text"": null, ""category"": null, ""source_file"": ""1.doc"", ""source_module"": ""M1"", ""fmt"": ""docx"", ""module"": ""M1"", ""difficulty"": ""EASY""}"
M1,M1.11.2,,Which of the following formulae are correct for the,C2 = A2 + B2,B2 = C2 + A2,A2 = C2 + B2,,A,MEDIUM,,,,DRAFT,Matched from 1.doc Exam 2 Q1 via answer key (score=0.71),1,1.doc,"{""raw"": ""1.   Which of the following formulae are correct for the\n     triangle shown?\n          a) C2 = A2 + B2\nb) B2 = C2 + A2\nc) A2 = C2 + B2"", ""question"": ""Which of the following formulae are correct for the"", ""options"": [""C2 = A2 + B2"", ""B2 = C2 + A2"", ""A2 = C2 + B2""], ""correct"": null, ""answer_text"": null, ""category"": null, ""source_file"": ""1.doc"", ""source_module"": ""M1"", ""fmt"": ""docx"", ""module"": ""M1"", ""syllabusRef"": ""M1.11.2"", ""level"": null, ""difficulty"": ""MEDIUM""}"
M1,,,A rectangle 11cm x 120cm.  What is its area in m2,1320,13.2,0.132,,A,EASY,,,,DRAFT,Computed from question data,1,1.doc,"{""raw"": ""2.   A rectangle 11cm x 120cm.  What is its area in m2 \na) 1320\nb) 13.2 \nc) 0.132"", ""question"": ""A rectangle 11cm x 120cm.  What is its area in m2"", ""options"": [""1320"", ""13.2"", ""0.132""], ""correct"": null, ""answer_text"": null, ""category"": null, ""source_file"": ""1.doc"", ""source_module"": ""M1"", ""fmt"": ""docx"", ""module"": ""M1"", ""difficulty"": ""EASY""}"
M1,M1.9.5,,3.   What is 738 in binary coded decimal?,111100010,1011110010,11100111000,,C,EASY,,,,DRAFT,Matched from 1.doc Exam 2 Q3 via answer key (score=0.67),1,1.doc,"{""raw"": ""3.   What is 738 in binary coded decimal? \na) 111100010\nb) 1011110010\nc) 11100111000"", ""question"": ""3.   What is 738 in binary coded decimal?"", ""options"": [""111100010"", ""1011110010"", ""11100111000""], ""correct"": null, ""answer_text"": null, ""category"": null, ""source_file"": ""1.doc"", ""source_module"": ""M1"", ""fmt"": ""docx"", ""module"": ""M1"", ""syllabusRef"": ""M1.9.5"", ""level"": null, ""difficulty"": ""EASY""}"
M1,,,radians does it turn through?,2p radians,p radians,2R2 radians,,B,EASY,4.   If a wheel of radius R revolves,,,DRAFT,Found in Suntech corpus,1,1.doc,"{""raw"": ""4.   If a wheel of radius R revolves \n a turn, how many\nradians does it turn through?\na) 2p radians\nb) p radians \nc) 2R2 radians"", ""question"": ""radians does it turn through?"", ""options"": [""2p radians"", ""p radians"", ""2R2 radians""], ""correct"": null, ""answer_text"": null, ""category"": ""4.   If a wheel of radius R revolves"", ""source_file"": ""1.doc"", ""source_module"": ""M1"", ""fmt"": ""docx"", ""module"": ""M1"", ""difficulty"": ""EASY""}"
M1,,,"If there are two similar angles in a right triangle,",complementary,supplementary,subordinate,,A,MEDIUM,,,,DRAFT,Matched from 1.doc Exam 2 Q5 via answer key (score=0.64),1,1.doc,"{""raw"": ""5.   If there are two similar angles in a right triangle, \nthese angles are \na) complementary\nb) supplementary\nc) subordinate"", ""question"": ""If there are two similar angles in a right triangle,"", ""options"": [""complementary"", ""supplementary"", ""subordinate""], ""correct"": null, ""answer_text"": null, ""category"": null, ""source_file"": ""1.doc"", ""source_module"": ""M1"", ""fmt"": ""docx"", ""module"": ""M1"", ""difficulty"": ""MEDIUM""}"
M1,M1.8.9,,The surface area of a cone whose flat is 10 cm and,80 p,40 p,120 p,,B,MEDIUM,,,,DRAFT,Matched from 1.doc Exam 2 Q6 via answer key (score=0.74),1,1.doc,"{""raw"": ""6.   The surface area of a cone whose flat is 10 cm and \ndiameter is 8 cm is:\n          a) 80 p \nb) 40 p \n          c) 120 p"", ""question"": ""The surface area of a cone whose flat is 10 cm and"", ""options"": [""80 p"", ""40 p"", ""120 p""], ""correct"": null, ""answer_text"": null, ""category"": null, ""source_file"": ""1.doc"", ""source_module"": ""M1"", ""fmt"": ""docx"", ""module"": ""M1"", ""syllabusRef"": ""M1.8.9"", ""level"": null, ""difficulty"": ""MEDIUM""}"
M1,,,(A + B)4      is,(A + B)2,A + B,(A + B)6,,A,EASY,,,,DRAFT,Found in Suntech corpus,1,1.doc,"{""raw"": ""7.   (A + B)4      is \n      (A + B)2 \n          a) (A + B)2 \nb) A + B \nc) (A + B)6"", ""question"": ""(A + B)4      is"", ""options"": [""(A + B)2"", ""A + B"", ""(A + B)6""], ""correct"": null, ""answer_text"": null, ""category"": null, ""source_file"": ""1.doc"", ""source_module"": ""M1"", ""fmt"": ""docx"", ""module"": ""M1"", ""difficulty"": ""EASY""}"
M1,,,An equilateral triangle has,2 equal sides,no equal sides,3 equal sides,,C,EASY,,,,DRAFT,Matched from 1.doc Exam 2 Q8 via answer key (score=0.56),1,1.doc,"{""raw"": ""8.   An equilateral triangle has \n          a) 2 equal sides \nb) no equal sides \nc) 3 equal sides"", ""question"": ""An equilateral triangle has"", ""options"": [""2 equal sides"", ""no equal sides"", ""3 equal sides""], ""correct"": null, ""answer_text"": null, ""category"": null, ""source_file"": ""1.doc"", ""source_module"": ""M1"", ""fmt"": ""docx"", ""module"": ""M1"", ""difficulty"": ""EASY""}"
M1,,,11/16  +  5/8  =,55/128,21/16,10/11,,C,EASY,,,,DRAFT,Found in Suntech corpus,1,1.doc,"{""raw"": ""10.   11/16  +  5/8  = \n          a) 55/128 \nb) 21/16\nc) 10/11\nModule 1\nMathematics\nExam 3"", ""question"": ""11/16  +  5/8  ="", ""options"": [""55/128"", ""21/16"", ""10/11""], ""correct"": null, ""answer_text"": null, ""category"": null, ""source_file"": ""1.doc"", ""source_module"": ""M1"", ""fmt"": ""docx"", ""module"": ""M1"", ""difficulty"": ""EASY""}"
M1,,,7/6 can be expressed as,2.6,1.6,1.166,,C,EASY,,,,DRAFT,Matched from 1.doc Exam 3 Q3 via answer key (score=0.77),1,1.doc,"{""raw"": ""3.   7/6 can be expressed as \na) 2.6 \nb) 1.6 \nc) 1.166"", ""question"": ""7/6 can be expressed as"", ""options"": [""2.6"", ""1.6"", ""1.166""], ""correct"": null, ""answer_text"": null, ""category"": null, ""source_file"": ""1.doc"", ""source_module"": ""M1"", ""fmt"": ""docx"", ""module"": ""M1"", ""difficulty"": ""EASY""}"
M1,M1.8.9,,The ratio of 6:5 can be expressed as,20 : 25,24 : 20,10 : 16,,B,EASY,,,,DRAFT,Computed from question data,1,1.doc,"{""raw"": ""4.   The ratio of 6:5 can be expressed as\na) 20 : 25 \nb) 24 : 20 \nc) 10 : 16"", ""question"": ""The ratio of 6:5 can be expressed as"", ""options"": [""20 : 25"", ""24 : 20"", ""10 : 16""], ""correct"": null, ""answer_text"": null, ""category"": null, ""source_file"": ""1.doc"", ""source_module"": ""M1"", ""fmt"": ""docx"", ""module"": ""M1"", ""syllabusRef"": ""M1.8.9"", ""level"": null, ""difficulty"": ""EASY""}"
M1,,,143 can be expressed as,14 x 3,14 x 14 x 14,14 + 14 + 14,,C,EASY,,,,DRAFT,Matched from 1.doc Exam 3 Q3 via answer key (score=0.67),1,1.doc,"{""raw"": ""5.   143 can be expressed as\na) 14 x 3\nb) 14 x 14 x 14 \nc) 14 + 14 + 14"", ""question"": ""143 can be expressed as"", ""options"": [""14 x 3"", ""14 x 14 x 14"", ""14 + 14 + 14""], ""correct"": null, ""answer_text"": null, ""category"": null, ""source_file"": ""1.doc"", ""source_module"": ""M1"", ""fmt"": ""docx"", ""module"": ""M1"", ""difficulty"": ""EASY""}"
M1,,,0.0000413 can be written as,413 x 10-7,0.413 x 10-7,4.13 x 10-7,,A,EASY,,,,DRAFT,Matched from 1.doc Exam 3 Q6 via answer key (score=0.60),1,1.doc,"{""raw"": ""6.   0.0000413 can be written as\na) 413 x 10-7 \nb) 0.413 x 10-7 \nc) 4.13 x 10-7"", ""question"": ""0.0000413 can be written as"", ""options"": [""413 x 10-7"", ""0.413 x 10-7"", ""4.13 x 10-7""], ""correct"": null, ""answer_text"": null, ""category"": null, ""source_file"": ""1.doc"", ""source_module"": ""M1"", ""fmt"": ""docx"", ""module"": ""M1"", ""difficulty"": ""EASY""}"
M1,,,5/8 + 3/4 =,11/4,11/8,8/8,,B,EASY,,,,DRAFT,Matched from 1.doc Exam 3 Q7 via answer key (score=0.50),1,1.doc,"{""raw"": ""7.   5/8 + 3/4 =\na) 11/4 \nb) 11/8 \nc) 8/8"", ""question"": ""5/8 + 3/4 ="", ""options"": [""11/4"", ""11/8"", ""8/8""], ""correct"": null, ""answer_text"": null, ""category"": null, ""source_file"": ""1.doc"", ""source_module"": ""M1"", ""fmt"": ""docx"", ""module"": ""M1"", ""difficulty"": ""EASY""}"
M1,M1.8.9,,The LCD for the problem 1/6 + 1/5 + 1/17 + 1/2  is,1020,17,510,,C,MEDIUM,,,,DRAFT,Matched from 1.doc Exam 3 Q8 via answer key (score=0.88),1,1.doc,"{""raw"": ""8.   The LCD for the problem 1/6 + 1/5 + 1/17 + 1/2  is \na) 1020\nb) 17 \nc) 510"", ""question"": ""The LCD for the problem 1/6 + 1/5 + 1/17 + 1/2  is"", ""options"": [""1020"", ""17"", ""510""], ""correct"": null, ""answer_text"": null, ""category"": null, ""source_file"": ""1.doc"", ""source_module"": ""M1"", ""fmt"": ""docx"", ""module"": ""M1"", ""syllabusRef"": ""M1.8.9"", ""level"": null, ""difficulty"": ""MEDIUM""}"
M1,,,Area of a right circular cone is,p x r x l,(p x r x l) + 2  p x r x r,2/3 (p x r x l),,A,EASY,,,,DRAFT,Matched from 1.doc Exam 4 Q1 via answer key (score=0.58),1,1.doc,"{""raw"": ""1.   Area of a right circular cone is \n          a) p x r x l \nb) (p x r x l) + 2  p x r x r \nc) 2/3 (p x r x l)"", ""question"": ""Area of a right circular cone is"", ""options"": [""p x r x l"", ""(p x r x l) + 2  p x r x r"", ""2/3 (p x r x l)""], ""correct"": null, ""answer_text"": null, ""category"": null, ""source_file"": ""1.doc"", ""source_module"": ""M1"", ""fmt"": ""docx"", ""module"": ""M1"", ""difficulty"": ""EASY""}"
M1,,,log 9 - log 3 =,log 3,log 6,log 9,,A,EASY,,,,DRAFT,Matched from 1.doc Exam 4 Q2 via answer key (score=0.55),1,1.doc,"{""raw"": ""2.   log 9 - log 3 = \n          a) log 3  \nb) log 6  \nc) log 9"", ""question"": ""log 9 - log 3 ="", ""options"": [""log 3"", ""log 6"", ""log 9""], ""correct"": null, ""answer_text"": null, ""category"": null, ""source_file"": ""1.doc"", ""source_module"": ""M1"", ""fmt"": ""docx"", ""module"": ""M1"", ""difficulty"": ""EASY""}"
M1,M1.8.9,,The three angles of a triangle summed together equal,90,180,360,,B,MEDIUM,,,,DRAFT,Matched from 1.doc Exam 4 Q3 via answer key (score=0.90),1,1.doc,"{""raw"": ""3.   The three angles of a triangle summed together equal \n          a) 90\nb) 180\nc) 360"", ""question"": ""The three angles of a triangle summed together equal"", ""options"": [""90"", ""180"", ""360""], ""correct"": null, ""answer_text"": null, ""category"": null, ""source_file"": ""1.doc"", ""source_module"": ""M1"", ""fmt"": ""docx"", ""module"": ""M1"", ""syllabusRef"": ""M1.8.9"", ""level"": null, ""difficulty"": ""MEDIUM""}"
M1,,,"Given that a = X + B, what is y equal to",a + X,X - B,X + B,,C,EASY,,,,DRAFT,Matched from 1.doc Exam 4 Q5 via answer key (score=0.78),1,1.doc,"{""raw"": ""5.   Given that a = X + B, what is y equal to\n                        y\n          a) a + X\n               B\nb) X - B\n               a \nc) X + B\n               a"", ""question"": ""Given that a = X + B, what is y equal to"", ""options"": [""a + X"", ""X - B"", ""X + B""], ""correct"": null, ""answer_text"": null, ""category"": null, ""source_file"": ""1.doc"", ""source_module"": ""M1"", ""fmt"": ""docx"", ""module"": ""M1"", ""difficulty"": ""EASY""}"
M1,,,Calculate (+ 3) - (- 4),-1,+7,-7,,B,EASY,,,,DRAFT,Matched from 1.doc Exam 4 Q6 via answer key (score=0.81),1,1.doc,"{""raw"": ""6.   Calculate (+ 3) - (- 4)\n          a) -1 \nb) +7 \nc) -7"", ""question"": ""Calculate (+ 3) - (- 4)"", ""options"": [""-1"", ""+7"", ""-7""], ""correct"": null, ""answer_text"": null, ""category"": null, ""source_file"": ""1.doc"", ""source_module"": ""M1"", ""fmt"": ""docx"", ""module"": ""M1"", ""difficulty"": ""EASY""}"
M1,M1.8.9,,"To convert imperial gallons to litres, multiply by",4.5,5.4,4.7,,A,MEDIUM,,,,DRAFT,Matched from 1.doc Exam 4 Q7 via answer key (score=0.89),1,1.doc,"{""raw"": ""7.   To convert imperial gallons to litres, multiply by\n          a) 4.5 \nb) 5.4 \nc) 4.7"", ""question"": ""To convert imperial gallons to litres, multiply by"", ""options"": [""4.5"", ""5.4"", ""4.7""], ""correct"": null, ""answer_text"": null, ""category"": null, ""source_file"": ""1.doc"", ""source_module"": ""M1"", ""fmt"": ""docx"", ""module"": ""M1"", ""syllabusRef"": ""M1.8.9"", ""level"": null, ""difficulty"": ""MEDIUM""}"
M1,M1.8.9,,Express 9/20 as a percentage,45 %,40 %,47 %,,A,EASY,,,,DRAFT,Matched from 1.doc Exam 4 Q8 via answer key (score=0.86),1,1.doc,"{""raw"": ""8.   Express 9/20 as a percentage \n          a) 45 %\nb) 40 % \nc) 47 %"", ""question"": ""Express 9/20 as a percentage"", ""options"": [""45 %"", ""40 %"", ""47 %""], ""correct"": null, ""answer_text"": null, ""category"": null, ""source_file"": ""1.doc"", ""source_module"": ""M1"", ""fmt"": ""docx"", ""module"": ""M1"", ""syllabusRef"": ""M1.8.9"", ""level"": null, ""difficulty"": ""EASY""}"
M1,M1.8.9,,"To find the area of a circle, multiply",the square of the radius by p,the square of the circumference  by the radius,twice the radius by p,,A,EASY,,,,DRAFT,Found in Suntech corpus,1,1.doc,"{""raw"": ""9.   To find the area of a circle, multiply \n          a) the square of the radius by p \nb) the square of the circumference  by the radius \nc) twice the radius by p"", ""question"": ""To find the area of a circle, multiply"", ""options"": [""the square of the radius by p"", ""the square of the circumference  by the radius"", ""twice the radius by p""], ""correct"": null, ""answer_text"": null, ""category"": null, ""source_file"": ""1.doc"", ""source_module"": ""M1"", ""fmt"": ""docx"", ""module"": ""M1"", ""syllabusRef"": ""M1.8.9"", ""level"": null, ""difficulty"": ""EASY""}"
M1,,,10.   How many centimetres is in an inch?,25.4,0.254,2.54,,A,EASY,,,,DRAFT,Found in Suntech corpus,1,1.doc,"{""raw"": ""10.   How many centimetres is in an inch? \n          a) 25.4\nb) 0.254 \nc) 2.54"", ""question"": ""10.   How many centimetres is in an inch?"", ""options"": [""25.4"", ""0.254"", ""2.54""], ""correct"": null, ""answer_text"": null, ""category"": null, ""source_file"": ""1.doc"", ""source_module"": ""M1"", ""fmt"": ""docx"", ""module"": ""M1"", ""difficulty"": ""EASY""}"
M1,M1.9.5,,The decimal expansion of 22/7 is,"For some integer n, the odd integer is represented in the form of:",HCF of 26 and 91 is:,,,A,MEDIUM,,,,DRAFT,Found in Suntech corpus,1,AEROJET M1 MATH MARATHON 1_230801_064301.pdf,"{""raw"": ""1. The decimal expansion of 22/7 is\n(a) Terminating\n(b) Non-terminating and repeating\n(c) Non-terminating and Non-repeating\n2. For some integer n, the odd integer is represented in the form of:\n(a) n\n(b) n + 1\n(c) 2n + 1\n3. HCF of 26 and 91 is:\n(a) 15\n(b) 13\n(c) 19"", ""question"": ""The decimal expansion of 22/7 is"", ""options"": [""For some integer n, the odd integer is represented in the form of:"", ""HCF of 26 and 91 is:""], ""correct"": null, ""answer_text"": null, ""category"": null, ""source_file"": ""AEROJET M1 MATH MARATHON 1_230801_064301.pdf"", ""source_module"": ""M1"", ""fmt"": ""pdf"", ""module"": ""M1"", ""syllabusRef"": ""M1.9.5"", ""level"": null, ""difficulty"": ""MEDIUM""}"
M1,M1.8.9,,Which of the following is not irrational?,The addition of a rational number and an irrational number is equal to:,The multiplication of two irrational numbers is:,"If set A = {1, 2, 3, 4, 5,…} is given, then it represents:","If p and q are integers and is represented in the form of p/q, then it is a:",D,HARD,,,,DRAFT,Found in Suntech corpus,1,AEROJET M1 MATH MARATHON 1_230801_064301.pdf,"{""raw"": ""4. Which of the following is not irrational?\n(a) (3 + √7)\n(b) (3 – √7)\n(c) (3 + √7) (3 – √7)\n5. The addition of a rational number and an irrational number is equal to:\n(a) rational number\n(b) Irrational number\n(c) Both\nThe addition of a rational number and an irrational number is equal to irrational number.\n6. The multiplication of two irrational numbers is:\n(a) irrational number\n(b) rational number\n(c) Maybe rational or irrational\n7. If set A = {1, 2, 3, 4, 5,…} is given, then it represents:\n(a) Whole numbers\n(b) Rational Numbers\n(c) Natural numbers\n8. If p and q are integers and is represented in the form of p/q, then it is a:\n(a) Whole number\n(b) Rational number\n(c) Natural number\n9. The largest number that divides 70 and 125, which leaves the remainders 5 and 8, is:\n(a) 65\n(b) 15\n(c) 13\n10. The least number that is divisible by all the numbers from 1 to 5 is:\n(a) 70\n(b) 60\n(c) 80\n11. The sum or difference of two irrational numbers is always\n(a) rational\n(b) irrational\n(c) rational or irrational\n12. The decimal expansion of the rational number 23/(22 . 5) will terminate after\n(a) one decimal place\n(b) two decimal places\n(c) three decimal places\n14. For some integer m, every even integer is of the form\n(a) m\n(b) m + 1\n(c) 2m\n17. The prime factorisation of 96 is\n(a) 25 × 3\n(b) 26\n(c) 24 × 3\n18.The zeroes of x2–2x –8 are:\n(a) (2,-4)\n(b) (4,-2)\n(c) (-2,-2)\n19. What is the quadratic polynomial whose sum and the product of zeroes is √2,\n⅓ respectively?\n(a) 3x2-3√2x+1\n(b) 3x2+3√2x+1\n(c) 3x2+3√2x-1\n20. If the zeroes of the quadratic polynomial ax2+bx+c, c≠0 are equal, then\n(a) c and b have opposite signs\n(b) c and a have opposite signs\n(c) c and a have same signs\n21. The degree of the polynomial, x4 – x2 +2 is\n(a) 2\n(b) 4\n(c) 1\n22. If p(x) is a polynomial of degree one and p(a) = 0, then a is said to be:\n(a) Zero of p(x)\n(b) Value of p(x)\n(c) Constant of p(x)\n23. Zeroes of a polynomial can be expressed graphically. Number of zeroes of\npolynomial is equal to number of points where the graph of polynomial is:\n(a) Intersects x-axis\n(b) Intersects y-axis\n(c) Intersects y-axis or x-axis\n24. A polynomial of degree n has:\n(a) Only one zero\n(b) At least n zeroes\n(C) At most n zeroes\n25. Zeroes of p(x) = x2-27 are:\n(a) ±9√3\n(b) ±3√3\n(c) ±7√3\n26. If one zero of the quadratic polynomial x2 + 3x + k is 2, then the value of k is\n(a) 10\n(b) –10\n(c) 5\n27. A quadratic polynomial, whose zeroes are –3 and 4, is\n(a) x² – x + 12\n(b) x² + x + 12\n(c) (x²/2) – (x/2) – 6\n28. The zeroes of the quadratic polynomial x2 + 99x + 127 are\n(a) both positive\n(b) both negative\n(c) one positive and one negative\n29. The zeroes of the quadratic polynomial x2 + 7x + 10 are\n(a) -4, -3\n(b) 2, 5\n(c) -2, -5\n30. The pairs of equations x+2y-5 = 0 and -4x-8y+20=0 have:\n(a) Unique solution\n(b) Exactly two solutions\n(c) Infinitely many solutions\n31. If a pair of linear equations is consistent, then the lines are:\n(a) Parallel\n(b) Always coincident\n(c) Intersecting or coincident\n32. The pairs of equations 9x + 3y + 12 = 0 and 18x + 6y + 26 = 0 have\n(a) Unique solution\n(b) No solution\n(c) Exactly two solutions\n33. If the lines 3x+2ky – 2 = 0 and 2x+5y+1 = 0 are parallel, then what is the value\nof k?\n(a) 4/15\n(b) 15/4\n(c) ⅘\n34.The solution of the equations x-y=2 and x+y=4 is:\n(a) 3 and 1\n(b) 4 and 3\n(c) 5 and 1\n35. A fraction becomes 1/3 when 1 is subtracted from the numerator and it\nbecomes 1/4 when 8 is added to its denominator. The fraction obtained is:\n(a) 3/12\n(b) 4/12\n(c) 5/12\n36. The solution of 4/x+3y=14 and 3/x-4y=23 is:\n(a) ⅕ and -2\n(b) ⅓ and ½\n(c) 3 and ½\n37. Ritu can row downstream 20 km in 2 hours, and upstream 4 km in 2 hours. Her\nspeed of rowing in still water and the speed of the current is:\n(a) 6km/hr and 3km/hr\n(b) 7km/hr and 4km/hr\n(c) 6km/hr and 4km/hr\n38. The angles of cyclic quadrilaterals ABCD are: A = (6x+10), B=(5x)°, C = (x+y)°\nand D=(3y-10)°. The value of x and y is:\n(a) x=20° and y = 10°\n(b) x=20° and y = 30°\n(c) x=44° and y=15°\n39. The pair of equations x = a and y = b graphically represents lines which are\n(a) parallel\n(b) intersecting at (b, a)\n(c) intersecting at (a, b)\n40. The father’s age is six times his son’s age. Four years hence, the age of the\nfather will be four times his son’s age. The present ages, in years, of the son and\nthe father are, respectively\n(a) 4 and 24\n(b) 5 and 30\n(c) 6 and 36"", ""question"": ""Which of the following is not irrational?"", ""options"": [""The addition of a rational number and an irrational number is equal to:"", ""The multiplication of two irrational numbers is:"", ""If set A = {1, 2, 3, 4, 5,…} is given, then it represents:"", ""If p and q are integers and is represented in the form of p/q, then it is a:"", ""The largest number that divides 70 and 125, which leaves the remainders 5 and 8, is:""], ""correct"": null, ""answer_text"": null, ""category"": null, ""source_file"": ""AEROJET M1 MATH MARATHON 1_230801_064301.pdf"", ""source_module"": ""M1"", ""fmt"": ""pdf"", ""module"": ""M1"", ""syllabusRef"": ""M1.8.9"", ""level"": null, ""difficulty"": ""HARD""}"
M1,,,3/7 multiplied by 0.084 gives,0.036,0.36,3.6,,C,EASY,,,,DRAFT,Found in Suntech corpus,1,AEROJET M1  MOCK  AUG TT3 EXTRA 1_230817_091323.pdf,"{""raw"": ""2. 3/7 multiplied by 0.084 gives\nA. 0.036\nB. 0.36\nC. 3.6"", ""question"": ""3/7 multiplied by 0.084 gives"", ""options"": [""0.036"", ""0.36"", ""3.6""], ""correct"": null, ""answer_text"": null, ""category"": null, ""source_file"": ""AEROJET M1  MOCK  AUG TT3 EXTRA 1_230817_091323.pdf"", ""source_module"": ""M1"", ""fmt"": ""pdf"", ""module"": ""M1"", ""difficulty"": ""EASY""}"
M1,,,Tan 90 degrees + Cos 0 degrees =,0,1,undefined,,C,EASY,,,,DRAFT,Computed from question data,1,AEROJET M1  MOCK  AUG TT3 EXTRA 1_230817_091323.pdf,"{""raw"": ""5. Tan 90 degrees + Cos 0 degrees =\nA. 0\nB. 1\nC. undefined"", ""question"": ""Tan 90 degrees + Cos 0 degrees ="", ""options"": [""0"", ""1"", ""undefined""], ""correct"": null, ""answer_text"": null, ""category"": null, ""source_file"": ""AEROJET M1  MOCK  AUG TT3 EXTRA 1_230817_091323.pdf"", ""source_module"": ""M1"", ""fmt"": ""pdf"", ""module"": ""M1"", ""difficulty"": ""EASY""}"
M1,,,(2+6)2×2−45×2 =,– 20,58,38,,A,EASY,,,,REVIEWED,Computed: 2 = 2,1,AEROJET M1  MOCK  AUG TT3 EXTRA 1_230817_091323.pdf,"{""raw"": ""8. (2+6)2×2−45×2 =\nA. – 20\nB. 58\nC. 38"", ""question"": ""(2+6)2×2−45×2 ="", ""options"": [""– 20"", ""58"", ""38""], ""correct"": null, ""answer_text"": null, ""category"": null, ""source_file"": ""AEROJET M1  MOCK  AUG TT3 EXTRA 1_230817_091323.pdf"", ""source_module"": ""M1"", ""fmt"": ""pdf"", ""module"": ""M1"", ""difficulty"": ""EASY""}"
M1,,,Add 56° 47 minute 38 seconds to 31° 31 minutes 27 seconds,88 ° 19 minutes 5 seconds,87 ° 20 minutes 5 seconds,88 ° 18 minutes 5 seconds,,A,MEDIUM,,,,DRAFT,Found in Suntech corpus,1,AEROJET M1  MOCK  AUG TT3 EXTRA 1_230817_091323.pdf,"{""raw"": ""12. Add 56° 47 minute 38 seconds to 31° 31 minutes 27 seconds\nA. 88 ° 19 minutes 5 seconds\nB. 87 ° 20 minutes 5 seconds\nC. 88 ° 18 minutes 5 seconds"", ""question"": ""Add 56° 47 minute 38 seconds to 31° 31 minutes 27 seconds"", ""options"": [""88 ° 19 minutes 5 seconds"", ""87 ° 20 minutes 5 seconds"", ""88 ° 18 minutes 5 seconds""], ""correct"": null, ""answer_text"": null, ""category"": null, ""source_file"": ""AEROJET M1  MOCK  AUG TT3 EXTRA 1_230817_091323.pdf"", ""source_module"": ""M1"", ""fmt"": ""pdf"", ""module"": ""M1"", ""difficulty"": ""MEDIUM""}"
M1,M1.8.9,,What is the y-intercept of the graph of - x = - 6y +16,– 8 /3,– 3/8,8/3,,A,MEDIUM,,,,DRAFT,Found in Suntech corpus,1,AEROJET M1  MOCK  AUG TT3 EXTRA 1_230817_091323.pdf,"{""raw"": ""15. What is the y-intercept of the graph of - x = - 6y +16\nA. – 8 /3\nB. – 3/8\nC. 8/3"", ""question"": ""What is the y-intercept of the graph of - x = - 6y +16"", ""options"": [""– 8 /3"", ""– 3/8"", ""8/3""], ""correct"": null, ""answer_text"": null, ""category"": null, ""source_file"": ""AEROJET M1  MOCK  AUG TT3 EXTRA 1_230817_091323.pdf"", ""source_module"": ""M1"", ""fmt"": ""pdf"", ""module"": ""M1"", ""syllabusRef"": ""M1.8.9"", ""level"": null, ""difficulty"": ""MEDIUM""}"
M1,M1.8.9,,"16. Excluding 1, what is the lowest common factor of 36, 54 and 162?",9,6,2,,B,MEDIUM,,,,NEEDS_ANSWER,From Module 1 Answers.txt Test 1 Q6,1,AEROJET M1  MOCK  AUG TT3 EXTRA 1_230817_091323.pdf,"{""raw"": ""16. Excluding 1, what is the lowest common factor of 36, 54 and 162?\nA. 9\nB. 6\nC. 2"", ""question"": ""16. Excluding 1, what is the lowest common factor of 36, 54 and 162?"", ""options"": [""9"", ""6"", ""2""], ""correct"": null, ""answer_text"": null, ""category"": null, ""source_file"": ""AEROJET M1  MOCK  AUG TT3 EXTRA 1_230817_091323.pdf"", ""source_module"": ""M1"", ""fmt"": ""pdf"", ""module"": ""M1"", ""syllabusRef"": ""M1.8.9"", ""level"": null, ""difficulty"": ""MEDIUM""}"
M1,M1.8.9,,What is the gradient of the graph of – x = 6y +18,1/6,– 1/6,– x /6,,A,EASY,,,,DRAFT,Found in Suntech corpus,1,AEROJET M1  MOCK  AUG TT3 EXTRA 1_230817_091323.pdf,"{""raw"": ""17. What is the gradient of the graph of – x = 6y +18\nA. 1/6\nB. – 1/6\nC. – x /6"", ""question"": ""What is the gradient of the graph of – x = 6y +18"", ""options"": [""1/6"", ""– 1/6"", ""– x /6""], ""correct"": null, ""answer_text"": null, ""category"": null, ""source_file"": ""AEROJET M1  MOCK  AUG TT3 EXTRA 1_230817_091323.pdf"", ""source_module"": ""M1"", ""fmt"": ""pdf"", ""module"": ""M1"", ""syllabusRef"": ""M1.8.9"", ""level"": null, ""difficulty"": ""EASY""}"
M1,M1.8.9,,Rewrite octal 14 as a number in base 10,12,68,21,,A,EASY,,,,REVIEWED,Computed from question data,1,AEROJET M1  MOCK  AUG TT3 EXTRA 1_230817_091323.pdf,"{""raw"": ""19. Rewrite octal 14 as a number in base 10\nA. 12\nB. 68\nC. 21"", ""question"": ""Rewrite octal 14 as a number in base 10"", ""options"": [""12"", ""68"", ""21""], ""correct"": null, ""answer_text"": null, ""category"": null, ""source_file"": ""AEROJET M1  MOCK  AUG TT3 EXTRA 1_230817_091323.pdf"", ""source_module"": ""M1"", ""fmt"": ""pdf"", ""module"": ""M1"", ""syllabusRef"": ""M1.8.9"", ""level"": null, ""difficulty"": ""EASY""}"
M1,M1.10.1,,20. What is the value of 0.11 base 2 in base 10?,3,1/2,¾,,B,EASY,,,,DRAFT,Found in Suntech corpus,1,AEROJET M1  MOCK  AUG TT3 EXTRA 1_230817_091323.pdf,"{""raw"": ""20. What is the value of 0.11 base 2 in base 10?\nA. 3\nB. 1/2\nC. ¾"", ""question"": ""20. What is the value of 0.11 base 2 in base 10?"", ""options"": [""3"", ""1/2"", ""¾""], ""correct"": null, ""answer_text"": null, ""category"": null, ""source_file"": ""AEROJET M1  MOCK  AUG TT3 EXTRA 1_230817_091323.pdf"", ""source_module"": ""M1"", ""fmt"": ""pdf"", ""module"": ""M1"", ""syllabusRef"": ""M1.10.1"", ""level"": null, ""difficulty"": ""EASY""}"
M1,M1.8.9,,Find the volume of a cuboid with dimensions 5 cm by 6 m by 10 cm.,300 cubic metres,0.003 cubic metres,0.0003 cubic metres,,A,MEDIUM,,,,DRAFT,Computed from question data,1,AEROJET M1  MOCK  AUG TT3 EXTRA 1_230817_091323.pdf,"{""raw"": ""21. Find the volume of a cuboid with dimensions 5 cm by 6 m by 10 cm.\nA. 300 cubic metres\nB. 0.003 cubic metres\nC. 0.0003 cubic metres"", ""question"": ""Find the volume of a cuboid with dimensions 5 cm by 6 m by 10 cm."", ""options"": [""300 cubic metres"", ""0.003 cubic metres"", ""0.0003 cubic metres""], ""correct"": null, ""answer_text"": null, ""category"": null, ""source_file"": ""AEROJET M1  MOCK  AUG TT3 EXTRA 1_230817_091323.pdf"", ""source_module"": ""M1"", ""fmt"": ""pdf"", ""module"": ""M1"", ""syllabusRef"": ""M1.8.9"", ""level"": null, ""difficulty"": ""MEDIUM""}"
M1,M1.8.9,,To covert imperial gallons to litres,Multiply by 4.5,Multiply by 4.6,Multiply by 4.7,,A,EASY,,,,DRAFT,Found in Suntech corpus,1,AEROJET M1  MOCK  AUG TT3 EXTRA 1_230817_091323.pdf,"{""raw"": ""25. To covert imperial gallons to litres\nA. Multiply by 4.5\nB. Multiply by 4.6\nC. Multiply by 4.7"", ""question"": ""To covert imperial gallons to litres"", ""options"": [""Multiply by 4.5"", ""Multiply by 4.6"", ""Multiply by 4.7""], ""correct"": null, ""answer_text"": null, ""category"": null, ""source_file"": ""AEROJET M1  MOCK  AUG TT3 EXTRA 1_230817_091323.pdf"", ""source_module"": ""M1"", ""fmt"": ""pdf"", ""module"": ""M1"", ""syllabusRef"": ""M1.8.9"", ""level"": null, ""difficulty"": ""EASY""}"
M1,M1.8.9,,26. What is the supplement of 14 degrees 14 minutes and 39 seconds?,76 degrees 47 minutes 21 seconds,165 degrees 47 minutes 21 seconds,166 degrees 47 minutes 21 seconds,,C,MEDIUM,,,,NEEDS_ANSWER,Computed (supplement): 166,1,AEROJET M1  MOCK  AUG TT3 EXTRA 1_230817_091323.pdf,"{""raw"": ""26. What is the supplement of 14 degrees 14 minutes and 39 seconds?\nA. 76 degrees 47 minutes 21 seconds\nB. 165 degrees 47 minutes 21 seconds\nC. 166 degrees 47 minutes 21 seconds"", ""question"": ""26. What is the supplement of 14 degrees 14 minutes and 39 seconds?"", ""options"": [""76 degrees 47 minutes 21 seconds"", ""165 degrees 47 minutes 21 seconds"", ""166 degrees 47 minutes 21 seconds""], ""correct"": null, ""answer_text"": null, ""category"": null, ""source_file"": ""AEROJET M1  MOCK  AUG TT3 EXTRA 1_230817_091323.pdf"", ""source_module"": ""M1"", ""fmt"": ""pdf"", ""module"": ""M1"", ""syllabusRef"": ""M1.8.9"", ""level"": null, ""difficulty"": ""MEDIUM""}"
M1,M1.8.9,,28. What is the angle between the hands of the clock at 3:15 pm?,30 degrees,15 degrees,7.5 degrees,,C,MEDIUM,,,,DRAFT,Found in Suntech corpus,1,AEROJET M1  MOCK  AUG TT3 EXTRA 1_230817_091323.pdf,"{""raw"": ""28. What is the angle between the hands of the clock at 3:15 pm?\nA. 30 degrees\nB. 15 degrees\nC. 7.5 degrees"", ""question"": ""28. What is the angle between the hands of the clock at 3:15 pm?"", ""options"": [""30 degrees"", ""15 degrees"", ""7.5 degrees""], ""correct"": null, ""answer_text"": null, ""category"": null, ""source_file"": ""AEROJET M1  MOCK  AUG TT3 EXTRA 1_230817_091323.pdf"", ""source_module"": ""M1"", ""fmt"": ""pdf"", ""module"": ""M1"", ""syllabusRef"": ""M1.8.9"", ""level"": null, ""difficulty"": ""MEDIUM""}"
M1,,,Factorise −6+𝑥2−𝑥,x = 3 and x = - 2,x = - 3 and x = 2,(x -3)(x + 2),,A,EASY,,,,DRAFT,Found in Suntech corpus,1,AEROJET M1  MOCK  AUG TT3 EXTRA 1_230817_091323.pdf,"{""raw"": ""29. Factorise −6+𝑥2−𝑥\nA. x = 3 and x = - 2\nB. x = - 3 and x = 2\nC. (x -3)(x + 2)"", ""question"": ""Factorise −6+𝑥2−𝑥"", ""options"": [""x = 3 and x = - 2"", ""x = - 3 and x = 2"", ""(x -3)(x + 2)""], ""correct"": null, ""answer_text"": null, ""category"": null, ""source_file"": ""AEROJET M1  MOCK  AUG TT3 EXTRA 1_230817_091323.pdf"", ""source_module"": ""M1"", ""fmt"": ""pdf"", ""module"": ""M1"", ""difficulty"": ""EASY""}"
M1,M1.10.1,,30. What is the value of 210 degrees in radians?,6/7 pi,7/6 pi,1.61 pi,,A,EASY,,,,DRAFT,Found in Suntech corpus,1,AEROJET M1  MOCK  AUG TT3 EXTRA 1_230817_091323.pdf,"{""raw"": ""30. What is the value of 210 degrees in radians?\nA. 6/7 pi\nB. 7/6 pi\nC. 1.61 pi"", ""question"": ""30. What is the value of 210 degrees in radians?"", ""options"": [""6/7 pi"", ""7/6 pi"", ""1.61 pi""], ""correct"": null, ""answer_text"": null, ""category"": null, ""source_file"": ""AEROJET M1  MOCK  AUG TT3 EXTRA 1_230817_091323.pdf"", ""source_module"": ""M1"", ""fmt"": ""pdf"", ""module"": ""M1"", ""syllabusRef"": ""M1.10.1"", ""level"": null, ""difficulty"": ""EASY""}"
M1,M1.8.9,,"Find u if, − = 4",7.25,– 72.5,– 7.25,,A,EASY,,,,DRAFT,Found in Suntech corpus,1,AEROJET M1  MOCK  AUG TT3 EXTRA 1_230817_091323.pdf,"{""raw"": ""32. Find u if, − = 4\n3 2\nA. 7.25\nB. – 72.5\nC. – 7.25\n3𝑇"", ""question"": ""Find u if, − = 4"", ""options"": [""7.25"", ""– 72.5"", ""– 7.25""], ""correct"": null, ""answer_text"": null, ""category"": null, ""source_file"": ""AEROJET M1  MOCK  AUG TT3 EXTRA 1_230817_091323.pdf"", ""source_module"": ""M1"", ""fmt"": ""pdf"", ""module"": ""M1"", ""syllabusRef"": ""M1.8.9"", ""level"": null, ""difficulty"": ""EASY""}"
M1,M1.8.9,,Make r the subject of the relation 2√ = 𝑏,𝑟 =,𝑟 =,𝑟 =,,B,EASY,,,,NEEDS_ANSWER,Matched ameprep Q14 (sim=0.81),1,AEROJET M1  MOCK  AUG TT3 EXTRA 1_230817_091323.pdf,"{""raw"": ""33. Make r the subject of the relation 2√ = 𝑏\n𝑎𝑟\n12𝑇\nA. 𝑟 =\n𝑎𝑏2\n6𝑇\nB. 𝑟 =\n𝑎𝑏2\n3𝑇\nC. 𝑟 =\n2𝑎𝑏2"", ""question"": ""Make r the subject of the relation 2√ = 𝑏"", ""options"": [""𝑟 ="", ""𝑟 ="", ""𝑟 =""], ""correct"": null, ""answer_text"": null, ""category"": null, ""source_file"": ""AEROJET M1  MOCK  AUG TT3 EXTRA 1_230817_091323.pdf"", ""source_module"": ""M1"", ""fmt"": ""pdf"", ""module"": ""M1"", ""syllabusRef"": ""M1.8.9"", ""level"": null, ""difficulty"": ""EASY""}"
M1,,,Solve simultaneously,"(5 , 4)","(- 4 , 5)","(4 , 5)",,A,EASY,,,,DRAFT,Found in Suntech corpus,1,AEROJET M1  MOCK  AUG TT3 EXTRA 1_230817_091323.pdf,"{""raw"": ""35. Solve simultaneously\n4x – 3y = 1\nx + 3y = 19\nA. (5 , 4)\nB. (- 4 , 5)\nC. (4 , 5)\n2 1"", ""question"": ""Solve simultaneously"", ""options"": [""(5 , 4)"", ""(- 4 , 5)"", ""(4 , 5)""], ""correct"": null, ""answer_text"": null, ""category"": null, ""source_file"": ""AEROJET M1  MOCK  AUG TT3 EXTRA 1_230817_091323.pdf"", ""source_module"": ""M1"", ""fmt"": ""pdf"", ""module"": ""M1"", ""difficulty"": ""EASY""}"
M1,M1.8.9,,Find a quadratic equation whose roots are − and 1 .,6x2 - 5x – 6,6x2 -+5x – 6,6x2 - 5x = 6,,A,MEDIUM,,,,DRAFT,Found in Suntech corpus,1,AEROJET M1  MOCK  AUG TT3 EXTRA 1_230817_091323.pdf,"{""raw"": ""36. Find a quadratic equation whose roots are − and 1 .\n3 2\nA. 6x2 - 5x – 6\nB. 6x2 -+5x – 6\nC. 6x2 - 5x = 6"", ""question"": ""Find a quadratic equation whose roots are − and 1 ."", ""options"": [""6x2 - 5x – 6"", ""6x2 -+5x – 6"", ""6x2 - 5x = 6""], ""correct"": null, ""answer_text"": null, ""category"": null, ""source_file"": ""AEROJET M1  MOCK  AUG TT3 EXTRA 1_230817_091323.pdf"", ""source_module"": ""M1"", ""fmt"": ""pdf"", ""module"": ""M1"", ""syllabusRef"": ""M1.8.9"", ""level"": null, ""difficulty"": ""MEDIUM""}"
M1,M1.9.5,,Write octal 37·13 in decimal,31·140625,31·146025,31·140605,,A,EASY,,,,DRAFT,Found in Suntech corpus,1,AEROJET M1  MOCK  AUG TT3 EXTRA 1_230817_091323.pdf,"{""raw"": ""37. Write octal 37·13 in decimal\nA. 31·140625\nB. 31·146025\nC. 31·140605"", ""question"": ""Write octal 37·13 in decimal"", ""options"": [""31·140625"", ""31·146025"", ""31·140605""], ""correct"": null, ""answer_text"": null, ""category"": null, ""source_file"": ""AEROJET M1  MOCK  AUG TT3 EXTRA 1_230817_091323.pdf"", ""source_module"": ""M1"", ""fmt"": ""pdf"", ""module"": ""M1"", ""syllabusRef"": ""M1.9.5"", ""level"": null, ""difficulty"": ""EASY""}"
M1,,,Convert A7 to binary.,1 1 1 0 0 1 1 1,1 0 1 10 1 1 1,1 0 1 0 0 1 1 1,,A,EASY,,,,DRAFT,Found in Suntech corpus,1,AEROJET M1  MOCK  AUG TT3 EXTRA 1_230817_091323.pdf,"{""raw"": ""38. Convert A7 to binary.\n16\nA. 1 1 1 0 0 1 1 1\n2\nB. 1 0 1 10 1 1 1\n2\nC. 1 0 1 0 0 1 1 1\n2"", ""question"": ""Convert A7 to binary."", ""options"": [""1 1 1 0 0 1 1 1"", ""1 0 1 10 1 1 1"", ""1 0 1 0 0 1 1 1""], ""correct"": null, ""answer_text"": null, ""category"": null, ""source_file"": ""AEROJET M1  MOCK  AUG TT3 EXTRA 1_230817_091323.pdf"", ""source_module"": ""M1"", ""fmt"": ""pdf"", ""module"": ""M1"", ""difficulty"": ""EASY""}"
M1,M1.8.9,,A quadrilateral with the following properties best fits a,square,trapezoid,parallelogram,,C,MEDIUM,,,,NEEDS_ANSWER,Found in Suntech corpus (score=1),1,AEROJET M1  MOCK  AUG TT3 EXTRA 1_230817_091323.pdf,"{""raw"": ""39. A quadrilateral with the following properties best fits a\nEach pair of opposite sides is equal in length.\nEach pair of opposite angles are equal\nThe diagonals bisect each other\nA. square\nB. trapezoid\nC. parallelogram"", ""question"": ""A quadrilateral with the following properties best fits a"", ""options"": [""square"", ""trapezoid"", ""parallelogram""], ""correct"": null, ""answer_text"": null, ""category"": null, ""source_file"": ""AEROJET M1  MOCK  AUG TT3 EXTRA 1_230817_091323.pdf"", ""source_module"": ""M1"", ""fmt"": ""pdf"", ""module"": ""M1"", ""syllabusRef"": ""M1.8.9"", ""level"": null, ""difficulty"": ""MEDIUM""}"
M1,M1.8.9,,"40. What is the cubic capacity of a 2 cylinder engine, with a bore of 77mm and a stroke of 89mm?",414440 mm3,828880 mm3,828880 L,,A,MEDIUM,,,,DRAFT,Found in Suntech corpus,1,AEROJET M1  MOCK  AUG TT3 EXTRA 1_230817_091323.pdf,"{""raw"": ""40. What is the cubic capacity of a 2 cylinder engine, with a bore of 77mm and a stroke of 89mm?\nA. 414440 mm3\nB. 828880 mm3\nC. 828880 L"", ""question"": ""40. What is the cubic capacity of a 2 cylinder engine, with a bore of 77mm and a stroke of 89mm?"", ""options"": [""414440 mm3"", ""828880 mm3"", ""828880 L""], ""correct"": null, ""answer_text"": null, ""category"": null, ""source_file"": ""AEROJET M1  MOCK  AUG TT3 EXTRA 1_230817_091323.pdf"", ""source_module"": ""M1"", ""fmt"": ""pdf"", ""module"": ""M1"", ""syllabusRef"": ""M1.8.9"", ""level"": null, ""difficulty"": ""MEDIUM""}"
M1,M1.8.9,,"The following numbers represent temperatures in Kelvin 79, 73, 72, 70, 72, 66, 81, 75. Find the",70,72.5,73,,B,MEDIUM,,,,DRAFT,Found in Suntech corpus,1,AEROJET M1 SAMPLE SET 3 WITHOUT ANSWERS_230824_114532.pdf,"{""raw"": ""3. The following numbers represent temperatures in Kelvin 79, 73, 72, 70, 72, 66, 81, 75. Find the\nmedian.\nA. 70\nB. 72.5\nC. 73"", ""question"": ""The following numbers represent temperatures in Kelvin 79, 73, 72, 70, 72, 66, 81, 75. Find the"", ""options"": [""70"", ""72.5"", ""73""], ""correct"": null, ""answer_text"": null, ""category"": null, ""source_file"": ""AEROJET M1 SAMPLE SET 3 WITHOUT ANSWERS_230824_114532.pdf"", ""source_module"": ""M1"", ""fmt"": ""pdf"", ""module"": ""M1"", ""syllabusRef"": ""M1.8.9"", ""level"": null, ""difficulty"": ""MEDIUM""}"
M1,M1.11.2,,5. Which expression has the same value as the expression shown below?,3/8 + 7/8,– 3/8 + 7/8,– 3/8 + - 7/8,,A,MEDIUM,,,,DRAFT,Found in Suntech corpus,1,AEROJET M1 SAMPLE SET 3 WITHOUT ANSWERS_230824_114532.pdf,"{""raw"": ""5. Which expression has the same value as the expression shown below?\n-3/8 – 7/8\nA. 3/8 + 7/8\nB. – 3/8 + 7/8\nC. – 3/8 + - 7/8\n2"", ""question"": ""5. Which expression has the same value as the expression shown below?"", ""options"": [""3/8 + 7/8"", ""– 3/8 + 7/8"", ""– 3/8 + - 7/8""], ""correct"": null, ""answer_text"": null, ""category"": null, ""source_file"": ""AEROJET M1 SAMPLE SET 3 WITHOUT ANSWERS_230824_114532.pdf"", ""source_module"": ""M1"", ""fmt"": ""pdf"", ""module"": ""M1"", ""syllabusRef"": ""M1.11.2"", ""level"": null, ""difficulty"": ""MEDIUM""}"
M1,M1.11.2,,thermometer to read 0°F ?,4 °F,11 °F,15 °F,,A,EASY,"7. At sunset, a thermometer had a reading of 4°F. During the night, the temperature decreased 15°F.",,,DRAFT,Found in Suntech corpus,1,AEROJET M1 SAMPLE SET 3 WITHOUT ANSWERS_230824_114532.pdf,"{""raw"": ""7. At sunset, a thermometer had a reading of 4°F. During the night, the temperature decreased 15°F.\nAfter the decrease, what is the total number of degrees that the temperature must change for the\nthermometer to read 0°F ?\nA. 4 °F\nB. 11 °F\nC. 15 °F"", ""question"": ""thermometer to read 0°F ?"", ""options"": [""4 °F"", ""11 °F"", ""15 °F""], ""correct"": null, ""answer_text"": null, ""category"": ""7. At sunset, a thermometer had a reading of 4°F. During the night, the temperature decreased 15°F."", ""source_file"": ""AEROJET M1 SAMPLE SET 3 WITHOUT ANSWERS_230824_114532.pdf"", ""source_module"": ""M1"", ""fmt"": ""pdf"", ""module"": ""M1"", ""syllabusRef"": ""M1.11.2"", ""level"": null, ""difficulty"": ""EASY""}"
M1,M1.10.1,,10. What is the value of 12.5 – 31/2 + 1 ¼ ?,– 20.25,– 17/4,– 7/4,,A,EASY,,,,DRAFT,Found in Suntech corpus,1,AEROJET M1 SAMPLE SET 3 WITHOUT ANSWERS_230824_114532.pdf,"{""raw"": ""10. What is the value of 12.5 – 31/2 + 1 ¼ ?\nA. – 20.25\nB. – 17/4\nC. – 7/4"", ""question"": ""10. What is the value of 12.5 – 31/2 + 1 ¼ ?"", ""options"": [""– 20.25"", ""– 17/4"", ""– 7/4""], ""correct"": null, ""answer_text"": null, ""category"": null, ""source_file"": ""AEROJET M1 SAMPLE SET 3 WITHOUT ANSWERS_230824_114532.pdf"", ""source_module"": ""M1"", ""fmt"": ""pdf"", ""module"": ""M1"", ""syllabusRef"": ""M1.10.1"", ""level"": null, ""difficulty"": ""EASY""}"
M1,M1.8.9,,"inches, would the same two cities be on a map that has a scale of 1 inch to 40 miles?",1.2,1.6,1.75,,A,MEDIUM,"11. On a map, two cities are 2.8 inches apart. The map has a scale of 1 inch to 25 miles. How far apart, in",,,DRAFT,Found in Suntech corpus,1,AEROJET M1 SAMPLE SET 3 WITHOUT ANSWERS_230824_114532.pdf,"{""raw"": ""11. On a map, two cities are 2.8 inches apart. The map has a scale of 1 inch to 25 miles. How far apart, in\ninches, would the same two cities be on a map that has a scale of 1 inch to 40 miles?\nA. 1.2\nB. 1.6\nC. 1.75"", ""question"": ""inches, would the same two cities be on a map that has a scale of 1 inch to 40 miles?"", ""options"": [""1.2"", ""1.6"", ""1.75""], ""correct"": null, ""answer_text"": null, ""category"": ""11. On a map, two cities are 2.8 inches apart. The map has a scale of 1 inch to 25 miles. How far apart, in"", ""source_file"": ""AEROJET M1 SAMPLE SET 3 WITHOUT ANSWERS_230824_114532.pdf"", ""source_module"": ""M1"", ""fmt"": ""pdf"", ""module"": ""M1"", ""syllabusRef"": ""M1.8.9"", ""level"": null, ""difficulty"": ""MEDIUM""}"
M1,M1.8.9,,What does the number 4.3 represent in the equation?,Number of apples in 1 pound,Number of apples in x pounds,Cost of 1 pound of apples,,A,MEDIUM,"15. The equation y = 4.3x can be used to determine the total cost, y , in dollars, of x pounds of apples.",,,DRAFT,Found in Suntech corpus,1,AEROJET M1 SAMPLE SET 3 WITHOUT ANSWERS_230824_114532.pdf,"{""raw"": ""15. The equation y = 4.3x can be used to determine the total cost, y , in dollars, of x pounds of apples.\nWhat does the number 4.3 represent in the equation?\nA. Number of apples in 1 pound\nB. Number of apples in x pounds\nC. Cost of 1 pound of apples"", ""question"": ""What does the number 4.3 represent in the equation?"", ""options"": [""Number of apples in 1 pound"", ""Number of apples in x pounds"", ""Cost of 1 pound of apples""], ""correct"": null, ""answer_text"": null, ""category"": ""15. The equation y = 4.3x can be used to determine the total cost, y , in dollars, of x pounds of apples."", ""source_file"": ""AEROJET M1 SAMPLE SET 3 WITHOUT ANSWERS_230824_114532.pdf"", ""source_module"": ""M1"", ""fmt"": ""pdf"", ""module"": ""M1"", ""syllabusRef"": ""M1.8.9"", ""level"": null, ""difficulty"": ""MEDIUM""}"
M1,M1.8.9,,17. John eats 3:5 of a candy bar. What percent of the candy bar does he eat?,6%,35%,60%,,B,MEDIUM,,,,NEEDS_ANSWER,From Module 1 Answers.txt Test 2 Q6,1,AEROJET M1 SAMPLE SET 3 WITHOUT ANSWERS_230824_114532.pdf,"{""raw"": ""17. John eats 3:5 of a candy bar. What percent of the candy bar does he eat?\nA. 6%\nB. 35%\nC. 60%"", ""question"": ""17. John eats 3:5 of a candy bar. What percent of the candy bar does he eat?"", ""options"": [""6%"", ""35%"", ""60%""], ""correct"": null, ""answer_text"": null, ""category"": null, ""source_file"": ""AEROJET M1 SAMPLE SET 3 WITHOUT ANSWERS_230824_114532.pdf"", ""source_module"": ""M1"", ""fmt"": ""pdf"", ""module"": ""M1"", ""syllabusRef"": ""M1.8.9"", ""level"": null, ""difficulty"": ""MEDIUM""}"
M1,,,19. What is 6.43 × 107 in standard notation?,643 × 105,"64,300,000","6,430,000,000",,B,EASY,,,,DRAFT,Found in Suntech corpus,1,AEROJET M1 SAMPLE SET 3 WITHOUT ANSWERS_230824_114532.pdf,"{""raw"": ""19. What is 6.43 × 107 in standard notation?\nA. 643 × 105\nB. 64,300,000\nC. 6,430,000,000\n| P age"", ""question"": ""19. What is 6.43 × 107 in standard notation?"", ""options"": [""643 × 105"", ""64,300,000"", ""6,430,000,000""], ""correct"": null, ""answer_text"": null, ""category"": null, ""source_file"": ""AEROJET M1 SAMPLE SET 3 WITHOUT ANSWERS_230824_114532.pdf"", ""source_module"": ""M1"", ""fmt"": ""pdf"", ""module"": ""M1"", ""difficulty"": ""EASY""}"
M1,M1.8.9,,21. Which rational number is the greatest?,0.55,0.6,9/20,,B,EASY,,,,DRAFT,Found in Suntech corpus,1,AEROJET M1 SAMPLE SET 3 WITHOUT ANSWERS_230824_114532.pdf,"{""raw"": ""21. Which rational number is the greatest?\nA. 0.55\nB. 0.6\nC. 9/20"", ""question"": ""21. Which rational number is the greatest?"", ""options"": [""0.55"", ""0.6"", ""9/20""], ""correct"": null, ""answer_text"": null, ""category"": null, ""source_file"": ""AEROJET M1 SAMPLE SET 3 WITHOUT ANSWERS_230824_114532.pdf"", ""source_module"": ""M1"", ""fmt"": ""pdf"", ""module"": ""M1"", ""syllabusRef"": ""M1.8.9"", ""level"": null, ""difficulty"": ""EASY""}"
M1,M1.11.2,,22. Mawuli walks down 5 flights of stairs. Each flight has 8 steps. Which describes Mawuli’s descent?,–5 + 8 = 3,(–5) + (–8) = –13,(–5)(–8) = 40,,A,MEDIUM,,,,DRAFT,Found in Suntech corpus,1,AEROJET M1 SAMPLE SET 3 WITHOUT ANSWERS_230824_114532.pdf,"{""raw"": ""22. Mawuli walks down 5 flights of stairs. Each flight has 8 steps. Which describes Mawuli’s descent?\nA. –5 + 8 = 3\nB. (–5) + (–8) = –13\nC. (–5)(–8) = 40"", ""question"": ""22. Mawuli walks down 5 flights of stairs. Each flight has 8 steps. Which describes Mawuli’s descent?"", ""options"": [""–5 + 8 = 3"", ""(–5) + (–8) = –13"", ""(–5)(–8) = 40""], ""correct"": null, ""answer_text"": null, ""category"": null, ""source_file"": ""AEROJET M1 SAMPLE SET 3 WITHOUT ANSWERS_230824_114532.pdf"", ""source_module"": ""M1"", ""fmt"": ""pdf"", ""module"": ""M1"", ""syllabusRef"": ""M1.11.2"", ""level"": null, ""difficulty"": ""MEDIUM""}"
M1,M1.8.9,,number of cookies they sold on the second day?,12(2x),12(x + 2),12(x – 2),,B,EASY,"23. Aerojet academy students sold cookies in packages of 12. On the first day, they sold x packages. On",,,DRAFT,Found in Suntech corpus,1,AEROJET M1 SAMPLE SET 3 WITHOUT ANSWERS_230824_114532.pdf,"{""raw"": ""23. Aerojet academy students sold cookies in packages of 12. On the first day, they sold x packages. On\nthe second day, they sold twice as many packages as on the first day. Which expression shows the\nnumber of cookies they sold on the second day?\nA. 12(2x)\nB. 12(x + 2)\nC. 12(x – 2)"", ""question"": ""number of cookies they sold on the second day?"", ""options"": [""12(2x)"", ""12(x + 2)"", ""12(x – 2)""], ""correct"": null, ""answer_text"": null, ""category"": ""23. Aerojet academy students sold cookies in packages of 12. On the first day, they sold x packages. On"", ""source_file"": ""AEROJET M1 SAMPLE SET 3 WITHOUT ANSWERS_230824_114532.pdf"", ""source_module"": ""M1"", ""fmt"": ""pdf"", ""module"": ""M1"", ""syllabusRef"": ""M1.8.9"", ""level"": null, ""difficulty"": ""EASY""}"
M1,M1.10.1,,26. What is the value of the expression 8x – 10 when x = y – 3 and y = 8?,3,4,30,,B,MEDIUM,,,,NEEDS_ANSWER,From Module 1 Answers.txt Test 1 Q4,1,AEROJET M1 SAMPLE SET 3 WITHOUT ANSWERS_230824_114532.pdf,"{""raw"": ""26. What is the value of the expression 8x – 10 when x = y – 3 and y = 8?\nA. 3\nB. 4\nC. 30"", ""question"": ""26. What is the value of the expression 8x – 10 when x = y – 3 and y = 8?"", ""options"": [""3"", ""4"", ""30""], ""correct"": null, ""answer_text"": null, ""category"": null, ""source_file"": ""AEROJET M1 SAMPLE SET 3 WITHOUT ANSWERS_230824_114532.pdf"", ""source_module"": ""M1"", ""fmt"": ""pdf"", ""module"": ""M1"", ""syllabusRef"": ""M1.10.1"", ""level"": null, ""difficulty"": ""MEDIUM""}"
M1,M1.8.9,,28. What is the circumference of the circle?,12.56,25.13,50.24,,A,EASY,,,,DRAFT,Found in Suntech corpus,1,AEROJET M1 SAMPLE SET 3 WITHOUT ANSWERS_230824_114532.pdf,"{""raw"": ""28. What is the circumference of the circle?\nA. 12.56\nB. 25.13\nC. 50.24"", ""question"": ""28. What is the circumference of the circle?"", ""options"": [""12.56"", ""25.13"", ""50.24""], ""correct"": null, ""answer_text"": null, ""category"": null, ""source_file"": ""AEROJET M1 SAMPLE SET 3 WITHOUT ANSWERS_230824_114532.pdf"", ""source_module"": ""M1"", ""fmt"": ""pdf"", ""module"": ""M1"", ""syllabusRef"": ""M1.8.9"", ""level"": null, ""difficulty"": ""EASY""}"
M1,M1.8.9,,30. What id the distance between the points in the graph?,81,9,√99,,B,MEDIUM,,,,NEEDS_ANSWER,From Module 1 Answers.txt Test 1 Q8,1,AEROJET M1 SAMPLE SET 3 WITHOUT ANSWERS_230824_114532.pdf,"{""raw"": ""30. What id the distance between the points in the graph?\nA. 81\nB. 9\nC. √99"", ""question"": ""30. What id the distance between the points in the graph?"", ""options"": [""81"", ""9"", ""√99""], ""correct"": null, ""answer_text"": null, ""category"": null, ""source_file"": ""AEROJET M1 SAMPLE SET 3 WITHOUT ANSWERS_230824_114532.pdf"", ""source_module"": ""M1"", ""fmt"": ""pdf"", ""module"": ""M1"", ""syllabusRef"": ""M1.8.9"", ""level"": null, ""difficulty"": ""MEDIUM""}"
M1,M1.8.9,,"these today, how many days will pass before Corwin gets to do them both on the same day again?",It will be 20 days.,It will be 10 days.,It will be 7 days.,,A,MEDIUM,32. Corwin visits the park every 2 days and goes to the library every 5 days. If Corwin gets to do both of,,,DRAFT,Found in Suntech corpus,1,AEROJET M1 SAMPLE SET 3 WITHOUT ANSWERS_230824_114532.pdf,"{""raw"": ""32. Corwin visits the park every 2 days and goes to the library every 5 days. If Corwin gets to do both of\nthese today, how many days will pass before Corwin gets to do them both on the same day again?\nA. It will be 20 days.\nB. It will be 10 days.\nC. It will be 7 days."", ""question"": ""these today, how many days will pass before Corwin gets to do them both on the same day again?"", ""options"": [""It will be 20 days."", ""It will be 10 days."", ""It will be 7 days.""], ""correct"": null, ""answer_text"": null, ""category"": ""32. Corwin visits the park every 2 days and goes to the library every 5 days. If Corwin gets to do both of"", ""source_file"": ""AEROJET M1 SAMPLE SET 3 WITHOUT ANSWERS_230824_114532.pdf"", ""source_module"": ""M1"", ""fmt"": ""pdf"", ""module"": ""M1"", ""syllabusRef"": ""M1.8.9"", ""level"": null, ""difficulty"": ""MEDIUM""}"
M1,M1.8.9,,"The sum of 12,000 and 1200 is:","24,200","13,200","23,200",,A,EASY,,,,DRAFT,Found in Suntech corpus,1,AEROJET M1 SAMPLE SET 4 WITHOUT ANSWERS_230828_082029.pdf,"{""raw"": ""1. The sum of 12,000 and 1200 is:\nA. 24,200\nB. 13,200\nC. 23,200"", ""question"": ""The sum of 12,000 and 1200 is:"", ""options"": [""24,200"", ""13,200"", ""23,200""], ""correct"": null, ""answer_text"": null, ""category"": null, ""source_file"": ""AEROJET M1 SAMPLE SET 4 WITHOUT ANSWERS_230828_082029.pdf"", ""source_module"": ""M1"", ""fmt"": ""pdf"", ""module"": ""M1"", ""syllabusRef"": ""M1.8.9"", ""level"": null, ""difficulty"": ""EASY""}"
M1,M1.9.5,,2 written in decimal form is:,2.2,2.01,2.02,,C,EASY,,,,DRAFT,Found in Suntech corpus,1,AEROJET M1 SAMPLE SET 4 WITHOUT ANSWERS_230828_082029.pdf,"{""raw"": ""3. 2 written in decimal form is:\n50\nA. 2.2\nB. 2.01\nC. 2.02"", ""question"": ""2 written in decimal form is:"", ""options"": [""2.2"", ""2.01"", ""2.02""], ""correct"": null, ""answer_text"": null, ""category"": null, ""source_file"": ""AEROJET M1 SAMPLE SET 4 WITHOUT ANSWERS_230828_082029.pdf"", ""source_module"": ""M1"", ""fmt"": ""pdf"", ""module"": ""M1"", ""syllabusRef"": ""M1.9.5"", ""level"": null, ""difficulty"": ""EASY""}"
M1,M1.8.9,,"The number 0.00009307, expressed in standard form is:",9.307 × 10−5,9.307 × 10−4,9.307 × 104,,A,MEDIUM,,,,DRAFT,Found in Suntech corpus,1,AEROJET M1 SAMPLE SET 4 WITHOUT ANSWERS_230828_082029.pdf,"{""raw"": ""4. The number 0.00009307, expressed in standard form is:\nA. 9.307 × 10−5\nB. 9.307 × 10−4\nC. 9.307 × 104"", ""question"": ""The number 0.00009307, expressed in standard form is:"", ""options"": [""9.307 × 10−5"", ""9.307 × 10−4"", ""9.307 × 104""], ""correct"": null, ""answer_text"": null, ""category"": null, ""source_file"": ""AEROJET M1 SAMPLE SET 4 WITHOUT ANSWERS_230828_082029.pdf"", ""source_module"": ""M1"", ""fmt"": ""pdf"", ""module"": ""M1"", ""syllabusRef"": ""M1.8.9"", ""level"": null, ""difficulty"": ""MEDIUM""}"
M1,M1.8.9,,"it take to complete the total journey of 2800 km, assuming constant velocity?",3.5 h,5.25 h,6.25 h,,A,MEDIUM,6. An aircraft travelling at constant velocity covers the first 800 km of a journey in 1.5 h. How long does,,,DRAFT,Found in Suntech corpus,1,AEROJET M1 SAMPLE SET 4 WITHOUT ANSWERS_230828_082029.pdf,"{""raw"": ""6. An aircraft travelling at constant velocity covers the first 800 km of a journey in 1.5 h. How long does\nit take to complete the total journey of 2800 km, assuming constant velocity?\nA. 3.5 h\nB. 5.25 h\nC. 6.25 h"", ""question"": ""it take to complete the total journey of 2800 km, assuming constant velocity?"", ""options"": [""3.5 h"", ""5.25 h"", ""6.25 h""], ""correct"": null, ""answer_text"": null, ""category"": ""6. An aircraft travelling at constant velocity covers the first 800 km of a journey in 1.5 h. How long does"", ""source_file"": ""AEROJET M1 SAMPLE SET 4 WITHOUT ANSWERS_230828_082029.pdf"", ""source_module"": ""M1"", ""fmt"": ""pdf"", ""module"": ""M1"", ""syllabusRef"": ""M1.8.9"", ""level"": null, ""difficulty"": ""MEDIUM""}"
M1,M1.8.9,,The expression simplified −[ ]+1,−1,0,1,,C,EASY,,,,NEEDS_ANSWER,From Module 1 Answers.txt Test 1 Q10,1,AEROJET M1 SAMPLE SET 4 WITHOUT ANSWERS_230828_082029.pdf,"{""raw"": ""10. The expression simplified −[ ]+1\n(𝑎𝑏2𝑐2) 𝑎𝑏𝑐−1\nA. −1\nB. 0\nC. 1"", ""question"": ""The expression simplified −[ ]+1"", ""options"": [""−1"", ""0"", ""1""], ""correct"": null, ""answer_text"": null, ""category"": null, ""source_file"": ""AEROJET M1 SAMPLE SET 4 WITHOUT ANSWERS_230828_082029.pdf"", ""source_module"": ""M1"", ""fmt"": ""pdf"", ""module"": ""M1"", ""syllabusRef"": ""M1.8.9"", ""level"": null, ""difficulty"": ""EASY""}"
M1,M1.8.9,,"The formula, 𝑋 = √𝑍2−𝑅2, correctly transposed for 𝑅 is:",𝑅 = √𝑍2−𝑋2,𝑅 = √𝑍2+𝑋2,𝑅 = 𝑍−𝑋,,C,MEDIUM,,,,NEEDS_ANSWER,From Module 1 Answers.txt Test 1 Q2,1,AEROJET M1 SAMPLE SET 4 WITHOUT ANSWERS_230828_082029.pdf,"{""raw"": ""11. The formula, 𝑋 = √𝑍2−𝑅2, correctly transposed for 𝑅 is:\nA. 𝑅 = √𝑍2−𝑋2\nB. 𝑅 = √𝑍2+𝑋2\nC. 𝑅 = 𝑍−𝑋\n2 | P age"", ""question"": ""The formula, 𝑋 = √𝑍2−𝑅2, correctly transposed for 𝑅 is:"", ""options"": [""𝑅 = √𝑍2−𝑋2"", ""𝑅 = √𝑍2+𝑋2"", ""𝑅 = 𝑍−𝑋""], ""correct"": null, ""answer_text"": null, ""category"": null, ""source_file"": ""AEROJET M1 SAMPLE SET 4 WITHOUT ANSWERS_230828_082029.pdf"", ""source_module"": ""M1"", ""fmt"": ""pdf"", ""module"": ""M1"", ""syllabusRef"": ""M1.8.9"", ""level"": null, ""difficulty"": ""MEDIUM""}"
M1,M1.10.1,,"If a is a positive integer and a2 + a − 30 = 0, then the value of a is:",6,5,4,,B,MEDIUM,,,,NEEDS_ANSWER,From Module 1 Answers.txt Test 1 Q5,1,AEROJET M1 SAMPLE SET 4 WITHOUT ANSWERS_230828_082029.pdf,"{""raw"": ""12. If a is a positive integer and a2 + a − 30 = 0, then the value of a is:\nA. 6\nB. 5\nC. 4"", ""question"": ""If a is a positive integer and a2 + a − 30 = 0, then the value of a is:"", ""options"": [""6"", ""5"", ""4""], ""correct"": null, ""answer_text"": null, ""category"": null, ""source_file"": ""AEROJET M1 SAMPLE SET 4 WITHOUT ANSWERS_230828_082029.pdf"", ""source_module"": ""M1"", ""fmt"": ""pdf"", ""module"": ""M1"", ""syllabusRef"": ""M1.10.1"", ""level"": null, ""difficulty"": ""MEDIUM""}"
M1,M1.11.2,,"15. In the equation of the straight line graph y = mx + c, which of the following statements is true?",y is the independent variable,m is the gradient of the line,c is the dependent variable,,B,MEDIUM,,,,DRAFT,Found in Suntech corpus,1,AEROJET M1 SAMPLE SET 4 WITHOUT ANSWERS_230828_082029.pdf,"{""raw"": ""15. In the equation of the straight line graph y = mx + c, which of the following statements is true?\nA. y is the independent variable\nB. m is the gradient of the line\nC. c is the dependent variable"", ""question"": ""15. In the equation of the straight line graph y = mx + c, which of the following statements is true?"", ""options"": [""y is the independent variable"", ""m is the gradient of the line"", ""c is the dependent variable""], ""correct"": null, ""answer_text"": null, ""category"": null, ""source_file"": ""AEROJET M1 SAMPLE SET 4 WITHOUT ANSWERS_230828_082029.pdf"", ""source_module"": ""M1"", ""fmt"": ""pdf"", ""module"": ""M1"", ""syllabusRef"": ""M1.11.2"", ""level"": null, ""difficulty"": ""MEDIUM""}"
M1,M1.10.1,,"The straight line graph shown in Figure 1.10 takes the form y = mx + c, the value of m will be",40,−30,1.5,,C,MEDIUM,,,,DRAFT,Found in Suntech corpus,1,AEROJET M1 SAMPLE SET 4 WITHOUT ANSWERS_230828_082029.pdf,"{""raw"": ""16. The straight line graph shown in Figure 1.10 takes the form y = mx + c, the value of m will be\napproximately:\nA. 40\nB. −30\nC. 1.5\nFigure 1.10 Straight line graph of effort against load"", ""question"": ""The straight line graph shown in Figure 1.10 takes the form y = mx + c, the value of m will be"", ""options"": [""40"", ""−30"", ""1.5""], ""correct"": null, ""answer_text"": null, ""category"": null, ""source_file"": ""AEROJET M1 SAMPLE SET 4 WITHOUT ANSWERS_230828_082029.pdf"", ""source_module"": ""M1"", ""fmt"": ""pdf"", ""module"": ""M1"", ""syllabusRef"": ""M1.10.1"", ""level"": null, ""difficulty"": ""MEDIUM""}"
M1,M1.8.9,,"The rectangular co-ordinates (5, 12) in polar form are:","(13 , ∠ 67.4°)","(11.79 , ∠ 67.4°)","(12 , ∠ 112.6°)",,A,MEDIUM,,,,DRAFT,Found in Suntech corpus,1,AEROJET M1 SAMPLE SET 4 WITHOUT ANSWERS_230828_082029.pdf,"{""raw"": ""18. The rectangular co-ordinates (5, 12) in polar form are:\nA. (13 , ∠ 67.4°)\nB. (11.79 , ∠ 67.4°)\nC. (12 , ∠ 112.6°)\n3 | P age"", ""question"": ""The rectangular co-ordinates (5, 12) in polar form are:"", ""options"": [""(13 , ∠ 67.4°)"", ""(11.79 , ∠ 67.4°)"", ""(12 , ∠ 112.6°)""], ""correct"": null, ""answer_text"": null, ""category"": null, ""source_file"": ""AEROJET M1 SAMPLE SET 4 WITHOUT ANSWERS_230828_082029.pdf"", ""source_module"": ""M1"", ""fmt"": ""pdf"", ""module"": ""M1"", ""syllabusRef"": ""M1.8.9"", ""level"": null, ""difficulty"": ""MEDIUM""}"
M1,M1.8.9,,"Find the value of a(b + c − d), where a = 3, b = −4, c = 6 and d = −1",3,– 27,9,,C,MEDIUM,,,,NEEDS_ANSWER,From Module 1 Answers.txt Test 1 Q7,1,AEROJET M1 SAMPLE SET 4 WITHOUT ANSWERS_230828_082029.pdf,"{""raw"": ""20. Find the value of a(b + c − d), where a = 3, b = −4, c = 6 and d = −1\nA. 3\nB. – 27\nC. 9"", ""question"": ""Find the value of a(b + c − d), where a = 3, b = −4, c = 6 and d = −1"", ""options"": [""3"", ""– 27"", ""9""], ""correct"": null, ""answer_text"": null, ""category"": null, ""source_file"": ""AEROJET M1 SAMPLE SET 4 WITHOUT ANSWERS_230828_082029.pdf"", ""source_module"": ""M1"", ""fmt"": ""pdf"", ""module"": ""M1"", ""syllabusRef"": ""M1.8.9"", ""level"": null, ""difficulty"": ""MEDIUM""}"
M1,,,0.0000000234876 in standard form to two significant figures is :,2.35 x 10 -8,2.3 x 10 8,2.3 x 10 -8,,A,MEDIUM,,,,DRAFT,Found in Suntech corpus,1,AEROJET M1 SAMPLE SET 4 WITHOUT ANSWERS_230828_082029.pdf,"{""raw"": ""21. 0.0000000234876 in standard form to two significant figures is :\nA. 2.35 x 10 -8\nB. 2.3 x 10 8\nC. 2.3 x 10 -8\n5 7 3"", ""question"": ""0.0000000234876 in standard form to two significant figures is :"", ""options"": [""2.35 x 10 -8"", ""2.3 x 10 8"", ""2.3 x 10 -8""], ""correct"": null, ""answer_text"": null, ""category"": null, ""source_file"": ""AEROJET M1 SAMPLE SET 4 WITHOUT ANSWERS_230828_082029.pdf"", ""source_module"": ""M1"", ""fmt"": ""pdf"", ""module"": ""M1"", ""difficulty"": ""MEDIUM""}"
M1,M1.11.2,,"gear wheel, in rpm?",18 rpm,200 rpm,45 rpm,,A,EASY,"24. Two gear wheels mesh together as shown in Figure 2.1. One has 60 teeth, the other has 45 teeth. If",,,DRAFT,Found in Suntech corpus,1,AEROJET M1 SAMPLE SET 4 WITHOUT ANSWERS_230828_082029.pdf,"{""raw"": ""24. Two gear wheels mesh together as shown in Figure 2.1. One has 60 teeth, the other has 45 teeth. If\nthe larger gear rotates at an angular velocity of 150 rpm, what is the angular velocity of the smaller\ngear wheel, in rpm?\nA. 18 rpm\nB. 200 rpm\nC. 45 rpm"", ""question"": ""gear wheel, in rpm?"", ""options"": [""18 rpm"", ""200 rpm"", ""45 rpm""], ""correct"": null, ""answer_text"": null, ""category"": ""24. Two gear wheels mesh together as shown in Figure 2.1. One has 60 teeth, the other has 45 teeth. If"", ""source_file"": ""AEROJET M1 SAMPLE SET 4 WITHOUT ANSWERS_230828_082029.pdf"", ""source_module"": ""M1"", ""fmt"": ""pdf"", ""module"": ""M1"", ""syllabusRef"": ""M1.11.2"", ""level"": null, ""difficulty"": ""EASY""}"
M1,M1.8.9,,Convert the denary number 23 to binary,10111,11011,10011,,A,EASY,,,,REVIEWED,Computed from question data,1,AEROJET M1 SAMPLE SET 4 WITHOUT ANSWERS_230828_082029.pdf,"{""raw"": ""25. Convert the denary number 23 to binary\nA. 10111\nB. 11011\nC. 10011"", ""question"": ""Convert the denary number 23 to binary"", ""options"": [""10111"", ""11011"", ""10011""], ""correct"": null, ""answer_text"": null, ""category"": null, ""source_file"": ""AEROJET M1 SAMPLE SET 4 WITHOUT ANSWERS_230828_082029.pdf"", ""source_module"": ""M1"", ""fmt"": ""pdf"", ""module"": ""M1"", ""syllabusRef"": ""M1.8.9"", ""level"": null, ""difficulty"": ""EASY""}"
M1,M1.8.9,,Convert the hexadecimal number 6E to denary.,120,110,100,,A,EASY,,,,DRAFT,Computed from question data,1,AEROJET M1 SAMPLE SET 4 WITHOUT ANSWERS_230828_082029.pdf,"{""raw"": ""26. Convert the hexadecimal number 6E to denary.\nA. 120\nB. 110\nC. 100\n4 | P age\n𝑎3𝑎−8𝑎2"", ""question"": ""Convert the hexadecimal number 6E to denary."", ""options"": [""120"", ""110"", ""100""], ""correct"": null, ""answer_text"": null, ""category"": null, ""source_file"": ""AEROJET M1 SAMPLE SET 4 WITHOUT ANSWERS_230828_082029.pdf"", ""source_module"": ""M1"", ""fmt"": ""pdf"", ""module"": ""M1"", ""syllabusRef"": ""M1.8.9"", ""level"": null, ""difficulty"": ""EASY""}"
M1,,,Factorise y2 – 3y − 18,(y – 3)( y + 6),"y = 6, y = - 3",(y – 6)( y + 3),,A,EASY,,,,DRAFT,Found in Suntech corpus,1,AEROJET M1 SAMPLE SET 4 WITHOUT ANSWERS_230828_082029.pdf,"{""raw"": ""28. Factorise y2 – 3y − 18\nA. (y – 3)( y + 6)\nB. y = 6, y = - 3\nC. (y – 6)( y + 3)\nm𝑣2"", ""question"": ""Factorise y2 – 3y − 18"", ""options"": [""(y – 3)( y + 6)"", ""y = 6, y = - 3"", ""(y – 6)( y + 3)""], ""correct"": null, ""answer_text"": null, ""category"": null, ""source_file"": ""AEROJET M1 SAMPLE SET 4 WITHOUT ANSWERS_230828_082029.pdf"", ""source_module"": ""M1"", ""fmt"": ""pdf"", ""module"": ""M1"", ""difficulty"": ""EASY""}"
M1,,,3(x − 2) = 2(x − 1),x = 2,x = - 2,x = 4,,A,EASY,,,,DRAFT,Found in Suntech corpus,1,AEROJET M1 SAMPLE SET 4 WITHOUT ANSWERS_230828_082029.pdf,"{""raw"": ""32. 3(x − 2) = 2(x − 1)\nA. x = 2\nB. x = - 2\nC. x = 4\n5 | P age\nMathematical Tables\nLogarithms\nAntilogarithms\nSines\n6 | P age\nCosines\nTangents\nSquare roots\n7 | P age"", ""question"": ""3(x − 2) = 2(x − 1)"", ""options"": [""x = 2"", ""x = - 2"", ""x = 4""], ""correct"": null, ""answer_text"": null, ""category"": null, ""source_file"": ""AEROJET M1 SAMPLE SET 4 WITHOUT ANSWERS_230828_082029.pdf"", ""source_module"": ""M1"", ""fmt"": ""pdf"", ""module"": ""M1"", ""difficulty"": ""EASY""}"
M1,M1.8.9,,"In the equation x = m /M, solve for the first variable, assuming that the second and third variables are equal to 15",3,5,1/5,,C,MEDIUM,,,,DRAFT,Found in Suntech corpus,1,AEROJET M1 SAMPLE TEST 1 WITHOUT ANSWERS_230822_081651.pdf,"{""raw"": ""1. In the equation x = m /M, solve for the first variable, assuming that the second and third variables are equal to 15\nand 3.0, respectively.\nA. 3\nB. 5\nC. 1/5\nT 5"", ""question"": ""In the equation x = m /M, solve for the first variable, assuming that the second and third variables are equal to 15"", ""options"": [""3"", ""5"", ""1/5""], ""correct"": null, ""answer_text"": null, ""category"": null, ""source_file"": ""AEROJET M1 SAMPLE TEST 1 WITHOUT ANSWERS_230822_081651.pdf"", ""source_module"": ""M1"", ""fmt"": ""pdf"", ""module"": ""M1"", ""syllabusRef"": ""M1.8.9"", ""level"": null, ""difficulty"": ""MEDIUM""}"
M1,M1.8.9,,"Using the equation in question 2 above, find F, when T = 55",131,67,63,,A,MEDIUM,,,,NEEDS_ANSWER,From Module 1 Answers.txt Test 2 Q7,1,AEROJET M1 SAMPLE TEST 1 WITHOUT ANSWERS_230822_081651.pdf,"{""raw"": ""3. Using the equation in question 2 above, find F, when T = 55\nA. 131\nB. 67\nC. 63"", ""question"": ""Using the equation in question 2 above, find F, when T = 55"", ""options"": [""131"", ""67"", ""63""], ""correct"": null, ""answer_text"": null, ""category"": null, ""source_file"": ""AEROJET M1 SAMPLE TEST 1 WITHOUT ANSWERS_230822_081651.pdf"", ""source_module"": ""M1"", ""fmt"": ""pdf"", ""module"": ""M1"", ""syllabusRef"": ""M1.8.9"", ""level"": null, ""difficulty"": ""MEDIUM""}"
M1,M1.8.9,,Find the area of one box in the diagram.,4 sq. yd. Diagram for question 4,9 sq. ft.,1 yd.,,A,EASY,,,,DRAFT,Found in Suntech corpus,1,AEROJET M1 SAMPLE TEST 1 WITHOUT ANSWERS_230822_081651.pdf,"{""raw"": ""4. Find the area of one box in the diagram.\nA. 4 sq. yd. Diagram for question 4\nB. 9 sq. ft.\nC. 1 yd."", ""question"": ""Find the area of one box in the diagram."", ""options"": [""4 sq. yd. Diagram for question 4"", ""9 sq. ft."", ""1 yd.""], ""correct"": null, ""answer_text"": null, ""category"": null, ""source_file"": ""AEROJET M1 SAMPLE TEST 1 WITHOUT ANSWERS_230822_081651.pdf"", ""source_module"": ""M1"", ""fmt"": ""pdf"", ""module"": ""M1"", ""syllabusRef"": ""M1.8.9"", ""level"": null, ""difficulty"": ""EASY""}"
M1,M1.8.9,,5. What is the unit of the volume of a cubic box whose edge measures 3.00 ft?,27 cubic ft.,3 square ft.,Cubic ft.,,B,MEDIUM,,,,DRAFT,Found in Suntech corpus,1,AEROJET M1 SAMPLE TEST 1 WITHOUT ANSWERS_230822_081651.pdf,"{""raw"": ""5. What is the unit of the volume of a cubic box whose edge measures 3.00 ft?\nA. 27 cubic ft.\nB. 3 square ft.\nC. Cubic ft."", ""question"": ""5. What is the unit of the volume of a cubic box whose edge measures 3.00 ft?"", ""options"": [""27 cubic ft."", ""3 square ft."", ""Cubic ft.""], ""correct"": null, ""answer_text"": null, ""category"": null, ""source_file"": ""AEROJET M1 SAMPLE TEST 1 WITHOUT ANSWERS_230822_081651.pdf"", ""source_module"": ""M1"", ""fmt"": ""pdf"", ""module"": ""M1"", ""syllabusRef"": ""M1.8.9"", ""level"": null, ""difficulty"": ""MEDIUM""}"
M1,M1.8.9,,"Determine the values of a, b, and c in the equation x 2 + 3x = 10, when compared with the standard quadratic","1, 3, and 10","1, 3, and – 10","x 2, 3 and – 10",,A,MEDIUM,,,,DRAFT,Found in Suntech corpus,1,AEROJET M1 SAMPLE TEST 1 WITHOUT ANSWERS_230822_081651.pdf,"{""raw"": ""6. Determine the values of a, b, and c in the equation x 2 + 3x = 10, when compared with the standard quadratic\nequation.\nA. 1, 3, and 10\nB. 1, 3, and – 10\nC. x 2, 3 and – 10\n−𝑏± √𝑏2−4𝑐"", ""question"": ""Determine the values of a, b, and c in the equation x 2 + 3x = 10, when compared with the standard quadratic"", ""options"": [""1, 3, and 10"", ""1, 3, and – 10"", ""x 2, 3 and – 10""], ""correct"": null, ""answer_text"": null, ""category"": null, ""source_file"": ""AEROJET M1 SAMPLE TEST 1 WITHOUT ANSWERS_230822_081651.pdf"", ""source_module"": ""M1"", ""fmt"": ""pdf"", ""module"": ""M1"", ""syllabusRef"": ""M1.8.9"", ""level"": null, ""difficulty"": ""MEDIUM""}"
M1,M1.8.9,,"Use your answer in question 6, above to calculate the values of x, using the formula 𝑥 =",2,– 5,"2, - 5",,C,MEDIUM,,,,DRAFT,Found in Suntech corpus,1,AEROJET M1 SAMPLE TEST 1 WITHOUT ANSWERS_230822_081651.pdf,"{""raw"": ""7. Use your answer in question 6, above to calculate the values of x, using the formula 𝑥 =\n2\nA. 2\nB. – 5\nC. 2, - 5\n2"", ""question"": ""Use your answer in question 6, above to calculate the values of x, using the formula 𝑥 ="", ""options"": [""2"", ""– 5"", ""2, - 5""], ""correct"": null, ""answer_text"": null, ""category"": null, ""source_file"": ""AEROJET M1 SAMPLE TEST 1 WITHOUT ANSWERS_230822_081651.pdf"", ""source_module"": ""M1"", ""fmt"": ""pdf"", ""module"": ""M1"", ""syllabusRef"": ""M1.8.9"", ""level"": null, ""difficulty"": ""MEDIUM""}"
M1,,,Simplify (x + 9) − (2x - 1),10 – x,8 – x,10 – x,𝑃 = 3𝑇,A,HARD,,,,DRAFT,Found in Suntech corpus,1,AEROJET M1 SAMPLE TEST 1 WITHOUT ANSWERS_230822_081651.pdf,"{""raw"": ""11. Simplify (x + 9) − (2x - 1)\nA. 10 – x\nB. 8 – x\nC. 10 – x\n12.\n𝑃2\n=\n2𝑃2\nis equivalent to\n3𝑇1 𝑇2\nA.\n𝑃2\n=\n3𝑃2\n𝑇1 𝑇2\nB. 𝑃 = 3𝑇\n1 1\nC. 𝑇 = 6𝑇\n2 1"", ""question"": ""Simplify (x + 9) − (2x - 1)"", ""options"": [""10 – x"", ""8 – x"", ""10 – x"", ""𝑃 = 3𝑇"", ""𝑇 = 6𝑇""], ""correct"": null, ""answer_text"": null, ""category"": null, ""source_file"": ""AEROJET M1 SAMPLE TEST 1 WITHOUT ANSWERS_230822_081651.pdf"", ""source_module"": ""M1"", ""fmt"": ""pdf"", ""module"": ""M1"", ""difficulty"": ""HARD""}"
M1,M1.8.9,,Calculate the reciprocal of 4.00 × 10 −8 m.,2.5 x 10 7 m,2.5 x 10 7/m,2.5 x 10 -9/m,,A,EASY,,,,DRAFT,Found in Suntech corpus,1,AEROJET M1 SAMPLE TEST 1 WITHOUT ANSWERS_230822_081651.pdf,"{""raw"": ""15. Calculate the reciprocal of 4.00 × 10 −8 m.\nA. 2.5 x 10 7 m\nB. 2.5 x 10 7/m\nC. 2.5 x 10 -9/m\n(1.0 × 106)(8.0 × 103)"", ""question"": ""Calculate the reciprocal of 4.00 × 10 −8 m."", ""options"": [""2.5 x 10 7 m"", ""2.5 x 10 7/m"", ""2.5 x 10 -9/m""], ""correct"": null, ""answer_text"": null, ""category"": null, ""source_file"": ""AEROJET M1 SAMPLE TEST 1 WITHOUT ANSWERS_230822_081651.pdf"", ""source_module"": ""M1"", ""fmt"": ""pdf"", ""module"": ""M1"", ""syllabusRef"": ""M1.8.9"", ""level"": null, ""difficulty"": ""EASY""}"
M1,,,Work out 12.8 − 6.02 to 2 significant figures.,68,6.8,0.68,,B,EASY,,,,DRAFT,Found in Suntech corpus,1,AEROJET M1 SAMPLE TEST 1 WITHOUT ANSWERS_230822_081651.pdf,"{""raw"": ""17. Work out 12.8 − 6.02 to 2 significant figures.\nA. 68\nB. 6.8\nC. 0.68"", ""question"": ""Work out 12.8 − 6.02 to 2 significant figures."", ""options"": [""68"", ""6.8"", ""0.68""], ""correct"": null, ""answer_text"": null, ""category"": null, ""source_file"": ""AEROJET M1 SAMPLE TEST 1 WITHOUT ANSWERS_230822_081651.pdf"", ""source_module"": ""M1"", ""fmt"": ""pdf"", ""module"": ""M1"", ""difficulty"": ""EASY""}"
M1,M1.8.9,,Multiply 7 ÷,20,21,,,C,MEDIUM,,,,NEEDS_ANSWER,From Module 1 Answers.txt Test 2 Q2,1,AEROJET M1 SAMPLE TEST 1 WITHOUT ANSWERS_230822_081651.pdf,"{""raw"": ""22. Multiply 7 ÷\n4 8\n62\nA.\n5\n2\nB. 20\n3\n2\nC. 21\n3\n3 5"", ""question"": ""Multiply 7 ÷"", ""options"": [""20"", ""21""], ""correct"": null, ""answer_text"": null, ""category"": null, ""source_file"": ""AEROJET M1 SAMPLE TEST 1 WITHOUT ANSWERS_230822_081651.pdf"", ""source_module"": ""M1"", ""fmt"": ""pdf"", ""module"": ""M1"", ""syllabusRef"": ""M1.8.9"", ""level"": null, ""difficulty"": ""MEDIUM""}"
M1,,,"Subtract 37’ 3 ""−8’ 10 """,26’ 6 ”,27’ 6 ”,28’ 6 ”,,A,EASY,,,,DRAFT,Found in Suntech corpus,1,AEROJET M1 SAMPLE TEST 1 WITHOUT ANSWERS_230822_081651.pdf,"{""raw"": ""23. Subtract 37’ 3 \""−8’ 10 \""\n16 8\n9\nA. 26’ 6 ”\n16\n9\nB. 27’ 6 ”\n16\n9\nC. 28’ 6 ”\n16"", ""question"": ""Subtract 37’ 3 \""−8’ 10 \"""", ""options"": [""26’ 6 ”"", ""27’ 6 ”"", ""28’ 6 ”""], ""correct"": null, ""answer_text"": null, ""category"": null, ""source_file"": ""AEROJET M1 SAMPLE TEST 1 WITHOUT ANSWERS_230822_081651.pdf"", ""source_module"": ""M1"", ""fmt"": ""pdf"", ""module"": ""M1"", ""difficulty"": ""EASY""}"
M1,M1.10.1,,"f x=a and y=2 is a solution of the equation x + ay – 3 = 0, then the value of a is:",2,1,– 1,,A,MEDIUM,,,,NEEDS_ANSWER,From Module 1 Answers.txt Test 2 Q1,1,AEROJET M1 SAMPLE TEST 1 WITHOUT ANSWERS_230822_081651.pdf,"{""raw"": ""27. f x=a and y=2 is a solution of the equation x + ay – 3 = 0, then the value of a is:\nA. 2\nB. 1\nC. – 1"", ""question"": ""f x=a and y=2 is a solution of the equation x + ay – 3 = 0, then the value of a is:"", ""options"": [""2"", ""1"", ""– 1""], ""correct"": null, ""answer_text"": null, ""category"": null, ""source_file"": ""AEROJET M1 SAMPLE TEST 1 WITHOUT ANSWERS_230822_081651.pdf"", ""source_module"": ""M1"", ""fmt"": ""pdf"", ""module"": ""M1"", ""syllabusRef"": ""M1.10.1"", ""level"": null, ""difficulty"": ""MEDIUM""}"
M1,,,Solve simultaneously x + y = 60 and x – y = 2.,"x = 29, y = 31","x = 31, y = 30","x = 31, y = 29",,A,EASY,,,,DRAFT,Found in Suntech corpus,1,AEROJET M1 SAMPLE TEST 1 WITHOUT ANSWERS_230822_081651.pdf,"{""raw"": ""28. Solve simultaneously x + y = 60 and x – y = 2.\nA. x = 29, y = 31\nB. x = 31, y = 30\nC. x = 31, y = 29\n4 | P age\nUse the graphs below to answer questions 29, 30 and 31."", ""question"": ""Solve simultaneously x + y = 60 and x – y = 2."", ""options"": [""x = 29, y = 31"", ""x = 31, y = 30"", ""x = 31, y = 29""], ""correct"": null, ""answer_text"": null, ""category"": null, ""source_file"": ""AEROJET M1 SAMPLE TEST 1 WITHOUT ANSWERS_230822_081651.pdf"", ""source_module"": ""M1"", ""fmt"": ""pdf"", ""module"": ""M1"", ""difficulty"": ""EASY""}"
M1,M1.8.9,,Find the simultaneous solutions of the lines in graph 2,"(2 , 3)","(- 3 , 2)","(2 , - 3) for questions 29, 30 and 31.",,A,MEDIUM,,,,DRAFT,Found in Suntech corpus,1,AEROJET M1 SAMPLE TEST 1 WITHOUT ANSWERS_230822_081651.pdf,"{""raw"": ""31. Find the simultaneous solutions of the lines in graph 2\nA. (2 , 3)\nB. (- 3 , 2)\nC. (2 , - 3) for questions 29, 30 and 31."", ""question"": ""Find the simultaneous solutions of the lines in graph 2"", ""options"": [""(2 , 3)"", ""(- 3 , 2)"", ""(2 , - 3) for questions 29, 30 and 31.""], ""correct"": null, ""answer_text"": null, ""category"": null, ""source_file"": ""AEROJET M1 SAMPLE TEST 1 WITHOUT ANSWERS_230822_081651.pdf"", ""source_module"": ""M1"", ""fmt"": ""pdf"", ""module"": ""M1"", ""syllabusRef"": ""M1.8.9"", ""level"": null, ""difficulty"": ""MEDIUM""}"
M1,M1.9.5,,When you divide by 1000 the decimal point moves two places,three places to the right,three places to the left,two places to the right,,A,MEDIUM,,,,DRAFT,Found in Suntech corpus,1,AEROJET M1 SAMPLE TEST 2 WITHOUT ANSWERS (1)_230822_094249.pdf,"{""raw"": ""1. When you divide by 1000 the decimal point moves two places\nA. three places to the right\nB. three places to the left\nC. two places to the right"", ""question"": ""When you divide by 1000 the decimal point moves two places"", ""options"": [""three places to the right"", ""three places to the left"", ""two places to the right""], ""correct"": null, ""answer_text"": null, ""category"": null, ""source_file"": ""AEROJET M1 SAMPLE TEST 2 WITHOUT ANSWERS (1)_230822_094249.pdf"", ""source_module"": ""M1"", ""fmt"": ""pdf"", ""module"": ""M1"", ""syllabusRef"": ""M1.9.5"", ""level"": null, ""difficulty"": ""MEDIUM""}"
M1,M1.8.9,,The sign of the number −21000 is,positive,too big to be determined,negative,,B,EASY,,,,DRAFT,Found in Suntech corpus,1,AEROJET M1 SAMPLE TEST 2 WITHOUT ANSWERS (1)_230822_094249.pdf,"{""raw"": ""3. The sign of the number −21000 is\nA. positive\nB. too big to be determined\nC. negative"", ""question"": ""The sign of the number −21000 is"", ""options"": [""positive"", ""too big to be determined"", ""negative""], ""correct"": null, ""answer_text"": null, ""category"": null, ""source_file"": ""AEROJET M1 SAMPLE TEST 2 WITHOUT ANSWERS (1)_230822_094249.pdf"", ""source_module"": ""M1"", ""fmt"": ""pdf"", ""module"": ""M1"", ""syllabusRef"": ""M1.8.9"", ""level"": null, ""difficulty"": ""EASY""}"
M1,M1.8.9,,5. A set of safety masks cost $8.96. What is the cost of 5 sets?,$44.80 Diagram for question 4,$8.96..,$8.96.,,A,MEDIUM,,,,DRAFT,Found in Suntech corpus,1,AEROJET M1 SAMPLE TEST 2 WITHOUT ANSWERS (1)_230822_094249.pdf,"{""raw"": ""5. A set of safety masks cost $8.96. What is the cost of 5 sets?\nA. $44.80 Diagram for question 4\nB. $8.96..\nC. $8.96."", ""question"": ""5. A set of safety masks cost $8.96. What is the cost of 5 sets?"", ""options"": [""$44.80 Diagram for question 4"", ""$8.96.."", ""$8.96.""], ""correct"": null, ""answer_text"": null, ""category"": null, ""source_file"": ""AEROJET M1 SAMPLE TEST 2 WITHOUT ANSWERS (1)_230822_094249.pdf"", ""source_module"": ""M1"", ""fmt"": ""pdf"", ""module"": ""M1"", ""syllabusRef"": ""M1.8.9"", ""level"": null, ""difficulty"": ""MEDIUM""}"
M1,M1.10.1,,"7. If 10𝑛 = 10 000×103, what is the value of n?",5,6,7,,C,EASY,,,,REVIEWED,Computed from question data,1,AEROJET M1 SAMPLE TEST 2 WITHOUT ANSWERS (1)_230822_094249.pdf,"{""raw"": ""7. If 10𝑛 = 10 000×103, what is the value of n?\nA. 5\nB. 6\nC. 7\nA line leader has to distribute 125 tools to 10 team members equally."", ""question"": ""7. If 10𝑛 = 10 000×103, what is the value of n?"", ""options"": [""5"", ""6"", ""7""], ""correct"": null, ""answer_text"": null, ""category"": null, ""source_file"": ""AEROJET M1 SAMPLE TEST 2 WITHOUT ANSWERS (1)_230822_094249.pdf"", ""source_module"": ""M1"", ""fmt"": ""pdf"", ""module"": ""M1"", ""syllabusRef"": ""M1.10.1"", ""level"": null, ""difficulty"": ""EASY""}"
M1,,,8. How many did each person get?,12.5,12,10,,A,EASY,,,,DRAFT,Found in Suntech corpus,1,AEROJET M1 SAMPLE TEST 2 WITHOUT ANSWERS (1)_230822_094249.pdf,"{""raw"": ""8. How many did each person get?\nA. 12.5\nB. 12\nC. 10"", ""question"": ""8. How many did each person get?"", ""options"": [""12.5"", ""12"", ""10""], ""correct"": null, ""answer_text"": null, ""category"": null, ""source_file"": ""AEROJET M1 SAMPLE TEST 2 WITHOUT ANSWERS (1)_230822_094249.pdf"", ""source_module"": ""M1"", ""fmt"": ""pdf"", ""module"": ""M1"", ""difficulty"": ""EASY""}"
M1,,,Work out 19 – (42 – 16) + 32,25,39,– 39,,C,EASY,,,,NEEDS_ANSWER,From Module 1 Answers.txt Test 2 Q9,1,AEROJET M1 SAMPLE TEST 2 WITHOUT ANSWERS (1)_230822_094249.pdf,"{""raw"": ""9. Work out 19 – (42 – 16) + 32\nA. 25\nB. 39\nC. – 39"", ""question"": ""Work out 19 – (42 – 16) + 32"", ""options"": [""25"", ""39"", ""– 39""], ""correct"": null, ""answer_text"": null, ""category"": null, ""source_file"": ""AEROJET M1 SAMPLE TEST 2 WITHOUT ANSWERS (1)_230822_094249.pdf"", ""source_module"": ""M1"", ""fmt"": ""pdf"", ""module"": ""M1"", ""difficulty"": ""EASY""}"
M1,,,Calculate 36 ÷9+3−54 ÷9+2,– 1,3,2,,B,EASY,,,,NEEDS_ANSWER,From Module 1 Answers.txt Test 1 Q3,1,AEROJET M1 SAMPLE TEST 2 WITHOUT ANSWERS (1)_230822_094249.pdf,"{""raw"": ""10. Calculate 36 ÷9+3−54 ÷9+2\nA. – 1\nB. 3\nC. 2"", ""question"": ""Calculate 36 ÷9+3−54 ÷9+2"", ""options"": [""– 1"", ""3"", ""2""], ""correct"": null, ""answer_text"": null, ""category"": null, ""source_file"": ""AEROJET M1 SAMPLE TEST 2 WITHOUT ANSWERS (1)_230822_094249.pdf"", ""source_module"": ""M1"", ""fmt"": ""pdf"", ""module"": ""M1"", ""difficulty"": ""EASY""}"
M1,M1.8.9,,Write $48.63 to the nearest tenth,$48.60,$49.00,$50.00,,A,EASY,,,,DRAFT,Found in Suntech corpus,1,AEROJET M1 SAMPLE TEST 2 WITHOUT ANSWERS (1)_230822_094249.pdf,"{""raw"": ""12. Write $48.63 to the nearest tenth\nA. $48.60\nB. $49.00\nC. $50.00"", ""question"": ""Write $48.63 to the nearest tenth"", ""options"": [""$48.60"", ""$49.00"", ""$50.00""], ""correct"": null, ""answer_text"": null, ""category"": null, ""source_file"": ""AEROJET M1 SAMPLE TEST 2 WITHOUT ANSWERS (1)_230822_094249.pdf"", ""source_module"": ""M1"", ""fmt"": ""pdf"", ""module"": ""M1"", ""syllabusRef"": ""M1.8.9"", ""level"": null, ""difficulty"": ""EASY""}"
M1,M1.8.9,,14. What is the amount paid for a fan priced at 30 euros with a VAT rate of 15%?,$4.50,$34.50,$35.50,,A,MEDIUM,,,,DRAFT,Found in Suntech corpus,1,AEROJET M1 SAMPLE TEST 2 WITHOUT ANSWERS (1)_230822_094249.pdf,"{""raw"": ""14. What is the amount paid for a fan priced at 30 euros with a VAT rate of 15%?\nA. $4.50\nB. $34.50\nC. $35.50"", ""question"": ""14. What is the amount paid for a fan priced at 30 euros with a VAT rate of 15%?"", ""options"": [""$4.50"", ""$34.50"", ""$35.50""], ""correct"": null, ""answer_text"": null, ""category"": null, ""source_file"": ""AEROJET M1 SAMPLE TEST 2 WITHOUT ANSWERS (1)_230822_094249.pdf"", ""source_module"": ""M1"", ""fmt"": ""pdf"", ""module"": ""M1"", ""syllabusRef"": ""M1.8.9"", ""level"": null, ""difficulty"": ""MEDIUM""}"
M1,M1.8.9,,The prototype of a UAV has a scale of 1 : 20. Find the actual length of the UAV if the length of the,10 m,1000 m,2.5 m,,A,MEDIUM,,,,DRAFT,Found in Suntech corpus,1,AEROJET M1 SAMPLE TEST 2 WITHOUT ANSWERS (1)_230822_094249.pdf,"{""raw"": ""15. The prototype of a UAV has a scale of 1 : 20. Find the actual length of the UAV if the length of the\nprototype is 50 cm\nA. 10 m\nB. 1000 m\nC. 2.5 m"", ""question"": ""The prototype of a UAV has a scale of 1 : 20. Find the actual length of the UAV if the length of the"", ""options"": [""10 m"", ""1000 m"", ""2.5 m""], ""correct"": null, ""answer_text"": null, ""category"": null, ""source_file"": ""AEROJET M1 SAMPLE TEST 2 WITHOUT ANSWERS (1)_230822_094249.pdf"", ""source_module"": ""M1"", ""fmt"": ""pdf"", ""module"": ""M1"", ""syllabusRef"": ""M1.8.9"", ""level"": null, ""difficulty"": ""MEDIUM""}"
M1,,,Work out (7 ) −(2 ),5,50,55,,B,EASY,,,,NEEDS_ANSWER,From Module 1 Answers.txt Test 3 Q5,1,AEROJET M1 SAMPLE TEST 2 WITHOUT ANSWERS (1)_230822_094249.pdf,"{""raw"": ""19. Work out (7 ) −(2 )\n2 2\nA. 5\nB. 50\nC. 55"", ""question"": ""Work out (7 ) −(2 )"", ""options"": [""5"", ""50"", ""55""], ""correct"": null, ""answer_text"": null, ""category"": null, ""source_file"": ""AEROJET M1 SAMPLE TEST 2 WITHOUT ANSWERS (1)_230822_094249.pdf"", ""source_module"": ""M1"", ""fmt"": ""pdf"", ""module"": ""M1"", ""difficulty"": ""EASY""}"
M1,M1.8.9,,23. What is the name of figure FAC in the diagram?,triangle,isosceles,right triangle,,C,MEDIUM,,,,DRAFT,Found in Suntech corpus,1,AEROJET M1 SAMPLE TEST 2 WITHOUT ANSWERS (1)_230822_094249.pdf,"{""raw"": ""23. What is the name of figure FAC in the diagram?\nA. triangle\nB. isosceles\nC. right triangle"", ""question"": ""23. What is the name of figure FAC in the diagram?"", ""options"": [""triangle"", ""isosceles"", ""right triangle""], ""correct"": null, ""answer_text"": null, ""category"": null, ""source_file"": ""AEROJET M1 SAMPLE TEST 2 WITHOUT ANSWERS (1)_230822_094249.pdf"", ""source_module"": ""M1"", ""fmt"": ""pdf"", ""module"": ""M1"", ""syllabusRef"": ""M1.8.9"", ""level"": null, ""difficulty"": ""MEDIUM""}"
M1,M1.8.9,,Find the sum of the missing numbers in the tally table,4,3 DIAGRAM X,7,,B,MEDIUM,,,,DRAFT,Found in Suntech corpus,1,AEROJET M1 SAMPLE TEST 2 WITHOUT ANSWERS (1)_230822_094249.pdf,"{""raw"": ""28. Find the sum of the missing numbers in the tally table\nA. 4\nB. 3 DIAGRAM X\nC. 7"", ""question"": ""Find the sum of the missing numbers in the tally table"", ""options"": [""4"", ""3 DIAGRAM X"", ""7""], ""correct"": null, ""answer_text"": null, ""category"": null, ""source_file"": ""AEROJET M1 SAMPLE TEST 2 WITHOUT ANSWERS (1)_230822_094249.pdf"", ""source_module"": ""M1"", ""fmt"": ""pdf"", ""module"": ""M1"", ""syllabusRef"": ""M1.8.9"", ""level"": null, ""difficulty"": ""MEDIUM""}"
M1,M1.11.2,,What time did it reach Leeming Bar?,11.15 am,11.30 am,11.45 am,,A,EASY,29. The graph is the journey of a car.,,,DRAFT,Found in Suntech corpus,1,AEROJET M1 SAMPLE TEST 2 WITHOUT ANSWERS (1)_230822_094249.pdf,"{""raw"": ""29. The graph is the journey of a car.\nWhat time did it reach Leeming Bar?\nA. 11.15 am\nB. 11.30 am\nC. 11.45 am"", ""question"": ""What time did it reach Leeming Bar?"", ""options"": [""11.15 am"", ""11.30 am"", ""11.45 am""], ""correct"": null, ""answer_text"": null, ""category"": ""29. The graph is the journey of a car."", ""source_file"": ""AEROJET M1 SAMPLE TEST 2 WITHOUT ANSWERS (1)_230822_094249.pdf"", ""source_module"": ""M1"", ""fmt"": ""pdf"", ""module"": ""M1"", ""syllabusRef"": ""M1.11.2"", ""level"": null, ""difficulty"": ""EASY""}"
M1,M1.8.9,,When did the car reach Aycliff? TALLY TABLE Tally table for,11.15,11.30,11.45,,A,MEDIUM,,,,DRAFT,Found in Suntech corpus,1,AEROJET M1 SAMPLE TEST 2 WITHOUT ANSWERS (1)_230822_094249.pdf,"{""raw"": ""30. When did the car reach Aycliff? TALLY TABLE Tally table for\nQ28\nA. 11.15\nB. 11.30\nC. 11.45"", ""question"": ""When did the car reach Aycliff? TALLY TABLE Tally table for"", ""options"": [""11.15"", ""11.30"", ""11.45""], ""correct"": null, ""answer_text"": null, ""category"": null, ""source_file"": ""AEROJET M1 SAMPLE TEST 2 WITHOUT ANSWERS (1)_230822_094249.pdf"", ""source_module"": ""M1"", ""fmt"": ""pdf"", ""module"": ""M1"", ""syllabusRef"": ""M1.8.9"", ""level"": null, ""difficulty"": ""MEDIUM""}"
M1,,,Solve for y if ( 1 +2)32 = 36,y = 2,y =,y = −2,,A,EASY,,,,DRAFT,Found in Suntech corpus,1,AEROJET MOCK M1 EXTRA 2 TT3_230817_112709.pdf,"{""raw"": ""9. Solve for y if ( 1 +2)32 = 36\ny\nA. y = 2\n1\nB. y =\n2\nC. y = −2"", ""question"": ""Solve for y if ( 1 +2)32 = 36"", ""options"": [""y = 2"", ""y ="", ""y = −2""], ""correct"": null, ""answer_text"": null, ""category"": null, ""source_file"": ""AEROJET MOCK M1 EXTRA 2 TT3_230817_112709.pdf"", ""source_module"": ""M1"", ""fmt"": ""pdf"", ""module"": ""M1"", ""difficulty"": ""EASY""}"
M1,M1.8.9,,32. What is the area of a semi-circle where the diameter is 30cm?,353.43,335.34,353.34,,A,MEDIUM,,,,DRAFT,Found in Suntech corpus,1,AEROJET MOCK M1 EXTRA 2 TT3_230817_112709.pdf,"{""raw"": ""32. What is the area of a semi-circle where the diameter is 30cm?\nA. 353.43\nB. 335.34\nC. 353.34"", ""question"": ""32. What is the area of a semi-circle where the diameter is 30cm?"", ""options"": [""353.43"", ""335.34"", ""353.34""], ""correct"": null, ""answer_text"": null, ""category"": null, ""source_file"": ""AEROJET MOCK M1 EXTRA 2 TT3_230817_112709.pdf"", ""source_module"": ""M1"", ""fmt"": ""pdf"", ""module"": ""M1"", ""syllabusRef"": ""M1.8.9"", ""level"": null, ""difficulty"": ""MEDIUM""}"
M1,M1.11.2,,2 is a member of this set.,Even numbers,Prime numbers,Both A and B,,B,EASY,,,,DRAFT,Found in Suntech corpus,1,AEROJET REVISION M1 1_230808_091651.pdf,"{""raw"": ""1. 2 is a member of this set.\nA. Even numbers\nB. Prime numbers\nC. Both A and B"", ""question"": ""2 is a member of this set."", ""options"": [""Even numbers"", ""Prime numbers"", ""Both A and B""], ""correct"": null, ""answer_text"": null, ""category"": null, ""source_file"": ""AEROJET REVISION M1 1_230808_091651.pdf"", ""source_module"": ""M1"", ""fmt"": ""pdf"", ""module"": ""M1"", ""syllabusRef"": ""M1.11.2"", ""level"": null, ""difficulty"": ""EASY""}"
M1,M1.8.9,,The difference between them is 0,Natural numbers and integers,Whole numbers and integers,Whole numbers and natural numbers,,A,EASY,,,,DRAFT,Found in Suntech corpus,1,AEROJET REVISION M1 1_230808_091651.pdf,"{""raw"": ""3. The difference between them is 0\nA. Natural numbers and integers\nB. Whole numbers and integers\nC. Whole numbers and natural numbers"", ""question"": ""The difference between them is 0"", ""options"": [""Natural numbers and integers"", ""Whole numbers and integers"", ""Whole numbers and natural numbers""], ""correct"": null, ""answer_text"": null, ""category"": null, ""source_file"": ""AEROJET REVISION M1 1_230808_091651.pdf"", ""source_module"": ""M1"", ""fmt"": ""pdf"", ""module"": ""M1"", ""syllabusRef"": ""M1.8.9"", ""level"": null, ""difficulty"": ""EASY""}"
M1,,,Solve 2 + 5 – 3 × 6 ÷ 2(3 – 1),14,6,-11,,A,EASY,,,,NEEDS_ANSWER,From Module 1 Answers.txt Test 3 Q1,1,AEROJET REVISION M1 1_230808_091651.pdf,"{""raw"": ""9. Solve 2 + 5 – 3 × 6 ÷ 2(3 – 1)\nA. 14\nB. 6\nC. -11\n5 7"", ""question"": ""Solve 2 + 5 – 3 × 6 ÷ 2(3 – 1)"", ""options"": [""14"", ""6"", ""-11""], ""correct"": null, ""answer_text"": null, ""category"": null, ""source_file"": ""AEROJET REVISION M1 1_230808_091651.pdf"", ""source_module"": ""M1"", ""fmt"": ""pdf"", ""module"": ""M1"", ""difficulty"": ""EASY""}"
M1,M1.9.5,,14. What is the value of the digit 6 in the decimal 75.876 ?,6,3/500,1/1000,,C,MEDIUM,,,,DRAFT,Found in Suntech corpus,1,AEROJET REVISION M1 1_230808_091651.pdf,"{""raw"": ""14. What is the value of the digit 6 in the decimal 75.876 ?\nA. 6\nB. 3/500\nC. 1/1000"", ""question"": ""14. What is the value of the digit 6 in the decimal 75.876 ?"", ""options"": [""6"", ""3/500"", ""1/1000""], ""correct"": null, ""answer_text"": null, ""category"": null, ""source_file"": ""AEROJET REVISION M1 1_230808_091651.pdf"", ""source_module"": ""M1"", ""fmt"": ""pdf"", ""module"": ""M1"", ""syllabusRef"": ""M1.9.5"", ""level"": null, ""difficulty"": ""MEDIUM""}"
M1,,,Evaluate 225.62 ÷ 2.1,107.4,107.43,107,,A,EASY,,,,DRAFT,Found in Suntech corpus,1,AEROJET REVISION M1 1_230808_091651.pdf,"{""raw"": ""16. Evaluate 225.62 ÷ 2.1\nA. 107.4\nB. 107.43\nC. 107"", ""question"": ""Evaluate 225.62 ÷ 2.1"", ""options"": [""107.4"", ""107.43"", ""107""], ""correct"": null, ""answer_text"": null, ""category"": null, ""source_file"": ""AEROJET REVISION M1 1_230808_091651.pdf"", ""source_module"": ""M1"", ""fmt"": ""pdf"", ""module"": ""M1"", ""difficulty"": ""EASY""}"
M1,M1.8.9,,18. Which of the following is true about factors?,Any whole number ending with 0 has a factor of 5,"Any whole number greater than 0, which ends with 0 has 2 and 5 as factors",Both A and B above,,A,EASY,,,,DRAFT,Found in Suntech corpus,1,AEROJET REVISION M1 1_230808_091651.pdf,"{""raw"": ""18. Which of the following is true about factors?\nA. Any whole number ending with 0 has a factor of 5\nB. Any whole number greater than 0, which ends with 0 has 2 and 5 as factors\nC. Both A and B above"", ""question"": ""18. Which of the following is true about factors?"", ""options"": [""Any whole number ending with 0 has a factor of 5"", ""Any whole number greater than 0, which ends with 0 has 2 and 5 as factors"", ""Both A and B above""], ""correct"": null, ""answer_text"": null, ""category"": null, ""source_file"": ""AEROJET REVISION M1 1_230808_091651.pdf"", ""source_module"": ""M1"", ""fmt"": ""pdf"", ""module"": ""M1"", ""syllabusRef"": ""M1.8.9"", ""level"": null, ""difficulty"": ""EASY""}"
M1,M1.10.1,,"19. Given that 112 = 2𝐴×𝐵1, What is the value of B – A ?",– 3,3,7,,C,MEDIUM,,,,NEEDS_ANSWER,From Module 1 Answers.txt Test 2 Q3,1,AEROJET REVISION M1 1_230808_091651.pdf,"{""raw"": ""19. Given that 112 = 2𝐴×𝐵1, What is the value of B – A ?\nA. – 3\nB. 3\nC. 7"", ""question"": ""19. Given that 112 = 2𝐴×𝐵1, What is the value of B – A ?"", ""options"": [""– 3"", ""3"", ""7""], ""correct"": null, ""answer_text"": null, ""category"": null, ""source_file"": ""AEROJET REVISION M1 1_230808_091651.pdf"", ""source_module"": ""M1"", ""fmt"": ""pdf"", ""module"": ""M1"", ""syllabusRef"": ""M1.10.1"", ""level"": null, ""difficulty"": ""MEDIUM""}"
M1,M1.8.9,,"The prime Factorization of 5940 is xa × yb × c × d. State the values of a, b, c and d.","a = 2, b = 3, c = 7, d = 11","a = 2, b = 3, c = 5, d = 13","a = 2, b = 3, c = 5, d = 11",,A,MEDIUM,,,,DRAFT,Found in Suntech corpus,1,AEROJET REVISION M1 1_230808_091651.pdf,"{""raw"": ""20. The prime Factorization of 5940 is xa × yb × c × d. State the values of a, b, c and d.\nA. a = 2, b = 3, c = 7, d = 11\nB. a = 2, b = 3, c = 5, d = 13\nC. a = 2, b = 3, c = 5, d = 11"", ""question"": ""The prime Factorization of 5940 is xa × yb × c × d. State the values of a, b, c and d."", ""options"": [""a = 2, b = 3, c = 7, d = 11"", ""a = 2, b = 3, c = 5, d = 13"", ""a = 2, b = 3, c = 5, d = 11""], ""correct"": null, ""answer_text"": null, ""category"": null, ""source_file"": ""AEROJET REVISION M1 1_230808_091651.pdf"", ""source_module"": ""M1"", ""fmt"": ""pdf"", ""module"": ""M1"", ""syllabusRef"": ""M1.8.9"", ""level"": null, ""difficulty"": ""MEDIUM""}"
M1,M1.11.2,,In a basket there are 12 red balls and 4 blue balls. Which of the ratios below is/are true concerning,3:1,1:3,Either A or B,,A,MEDIUM,,,,DRAFT,Found in Suntech corpus,1,AEROJET REVISION M1 1_230808_091651.pdf,"{""raw"": ""21. In a basket there are 12 red balls and 4 blue balls. Which of the ratios below is/are true concerning\nthe balls?\nA. 3:1\nB. 1:3\nC. Either A or B"", ""question"": ""In a basket there are 12 red balls and 4 blue balls. Which of the ratios below is/are true concerning"", ""options"": [""3:1"", ""1:3"", ""Either A or B""], ""correct"": null, ""answer_text"": null, ""category"": null, ""source_file"": ""AEROJET REVISION M1 1_230808_091651.pdf"", ""source_module"": ""M1"", ""fmt"": ""pdf"", ""module"": ""M1"", ""syllabusRef"": ""M1.11.2"", ""level"": null, ""difficulty"": ""MEDIUM""}"
M1,M1.8.9,,"22. Given that x:y = 2:3 and y:t = 4:7, what is the ratio x:t?",8:21,2:7,6:28,,B,MEDIUM,,,,DRAFT,Found in Suntech corpus,1,AEROJET REVISION M1 1_230808_091651.pdf,"{""raw"": ""22. Given that x:y = 2:3 and y:t = 4:7, what is the ratio x:t?\nA. 8:21\nB. 2:7\nC. 6:28"", ""question"": ""22. Given that x:y = 2:3 and y:t = 4:7, what is the ratio x:t?"", ""options"": [""8:21"", ""2:7"", ""6:28""], ""correct"": null, ""answer_text"": null, ""category"": null, ""source_file"": ""AEROJET REVISION M1 1_230808_091651.pdf"", ""source_module"": ""M1"", ""fmt"": ""pdf"", ""module"": ""M1"", ""syllabusRef"": ""M1.8.9"", ""level"": null, ""difficulty"": ""MEDIUM""}"
M1,M1.8.9,,Simplify the ratio 2 hour 30 min to 1 hour 15 min,2:1,1:2,2:3,,A,EASY,,,,DRAFT,Found in Suntech corpus,1,AEROJET REVISION M1 1_230808_091651.pdf,"{""raw"": ""24. Simplify the ratio 2 hour 30 min to 1 hour 15 min\nA. 2:1\nB. 1:2\nC. 2:3"", ""question"": ""Simplify the ratio 2 hour 30 min to 1 hour 15 min"", ""options"": [""2:1"", ""1:2"", ""2:3""], ""correct"": null, ""answer_text"": null, ""category"": null, ""source_file"": ""AEROJET REVISION M1 1_230808_091651.pdf"", ""source_module"": ""M1"", ""fmt"": ""pdf"", ""module"": ""M1"", ""syllabusRef"": ""M1.8.9"", ""level"": null, ""difficulty"": ""EASY""}"
M1,M1.8.9,,Express 15:86 in the form 1:n,1 : 5.7,1 : 5.73,1 : 0.174,,A,EASY,,,,DRAFT,Found in Suntech corpus,1,AEROJET REVISION M1 1_230808_091651.pdf,"{""raw"": ""25. Express 15:86 in the form 1:n\nA. 1 : 5.7\nB. 1 : 5.73\nC. 1 : 0.174"", ""question"": ""Express 15:86 in the form 1:n"", ""options"": [""1 : 5.7"", ""1 : 5.73"", ""1 : 0.174""], ""correct"": null, ""answer_text"": null, ""category"": null, ""source_file"": ""AEROJET REVISION M1 1_230808_091651.pdf"", ""source_module"": ""M1"", ""fmt"": ""pdf"", ""module"": ""M1"", ""syllabusRef"": ""M1.8.9"", ""level"": null, ""difficulty"": ""EASY""}"
M1,M1.8.9,,The ratio of nails to hammer in a toolbox is 2:5. How many nails would be there if there are total of,24,60,33,,A,MEDIUM,,,,REVIEWED,Computed from question data,1,AEROJET REVISION M1 1_230808_091651.pdf,"{""raw"": ""26. The ratio of nails to hammer in a toolbox is 2:5. How many nails would be there if there are total of\n84 tools?\nA. 24\nB. 60\nC. 33"", ""question"": ""The ratio of nails to hammer in a toolbox is 2:5. How many nails would be there if there are total of"", ""options"": [""24"", ""60"", ""33""], ""correct"": null, ""answer_text"": null, ""category"": null, ""source_file"": ""AEROJET REVISION M1 1_230808_091651.pdf"", ""source_module"": ""M1"", ""fmt"": ""pdf"", ""module"": ""M1"", ""syllabusRef"": ""M1.8.9"", ""level"": null, ""difficulty"": ""MEDIUM""}"
M1,,,132. Determine how many engines are serviceable?,84,48,77,,C,EASY,,,,NEEDS_ANSWER,From Module 1 Answers.txt Test 2 Q8,1,AEROJET REVISION M1 1_230808_091651.pdf,"{""raw"": ""132. Determine how many engines are serviceable?\nA. 84\nB. 48\nC. 77"", ""question"": ""132. Determine how many engines are serviceable?"", ""options"": [""84"", ""48"", ""77""], ""correct"": null, ""answer_text"": null, ""category"": null, ""source_file"": ""AEROJET REVISION M1 1_230808_091651.pdf"", ""source_module"": ""M1"", ""fmt"": ""pdf"", ""module"": ""M1"", ""difficulty"": ""EASY""}"
M1,M1.8.9,,"15 in, what is the actual length of the aircraft’s wingspan?",750 in,750 ft.,899 in,,B,MEDIUM,28. The scale for the prototype of an aircraft is 1 to 600. If the length of the wingspan of the prototype is,,,DRAFT,Found in Suntech corpus,1,AEROJET REVISION M1 1_230808_091651.pdf,"{""raw"": ""28. The scale for the prototype of an aircraft is 1 to 600. If the length of the wingspan of the prototype is\n15 in, what is the actual length of the aircraft’s wingspan?\nA. 750 in\nB. 750 ft.\nC. 899 in"", ""question"": ""15 in, what is the actual length of the aircraft’s wingspan?"", ""options"": [""750 in"", ""750 ft."", ""899 in""], ""correct"": null, ""answer_text"": null, ""category"": ""28. The scale for the prototype of an aircraft is 1 to 600. If the length of the wingspan of the prototype is"", ""source_file"": ""AEROJET REVISION M1 1_230808_091651.pdf"", ""source_module"": ""M1"", ""fmt"": ""pdf"", ""module"": ""M1"", ""syllabusRef"": ""M1.8.9"", ""level"": null, ""difficulty"": ""MEDIUM""}"
M1,M1.8.9,,The voltage across three loads is distributed in the ratio 2:3:6. If the difference between the least,12 V,22 V,33 V,,A,MEDIUM,,,,DRAFT,Found in Suntech corpus,1,AEROJET REVISION M1 1_230808_091651.pdf,"{""raw"": ""29. The voltage across three loads is distributed in the ratio 2:3:6. If the difference between the least\nand greatest is 44 volts, calculate value of the intermediate voltage.\nA. 12 V\nB. 22 V\nC. 33 V"", ""question"": ""The voltage across three loads is distributed in the ratio 2:3:6. If the difference between the least"", ""options"": [""12 V"", ""22 V"", ""33 V""], ""correct"": null, ""answer_text"": null, ""category"": null, ""source_file"": ""AEROJET REVISION M1 1_230808_091651.pdf"", ""source_module"": ""M1"", ""fmt"": ""pdf"", ""module"": ""M1"", ""syllabusRef"": ""M1.8.9"", ""level"": null, ""difficulty"": ""MEDIUM""}"
M1,M1.8.9,,minutes; Running 4km in 30 minutes. What was Kents’ average speed in completing the triathlon?,12 kph,0.2 kph,0.5 kph,,B,MEDIUM,34. A Kents participated in triathlon competition: Swimming 2km in 20 minutes; Cycling 16km in 60,,,DRAFT,Found in Suntech corpus,1,AEROJET REVISION M1 1_230808_091651.pdf,"{""raw"": ""34. A Kents participated in triathlon competition: Swimming 2km in 20 minutes; Cycling 16km in 60\nminutes; Running 4km in 30 minutes. What was Kents’ average speed in completing the triathlon?\nA. 12 kph\nB. 0.2 kph\nC. 0.5 kph"", ""question"": ""minutes; Running 4km in 30 minutes. What was Kents’ average speed in completing the triathlon?"", ""options"": [""12 kph"", ""0.2 kph"", ""0.5 kph""], ""correct"": null, ""answer_text"": null, ""category"": ""34. A Kents participated in triathlon competition: Swimming 2km in 20 minutes; Cycling 16km in 60"", ""source_file"": ""AEROJET REVISION M1 1_230808_091651.pdf"", ""source_module"": ""M1"", ""fmt"": ""pdf"", ""module"": ""M1"", ""syllabusRef"": ""M1.8.9"", ""level"": null, ""difficulty"": ""MEDIUM""}"
M1,M1.11.2,,12.5 % is equivalent to,1.25,0.0125,1.25/10,,A,EASY,,,,DRAFT,Found in Suntech corpus,1,AEROJET REVISION M1 1_230808_091651.pdf,"{""raw"": ""35. 12.5 % is equivalent to\nA. 1.25\nB. 0.0125\nC. 1.25/10"", ""question"": ""12.5 % is equivalent to"", ""options"": [""1.25"", ""0.0125"", ""1.25/10""], ""correct"": null, ""answer_text"": null, ""category"": null, ""source_file"": ""AEROJET REVISION M1 1_230808_091651.pdf"", ""source_module"": ""M1"", ""fmt"": ""pdf"", ""module"": ""M1"", ""syllabusRef"": ""M1.11.2"", ""level"": null, ""difficulty"": ""EASY""}"
M1,M1.8.9,,can hold 45%. How many gallons of fuel can the mid tank hold?,7200 US gallons,4000 US gallons,1800 US gallons,,A,MEDIUM,36. Total capacity of an aircraft fuel tank is 9000 US gallons. Left tank can hold 35% and the right tank,,,DRAFT,Found in Suntech corpus,1,AEROJET REVISION M1 1_230808_091651.pdf,"{""raw"": ""36. Total capacity of an aircraft fuel tank is 9000 US gallons. Left tank can hold 35% and the right tank\ncan hold 45%. How many gallons of fuel can the mid tank hold?\nA. 7200 US gallons\nB. 4000 US gallons\nC. 1800 US gallons"", ""question"": ""can hold 45%. How many gallons of fuel can the mid tank hold?"", ""options"": [""7200 US gallons"", ""4000 US gallons"", ""1800 US gallons""], ""correct"": null, ""answer_text"": null, ""category"": ""36. Total capacity of an aircraft fuel tank is 9000 US gallons. Left tank can hold 35% and the right tank"", ""source_file"": ""AEROJET REVISION M1 1_230808_091651.pdf"", ""source_module"": ""M1"", ""fmt"": ""pdf"", ""module"": ""M1"", ""syllabusRef"": ""M1.8.9"", ""level"": null, ""difficulty"": ""MEDIUM""}"
M1,M1.8.9,,37. What percentage is 20 minutes of 1 hour?,33%,33.3%,,,B,MEDIUM,,,,DRAFT,Found in Suntech corpus,1,AEROJET REVISION M1 1_230808_091651.pdf,"{""raw"": ""37. What percentage is 20 minutes of 1 hour?\nA. 33%\nB. 33.3%\n1\nC. 33 %\n3"", ""question"": ""37. What percentage is 20 minutes of 1 hour?"", ""options"": [""33%"", ""33.3%""], ""correct"": null, ""answer_text"": null, ""category"": null, ""source_file"": ""AEROJET REVISION M1 1_230808_091651.pdf"", ""source_module"": ""M1"", ""fmt"": ""pdf"", ""module"": ""M1"", ""syllabusRef"": ""M1.8.9"", ""level"": null, ""difficulty"": ""MEDIUM""}"
M1,,,Evaluate 32 – 22 + 23,13,9,7,,A,EASY,,,,NEEDS_ANSWER,Matched ameprep Q33 (sim=0.80),1,AEROJET REVISION M1 1_230808_091651.pdf,"{""raw"": ""45. Evaluate 32 – 22 + 23\nA. 13\nB. 9\nC. 7"", ""question"": ""Evaluate 32 – 22 + 23"", ""options"": [""13"", ""9"", ""7""], ""correct"": null, ""answer_text"": null, ""category"": null, ""source_file"": ""AEROJET REVISION M1 1_230808_091651.pdf"", ""source_module"": ""M1"", ""fmt"": ""pdf"", ""module"": ""M1"", ""difficulty"": ""EASY""}"
M1,M1.8.9,,"Find x, if 64 2/3 + 64 1/6 - 641/2",10,2,0,,B,EASY,,,,NEEDS_ANSWER,From Module 1 Answers.txt Test 2 Q10,1,AEROJET REVISION M1 1_230808_091651.pdf,"{""raw"": ""46. Find x, if 64 2/3 + 64 1/6 - 641/2\nA. 10\nB. 2\nC. 0"", ""question"": ""Find x, if 64 2/3 + 64 1/6 - 641/2"", ""options"": [""10"", ""2"", ""0""], ""correct"": null, ""answer_text"": null, ""category"": null, ""source_file"": ""AEROJET REVISION M1 1_230808_091651.pdf"", ""source_module"": ""M1"", ""fmt"": ""pdf"", ""module"": ""M1"", ""syllabusRef"": ""M1.8.9"", ""level"": null, ""difficulty"": ""EASY""}"
M1,M1.8.9,,"Find y, given that 3 y = 18. – 3 y",– 2,0,2,,B,EASY,,,,NEEDS_ANSWER,From Module 1 Answers.txt Test 3 Q2,1,AEROJET REVISION M1 1_230808_091651.pdf,"{""raw"": ""47. Find y, given that 3 y = 18. – 3 y\nA. – 2\nB. 0\nC. 2\n40"", ""question"": ""Find y, given that 3 y = 18. – 3 y"", ""options"": [""– 2"", ""0"", ""2""], ""correct"": null, ""answer_text"": null, ""category"": null, ""source_file"": ""AEROJET REVISION M1 1_230808_091651.pdf"", ""source_module"": ""M1"", ""fmt"": ""pdf"", ""module"": ""M1"", ""syllabusRef"": ""M1.8.9"", ""level"": null, ""difficulty"": ""EASY""}"
M1,M1.8.9,,"Find x, given that = 0.1",40,20,2,,B,EASY,,,,NEEDS_ANSWER,From Module 1 Answers.txt Test 3 Q4,1,AEROJET REVISION M1 1_230808_091651.pdf,"{""raw"": ""48. Find x, given that = 0.1\n𝑥2\nA. 40\nB. 20\nC. 2"", ""question"": ""Find x, given that = 0.1"", ""options"": [""40"", ""20"", ""2""], ""correct"": null, ""answer_text"": null, ""category"": null, ""source_file"": ""AEROJET REVISION M1 1_230808_091651.pdf"", ""source_module"": ""M1"", ""fmt"": ""pdf"", ""module"": ""M1"", ""syllabusRef"": ""M1.8.9"", ""level"": null, ""difficulty"": ""EASY""}"
M1,M1.9.5,,Logarithm to base ten is also called,natural logarithm,common logarithm,decimal logarithm,,A,EASY,,,,DRAFT,Found in Suntech corpus,1,AEROJET REVISION M1 1_230808_091651.pdf,"{""raw"": ""49. Logarithm to base ten is also called\nA. natural logarithm\nB. common logarithm\nC. decimal logarithm"", ""question"": ""Logarithm to base ten is also called"", ""options"": [""natural logarithm"", ""common logarithm"", ""decimal logarithm""], ""correct"": null, ""answer_text"": null, ""category"": null, ""source_file"": ""AEROJET REVISION M1 1_230808_091651.pdf"", ""source_module"": ""M1"", ""fmt"": ""pdf"", ""module"": ""M1"", ""syllabusRef"": ""M1.9.5"", ""level"": null, ""difficulty"": ""EASY""}"
M1,,,logarithm to base ten is made up of two parts namely;,standard form and base ten,characteristic and base,mantissa and characteristic,,A,MEDIUM,,,,DRAFT,Found in Suntech corpus,1,AEROJET REVISION M1 1_230808_091651.pdf,"{""raw"": ""50. logarithm to base ten is made up of two parts namely;\nA. standard form and base ten\nB. characteristic and base\nC. mantissa and characteristic"", ""question"": ""logarithm to base ten is made up of two parts namely;"", ""options"": [""standard form and base ten"", ""characteristic and base"", ""mantissa and characteristic""], ""correct"": null, ""answer_text"": null, ""category"": null, ""source_file"": ""AEROJET REVISION M1 1_230808_091651.pdf"", ""source_module"": ""M1"", ""fmt"": ""pdf"", ""module"": ""M1"", ""difficulty"": ""MEDIUM""}"
M1,M1.8.9,,In Log 0.06 = 2̅.778; the mantissa is,2̅,0.778,10 – 2,,B,EASY,,,,DRAFT,Found in Suntech corpus,1,AEROJET REVISION  M1  PART 2_230808_115224.pdf,"{""raw"": ""51. In Log 0.06 = 2̅.778; the mantissa is\nA. 2̅\nB. 0.778\nC. 10 – 2"", ""question"": ""In Log 0.06 = 2̅.778; the mantissa is"", ""options"": [""2̅"", ""0.778"", ""10 – 2""], ""correct"": null, ""answer_text"": null, ""category"": null, ""source_file"": ""AEROJET REVISION  M1  PART 2_230808_115224.pdf"", ""source_module"": ""M1"", ""fmt"": ""pdf"", ""module"": ""M1"", ""syllabusRef"": ""M1.8.9"", ""level"": null, ""difficulty"": ""EASY""}"
M1,M1.8.9,,"52. In the UK, stamps are 19p. Peter wants to buy 9 stamps. How much does he have to pay less than £2 ?",£1.71,£9,£0.09,,B,MEDIUM,,,,NEEDS_ANSWER,From Module 1 Answers.txt Test 3 Q7,1,AEROJET REVISION  M1  PART 2_230808_115224.pdf,"{""raw"": ""52. In the UK, stamps are 19p. Peter wants to buy 9 stamps. How much does he have to pay less than £2 ?\nA. £1.71\nB. £9\nC. £0.09"", ""question"": ""52. In the UK, stamps are 19p. Peter wants to buy 9 stamps. How much does he have to pay less than £2 ?"", ""options"": [""£1.71"", ""£9"", ""£0.09""], ""correct"": null, ""answer_text"": null, ""category"": null, ""source_file"": ""AEROJET REVISION  M1  PART 2_230808_115224.pdf"", ""source_module"": ""M1"", ""fmt"": ""pdf"", ""module"": ""M1"", ""syllabusRef"": ""M1.8.9"", ""level"": null, ""difficulty"": ""MEDIUM""}"
M1,M1.8.9,,the funfair and have 9 horse rides?,£14.40,£6.30,£10.00,,B,EASY,53. Entry into a funfair is £3.70 gate fee plus 70p for each horse ride. How much money does Fred need to enter,,,DRAFT,Found in Suntech corpus,1,AEROJET REVISION  M1  PART 2_230808_115224.pdf,"{""raw"": ""53. Entry into a funfair is £3.70 gate fee plus 70p for each horse ride. How much money does Fred need to enter\nthe funfair and have 9 horse rides?\nA. £14.40\nB. £6.30\nC. £10.00"", ""question"": ""the funfair and have 9 horse rides?"", ""options"": [""£14.40"", ""£6.30"", ""£10.00""], ""correct"": null, ""answer_text"": null, ""category"": ""53. Entry into a funfair is £3.70 gate fee plus 70p for each horse ride. How much money does Fred need to enter"", ""source_file"": ""AEROJET REVISION  M1  PART 2_230808_115224.pdf"", ""source_module"": ""M1"", ""fmt"": ""pdf"", ""module"": ""M1"", ""syllabusRef"": ""M1.8.9"", ""level"": null, ""difficulty"": ""EASY""}"
M1,M1.8.9,,What percentage of 600 is the same as 40% of 1200,80%,60%,40%,,C,EASY,,,,NEEDS_ANSWER,From Module 1 Answers.txt Test 3 Q8,1,AEROJET REVISION  M1  PART 2_230808_115224.pdf,"{""raw"": ""54. What percentage of 600 is the same as 40% of 1200\nA. 80%\nB. 60%\nC. 40%"", ""question"": ""What percentage of 600 is the same as 40% of 1200"", ""options"": [""80%"", ""60%"", ""40%""], ""correct"": null, ""answer_text"": null, ""category"": null, ""source_file"": ""AEROJET REVISION  M1  PART 2_230808_115224.pdf"", ""source_module"": ""M1"", ""fmt"": ""pdf"", ""module"": ""M1"", ""syllabusRef"": ""M1.8.9"", ""level"": null, ""difficulty"": ""EASY""}"
M1,M1.8.9,,If the number formed by the last two digits of a number is divisible by 4 then the number is,Divisible by 4,Divisible by 8,Divisible by 6,,A,MEDIUM,,,,DRAFT,Found in Suntech corpus,1,AEROJET REVISION  M1  PART 2_230808_115224.pdf,"{""raw"": ""60. If the number formed by the last two digits of a number is divisible by 4 then the number is\nA. Divisible by 4\nB. Divisible by 8\nC. Divisible by 6"", ""question"": ""If the number formed by the last two digits of a number is divisible by 4 then the number is"", ""options"": [""Divisible by 4"", ""Divisible by 8"", ""Divisible by 6""], ""correct"": null, ""answer_text"": null, ""category"": null, ""source_file"": ""AEROJET REVISION  M1  PART 2_230808_115224.pdf"", ""source_module"": ""M1"", ""fmt"": ""pdf"", ""module"": ""M1"", ""syllabusRef"": ""M1.8.9"", ""level"": null, ""difficulty"": ""MEDIUM""}"
M1,M1.8.9,,"Find the LCM of the three numbers 1764, 2100 and 2940",44 100,40 410,44 200,,A,MEDIUM,,,,DRAFT,Found in Suntech corpus,1,AEROJET REVISION  M1  PART 2_230808_115224.pdf,"{""raw"": ""61. Find the LCM of the three numbers 1764, 2100 and 2940\nA. 44 100\nB. 40 410\nC. 44 200"", ""question"": ""Find the LCM of the three numbers 1764, 2100 and 2940"", ""options"": [""44 100"", ""40 410"", ""44 200""], ""correct"": null, ""answer_text"": null, ""category"": null, ""source_file"": ""AEROJET REVISION  M1  PART 2_230808_115224.pdf"", ""source_module"": ""M1"", ""fmt"": ""pdf"", ""module"": ""M1"", ""syllabusRef"": ""M1.8.9"", ""level"": null, ""difficulty"": ""MEDIUM""}"
M1,,,"62. When working with fractions, what does LCD stand for?",Lowest Common Divider,Lowest Common Denominator,Lowest Common Divisor,,A,MEDIUM,,,,DRAFT,Found in Suntech corpus,1,AEROJET REVISION  M1  PART 2_230808_115224.pdf,"{""raw"": ""62. When working with fractions, what does LCD stand for?\nA. Lowest Common Divider\nB. Lowest Common Denominator\nC. Lowest Common Divisor"", ""question"": ""62. When working with fractions, what does LCD stand for?"", ""options"": [""Lowest Common Divider"", ""Lowest Common Denominator"", ""Lowest Common Divisor""], ""correct"": null, ""answer_text"": null, ""category"": null, ""source_file"": ""AEROJET REVISION  M1  PART 2_230808_115224.pdf"", ""source_module"": ""M1"", ""fmt"": ""pdf"", ""module"": ""M1"", ""difficulty"": ""MEDIUM""}"
M1,,,Convert 1500 miles into kilometres,24319 km,21439 km,24139 km,,C,EASY,,,,DRAFT,Found in Suntech corpus,1,AEROJET REVISION  M1  PART 2_230808_115224.pdf,"{""raw"": ""64. Convert 1500 miles into kilometres\nA. 24319 km\nB. 21439 km\nC. 24139 km"", ""question"": ""Convert 1500 miles into kilometres"", ""options"": [""24319 km"", ""21439 km"", ""24139 km""], ""correct"": null, ""answer_text"": null, ""category"": null, ""source_file"": ""AEROJET REVISION  M1  PART 2_230808_115224.pdf"", ""source_module"": ""M1"", ""fmt"": ""pdf"", ""module"": ""M1"", ""difficulty"": ""EASY""}"
M1,M1.8.9,,An aircraft travels a total distance of 750 km in a time of 3 hours 45 minutes. What is the average speed in,200 km/h,55.6 m/s,50 m/s,,A,MEDIUM,,,,DRAFT,Found in Suntech corpus,1,AEROJET REVISION  M1  PART 2_230808_115224.pdf,"{""raw"": ""66. An aircraft travels a total distance of 750 km in a time of 3 hours 45 minutes. What is the average speed in\nm/s?\nA. 200 km/h\nB. 55.6 m/s\nC. 50 m/s"", ""question"": ""An aircraft travels a total distance of 750 km in a time of 3 hours 45 minutes. What is the average speed in"", ""options"": [""200 km/h"", ""55.6 m/s"", ""50 m/s""], ""correct"": null, ""answer_text"": null, ""category"": null, ""source_file"": ""AEROJET REVISION  M1  PART 2_230808_115224.pdf"", ""source_module"": ""M1"", ""fmt"": ""pdf"", ""module"": ""M1"", ""syllabusRef"": ""M1.8.9"", ""level"": null, ""difficulty"": ""MEDIUM""}"
M1,M1.10.1,,consumption is 75 gallons / hour?,4 h,3 h,2 h,,A,EASY,67. An aircraft uses 300 gallons of fuel for a flight of duration x hours. What is the value of x if its average fuel,,,DRAFT,Found in Suntech corpus,1,AEROJET REVISION  M1  PART 2_230808_115224.pdf,"{""raw"": ""67. An aircraft uses 300 gallons of fuel for a flight of duration x hours. What is the value of x if its average fuel\nconsumption is 75 gallons / hour?\nA. 4 h\nB. 3 h\nC. 2 h"", ""question"": ""consumption is 75 gallons / hour?"", ""options"": [""4 h"", ""3 h"", ""2 h""], ""correct"": null, ""answer_text"": null, ""category"": ""67. An aircraft uses 300 gallons of fuel for a flight of duration x hours. What is the value of x if its average fuel"", ""source_file"": ""AEROJET REVISION  M1  PART 2_230808_115224.pdf"", ""source_module"": ""M1"", ""fmt"": ""pdf"", ""module"": ""M1"", ""syllabusRef"": ""M1.10.1"", ""level"": null, ""difficulty"": ""EASY""}"
M1,M1.8.9,,"The weight of six items are as follows: w kg, 10.3 kg, 8.9 kg, 9.4 kg, 11.2 kg and 10.1 kg is 9.9 kg. Find w.",9.0 kg,9.3 kg,9.5 kg,,A,MEDIUM,,,,DRAFT,Found in Suntech corpus,1,AEROJET REVISION  M1  PART 2_230808_115224.pdf,"{""raw"": ""68. The weight of six items are as follows: w kg, 10.3 kg, 8.9 kg, 9.4 kg, 11.2 kg and 10.1 kg is 9.9 kg. Find w.\nA. 9.0 kg\nB. 9.3 kg\nC. 9.5 kg"", ""question"": ""The weight of six items are as follows: w kg, 10.3 kg, 8.9 kg, 9.4 kg, 11.2 kg and 10.1 kg is 9.9 kg. Find w."", ""options"": [""9.0 kg"", ""9.3 kg"", ""9.5 kg""], ""correct"": null, ""answer_text"": null, ""category"": null, ""source_file"": ""AEROJET REVISION  M1  PART 2_230808_115224.pdf"", ""source_module"": ""M1"", ""fmt"": ""pdf"", ""module"": ""M1"", ""syllabusRef"": ""M1.8.9"", ""level"": null, ""difficulty"": ""MEDIUM""}"
M1,,,An airplane flying a distance of 300 kilometers used 20 liters of gasoline. How many liters will it need to travel,10 L,30 L,40 L,,B,MEDIUM,,,,DRAFT,Found in Suntech corpus,1,AEROJET REVISION  M1  PART 2_230808_115224.pdf,"{""raw"": ""71. An airplane flying a distance of 300 kilometers used 20 liters of gasoline. How many liters will it need to travel\n600 kilometers?\nA. 10 L\nB. 30 L\nC. 40 L"", ""question"": ""An airplane flying a distance of 300 kilometers used 20 liters of gasoline. How many liters will it need to travel"", ""options"": [""10 L"", ""30 L"", ""40 L""], ""correct"": null, ""answer_text"": null, ""category"": null, ""source_file"": ""AEROJET REVISION  M1  PART 2_230808_115224.pdf"", ""source_module"": ""M1"", ""fmt"": ""pdf"", ""module"": ""M1"", ""difficulty"": ""MEDIUM""}"
M1,M1.11.2,,efficiency expressed as a percent?,89%,90%,112%,,C,EASY,73. A small engine rated at 12 horsepower is found to be delivering only 10.75 horsepower. What is the motor,,,NEEDS_ANSWER,From Module 1 Answers.txt Test 3 Q9,1,AEROJET REVISION  M1  PART 2_230808_115224.pdf,"{""raw"": ""73. A small engine rated at 12 horsepower is found to be delivering only 10.75 horsepower. What is the motor\nefficiency expressed as a percent?\nA. 89%\nB. 90%\nC. 112%"", ""question"": ""efficiency expressed as a percent?"", ""options"": [""89%"", ""90%"", ""112%""], ""correct"": null, ""answer_text"": null, ""category"": ""73. A small engine rated at 12 horsepower is found to be delivering only 10.75 horsepower. What is the motor"", ""source_file"": ""AEROJET REVISION  M1  PART 2_230808_115224.pdf"", ""source_module"": ""M1"", ""fmt"": ""pdf"", ""module"": ""M1"", ""syllabusRef"": ""M1.11.2"", ""level"": null, ""difficulty"": ""EASY""}"
M1,M1.8.9,,Find the square root of 31.,5,5.6,6,,B,EASY,,,,DRAFT,Found in Suntech corpus,1,AEROJET REVISION  M1  PART 2_230808_115224.pdf,"{""raw"": ""75. Find the square root of 31.\nA. 5\nB. 5.6\nC. 6"", ""question"": ""Find the square root of 31."", ""options"": [""5"", ""5.6"", ""6""], ""correct"": null, ""answer_text"": null, ""category"": null, ""source_file"": ""AEROJET REVISION  M1  PART 2_230808_115224.pdf"", ""source_module"": ""M1"", ""fmt"": ""pdf"", ""module"": ""M1"", ""syllabusRef"": ""M1.8.9"", ""level"": null, ""difficulty"": ""EASY""}"
M1,,,Convert 7154.3 × 10 – 10 to scientific notation,7.1543 × 10 – 13,71.543 × 10 – 7,7.1543 × 10 – 7,,A,EASY,,,,DRAFT,Found in Suntech corpus,1,AEROJET REVISION  M1  PART 2_230808_115224.pdf,"{""raw"": ""76. Convert 7154.3 × 10 – 10 to scientific notation\nA. 7.1543 × 10 – 13\nB. 71.543 × 10 – 7\nC. 7.1543 × 10 – 7"", ""question"": ""Convert 7154.3 × 10 – 10 to scientific notation"", ""options"": [""7.1543 × 10 – 13"", ""71.543 × 10 – 7"", ""7.1543 × 10 – 7""], ""correct"": null, ""answer_text"": null, ""category"": null, ""source_file"": ""AEROJET REVISION  M1  PART 2_230808_115224.pdf"", ""source_module"": ""M1"", ""fmt"": ""pdf"", ""module"": ""M1"", ""difficulty"": ""EASY""}"
M1,M1.8.9,,6 ft. 8 in. plus a ft. b in. is equal to 11 ft. 1 in. Find a and b.,4 and 5,5 and 4,4 and 7,,A,MEDIUM,,,,DRAFT,Found in Suntech corpus,1,AEROJET REVISION  M1  PART 2_230808_115224.pdf,"{""raw"": ""77. 6 ft. 8 in. plus a ft. b in. is equal to 11 ft. 1 in. Find a and b.\nA. 4 and 5\nB. 5 and 4\nC. 4 and 7"", ""question"": ""6 ft. 8 in. plus a ft. b in. is equal to 11 ft. 1 in. Find a and b."", ""options"": [""4 and 5"", ""5 and 4"", ""4 and 7""], ""correct"": null, ""answer_text"": null, ""category"": null, ""source_file"": ""AEROJET REVISION  M1  PART 2_230808_115224.pdf"", ""source_module"": ""M1"", ""fmt"": ""pdf"", ""module"": ""M1"", ""syllabusRef"": ""M1.8.9"", ""level"": null, ""difficulty"": ""MEDIUM""}"
M1,,,Subtract 14 ° 5 / 5 // from 39 ° 9 / 3 //,24 ° 56 / 2 //,25 ° 56 / 2 //,24 ° 57 / 2 //,,A,EASY,,,,DRAFT,Found in Suntech corpus,1,AEROJET REVISION  M1  PART 2_230808_115224.pdf,"{""raw"": ""78. Subtract 14 ° 5 / 5 // from 39 ° 9 / 3 //\nA. 24 ° 56 / 2 //\nB. 25 ° 56 / 2 //\nC. 24 ° 57 / 2 //"", ""question"": ""Subtract 14 ° 5 / 5 // from 39 ° 9 / 3 //"", ""options"": [""24 ° 56 / 2 //"", ""25 ° 56 / 2 //"", ""24 ° 57 / 2 //""], ""correct"": null, ""answer_text"": null, ""category"": null, ""source_file"": ""AEROJET REVISION  M1  PART 2_230808_115224.pdf"", ""source_module"": ""M1"", ""fmt"": ""pdf"", ""module"": ""M1"", ""difficulty"": ""EASY""}"
M1,,,Add 7.8 pF + 22 x 10 – 11 F,10 pF,10 x 10 – 11 F,1 pF,,B,EASY,,,,DRAFT,Found in Suntech corpus,1,AEROJET REVISION  M1  PART 2_230808_115224.pdf,"{""raw"": ""79. Add 7.8 pF + 22 x 10 – 11 F\nA. 10 pF\nB. 10 x 10 – 11 F\nC. 1 pF"", ""question"": ""Add 7.8 pF + 22 x 10 – 11 F"", ""options"": [""10 pF"", ""10 x 10 – 11 F"", ""1 pF""], ""correct"": null, ""answer_text"": null, ""category"": null, ""source_file"": ""AEROJET REVISION  M1  PART 2_230808_115224.pdf"", ""source_module"": ""M1"", ""fmt"": ""pdf"", ""module"": ""M1"", ""difficulty"": ""EASY""}"
M1,M1.8.9,,Multiply 4 yd. 2 ft. × 3 yd. 2 ft.,12 sq.yd.4 ft.,17 sq.yd.,16 sq.yd,,A,EASY,,,,DRAFT,Found in Suntech corpus,1,AEROJET REVISION  M1  PART 2_230808_115224.pdf,"{""raw"": ""82. Multiply 4 yd. 2 ft. × 3 yd. 2 ft.\nA. 12 sq.yd.4 ft.\n1\nB. 17 sq.yd.\n9\n1\nC. 16 sq.yd\n9"", ""question"": ""Multiply 4 yd. 2 ft. × 3 yd. 2 ft."", ""options"": [""12 sq.yd.4 ft."", ""17 sq.yd."", ""16 sq.yd""], ""correct"": null, ""answer_text"": null, ""category"": null, ""source_file"": ""AEROJET REVISION  M1  PART 2_230808_115224.pdf"", ""source_module"": ""M1"", ""fmt"": ""pdf"", ""module"": ""M1"", ""syllabusRef"": ""M1.8.9"", ""level"": null, ""difficulty"": ""EASY""}"
M1,,,"Divide 4 litres , 400 millilitres by 2","2 litres, 20 millilitres",2. Litres,2.2 litres,,A,EASY,,,,DRAFT,Found in Suntech corpus,1,AEROJET REVISION  M1  PART 2_230808_115224.pdf,"{""raw"": ""84. Divide 4 litres , 400 millilitres by 2\nA. 2 litres, 20 millilitres\nB. 2. Litres\nC. 2.2 litres"", ""question"": ""Divide 4 litres , 400 millilitres by 2"", ""options"": [""2 litres, 20 millilitres"", ""2. Litres"", ""2.2 litres""], ""correct"": null, ""answer_text"": null, ""category"": null, ""source_file"": ""AEROJET REVISION  M1  PART 2_230808_115224.pdf"", ""source_module"": ""M1"", ""fmt"": ""pdf"", ""module"": ""M1"", ""difficulty"": ""EASY""}"
M1,M1.8.9,,Captain Leonard flies his aircraft 0 .71 of the way to his destination before he stops to refuel. How much is left,Cannot be determined,29 miles,29%,,A,MEDIUM,,,,DRAFT,Found in Suntech corpus,1,AEROJET REVISION  M1  PART 2_230808_115224.pdf,"{""raw"": ""86. Captain Leonard flies his aircraft 0 .71 of the way to his destination before he stops to refuel. How much is left\nof his trip?\nA. Cannot be determined\nB. 29 miles\nC. 29%"", ""question"": ""Captain Leonard flies his aircraft 0 .71 of the way to his destination before he stops to refuel. How much is left"", ""options"": [""Cannot be determined"", ""29 miles"", ""29%""], ""correct"": null, ""answer_text"": null, ""category"": null, ""source_file"": ""AEROJET REVISION  M1  PART 2_230808_115224.pdf"", ""source_module"": ""M1"", ""fmt"": ""pdf"", ""module"": ""M1"", ""syllabusRef"": ""M1.8.9"", ""level"": null, ""difficulty"": ""MEDIUM""}"
M1,M1.8.9,,Some examples of units used in the Imperial measurement system include:,"inch, foot, yard.","inch, yard, litre","inch, kilometer, pound",,B,MEDIUM,,,,DRAFT,Found in Suntech corpus,1,AEROJET REVISION  M1  PART 2_230808_115224.pdf,"{""raw"": ""87. Some examples of units used in the Imperial measurement system include:\nA. inch, foot, yard.\nB. inch, yard, litre\nC. inch, kilometer, pound"", ""question"": ""Some examples of units used in the Imperial measurement system include:"", ""options"": [""inch, foot, yard."", ""inch, yard, litre"", ""inch, kilometer, pound""], ""correct"": null, ""answer_text"": null, ""category"": null, ""source_file"": ""AEROJET REVISION  M1  PART 2_230808_115224.pdf"", ""source_module"": ""M1"", ""fmt"": ""pdf"", ""module"": ""M1"", ""syllabusRef"": ""M1.8.9"", ""level"": null, ""difficulty"": ""MEDIUM""}"
M1,M1.11.2,,"91. Which is the greater ratio, 10:11 or 17:18?",17:18,10:11,They are equal,,A,EASY,,,,DRAFT,Found in Suntech corpus,1,AEROJET REVISION  M1  PART 2_230808_115224.pdf,"{""raw"": ""91. Which is the greater ratio, 10:11 or 17:18?\nA. 17:18\nB. 10:11\nC. They are equal"", ""question"": ""91. Which is the greater ratio, 10:11 or 17:18?"", ""options"": [""17:18"", ""10:11"", ""They are equal""], ""correct"": null, ""answer_text"": null, ""category"": null, ""source_file"": ""AEROJET REVISION  M1  PART 2_230808_115224.pdf"", ""source_module"": ""M1"", ""fmt"": ""pdf"", ""module"": ""M1"", ""syllabusRef"": ""M1.11.2"", ""level"": null, ""difficulty"": ""EASY""}"
M1,M1.1.3(a),1,"Dorina got $130 less as simple interest, when she invested $2 000 for 4 years as compared to investing $2250",12%,13%,10.50%,,C,MEDIUM,,,,DRAFT,Found in Suntech corpus,1,AEROJET REVISION  M1  PART 2_230808_115224.pdf,"{""raw"": ""93. Dorina got $130 less as simple interest, when she invested $2 000 for 4 years as compared to investing $2250\nfor the same duration. Calculate the rate of interest.\nA. 12%\nB. 13%\nC. 10.50%"", ""question"": ""Dorina got $130 less as simple interest, when she invested $2 000 for 4 years as compared to investing $2250"", ""options"": [""12%"", ""13%"", ""10.50%""], ""correct"": null, ""answer_text"": null, ""category"": null, ""source_file"": ""AEROJET REVISION  M1  PART 2_230808_115224.pdf"", ""source_module"": ""M1"", ""fmt"": ""pdf"", ""module"": ""M1"", ""syllabusRef"": ""M1.1.3(a)"", ""level"": 1, ""difficulty"": ""MEDIUM""}"
M1,M1.8.9,,"$612. If the first discount was 10%, what was the second discount?",10%,!5%,20%,,A,MEDIUM,94. The marked price of a watch is $800. A shop keeper gave two successive discounts and sold the watch for,,,NEEDS_ANSWER,From Module 1 Answers.txt Test 3 Q10,1,AEROJET REVISION  M1  PART 2_230808_115224.pdf,"{""raw"": ""94. The marked price of a watch is $800. A shop keeper gave two successive discounts and sold the watch for\n$612. If the first discount was 10%, what was the second discount?\nA. 10%\nB. !5%\nC. 20%"", ""question"": ""$612. If the first discount was 10%, what was the second discount?"", ""options"": [""10%"", ""!5%"", ""20%""], ""correct"": null, ""answer_text"": null, ""category"": ""94. The marked price of a watch is $800. A shop keeper gave two successive discounts and sold the watch for"", ""source_file"": ""AEROJET REVISION  M1  PART 2_230808_115224.pdf"", ""source_module"": ""M1"", ""fmt"": ""pdf"", ""module"": ""M1"", ""syllabusRef"": ""M1.8.9"", ""level"": null, ""difficulty"": ""MEDIUM""}"
M1,M1.8.9,,97. A trailer 120 m long passes an electric pole in 6 seconds. What is the speed of the trailer?,60 KM/H,80 KM/H,72 KM/H,,A,MEDIUM,,,,DRAFT,Found in Suntech corpus,1,AEROJET REVISION  M1  PART 2_230808_115224.pdf,"{""raw"": ""97. A trailer 120 m long passes an electric pole in 6 seconds. What is the speed of the trailer?\nA. 60 KM/H\nB. 80 KM/H\nC. 72 KM/H\n4 2 5 5"", ""question"": ""97. A trailer 120 m long passes an electric pole in 6 seconds. What is the speed of the trailer?"", ""options"": [""60 KM/H"", ""80 KM/H"", ""72 KM/H""], ""correct"": null, ""answer_text"": null, ""category"": null, ""source_file"": ""AEROJET REVISION  M1  PART 2_230808_115224.pdf"", ""source_module"": ""M1"", ""fmt"": ""pdf"", ""module"": ""M1"", ""syllabusRef"": ""M1.8.9"", ""level"": null, ""difficulty"": ""MEDIUM""}"
M1,M1.8.9,,The ratio of two numbers is 5:6 and the LCM of the two number is 480. Find the HCF of the numbers.,12,16,24,,A,MEDIUM,,,,REVIEWED,Computed from question data,1,AEROJET REVISION  M1  PART 2_230808_115224.pdf,"{""raw"": ""99. The ratio of two numbers is 5:6 and the LCM of the two number is 480. Find the HCF of the numbers.\nA. 12\nB. 16\nC. 24"", ""question"": ""The ratio of two numbers is 5:6 and the LCM of the two number is 480. Find the HCF of the numbers."", ""options"": [""12"", ""16"", ""24""], ""correct"": null, ""answer_text"": null, ""category"": null, ""source_file"": ""AEROJET REVISION  M1  PART 2_230808_115224.pdf"", ""source_module"": ""M1"", ""fmt"": ""pdf"", ""module"": ""M1"", ""syllabusRef"": ""M1.8.9"", ""level"": null, ""difficulty"": ""MEDIUM""}"
M1,M1.8.9,,DATA SET B IS GENERATED BY ADDING 26 TO EACH OF THE VALUES IN DATA SET A. FIND,THE RANGE.,"MEAN,","MEDIAN,",MODE OF DATA SET B,D,MEDIUM,,,,DRAFT,Found in Suntech corpus,1,AEROJET REVISION M1 WRITTEN_230815_093529.pdf,"{""raw"": ""11. DATA SET B IS GENERATED BY ADDING 26 TO EACH OF THE VALUES IN DATA SET A. FIND\nA. THE RANGE.\nB. MEAN,\nC. MEDIAN,\nD. MODE OF DATA SET B\n5"", ""question"": ""DATA SET B IS GENERATED BY ADDING 26 TO EACH OF THE VALUES IN DATA SET A. FIND"", ""options"": [""THE RANGE."", ""MEAN,"", ""MEDIAN,"", ""MODE OF DATA SET B""], ""correct"": null, ""answer_text"": null, ""category"": null, ""source_file"": ""AEROJET REVISION M1 WRITTEN_230815_093529.pdf"", ""source_module"": ""M1"", ""fmt"": ""pdf"", ""module"": ""M1"", ""syllabusRef"": ""M1.8.9"", ""level"": null, ""difficulty"": ""MEDIUM""}"
M1,M1.8.9,,DATA SET X CONSISTS OF AGES OF 75 PEOPLE AND HAS A MEAN OF 32 YEARS. DATA SET Y CONSISTS OF AGEAS,HOW MANY PEOPLE ARE IN DATA SET Z?,WHAT IS THE MEAN IN YEARS OF DATA SET Z?,,,A,MEDIUM,,,,DRAFT,Found in Suntech corpus,1,AEROJET REVISION M1 WRITTEN_230815_093529.pdf,"{""raw"": ""12. DATA SET X CONSISTS OF AGES OF 75 PEOPLE AND HAS A MEAN OF 32 YEARS. DATA SET Y CONSISTS OF AGEAS\n50 PEOPLE AND HA S MEAN OF 62 YEARS. DATA SET Z CONSISTS OF THE AGES OF PEOPLE FROM DATA SETS X\nAND Y.\nA. HOW MANY PEOPLE ARE IN DATA SET Z?\nB. WHAT IS THE MEAN IN YEARS OF DATA SET Z?"", ""question"": ""DATA SET X CONSISTS OF AGES OF 75 PEOPLE AND HAS A MEAN OF 32 YEARS. DATA SET Y CONSISTS OF AGEAS"", ""options"": [""HOW MANY PEOPLE ARE IN DATA SET Z?"", ""WHAT IS THE MEAN IN YEARS OF DATA SET Z?""], ""correct"": null, ""answer_text"": null, ""category"": null, ""source_file"": ""AEROJET REVISION M1 WRITTEN_230815_093529.pdf"", ""source_module"": ""M1"", ""fmt"": ""pdf"", ""module"": ""M1"", ""syllabusRef"": ""M1.8.9"", ""level"": null, ""difficulty"": ""MEDIUM""}"
M1,M1.8.9,,What is the,(a+b)+(a'+b')i.,(a+a')i+(b+b').,(a+a')+(b+b')i.,,B,EASY,,,,REVIEWED,Computed from question data,1,DGCA MODULE 01 GEOMETRI 03 2023-06-02 16_30_10.pdf,"{""raw"": ""1.3a Geometry. 90 degree angles so the other 2 must add up to 90.\nQuestion Number. 1. What is the\nexternal angle indicated on the figure below?.\nQuestion Number. 4. An equilateral\ntriangle has.\nOption A. no equal sides.\nOption B. 2 equal sides.\nOption C. 3 equal sides.\nOption A. 60. Correct Answer is. 3 equal sides.\nOption B. 120. Explanation. Triangle definitions.\nOption C. 30.\nCorrect Answer is. 120.\nExplanation. NIL. Question Number. 5. The three angles\nof a triangle summed together equal.\nOption A. 90o .\nOption B. 180o .\nOption C. 360o .\nCorrect Answer is. 180o .\nExplanation. The sum of the angles of a triangle\nar 180 degrees.\nQuestion Number. 2. If a wheel of radius\nR revolves 1/2 a turn, how many radians does it Question Number. 6. The circumference\nturn through?. of a circle is found by.\nOption A. 2π radians. Option A. multiplying the diameter by 3.142.\nOption B. 2R2 radians.\nOption C. π radians. Option B. multiplying the radius by 3.142.\nCorrect Answer is. π radians. Option C. dividing the diameter by 3.142.\nExplanation. There are 2π radians in one Correct Answer is. multiplying the diameter\ncomplete turn (i.e. 360 degrees). by 3.142.\nExplanation. Circumference = π x diameter.\nQuestion Number. 3. If there are two\nsimilar angles in a right triangle, these angles are.\nQuestion Number. 7. Calculate the\nOption A. supplementary. height of an obtuse triangle whose base is X cm\nOption B. subordinate. and the area is Y square cm.\nOption C. complementary. Option A. Y x 2/X.\nCorrect Answer is. complementary. Option B. Y + X/2.\nExplanation. Complementary angles add up to Option C. Y * 2 * X.\n90 degrees. Supplementary angles add up to 180 Correct Answer is. Y * 2/X.\ndegrees. A right (angled) triangle already has one Explanation. Y = 1/(Y+2) 2X * h, h = Y * 2/X.\nWWW.EASAQUESTIONPAPERS.BLOGSPOT.COM - PART66 MODULE 1 PART -3\nVisit to download all latest EASA / EASA CAR 66 Module examination Question papers and study material\nDOWNLOAD OUR MOBILE APP FROM PLAY STORE @EASA QUESTION PAPERS\nIF YOU HAVE PREVIOUS SESSION QUESTION PAPERS, SHARE WITH US AT AVIATORSLINKS@GMAIL.COM\nelbaliavA\nPQ\nmaxE\neludoM\n66\nRAC\nllA\n(\nsrepaPnoitseuQACGD/bf\n@\nkoobecaF\nno\nsu\nekiL\n,)ni.srepapnoitseuqacgd.www(\negaP\n2\nOption C. isosceles.\nCorrect Answer is. equilateral.\nQuestion Number. 8. A right-angled Explanation. Triangle definitions.\ntriangle has sides of 3 inches and 4 inches, what\nwill the third side be?.\nOption A. 5 inches. Question Number. 13. Two gears are in\nOption B. 5.5 inches. mesh, one is larger than the other, the smaller\nOption C. 6 inches. gear rotates.\nCorrect Answer is. 5 inches. Option A. at a faster speed.\nExplanation. 3,4,5 triangle. Option B. at a lower speed.\nOption C. at the same speed.\nCorrect Answer is. at a faster speed.\nQuestion Number. 9. To work out the Explanation. The smallest gear rotates the\ncircumference of a circle use. fastest.\nOption A. D * 0.3142.\nOption B. D * 3.142.\nOption C. D-3.142. Question Number. 14. The name given to\nCorrect Answer is. D * 3.142. this shape.\nExplanation. Circumference = 3.14 * diameter.\nOption A. Trapezoid.\nQuestion Number. 10. An equilateral\nOption B. Parallelogram.\ntriangle has.\nOption C. Rhombus.\nOption A. two equal side.\nCorrect Answer is. Parallelogram.\nOption B. no equal sides.\nExplanation. Shape definition.\nOption C. three equal sides.\nCorrect Answer is. three equal sides.\nExplanation. Triangle definition.\nQuestion Number. 11. A quadrilateral\nwith only two parallel sides is a.\nOption A. Trapezium.\nOption B. Trapezoid.\nQuestion Number. 15. A triangle with\nOption C. Rhombus.\nequal sides is.\nCorrect Answer is. Trapezoid.\nOption A. isosceles.\nExplanation. Shape definitions.\nOption B. equilateral.\nOption C. acute.\nCorrect Answer is. equilateral.\nQuestion Number. 12. A triangle with\nExplanation. NIL.\nequal angles is called.\nOption A. right angled.\nOption B. equilateral.\nWWW.EASAQUESTIONPAPERS.BLOGSPOT.COM - PART66 MODULE 1 PART -3\nVisit to download all latest EASA / EASA CAR 66 Module examination Question papers and study material\nDOWNLOAD OUR MOBILE APP FROM PLAY STORE @EASA QUESTION PAPERS\nIF YOU HAVE PREVIOUS SESSION QUESTION PAPERS, SHARE WITH US AT AVIATORSLINKS@GMAIL.COM\nelbaliavA\nPQ\nmaxE\neludoM\n66\nRAC\nllA\n(\nsrepaPnoitseuQACGD/bf\n@\nkoobecaF\nno\nsu\nekiL\n,)ni.srepapnoitseuqacgd.www(\negaP\n3\nQuestion Number. 16. Two gears are in\nmesh, one has twice the number of teeth as the\nother. Question Number. 20. An input gear has\nOption A. the two gears rotate at the same 20 teeth and the output gear has 120 teeth. If the\nspeed. input gear rotates 360°, the output gear will\nOption B. the gear with fewer teeth rotates rotate.\nfaster than the other. Option A. 60°.\nOption C. the gear with fewer teeth rotates Option B. 45°.\nslower than the other. Option C. 90°.\nCorrect Answer is. the gear with fewer teeth Correct Answer is. 60°.\nrotates faster than the other. Explanation. Ratio 1:6. The big gear will rotate\nExplanation. The smaller gear rotates at twice 1/6 of the small gear. 360/6 = 60°.\nthe speed of the larger gear.\nQuestion Number. 21. A line from the\nQuestion Number. 17. Locus points centre of a circle is called.\nplotted equidistant from a central points Option A. diameter.\nrepresent. Option B. its segment.\nOption A. circumference. Option C. radius.\nOption B. diameter. Correct Answer is. radius.\nOption C. radius. Explanation. NIL.\nCorrect Answer is. circumference.\nExplanation. Locus is the line scribed by points\nmoving equidistant from a point - in this case it will Question Number. 22. Give the name of\nscribe the circumference of a circle. the triangle, which has two sides equal in length\nand two equal angles.\nOption A. Equilateral.\nQuestion Number. 18. A circle contains. Option B. Isosceles.\nOption C. Obtuse.\nOption A. 2πr radians. Correct Answer is. Isosceles.\nOption B. 2π radians. Explanation. NIL.\nOption C. 4π radians.\nCorrect Answer is. 2π radians.\nExplanation. There are 2π radians in 360°. Question Number. 23. In an equilateral\ntriangle, all of the angles are equal, to.\nOption A. π divided by 3.\nQuestion Number. 19. An oblique Option B. π divided by 4.\npyramid is one which has its axis. Option C. π divided by 2.\nOption A. perpendicular to its base. Correct Answer is. π divided by 3.\nOption B. not perpendicular to its base. Explanation. Since 360° = 2π radians, 180° = π\nOption C. parallel to its base. radians. The angles of an equilatrial triangle are\nCorrect Answer is. not perpendicular to its each 180/3 (60°) or π/3.\nbase.\nExplanation. Nil.\nWWW.EASAQUESTIONPAPERS.BLOGSPOT.COM - PART66 MODULE 1 PART -3\nVisit to download all latest EASA / EASA CAR 66 Module examination Question papers and study material\nDOWNLOAD OUR MOBILE APP FROM PLAY STORE @EASA QUESTION PAPERS\nIF YOU HAVE PREVIOUS SESSION QUESTION PAPERS, SHARE WITH US AT AVIATORSLINKS@GMAIL.COM\nelbaliavA\nPQ\nmaxE\neludoM\n66\nRAC\nllA\n(\nsrepaPnoitseuQACGD/bf\n@\nkoobecaF\nno\nsu\nekiL\n,)ni.srepapnoitseuqacgd.www(\negaP\n4\nQuestion Number. 24. What is an obtuse Option A. The height is angled to the base.\nangle?.\nOption A. One greater than 180o . Option B. The height is perpendicular to the\nOption B. One less than 90o . base.\nOption C. One greater than 90°, but less than Option C. The height is parallel to the sides.\n180o .\nCorrect Answer is. One greater than 90°, but Correct Answer is. The height is\nless than 180. perpendicular to the base.\nExplanation. NIL. Explanation. Height is always measured\nperpendicular (90 degrees) to the base.\nQuestion Number. 25. A congruent\ntriangle has. Question Number. 29. What is the value\nOption A. same shape and size. of in the diagram shown?.\nOption B. same size different shape.\nOption C. same shape different size.\nCorrect Answer is. same shape and size.\nExplanation. Congruent triangles have the same\nsides AND the same angles.\nOption A. 30°.\nOption B. 35°.\nOption C. 40°.\nQuestion Number. 26. Which shape has\nCorrect Answer is. 35°.\nno parallel sides?.\nExplanation. x + 3x + 4x + 80 = 360, 8x +80 =\nOption A. Trapezoid.\n360, 8x = 360-80, x = 280/8 = 35.\nOption B. Kite.\nOption C. Rhombus.\nQuestion Number. 30. How many\nCorrect Answer is. Kite.\ndegrees are there in the smaller of the segments,\nExplanation. NIL.\nwhere AB is one sixth of AC?.\nQuestion Number. 27. The properties of a\nscalene triangle are.\nOption A. acute angle.\nOption B. all sides different lengths.\nOption A. 15°.\nOption C. all sides are equal.\nOption B. 14.5°.\nCorrect Answer is. all sides different lengths.\nOption C. 10°.\nCorrect Answer is. 15°.\nExplanation. A Scalene triangle has all different\nExplanation. 90/6 = 15 degrees.\nsides.\nQuestion Number. 31. In a parallelogram,\nQuestion Number. 28. What is the height\nif all the sides are of equal length and 1 angle is\nof an oblique pyramid?. 90°, it is a.\nOption A. rhomboid.\nWWW.EASAQUESTIONPAPERS.BLOGSPOT.COM - PART66 MODULE 1 PART -3\nVisit to download all latest EASA / EASA CAR 66 Module examination Question papers and study material\nDOWNLOAD OUR MOBILE APP FROM PLAY STORE @EASA QUESTION PAPERS\nIF YOU HAVE PREVIOUS SESSION QUESTION PAPERS, SHARE WITH US AT AVIATORSLINKS@GMAIL.COM\nelbaliavA\nPQ\nmaxE\neludoM\n66\nRAC\nllA\n(\nsrepaPnoitseuQACGD/bf\n@\nkoobecaF\nno\nsu\nekiL\n,)ni.srepapnoitseuqacgd.www(\negaP\n5\nOption B. quadrilateral. Option A. 14.\nOption C. square. Option B. 22m.\nCorrect Answer is. square. Option C. 44m.\nExplanation. A square. Correct Answer is. 44m.\nExplanation. C = 2πR = 2 * 3.14 * 7 = 44\n(approx.).\nQuestion Number. 32. In a rhombus.\nOption A. all sides are different length with Question Number. 36. For a scalene\nno angles 90°. triangle which is true?.\nOption B. all sides are equal length with no Option A. 2 sides are equal.\nangles 90°. Option B. No 2 sides are equal.\nOption C. adjacent sides are different Option C. One angle is acute.\nlengths with no angles 90°. Correct Answer is. No 2 sides are equal.\nCorrect Answer is. all sides are equal length Explanation. A scalene triangle has no sides\nwith no angles 90°. equal.\nExplanation. A rhombus is a square on the tilt.\nQuestion Number. 37. A line to create a\nsegment from the centre of a circle is a.\nQuestion Number. 33. An isosceles Option A. radius.\ntriangle has the following properties:. Option B. diameter.\nOption A. Two sides parallel. Option C. chord.\nOption B. Three sides the same length. Correct Answer is. diameter.\nOption C. Two sides the same length. Explanation. A chord does not go through the\nCorrect Answer is. Two sides the same centre of the circle. A radius does not produce a\nlength. segment.\nExplanation. An isoscelese triangle has 2 sides\nand 2 angles the same.\nQuestion Number. 38. A shape with 4\nequal sides and one 90° angle is a.\nQuestion Number. 34. In an oblique Option A. parallelogram.\ntriangle the axis is. Option B. rhombus.\nOption A. perpendicular to the base. Option C. square.\nOption B. at a slant to the base. Correct Answer is. square.\nOption C. parallel to the base. Explanation. Neither a parallelogram (a pushed-\nCorrect Answer is. at a slant to the base. over rectangle) nor a rhombus (a pushed-over\nExplanation. An oblique triangle is on the slant. square) has any 90° angles. A square has (at least)\none 90° angle.\nQuestion Number. 35. How far does a Question Number. 39. In a right angled\nwheel of 7m radius travel in one revolution?. triangle the longest side is 20cm long, the shortest\nWWW.EASAQUESTIONPAPERS.BLOGSPOT.COM - PART66 MODULE 1 PART -3\nVisit to download all latest EASA / EASA CAR 66 Module examination Question papers and study material\nDOWNLOAD OUR MOBILE APP FROM PLAY STORE @EASA QUESTION PAPERS\nIF YOU HAVE PREVIOUS SESSION QUESTION PAPERS, SHARE WITH US AT AVIATORSLINKS@GMAIL.COM\nelbaliavA\nPQ\nmaxE\neludoM\n66\nRAC\nllA\n(\nsrepaPnoitseuQACGD/bf\n@\nkoobecaF\nno\nsu\nekiL\n,)ni.srepapnoitseuqacgd.www(\negaP\n6\nside is 12cm. What length is the last side?. Option B. 2.2R.\nOption C. 1.2R.\nOption A. 13.6cm. Correct Answer is. 1.2R.\nOption B. 18cm. Explanation. Circumference = 2πR (take π = 3).\nOption C. 16cm. Proportion of quoted arc of circumference is\nCorrect Answer is. 16cm. 67/360. 67/360 x (2 x 3 x R) = 1.1R (approx, slightly\nExplanation. 12-16-20 triangle is a 3-4-5 more if you take π = 3.14)).\ntriangle.\nQuestion Number. 44. One radian is.\nQuestion Number. 40. The sum of the\ninternal angles of a triangle is. Option A. the angle subtended at the centre\nOption A. 180°. of a circle when the arc-length formed between\nOption B. 2π radians. two radial lines is equal to pi.\nOption C. 360°. Option B. the angle subtended at the centre\nCorrect Answer is. 180°. of a circle when the arc-length formed between\nExplanation. Internal angles of a triangle add up two radial lines is equal in length to the radius.\nto 180 degrees (note: 360 degrees and 2π radians Option C. 66.67°.\nare the same thing). Correct Answer is. the angle subtended at the\ncentre of a circle when the arc-length formed\nbetween two radial lines is equal in length to the\nQuestion Number. 41. A triangle has radius.\nangles 67° and 48°. The third angle is. Explanation. NIL.\nOption A. 115°.\nOption B. 75°.\nOption C. 65°. Question Number. 45. How many\nCorrect Answer is. 65°. degrees in π radians ?.\nExplanation. 67+ 48 = 115. 180-115 = 65°. Option A. 180.\nOption B. 360.\nOption C. 90.\nQuestion Number. 42. The sum of the Correct Answer is. 180.\nangles of a polygon with 'n' sides is. Explanation. 2π radians = 360 degrees.\nOption A. 180 x (n-2).\nOption B. (n/4) x 180.\nOption C. 60 x n. Question Number. 46. The sum of the\nCorrect Answer is. 180 x (n-2). external angles of any polygon is.\nExplanation. 180(n-2). Option A. 180 degrees.\nOption B. 540 degrees.\nOption C. 360 degrees.\nQuestion Number. 43. Suppose the earth Correct Answer is. 360 degrees.\nto be a real sphere with the radius R. The arc Explanation. External website.\ndistance from HK (N23) to the North pole is:.\nOption A. 0.9R.\nWWW.EASAQUESTIONPAPERS.BLOGSPOT.COM - PART66 MODULE 1 PART -3\nVisit to download all latest EASA / EASA CAR 66 Module examination Question papers and study material\nDOWNLOAD OUR MOBILE APP FROM PLAY STORE @EASA QUESTION PAPERS\nIF YOU HAVE PREVIOUS SESSION QUESTION PAPERS, SHARE WITH US AT AVIATORSLINKS@GMAIL.COM\nelbaliavA\nPQ\nmaxE\neludoM\n66\nRAC\nllA\n(\nsrepaPnoitseuQACGD/bf\n@\nkoobecaF\nno\nsu\nekiL\n,)ni.srepapnoitseuqacgd.www(\negaP\n7\nQuestion Number. 47. Which of the 2\nangles are called supplementary?. Question Number. 51. Find the size of the\nOption A. 60 degrees and 120 degrees. other two angles of an isoscelese triangle with one\nOption B. 40 degrees and 40 degrees. angle of 100°.\nOption C. 30 degrees and 60 degrees. Option A. 40°, 40°.\nCorrect Answer is. 60 degrees and 120 Option B. 30°, 30°.\ndegrees. Option C. 100°, 20°.\nExplanation. Add up to 180 degrees. Correct Answer is. 40°, 40°.\nExplanation. Isoscelese triangle has 2 angles\nequal. If one angle is 100° the other two add up to\nQuestion Number. 48. An acute angle is. 80°. These must be the equal angles so each will be\n40°.\nOption A. less than 90 degrees.\nOption B. less than 180 degrees.\nOption C. more than 90 degrees. Question Number. 52. A triangle always\nCorrect Answer is. less than 90 degrees. has.\nExplanation. NIL. Option A. exactly one right angle.\nhttp://math.about.com/library/bldefacute Option B. at least two acute angles.\nangle.htm. Option C. exactly two acute angle.\nCorrect Answer is. at least two acute angles.\nQuestion Number. 49. A straight line Explanation. NIL.\nwhich goes from one point on the circumference http://mathforum.org/library/drmath/vie\nto another is called. w/55061.html.\nOption A. an arc.\nOption B. a tangent.\nOption C. a chord. Question Number. 53. The locus of a\nCorrect Answer is. a chord. point which stays the same distance from a given\nExplanation. NIL. point is.\nhttp://en.wikipedia.org/wiki/Chord_%28g Option A. a circle.\neometry%29. Option B. a parallel line.\nOption C. an ellipse.\nCorrect Answer is. a circle.\nQuestion Number. 50. What is the name Explanation. A locus is the path a point travels\ngiven to a quadrilateral with two pairs of adjacent following a given rule. In this case imagine the path\nsides equal and the diagonals intersect at right of the end of a piece of string fixed at the other\nangles? Note not all the sides are equal?. end and kept taught.\nOption A. kite.\nOption B. parallelogram. 1.3b Geometry.\nOption C. rhombus.\nCorrect Answer is. kite.\nExplanation. Draw the figure to check.\nWWW.EASAQUESTIONPAPERS.BLOGSPOT.COM - PART66 MODULE 1 PART -3\nVisit to download all latest EASA / EASA CAR 66 Module examination Question papers and study material\nDOWNLOAD OUR MOBILE APP FROM PLAY STORE @EASA QUESTION PAPERS\nIF YOU HAVE PREVIOUS SESSION QUESTION PAPERS, SHARE WITH US AT AVIATORSLINKS@GMAIL.COM\nelbaliavA\nPQ\nmaxE\neludoM\n66\nRAC\nllA\n(\nsrepaPnoitseuQACGD/bf\n@\nkoobecaF\nno\nsu\nekiL\n,)ni.srepapnoitseuqacgd.www(\negaP\n8\nQuestion Number. 1. In the following Option A. y = 2x + 2.\nequation what is the y-intercept? 4y = 2x + 8. Option B. y = -2-x.\nOption C. y = x-2.\nOption A. 2. Correct Answer is. y = -2-x.\nOption B. 4. Explanation. Slope (gradient) is 2/2 and is\nOption C. 8. negative (i.e. -1). y-intercept is -2. Equation of the\nCorrect Answer is. 2. line (y = mx + c) is y = -1x -2 or y = -2-x.\nExplanation. First get rid of the 4 from RHS\n(divide all by 4) y = 0.5x + 2. Intercept with y-axis is\nwhen x = 0. So put x = 0 and what is left?\n(remember that 0.5 x 0 = 0).\nQuestion Number. 2. How many times\ndoes the x-axis get crossed when y = x2 -3.\nQuestion Number. 5. The graph points\nOption A. 3. (9, 3) and (3, 1) what is the slope?.\nOption B. 1. Option A. 9/5.\nOption C. 2. Option B. 1/3.\nCorrect Answer is. 1. Option C. 3/1.\nExplanation. y = x2 (a quadratic) is a shape like a Correct Answer is. 1/3.\n'U-curve' where the bottom of the 'U' sits on the Explanation. Slope = change in Y / change in =\n(0,0) point. The -3 means the 'U' is shifted down (3-1)/(9-3) = 2/6 = 1/3.\nthe y-axis 3 places.\nQuestion Number. 6. A straight line\nQuestion Number. 3. On a graph what is graph has the equation 3y = 12x–3 What is the\nthe intercept of y when 4y = x + 8. gradient?.\nOption A. 4. Option A. 1/4.\nOption B. 8. Option B. 4/1.\nOption C. 2. Option C. 3/4.\nCorrect Answer is. 2. Correct Answer is. 4/1.\nExplanation. Use y = mx + c The 'c' is the y- Explanation. The coefficient of x is the gradient,\nintercept. 4y = x + 8 must be converted to y = 1/4x but only when the equation is in the form y = mx +\n+ 8/4\"". c. So y = 12/3x -3/3 12/3 = 4/1.\nQuestion Number. 4. What is the Question Number. 7. For an equation 2y\nequation of the line shown?. = 5x + 3 what is the gradient?.\nOption A. 3/5x.\nOption B. 5/2.\nOption C. 5x+3/2.\nCorrect Answer is. 5/2.\nWWW.EASAQUESTIONPAPERS.BLOGSPOT.COM - PART66 MODULE 1 PART -3\nVisit to download all latest EASA / EASA CAR 66 Module examination Question papers and study material\nDOWNLOAD OUR MOBILE APP FROM PLAY STORE @EASA QUESTION PAPERS\nIF YOU HAVE PREVIOUS SESSION QUESTION PAPERS, SHARE WITH US AT AVIATORSLINKS@GMAIL.COM\nelbaliavA\nPQ\nmaxE\neludoM\n66\nRAC\nllA\n(\nsrepaPnoitseuQACGD/bf\n@\nkoobecaF\nno\nsu\nekiL\n,)ni.srepapnoitseuqacgd.www(\negaP\n9\nExplanation. y = mx + c Gradient is the 'm' (but\nthe coefficient of y must be 1. If it is not, divide all Question Number. 12. What is commonly\nterms by the coefficient of y). referred to as the law of a straight line?.\nOption A. y = x2 plus 180.\nOption B. The line must pass through the\nQuestion Number. 8. Using cosine to 180 degree datum.\nfind the angle of a triangle, which statement is Option C. y = mx + c.\ntrue?. Correct Answer is. y = mx + c.\nOption A. Opposite/Hyp. Explanation. NIL.\nOption B. Opposite/Adjacent.\nOption C. Adjacent/Hyp.\nCorrect Answer is. Adjacent/Hyp. Question Number. 13. The y intercept of\nExplanation. S.O.H.C.A.H.T.O.A. 4y = 4x + 8 is.\nOption A. 4.\nOption B. 8.\nQuestion Number. 9. What type of Option C. 2.\nequation is y = x2 + 9x + 14?. Correct Answer is. 2.\nOption A. Quadratic. Explanation. Must be in form y = Mx + C, C is y-\nOption B. Circular. intercept. y = x + 2 in this case.\nOption C. Exponential.\nCorrect Answer is. Quadratic.\nExplanation. Quadratic has x2 as its highest Question Number. 14. A straight line\norder. passes through the two points (1,4) and (6,1).\nWhat is the gradient of the line?.\nOption A. 3/5.\nQuestion Number. 10. 2y = 5x + 3 What Option B. -3/5.\nis the gradient?. Option C. 2/5.\nOption A. 2/5. Correct Answer is. -3/5.\nOption B. 5/2 + 3. Explanation. The gradient is found by dividing\nOption C. 5/2. the difference between the y coordinates by the\nCorrect Answer is. 5/2. difference between the x coordinates. In this case\nExplanation. Gradient is the m when the it will be 4-1/1-6 = 3/-5 =-3/5.\nformula is in the form y = mx + c.\nQuestion Number. 15. What is the\nQuestion Number. 11. What is the slope equation of a straight line with gradient m and\nbetween the points (3,1) and (9,3)?. intercept on the y axis c?.\nOption A. 1/3. Option A. y = mx + c.\nOption B. 3/1. Option B. x = y + mc.\nOption C. 2. Option C. y = cx + m.\nCorrect Answer is. 1/3. Correct Answer is. y = mx + c.\nExplanation. (Y2-Y1)/(-), 3-1 = 2, 9-3 = 6. 2/6 = Explanation. NIL.\n1/3.\nWWW.EASAQUESTIONPAPERS.BLOGSPOT.COM - PART66 MODULE 1 PART -3\nVisit to download all latest EASA / EASA CAR 66 Module examination Question papers and study material\nDOWNLOAD OUR MOBILE APP FROM PLAY STORE @EASA QUESTION PAPERS\nIF YOU HAVE PREVIOUS SESSION QUESTION PAPERS, SHARE WITH US AT AVIATORSLINKS@GMAIL.COM\nelbaliavA\nPQ\nmaxE\neludoM\n66\nRAC\nllA\n(\nsrepaPnoitseuQACGD/bf\n@\nkoobecaF\nno\nsu\nekiL\n,)ni.srepapnoitseuqacgd.www(\negaP\n01\nQuestion Number. 16. What is the Explanation. If x = 3 then the line will pass\ngadient of the straight line whose equation is 2y + through all points where x=3 i.e. (3,0); (3,1);(3,2)\n3x = 6?. that is a line parallel to the y axis.\nOption A. 3.\nOption B. 3/2.\nOption C. -3/2. Question Number. 20. What is the\nCorrect Answer is. -3/2. equation of the graph shown?.\nExplanation. First put into the form y = mx + c,\ni.e. y = -3x/2 +3 m = gradient hence gradient is -\n3/2.\nOption A. y = -2.\nQuestion Number. 17. Two lines with\nOption B. x = -2.\nequations y = 3x-6 and y = 3x + 4 ?.\nOption C. y = 2x.\nOption A. meet when y = 3.\nCorrect Answer is. y = -2.\nOption B. are at right angles.\nExplanation. All the points on he line have a y\nOption C. are parallel.\nvalue of -2, hence the equation is y = -2.\nCorrect Answer is. are parallel.\nExplanation. They both have the same gradient\ni.e. 3 and hence are parallel.\nQuestion Number. 18. What is the\nequation of a straight line that passes through the\ntwo points (0,0) and (3,2).\nOption A. y = 3x + 2.\nOption B. y = 2x + 3.\nOption C. y =2x/3.\nCorrect Answer is. y =2x/3.\nQuestion Number. 21. Use the graphs to\nExplanation. Gradient of the line is (2-0)/(3-0) =\nsolve the simultaneous equations y = x + 2 and 3y +\n2/3 this is the difference in the y values divided by\n2x = 6.\nthe difference in the x values; m =2/3, The\nOption A. x = 2, y = 0.\nintercept on the y axis is 0, that is when x = 0 ; c =\nOption B. x = 0, y = 2.\n0, The gradient of a straight line is of the form y =\nOption C. x = 0, y = 0.\nmx + c so we get y = 2x/3 +0 = 2x/3.\nCorrect Answer is. x = 0, y = 2.\nExplanation. This is easy. The solution is the\npoint when the lines cross, i.e. (0,2): x=0, y=2.\nQuestion Number. 19. The line with\nequation x = 3 is.\nOption A. at 45° to both axes.\nOption B. parallel to the x axis.\nOption C. parallel to the y axis.\nCorrect Answer is. parallel to the y axis.\nWWW.EASAQUESTIONPAPERS.BLOGSPOT.COM - PART66 MODULE 1 PART -3\nVisit to download all latest EASA / EASA CAR 66 Module examination Question papers and study material\nDOWNLOAD OUR MOBILE APP FROM PLAY STORE @EASA QUESTION PAPERS\nIF YOU HAVE PREVIOUS SESSION QUESTION PAPERS, SHARE WITH US AT AVIATORSLINKS@GMAIL.COM\nelbaliavA\nPQ\nmaxE\neludoM\n66\nRAC\nllA\n(\nsrepaPnoitseuQACGD/bf\n@\nkoobecaF\nno\nsu\nekiL\n,)ni.srepapnoitseuqacgd.www(\negaP\n11\nQuestion Number. 22. The plot of the\nequation y = 1/x is a.\nOption A. straight line.\nOption B. curve with one turning point.\nOption C. curve with two turning points.\nCorrect Answer is. curve with two turning\npoints.\nExplanation. y = 1/x is a curve with two turning\npoint. Try plotting it with values of x of -2, -1, 0, 1,\n2 and you will see that it appears in the no.1 and\nno.3 quadrants and goes off to infinity.\nQuestion Number. 23. Which of the\ngraphs shown is given by the equation y = x2 + 3?.\nQuestion Number. 24. Which of the\ngraphs shown is given by the equation; 2y = 4x +6\n?.\nCorrect Answer is. C is correct.\nExplanation. y = ax + b is a straight line, y = ax2\n+ b is a quadratic which has one turning point, y =\nax3 + bx + c has two turning points.\nWWW.EASAQUESTIONPAPERS.BLOGSPOT.COM - PART66 MODULE 1 PART -3\nVisit to download all latest EASA / EASA CAR 66 Module examination Question papers and study material\nDOWNLOAD OUR MOBILE APP FROM PLAY STORE @EASA QUESTION PAPERS\nIF YOU HAVE PREVIOUS SESSION QUESTION PAPERS, SHARE WITH US AT AVIATORSLINKS@GMAIL.COM\nelbaliavA\nPQ\nmaxE\neludoM\n66\nRAC\nllA\n(\nsrepaPnoitseuQACGD/bf\n@\nkoobecaF\nno\nsu\nekiL\n,)ni.srepapnoitseuqacgd.www(\negaP\n21\nQuestion Number. 25. Which of the\ngraphs shown is given by the equation; y = 2x3 +\n4x + 3 ?.\nCorrect Answer is. B is correct because y = ax\n+ b, is equation of straight line.\nExplanation. y = ax + b is a straight line, y = ax2\n+ b is a quadratic which has one turning point y =\nax3 + bx + c has two turning points.\nCorrect Answer is. Graph in C is correct,\nbecause it has two turning points.\nExplanation. y = ax + b is a straight line, y = ax2\n+ b is a quadratic which has one turning point, y =\nax3 + bx + c has two turning points.\n1.3c Geometry.\nQuestion Number. 1. What is the\ntangent of 90o ?.\nOption A. Negative infinity.\nOption B. 0.\nOption C. Positive infinity.\nCorrect Answer is. Positive infinity.\nExplanation. Technically, the tan curve goes off\nthe graph to + infinity at 90 degrees, but then\ncomes back on at - infinity at the same point.\nWWW.EASAQUESTIONPAPERS.BLOGSPOT.COM - PART66 MODULE 1 PART -3\nVisit to download all latest EASA / EASA CAR 66 Module examination Question papers and study material\nDOWNLOAD OUR MOBILE APP FROM PLAY STORE @EASA QUESTION PAPERS\nIF YOU HAVE PREVIOUS SESSION QUESTION PAPERS, SHARE WITH US AT AVIATORSLINKS@GMAIL.COM\nelbaliavA\nPQ\nmaxE\neludoM\n66\nRAC\nllA\n(\nsrepaPnoitseuQACGD/bf\n@\nkoobecaF\nno\nsu\nekiL\n,)ni.srepapnoitseuqacgd.www(\negaP\n31\nChoose + infinity for the answer here (since it goes Correct Answer is. sin 45° x length of the\nto +infinity first). hypotenuse side of the triangle.\nExplanation. sin 45o = opp/hyp opp = sin 45o /\nhyp.\nQuestion Number. 2. Two angles of a\ntriangle are 68o and 32o . Therefore the third angle\nmust be. Question Number. 5. Sin ø =.\nOption A. 114o .\nOption B. 80o .\nOption C. 63o .\nCorrect Answer is. 80o .\nOption A. A/C.\nExplanation. The sum of all the angles in a\nOption B. B/C.\ntriangle is 180 degrees.\nOption C. C/A.\nCorrect Answer is. A /C.\nExplanation. S.O.H.C.A.H.T.O.A.\nQuestion Number. 3. Which of the\nfollowing formulae are correct for the triangle\nshown?.\nOption A. A2 = C2 + B2 .\nOption B. B2 = C2 + A2 .\nOption C. C2 = A2 + B2 . Question Number. 6. Cos A =.\nCorrect Answer is. C2 = A2 + B2 .\nExplanation. Pythagoras theorem.\nOption A. 1.2.\nOption B. 0.6.\nOption C. 0.8.\nCorrect Answer is. 0.8.\nExplanation. S.O.H.C.A.H.T.O.A.\nQuestion Number. 4. In a right-angled\ntriangle the other two angles are both 45°. The\nlength of the opposite side can be calculated by.\nOption A. cos 45° x length of the adjacent\nside of the triangle.\nOption B. cos 45° x length of the adjacent\nQuestion Number. 7. In a right-angle\nside of the triangle.\ntriangle, the sine of an angle is.\nOption C. sin 45° x length of the hypotenuse\nside of the triangle.\nWWW.EASAQUESTIONPAPERS.BLOGSPOT.COM - PART66 MODULE 1 PART -3\nVisit to download all latest EASA / EASA CAR 66 Module examination Question papers and study material\nDOWNLOAD OUR MOBILE APP FROM PLAY STORE @EASA QUESTION PAPERS\nIF YOU HAVE PREVIOUS SESSION QUESTION PAPERS, SHARE WITH US AT AVIATORSLINKS@GMAIL.COM\nelbaliavA\nPQ\nmaxE\neludoM\n66\nRAC\nllA\n(\nsrepaPnoitseuQACGD/bf\n@\nkoobecaF\nno\nsu\nekiL\n,)ni.srepapnoitseuqacgd.www(\negaP\n41\nOption A. opposite divided by hypotenuse.\nQuestion Number. 11. In a right triangle,\nOption B. adjacent divided by hypotenuse. SINE theta =.\nOption A. adjacent divided by hypotenuse.\nOption C. opposite divided by adjacent.\nCorrect Answer is. opposite divided by Option B. opposite divided by adjacent.\nhypotenuse. Option C. opposite divided by hypotenuse.\nExplanation. S.O.H.C.A.H.T.O.A.\nCorrect Answer is. opposite divided by\nhypotenuse.\nQuestion Number. 8. In a right-angle Explanation. SOHCAHTOA.\ntriangle, the tangent of an angle is.\nOption A. opposite divided by adjacent.\nOption B. adjacent divided by hypotenuse. Question Number. 12. Complete the\nfollowing: SINE a =.\nOption C. opposite divided by hypotenuse. Option A. a squared times b squared.\nOption B. opposite side divided by the\nCorrect Answer is. opposite divided by hypotenuse side.\nadjacent. Option C. adjacent side divided by the\nExplanation. S.O.H.C.A.H.T.O.A. opposite side.\nCorrect Answer is. opposite side divided by\nthe hypotenuse side.\nQuestion Number. 9. In a right-angle Explanation. S.O.H.C.A.H.T.O.A.\ntriangle, the cosine of an angle is.\nOption A. opposite divided by hypotenuse.\nQuestion Number. 13. A sector with\nOption B. adjacent divided by hypotenuse. angle A is subtended to the centre point of a circle.\nArea of the sector is proportional to:.\nOption C. opposite divided by adjacent. Option A. Angle A.\nCorrect Answer is. adjacent divided by Option B. Cos A.\nhypotenuse. Option C. Sin A.\nExplanation. S.O.H.C.A.H.T.O.A. Correct Answer is. Angle A.\nExplanation. Area of a sector is proportional to\nthe subtended angle of the sector.\nQuestion Number. 10. On a right angle\ntriangle, the longest side is 20 cm and the shortest\nis 12 cm. What is the other side?. Question Number. 14. Starting from zero\nOption A. 13 cm. amplitude, the cosine curve repeats itself\nOption B. 18 cm. between.\nOption C. 16 cm. Option A. -180 and 180 degree.\nCorrect Answer is. 16 cm. Option B. -90 and 270 degrees.\nExplanation. 3,4,5 triangle. Also applies to Option C. 0 and 360 degree.\nmultiples of 3,4,5 such as 6,8,10 and 12,16,20. Correct Answer is. -90 and 270 degrees.\nWWW.EASAQUESTIONPAPERS.BLOGSPOT.COM - PART66 MODULE 1 PART -3\nVisit to download all latest EASA / EASA CAR 66 Module examination Question papers and study material\nDOWNLOAD OUR MOBILE APP FROM PLAY STORE @EASA QUESTION PAPERS\nIF YOU HAVE PREVIOUS SESSION QUESTION PAPERS, SHARE WITH US AT AVIATORSLINKS@GMAIL.COM\nelbaliavA\nPQ\nmaxE\neludoM\n66\nRAC\nllA\n(\nsrepaPnoitseuQACGD/bf\n@\nkoobecaF\nno\nsu\nekiL\n,)ni.srepapnoitseuqacgd.www(\negaP\n51\nExplanation. Sketch the cosine curve and see. Correct Answer is. 1 radian.\nNeither 0 or -180 degrees are zero amplitude. Explanation. This is worth learning.\nQuestion Number. 15. Choose the correct Question Number. 19. A right angled\nstatement:. triangle has sides 6cm, 8cm and 10 cm. What is the\nOption A. Cosec2 x-Cot2 x = 1. sine of the angle between the 8cm side and the 10\nOption B. Sec2 x+tan2 x = 1. cm side?.\nOption C. Cos2 x-Sin2 x = 1. Option A. 0.75.\nCorrect Answer is. Cosec2 x-Cot2 x = 1. Option B. 0.6.\nExplanation. See Option C. 0.8.\nhttp://www.ilovemaths.com/2trigid.htm. Correct Answer is. 0.6.\nExplanation. A 6,8,10 triangle is 2 x the 3, 4, 5\ntriangle which is a right angled triangled triangle\nQuestion Number. 16. A right angled with hypotenuse 5. For our triangle the\ntriangle has the two shortest sides of 5cm and 12 hypotenuse will be 10. The angle we are\ncm. What is the length of the longest side?. considering has an opposite side of 6 and sine of\nan angle is the opposite/hypotenuse. Hence the\nOption A. 17cm. answer is 6/10 = 0.6.\nOption B. 15cm.\nOption C. 13cm.\nCorrect Answer is. 13cm. Question Number. 20. Sin 90 =.\nExplanation. Use Pythagoras theorem The\nsquare on the hypotenuse is equal to the sum of Option A. Infinity.\nthe squares on the other two sides. 52 + 122 = h2 Option B. 1.\n25 + 144 = h2 , h = √169 =13. Option C. 0.\nCorrect Answer is. 1.\nExplanation. Sin 90 = 1, Cos 90 = 0, tan 90 =\nQuestion Number. 17. The infinity.\ntrigonometrical ratio; adjacent divided by\nhypotenuse is.\nOption A. Sine. Question Number. 21. What size of angle\nOption B. Tangent. has the same ratio for both the sine and the\nOption C. Cosine. cosine?.\nCorrect Answer is. Cosine. Option A. 60 degrees.\nExplanation. Sin = Opp/Hyp, Cos = Adj/Hyp, Tan Option B. 0 degrees.\n= Opp/Adj. Option C. 45 degrees.\nCorrect Answer is. 45 degrees.\nExplanation. An isosceles right angled triangle\nQuestion Number. 18. 57.3 degrees is has two 45 degree angles. The size of the two\nequal to. sides that are not the hypotenuse are the same.\nOption A. 2 radians. This means that both the sine which is\nOption B. 1 radian. opposite/hypotenuse and the cosine which is\nOption C. π radians.\nWWW.EASAQUESTIONPAPERS.BLOGSPOT.COM - PART66 MODULE 1 PART -3\nVisit to download all latest EASA / EASA CAR 66 Module examination Question papers and study material\nDOWNLOAD OUR MOBILE APP FROM PLAY STORE @EASA QUESTION PAPERS\nIF YOU HAVE PREVIOUS SESSION QUESTION PAPERS, SHARE WITH US AT AVIATORSLINKS@GMAIL.COM\nelbaliavA\nPQ\nmaxE\neludoM\n66\nRAC\nllA\n(\nsrepaPnoitseuQACGD/bf\n@\nkoobecaF\nno\nsu\nekiL\n,)ni.srepapnoitseuqacgd.www(\negaP\n61\nadjacent/hypotenuseis the same as the adjacent =\nopposite in this case. Question Number. 2. Dividing 41/2 by 2\n1/6 gives the answer of.\nOption A. 21/3.\nQuestion Number. 22. Sin A is equal to. Option B. 25/12.\nOption C. 54/26.\nCorrect Answer is. 54/26.\nExplanation. 41/2 = 9/2, 21/6 = 13/6 Turn one\nfraction up-side-down then multiply 9/2 x 6/13 =\n54/26.\nOption A. 3/4.\nOption B. 3/5.\nOption C. 4/5.\nQuestion Number. 3. 10000 expressed\nCorrect Answer is. 3/5.\nas ten raised to a power would be.\nExplanation. B&C is opposite to A, A&B is\nOption A. 105.\nadjacent to A, A&C is hypotenuse, sin = o/h, cos =\nOption B. 103.\na/h , tan= o/a.\nOption C. 104.\nCorrect Answer is. 104.\nExplanation. 10 * 10 *10 = 1000, 10 * 10 * 10 *\n10 = 10000.\nQuestion Number. 4. 60 mm expressed\nas a percentage of 3 metres is.\nOption A. 2 %.\nQuestion Number. 23. If cos 60 is 0.5,\nOption B. 1.8 %.\nwhat is sin 30?.\nOption C. 0.5 %.\nOption A. 0.5.\nCorrect Answer is. 2 %.\nOption B. None of the above.\nExplanation. (60 * 100) / 3000.\nOption C. 0.866.\nCorrect Answer is. 0.5.\nExplanation. Cos θ = sin (90-θ).\nQuestion Number. 5. The average speed\nof an aircraft that travels 7200 miles in 12 hours is.\n1.4\nOption A. 864 MPH.\nOption B. 167 MPH.\nQuestion Number. 1. 5/16 + 3/32\nOption C. 600 MPH.\nexpressed as a single fraction is.\nCorrect Answer is. 600 MPH.\nOption A. 13/32.\nExplanation. 7200 /12.\nOption B. 8/48.\nOption C. 15/512.\nCorrect Answer is. 13/32.\nQuestion Number. 6. The sum of\nExplanation. 5/16 = 10/32 , 10/32 + 3/32 =\ncomplex numbers a+bi and a'+b'i are.\n13/32.\nOption A. (a+b)+(a'+b')i.\nWWW.EASAQUESTIONPAPERS.BLOGSPOT.COM - PART66 MODULE 1 PART -3\nVisit to download all latest EASA / EASA CAR 66 Module examination Question papers and study material\nDOWNLOAD OUR MOBILE APP FROM PLAY STORE @EASA QUESTION PAPERS\nIF YOU HAVE PREVIOUS SESSION QUESTION PAPERS, SHARE WITH US AT AVIATORSLINKS@GMAIL.COM\nelbaliavA\nPQ\nmaxE\neludoM\n66\nRAC\nllA\n(\nsrepaPnoitseuQACGD/bf\n@\nkoobecaF\nno\nsu\nekiL\n,)ni.srepapnoitseuqacgd.www(\negaP\n71\nOption B. (a+a')i+(b+b').\nOption C. (a+a')+(b+b')i.\nCorrect Answer is. (a+b)+(a'+b')i.\nExplanation. Add the real numbers to each\nother, then add the imaginary numbers to each\nother, and keep them separate."", ""question"": ""What is the"", ""options"": [""(a+b)+(a'+b')i."", ""(a+a')i+(b+b')."", ""(a+a')+(b+b')i.""], ""correct"": null, ""answer_text"": null, ""category"": null, ""source_file"": ""DGCA MODULE 01 GEOMETRI 03 2023-06-02 16_30_10.pdf"", ""source_module"": ""M1"", ""fmt"": ""pdf"", ""module"": ""M1"", ""syllabusRef"": ""M1.8.9"", ""level"": null, ""difficulty"": ""EASY""}"
M1,M1.8.9,,Solve the following equation: 5x = 3x + 2.,0.25.,25.,2.5.,,C,EASY,,,,DRAFT,Found in Suntech corpus,1,DGCA MODULE 1 ALJEBRA -2 2023-06-02 16_30_12.pdf,"{""raw"": ""1.2a Algebra.\nQuestion Number. 1. Solve the following equation: 5x = 3x + 2.\nOption A. 3.\nOption B. 5.\nOption C. 1.\nCorrect Answer is. 1.\nExplanation. 5x-3x = 2, 2x = 2, x = 1.\nQuestion Number. 2. Simplify the following (w + z)(x - y)(y - w) / (y - x)(w - y)(w + z).\nOption A. -1.\nOption B. 0.\nOption C. +1.\nCorrect Answer is. +1.\nExplanation. First cancel the (w+z) because they are the same. Then multiply out the top and\nbottom lines (remember the smiley face) and cancel what you can (everything cancels - leaving you\nwith just 1/1=1).\nQuestion Number. 3. Given 43-x = 21, find the value of x.\nOption A. 43-21.\nOption B. 43/21.\nOption C. 43+21.\nCorrect Answer is. 43-21.\nExplanation. 43 = 21 + x 43-21 = x.\nQuestion Number. 4. Make L the subject of the formula 2pfL = x.\nOption A. L = 2pf.\nOption B. L = 2pf / x.\nOption C. L = x / 2pf.\nCorrect Answer is. L = x / 2pf.\nExplanation. Divide the x by 2pf.\nQuestion Number. 5. Given that A = X+BY, what is Y equal to?.\nOption A. A-X add B.\nOption B. A-X divided by B.\nOption C. A-X minus B.\nCorrect Answer is. A-X divided by B.\nExplanation. Basic transposition.\nQuestion Number. 6. If y/x = 4 and y = 5 then x =.\nOption A. 20.\nOption B. 4/5.\nOption C. 1 ¼.\nCorrect Answer is. 1¼.\nShare your documents with us at (aviatorslinks@gmail.com) DownloadOur Mobile App For Recent\nPapers\nwww.easaquestionpapers.blogspot.com\nExplanation. 5/x = 4, x = 5/4 = 1 1/4.\nQuestion Number. 7. (x - 3)(x + 5)=.\nOption A. x2 +2x.\nOption B. x2 +2x-15.\nOption C. x2 -15.\nCorrect Answer is. x2 +2x-15.\nExplanation. Multiply x by x and +5, then multiply -3 by x and +5. Then gather together all like\nterms.\nQuestion Number. 8. 21=43- , is equal to.\nOption A. 21-43.\nOption B. 43+21.\nOption C. 43-21.\nCorrect Answer is. 43-21.\nExplanation. 21=43- , 21+ = 43, = 43-21.\nQuestion Number. 9. Evaluate. 2X2 Z2 (3X-Z2 ) =.\nOption A. 6X2 z2 +3x-z2 .\nOption B. 6x2 z2 -2x2 z2 .\nOption C. 6x3 z2 -2x2 z4 .\nCorrect Answer is. 6x3 z2 -2x2 z4 .\nExplanation. Multiply out the brackets and add the indices where necessary.\nQuestion Number. 10. (a * b)(a * b) =.\nOption A. a2 + 2ab + b2 .\nOption B. a2 b2.\nOption C. a2 + b2.\nCorrect Answer is. a2 b2 .\nExplanation. Do a x (a-b) (i.e. expand that bracket), then do b x (a-b) (i.e. expand that bracket too).\nThen gather together like terms. You will find that ab and -ab cancel.\nQuestion Number. 11. If y/x = 4 and x = 5 then y =.\nOption A. 1 ¼.\nOption B. 20.\nOption C. 4/5.\nCorrect Answer is. 20.\nExplanation. y/5 = 4. y = 5x4 = 20.\nQuestion Number. 12. Determine x.\nShare your documents with us at (aviatorslinks@gmail.com) DownloadOur Mobile App For Recent\nPapers\nwww.easaquestionpapers.blogspot.com\nOption A. 9.029.\nOption B. 9.570.\nOption C. 8.971.\nCorrect Answer is. 9.029.\nExplanation. Root of 81 is 9, so it must be 9.xxx (which rules out b). (Since the content of the\nbrackets comes to a negative number, it is positive when it is squared).\nQuestion Number. 13. Find L in the following expression.\nOption A. Q2 C / R2 .\nOption B. Q2 C2 / R.\nOption C. Q2 R2 C.\nCorrect Answer is. Q2 R2 C.\nExplanation. QxR to remove the R from RHS. Square both sides to remove the root from RHS.\nMultiply LHS by C to remove the C from RHS and you are left with L.\nQuestion Number. 14. The heat of a resistor is given by the equation h = I2 RT. Find the\ncurrent I.\nOption A. .\nOption B. .\nOption C. .\nCorrect Answer is. .\nExplanation. h/RT Square root ALL.\nShare your documents with us at (aviatorslinks@gmail.com) DownloadOur Mobile App For Recent\nPapers\nwww.easaquestionpapers.blogspot.com\nQuestion Number. 15. Factorise the following : x2 -x-6=0.\nOption A. (x-2)(x+3).\nOption B. (x-2)(x-3).\nOption C. (x+2)(x-3).\nCorrect Answer is. (x+2)(x-3).\nExplanation. Choose 2 numbers where the sum = -1 (the coefficient of x) and the product\n(multiple) is -6 (the constant). Alternatively, multiply out the answers a, b, c until you get the\nquestion.\nQuestion Number. 16. Factorise the following : 4x2 -6x-28 = 0.\nOption A. (4x-14) (x+2).\nOption B. (2x+7) (x-2).\nOption C. (2x2 +7) (x + 2).\nCorrect Answer is. (4x-14) (x + 2).\nExplanation. Expand each answer in turn until you get the question. Remember the smiley face.\nQuestion Number. 17. Solve for x in the equation: 3(x + 2) = 30 + 2(x-4).\nOption A. 8.\nOption B. 16.\nOption C. 15.\nCorrect Answer is. 16.\nExplanation. Multiply out the bracket first. 3x + 6 = 30 + 2x-8. Then take all 'x' terms to left, and\nall 'non-x' terms to right. 3x-2x = 30-8-6 etc.\nQuestion Number. 18. 2x = 4(x-3), Evaluate x.\nOption A. 6.\nOption B. 0.5.\nOption C. 2.\nCorrect Answer is. 6.\nExplanation. Expand the bracket 2x = 4x-12, Take 4x to LHS 2x-4x = -12, -2x = -12, x = -12/-2 =\n6.\nQuestion Number. 19. 12x/2y + 14 = 50, When y = 2, solve for x.\nOption A. 11.6.\nOption B. 14.\nOption C. 12.\nCorrect Answer is. 12.\nExplanation. 12x/(2x2) = 50-14. 12x = 36 x 4. 12x = 144. x = 144/12 = 12.\nQuestion Number. 20. 27y = 3 so y is equal to:.\nOption A. 1/9.\nOption B. 1/3.\nOption C. 9/1.\nCorrect Answer is. 1/9.\nShare your documents with us at (aviatorslinks@gmail.com) DownloadOur Mobile App For Recent\nPapers\nwww.easaquestionpapers.blogspot.com\nExplanation. 3/27 = 1/9.\nQuestion Number. 21. Determine x in the following: (2x-1)(3x+2) = 0.\nOption A. 1.5, 1.\nOption B. 0.5, 3.\nOption C. -0.67, 0.5.\nCorrect Answer is. -0.67, 0.5.\nExplanation. Two values of x, either 2x-1 = 0 (2x = 1, x = 1/2) or 3x + 2 = 0 (3x = -2, x=-2/3).\nQuestion Number. 22. (x + y + z)(x + y + z) =.\nOption A. 2(x + y + z).\nOption B. 2x + 2y +2z.\nOption C. (x + y + z)2 .\nCorrect Answer is. (x + y + z)2 .\nExplanation. NIL.\nQuestion Number. 23. If x in an equation equals Ly + 7cb, define the formula for finding the\nsubject y.\nOption A. x-7cb/L.\nOption B. x-7cb/L.\nOption C. x-L/7cb.\nCorrect Answer is. x-7cb/L.\nExplanation. Subtract the 7cb (x-7cb) then divide all by L.\nQuestion Number. 24. 64y = 64 what does y =.\nOption A. 1.\nOption B. 0.\nOption C. 0.5.\nCorrect Answer is. 1.\nExplanation. Anything to the power of 1 is itself.\nQuestion Number. 25. Simplify 3a-2b +6a-3b-2a.\nOption A. 7a-5b.\nOption B. 7a +5b.\nOption C. 7a +b.\nCorrect Answer is. 7a-5b.\nExplanation. Collect together like terms: 3a +6a-2a-2b-3b = 7a-5b.\nQuestion Number. 26. Simplify 3x-2xy-3y +5xy-2x +2y.\nOption A. x + 3xy-y.\nOption B. 5x + 3xy-y.\nOption C. x-3xy + y.\nCorrect Answer is. x + 3xy-y.\nExplanation. Collect together like terms: 3x-2x +5xy-2xy +2y-3y = x +3xy-y.\nQuestion Number. 27. Simplify 5(x-2y) + 3(2y-x).\nShare your documents with us at (aviatorslinks@gmail.com) DownloadOur Mobile App For Recent\nPapers\nwww.easaquestionpapers.blogspot.com\nOption A. 4x +4y.\nOption B. 2x +4y.\nOption C. 2x-4y.\nCorrect Answer is. 2x-4y.\nExplanation. Remove the brackets first: 5x-10y +6y-3x Collect like terms: 5x-3x +6y-10y = 2x-4y.\nQuestion Number. 28. simplify (a+b)(a-c)(b-c) divided by (b+a)(c-a)(c-b).\nOption A. -1.\nOption B. (a+b)(a-c)(b-c).\nOption C. 1.\nCorrect Answer is. 1.\nExplanation. Because this is a series of multiplications on both top and bottom we can do the\nfollowing: (a+b)/(b+a) = 1 (a-c)/(c-a) =(a-c)/-(a-c) = -1 (b-c)/-(b-c) = -1 hence the result is 1x-1x-1\n=1.\nQuestion Number. 29. Make P the subject of the formula I =PRT/100.\nOption A. P = IRT/100.\nOption B. P = 100I/RT.\nOption C. P = 100RT/I.\nCorrect Answer is. P = 100I/RT.\nExplanation. Multiply both sides by 100 then divide both sides by RT to get P =100I/RT.\nQuestion Number. 30. Make u the subject of the formula v2 = u2 + 2as.\nOption A. u = v-2as.\nOption B. u = √(v2 -2as).\nOption C. u = √(v2 +2as).\nCorrect Answer is. u = √(v2 -2as).\nExplanation. u = √(v2 -2as).\nQuestion Number. 31. Remove the brackets and simplify: (x-y)(x-y).\nOption A. x2 -2xy-y2 .\nOption B. x2 +y2 .\nOption C. x2 -2xy+y2 .\nCorrect Answer is. x2 -2xy+y2 .\nExplanation. Multiply both the x and the -y in the first bracket by both the x and -y in the second\nbracket. X2 -xy-yx + y2 x2 -2xy + y2 ( remember -x- = + and yx is the same as xy).\nQuestion Number. 32. Evaluate (3X2 -6xy) / (x-2y).\nOption A. cannot be simplified further.\nOption B. 3x-3y.\nOption C. 3x.\nCorrect Answer is. 3x.\nExplanation. 3x2 -6xy=3x(x-2y) Dividing by x-2y leaves 3x.\nQuestion Number. 33. Evaluate (3a + 2b)(2a-3b).\nOption A. 6a2 -5ab-6b2 .\nShare your documents with us at (aviatorslinks@gmail.com) DownloadOur Mobile App For Recent\nPapers\nwww.easaquestionpapers.blogspot.com\nOption B. 6a-5ab-6b.\nOption C. 6a2 + 5ab-6b2 .\nCorrect Answer is. 6a2 -5ab-6b2 .\nExplanation. Multiply 3a(2a-3b) =6a2 -9ab then multiply 2b(2a-3b) = 4ab-6b2 collect like terms to\ngive 6a2 -5ab-6b2 .\n1.2b Algebra.\nQuestion Number. 1. Solve the following equations for x: 4x+8y=64 2x-8y=86.\nOption A. 125.\nOption B. 25.\nOption C. 5.\nCorrect Answer is. 25.\nExplanation. Add like terms to eliminate y term. Thus 6x = 150, x = 25.\nQuestion Number. 2. 11001+11001 =.\nOption A. 502.\nOption B. 5010.\nOption C. 508.\nCorrect Answer is. 5010.\nExplanation. NIL.\nQuestion Number. 3. 100000 in binary is what number in decimal?.\nOption A. 32.\nOption B. 16.\nOption C. 64.\nCorrect Answer is. 32.\nExplanation. From the right (lsb) binary goes - ones, twos, fours, eights, sixteens, thirtytwos,\nsixtyfours etc.\nQuestion Number. 4. D in hexidecimal is what number in decimal?.\nOption A. 17.\nOption B. 13.\nOption C. 8.\nCorrect Answer is. 13.\nExplanation. In hexidecimal, 10 is A, 11 is B, 12 is C, 13 is D, 14 is E and 15 is F.\nQuestion Number. 5. 10101 +11001 =.\n2 2\nOption A. 46\n10.\nOption B. 46 .\n8\nOption C. 46\n2 .\nCorrect Answer is. 46\n10.\nExplanation. Add the two binary numbers then convert the result to decimal. Note: answer 'a'\ncannot be a binary number so is wrong by default.\nShare your documents with us at (aviatorslinks@gmail.com) DownloadOur Mobile App For Recent\nPapers\nwww.easaquestionpapers.blogspot.com\nQuestion Number. 6. What is 738 in binary coded decimal?.\nOption A. 1011110010.\nOption B. 111100010.\nOption C. 11100111000.\nCorrect Answer is. 11100111000.\nExplanation. Binary Coded Decimal is not the same as binary.\nQuestion Number. 7. (A+B)4 is (A+B)2 .\nOption A. (A+B)6 .\nOption B. (A+B)2 .\nOption C. A+B.\nCorrect Answer is. (A+B)2 .\nExplanation. Subtract the indices.\nQuestion Number. 8. log 9-log 3=.\nOption A. log 6.\nOption B. log 3.\nOption C. log 9.\nCorrect Answer is. log 3.\nExplanation. log 9 = log (3x3) = 2 log 3. 2 log 3-log 3 = log 3.\nQuestion Number. 9. What is y in the formula shown? a=(X+B)/y.\nOption A. (a + X) / B.\nOption B. (X - B) /a.\nOption C. (X +B)/ a.\nCorrect Answer is. (X +B)/ a.\nExplanation. The A and y can be swapped in this situation.\nQuestion Number. 10. 67 divided by 127 is equal to.\nOption A. 1/2.\nOption B. 1/20.\nOption C. 1/128.\nCorrect Answer is. 1/128.\nExplanation. Cannot subtract the indices when the base is different. 127 =27 x67 . Now cancel the 67\ntop and bottom. 1/27 = 1/(2x2x2x2x2x2x2) = 1/128.\nQuestion Number. 11. If 2x-8y=14 and 4x+8y=16; then x=.\nOption A. -1/2.\nOption B. 5.\nOption C. 3.\nCorrect Answer is. 5.\nExplanation. Add the x terms, add the y terms and add the numbers on the right of the equal sign.\nThe y terms cancel so you are then left with a formula that can be solved for x.\nQuestion Number. 12. 2x-3 = 4; x =.\nOption A. 7.\nOption B. -3.\nShare your documents with us at (aviatorslinks@gmail.com) DownloadOur Mobile App For Recent\nPapers\nwww.easaquestionpapers.blogspot.com\nOption C. 3.50.\nCorrect Answer is. 3.50.\nExplanation. 2x-3=4, 2x=4+3, 2x=7, x=7/2=3.5.\nQuestion Number. 13. V = (a+b) r2 Find a.\nOption A. V – r2 – b.\nOption B. (V – b)/ r2\nOption C. V / r2 – b.\nCorrect Answer is. V / r2 – b.\nExplanation. Basic transposition.\nQuestion Number. 14. Make m the subject of the formula in y=mx+c.\nOption A. y-x/c.\nOption B. y-c/x.\nOption C. y+c/x.\nCorrect Answer is. y-c/x.\nExplanation. Basic transposition.\nQuestion Number. 15. Make x the subject of the formula in y = mx+c.\nOption A. (y-c)/m.\nOption B. y-c/m.\nOption C. y-m/c.\nCorrect Answer is. (y-c)/m.\nExplanation. Basic transposition.\nQuestion Number. 16. Make c the subject of the formula in y = mx+c.\nOption A. y-mx.\nOption B. mx-y.\nOption C. y+mx.\nCorrect Answer is. y-mx.\nExplanation. Basic transposition.\nQuestion Number. 17. Octal is to the base of.\nOption A. 2.\nOption B. 16.\nOption C. 8.\nCorrect Answer is. 8.\nExplanation. Octal is base 8 numbering system.\nQuestion Number. 18. 101110 in binary is.\nOption A. 46 base 8.\nOption B. 46 base 2.\nOption C. 46 base 10.\nCorrect Answer is. 46\n10.\nExplanation. In binary, each term means 32, 16, 8, 4, 2, 1. Write down 101110 underneath and add\nup the numbers above the 1's.\nShare your documents with us at (aviatorslinks@gmail.com) DownloadOur Mobile App For Recent\nPapers\nwww.easaquestionpapers.blogspot.com\nQuestion Number. 19. What is octal 13 in base 10?.\nOption A. 11.\nOption B. 5.\nOption C. 4.\nCorrect Answer is. 11.\nExplanation. Octal numbering is 64, 8, 1 etc. So 13 is 1 x 8's, and 3 x 1's = 11.\nQuestion Number. 20. What type of equation is this? ax2 +bx+c = 0.\nOption A. Quadratic equation.\nOption B. Polynomic equation.\nOption C. Gradient of the line.\nCorrect Answer is. Quadratic equation.\nExplanation. Quadratic.\nQuestion Number. 21. What is (X2 x X3 )3 ?.\nOption A. X36.\nOption B. X 15.\nOption C. X 10.\nCorrect Answer is. X 15.\nExplanation. X2 * X3 = X5 X5 raised to the power 3 is X15.\nQuestion Number. 22. Hexadecimal is base.\nOption A. 16.\nOption B. 8.\nOption C. 2.\nCorrect Answer is. 16.\nExplanation. Hexadecimal is base 16.\nQuestion Number. 23. y=mx+c can also be written.\nOption A. x=y-c/m.\nOption B. x=y/m+c.\nOption C. x=y/m-c.\nCorrect Answer is. x=y-c/m.\nExplanation. Basic transposition.\nQuestion Number. 24. (x+y)2 ÷ (x + y)8 has a base and exponent of.\nOption A. (x+y)10.\nOption B. (x+y)-6.\nOption C. (x+y)1/4.\nCorrect Answer is. (x+y)-6 .\nExplanation. If the bases are the same, keep it the same, but subtract the indices (exponents) if\ndividing.(Add the indices if multiplying).\nQuestion Number. 25. Rewrite the following with a positive index: z pwr-2 and x pwr-3.\nOption A. (ZX2 )2 ; and (X)3\nShare your documents with us at (aviatorslinks@gmail.com) DownloadOur Mobile App For Recent\nPapers\nwww.easaquestionpapers.blogspot.com\nOption B. 1/z2 and 1/x3 .\nOption C. Z/22; and 1/X\nCorrect Answer is. 1/Z2 and 1/X3 .\nExplanation. Invert the variable (e.g. 1/z and write the power with the opposite sign).\nQuestion Number. 26. 10011 =.\n2\nOption A. 29 .\n2\nOption B. 19\n10.\nOption C. 35\n10.\nCorrect Answer is. 19\n10.\nExplanation. (1 * 16) + (0 * 8) + (0 * 4) + (1 * 2) + (1 * 1) = 19.\nQuestion Number. 27. y = 2x + 4, When x = -1, y =.\nOption A. 4.\nOption B. 2.\nOption C. 0.5.\nCorrect Answer is. 2.\nExplanation. y=2(-1)+4=-2+4 =+2.\nQuestion Number. 28. What is 011100001 in Octal?.\n2\nOption A. 341.\nOption B. 324.\nOption C. 452.\nCorrect Answer is. 341.\nExplanation. A binary number ending in 1 must be an odd number when converted to any base.\nQuestion Number. 29. BCD format of numbering system has a base of.\nOption A. 8.\nOption B. 2.\nOption C. 10.\nCorrect Answer is. 2.\nExplanation. BCD is base 2.\nQuestion Number. 30. The characteristic of Log 0.698 is.\nOption A. 1.\nOption B. -1.\nOption C. -2.\nCorrect Answer is. -1.\nExplanation. The characteristic of a logarithm is the integral part of the logarithm. The mantissa is\nthe decimal part. So, for example Log8(29345) = 4.94694 the characteristic is 4 and the mantissa\n0.94694. The log definition y=bx, logb(y)=x. So 0.698 = 10powerx. x must be -1.*** (i.e minus one-\npoint-something).\nQuestion Number. 31. Log 59,000 is equal to.\nOption A. 0.77452.\nOption B. 4.7745.\nShare your documents with us at (aviatorslinks@gmail.com) DownloadOur Mobile App For Recent\nPapers\nwww.easaquestionpapers.blogspot.com\nOption C. 5.77452.\nCorrect Answer is. 4.7745.\nExplanation. Log 10=1, Log 100 = 2, Log 1000=3. Log 59,000 = Log 59+Log 1000 = something\nbetween 1 and 2, + 3.\nQuestion Number. 32. If 2x2 + kx-8 = 0 has two equal real roots, then.\nOption A. k is an imaginary number.\nOption B. k=±8.\nOption C. k=-8.\nCorrect Answer is. k is an imaginary number.\nExplanation. Because of the +/- part of the quadratic solution formula, it is not possible for the\nequation to have two equal roots. k is therefore an imaginary number.\nQuestion Number. 33. Given the log of A exceeds that of B by 4, find the correct statement\nabout A and B.\nOption A. A is 4000 times the value of B.\nOption B. A is 10,000 times the value of B.\nOption C. A is 1000 times the value of B.\nCorrect Answer is. A is 10,000 times the value of B.\nExplanation. log 10=1, log 100=2, log 1000=3, log 10000=4, log 100,000=5.\nQuestion Number. 34. What is 11110001 base2 in Octal?.\nOption A. 72.\nOption B. 684.\nOption C. 361.\nCorrect Answer is. 361.\nExplanation. Divide into blocks of 3 (from right to left), and convert each block into DECIMAL -\nyou have just converted to OCTAL. (Note: 'c' is automatically out, since you cannot have '7' in octal).\nQuestion Number. 35. If x2 -3=6, then x=.\nOption A. ±3.\nOption B. 18.\nOption C. ± 2.\nCorrect Answer is. ±3.\nExplanation. x2 =6 +3, x2 =9, x=+/-3.\nQuestion Number. 36. Given that s=0, solve the equation s=ut+½at2 for the two possible\nvalues of t.\nOption A. t=0, t=2u/a.\nOption B. t=0, t=a/2u.\nOption C. t=0, t=-2u/a.\nCorrect Answer is. t=0, t=-2u/a.\nExplanation. s=ut+½at2 Make s=0, 0=ut+½at2 Divide all terms by u, 0 = t + a/2ut2 Factorise,\n0=t(1+a/2ut) So either t=0, or -2u/a=0 (so everything in the brackets=0).\nQuestion Number. 37. What is Log 9-Log 3 + Log 4.\nShare your documents with us at (aviatorslinks@gmail.com) DownloadOur Mobile App For Recent\nPapers\nwww.easaquestionpapers.blogspot.com\nOption A. Log 12.\nOption B. Log 10.\nOption C. Log 16.\nCorrect Answer is. Log 12.\nExplanation. Log 9 = 2Log3, therefore 2Log3-Log3 + Log 4 = Log3 + Log4 = Log(3 x 4) =\nLog12.\nQuestion Number. 38. What is log 0.1?.\nOption A. -0.1.\nOption B. 0.\nOption C. -1.\nCorrect Answer is. -1.\nExplanation. Log of 0.1 is always -1, (log 0.01 = -2, log 0.001 = -3 etc).\nQuestion Number. 39. What is log 1?.\nOption A. 10.\nOption B. 1.\nOption C. 0.\nCorrect Answer is. 0.\nExplanation. Log of 1 is always 0.\nQuestion Number. 40. What is the log of 20000.2?.\nOption A. 0.47892.\nOption B. 4.7892.\nOption C. 47.892.\nCorrect Answer is. 4.7892.\nExplanation. Log of a 5-figure number (not including the decimal) is always 4 point something.\nQuestion Number. 41. A quadratic equation has the real roots x=6 and x=9. Determine the\nequation which is satisfied by these roots.\nOption A. x2 -54x+15=0.\nOption B. x2 -15x+54=0.\nOption C. x2 +15x-15=0.\nCorrect Answer is. X2 -15x+54=0.\nExplanation. Change the sign of each root -6, -9. Coefficient of x is the addition, the constant is the\nmultiplication. http://www.themathpage.com/alg/quadratic-equations.htm.\nQuestion Number. 42. What is 10111 -1001 ?.\n2 2\nOption A. 1100 .\n2\nOption B. 1110 .\n2\nOption C. 1010 .\n2\nCorrect Answer is. 1110 .\n2\nExplanation. NIL.\nQuestion Number. 43. What is the characteristic of 5.74?.\nOption A. 1.\nShare your documents with us at (aviatorslinks@gmail.com) DownloadOur Mobile App For Recent\nPapers\nwww.easaquestionpapers.blogspot.com\nOption B. -1.\nOption C. 0.\nCorrect Answer is. 0.\nExplanation. If you find the Log of 5.74, it will be 0.--- The '0' is the characteristic.\nQuestion Number. 44. What is log63?.\nOption A. 6log3.\nOption B. log18.\nOption C. 3log6.\nCorrect Answer is. 3log6.\nExplanation. 3log6.\nQuestion Number. 45. Solve for x: 5x-7=3.\nOption A. x=-4/5.\nOption B. x=-2.\nOption C. x=2.\nCorrect Answer is. x=2.\nExplanation. 5x-7 = 3add 7 to both sides to give 5x = 10 divide both sides by 5 to give x = 2.\nQuestion Number. 46. Octal is the word given to what base?.\nOption A. 8.\nOption B. 2.\nOption C. 16.\nCorrect Answer is. 8.\nExplanation. NIL.\nQuestion Number. 47. Which of the following is a quadratic equation?.\nOption A. 3x2 +2x+1=0.\nOption B. 3x+2y+4=0.\nOption C. 3x3 +3x-2 = 0.\nCorrect Answer is. 3x2 +2x+1=0.\nExplanation. A quadratic equation has only one unknown and the highest power is two.\nQuestion Number. 48. What is log 1000?.\nOption A. 2.0787.\nOption B. 1.0787.\nOption C. 3.0787.\nCorrect Answer is. 3.0787.\nExplanation. Log 10 = 1 Log 100 = 2 Log 1000 = 3 Log 10000 = 4 etc.\nQuestion Number. 49. What is log AB?.\nOption A. log (A+B).\nOption B. log A+log B.\nOption C. Log A-Log B.\nCorrect Answer is. log A+log B.\nExplanation. External website.\nShare your documents with us at (aviatorslinks@gmail.com) DownloadOur Mobile App For Recent\nPapers\nwww.easaquestionpapers.blogspot.com\nQuestion Number. 50. What is LogA/B?.\nOption A. log A+Log B.\nOption B. log A-Log B.\nOption C. Log (A-B).\nCorrect Answer is. log A-Log B.\nExplanation. External website.\nQuestion Number. 51. log 100+2 =.\nOption A. 4.\nOption B. Log 200.\nOption C. Log 200.\nCorrect Answer is. 4.\nExplanation. log 100=2, 2+2 = 4.\nQuestion Number. 52. Log 100/2 =.\nOption A. Log 200.\nOption B. Log 98.\nOption C. 1.\nCorrect Answer is. 1.\nExplanation. log 100=2, 2/2 = 1.\nQuestion Number. 53. Log 100+cos60.\nOption A. 0.25.\nOption B. 25.\nOption C. 2.5.\nCorrect Answer is. 2.5.\nExplanation. Log 100=2, cos60=0.5, 2+0.5=2.5.\nShare your documents with us at (aviatorslinks@gmail.com) DownloadOur Mobile App For Recent\nPapers"", ""question"": ""Solve the following equation: 5x = 3x + 2."", ""options"": [""0.25."", ""25."", ""2.5.""], ""correct"": null, ""answer_text"": null, ""category"": null, ""source_file"": ""DGCA MODULE 1 ALJEBRA -2 2023-06-02 16_30_12.pdf"", ""source_module"": ""M1"", ""fmt"": ""pdf"", ""module"": ""M1"", ""syllabusRef"": ""M1.8.9"", ""level"": null, ""difficulty"": ""EASY""}"
M1,M1.9.5,,as a recurring decimal is:,0.1̅̅4̅̅2̅̅8̅,0.1̅̅4̅̅2̅̅8̅̅5̅,0.1̅̅4̅̅2̅̅8̅5̅̅7̅,,A,EASY,,,,DRAFT,Found in Suntech corpus,1,DOC-20230901-WA0018_230901_121931.pdf,"{""raw"": ""1. as a recurring decimal is:\n7\nA. 0.1̅̅4̅̅2̅̅8̅\nB. 0.1̅̅4̅̅2̅̅8̅̅5̅\nC. 0.1̅̅4̅̅2̅̅8̅5̅̅7̅"", ""question"": ""as a recurring decimal is:"", ""options"": [""0.1̅̅4̅̅2̅̅8̅"", ""0.1̅̅4̅̅2̅̅8̅̅5̅"", ""0.1̅̅4̅̅2̅̅8̅5̅̅7̅""], ""correct"": null, ""answer_text"": null, ""category"": null, ""source_file"": ""DOC-20230901-WA0018_230901_121931.pdf"", ""source_module"": ""M1"", ""fmt"": ""pdf"", ""module"": ""M1"", ""syllabusRef"": ""M1.9.5"", ""level"": null, ""difficulty"": ""EASY""}"
M1,M1.9.5,,8762.87412355 in standard form with three decimal place accuracy is:,8.762 x 10 3,8.763 x 10 -3,8.763 x 10 3,,A,MEDIUM,,,,DRAFT,Found in Suntech corpus,1,DOC-20230901-WA0018_230901_121931.pdf,"{""raw"": ""2. 8762.87412355 in standard form with three decimal place accuracy is:\nA. 8.762 x 10 3\nB. 8.763 x 10 -3\nC. 8.763 x 10 3\n3 3 5 1"", ""question"": ""8762.87412355 in standard form with three decimal place accuracy is:"", ""options"": [""8.762 x 10 3"", ""8.763 x 10 -3"", ""8.763 x 10 3""], ""correct"": null, ""answer_text"": null, ""category"": null, ""source_file"": ""DOC-20230901-WA0018_230901_121931.pdf"", ""source_module"": ""M1"", ""fmt"": ""pdf"", ""module"": ""M1"", ""syllabusRef"": ""M1.9.5"", ""level"": null, ""difficulty"": ""MEDIUM""}"
M1,M1.8.9,,pence each. What percentage profit does the supplier make?,33%,33.3%,30%,,B,MEDIUM,3. ×( + − )=∶,,,REVIEWED,Computed from question data,1,DOC-20230901-WA0018_230901_121931.pdf,"{""raw"": ""3. ×( + − )=∶\n4 8 16 2\n3\nA.\n16\n9\nB.\n64\n9\nC.\n16\n4. An aircraft supplier buys 100 packs of rivets for £60.00 and sells them to the airline operator for 80\npence each. What percentage profit does the supplier make?\nA. 33%\nB. 33.3%\nC. 30%"", ""question"": ""pence each. What percentage profit does the supplier make?"", ""options"": [""33%"", ""33.3%"", ""30%""], ""correct"": null, ""answer_text"": null, ""category"": ""3. ×( + − )=∶"", ""source_file"": ""DOC-20230901-WA0018_230901_121931.pdf"", ""source_module"": ""M1"", ""fmt"": ""pdf"", ""module"": ""M1"", ""syllabusRef"": ""M1.8.9"", ""level"": null, ""difficulty"": ""MEDIUM""}"
M1,,,"Solve for x, if 200 : 4 :: 350 : x",7,6,5,,C,EASY,,,,REVIEWED,Computed from question data,1,DOC-20230901-WA0018_230901_121931.pdf,"{""raw"": ""5. Solve for x, if 200 : 4 :: 350 : x\nA. 7\nB. 6\nC. 5"", ""question"": ""Solve for x, if 200 : 4 :: 350 : x"", ""options"": [""7"", ""6"", ""5""], ""correct"": null, ""answer_text"": null, ""category"": null, ""source_file"": ""DOC-20230901-WA0018_230901_121931.pdf"", ""source_module"": ""M1"", ""fmt"": ""pdf"", ""module"": ""M1"", ""difficulty"": ""EASY""}"
M1,,,6. A car travels 50 km at 50 km/h and 70 km at 70 km/h. What is its average speed?,60 km/h,120 km/h,75 km/h,,A,MEDIUM,,,,DRAFT,Found in Suntech corpus,1,DOC-20230901-WA0018_230901_121931.pdf,"{""raw"": ""6. A car travels 50 km at 50 km/h and 70 km at 70 km/h. What is its average speed?\nA. 60 km/h\nB. 120 km/h\nC. 75 km/h"", ""question"": ""6. A car travels 50 km at 50 km/h and 70 km at 70 km/h. What is its average speed?"", ""options"": [""60 km/h"", ""120 km/h"", ""75 km/h""], ""correct"": null, ""answer_text"": null, ""category"": null, ""source_file"": ""DOC-20230901-WA0018_230901_121931.pdf"", ""source_module"": ""M1"", ""fmt"": ""pdf"", ""module"": ""M1"", ""difficulty"": ""MEDIUM""}"
M1,,,7. A car travels 205 km on 20 L of petrol. How much petrol is needed for a journey of 340 km?,33.2 L,33 L,32.9 L,,A,MEDIUM,,,,DRAFT,Found in Suntech corpus,1,DOC-20230901-WA0018_230901_121931.pdf,"{""raw"": ""7. A car travels 205 km on 20 L of petrol. How much petrol is needed for a journey of 340 km?\nA. 33.2 L\nB. 33 L\nC. 32.9 L"", ""question"": ""7. A car travels 205 km on 20 L of petrol. How much petrol is needed for a journey of 340 km?"", ""options"": [""33.2 L"", ""33 L"", ""32.9 L""], ""correct"": null, ""answer_text"": null, ""category"": null, ""source_file"": ""DOC-20230901-WA0018_230901_121931.pdf"", ""source_module"": ""M1"", ""fmt"": ""pdf"", ""module"": ""M1"", ""difficulty"": ""MEDIUM""}"
M1,M1.8.9,,Evaluate the expression: (6)(20)−36 − 2+16 − 4,5,5,−42,,A,EASY,,,,NEEDS_ANSWER,From Module 1 Answers.txt Test 2 Q5,1,DOC-20230901-WA0018_230901_121931.pdf,"{""raw"": ""9. Evaluate the expression: (6)(20)−36 − 2+16 − 4\n1\nA. 5\n24\n23\nB. 5\n24\nC. −42\n5/4\n16"", ""question"": ""Evaluate the expression: (6)(20)−36 − 2+16 − 4"", ""options"": [""5"", ""5"", ""−42""], ""correct"": null, ""answer_text"": null, ""category"": null, ""source_file"": ""DOC-20230901-WA0018_230901_121931.pdf"", ""source_module"": ""M1"", ""fmt"": ""pdf"", ""module"": ""M1"", ""syllabusRef"": ""M1.8.9"", ""level"": null, ""difficulty"": ""EASY""}"
M1,M1.8.9,,Factorize the expression : x 2 + 2x – 3,(x – 3)(x + 1),"x = - 3, x = 1",(x – 1)(x + 3),,A,EASY,,,,DRAFT,Found in Suntech corpus,1,DOC-20230901-WA0018_230901_121931.pdf,"{""raw"": ""12. Factorize the expression : x 2 + 2x – 3\nA. (x – 3)(x + 1)\nB. x = - 3, x = 1\nC. (x – 1)(x + 3)"", ""question"": ""Factorize the expression : x 2 + 2x – 3"", ""options"": [""(x – 3)(x + 1)"", ""x = - 3, x = 1"", ""(x – 1)(x + 3)""], ""correct"": null, ""answer_text"": null, ""category"": null, ""source_file"": ""DOC-20230901-WA0018_230901_121931.pdf"", ""source_module"": ""M1"", ""fmt"": ""pdf"", ""module"": ""M1"", ""syllabusRef"": ""M1.8.9"", ""level"": null, ""difficulty"": ""EASY""}"
M1,M1.8.9,,Make a the subject of the formula s = [2a + (n − 1)d].,a =,a =,a = − +,,B,MEDIUM,,,,NEEDS_ANSWER,Matched ameprep Q30 (sim=0.84),1,DOC-20230901-WA0018_230901_121931.pdf,"{""raw"": ""14. Make a the subject of the formula s = [2a + (n − 1)d].\n2\n2s−n(n−1)d\nA. a =\nn\n2s−n(n+1)d\nB. a =\n2n\ns 𝑛𝑑 𝑑\nC. a = − +\nn 2 2"", ""question"": ""Make a the subject of the formula s = [2a + (n − 1)d]."", ""options"": [""a ="", ""a ="", ""a = − +""], ""correct"": null, ""answer_text"": null, ""category"": null, ""source_file"": ""DOC-20230901-WA0018_230901_121931.pdf"", ""source_module"": ""M1"", ""fmt"": ""pdf"", ""module"": ""M1"", ""syllabusRef"": ""M1.8.9"", ""level"": null, ""difficulty"": ""MEDIUM""}"
M1,M1.8.9,,Solve the following quadratic equations: 6x2 + x − 2 = 0,(2x – 1)(3x+2),"x = , x = −","x = − , x =",,A,MEDIUM,,,,DRAFT,Found in Suntech corpus,1,DOC-20230901-WA0018_230901_121931.pdf,"{""raw"": ""17. Solve the following quadratic equations: 6x2 + x − 2 = 0\nA. (2x – 1)(3x+2)\n1 2\nB. x = , x = −\n2 3\n1 2\nC. x = − , x =\n2 3"", ""question"": ""Solve the following quadratic equations: 6x2 + x − 2 = 0"", ""options"": [""(2x – 1)(3x+2)"", ""x = , x = −"", ""x = − , x =""], ""correct"": null, ""answer_text"": null, ""category"": null, ""source_file"": ""DOC-20230901-WA0018_230901_121931.pdf"", ""source_module"": ""M1"", ""fmt"": ""pdf"", ""module"": ""M1"", ""syllabusRef"": ""M1.8.9"", ""level"": null, ""difficulty"": ""MEDIUM""}"
M1,M1.8.9,,"Find the angles marked θ, in the right-angled triangle shown in Figure 10.3",0.57°,45°,60° 2 m,,C,MEDIUM,,,,DRAFT,Found in Suntech corpus,1,DOC-20230901-WA0018_230901_121931.pdf,"{""raw"": ""18. Find the angles marked θ, in the right-angled triangle shown in Figure 10.3\nA. 0.57°\nB. 45°\nC. 60° 2 m\nθ\n200 cm"", ""question"": ""Find the angles marked θ, in the right-angled triangle shown in Figure 10.3"", ""options"": [""0.57°"", ""45°"", ""60° 2 m""], ""correct"": null, ""answer_text"": null, ""category"": null, ""source_file"": ""DOC-20230901-WA0018_230901_121931.pdf"", ""source_module"": ""M1"", ""fmt"": ""pdf"", ""module"": ""M1"", ""syllabusRef"": ""M1.8.9"", ""level"": null, ""difficulty"": ""MEDIUM""}"
M1,M1.8.9,,"Put brackets in the following statement to make it true, 6 x 7 + 3 – 8 = 52",(6 x 7 + 3) – 8 = 52,6 x 7 + (3 – 8) = 52,6 x (7 + 3) – 8 = 52,,A,MEDIUM,,,,DRAFT,Found in Suntech corpus,1,DOC-20230901-WA0018_230901_121931.pdf,"{""raw"": ""22. Put brackets in the following statement to make it true, 6 x 7 + 3 – 8 = 52\nA. (6 x 7 + 3) – 8 = 52\nB. 6 x 7 + (3 – 8) = 52\nC. 6 x (7 + 3) – 8 = 52"", ""question"": ""Put brackets in the following statement to make it true, 6 x 7 + 3 – 8 = 52"", ""options"": [""(6 x 7 + 3) – 8 = 52"", ""6 x 7 + (3 – 8) = 52"", ""6 x (7 + 3) – 8 = 52""], ""correct"": null, ""answer_text"": null, ""category"": null, ""source_file"": ""DOC-20230901-WA0018_230901_121931.pdf"", ""source_module"": ""M1"", ""fmt"": ""pdf"", ""module"": ""M1"", ""syllabusRef"": ""M1.8.9"", ""level"": null, ""difficulty"": ""MEDIUM""}"
M1,M1.8.9,,Find using the appropriate table: cos(270 14/),0.8829,0.8892,0.8886,,A,EASY,,,,DRAFT,Found in Suntech corpus,1,DOC-20230901-WA0018_230901_121931.pdf,"{""raw"": ""23. Find using the appropriate table: cos(270 14/)\nA. 0.8829\nB. 0.8892\nC. 0.8886"", ""question"": ""Find using the appropriate table: cos(270 14/)"", ""options"": [""0.8829"", ""0.8892"", ""0.8886""], ""correct"": null, ""answer_text"": null, ""category"": null, ""source_file"": ""DOC-20230901-WA0018_230901_121931.pdf"", ""source_module"": ""M1"", ""fmt"": ""pdf"", ""module"": ""M1"", ""syllabusRef"": ""M1.8.9"", ""level"": null, ""difficulty"": ""EASY""}"
M1,M1.8.9,,The factors of 3x2 − 2x − 8 are:,(3x − 2)(x + 4),(3x + 4)(x − 2),(3x + 2)(x − 4),,A,EASY,,,,DRAFT,Found in Suntech corpus,1,DOC-20230901-WA0018_230901_121931.pdf,"{""raw"": ""24. The factors of 3x2 − 2x − 8 are:\nA. (3x − 2)(x + 4)\nB. (3x + 4)(x − 2)\nC. (3x + 2)(x − 4)"", ""question"": ""The factors of 3x2 − 2x − 8 are:"", ""options"": [""(3x − 2)(x + 4)"", ""(3x + 4)(x − 2)"", ""(3x + 2)(x − 4)""], ""correct"": null, ""answer_text"": null, ""category"": null, ""source_file"": ""DOC-20230901-WA0018_230901_121931.pdf"", ""source_module"": ""M1"", ""fmt"": ""pdf"", ""module"": ""M1"", ""syllabusRef"": ""M1.8.9"", ""level"": null, ""difficulty"": ""EASY""}"
M1,M1.8.9,,Determine the product of : (3u − 1)(2u + 2),3u + 4u - 2,3u2 – 4u - 2,3u2 + 4u - 2,,A,EASY,,,,DRAFT,Found in Suntech corpus,1,DOC-20230901-WA0018_230901_121931.pdf,"{""raw"": ""25. Determine the product of : (3u − 1)(2u + 2)\nA. 3u + 4u - 2\nB. 3u2 – 4u - 2\nC. 3u2 + 4u - 2"", ""question"": ""Determine the product of : (3u − 1)(2u + 2)"", ""options"": [""3u + 4u - 2"", ""3u2 – 4u - 2"", ""3u2 + 4u - 2""], ""correct"": null, ""answer_text"": null, ""category"": null, ""source_file"": ""DOC-20230901-WA0018_230901_121931.pdf"", ""source_module"": ""M1"", ""fmt"": ""pdf"", ""module"": ""M1"", ""syllabusRef"": ""M1.8.9"", ""level"": null, ""difficulty"": ""EASY""}"
M1,M1.8.9,,"If the area of a circle is 80 mm2, its diameter to two significant figures is:",5 mm,10 mm,25 mm,,A,MEDIUM,,,,DRAFT,Found in Suntech corpus,1,DOC-20230901-WA0018_230901_121931.pdf,"{""raw"": ""26. If the area of a circle is 80 mm2, its diameter to two significant figures is:\nA. 5 mm\nB. 10 mm\nC. 25 mm\n4 | P age"", ""question"": ""If the area of a circle is 80 mm2, its diameter to two significant figures is:"", ""options"": [""5 mm"", ""10 mm"", ""25 mm""], ""correct"": null, ""answer_text"": null, ""category"": null, ""source_file"": ""DOC-20230901-WA0018_230901_121931.pdf"", ""source_module"": ""M1"", ""fmt"": ""pdf"", ""module"": ""M1"", ""syllabusRef"": ""M1.8.9"", ""level"": null, ""difficulty"": ""MEDIUM""}"
M1,M1.8.9,,The y solution of the simultaneous equations 5x + 4y = 22; 3x + 5y = 21 is :,3,2,– 3,,C,MEDIUM,,,,NEEDS_ANSWER,From Module 1 Answers.txt Test 3 Q3,1,DOC-20230901-WA0018_230901_121931.pdf,"{""raw"": ""30. The y solution of the simultaneous equations 5x + 4y = 22; 3x + 5y = 21 is :\nA. 3\nB. 2\nC. – 3"", ""question"": ""The y solution of the simultaneous equations 5x + 4y = 22; 3x + 5y = 21 is :"", ""options"": [""3"", ""2"", ""– 3""], ""correct"": null, ""answer_text"": null, ""category"": null, ""source_file"": ""DOC-20230901-WA0018_230901_121931.pdf"", ""source_module"": ""M1"", ""fmt"": ""pdf"", ""module"": ""M1"", ""syllabusRef"": ""M1.8.9"", ""level"": null, ""difficulty"": ""MEDIUM""}"
M1,M1.9.5,,5 88) What is 30% of 0.01?,0003,5 m^3 9,5 m^3 Convert into decimal the fraction 5/8 of 60.,,B,EASY,,,,DRAFT,Found in Suntech corpus,1,EASA PART66 MODULE 01 NEW PART 1 (1) 2023-06-02 16_30_11.pdf,"{""raw"": ""4.5 88) What is 30% of 0.01?\n11.1 0.03\n26.5 0.003\n0.0003\nCalculate the area of the shape shown:\n89) 15.4 / 2 - 2 (4.6 - 15.7) =\n-14.5\n26.5\n29.9\nHow many radians are in 360°?\n2π 4π 6π\nWhat is the area (including the ends) of a\n12 sq.ins. cylinder diameter 10 cm and 10 cm in height?\n14 sq.ins. 50π 100π\n16 sq.ins. 150π\nA mound of soil is piled up into a cone of base What is the highest factor of 153?\ndiameter 1.8m and height 0.6 m. What is the 3\nvolume of soil? 6\n0.5 m^3 9\nm^3\n1.5 m^3 Convert into decimal the fraction 5/8 of 60.\n37\nWhat is the area of the shape below? 37.5\n40\nAn aeroplane has 1800 gallons of fuel on\nboard. 35% in the left wing 42.5% in the right\nwing how much fuel is in the centre tank?\n183 gallons\n405 gallons\n545 gallons\n196 square inches\nIn the common fraction 2/5, the number 5 is\n200 square inches\nknown as\n220 square inches\nthe quotient. the numerator.\nthe denominator.\nWhat is 1 radian in degrees?\n57°"", ""question"": ""5 88) What is 30% of 0.01?"", ""options"": [""0003"", ""5 m^3 9"", ""5 m^3 Convert into decimal the fraction 5/8 of 60.""], ""correct"": null, ""answer_text"": null, ""category"": null, ""source_file"": ""EASA PART66 MODULE 01 NEW PART 1 (1) 2023-06-02 16_30_11.pdf"", ""source_module"": ""M1"", ""fmt"": ""pdf"", ""module"": ""M1"", ""syllabusRef"": ""M1.9.5"", ""level"": null, ""difficulty"": ""EASY""}"
M1,M1.8.9,,"If 42% = 15000, what is 100%?","001 inch, when using the dial gauge, you",000006 volts can be written a should,,,B,MEDIUM,,,,DRAFT,Found in Suntech corpus,1,EASA PART66 MODULE 01 NEW PART 1 (1) 2023-06-02 16_30_11.pdf,"{""raw"": ""96) If 42% = 15000, what is 100%?\nWWW.PART66EASA.COM\nMODULE – 01(PART1) MATHEMATICS\nAttempt Online Test Series to prepare yourself for exam visit www.part66easa.com\nDOWNLOAD OUR MOBILE APP FROM PLAY STORE @EASA QUESTION PAPERS\nIF YOU HAVE PREVIOUS SESSION QUESTION PAPERS, SHARE WITH US AT AVIATORSLINKS@GMAIL.COM\nelbaliavA\nPQ\nmaxE\neludoM\n66traP\nllA\n(\n66trapASAE/bf\n@\nkoobecaF\nno\nsu\nekiL\n,)moc.asaE66traP.www(\negaP\n7\nlairetam\nyduts\ndna\nsrepap\nnoitseuQ\nnoitanimaxe\neludoM\n66\nRAC\nACGD\n/\nASAE\ntsetal\nlla\ndaolnwod\not\netisbew\nruo\ntisiV\n6300\n21300 Millibar is the unit of\n35714 temperature. pressure. density.\nThe fraction 17/11 is classed as A ball rolls down a hill initially at 60 ft/s. It\na mixed fraction. slows down at a rate of 5 ft/s2 for 7 seconds.\nan improper fraction. a proper fraction. What will its final speed be?\n15 ft/s\nTo convert 1 inch to centimetres 25 ft/s\ndivide by 2.54. 35 ft/s\nmultiply by 2.54.\ndivide by 25.4. A dial gauge is calibrated to an accuracy of\n0.001 inch, when using the dial gauge, you\n0.000006 volts can be written a should\n60 nanovolts. round off the answer to calibrated value. read the\n6 microvolts. true value to 4 decimal places. read five\n6 millivolts. significant figures.\n100) The median of the values 20, 28, 17, 34, In a flight control system, the control cable is\n40, 11, 34, 26 is allowed an elongation of 3% due to wear. The\n26.25. length from the manufacturer is 78cm, what is"", ""question"": ""If 42% = 15000, what is 100%?"", ""options"": [""001 inch, when using the dial gauge, you"", ""000006 volts can be written a should""], ""correct"": null, ""answer_text"": null, ""category"": null, ""source_file"": ""EASA PART66 MODULE 01 NEW PART 1 (1) 2023-06-02 16_30_11.pdf"", ""source_module"": ""M1"", ""fmt"": ""pdf"", ""module"": ""M1"", ""syllabusRef"": ""M1.8.9"", ""level"": null, ""difficulty"": ""MEDIUM""}"
M1,M1.8.9,,What is the ratio of 5 feet to 30 inches?,14 x 10^-4,08m 240 gallons,092 litres gear with 48 teeth at 120 RPM. Find the speed,9,A,MEDIUM,,,,DRAFT,Found in Suntech corpus,1,EASA PART66 MODULE 01 NEW PART 1 (1) 2023-06-02 16_30_11.pdf,"{""raw"": ""131) What is the ratio of 5 feet to 30 inches?\n122) 31 * 91 * 23 * 52 = 1 : 6\nWWW.PART66EASA.COM\nMODULE – 01(PART1) MATHEMATICS\nAttempt Online Test Series to prepare yourself for exam visit www.part66easa.com\nDOWNLOAD OUR MOBILE APP FROM PLAY STORE @EASA QUESTION PAPERS\nIF YOU HAVE PREVIOUS SESSION QUESTION PAPERS, SHARE WITH US AT AVIATORSLINKS@GMAIL.COM\nelbaliavA\nPQ\nmaxE\neludoM\n66traP\nllA\n(\n66trapASAE/bf\n@\nkoobecaF\nno\nsu\nekiL\n,)moc.asaE66traP.www(\negaP\n9\nlairetam\nyduts\ndna\nsrepap\nnoitseuQ\nnoitanimaxe\neludoM\n66\nRAC\nACGD\n/\nASAE\ntsetal\nlla\ndaolnwod\not\netisbew\nruo\ntisiV\n5 : 3 140) 3 3/4 + 4 2/3 =\n2 : 1 7 5/12\n7 5/7\n132) 5 [ 3 + 6 (7 -4) - 2] = 8 5/12\n31\n95 141) An aircraft travels 1400 nautical miles in\n395 1 hour 45 minutes. What is the average speed\nof the aircraft?\n133) 3 [5 - 2 (4 - 7)] = 750 knots\n-3 800 knots\n9 2450 knots\n33\n142) 0.8 * 0.004 =\nWhat is the cube root of -64? 0.0032\n-8 0.032\n-4 0.32\n4\nConvert 10 inches to millimetres.\nWhat is the cube root of 8^2. 25.4 mm 254 mm 2540 mm\n2\n4 What number is the highest common factor of\n8 24, 84, 120?\n8\nAn engine of 96 horsepower is running at 75% 12\npower. What horsepower is being developed? 24\n62\n72 0.0000314 can be written as\n168 3.14 x 10^-5.\n3.14 x 10^-4\nA blueprint shows a hole of 0.3751 to be drilled. 3.14 x 10^5\nWhat fraction size drill bit is most nearly\nequal? What is the Lowest Common Multiple of 5; 12;\n3/16 20.\n5/16 5\n3/8 60\n120\n120 out of 125 bolts produced are of an\nacceptable tolerance. What percentage of the 147) 1/4 {(4 - 6) - (2 - 8)} =\nbolts are not acceptable? -2\n4% 3/4\n5% 1\n25%\nWhat is the average of the following numbers?\n139) 1/4 + 3/8 - 1/2 = 5, 13, 23, 12, 17.\n1/14 14\n1/8 15\n1/2 23\nWWW.PART66EASA.COM\nMODULE – 01(PART1) MATHEMATICS\nAttempt Online Test Series to prepare yourself for exam visit www.part66easa.com\nDOWNLOAD OUR MOBILE APP FROM PLAY STORE @EASA QUESTION PAPERS\nIF YOU HAVE PREVIOUS SESSION QUESTION PAPERS, SHARE WITH US AT AVIATORSLINKS@GMAIL.COM\nelbaliavA\nPQ\nmaxE\neludoM\n66traP\nllA\n(\n66trapASAE/bf\n@\nkoobecaF\nno\nsu\nekiL\n,)moc.asaE66traP.www(\negaP\n01\nlairetam\nyduts\ndna\nsrepap\nnoitseuQ\nnoitanimaxe\neludoM\n66\nRAC\nACGD\n/\nASAE\ntsetal\nlla\ndaolnwod\not\netisbew\nruo\ntisiV\nWhat is the volume of a rectangular tank 5m Express 3/8 as a percentage.\nby 4 m by 150cm? 0.375%\n30 m^2 3.75%\n30 m^3 37.5%\n3000 m^3 An aeroplane flies 1000 miles and uses 80\ngallons of fuel. How much fuel will it use on a\nWhat is the depth of a rectangular tank whose 2500 mile flight?\nvolume is 40 m^3. and has a base 5m by 10m? 200 gallons\n0.08m 240 gallons\n80cm 8m 250 gallons\nConvert 20 imperial gallons to litres. A pinion gear with 16 teeth is driving a spur\n9.092 litres gear with 48 teeth at 120 RPM. Find the speed\n90.92 litres of the pinion gear.\n909.2 litres 40 RPM\n144 RPM\nTo find the area of a circle use the formula - 360 RPM\n2πd. πr^2 . 2πr.\nWhat is the piston displacement of a master\nWhat is the circumference of the top of a cylinder with a 4cm diameter bore and a piston\ncylindrical tank whose radius is 3 metres? stroke of 10 cm?\n3π metres 6π metres 9π metres 8π cm^3 40π cm^3 160π cm^3\nWhat is the surface area of a cylindrical pipe of The curved surface area of a right cone is\nlength 150 cm and diameter 5cm? 11/3 πRL. πRL.\n750π cm^2 1500π cm^2 3750π cm^2 πR2 H.\nFind the value of 5/8 of 4/5. How many millimetres in an inch?\n1/2 2.54\n3/4. 25.4\n25/32 2540\nWhat is the square root of 4 raised to the fifth Find the the area of a circular ring Whose\npower? outer diameter is 10 cm and inner diameter is 6\n32 diameter?\n64 4π cm^2 16π cm^2 64π cm^2\n128\nFind the area of the triangle shown below:\n157) -3 [8 - 3 (5 + √9) - ( 7 - 9)] =\n-42\n42\n60\nWhich of the fractions is equivalent to 0.075?\n1/40\n3/40\n3/4 6 cm^2\n9 cm^2\nWWW.PART66EASA.COM\nMODULE – 01(PART1) MATHEMATICS\nAttempt Online Test Series to prepare yourself for exam visit www.part66easa.com\nDOWNLOAD OUR MOBILE APP FROM PLAY STORE @EASA QUESTION PAPERS\nIF YOU HAVE PREVIOUS SESSION QUESTION PAPERS, SHARE WITH US AT AVIATORSLINKS@GMAIL.COM\nelbaliavA\nPQ\nmaxE\neludoM\n66traP\nllA\n(\n66trapASAE/bf\n@\nkoobecaF\nno\nsu\nekiL\n,)moc.asaE66traP.www(\negaP\n11\nlairetam\nyduts\ndna\nsrepap\nnoitseuQ\nnoitanimaxe\neludoM\n66\nRAC\nACGD\n/\nASAE\ntsetal\nlla\ndaolnwod\not\netisbew\nruo\ntisiV\n12 cm^2\nWhat is the area of the shape shown, in square\ncm?\n4500Ï€ cm^3\n45Ï€ cm^3\n18000Ï€ cm^3\n5.9\n24/0 (twenty four divided by nothing) is\n590\ninfinity. nothing. 24.\n5900"", ""question"": ""What is the ratio of 5 feet to 30 inches?"", ""options"": [""14 x 10^-4"", ""08m 240 gallons"", ""092 litres gear with 48 teeth at 120 RPM. Find the speed"", ""9""], ""correct"": null, ""answer_text"": null, ""category"": null, ""source_file"": ""EASA PART66 MODULE 01 NEW PART 1 (1) 2023-06-02 16_30_11.pdf"", ""source_module"": ""M1"", ""fmt"": ""pdf"", ""module"": ""M1"", ""syllabusRef"": ""M1.8.9"", ""level"": null, ""difficulty"": ""MEDIUM""}"
M1,,,"If 20% of 120 is 24, what is 24% of 20?",8,.,,,A,MEDIUM,,,,NEEDS_ANSWER,Matched ameprep Q176 (sim=1.00),1,EASA PART66 MODULE 01 NEW PART 1 (1) 2023-06-02 16_30_11.pdf,"{""raw"": ""172) If 20% of 120 is 24, what is 24% of 20?\nWhat is the area of the trapezium shown?\n4.8\n28\n18\n173) A shop keeper sold his car for £120. If\nthis is 80% of the buying price, how much loss\ndid he make?\n£30\n£50\n24 cm^2 £150\n27 cm^2\nArea cannot be calculated from information 174) 3 + 4 - 5(4 - 2) =\ngiven. -3\n4\nWhat is the depth of water in the tank shown if 13\nthe volume of water is 4000 litres?\nSolve the following equation: 5x = 3x + 2.\nx = 3\nx = 1\nx = 5\nSimplify the following (w + z)(x - y)(y - w) / (y -\nx)(w - y)(w + z).\n-1\n0\n50 cm\n+1\n80 cm\n5 m\nGiven 43-x = 21, find the value of x.\nx=43-21 x=43/21 x=43+21\nWhat is the volume of metal used in the pipe\nshown?\nMake L the subject of the formula 2pfL = x.\nWWW.PART66EASA.COM\nMODULE – 01(PART1) MATHEMATICS\nAttempt Online Test Series to prepare yourself for exam visit www.part66easa.com\nDOWNLOAD OUR MOBILE APP FROM PLAY STORE @EASA QUESTION PAPERS\nIF YOU HAVE PREVIOUS SESSION QUESTION PAPERS, SHARE WITH US AT AVIATORSLINKS@GMAIL.COM\nelbaliavA\nPQ\nmaxE\neludoM\n66traP\nllA\n(\n66trapASAE/bf\n@\nkoobecaF\nno\nsu\nekiL\n,)moc.asaE66traP.www(\negaP\n21\nlairetam\nyduts\ndna\nsrepap\nnoitseuQ\nnoitanimaxe\neludoM\n66\nRAC\nACGD\n/\nASAE\ntsetal\nlla\ndaolnwod\not\netisbew\nruo\ntisiV\nL = 2pf. R^2 * C\nL = 2pf / x. L = x / 2pf.\nFactorise the following : x^2 - x - 6 = 0.\nGiven that A = X+BY, what is Y equal to? (x - 2)(x + 3)\nA-X add B (x - 2)(x - 3)\nA-X divided by B A-X minus B (x + 2)(x - 3)\nFactorise the following: 4x^2 - 6x - 28 = 0.\nIf y/x = 4 and y = 5 then x = (2x^2 + 7) * (x + 2) (4x - 14) * (x + 2)\n4/5. (2x + 7) * (x - 2)\n1 ¼.\n20. Solve for x in the equation: 3(x + 2) = 30 + 2(x-\n4).\n181) (x - 3)(x + 5) = x=8 x=15 x=16\nx^2 + 2x - 15 x^2 + 2x\nx^2 -15 191) 2x = 4(x - 3)\nx = 0.5\n182) 21 = 43 - x x=21-43 x=43+21 x = 2\nx=43-21 x = 6\n183) Evaluate 2x^2 * z^2 * (3x - z^2 ) = 27y = 3 so y is equal to\n6x^3 * z^2 - 2x^2 * z^4 1/9.\n6x^2 * z^2 - 2x^2 * z^2 1/3.\n6x^2 * z^2 + 3x - z^2 9/1.\n184) (a * b)(a * b) = Determine x in the following: (2x-1)(3x+2) = 0.\na^2 * b^2 1.5, 1\na^2 + 2ab + b^2 a^2 + b^2 0.5, 3\n-0.67, 0.5\nIf y/x = 4 and x = 5 then y =\n1 ¼. 194) (x + y + z)(x + y + z) =\n4/5. 2(x + y + z) 2x + 2y +2z (x + y + z)^2\n20.\n195) If x in an equation equals Ly + 7cb, define\nDetermine x. the formula for finding the subject y.\nx-7cb/L x+7cb/L x-L/7cb\n196) 64y = 64\ny=0 y=0.5\ny=1\nx=8.971 x=9.029 x=9.570\nSimplify the following: 3a - 2b + 6a - 3b - 2a.\nFind L in the following expression:\n7a + 5b 7a - 5b 7a + b\nSimplify 3x-2xy-3y +5xy-2x +2y.\nx + 3xy - y 5x + 3xy - y x - 3xy + y\nL = Q^2 * C^2 / R L = Q^2 * C / R^2 L = Q^2 *"", ""question"": ""If 20% of 120 is 24, what is 24% of 20?"", ""options"": [""8"", "".""], ""correct"": null, ""answer_text"": null, ""category"": null, ""source_file"": ""EASA PART66 MODULE 01 NEW PART 1 (1) 2023-06-02 16_30_11.pdf"", ""source_module"": ""M1"", ""fmt"": ""pdf"", ""module"": ""M1"", ""difficulty"": ""MEDIUM""}"
M1,M1.8.9,,Which of these has the greatest value?,The number 5012 is reflected in the mirror-line shown.,Think of any number. Add five; multiply by two; add ten; divide by two; subtract your original,,,B,MEDIUM,,,,NEEDS_ANSWER,Found in Suntech corpus (score=5),1,JMC_2022_Paper.pdf,"{""raw"": ""1. Which of these has the greatest value?\nA 20+22 B 202+2 C 202×2 D 2×0×2×2 E 20×22\n2. The number 5012 is reflected in the mirror-line shown.\nOnto which number is it reflected?\nA 5102 B 2015 C 5012 D 2105 E 5105\n3. Think of any number. Add five; multiply by two; add ten; divide by two; subtract your original\nnumber; add three. What is the resulting number?\nA 10 B 11 C 12 D 13 E 14\n2"", ""question"": ""Which of these has the greatest value?"", ""options"": [""The number 5012 is reflected in the mirror-line shown."", ""Think of any number. Add five; multiply by two; add ten; divide by two; subtract your original""], ""correct"": null, ""answer_text"": null, ""category"": null, ""source_file"": ""JMC_2022_Paper.pdf"", ""source_module"": ""M1"", ""fmt"": ""pdf"", ""module"": ""M1"", ""syllabusRef"": ""M1.8.9"", ""level"": null, ""difficulty"": ""MEDIUM""}"
M1,M1.11.2,,What is the value of ?,One of these is the largest two-digit positive integer that is divisible by the product of its digits.,The record for travelling 100m on a skateboard by a dog is 19.65 seconds. This was achieved by,"When this prime number square is completed, the eight circles contain eight",What is the difference between the largest two-digit multiple of 2 and the smallest three-digit multiple,A,MEDIUM,,,,NEEDS_ANSWER,Matched ameprep Q56 (sim=0.76),1,Junior Mathematical Challenge 2023.pdf,"{""raw"": ""3. What is the value of ?\n6+7+8+9+10\n1 3 7 9 1\nA B C D E\n2 8 16 20 3\n4. One of these is the largest two-digit positive integer that is divisible by the product of its digits.\nWhich is it?\nA 12 B 24 C 36 D 72 E 96\n5. The record for travelling 100m on a skateboard by a dog is 19.65 seconds. This was achieved by\nJumpy in 2013. What was Jumpy’s approximate average speed?\nA 0.2m/s B 0.5m/s C 2m/s D 2.5m/s E 5m/s\n6. When this prime number square is completed, the eight circles contain eight\n13 23\ndifferent primes, and each of the four sides has total 43.\nWhat is the sum of the five missing primes?\nA 51 B 53 C 55 D 57 E 59\n29\n7. What is the difference between the largest two-digit multiple of 2 and the smallest three-digit multiple\nof 3?\nA 5 B 4 C 3 D 2 E 1"", ""question"": ""What is the value of ?"", ""options"": [""One of these is the largest two-digit positive integer that is divisible by the product of its digits."", ""The record for travelling 100m on a skateboard by a dog is 19.65 seconds. This was achieved by"", ""When this prime number square is completed, the eight circles contain eight"", ""What is the difference between the largest two-digit multiple of 2 and the smallest three-digit multiple""], ""correct"": null, ""answer_text"": null, ""category"": null, ""source_file"": ""Junior Mathematical Challenge 2023.pdf"", ""source_module"": ""M1"", ""fmt"": ""pdf"", ""module"": ""M1"", ""syllabusRef"": ""M1.11.2"", ""level"": null, ""difficulty"": ""MEDIUM""}"
M1,M1.8.9,,What is the sum of the four marked angles in the diagram?,A cube 1. A prime 2,A square,,,A,MEDIUM,,,,DRAFT,Found in Suntech corpus,1,Junior Mathematical Challenge 2023.pdf,"{""raw"": ""18. What is the sum of the four marked angles in the diagram?\nA 540◦ B 560◦ C 570◦ D 600◦ E 720◦\n19. In a football match, Rangers beat Rovers 5 – 4. The only time Rangers were ahead was after they\nscored the final goal. How many possible half-time scores were there?\nA 9 B 10 C 15 D 16 E 25\n20. Each cell in the crossnumber is to be filled with a single digit.\n1\nAcross Down\n1. A cube 1. A prime 2\n2. A square\nWhich of these could be the sum of the four digits in the crossnumber?\nA 17 B 16 C 15 D 14 E 13\n21. Eleanor’s Elephant Emporium has four types of elephant. There are twice as many grey elephants as\npygmy elephants, three times as many white elephants as grey elephants and four times as many pink\nelephants as white elephants. There are 20 more white elephants than pygmy elephants.\nHow many elephants are in Eleanor’s Emporium?\nA 123 B 132 C 213 D 231 E 312\n22. The positive integers from 1 to 9 inclusive are placed in the grid, one to a cell,\n18\nso that the product of the three numbers in each row or column is as shown.\nWhat number should be placed in the bottom right-hand cell? 105\nA 9 B 6 C 4 D 3 E 2 ? 192\n56 180 36\n23. Regular pentagon 𝑃𝑄𝑅𝑆𝑇 has centre 𝑂. Lines 𝑃𝐻, 𝐹𝐼 and 𝐺𝐽 go through 𝑂. 𝑃\nThe six angles at 𝑂 are equal. 𝐽 𝐹\nWhat is the size of angle𝑇𝐺𝑂? 𝑄 𝑇\nA 60◦ B 72◦ C 75◦ D 76◦ E 78◦ 𝐼 𝑂 𝐺\n𝑅 𝐻 𝑆\n24. Beatrix was born in this century. On her birthday this year, her age was equal to the sum of the digits\nof the year in which she was born. In which of these years will her age on her birthday be twice the\nsum of the digits of that year?\nA 2027 B 2029 C 2031 D 2033 E 2035\n25. Granny gave away her entire collection of antique spoons to three people. Her daughter received\n8 more than a third of the total; her son received 8 more than a third of what was then left; finally her\nneighbour received 8 more than a third of what was then left.\nWhat is the sum of the digits of the number of spoons which were in Granny’s collection?\nA 14 B 12 C 10 D 8 E 6\n©2023UKMathematicsTrust www.ukmt.org.uk"", ""question"": ""What is the sum of the four marked angles in the diagram?"", ""options"": [""A cube 1. A prime 2"", ""A square""], ""correct"": null, ""answer_text"": null, ""category"": null, ""source_file"": ""Junior Mathematical Challenge 2023.pdf"", ""source_module"": ""M1"", ""fmt"": ""pdf"", ""module"": ""M1"", ""syllabusRef"": ""M1.8.9"", ""level"": null, ""difficulty"": ""MEDIUM""}"
M1,M1.8.9,,Find the correct conversion number (see Conversion Charts),"Multiply by that number So, the length conversion is “multiply by 0.6214”:",3048 on the metre ruler.,What fraction of the squares are red? 4. The ratio of black cars to coloured cars in the car park is,A coin is tossed several times and the ratio of heads to,A,MEDIUM,,,,DRAFT,Found in Suntech corpus,1,M1 learning Material(links) 2023-05-11 22_37_26.pdf,"{""raw"": ""1. Find the correct conversion number (see Conversion Charts)\n2. Multiply by that number So, the length conversion is “multiply by 0.6214”:\nExample 1: 5 × 0.6214 = 3.107.\nConvert 3 feet into metres.\nSo: 5 km = 3.107 miles (to 3 decimal places)\nWhen we put a 1-metre ruler next to a 1-foot ruler, they look\nlike as shown below.\nLook closely and we see that the 1-foot ruler comes to exactly\n0.3048 on the metre ruler.\nSo, the conversion for feet to metres is:\n1 ft = 0.3048 metres.\nTo convert feet to metres, multiply by 0.3048.\n1-28 Copyright 2022 © Aerojet Aviation Training Academy\nFOR TRAINING PURPOSE ONLY\nIssue 1 – February 2022\nArithmetic\nExample 1\n1-29 Copyright 2022 © Aerojet Aviation Training Academy\nFOR TRAINING PURPOSE ONLY\nIssue 1 – February 2022\nArithmetic\nConverting areas\nTo convert area, simply remember that area is length by width:\nSo, you need to convert once for the length and once again for\nthe width. Just do the length conversion twice. This is known\nas ‘mensuration’.\nExample 3:\nConvert 1 square yard into square feet.\nWe know that three feet make a yard:\n1 yd = 3 ft\nAnd so the Area conversion must be to multiply by 3, and\nmultiply by 3 again.\nResult is 3 × 3 = 9.\nThere are 9 square feet in a square yard.\nExample 4:\nConvert 30 square feet into square metres (30 ft2 to m2).\nThe conversion for feet to metres is:\n1 ft = 0.3048 m\nAnd so the Area conversion must be to multiply by 0.3048 and\nmultiply by 0.3048 again:\n30 × 0.3048 × 0.3048 = 2.79.\nSo, 30 ft2 = 2.79 m2\n1-30 Copyright 2022 © Aerojet Aviation Training Academy\nFOR TRAINING PURPOSE ONLY\nIssue 1 – February 2022\nArithmetic\nExample 3\n1-31 Copyright 2022 © Aerojet Aviation Training Academy\nFOR TRAINING PURPOSE ONLY\nIssue 1 – February 2022\nArithmetic\nConverting volumes\nVolume is length by width by height Example 6:\nConvert 30 cubic feet into cubic metres (30 ft3 to m3)\nTo convert volume, remember that volume is length by width\nby height: The conversion for feet to metres is:\n1 ft = 0.3048 m\nSo, the length conversion is to multiply by 0.3048.\nSo, you need to convert once for the length and once again for\nthe width and once more for the height.\nAnd the volume conversion must be to multiply by 0.3048, and\nmultiply by 0.3048 and multiply by 0.3048 again:\nJust do the length conversion three times. This is known as\n‘mensuration’.\n30 × 0.3048 × 0.3048 × 0.3048 = 0.85\nExample 5: So, 30 ft3 = 0.85 m3\nConvert 1 cubic yard (yd3) into cubic feet (ft3).\nUnit Conversions with Area and Volume\nNow, we know that three feet make a yard:\nhttps://youtu.be/aFAk8JA4-d8\n1 yd = 3 ft\nSo, the Length conversion is “multiply by 3”.\nAnd so the volume conversion must be to multiply by 3 and\nmultiply by 3 again and then multiply by 3 once again (i.e. once\neach for length, width and height)\nThe result is:\n3 × 3 × 3 = 27 ft3\n1-32 Copyright 2022 © Aerojet Aviation Training Academy\nFOR TRAINING PURPOSE ONLY\nIssue 1 – February 2022\nArithmetic\nCalculating volume\nExample 5\n1-33 Copyright 2022 © Aerojet Aviation Training Academy\nFOR TRAINING PURPOSE ONLY\nIssue 1 – February 2022\nArithmetic\nConverting from one metric unit to another\nPerhaps the most common metric conversions are between\nmm, cm, m and km.\n• 1 cm = 10 mm\n• 1 m = 100 cm = 1000 mm\n• 1 km = 1000 m = 100,000 cm = 1,000,000 mm\n• ‘kilo’ means 1000, so 1 km = 1000 m\n• ‘centi’ means 1/ 100 , so 1 cm = 1/ 100 m\n• ‘milli’ means 1/ 1000 , so 1 mm = 1/ 1000 m\nConverting units of mass and capacity\nOnce you are confident with conversions between mm, cm, m\nand km, converting units of mass and capacity is easier.\nExample 1:\n• 1 km = 1000 m, so 1 kg = 1000 g\n• 1 m = 100 cm, so 1 l (litre) = 100 cl (centilitres)\n• 1 m = 1000 mm, so 1 g = 1000 mg (milligrams)\nConverting between metric and imperial units\nHere are some examples of metric and imperial measures of\nlength, mass and capacity:\nMetric Imperial\nLength mm, cm, m, inch, foot, yard, mile\nkm\nMass mg, g, kg ounce (oz), pound (lb), stone\nCapacity ml, cl, l pint, gallon\n1-34 Copyright 2022 © Aerojet Aviation Training Academy\nFOR TRAINING PURPOSE ONLY\nIssue 1 – February 2022\nArithmetic\nSome of the common conversions between metric and imperial\nunits are shown below\n• 1 km = 5/ 8 mile\n• 1 m = 39.37 inches\n• 1 foot = 30.5 cm\n• 1 inch = 2.54 cm\n• 1 kg = 2.2 lb\n• 1 gallon = 4.5 litres\n• 1 litre = 1¾ pints\nIt is easy to get confused over whether to multiply or divide, so\nhere is a way to check your answers:\nAfter doing the conversion, always think about whether your\nanswer should be bigger or smaller than the original number.\nExample 2:\nA cup has a circumference of 10 inches. What is it in cm?\nWe know that\n1 inch = 2.54 cm.\nWe are converting from inches to cm, so we multiply by 2.54\n10 × 2.54 = 25.4 cm.\nIn the above question, which involves converting inches into\ncms, we know that cms are smaller than inches, so you should\nend up with a bigger number than the one you started with. You\ntherefore need to multiply.\n1-35 Copyright 2022 © Aerojet Aviation Training Academy\nFOR TRAINING PURPOSE ONLY\nIssue 1 – February 2022\nArithmetic\nConversion factors\nLength Volume\nArea\n1-36 Copyright 2022 © Aerojet Aviation Training Academy\nFOR TRAINING PURPOSE ONLY\nIssue 1 – February 2022\nArithmetic\nMass\nUnderstanding Conversion Factors\nhttps://youtu.be/HZ9weUkSdoY\nConverting Units with Conversion Factors\nhttps://youtu.be/7N0lRJLwpPI\nConverting Metric Units of Volume\nhttps://youtu.be/Ynp6rG45RZA\n1-37 Copyright 2022 © Aerojet Aviation Training Academy\nFOR TRAINING PURPOSE ONLY\nIssue 1 – February 2022\nArithmetic\nRatio and proportion\nRatio Example 4:\nA ratio compares values. An epoxy resin and hardener mix for a composite structure\nrepair uses 3 parts of resin and 2 parts of hardener.\nA ratio says how much of one thing there is compared to\nanother thing. So the ratio of resin to hardener is 3:2\nExample 1: To mix the resin and hardener for a large repair we might need\nThe figur below (left) shows 3 blue squares to 1 yellow square 4 times the quantity, so we multiply the numbers by 4:\nRatios can be shown in different ways: 3×4 : 2×4 = 12:8\n• 3:1 In other words, 12 parts resin and 8 parts hardener.\n• 3 to 1\n• 3/ 1 The ratio is still the same, so the finished repair should be just\nas strong.\nA ratio can be scaled up:\n“Part-to-part” and “part-to-whole” ratios\nExample 2: The examples so far have been “part-to-part” (comparing one\nThe figure below (left) shows the ratio is also 3 blue squares to part to another part).\n1 yellow square, even though there are more squares.\nBut a ratio can also show a part compared to the whole lot.\nThe trick with ratios is to always multiply or divide the numbers\nby the same value. Part-to-part:\n• The ratio of boys to girls is 2:3 or 2/\n3\nExample 3:\n4:5 is the same as 4×2:5×2 = 8:10 • The ratio of girls to boys is 3:2 or 3/ 2\n4 : 5 Part-to-whole:\n↓ : ↓ • The ratio of boys to all pupils is 2:5 or 2/\n5\nx2 : x2\n↓ : ↓ • The ratio of girls to all pupils is 3:5 or 3/ 5\n8 : 10\nMath Antics - Ratios And Rates\nhttps://youtu.be/RQ2nYUBVvqI\n1-38 Copyright 2022 © Aerojet Aviation Training Academy\nFOR TRAINING PURPOSE ONLY\nIssue 1 – February 2022\nArithmetic\nExample 1\nEpoxy hardener and resin\nExample 2\n1-39 Copyright 2022 © Aerojet Aviation Training Academy\nFOR TRAINING PURPOSE ONLY\nIssue 1 – February 2022\nArithmetic\nProportion Using proportions to solve percentages\nProportion says that two ratios (or fractions) are equal. A percentage is actually a ratio! Saying “25%” is actually saying\n“25 per 100”:\nExample 1:\nSo 1-out-of-3 is equal to 2-out-of-6\nThe ratios are the same, so they are in proportion.\nWe can use proportions to solve questions involving\nExample 2: percentages.\nA ropes’ length and weight are in proportion.\nFirst, put what we know into this form:\n• When 20m of rope weighs 1kg, then:\n• 40m of that rope weighs 2kg\n• 200m of that rope weighs 10kg\n• etc. Example 3:\nWhat is 25% of 160?\nSo:\nThe percentage is 25, the whole is 160, and we want to find the\n“part”:\nSizes\nWhen shapes are “in proportion” their relative sizes are the\nsame.\nMath Antics - Proportions\nhttps://youtu.be/USmit5zUGas\nHere we see that the ratios of head length to body length are\nthe same in both drawings.\nSo they are proportional.\n1-40 Copyright 2022 © Aerojet Aviation Training Academy\nFOR TRAINING PURPOSE ONLY\nIssue 1 – February 2022\nArithmetic\nExample 1\nWhen shapes are “in proportion”\ntheir relative sizes are the same.\nExample 2\n1-41 Copyright 2022 © Aerojet Aviation Training Academy\nFOR TRAINING PURPOSE ONLY\nIssue 1 – February 2022\nArithmetic\nWorksheet\n1. What fraction of the squares are red? 4. The ratio of black cars to coloured cars in the car park is\n3:7.\nWhat fraction of the cars in the car park are black?\n5. A coin is tossed several times and the ratio of heads to\ntails is 24:26.\nWhat fraction of the tosses are tails?"", ""question"": ""Find the correct conversion number (see Conversion Charts)"", ""options"": [""Multiply by that number So, the length conversion is “multiply by 0.6214”:"", ""3048 on the metre ruler."", ""What fraction of the squares are red? 4. The ratio of black cars to coloured cars in the car park is"", ""A coin is tossed several times and the ratio of heads to""], ""correct"": null, ""answer_text"": null, ""category"": null, ""source_file"": ""M1 learning Material(links) 2023-05-11 22_37_26.pdf"", ""source_module"": ""M1"", ""fmt"": ""pdf"", ""module"": ""M1"", ""syllabusRef"": ""M1.8.9"", ""level"": null, ""difficulty"": ""MEDIUM""}"
M1,M1.8.9,,Two angles of a triangle are 68( and 32(.  Therefore the third angle,63(,114(,80(,,C,MEDIUM,,,,DRAFT,"Matched from Module 1 Answers.txt (Test 1 Q7, score=0.88)",1,Module 1 Questions.doc,"{""raw"": ""7.   Two angles of a triangle are 68( and 32(.  Therefore the third angle \n      must be:\na) 63( \nb) 114(\nc) 80("", ""question"": ""Two angles of a triangle are 68( and 32(.  Therefore the third angle"", ""options"": [""63("", ""114("", ""80(""], ""correct"": null, ""answer_text"": null, ""category"": null, ""source_file"": ""Module 1 Questions.doc"", ""source_module"": ""M1"", ""fmt"": ""docx"", ""module"": ""M1"", ""syllabusRef"": ""M1.8.9"", ""level"": null, ""difficulty"": ""MEDIUM""}"
M1,M1.11.2,,1.   Which of the following formulae are correct for the triangle shown?,C2 = A2 + B2,B2 = C2 + A2,A2 = C2 + B2,,A,MEDIUM,,,,DRAFT,"Matched from Module 1 Answers.txt (Test 2 Q1, score=0.82)",1,Module 1 Questions.doc,"{""raw"": ""1.   Which of the following formulae are correct for the triangle shown?\na) C2 = A2 + B2\nb) B2 = C2 + A2\nc) A2 = C2 + B2"", ""question"": ""1.   Which of the following formulae are correct for the triangle shown?"", ""options"": [""C2 = A2 + B2"", ""B2 = C2 + A2"", ""A2 = C2 + B2""], ""correct"": null, ""answer_text"": null, ""category"": null, ""source_file"": ""Module 1 Questions.doc"", ""source_module"": ""M1"", ""fmt"": ""docx"", ""module"": ""M1"", ""syllabusRef"": ""M1.11.2"", ""level"": null, ""difficulty"": ""MEDIUM""}"
M1,,,If a wheel of radius R revolves,2p radians,p radians,2R2 radians,,A,EASY,,,,DRAFT,"Matched from Module 1 Answers.txt (Test 20 Q2, score=0.54)",1,Module 1 Questions.doc,"{""raw"": ""4.   If a wheel of radius R revolves \n a turn, how many radians does it \n      turn through?\na) 2p radians\nb) p radians \nc) 2R2 radians"", ""question"": ""If a wheel of radius R revolves"", ""options"": [""2p radians"", ""p radians"", ""2R2 radians""], ""correct"": null, ""answer_text"": null, ""category"": null, ""source_file"": ""Module 1 Questions.doc"", ""source_module"": ""M1"", ""fmt"": ""docx"", ""module"": ""M1"", ""difficulty"": ""EASY""}"
M1,M1.8.9,,Make L the subject of the formulae 2pfL = x,L = 2pf,L = 2pf,L =  x,,C,EASY,,,,DRAFT,"Matched from Module 1 Answers.txt (Test 5 Q1, score=0.79)",1,Module 1 Questions.doc,"{""raw"": ""1.   Make L the subject of the formulae 2pfL = x \na) L = 2pf \nb) L = 2pf\n                             x \nc) L =  x\n                          2pf"", ""question"": ""Make L the subject of the formulae 2pfL = x"", ""options"": [""L = 2pf"", ""L = 2pf"", ""L =  x""], ""correct"": null, ""answer_text"": null, ""category"": null, ""source_file"": ""Module 1 Questions.doc"", ""source_module"": ""M1"", ""fmt"": ""docx"", ""module"": ""M1"", ""syllabusRef"": ""M1.8.9"", ""level"": null, ""difficulty"": ""EASY""}"
M1,M1.8.9,,Find the lowest common denominator of 6; 7; 8,84,168,336,,B,EASY,,,,DRAFT,"Matched from Module 1 Answers.txt (Test 5 Q2, score=0.89)",1,Module 1 Questions.doc,"{""raw"": ""2.   Find the lowest common denominator of 6; 7; 8 \na) 84 \nb) 168 \nc) 336"", ""question"": ""Find the lowest common denominator of 6; 7; 8"", ""options"": [""84"", ""168"", ""336""], ""correct"": null, ""answer_text"": null, ""category"": null, ""source_file"": ""Module 1 Questions.doc"", ""source_module"": ""M1"", ""fmt"": ""docx"", ""module"": ""M1"", ""syllabusRef"": ""M1.8.9"", ""level"": null, ""difficulty"": ""EASY""}"
M1,,,67 divided by 127 is equal to,1/20,1/128,,,B,MEDIUM,,,,DRAFT,"Matched from Module 1 Answers.txt (Test 5 Q5, score=0.82)",1,Module 1 Questions.doc,"{""raw"": ""5.   67 divided by 127 is equal to\na) 1/20\nb) 1/128 \nc)"", ""question"": ""67 divided by 127 is equal to"", ""options"": [""1/20"", ""1/128""], ""correct"": null, ""answer_text"": null, ""category"": null, ""source_file"": ""Module 1 Questions.doc"", ""source_module"": ""M1"", ""fmt"": ""docx"", ""module"": ""M1"", ""difficulty"": ""MEDIUM""}"
M1,M1.11.2,,The formula for calculating the torque loading on a nut or bolt is,Force used x diameter of the bolt,Force used x lever length of the spanner,Lever length of the spanner x Threads per inch,,C,MEDIUM,,,,DRAFT,"Matched from Module 1 Answers.txt (Test 3 Q9, score=0.55)",1,Module 1 Questions.doc,"{""raw"": ""6.   The formula for calculating the torque loading on a nut or bolt is\na) Force used x diameter of the bolt \nb) Force used x lever length of the spanner \nc) Lever length of the spanner x Threads per inch"", ""question"": ""The formula for calculating the torque loading on a nut or bolt is"", ""options"": [""Force used x diameter of the bolt"", ""Force used x lever length of the spanner"", ""Lever length of the spanner x Threads per inch""], ""correct"": null, ""answer_text"": null, ""category"": null, ""source_file"": ""Module 1 Questions.doc"", ""source_module"": ""M1"", ""fmt"": ""docx"", ""module"": ""M1"", ""syllabusRef"": ""M1.11.2"", ""level"": null, ""difficulty"": ""MEDIUM""}"
M1,M1.8.9,,Calculate the height of an obtuse triangle whose base is X cm and the,Y x 2 x X,Y + X,Y x 2,,C,MEDIUM,,,,DRAFT,"Matched from Module 1 Answers.txt (Test 5 Q7, score=0.76)",1,Module 1 Questions.doc,"{""raw"": ""7.   Calculate the height of an obtuse triangle whose base is X cm and the \n      area is Y square cm.\na) Y x 2 x X \nb) Y + X\n                       2 \nc) Y x 2 \n                       X"", ""question"": ""Calculate the height of an obtuse triangle whose base is X cm and the"", ""options"": [""Y x 2 x X"", ""Y + X"", ""Y x 2""], ""correct"": null, ""answer_text"": null, ""category"": null, ""source_file"": ""Module 1 Questions.doc"", ""source_module"": ""M1"", ""fmt"": ""docx"", ""module"": ""M1"", ""syllabusRef"": ""M1.8.9"", ""level"": null, ""difficulty"": ""MEDIUM""}"
M1,M1.8.9,,8.   How is the area of a circle calculated?,r2 x 3.142,d2 x 3.142,2 x 3.142 x r,,A,EASY,,,,DRAFT,"Matched from Module 1 Answers.txt (Test 5 Q8, score=0.67)",1,Module 1 Questions.doc,"{""raw"": ""8.   How is the area of a circle calculated? \na) r2 x 3.142\nb) d2 x 3.142 \nc) 2 x 3.142 x r"", ""question"": ""8.   How is the area of a circle calculated?"", ""options"": [""r2 x 3.142"", ""d2 x 3.142"", ""2 x 3.142 x r""], ""correct"": null, ""answer_text"": null, ""category"": null, ""source_file"": ""Module 1 Questions.doc"", ""source_module"": ""M1"", ""fmt"": ""docx"", ""module"": ""M1"", ""syllabusRef"": ""M1.8.9"", ""level"": null, ""difficulty"": ""EASY""}"
M1,M1.8.9,,Solve the following,4   1/24,2   25/24,4   1/12,,B,EASY,,,,DRAFT,"Matched from Module 1 Answers.txt (Test 7 Q2, score=0.55)",1,Module 1 Questions.doc,"{""raw"": ""9.   Solve the following \n      9/4 + 5/12 + 1 3/8 = \na) 4   1/24 \nb) 2   25/24 \nc) 4   1/12"", ""question"": ""Solve the following"", ""options"": [""4   1/24"", ""2   25/24"", ""4   1/12""], ""correct"": null, ""answer_text"": null, ""category"": null, ""source_file"": ""Module 1 Questions.doc"", ""source_module"": ""M1"", ""fmt"": ""docx"", ""module"": ""M1"", ""syllabusRef"": ""M1.8.9"", ""level"": null, ""difficulty"": ""EASY""}"
M1,M1.9.5,,Express the fraction 7/ 8 as a decimal,0.875,0.785,0.878,,A,EASY,,,,DRAFT,"Matched from Module 1 Answers.txt (Test 6 Q1, score=0.80)",1,Module 1 Questions.doc,"{""raw"": ""1.   Express the fraction 7/ 8 as a decimal \na) 0.875 \nb) 0.785 \nc) 0.878"", ""question"": ""Express the fraction 7/ 8 as a decimal"", ""options"": [""0.875"", ""0.785"", ""0.878""], ""correct"": null, ""answer_text"": null, ""category"": null, ""source_file"": ""Module 1 Questions.doc"", ""source_module"": ""M1"", ""fmt"": ""docx"", ""module"": ""M1"", ""syllabusRef"": ""M1.9.5"", ""level"": null, ""difficulty"": ""EASY""}"
M1,,,Solve 0.75 X 0.003,0.225,0.0225,0.00225,,C,EASY,,,,DRAFT,"Matched from Module 1 Answers.txt (Test 6 Q2, score=0.63)",1,Module 1 Questions.doc,"{""raw"": ""2.   Solve 0.75 X 0.003 \na) 0.225 \nb) 0.0225 \nc) 0.00225"", ""question"": ""Solve 0.75 X 0.003"", ""options"": [""0.225"", ""0.0225"", ""0.00225""], ""correct"": null, ""answer_text"": null, ""category"": null, ""source_file"": ""Module 1 Questions.doc"", ""source_module"": ""M1"", ""fmt"": ""docx"", ""module"": ""M1"", ""difficulty"": ""EASY""}"
M1,,,Convert 162 knots to mph.,186 mph,176 mph,196 mph,,A,EASY,,,,DRAFT,"Matched from Module 1 Answers.txt (Test 6 Q3, score=0.67)",1,Module 1 Questions.doc,"{""raw"": ""3.   Convert 162 knots to mph.\na) 186 mph \nb) 176 mph \nc) 196 mph"", ""question"": ""Convert 162 knots to mph."", ""options"": [""186 mph"", ""176 mph"", ""196 mph""], ""correct"": null, ""answer_text"": null, ""category"": null, ""source_file"": ""Module 1 Questions.doc"", ""source_module"": ""M1"", ""fmt"": ""docx"", ""module"": ""M1"", ""difficulty"": ""EASY""}"
M1,,,what is their angular relationship?,51.50(,51.43(,52(,,B,EASY,"6.   A circular patch is held together by seven equally spaced rivets,",,,DRAFT,"Matched from Module 1 Answers.txt (Test 16 Q2, score=0.49)",1,Module 1 Questions.doc,"{""raw"": ""6.   A circular patch is held together by seven equally spaced rivets, \n      what is their angular relationship?\na) 51.50( \nb) 51.43( \nc) 52("", ""question"": ""what is their angular relationship?"", ""options"": [""51.50("", ""51.43("", ""52(""], ""correct"": null, ""answer_text"": null, ""category"": ""6.   A circular patch is held together by seven equally spaced rivets,"", ""source_file"": ""Module 1 Questions.doc"", ""source_module"": ""M1"", ""fmt"": ""docx"", ""module"": ""M1"", ""difficulty"": ""EASY""}"
M1,,,"Add together; 3/4, 5/16, 7/8 and 0.375",2 1/8,2,2 5/16,,C,EASY,,,,DRAFT,"Matched from Module 1 Answers.txt (Test 6 Q7, score=0.82)",1,Module 1 Questions.doc,"{""raw"": ""7.   Add together; 3/4, 5/16, 7/8 and 0.375\na) 2 1/8 \nb) 2 \nc) 2 5/16"", ""question"": ""Add together; 3/4, 5/16, 7/8 and 0.375"", ""options"": [""2 1/8"", ""2"", ""2 5/16""], ""correct"": null, ""answer_text"": null, ""category"": null, ""source_file"": ""Module 1 Questions.doc"", ""source_module"": ""M1"", ""fmt"": ""docx"", ""module"": ""M1"", ""difficulty"": ""EASY""}"
M1,M1.8.9,,"To convert pounds of fuel into kilograms, it is necessary to",Multiply by 4536,Multiply by 0.4536,Divide by 0.4536,,B,MEDIUM,,,,DRAFT,"Matched from Module 1 Answers.txt (Test 6 Q10, score=0.64)",1,Module 1 Questions.doc,"{""raw"": ""10.   To convert pounds of fuel into kilograms, it is necessary to \na) Multiply by 4536\nb) Multiply by 0.4536 \nc) Divide by 0.4536 \nModule 1 \nMathematics \nPractice Exam 7"", ""question"": ""To convert pounds of fuel into kilograms, it is necessary to"", ""options"": [""Multiply by 4536"", ""Multiply by 0.4536"", ""Divide by 0.4536""], ""correct"": null, ""answer_text"": null, ""category"": null, ""source_file"": ""Module 1 Questions.doc"", ""source_module"": ""M1"", ""fmt"": ""docx"", ""module"": ""M1"", ""syllabusRef"": ""M1.8.9"", ""level"": null, ""difficulty"": ""MEDIUM""}"
M1,M1.8.9,,"If resin to hardener is used in the ratio of 1000:45, how much",47 grams,2.7 grams,145 grams,,B,MEDIUM,,,,DRAFT,"Matched from Module 1 Answers.txt (Test 7 Q1, score=0.64)",1,Module 1 Questions.doc,"{""raw"": ""1.   If resin to hardener is used in the ratio of 1000:45, how much \n      hardener is used with 60 grams of resin \na) 47 grams \nb) 2.7 grams \nc) 145 grams"", ""question"": ""If resin to hardener is used in the ratio of 1000:45, how much"", ""options"": [""47 grams"", ""2.7 grams"", ""145 grams""], ""correct"": null, ""answer_text"": null, ""category"": null, ""source_file"": ""Module 1 Questions.doc"", ""source_module"": ""M1"", ""fmt"": ""docx"", ""module"": ""M1"", ""syllabusRef"": ""M1.8.9"", ""level"": null, ""difficulty"": ""MEDIUM""}"
M1,M1.8.9,,Solve the following:     11/16 + 5/8,55/128,1 5/16,1 1/10,,B,EASY,,,,DRAFT,"Matched from Module 1 Answers.txt (Test 7 Q2, score=0.73)",1,Module 1 Questions.doc,"{""raw"": ""2.   Solve the following:     11/16 + 5/8 \na) 55/128 \nb) 1 5/16 \nc) 1 1/10"", ""question"": ""Solve the following:     11/16 + 5/8"", ""options"": [""55/128"", ""1 5/16"", ""1 1/10""], ""correct"": null, ""answer_text"": null, ""category"": null, ""source_file"": ""Module 1 Questions.doc"", ""source_module"": ""M1"", ""fmt"": ""docx"", ""module"": ""M1"", ""syllabusRef"": ""M1.8.9"", ""level"": null, ""difficulty"": ""EASY""}"
M1,,,6 mm is equal to,0.625,0.375,0.236,,C,EASY,,,,DRAFT,"Matched from Module 1 Answers.txt (Test 7 Q3, score=0.64)",1,Module 1 Questions.doc,"{""raw"": ""3.   6 mm is equal to\na) 0.625\nb) 0.375\nc) 0.236"", ""question"": ""6 mm is equal to"", ""options"": [""0.625"", ""0.375"", ""0.236""], ""correct"": null, ""answer_text"": null, ""category"": null, ""source_file"": ""Module 1 Questions.doc"", ""source_module"": ""M1"", ""fmt"": ""docx"", ""module"": ""M1"", ""difficulty"": ""EASY""}"
M1,,,Weight is equal to,Volume x gravity,Mass x acceleration,Mass x gravity,,B,EASY,,,,DRAFT,"Matched from Module 1 Answers.txt (Test 16 Q2, score=0.49)",1,Module 1 Questions.doc,"{""raw"": ""5.   Weight is equal to\na) Volume x gravity\nb) Mass x acceleration \nc) Mass x gravity"", ""question"": ""Weight is equal to"", ""options"": [""Volume x gravity"", ""Mass x acceleration"", ""Mass x gravity""], ""correct"": null, ""answer_text"": null, ""category"": null, ""source_file"": ""Module 1 Questions.doc"", ""source_module"": ""M1"", ""fmt"": ""docx"", ""module"": ""M1"", ""difficulty"": ""EASY""}"
M1,,,8 + 4[5 x 2 (5,Eighty Eight,Forty Eight,Twelve,,B,EASY,,,,DRAFT,"Matched from Module 1 Answers.txt (Test 15 Q8, score=0.53)",1,Module 1 Questions.doc,"{""raw"": ""6.   8 + 4[5 x 2 (5 \n 9/3)]\na) Eighty Eight \nb) Forty Eight \nc) Twelve"", ""question"": ""8 + 4[5 x 2 (5"", ""options"": [""Eighty Eight"", ""Forty Eight"", ""Twelve""], ""correct"": null, ""answer_text"": null, ""category"": null, ""source_file"": ""Module 1 Questions.doc"", ""source_module"": ""M1"", ""fmt"": ""docx"", ""module"": ""M1"", ""difficulty"": ""EASY""}"
M1,,,If y / x = 4 and y = 5 then x =,20,1,4 / 5,,B,EASY,,,,DRAFT,"Matched from Module 1 Answers.txt (Test 8 Q3, score=0.84)",1,Module 1 Questions.doc,"{""raw"": ""3.   If y / x = 4 and y = 5 then x = \na) 20 \nb) 1 \nc) 4 / 5"", ""question"": ""If y / x = 4 and y = 5 then x ="", ""options"": [""20"", ""1"", ""4 / 5""], ""correct"": null, ""answer_text"": null, ""category"": null, ""source_file"": ""Module 1 Questions.doc"", ""source_module"": ""M1"", ""fmt"": ""docx"", ""module"": ""M1"", ""difficulty"": ""EASY""}"
M1,M1.8.9,,V = (a + b) r2        Find a,V,(V,/ r2,V / r2,C,MEDIUM,,,,DRAFT,"Matched from Module 1 Answers.txt (Test 8 Q4, score=0.59)",1,Module 1 Questions.doc,"{""raw"": ""4.   V = (a + b) r2        Find a\na) V \n r2 \n b \nb) (V \n b )/ r2 \nc) V / r2 \n b"", ""question"": ""V = (a + b) r2        Find a"", ""options"": [""V"", ""(V"", ""/ r2"", ""V / r2""], ""correct"": null, ""answer_text"": null, ""category"": null, ""source_file"": ""Module 1 Questions.doc"", ""source_module"": ""M1"", ""fmt"": ""docx"", ""module"": ""M1"", ""syllabusRef"": ""M1.8.9"", ""level"": null, ""difficulty"": ""MEDIUM""}"
M1,,,A quadrilateral with only two parallel sides is a,Trapezoid,Trapezium,Rhombus,,A,EASY,,,,DRAFT,"Matched from Module 1 Answers.txt (Test 8 Q5, score=0.78)",1,Module 1 Questions.doc,"{""raw"": ""5.   A quadrilateral with only two parallel sides is a\na) Trapezoid\nb) Trapezium \nc) Rhombus"", ""question"": ""A quadrilateral with only two parallel sides is a"", ""options"": [""Trapezoid"", ""Trapezium"", ""Rhombus""], ""correct"": null, ""answer_text"": null, ""category"": null, ""source_file"": ""Module 1 Questions.doc"", ""source_module"": ""M1"", ""fmt"": ""docx"", ""module"": ""M1"", ""difficulty"": ""EASY""}"
M1,,,"7.   A cylinder has a diameter of 20 cm and a length of 20 cm, what is its volume?",400cm3,1240cm3,6200cm3,,C,MEDIUM,,,,DRAFT,"Matched from Module 1 Answers.txt (Test 8 Q7, score=0.86)",1,Module 1 Questions.doc,"{""raw"": ""7.   A cylinder has a diameter of 20 cm and a length of 20 cm, what is its volume?\na) 400cm3 \nb) 1240cm3 \nc) 6200cm3"", ""question"": ""7.   A cylinder has a diameter of 20 cm and a length of 20 cm, what is its volume?"", ""options"": [""400cm3"", ""1240cm3"", ""6200cm3""], ""correct"": null, ""answer_text"": null, ""category"": null, ""source_file"": ""Module 1 Questions.doc"", ""source_module"": ""M1"", ""fmt"": ""docx"", ""module"": ""M1"", ""difficulty"": ""MEDIUM""}"
M1,M1.8.9,,Make m the subject of the formula     y = mx + c,y - c,y - x,y - c,,B,EASY,,,,DRAFT,"Matched from Module 1 Answers.txt (Test 9 Q1, score=0.82)",1,Module 1 Questions.doc,"{""raw"": ""9.   Make m the subject of the formula     y = mx + c \na) y - c\n       x \nb) y - x\n       c \nc) y - c\n                       x"", ""question"": ""Make m the subject of the formula     y = mx + c"", ""options"": [""y - c"", ""y - x"", ""y - c""], ""correct"": null, ""answer_text"": null, ""category"": null, ""source_file"": ""Module 1 Questions.doc"", ""source_module"": ""M1"", ""fmt"": ""docx"", ""module"": ""M1"", ""syllabusRef"": ""M1.8.9"", ""level"": null, ""difficulty"": ""EASY""}"
M1,M1.8.9,,2.   What is the formula for calculating the curved area of a cone?,p x radius2 x height,p x radius x height,2/3 x p x radius x height,,B,MEDIUM,,,,DRAFT,"Matched from Module 1 Answers.txt (Test 9 Q2, score=0.64)",1,Module 1 Questions.doc,"{""raw"": ""2.   What is the formula for calculating the curved area of a cone? \na) p x radius2 x height \nb) p x radius x height \nc) 2/3 x p x radius x height"", ""question"": ""2.   What is the formula for calculating the curved area of a cone?"", ""options"": [""p x radius2 x height"", ""p x radius x height"", ""2/3 x p x radius x height""], ""correct"": null, ""answer_text"": null, ""category"": null, ""source_file"": ""Module 1 Questions.doc"", ""source_module"": ""M1"", ""fmt"": ""docx"", ""module"": ""M1"", ""syllabusRef"": ""M1.8.9"", ""level"": null, ""difficulty"": ""MEDIUM""}"
M1,,,A triangle with equal angles is called,isosceles,equilateral,right-angled,,B,EASY,,,,DRAFT,"Matched from Module 1 Answers.txt (Test 9 Q3, score=0.68)",1,Module 1 Questions.doc,"{""raw"": ""3.   A triangle with equal angles is called\na) isosceles \nb) equilateral \nc) right-angled"", ""question"": ""A triangle with equal angles is called"", ""options"": [""isosceles"", ""equilateral"", ""right-angled""], ""correct"": null, ""answer_text"": null, ""category"": null, ""source_file"": ""Module 1 Questions.doc"", ""source_module"": ""M1"", ""fmt"": ""docx"", ""module"": ""M1"", ""difficulty"": ""EASY""}"
M1,M1.8.9,,"Two gears are in mesh, one is larger than the other, the smaller gear rotates",at the same speed,at a lower speed,at a faster speed,,C,MEDIUM,,,,DRAFT,"Matched from Module 1 Answers.txt (Test 9 Q4, score=0.74)",1,Module 1 Questions.doc,"{""raw"": ""4.   Two gears are in mesh, one is larger than the other, the smaller gear rotates\na) at the same speed \nb) at a lower speed \nc) at a faster speed"", ""question"": ""Two gears are in mesh, one is larger than the other, the smaller gear rotates"", ""options"": [""at the same speed"", ""at a lower speed"", ""at a faster speed""], ""correct"": null, ""answer_text"": null, ""category"": null, ""source_file"": ""Module 1 Questions.doc"", ""source_module"": ""M1"", ""fmt"": ""docx"", ""module"": ""M1"", ""syllabusRef"": ""M1.8.9"", ""level"": null, ""difficulty"": ""MEDIUM""}"
M1,,,Calculate 10 x 23 + 10 x 25,"32,008,000",520,400,,C,EASY,,,,DRAFT,"Matched from Module 1 Answers.txt (Test 9 Q5, score=0.72)",1,Module 1 Questions.doc,"{""raw"": ""5.   Calculate 10 x 23 + 10 x 25\na) 32,008,000\nb) 520 \nc) 400"", ""question"": ""Calculate 10 x 23 + 10 x 25"", ""options"": [""32,008,000"", ""520"", ""400""], ""correct"": null, ""answer_text"": null, ""category"": null, ""source_file"": ""Module 1 Questions.doc"", ""source_module"": ""M1"", ""fmt"": ""docx"", ""module"": ""M1"", ""difficulty"": ""EASY""}"
M1,M1.8.9,,"In a right angle triangle, the sine of an angle is",opposite divided by hypotenuse,adjacent divided by hypotenuse,opposite divided by adjacent,,A,MEDIUM,,,,DRAFT,"Matched from Module 1 Answers.txt (Test 9 Q6, score=0.52)",1,Module 1 Questions.doc,"{""raw"": ""6.   In a right angle triangle, the sine of an angle is\na) opposite divided by hypotenuse \nb) adjacent divided by hypotenuse \nc) opposite divided by adjacent"", ""question"": ""In a right angle triangle, the sine of an angle is"", ""options"": [""opposite divided by hypotenuse"", ""adjacent divided by hypotenuse"", ""opposite divided by adjacent""], ""correct"": null, ""answer_text"": null, ""category"": null, ""source_file"": ""Module 1 Questions.doc"", ""source_module"": ""M1"", ""fmt"": ""docx"", ""module"": ""M1"", ""syllabusRef"": ""M1.8.9"", ""level"": null, ""difficulty"": ""MEDIUM""}"
M1,M1.8.9,,Octal is to the base of,2,16,8,,C,EASY,,,,DRAFT,"Matched from Module 1 Answers.txt (Test 9 Q9, score=0.87)",1,Module 1 Questions.doc,"{""raw"": ""9.   Octal is to the base of \na) 2 \nb) 16 \nc) 8"", ""question"": ""Octal is to the base of"", ""options"": [""2"", ""16"", ""8""], ""correct"": null, ""answer_text"": null, ""category"": null, ""source_file"": ""Module 1 Questions.doc"", ""source_module"": ""M1"", ""fmt"": ""docx"", ""module"": ""M1"", ""syllabusRef"": ""M1.8.9"", ""level"": null, ""difficulty"": ""EASY""}"
M1,,,One radian is equal to,57.5(,90(,75(,,A,EASY,,,,DRAFT,"Matched from Module 1 Answers.txt (Test 9 Q10, score=0.66)",1,Module 1 Questions.doc,"{""raw"": ""10.   One radian is equal to \na) 57.5(\nb) 90(\nc) 75( \nModule 1 \nMathematics \nPractice Exam 10"", ""question"": ""One radian is equal to"", ""options"": [""57.5("", ""90("", ""75(""], ""correct"": null, ""answer_text"": null, ""category"": null, ""source_file"": ""Module 1 Questions.doc"", ""source_module"": ""M1"", ""fmt"": ""docx"", ""module"": ""M1"", ""difficulty"": ""EASY""}"
M1,M1.8.9,,"The surface area of a cylinder of diameter 10 cm and height 10cm, is",100p,50p,80p,,A,MEDIUM,,,,DRAFT,"Matched from Module 1 Answers.txt (Test 10 Q1, score=0.91)",1,Module 1 Questions.doc,"{""raw"": ""1.   The surface area of a cylinder of diameter 10 cm and height 10cm, is \na) 100p \nb) 50p \nc) 80p"", ""question"": ""The surface area of a cylinder of diameter 10 cm and height 10cm, is"", ""options"": [""100p"", ""50p"", ""80p""], ""correct"": null, ""answer_text"": null, ""category"": null, ""source_file"": ""Module 1 Questions.doc"", ""source_module"": ""M1"", ""fmt"": ""docx"", ""module"": ""M1"", ""syllabusRef"": ""M1.8.9"", ""level"": null, ""difficulty"": ""MEDIUM""}"
M1,M1.8.9,,2.   A parallelogram has a base 120cm and height 11 cm. What is the area?,1.32 m2,0.132 m2,0.0132 m2,,B,MEDIUM,,,,DRAFT,"Matched from Module 1 Answers.txt (Test 10 Q2, score=0.82)",1,Module 1 Questions.doc,"{""raw"": ""2.   A parallelogram has a base 120cm and height 11 cm. What is the area? \na) 1.32 m2 \nb) 0.132 m2 \nc) 0.0132 m2"", ""question"": ""2.   A parallelogram has a base 120cm and height 11 cm. What is the area?"", ""options"": [""1.32 m2"", ""0.132 m2"", ""0.0132 m2""], ""correct"": null, ""answer_text"": null, ""category"": null, ""source_file"": ""Module 1 Questions.doc"", ""source_module"": ""M1"", ""fmt"": ""docx"", ""module"": ""M1"", ""syllabusRef"": ""M1.8.9"", ""level"": null, ""difficulty"": ""MEDIUM""}"
M1,M1.11.2,,The name given to this shape is,Parallelogram,Trapezoid,Rhombus,,A,EASY,,,,DRAFT,"Matched from Module 1 Answers.txt (Test 10 Q3, score=0.66)",1,Module 1 Questions.doc,"{""raw"": ""3.   The name given to this shape is\na) Parallelogram \nb) Trapezoid \nc) Rhombus"", ""question"": ""The name given to this shape is"", ""options"": [""Parallelogram"", ""Trapezoid"", ""Rhombus""], ""correct"": null, ""answer_text"": null, ""category"": null, ""source_file"": ""Module 1 Questions.doc"", ""source_module"": ""M1"", ""fmt"": ""docx"", ""module"": ""M1"", ""syllabusRef"": ""M1.11.2"", ""level"": null, ""difficulty"": ""EASY""}"
M1,M1.11.2,,The area of this shape is calculated by,Base x Height,,Perimeter squared,,A,EASY,,,,DRAFT,"Matched from Module 1 Answers.txt (Test 10 Q4, score=0.63)",1,Module 1 Questions.doc,"{""raw"": ""4.   The area of this shape is calculated by\na) Base x Height \nb) \n Base x Height \nc) Perimeter squared"", ""question"": ""The area of this shape is calculated by"", ""options"": [""Base x Height"", """", ""Perimeter squared""], ""correct"": null, ""answer_text"": null, ""category"": null, ""source_file"": ""Module 1 Questions.doc"", ""source_module"": ""M1"", ""fmt"": ""docx"", ""module"": ""M1"", ""syllabusRef"": ""M1.11.2"", ""level"": null, ""difficulty"": ""EASY""}"
M1,M1.8.9,,"Two gears are in mesh, one has twice the number of teeth as the other",the gear with fewer teeth rotates slower than the other,the gear with fewer teeth rotates faster than the other,the two gears rotate at the same speed,,B,MEDIUM,,,,DRAFT,"Matched from Module 1 Answers.txt (Test 10 Q8, score=0.47)",1,Module 1 Questions.doc,"{""raw"": ""8.   Two gears are in mesh, one has twice the number of teeth as the other \na) the gear with fewer teeth rotates slower than the other \nb) the gear with fewer teeth rotates faster than the other \nc) the two gears rotate at the same speed"", ""question"": ""Two gears are in mesh, one has twice the number of teeth as the other"", ""options"": [""the gear with fewer teeth rotates slower than the other"", ""the gear with fewer teeth rotates faster than the other"", ""the two gears rotate at the same speed""], ""correct"": null, ""answer_text"": null, ""category"": null, ""source_file"": ""Module 1 Questions.doc"", ""source_module"": ""M1"", ""fmt"": ""docx"", ""module"": ""M1"", ""syllabusRef"": ""M1.8.9"", ""level"": null, ""difficulty"": ""MEDIUM""}"
M1,M1.8.9,,The area of the curved surface area of a cone is,1/3(r2h,(r2h,(rl,,C,EASY,,,,DRAFT,"Matched from Module 1 Answers.txt (Test 10 Q9, score=0.59)",1,Module 1 Questions.doc,"{""raw"": ""9.   The area of the curved surface area of a cone is\n      (where r = radius; h = vertical height and l = slant height) \na) 1/3(r2h \nb) (r2h \nc) (rl"", ""question"": ""The area of the curved surface area of a cone is"", ""options"": [""1/3(r2h"", ""(r2h"", ""(rl""], ""correct"": null, ""answer_text"": null, ""category"": null, ""source_file"": ""Module 1 Questions.doc"", ""source_module"": ""M1"", ""fmt"": ""docx"", ""module"": ""M1"", ""syllabusRef"": ""M1.8.9"", ""level"": null, ""difficulty"": ""EASY""}"
M1,M1.8.9,,10.   What is the area of a cuboid?,height x length x width,height x,,,B,MEDIUM,,,,DRAFT,"Matched from Module 1 Answers.txt (Test 16 Q2, score=0.61)",1,Module 1 Questions.doc,"{""raw"": ""10.   What is the area of a cuboid? \na) height x length x width\nb) height x \n base x height \nc) height x \n base x length \nModule 1 \nMathematics \nPractice Exam 11"", ""question"": ""10.   What is the area of a cuboid?"", ""options"": [""height x length x width"", ""height x""], ""correct"": null, ""answer_text"": null, ""category"": null, ""source_file"": ""Module 1 Questions.doc"", ""source_module"": ""M1"", ""fmt"": ""docx"", ""module"": ""M1"", ""syllabusRef"": ""M1.8.9"", ""level"": null, ""difficulty"": ""MEDIUM""}"
M1,,,Locus points plotted equidistant from a central points represent,diameter,radius,circumference,,C,MEDIUM,,,,DRAFT,"Matched from Module 1 Answers.txt (Test 11 Q4, score=0.81)",1,Module 1 Questions.doc,"{""raw"": ""4.   Locus points plotted equidistant from a central points represent\na) diameter \nb) radius \nc) circumference"", ""question"": ""Locus points plotted equidistant from a central points represent"", ""options"": [""diameter"", ""radius"", ""circumference""], ""correct"": null, ""answer_text"": null, ""category"": null, ""source_file"": ""Module 1 Questions.doc"", ""source_module"": ""M1"", ""fmt"": ""docx"", ""module"": ""M1"", ""difficulty"": ""MEDIUM""}"
M1,,,A circle contains,4p radians,2p radians,2pr radians,,B,EASY,,,,DRAFT,"Matched from Module 1 Answers.txt (Test 11 Q5, score=0.50)",1,Module 1 Questions.doc,"{""raw"": ""5.   A circle contains\na) 4p radians\nb) 2p radians \nc) 2pr radians"", ""question"": ""A circle contains"", ""options"": [""4p radians"", ""2p radians"", ""2pr radians""], ""correct"": null, ""answer_text"": null, ""category"": null, ""source_file"": ""Module 1 Questions.doc"", ""source_module"": ""M1"", ""fmt"": ""docx"", ""module"": ""M1"", ""difficulty"": ""EASY""}"
M1,M1.11.2,,An oblique pyramid is one which has its axis,not perpendicular to its base,perpendicular to its base,parallel to its base,,A,EASY,,,,DRAFT,"Matched from Module 1 Answers.txt (Test 11 Q7, score=0.53)",1,Module 1 Questions.doc,"{""raw"": ""7.   An oblique pyramid is one which has its axis\na) not perpendicular to its base \nb) perpendicular to its base \nc) parallel to its base"", ""question"": ""An oblique pyramid is one which has its axis"", ""options"": [""not perpendicular to its base"", ""perpendicular to its base"", ""parallel to its base""], ""correct"": null, ""answer_text"": null, ""category"": null, ""source_file"": ""Module 1 Questions.doc"", ""source_module"": ""M1"", ""fmt"": ""docx"", ""module"": ""M1"", ""syllabusRef"": ""M1.11.2"", ""level"": null, ""difficulty"": ""EASY""}"
M1,M1.8.9,,"An input gear has 20 teeth and the output gear has 120 teeth.  If the input gear rotates 360 degrees, the output             gear will rotate",90 degrees,45 degrees,60 degrees,,C,MEDIUM,,,,DRAFT,"Matched from Module 1 Answers.txt (Test 11 Q8, score=0.88)",1,Module 1 Questions.doc,"{""raw"": ""8.   An input gear has 20 teeth and the output gear has 120 teeth.  If the input gear rotates 360 degrees, the output             gear will rotate \na) 90 degrees\nb) 45 degrees \nc) 60 degrees"", ""question"": ""An input gear has 20 teeth and the output gear has 120 teeth.  If the input gear rotates 360 degrees, the output             gear will rotate"", ""options"": [""90 degrees"", ""45 degrees"", ""60 degrees""], ""correct"": null, ""answer_text"": null, ""category"": null, ""source_file"": ""Module 1 Questions.doc"", ""source_module"": ""M1"", ""fmt"": ""docx"", ""module"": ""M1"", ""syllabusRef"": ""M1.8.9"", ""level"": null, ""difficulty"": ""MEDIUM""}"
M1,M1.8.9,,A line from the centre of a circle is called,its segment,diameter,radius,,C,EASY,,,,DRAFT,"Matched from Module 1 Answers.txt (Test 11 Q9, score=0.76)",1,Module 1 Questions.doc,"{""raw"": ""9.   A line from the centre of a circle is called \na) its segment \nb) diameter \nc) radius"", ""question"": ""A line from the centre of a circle is called"", ""options"": [""its segment"", ""diameter"", ""radius""], ""correct"": null, ""answer_text"": null, ""category"": null, ""source_file"": ""Module 1 Questions.doc"", ""source_module"": ""M1"", ""fmt"": ""docx"", ""module"": ""M1"", ""syllabusRef"": ""M1.8.9"", ""level"": null, ""difficulty"": ""EASY""}"
M1,,,Four percent of 0.01 is,0.04,0.004,0.0004,,C,EASY,,,,DRAFT,"Matched from Module 1 Answers.txt (Test 11 Q10, score=0.61)",1,Module 1 Questions.doc,"{""raw"": ""10.   Four percent of 0.01 is \na) 0.04\nb) 0.004 \nc) 0.0004 \nModule 1 \nMathematics \nPractice Exam 12"", ""question"": ""Four percent of 0.01 is"", ""options"": [""0.04"", ""0.004"", ""0.0004""], ""correct"": null, ""answer_text"": null, ""category"": null, ""source_file"": ""Module 1 Questions.doc"", ""source_module"": ""M1"", ""fmt"": ""docx"", ""module"": ""M1"", ""difficulty"": ""EASY""}"
M1,,,(x - 3)(x + 5) =,x2 - 15,x2 + 2x - 15,x2 + 2x,,A,EASY,,,,DRAFT,"Matched from Module 1 Answers.txt (Test 8 Q2, score=0.58)",1,Module 1 Questions.doc,"{""raw"": ""1.   (x - 3)(x + 5) =\na) x2 - 15 \nb) x2 + 2x - 15 \nc) x2 + 2x"", ""question"": ""(x - 3)(x + 5) ="", ""options"": [""x2 - 15"", ""x2 + 2x - 15"", ""x2 + 2x""], ""correct"": null, ""answer_text"": null, ""category"": null, ""source_file"": ""Module 1 Questions.doc"", ""source_module"": ""M1"", ""fmt"": ""docx"", ""module"": ""M1"", ""difficulty"": ""EASY""}"
M1,M1.11.2,,"Give the names of a triangle, which has two sides equal in length and two equal angles.",Equilateral,Isosceles,Obtuse,,B,MEDIUM,,,,DRAFT,"Matched from Module 1 Answers.txt (Test 12 Q4, score=0.85)",1,Module 1 Questions.doc,"{""raw"": ""4.   Give the names of a triangle, which has two sides equal in length and two equal angles.\na) Equilateral\nb) Isosceles\nc) Obtuse"", ""question"": ""Give the names of a triangle, which has two sides equal in length and two equal angles."", ""options"": [""Equilateral"", ""Isosceles"", ""Obtuse""], ""correct"": null, ""answer_text"": null, ""category"": null, ""source_file"": ""Module 1 Questions.doc"", ""source_module"": ""M1"", ""fmt"": ""docx"", ""module"": ""M1"", ""syllabusRef"": ""M1.11.2"", ""level"": null, ""difficulty"": ""MEDIUM""}"
M1,,,"17 degrees 49 minutes and 10 seconds added to 22 degrees 22 minutes and 59 seconds, equal",40 degrees 11 minutes and 69 seconds,39 degrees 11 minutes and 9 seconds,40 degrees 12 minutes and 9 seconds,,C,MEDIUM,,,,DRAFT,"Matched from Module 1 Answers.txt (Test 12 Q5, score=0.62)",1,Module 1 Questions.doc,"{""raw"": ""5.   17 degrees 49 minutes and 10 seconds added to 22 degrees 22 minutes and 59 seconds, equal\na) 40 degrees 11 minutes and 69 seconds\nb) 39 degrees 11 minutes and 9 seconds \nc) 40 degrees 12 minutes and 9 seconds"", ""question"": ""17 degrees 49 minutes and 10 seconds added to 22 degrees 22 minutes and 59 seconds, equal"", ""options"": [""40 degrees 11 minutes and 69 seconds"", ""39 degrees 11 minutes and 9 seconds"", ""40 degrees 12 minutes and 9 seconds""], ""correct"": null, ""answer_text"": null, ""category"": null, ""source_file"": ""Module 1 Questions.doc"", ""source_module"": ""M1"", ""fmt"": ""docx"", ""module"": ""M1"", ""difficulty"": ""MEDIUM""}"
M1,M1.8.9,,"In an equilateral triangle, all of the angles are equal to",p divided by 3,p divided by 2,p divided by 4,,A,MEDIUM,,,,DRAFT,"Matched from Module 1 Answers.txt (Test 12 Q7, score=0.72)",1,Module 1 Questions.doc,"{""raw"": ""7.   In an equilateral triangle, all of the angles are equal to\na) p divided by 3 \nb) p divided by 2\nc) p divided by 4"", ""question"": ""In an equilateral triangle, all of the angles are equal to"", ""options"": [""p divided by 3"", ""p divided by 2"", ""p divided by 4""], ""correct"": null, ""answer_text"": null, ""category"": null, ""source_file"": ""Module 1 Questions.doc"", ""source_module"": ""M1"", ""fmt"": ""docx"", ""module"": ""M1"", ""syllabusRef"": ""M1.8.9"", ""level"": null, ""difficulty"": ""MEDIUM""}"
M1,,,8.   What is an obtuse angle?,"one greater than 90(, but less than 180(",one less than 90(,one greater than 180(,,B,EASY,,,,DRAFT,"Matched from Module 1 Answers.txt (Test 18 Q1, score=0.52)",1,Module 1 Questions.doc,"{""raw"": ""8.   What is an obtuse angle? \na) one greater than 90(, but less than 180(\nb) one less than 90(\nc) one greater than 180("", ""question"": ""8.   What is an obtuse angle?"", ""options"": [""one greater than 90(, but less than 180("", ""one less than 90("", ""one greater than 180(""], ""correct"": null, ""answer_text"": null, ""category"": null, ""source_file"": ""Module 1 Questions.doc"", ""source_module"": ""M1"", ""fmt"": ""docx"", ""module"": ""M1"", ""difficulty"": ""EASY""}"
M1,,,What is tan,+ve infinity,0,,,B,EASY,,,,DRAFT,"Matched from Module 1 Answers.txt (Test 18 Q1, score=0.56)",1,Module 1 Questions.doc,"{""raw"": ""9.   What is tan \n when \n = 90o \na) +ve infinity \nb) 0 \nc) \nve infinity"", ""question"": ""What is tan"", ""options"": [""+ve infinity"", ""0"", """"], ""correct"": null, ""answer_text"": null, ""category"": null, ""source_file"": ""Module 1 Questions.doc"", ""source_module"": ""M1"", ""fmt"": ""docx"", ""module"": ""M1"", ""difficulty"": ""EASY""}"
M1,,,2x2z2 (2x2 -  22)=,2x2z2 -  22,4x2z2 -  44x2z2,4x4z2 -  44x2z2,,B,EASY,,,,DRAFT,"Matched from Module 1 Answers.txt (Test 12 Q1, score=0.45)",1,Module 1 Questions.doc,"{""raw"": ""10.   2x2z2 (2x2 -  22)= \na) 2x2z2 -  22\nb) 4x2z2 -  44x2z2 \nc) 4x4z2 -  44x2z2 \nModule 1 \nMathematics \nPractice Exam 13"", ""question"": ""2x2z2 (2x2 -  22)="", ""options"": [""2x2z2 -  22"", ""4x2z2 -  44x2z2"", ""4x4z2 -  44x2z2""], ""correct"": null, ""answer_text"": null, ""category"": null, ""source_file"": ""Module 1 Questions.doc"", ""source_module"": ""M1"", ""fmt"": ""docx"", ""module"": ""M1"", ""difficulty"": ""EASY""}"
M1,,,In    21 = 43,43,43 + 21,21 - 43,,B,EASY,,,,DRAFT,Found in Suntech corpus,1,Module 1 Questions.doc,"{""raw"": ""1.   In    21 = 43 \n X,        X is equal to \na) 43 \n 21\nb) 43 + 21\nc) 21 - 43"", ""question"": ""In    21 = 43"", ""options"": [""43"", ""43 + 21"", ""21 - 43""], ""correct"": null, ""answer_text"": null, ""category"": null, ""source_file"": ""Module 1 Questions.doc"", ""source_module"": ""M1"", ""fmt"": ""docx"", ""module"": ""M1"", ""difficulty"": ""EASY""}"
M1,M1.8.9,,The comparison of the power input to the power output of an inverter is expressed as a,ratio,loss,gain,,A,MEDIUM,,,,DRAFT,"Matched from Module 1 Answers.txt (Test 13 Q2, score=0.91)",1,Module 1 Questions.doc,"{""raw"": ""2.   The comparison of the power input to the power output of an inverter is expressed as a \na) ratio\nb) loss\nc) gain"", ""question"": ""The comparison of the power input to the power output of an inverter is expressed as a"", ""options"": [""ratio"", ""loss"", ""gain""], ""correct"": null, ""answer_text"": null, ""category"": null, ""source_file"": ""Module 1 Questions.doc"", ""source_module"": ""M1"", ""fmt"": ""docx"", ""module"": ""M1"", ""syllabusRef"": ""M1.8.9"", ""level"": null, ""difficulty"": ""MEDIUM""}"
M1,,,200 kilo volts can be expressed as,2 x 103 volts,2 x 10-4 volts,2 x 105 volts,,C,EASY,,,,DRAFT,"Matched from Module 1 Answers.txt (Test 13 Q4, score=0.61)",1,Module 1 Questions.doc,"{""raw"": ""4.   200 kilo volts can be expressed as\na) 2 x 103 volts\nb) 2 x 10-4 volts\nc) 2 x 105 volts"", ""question"": ""200 kilo volts can be expressed as"", ""options"": [""2 x 103 volts"", ""2 x 10-4 volts"", ""2 x 105 volts""], ""correct"": null, ""answer_text"": null, ""category"": null, ""source_file"": ""Module 1 Questions.doc"", ""source_module"": ""M1"", ""fmt"": ""docx"", ""module"": ""M1"", ""difficulty"": ""EASY""}"
M1,M1.8.9,,How many times does the X axis get crossed when y = x2,1,2,3,,B,MEDIUM,,,,DRAFT,"Matched from Module 1 Answers.txt (Test 13 Q8, score=0.93)",1,Module 1 Questions.doc,"{""raw"": ""8.   How many times does the X axis get crossed when y = x2 \n 3 \na) 1\nb) 2\nc) 3"", ""question"": ""How many times does the X axis get crossed when y = x2"", ""options"": [""1"", ""2"", ""3""], ""correct"": null, ""answer_text"": null, ""category"": null, ""source_file"": ""Module 1 Questions.doc"", ""source_module"": ""M1"", ""fmt"": ""docx"", ""module"": ""M1"", ""syllabusRef"": ""M1.8.9"", ""level"": null, ""difficulty"": ""MEDIUM""}"
M1,,,A congruent triangle has,same size different shape,same shape different size,same shape and size,,C,EASY,,,,NEEDS_ANSWER,Found in Suntech corpus (score=3),1,Module 1 Questions.doc,"{""raw"": ""1.   A congruent triangle has \na) same size different shape \nb) same shape different size \nc) same shape and size"", ""question"": ""A congruent triangle has"", ""options"": [""same size different shape"", ""same shape different size"", ""same shape and size""], ""correct"": null, ""answer_text"": null, ""category"": null, ""source_file"": ""Module 1 Questions.doc"", ""source_module"": ""M1"", ""fmt"": ""docx"", ""module"": ""M1"", ""difficulty"": ""EASY""}"
M1,M1.11.2,,3.   Which shape has no parallel sides?,Rhombus,Kite,Trapezoid,,B,EASY,,,,DRAFT,"Matched from Module 1 Answers.txt (Test 14 Q3, score=0.73)",1,Module 1 Questions.doc,"{""raw"": ""3.   Which shape has no parallel sides? \na) Rhombus \nb) Kite \nc) Trapezoid"", ""question"": ""3.   Which shape has no parallel sides?"", ""options"": [""Rhombus"", ""Kite"", ""Trapezoid""], ""correct"": null, ""answer_text"": null, ""category"": null, ""source_file"": ""Module 1 Questions.doc"", ""source_module"": ""M1"", ""fmt"": ""docx"", ""module"": ""M1"", ""syllabusRef"": ""M1.11.2"", ""level"": null, ""difficulty"": ""EASY""}"
M1,M1.8.9,,"Which number is the lowest common factor  of 36, 66 and 126",23,6,12,,B,MEDIUM,,,,DRAFT,"Matched from Module 1 Answers.txt (Test 14 Q5, score=0.93)",1,Module 1 Questions.doc,"{""raw"": ""5.   Which number is the lowest common factor  of 36, 66 and 126\na) 23\nb) 6 \nc) 12"", ""question"": ""Which number is the lowest common factor  of 36, 66 and 126"", ""options"": [""23"", ""6"", ""12""], ""correct"": null, ""answer_text"": null, ""category"": null, ""source_file"": ""Module 1 Questions.doc"", ""source_module"": ""M1"", ""fmt"": ""docx"", ""module"": ""M1"", ""syllabusRef"": ""M1.8.9"", ""level"": null, ""difficulty"": ""MEDIUM""}"
M1,,,What is 3% of 0.001,0.3,0.003,0.00003,,C,EASY,,,,DRAFT,"Matched from Module 1 Answers.txt (Test 14 Q6, score=0.67)",1,Module 1 Questions.doc,"{""raw"": ""6.   What is 3% of 0.001\na) 0.3 \nb) 0.003 \nc) 0.00003"", ""question"": ""What is 3% of 0.001"", ""options"": [""0.3"", ""0.003"", ""0.00003""], ""correct"": null, ""answer_text"": null, ""category"": null, ""source_file"": ""Module 1 Questions.doc"", ""source_module"": ""M1"", ""fmt"": ""docx"", ""module"": ""M1"", ""difficulty"": ""EASY""}"
M1,,,101110 binary is,462,468,4610,,C,EASY,,,,DRAFT,"Matched from Module 1 Answers.txt (Test 14 Q8, score=0.71)",1,Module 1 Questions.doc,"{""raw"": ""8.   101110 binary is \na) 462\nb) 468 \nc) 4610"", ""question"": ""101110 binary is"", ""options"": [""462"", ""468"", ""4610""], ""correct"": null, ""answer_text"": null, ""category"": null, ""source_file"": ""Module 1 Questions.doc"", ""source_module"": ""M1"", ""fmt"": ""docx"", ""module"": ""M1"", ""difficulty"": ""EASY""}"
M1,M1.8.9,,"10.   An aircraft uses 1680 gallons of fuel, the left tank uses 45%, the right  tank uses 32.5%, how much was used by the centre tank?",21 gallons,210 gallons,378 gallons,,C,MEDIUM,,,,DRAFT,"Matched from Module 1 Answers.txt (Test 14 Q10, score=0.83)",1,Module 1 Questions.doc,"{""raw"": ""10.   An aircraft uses 1680 gallons of fuel, the left tank uses 45%, the right  tank uses 32.5%, how much was used by the centre tank? \na) 21 gallons\nb) 210 gallons \nc) 378 gallons \nModule 1 \nMathematics \nPractice Exam 15"", ""question"": ""10.   An aircraft uses 1680 gallons of fuel, the left tank uses 45%, the right  tank uses 32.5%, how much was used by the centre tank?"", ""options"": [""21 gallons"", ""210 gallons"", ""378 gallons""], ""correct"": null, ""answer_text"": null, ""category"": null, ""source_file"": ""Module 1 Questions.doc"", ""source_module"": ""M1"", ""fmt"": ""docx"", ""module"": ""M1"", ""syllabusRef"": ""M1.8.9"", ""level"": null, ""difficulty"": ""MEDIUM""}"
M1,M1.8.9,,The supplement of 13 degrees is,76,243,167,,C,EASY,,,,DRAFT,"Matched from Module 1 Answers.txt (Test 15 Q2, score=0.85)",1,Module 1 Questions.doc,"{""raw"": ""2.   The supplement of 13 degrees is \na) 76 \nb) 243 \nc) 167"", ""question"": ""The supplement of 13 degrees is"", ""options"": [""76"", ""243"", ""167""], ""correct"": null, ""answer_text"": null, ""category"": null, ""source_file"": ""Module 1 Questions.doc"", ""source_module"": ""M1"", ""fmt"": ""docx"", ""module"": ""M1"", ""syllabusRef"": ""M1.8.9"", ""level"": null, ""difficulty"": ""EASY""}"
M1,M1.8.9,,The properties of a scalene triangle are,all sides are equal,acute angle,all sides different lengths,,C,EASY,,,,DRAFT,"Matched from Module 1 Answers.txt (Test 15 Q3, score=0.57)",1,Module 1 Questions.doc,"{""raw"": ""3.   The properties of a scalene triangle are \na) all sides are equal \nb) acute angle \nc) all sides different lengths"", ""question"": ""The properties of a scalene triangle are"", ""options"": [""all sides are equal"", ""acute angle"", ""all sides different lengths""], ""correct"": null, ""answer_text"": null, ""category"": null, ""source_file"": ""Module 1 Questions.doc"", ""source_module"": ""M1"", ""fmt"": ""docx"", ""module"": ""M1"", ""syllabusRef"": ""M1.8.9"", ""level"": null, ""difficulty"": ""EASY""}"
M1,,,4.   What is octal 13 in base 10?,4,11,5,,B,EASY,,,,DRAFT,"Matched from Module 1 Answers.txt (Test 15 Q4, score=0.86)",1,Module 1 Questions.doc,"{""raw"": ""4.   What is octal 13 in base 10?\na) 4 \nb) 11 \nc) 5"", ""question"": ""4.   What is octal 13 in base 10?"", ""options"": [""4"", ""11"", ""5""], ""correct"": null, ""answer_text"": null, ""category"": null, ""source_file"": ""Module 1 Questions.doc"", ""source_module"": ""M1"", ""fmt"": ""docx"", ""module"": ""M1"", ""difficulty"": ""EASY""}"
M1,M1.8.9,,5.   What is the area of a ring with an outer diameter of 90 inches and an inner diameter of 80 inches?,p325,425p,p435,,B,MEDIUM,,,,DRAFT,"Matched from Module 1 Answers.txt (Test 15 Q5, score=0.92)",1,Module 1 Questions.doc,"{""raw"": ""5.   What is the area of a ring with an outer diameter of 90 inches and an inner diameter of 80 inches?\na) p325\nb) 425p \nc) p435"", ""question"": ""5.   What is the area of a ring with an outer diameter of 90 inches and an inner diameter of 80 inches?"", ""options"": [""p325"", ""425p"", ""p435""], ""correct"": null, ""answer_text"": null, ""category"": null, ""source_file"": ""Module 1 Questions.doc"", ""source_module"": ""M1"", ""fmt"": ""docx"", ""module"": ""M1"", ""syllabusRef"": ""M1.8.9"", ""level"": null, ""difficulty"": ""MEDIUM""}"
M1,M1.8.9,,6.   What is the height of an oblique pyramid?,The height is perpendicular to the base,The height is angled to the base,The height is parallel to the sides,,C,EASY,,,,DRAFT,"Matched from Module 1 Answers.txt (Test 22 Q4, score=0.57)",1,Module 1 Questions.doc,"{""raw"": ""6.   What is the height of an oblique pyramid?\na) The height is perpendicular to the base \nb) The height is angled to the base \nc) The height is parallel to the sides"", ""question"": ""6.   What is the height of an oblique pyramid?"", ""options"": [""The height is perpendicular to the base"", ""The height is angled to the base"", ""The height is parallel to the sides""], ""correct"": null, ""answer_text"": null, ""category"": null, ""source_file"": ""Module 1 Questions.doc"", ""source_module"": ""M1"", ""fmt"": ""docx"", ""module"": ""M1"", ""syllabusRef"": ""M1.8.9"", ""level"": null, ""difficulty"": ""EASY""}"
M1,M1.8.9,,7.   What is the area of the shape below in centimetres?,1130,1000,1225,,C,MEDIUM,,,,DRAFT,"Matched from Module 1 Answers.txt (Test 15 Q7, score=0.85)",1,Module 1 Questions.doc,"{""raw"": ""7.   What is the area of the shape below in centimetres? \na) 1130 \nb) 1000 \nc) 1225"", ""question"": ""7.   What is the area of the shape below in centimetres?"", ""options"": [""1130"", ""1000"", ""1225""], ""correct"": null, ""answer_text"": null, ""category"": null, ""source_file"": ""Module 1 Questions.doc"", ""source_module"": ""M1"", ""fmt"": ""docx"", ""module"": ""M1"", ""syllabusRef"": ""M1.8.9"", ""level"": null, ""difficulty"": ""MEDIUM""}"
M1,,,Calculate x,9.029,8.971,9.570,,B,EASY,,,,DRAFT,"Matched from Module 1 Answers.txt (Test 4 Q6, score=0.67)",1,Module 1 Questions.doc,"{""raw"": ""9.   Calculate x \na) 9.029 \nb) 8.971 \nc) 9.570"", ""question"": ""Calculate x"", ""options"": [""9.029"", ""8.971"", ""9.570""], ""correct"": null, ""answer_text"": null, ""category"": null, ""source_file"": ""Module 1 Questions.doc"", ""source_module"": ""M1"", ""fmt"": ""docx"", ""module"": ""M1"", ""difficulty"": ""EASY""}"
M1,M1.8.9,,10.   What is the equation of the line shown?,y = 2 - x,y = x - 2,y = 2x + 2,,A,EASY,,,,DRAFT,"Matched from Module 1 Answers.txt (Test 15 Q10, score=0.69)",1,Module 1 Questions.doc,"{""raw"": ""10.   What is the equation of the line shown? \na) y = 2 - x\nb) y = x - 2 \nc) y = 2x + 2 \nModule 1 \nMathematics \nPractice Exam 16"", ""question"": ""10.   What is the equation of the line shown?"", ""options"": [""y = 2 - x"", ""y = x - 2"", ""y = 2x + 2""], ""correct"": null, ""answer_text"": null, ""category"": null, ""source_file"": ""Module 1 Questions.doc"", ""source_module"": ""M1"", ""fmt"": ""docx"", ""module"": ""M1"", ""syllabusRef"": ""M1.8.9"", ""level"": null, ""difficulty"": ""EASY""}"
M1,M1.8.9,,"3.   On a right angle triangle, the longest side is 20 cm and the shortest is 12 cm. What is the other side?",13 cm,16 cm,18 cm,,B,MEDIUM,,,,DRAFT,"Matched from Module 1 Answers.txt (Test 16 Q3, score=0.91)",1,Module 1 Questions.doc,"{""raw"": ""3.   On a right angle triangle, the longest side is 20 cm and the shortest is 12 cm. What is the other side?\na) 13 cm \nb) 16 cm \nc) 18 cm"", ""question"": ""3.   On a right angle triangle, the longest side is 20 cm and the shortest is 12 cm. What is the other side?"", ""options"": [""13 cm"", ""16 cm"", ""18 cm""], ""correct"": null, ""answer_text"": null, ""category"": null, ""source_file"": ""Module 1 Questions.doc"", ""source_module"": ""M1"", ""fmt"": ""docx"", ""module"": ""M1"", ""syllabusRef"": ""M1.8.9"", ""level"": null, ""difficulty"": ""MEDIUM""}"
M1,M1.8.9,,"How many degrees are there in one the smaller of the segments, where AB is one sixth of AC",14.5(,15(,10(,,B,MEDIUM,,,,DRAFT,"Matched from Module 1 Answers.txt (Test 16 Q4, score=0.94)",1,Module 1 Questions.doc,"{""raw"": ""4.   How many degrees are there in one the smaller of the segments, where AB is one sixth of AC \na) 14.5( \nb) 15( \nc) 10("", ""question"": ""How many degrees are there in one the smaller of the segments, where AB is one sixth of AC"", ""options"": [""14.5("", ""15("", ""10(""], ""correct"": null, ""answer_text"": null, ""category"": null, ""source_file"": ""Module 1 Questions.doc"", ""source_module"": ""M1"", ""fmt"": ""docx"", ""module"": ""M1"", ""syllabusRef"": ""M1.8.9"", ""level"": null, ""difficulty"": ""MEDIUM""}"
M1,M1.8.9,,Find L in the following expression,Q2C / R2,Q2C2/ R,Q2R2C,,C,EASY,,,,DRAFT,"Matched from Module 1 Answers.txt (Test 16 Q5, score=0.77)",1,Module 1 Questions.doc,"{""raw"": ""5.   Find L in the following expression \na) Q2C / R2 \nb) Q2C2/ R \nc) Q2R2C"", ""question"": ""Find L in the following expression"", ""options"": [""Q2C / R2"", ""Q2C2/ R"", ""Q2R2C""], ""correct"": null, ""answer_text"": null, ""category"": null, ""source_file"": ""Module 1 Questions.doc"", ""source_module"": ""M1"", ""fmt"": ""docx"", ""module"": ""M1"", ""syllabusRef"": ""M1.8.9"", ""level"": null, ""difficulty"": ""EASY""}"
M1,M1.11.2,,"6.   ax2 + bx + c = 0, what type of equation is this?",Quadratic equation,Polynomic equation,Gradient of the line,,A,MEDIUM,,,,DRAFT,"Matched from Module 1 Answers.txt (Test 16 Q6, score=0.57)",1,Module 1 Questions.doc,"{""raw"": ""6.   ax2 + bx + c = 0, what type of equation is this?\na) Quadratic equation \nb) Polynomic equation \nc) Gradient of the line"", ""question"": ""6.   ax2 + bx + c = 0, what type of equation is this?"", ""options"": [""Quadratic equation"", ""Polynomic equation"", ""Gradient of the line""], ""correct"": null, ""answer_text"": null, ""category"": null, ""source_file"": ""Module 1 Questions.doc"", ""source_module"": ""M1"", ""fmt"": ""docx"", ""module"": ""M1"", ""syllabusRef"": ""M1.11.2"", ""level"": null, ""difficulty"": ""MEDIUM""}"
M1,M1.8.9,,"7.   The graph points (9, 3) and (3, 1) what is the slope?",1/3,3/1,9/5,,A,MEDIUM,,,,DRAFT,"Matched from Module 1 Answers.txt (Test 16 Q7, score=0.87)",1,Module 1 Questions.doc,"{""raw"": ""7.   The graph points (9, 3) and (3, 1) what is the slope?\na) 1/3 \nb) 3/1 \nc) 9/5"", ""question"": ""7.   The graph points (9, 3) and (3, 1) what is the slope?"", ""options"": [""1/3"", ""3/1"", ""9/5""], ""correct"": null, ""answer_text"": null, ""category"": null, ""source_file"": ""Module 1 Questions.doc"", ""source_module"": ""M1"", ""fmt"": ""docx"", ""module"": ""M1"", ""syllabusRef"": ""M1.8.9"", ""level"": null, ""difficulty"": ""MEDIUM""}"
M1,M1.8.9,,Calculate the area,42.41p,6.75p,17.5p,,B,EASY,,,,DRAFT,"Matched from Module 1 Answers.txt (Test 16 Q8, score=0.65)",1,Module 1 Questions.doc,"{""raw"": ""8.   Calculate the area \na) 42.41p \nb) 6.75p \nc) 17.5p"", ""question"": ""Calculate the area"", ""options"": [""42.41p"", ""6.75p"", ""17.5p""], ""correct"": null, ""answer_text"": null, ""category"": null, ""source_file"": ""Module 1 Questions.doc"", ""source_module"": ""M1"", ""fmt"": ""docx"", ""module"": ""M1"", ""syllabusRef"": ""M1.8.9"", ""level"": null, ""difficulty"": ""EASY""}"
M1,,,What is (X2 x X3)3,x15,x36,x10,,A,EASY,,,,DRAFT,"Matched from Module 1 Answers.txt (Test 16 Q9, score=0.74)",1,Module 1 Questions.doc,"{""raw"": ""9.   What is (X2 x X3)3 \na) x15 \nb) x36 \nc) x10"", ""question"": ""What is (X2 x X3)3"", ""options"": [""x15"", ""x36"", ""x10""], ""correct"": null, ""answer_text"": null, ""category"": null, ""source_file"": ""Module 1 Questions.doc"", ""source_module"": ""M1"", ""fmt"": ""docx"", ""module"": ""M1"", ""difficulty"": ""EASY""}"
M1,,,Solve (a + b)(a - b),a2 - b2,a2 + 2ab - b2,a2 + b2,,A,EASY,,,,DRAFT,"Matched from Module 1 Answers.txt (Test 17 Q1, score=0.54)",1,Module 1 Questions.doc,"{""raw"": ""1.   Solve (a + b)(a - b) \na) a2 - b2 \nb) a2 + 2ab - b2 \nc) a2 + b2"", ""question"": ""Solve (a + b)(a - b)"", ""options"": [""a2 - b2"", ""a2 + 2ab - b2"", ""a2 + b2""], ""correct"": null, ""answer_text"": null, ""category"": null, ""source_file"": ""Module 1 Questions.doc"", ""source_module"": ""M1"", ""fmt"": ""docx"", ""module"": ""M1"", ""difficulty"": ""EASY""}"
M1,M1.8.9,,2.   Two gear wheels one with 20 teeth and one with 120 teeth meshed together.  The  small gear turns one revolution.  How far does the large gear move?,40(,60(,90(,,B,MEDIUM,,,,DRAFT,"Matched from Module 1 Answers.txt (Test 17 Q2, score=0.96)",1,Module 1 Questions.doc,"{""raw"": ""2.   Two gear wheels one with 20 teeth and one with 120 teeth meshed together.  The  small gear turns one revolution.  How far does the large gear move? \na) 40( \nb) 60(\nc) 90("", ""question"": ""2.   Two gear wheels one with 20 teeth and one with 120 teeth meshed together.  The  small gear turns one revolution.  How far does the large gear move?"", ""options"": [""40("", ""60("", ""90(""], ""correct"": null, ""answer_text"": null, ""category"": null, ""source_file"": ""Module 1 Questions.doc"", ""source_module"": ""M1"", ""fmt"": ""docx"", ""module"": ""M1"", ""syllabusRef"": ""M1.8.9"", ""level"": null, ""difficulty"": ""MEDIUM""}"
M1,M1.8.9,,3.   An aircraft flies 1350nm in 2 hrs 15 minutes. What is the average speed?,650kts,600kts,850kts,,B,MEDIUM,,,,DRAFT,"Matched from Module 1 Answers.txt (Test 17 Q3, score=0.86)",1,Module 1 Questions.doc,"{""raw"": ""3.   An aircraft flies 1350nm in 2 hrs 15 minutes. What is the average speed?\na) 650kts \nb) 600kts \nc) 850kts"", ""question"": ""3.   An aircraft flies 1350nm in 2 hrs 15 minutes. What is the average speed?"", ""options"": [""650kts"", ""600kts"", ""850kts""], ""correct"": null, ""answer_text"": null, ""category"": null, ""source_file"": ""Module 1 Questions.doc"", ""source_module"": ""M1"", ""fmt"": ""docx"", ""module"": ""M1"", ""syllabusRef"": ""M1.8.9"", ""level"": null, ""difficulty"": ""MEDIUM""}"
M1,M1.8.9,,The straight line from the centre to a circle is known as the,chord,radius,diameter,,B,MEDIUM,,,,DRAFT,"Matched from Module 1 Answers.txt (Test 17 Q4, score=0.85)",1,Module 1 Questions.doc,"{""raw"": ""4.   The straight line from the centre to a circle is known as the\na) chord \nb) radius \nc) diameter"", ""question"": ""The straight line from the centre to a circle is known as the"", ""options"": [""chord"", ""radius"", ""diameter""], ""correct"": null, ""answer_text"": null, ""category"": null, ""source_file"": ""Module 1 Questions.doc"", ""source_module"": ""M1"", ""fmt"": ""docx"", ""module"": ""M1"", ""syllabusRef"": ""M1.8.9"", ""level"": null, ""difficulty"": ""MEDIUM""}"
M1,,,Hexadecimal is base,2,8,16,,C,EASY,,,,DRAFT,"Matched from Module 1 Answers.txt (Test 17 Q5, score=0.84)",1,Module 1 Questions.doc,"{""raw"": ""5.   Hexadecimal is base \na) 2 \nb) 8 \nc) 16"", ""question"": ""Hexadecimal is base"", ""options"": [""2"", ""8"", ""16""], ""correct"": null, ""answer_text"": null, ""category"": null, ""source_file"": ""Module 1 Questions.doc"", ""source_module"": ""M1"", ""fmt"": ""docx"", ""module"": ""M1"", ""difficulty"": ""EASY""}"
M1,,,y = mx + c can also be written,x = y/m - c,x = (y - c)/m,x = y/(m + c),,B,EASY,,,,DRAFT,"Matched from Module 1 Answers.txt (Test 17 Q6, score=0.68)",1,Module 1 Questions.doc,"{""raw"": ""6.   y = mx + c can also be written\na) x = y/m - c \nb) x = (y - c)/m \nc) x = y/(m + c)"", ""question"": ""y = mx + c can also be written"", ""options"": [""x = y/m - c"", ""x = (y - c)/m"", ""x = y/(m + c)""], ""correct"": null, ""answer_text"": null, ""category"": null, ""source_file"": ""Module 1 Questions.doc"", ""source_module"": ""M1"", ""fmt"": ""docx"", ""module"": ""M1"", ""difficulty"": ""EASY""}"
M1,M1.8.9,,7.   What is the supplement of 13 degrees 13 minutes 13 seconds?,167 degrees 46 minutes 47 seconds,166 degree 46 minutes 47 seconds,266 degrees 87 minutes 87 seconds,,C,MEDIUM,,,,DRAFT,"Matched from Module 1 Answers.txt (Test 15 Q2, score=0.63)",1,Module 1 Questions.doc,"{""raw"": ""7.   What is the supplement of 13 degrees 13 minutes 13 seconds?\na) 167 degrees 46 minutes 47 seconds \nb) 166 degree 46 minutes 47 seconds \nc) 266 degrees 87 minutes 87 seconds"", ""question"": ""7.   What is the supplement of 13 degrees 13 minutes 13 seconds?"", ""options"": [""167 degrees 46 minutes 47 seconds"", ""166 degree 46 minutes 47 seconds"", ""266 degrees 87 minutes 87 seconds""], ""correct"": null, ""answer_text"": null, ""category"": null, ""source_file"": ""Module 1 Questions.doc"", ""source_module"": ""M1"", ""fmt"": ""docx"", ""module"": ""M1"", ""syllabusRef"": ""M1.8.9"", ""level"": null, ""difficulty"": ""MEDIUM""}"
M1,,,"In a right triangle, sin theta =",opposite divided by hypotenuse,adjacent divided by hypotenuse,opposite divided by adjacent,,A,EASY,,,,DRAFT,Found in Suntech corpus,1,Module 1 Questions.doc,"{""raw"": ""8.   In a right triangle, sin theta = \na) opposite divided by hypotenuse \nb) adjacent divided by hypotenuse \nc) opposite divided by adjacent"", ""question"": ""In a right triangle, sin theta ="", ""options"": [""opposite divided by hypotenuse"", ""adjacent divided by hypotenuse"", ""opposite divided by adjacent""], ""correct"": null, ""answer_text"": null, ""category"": null, ""source_file"": ""Module 1 Questions.doc"", ""source_module"": ""M1"", ""fmt"": ""docx"", ""module"": ""M1"", ""difficulty"": ""EASY""}"
M1,M1.8.9,,In right-angled triangle the longest side is 20 and the other side is 12.  The remaining side is,22,16,10,,B,MEDIUM,,,,DRAFT,"Matched from Module 1 Answers.txt (Test 17 Q9, score=0.95)",1,Module 1 Questions.doc,"{""raw"": ""9.   In right-angled triangle the longest side is 20 and the other side is 12.  The remaining side is \na) 22 \nb) 16 \nc) 10"", ""question"": ""In right-angled triangle the longest side is 20 and the other side is 12.  The remaining side is"", ""options"": [""22"", ""16"", ""10""], ""correct"": null, ""answer_text"": null, ""category"": null, ""source_file"": ""Module 1 Questions.doc"", ""source_module"": ""M1"", ""fmt"": ""docx"", ""module"": ""M1"", ""syllabusRef"": ""M1.8.9"", ""level"": null, ""difficulty"": ""MEDIUM""}"
M1,,,Solve 15.4/2  - 2(6.2 - 15.6),26.5,4.5,11.1,,A,EASY,,,,DRAFT,"Matched from Module 1 Answers.txt (Test 17 Q10, score=0.64)",1,Module 1 Questions.doc,"{""raw"": ""10.   Solve 15.4/2  - 2(6.2 - 15.6) \na) 26.5 \nb) 4.5 \nc) 11.1 \nModule 1 \nMathematics \nPractice Exam 18"", ""question"": ""Solve 15.4/2  - 2(6.2 - 15.6)"", ""options"": [""26.5"", ""4.5"", ""11.1""], ""correct"": null, ""answer_text"": null, ""category"": null, ""source_file"": ""Module 1 Questions.doc"", ""source_module"": ""M1"", ""fmt"": ""docx"", ""module"": ""M1"", ""difficulty"": ""EASY""}"
M1,,,What is angle x,120(,60(,30(,,B,EASY,,,,DRAFT,"Matched from Module 1 Answers.txt (Test 18 Q1, score=0.75)",1,Module 1 Questions.doc,"{""raw"": ""1.   What is angle x\na) 120( \nb) 60( \nc) 30("", ""question"": ""What is angle x"", ""options"": [""120("", ""60("", ""30(""], ""correct"": null, ""answer_text"": null, ""category"": null, ""source_file"": ""Module 1 Questions.doc"", ""source_module"": ""M1"", ""fmt"": ""docx"", ""module"": ""M1"", ""difficulty"": ""EASY""}"
M1,M1.8.9,,3.   A mound of soil is piled up into a cone of base diameter 1.8m and height 0.6 m.  What is the volume of soil?,0.5 m3,1.5 m3,1.0 m3,,A,MEDIUM,,,,DRAFT,"Matched from Module 1 Answers.txt (Test 18 Q3, score=0.90)",1,Module 1 Questions.doc,"{""raw"": ""3.   A mound of soil is piled up into a cone of base diameter 1.8m and height 0.6 m.  What is the volume of soil? \na) 0.5 m3 \nb) 1.5 m3 \nc) 1.0 m3"", ""question"": ""3.   A mound of soil is piled up into a cone of base diameter 1.8m and height 0.6 m.  What is the volume of soil?"", ""options"": [""0.5 m3"", ""1.5 m3"", ""1.0 m3""], ""correct"": null, ""answer_text"": null, ""category"": null, ""source_file"": ""Module 1 Questions.doc"", ""source_module"": ""M1"", ""fmt"": ""docx"", ""module"": ""M1"", ""syllabusRef"": ""M1.8.9"", ""level"": null, ""difficulty"": ""MEDIUM""}"
M1,M1.8.9,,The heat of a resistor is given by the equation h = I2 RT.  Find the current I.,,,,,B,MEDIUM,,,,DRAFT,"Matched from Module 1 Answers.txt (Test 18 Q4, score=0.96)",1,Module 1 Questions.doc,"{""raw"": ""4.   The heat of a resistor is given by the equation h = I2 RT.  Find the current I. \na)  \nb) \nc)"", ""question"": ""The heat of a resistor is given by the equation h = I2 RT.  Find the current I."", ""options"": ["""", """"], ""correct"": null, ""answer_text"": null, ""category"": null, ""source_file"": ""Module 1 Questions.doc"", ""source_module"": ""M1"", ""fmt"": ""docx"", ""module"": ""M1"", ""syllabusRef"": ""M1.8.9"", ""level"": null, ""difficulty"": ""MEDIUM""}"
M1,M1.8.9,,5.   What is the area of the shape below?,220 square inches,200 square inches,196 square inches,,C,EASY,,,,DRAFT,"Matched from Module 1 Answers.txt (Test 15 Q7, score=0.69)",1,Module 1 Questions.doc,"{""raw"": ""5.   What is the area of the shape below? \na) 220 square inches\nb) 200 square inches \nc) 196 square inches"", ""question"": ""5.   What is the area of the shape below?"", ""options"": [""220 square inches"", ""200 square inches"", ""196 square inches""], ""correct"": null, ""answer_text"": null, ""category"": null, ""source_file"": ""Module 1 Questions.doc"", ""source_module"": ""M1"", ""fmt"": ""docx"", ""module"": ""M1"", ""syllabusRef"": ""M1.8.9"", ""level"": null, ""difficulty"": ""EASY""}"
M1,M1.8.9,,Factorise the following:,(x - 2)(x - 3),(x - 2)(x + 3),(x + 2)(x - 3),,C,EASY,,,,DRAFT,"Matched from Module 1 Answers.txt (Test 18 Q6, score=0.58)",1,Module 1 Questions.doc,"{""raw"": ""6.   Factorise the following: \n      x2 - x - 6 = 0 \na) (x - 2)(x - 3) \nb) (x - 2)(x + 3) \nc) (x + 2)(x - 3)"", ""question"": ""Factorise the following:"", ""options"": [""(x - 2)(x - 3)"", ""(x - 2)(x + 3)"", ""(x + 2)(x - 3)""], ""correct"": null, ""answer_text"": null, ""category"": null, ""source_file"": ""Module 1 Questions.doc"", ""source_module"": ""M1"", ""fmt"": ""docx"", ""module"": ""M1"", ""syllabusRef"": ""M1.8.9"", ""level"": null, ""difficulty"": ""EASY""}"
M1,,,5/8 ths of 60 is,0.01,37 1/2,96,,B,EASY,,,,DRAFT,"Matched from Module 1 Answers.txt (Test 18 Q7, score=0.68)",1,Module 1 Questions.doc,"{""raw"": ""7.   5/8 ths of 60 is \na) 0.01\nb) 37 1/2  \nc) 96"", ""question"": ""5/8 ths of 60 is"", ""options"": [""0.01"", ""37 1/2"", ""96""], ""correct"": null, ""answer_text"": null, ""category"": null, ""source_file"": ""Module 1 Questions.doc"", ""source_module"": ""M1"", ""fmt"": ""docx"", ""module"": ""M1"", ""difficulty"": ""EASY""}"
M1,M1.8.9,,"8.   What is the supplement of 13( 13' 13""?","166( 66' 67""","276( 66' 67""","76( 66' 67""",,A,EASY,,,,DRAFT,"Matched from Module 1 Answers.txt (Test 18 Q8, score=0.69)",1,Module 1 Questions.doc,"{""raw"": ""8.   What is the supplement of 13( 13' 13\""? \na) 166( 66' 67\""\nb) 276( 66' 67\"" \nc) 76( 66' 67\"""", ""question"": ""8.   What is the supplement of 13( 13' 13\""?"", ""options"": [""166( 66' 67\"""", ""276( 66' 67\"""", ""76( 66' 67\""""], ""correct"": null, ""answer_text"": null, ""category"": null, ""source_file"": ""Module 1 Questions.doc"", ""source_module"": ""M1"", ""fmt"": ""docx"", ""module"": ""M1"", ""syllabusRef"": ""M1.8.9"", ""level"": null, ""difficulty"": ""EASY""}"
M1,,,9.   How many pairs of parallel sides has a trapezium?,0 pairs of parallel sides,1 pair of parallel sides,2 pairs of parallel sides,,B,MEDIUM,,,,DRAFT,"Matched from Module 1 Answers.txt (Test 14 Q3, score=0.62)",1,Module 1 Questions.doc,"{""raw"": ""9.   How many pairs of parallel sides has a trapezium? \na) 0 pairs of parallel sides \nb) 1 pair of parallel sides \nc) 2 pairs of parallel sides"", ""question"": ""9.   How many pairs of parallel sides has a trapezium?"", ""options"": [""0 pairs of parallel sides"", ""1 pair of parallel sides"", ""2 pairs of parallel sides""], ""correct"": null, ""answer_text"": null, ""category"": null, ""source_file"": ""Module 1 Questions.doc"", ""source_module"": ""M1"", ""fmt"": ""docx"", ""module"": ""M1"", ""difficulty"": ""MEDIUM""}"
M1,M1.8.9,,"In a parallelogram, if all the sides are of equal length and 1 angle is 90(, it is a",rhomboid,quadrilateral,square,,C,MEDIUM,,,,DRAFT,"Matched from Module 1 Answers.txt (Test 18 Q10, score=0.79)",1,Module 1 Questions.doc,"{""raw"": ""10.   In a parallelogram, if all the sides are of equal length and 1 angle is 90(, it is a  \na) rhomboid\nb) quadrilateral \nc) square \nModule 1 \nMathematics \nPractice Exam 19"", ""question"": ""In a parallelogram, if all the sides are of equal length and 1 angle is 90(, it is a"", ""options"": [""rhomboid"", ""quadrilateral"", ""square""], ""correct"": null, ""answer_text"": null, ""category"": null, ""source_file"": ""Module 1 Questions.doc"", ""source_module"": ""M1"", ""fmt"": ""docx"", ""module"": ""M1"", ""syllabusRef"": ""M1.8.9"", ""level"": null, ""difficulty"": ""MEDIUM""}"
M1,,,In a rhombus,all sides are equal length with no angles 90(,adjacent sides are different lengths with no angles 90(,all sides are different length with no angles 90(,,A,EASY,,,,NEEDS_ANSWER,Matched ameprep Q32 (sim=1.00),1,Module 1 Questions.doc,"{""raw"": ""1.   In a rhombus \na) all sides are equal length with no angles 90( \nb) adjacent sides are different lengths with no angles 90( \nc) all sides are different length with no angles 90("", ""question"": ""In a rhombus"", ""options"": [""all sides are equal length with no angles 90("", ""adjacent sides are different lengths with no angles 90("", ""all sides are different length with no angles 90(""], ""correct"": null, ""answer_text"": null, ""category"": null, ""source_file"": ""Module 1 Questions.doc"", ""source_module"": ""M1"", ""fmt"": ""docx"", ""module"": ""M1"", ""difficulty"": ""EASY""}"
M1,,,2.   What is 1 radian in degrees?,57(,270(,66(,,A,EASY,,,,DRAFT,"Matched from Module 1 Answers.txt (Test 19 Q2, score=0.82)",1,Module 1 Questions.doc,"{""raw"": ""2.   What is 1 radian in degrees? \na) 57( \nb) 270( \nc) 66("", ""question"": ""2.   What is 1 radian in degrees?"", ""options"": [""57("", ""270("", ""66(""], ""correct"": null, ""answer_text"": null, ""category"": null, ""source_file"": ""Module 1 Questions.doc"", ""source_module"": ""M1"", ""fmt"": ""docx"", ""module"": ""M1"", ""difficulty"": ""EASY""}"
M1,M1.8.9,,What is the gradient?,1/4,3/4,4/1,,B,EASY,3.   A straight line graph has the equation,,,DRAFT,"Matched from Module 1 Answers.txt (Test 16 Q2, score=0.55)",1,Module 1 Questions.doc,"{""raw"": ""3.   A straight line graph has the equation \n            3y = 12x - 3\n      What is the gradient? \na) 1/4 \nb) 3/4 \nc) 4/1"", ""question"": ""What is the gradient?"", ""options"": [""1/4"", ""3/4"", ""4/1""], ""correct"": null, ""answer_text"": null, ""category"": ""3.   A straight line graph has the equation"", ""source_file"": ""Module 1 Questions.doc"", ""source_module"": ""M1"", ""fmt"": ""docx"", ""module"": ""M1"", ""syllabusRef"": ""M1.8.9"", ""level"": null, ""difficulty"": ""EASY""}"
M1,,,(52 x 53)2 is,512,510,57,,B,EASY,,,,DRAFT,"Matched from Module 1 Answers.txt (Test 19 Q4, score=0.69)",1,Module 1 Questions.doc,"{""raw"": ""4.   (52 x 53)2 is \na) 512 \nb) 510 \nc) 57"", ""question"": ""(52 x 53)2 is"", ""options"": [""512"", ""510"", ""57""], ""correct"": null, ""answer_text"": null, ""category"": null, ""source_file"": ""Module 1 Questions.doc"", ""source_module"": ""M1"", ""fmt"": ""docx"", ""module"": ""M1"", ""difficulty"": ""EASY""}"
M1,,,(x + y)2           has a base and exponent of,(x + y)- 6,(x + y)1/4,(x + y)10,,A,EASY,,,,DRAFT,"Matched from Module 1 Answers.txt (Test 19 Q5, score=0.70)",1,Module 1 Questions.doc,"{""raw"": ""5.   (x + y)2           has a base and exponent of\n      (x + y)8 \na) (x + y)- 6 \nb) (x + y)1/4 \nc) (x + y)10"", ""question"": ""(x + y)2           has a base and exponent of"", ""options"": [""(x + y)- 6"", ""(x + y)1/4"", ""(x + y)10""], ""correct"": null, ""answer_text"": null, ""category"": null, ""source_file"": ""Module 1 Questions.doc"", ""source_module"": ""M1"", ""fmt"": ""docx"", ""module"": ""M1"", ""difficulty"": ""EASY""}"
M1,M1.8.9,,An isosceles triangle has the following properties:,Two sides parallel,Two sides the same length,Three sides the same length,,B,MEDIUM,,,,DRAFT,"Matched from Module 1 Answers.txt (Test 19 Q7, score=0.58)",1,Module 1 Questions.doc,"{""raw"": ""7.   An isosceles triangle has the following properties: \na) Two sides parallel \nb) Two sides the same length \nc) Three sides the same length"", ""question"": ""An isosceles triangle has the following properties:"", ""options"": [""Two sides parallel"", ""Two sides the same length"", ""Three sides the same length""], ""correct"": null, ""answer_text"": null, ""category"": null, ""source_file"": ""Module 1 Questions.doc"", ""source_module"": ""M1"", ""fmt"": ""docx"", ""module"": ""M1"", ""syllabusRef"": ""M1.8.9"", ""level"": null, ""difficulty"": ""MEDIUM""}"
M1,M1.8.9,,In an oblique triangle the axis is,at a slant to the base,parallel to the base,perpendicular to the base,,A,EASY,,,,DRAFT,"Matched from Module 1 Answers.txt (Test 19 Q8, score=0.49)",1,Module 1 Questions.doc,"{""raw"": ""8.   In an oblique triangle the axis is \na) at a slant to the base \nb) parallel to the base \nc) perpendicular to the base"", ""question"": ""In an oblique triangle the axis is"", ""options"": [""at a slant to the base"", ""parallel to the base"", ""perpendicular to the base""], ""correct"": null, ""answer_text"": null, ""category"": null, ""source_file"": ""Module 1 Questions.doc"", ""source_module"": ""M1"", ""fmt"": ""docx"", ""module"": ""M1"", ""syllabusRef"": ""M1.8.9"", ""level"": null, ""difficulty"": ""EASY""}"
M1,M1.8.9,,Factorise the following:     4x2 - 6x - 28 = 0,(2x + 7) (x - 2),(4x - 14) (x + 2),(2x2 +7) (x + 2),,B,EASY,,,,DRAFT,"Matched from Module 1 Answers.txt (Test 19 Q9, score=0.71)",1,Module 1 Questions.doc,"{""raw"": ""9.   Factorise the following:     4x2 - 6x - 28 = 0 \na) (2x + 7) (x - 2) \nb) (4x - 14) (x + 2) \nc) (2x2 +7) (x + 2)"", ""question"": ""Factorise the following:     4x2 - 6x - 28 = 0"", ""options"": [""(2x + 7) (x - 2)"", ""(4x - 14) (x + 2)"", ""(2x2 +7) (x + 2)""], ""correct"": null, ""answer_text"": null, ""category"": null, ""source_file"": ""Module 1 Questions.doc"", ""source_module"": ""M1"", ""fmt"": ""docx"", ""module"": ""M1"", ""syllabusRef"": ""M1.8.9"", ""level"": null, ""difficulty"": ""EASY""}"
M1,M1.8.9,,Rewrite the following with a positive index:     Z-2 and X-3,1/Z2 and 1/X3,(ZX2)2; and (X)3,Z/22; and 1/X,,A,MEDIUM,,,,DRAFT,"Matched from Module 1 Answers.txt (Test 20 Q1, score=0.73)",1,Module 1 Questions.doc,"{""raw"": ""1.   Rewrite the following with a positive index:     Z-2 and X-3 \na) 1/Z2 and 1/X3 \nb) (ZX2)2; and (X)3 \nc) Z/22; and 1/X"", ""question"": ""Rewrite the following with a positive index:     Z-2 and X-3"", ""options"": [""1/Z2 and 1/X3"", ""(ZX2)2; and (X)3"", ""Z/22; and 1/X""], ""correct"": null, ""answer_text"": null, ""category"": null, ""source_file"": ""Module 1 Questions.doc"", ""source_module"": ""M1"", ""fmt"": ""docx"", ""module"": ""M1"", ""syllabusRef"": ""M1.8.9"", ""level"": null, ""difficulty"": ""MEDIUM""}"
M1,,,2.   How far does a wheel of 7m radius travel in one revolution?,44m,22m,14,,A,MEDIUM,,,,DRAFT,"Matched from Module 1 Answers.txt (Test 20 Q2, score=0.90)",1,Module 1 Questions.doc,"{""raw"": ""2.   How far does a wheel of 7m radius travel in one revolution? \na) 44m \nb) 22m \nc) 14"", ""question"": ""2.   How far does a wheel of 7m radius travel in one revolution?"", ""options"": [""44m"", ""22m"", ""14""], ""correct"": null, ""answer_text"": null, ""category"": null, ""source_file"": ""Module 1 Questions.doc"", ""source_module"": ""M1"", ""fmt"": ""docx"", ""module"": ""M1"", ""difficulty"": ""MEDIUM""}"
M1,M1.8.9,,For an equation 2y = 5x + 3 what is the gradient,5x+3,3,5,,C,EASY,,,,DRAFT,"Matched from Module 1 Answers.txt (Test 20 Q3, score=0.85)",1,Module 1 Questions.doc,"{""raw"": ""3.   For an equation 2y = 5x + 3 what is the gradient \na) 5x+3\n       2 \nb) 3 \n                   5x \nc)    5\n                       2"", ""question"": ""For an equation 2y = 5x + 3 what is the gradient"", ""options"": [""5x+3"", ""3"", ""5""], ""correct"": null, ""answer_text"": null, ""category"": null, ""source_file"": ""Module 1 Questions.doc"", ""source_module"": ""M1"", ""fmt"": ""docx"", ""module"": ""M1"", ""syllabusRef"": ""M1.8.9"", ""level"": null, ""difficulty"": ""EASY""}"
M1,M1.11.2,,4.   For a scalene triangle which is true?,No 2 sides are equal,One angle is acute,2 sides are equal,,A,EASY,,,,DRAFT,"Matched from Module 1 Answers.txt (Test 20 Q4, score=0.55)",1,Module 1 Questions.doc,"{""raw"": ""4.   For a scalene triangle which is true? \na) No 2 sides are equal \nb) One angle is acute \nc) 2 sides are equal"", ""question"": ""4.   For a scalene triangle which is true?"", ""options"": [""No 2 sides are equal"", ""One angle is acute"", ""2 sides are equal""], ""correct"": null, ""answer_text"": null, ""category"": null, ""source_file"": ""Module 1 Questions.doc"", ""source_module"": ""M1"", ""fmt"": ""docx"", ""module"": ""M1"", ""syllabusRef"": ""M1.11.2"", ""level"": null, ""difficulty"": ""EASY""}"
M1,,,Evaluate (a+b)(a-b),a2 - b2,a + ab + b,ab,,A,EASY,,,,DRAFT,"Matched from Module 1 Answers.txt (Test 20 Q5, score=0.67)",1,Module 1 Questions.doc,"{""raw"": ""5.   Evaluate (a+b)(a-b) \na) a2 - b2 \nb) a + ab + b \nc) ab"", ""question"": ""Evaluate (a+b)(a-b)"", ""options"": [""a2 - b2"", ""a + ab + b"", ""ab""], ""correct"": null, ""answer_text"": null, ""category"": null, ""source_file"": ""Module 1 Questions.doc"", ""source_module"": ""M1"", ""fmt"": ""docx"", ""module"": ""M1"", ""difficulty"": ""EASY""}"
M1,M1.8.9,,"6.   Using cosine to find the angle of a triangle, which statement is true?",Adj. / hyp,Opp / adj,Opp / hyp,,A,MEDIUM,,,,DRAFT,"Matched from Module 1 Answers.txt (Test 20 Q6, score=0.84)",1,Module 1 Questions.doc,"{""raw"": ""6.   Using cosine to find the angle of a triangle, which statement is true? \na) Adj. / hyp \nb) Opp / adj \nc) Opp / hyp"", ""question"": ""6.   Using cosine to find the angle of a triangle, which statement is true?"", ""options"": [""Adj. / hyp"", ""Opp / adj"", ""Opp / hyp""], ""correct"": null, ""answer_text"": null, ""category"": null, ""source_file"": ""Module 1 Questions.doc"", ""source_module"": ""M1"", ""fmt"": ""docx"", ""module"": ""M1"", ""syllabusRef"": ""M1.8.9"", ""level"": null, ""difficulty"": ""MEDIUM""}"
M1,,,What is 30% of 0.01,0.03,0.0003,0.003,,C,EASY,,,,DRAFT,"Matched from Module 1 Answers.txt (Test 20 Q8, score=0.67)",1,Module 1 Questions.doc,"{""raw"": ""8.   What is 30% of 0.01 \na) 0.03 \nb) 0.0003 \nc) 0.003"", ""question"": ""What is 30% of 0.01"", ""options"": [""0.03"", ""0.0003"", ""0.003""], ""correct"": null, ""answer_text"": null, ""category"": null, ""source_file"": ""Module 1 Questions.doc"", ""source_module"": ""M1"", ""fmt"": ""docx"", ""module"": ""M1"", ""difficulty"": ""EASY""}"
M1,,,Evaluate   15.4 / 2,29.9,26.5,,,C,MEDIUM,,,,DRAFT,"Matched from Module 1 Answers.txt (Test 21 Q2, score=0.60)",1,Module 1 Questions.doc,"{""raw"": ""9.   Evaluate   15.4 / 2  \n 2(4.6 \n 15.7)  \na) 29.9 \nb) 26.5 \nc)"", ""question"": ""Evaluate   15.4 / 2"", ""options"": [""29.9"", ""26.5""], ""correct"": null, ""answer_text"": null, ""category"": null, ""source_file"": ""Module 1 Questions.doc"", ""source_module"": ""M1"", ""fmt"": ""docx"", ""module"": ""M1"", ""difficulty"": ""MEDIUM""}"
M1,,,2x = 4(x - 3)         evaluate,0.5,2,6,,C,EASY,,,,DRAFT,"Matched from Module 1 Answers.txt (Test 21 Q2, score=0.81)",1,Module 1 Questions.doc,"{""raw"": ""2.   2x = 4(x - 3)         evaluate \na) 0.5 \nb) 2 \nc) 6"", ""question"": ""2x = 4(x - 3)         evaluate"", ""options"": [""0.5"", ""2"", ""6""], ""correct"": null, ""answer_text"": null, ""category"": null, ""source_file"": ""Module 1 Questions.doc"", ""source_module"": ""M1"", ""fmt"": ""docx"", ""module"": ""M1"", ""difficulty"": ""EASY""}"
M1,,,A shape with 4 equal sides and one 90,parallelogram,rhombus,square,,C,EASY,,,,DRAFT,"Matched from Module 1 Answers.txt (Test 21 Q3, score=0.65)",1,Module 1 Questions.doc,"{""raw"": ""3.   A shape with 4 equal sides and one 90\n angle is a \na) parallelogram \nb) rhombus \nc) square"", ""question"": ""A shape with 4 equal sides and one 90"", ""options"": [""parallelogram"", ""rhombus"", ""square""], ""correct"": null, ""answer_text"": null, ""category"": null, ""source_file"": ""Module 1 Questions.doc"", ""source_module"": ""M1"", ""fmt"": ""docx"", ""module"": ""M1"", ""difficulty"": ""EASY""}"
M1,,,"12x  +  14  =  50    When y = 2, solve x",14,12,11.6,,B,EASY,,,,DRAFT,"Matched from Module 1 Answers.txt (Test 21 Q4, score=0.79)",1,Module 1 Questions.doc,"{""raw"": ""4.   12x  +  14  =  50    When y = 2, solve x \n       2y \n a) 14 \nb) 12 \nc) 11.6"", ""question"": ""12x  +  14  =  50    When y = 2, solve x"", ""options"": [""14"", ""12"", ""11.6""], ""correct"": null, ""answer_text"": null, ""category"": null, ""source_file"": ""Module 1 Questions.doc"", ""source_module"": ""M1"", ""fmt"": ""docx"", ""module"": ""M1"", ""difficulty"": ""EASY""}"
M1,,,5.   What type of equation is y = x2 + 9x + 14?,Quadratic,Exponential,Circular,,A,EASY,,,,DRAFT,"Matched from Module 1 Answers.txt (Test 21 Q5, score=0.68)",1,Module 1 Questions.doc,"{""raw"": ""5.   What type of equation is y = x2 + 9x + 14? \na) Quadratic \nb) Exponential \nc) Circular"", ""question"": ""5.   What type of equation is y = x2 + 9x + 14?"", ""options"": [""Quadratic"", ""Exponential"", ""Circular""], ""correct"": null, ""answer_text"": null, ""category"": null, ""source_file"": ""Module 1 Questions.doc"", ""source_module"": ""M1"", ""fmt"": ""docx"", ""module"": ""M1"", ""difficulty"": ""EASY""}"
M1,,,6.   How many radians are in 360(?,2pi,4pi,65,,A,EASY,,,,DRAFT,"Matched from Module 1 Answers.txt (Test 21 Q6, score=0.81)",1,Module 1 Questions.doc,"{""raw"": ""6.   How many radians are in 360(? \na) 2pi \nb) 4pi \nc) 65"", ""question"": ""6.   How many radians are in 360(?"", ""options"": [""2pi"", ""4pi"", ""65""], ""correct"": null, ""answer_text"": null, ""category"": null, ""source_file"": ""Module 1 Questions.doc"", ""source_module"": ""M1"", ""fmt"": ""docx"", ""module"": ""M1"", ""difficulty"": ""EASY""}"
M1,M1.8.9,,Complete the following: sin a =,opposite side divided by the hypotenuse side,adjacent side divided by the opposite side,a squared times b squared,,B,EASY,,,,DRAFT,"Matched from Module 1 Answers.txt (Test 1 Q3, score=0.51)",1,Module 1 Questions.doc,"{""raw"": ""9.   Complete the following: sin a = \na) opposite side divided by the hypotenuse side \nb) adjacent side divided by the opposite side \nc) a squared times b squared"", ""question"": ""Complete the following: sin a ="", ""options"": [""opposite side divided by the hypotenuse side"", ""adjacent side divided by the opposite side"", ""a squared times b squared""], ""correct"": null, ""answer_text"": null, ""category"": null, ""source_file"": ""Module 1 Questions.doc"", ""source_module"": ""M1"", ""fmt"": ""docx"", ""module"": ""M1"", ""syllabusRef"": ""M1.8.9"", ""level"": null, ""difficulty"": ""EASY""}"
M1,M1.8.9,,The sum of the internal angles of a triangle is,360(,2pi radians,180(,,C,EASY,,,,DRAFT,"Matched from Module 1 Answers.txt (Test 21 Q10, score=0.75)",1,Module 1 Questions.doc,"{""raw"": ""10.   The sum of the internal angles of a triangle is \na) 360( \nb) 2pi radians \nc) 180( \nModule 1 \nMathematics \nPractice Exam 22"", ""question"": ""The sum of the internal angles of a triangle is"", ""options"": [""360("", ""2pi radians"", ""180(""], ""correct"": null, ""answer_text"": null, ""category"": null, ""source_file"": ""Module 1 Questions.doc"", ""source_module"": ""M1"", ""fmt"": ""docx"", ""module"": ""M1"", ""syllabusRef"": ""M1.8.9"", ""level"": null, ""difficulty"": ""EASY""}"
M1,,,What is 0111000012 in Octal,324,452,341,,C,EASY,,,,DRAFT,"Matched from Module 1 Answers.txt (Test 22 Q2, score=0.82)",1,Module 1 Questions.doc,"{""raw"": ""2.   What is 0111000012 in Octal\na) 324\nb) 452\nc) 341"", ""question"": ""What is 0111000012 in Octal"", ""options"": [""324"", ""452"", ""341""], ""correct"": null, ""answer_text"": null, ""category"": null, ""source_file"": ""Module 1 Questions.doc"", ""source_module"": ""M1"", ""fmt"": ""docx"", ""module"": ""M1"", ""difficulty"": ""EASY""}"
M1,M1.8.9,,4.   What is the highest factor of 153?,3,6,9,,C,EASY,,,,DRAFT,"Matched from Module 1 Answers.txt (Test 22 Q4, score=0.89)",1,Module 1 Questions.doc,"{""raw"": ""4.   What is the highest factor of 153?\na) 3\nb) 6\nc) 9"", ""question"": ""4.   What is the highest factor of 153?"", ""options"": [""3"", ""6"", ""9""], ""correct"": null, ""answer_text"": null, ""category"": null, ""source_file"": ""Module 1 Questions.doc"", ""source_module"": ""M1"", ""fmt"": ""docx"", ""module"": ""M1"", ""syllabusRef"": ""M1.8.9"", ""level"": null, ""difficulty"": ""EASY""}"
M1,,,BCD format of numbering system having base of,10,8,2,,C,EASY,,,,DRAFT,"Matched from Module 1 Answers.txt (Test 22 Q6, score=0.93)",1,Module 1 Questions.doc,"{""raw"": ""6.   BCD format of numbering system having base of\na) 10\nb) 8\nc) 2"", ""question"": ""BCD format of numbering system having base of"", ""options"": [""10"", ""8"", ""2""], ""correct"": null, ""answer_text"": null, ""category"": null, ""source_file"": ""Module 1 Questions.doc"", ""source_module"": ""M1"", ""fmt"": ""docx"", ""module"": ""M1"", ""difficulty"": ""EASY""}"
M1,,,27y = 3 so y is equal to:,1/9,1/3,9/1,,A,EASY,,,,DRAFT,"Matched from Module 1 Answers.txt (Test 22 Q7, score=0.79)",1,Module 1 Questions.doc,"{""raw"": ""7.   27y = 3 so y is equal to:\na) 1/9\nb) 1/3\nc) 9/1"", ""question"": ""27y = 3 so y is equal to:"", ""options"": [""1/9"", ""1/3"", ""9/1""], ""correct"": null, ""answer_text"": null, ""category"": null, ""source_file"": ""Module 1 Questions.doc"", ""source_module"": ""M1"", ""fmt"": ""docx"", ""module"": ""M1"", ""difficulty"": ""EASY""}"
M1,M1.8.9,,8.   An aeroplane has 1800 gallons of fuel on board. 35% in the left wing 42.5% in the right wing how much fuel is in the centre tank?,405 gallons,183 gallons,545 gallons,,C,MEDIUM,,,,DRAFT,"Matched from Module 1 Answers.txt (Test 14 Q10, score=0.54)",1,Module 1 Questions.doc,"{""raw"": ""8.   An aeroplane has 1800 gallons of fuel on board. 35% in the left wing 42.5% in the right wing how much fuel is in the centre tank?\na) 405 gallons\nb) 183 gallons\nc) 545 gallons\n9.   \na) \nc)    \n10.   \na) \nc)    \neFB\ne@i\nWEq"", ""question"": ""8.   An aeroplane has 1800 gallons of fuel on board. 35% in the left wing 42.5% in the right wing how much fuel is in the centre tank?"", ""options"": [""405 gallons"", ""183 gallons"", ""545 gallons""], ""correct"": null, ""answer_text"": null, ""category"": null, ""source_file"": ""Module 1 Questions.doc"", ""source_module"": ""M1"", ""fmt"": ""docx"", ""module"": ""M1"", ""syllabusRef"": ""M1.8.9"", ""level"": null, ""difficulty"": ""MEDIUM""}"
M1,M1.1.1,1,An aircraft wing span is 15 metres. What is this length in centimetres?,150 cm,1500 cm,"15,000 cm",,B,EASY,Units and conversion,Generated,1.0,REVIEWED,Unit conversion: 1 m = 100 cm,1,Generated,{}
M1,M1.1.1,1,What is 25% of 80?,20,25,30,,A,EASY,Percentages,Generated,1.0,REVIEWED,25% of 80 = 0.25 × 80 = 20,1,Generated,{}
M1,M1.1.2,1,"A hydraulic system operates at 200 bar pressure. If 1 bar = 100 kPa, what is the pressure in kPa?",20 kPa,200 kPa,"20,000 kPa",,C,EASY,Units and conversion,Generated,1.0,REVIEWED,"200 bar × 100 kPa/bar = 20,000 kPa",1,Generated,{}
M1,M1.1.2,1,An aircraft engine has a thrust of 50 kN. What is this in Newtons?,500 N,"5,000 N","50,000 N",,C,EASY,Units and conversion,Generated,1.0,REVIEWED,"1 kN = 1,000 N",1,Generated,{}
M1,M1.1.3,1,A maintenance technician works 8 hours per day for 5 days. How many hours in total?,40 hours,45 hours,35 hours,,A,EASY,Arithmetic,Generated,1.0,REVIEWED,8 × 5 = 40,1,Generated,{}
M1,M1.1.4,1,"An aircraft fuel tank contains 500 litres. If the fuel density is 0.8 kg per litre, what is the total mass?",400 kg,500 kg,625 kg,,A,MEDIUM,Mass and weight,Generated,1.0,REVIEWED,Mass = volume × density = 500 × 0.8 = 400 kg,1,Generated,{}
M1,M1.2.1,1,Solve for x: 2x + 5 = 13,x = 3,x = 4,x = 5,,B,EASY,Linear equations,Generated,1.0,REVIEWED,"2x = 13 - 5 = 8, x = 4",1,Generated,{}
M1,M1.2.1,1,"If y = 3x - 7 and x = 5, what is the value of y?",8,15,22,,A,EASY,Linear equations,Generated,1.0,REVIEWED,y = 3(5) - 7 = 15 - 7 = 8,1,Generated,{}
M1,M1.2.2,1,What is the value of 2³ × 2⁴?,2⁷,2¹²,4⁷,,A,MEDIUM,Indices,Generated,1.0,REVIEWED,"When multiplying same base, add exponents: 2^(3+4) = 2^7",1,Generated,{}
M1,M1.2.3,1,Convert the binary number 1010 to decimal.,8,10,12,,B,MEDIUM,Number systems,Generated,1.0,REVIEWED,1010₂ = 8 + 2 = 10,1,Generated,{}
M1,M1.3.1,1,What is the area of a rectangle with length 8 cm and width 5 cm?,40 cm²,26 cm²,13 cm²,,A,EASY,Areas,Generated,1.0,REVIEWED,Area = length × width = 8 × 5 = 40 cm²,1,Generated,{}
M1,M1.3.1,1,A right-angled triangle has a base of 6 cm and a height of 8 cm. What is its area?,24 cm²,48 cm²,14 cm²,,A,EASY,Areas,Generated,1.0,REVIEWED,Area = ½ × base × height = ½ × 6 × 8 = 24 cm²,1,Generated,{}
M1,M1.3.2,1,What is the volume of a rectangular box with dimensions 2 m × 3 m × 4 m?,24 m³,9 m³,12 m³,,A,EASY,Volumes,Generated,1.0,REVIEWED,Volume = length × width × height = 2 × 3 × 4 = 24 m³,1,Generated,{}
M1,M1.3.3,2,"In a right-angled triangle, the hypotenuse is 10 cm and one side is 6 cm. What is the length of the other side?",6 cm,8 cm,4 cm,,B,MEDIUM,Pythagoras,Generated,1.0,REVIEWED,"a² + b² = c², so b = √(100 - 36) = √64 = 8",1,Generated,{}
M1,M1.3.3,2,What is the sine of 30°?,0.5,0.866,1.0,,A,MEDIUM,Trigonometry,Generated,1.0,REVIEWED,sin(30°) = 0.5,1,Generated,{}
M1,M1.1.5,1,A fuel quantity of 150 kg is to be divided equally between 3 fuel tanks. How much fuel goes into each tank?,50 kg,45 kg,55 kg,,A,EASY,Division,Generated,1.0,REVIEWED,150 ÷ 3 = 50,1,Generated,{}
M1,M1.1.5,1,"An aircraft has 240 litres of oil. If 25% is used during a flight, how many litres remain?",180 litres,200 litres,160 litres,,A,MEDIUM,Percentages,Generated,1.0,REVIEWED,"25% of 240 = 60 used, 240 - 60 = 180 remaining",1,Generated,{}
M1,M1.1.3,1,Round 4.678 to two decimal places.,4.68,4.67,4.70,,A,MEDIUM,Decimals,Generated,1.0,REVIEWED,Generated replacement for unanswered M1 question,1,Generated,{}
M1,M1.4.5,1,Multiply: 0.5 × 0.4,0.20,0.04,2.0,,A,MEDIUM,Decimals,Generated,1.0,REVIEWED,Generated replacement for unanswered M1 question,1,Generated,{}
M1,M1.2.1,1,A straight angle measures:,180°,90°,360°,,A,MEDIUM,Angles,Generated,1.0,REVIEWED,Generated replacement for unanswered M1 question,1,Generated,{}
M1,M1.17.5,1,A square has sides of 12 cm. What is its area?,144 cm²,48 cm²,24 cm²,,A,MEDIUM,Area,Generated,1.0,REVIEWED,Generated replacement for unanswered M1 question,1,Generated,{}
M1,M1.18.4,1,Divide 120 in the ratio 2:3.,48 and 72,60 and 60,40 and 80,,A,MEDIUM,Ratios,Generated,1.0,REVIEWED,Generated replacement for unanswered M1 question,1,Generated,{}
M1,M1.1.2,2,"If 5x = 35, what is x?",7,5,35,,A,MEDIUM,Equations,Generated,1.0,REVIEWED,Generated replacement for unanswered M1 question,1,Generated,{}
M1,M1.9.2,1,What is the square root of 81?,9,8,81,,A,MEDIUM,Indices,Generated,1.0,REVIEWED,Generated replacement for unanswered M1 question,1,Generated,{}
M1,M1.4.1,1,What is the square root of 81?,9,8,81,,A,MEDIUM,Indices,Generated,1.0,REVIEWED,Generated replacement for unanswered M1 question,1,Generated,{}
M1,M1.12.5,1,Transpose for r: A = πr²,r = √(A/π),r = A/π,r = πA,,A,MEDIUM,Algebra,Generated,1.0,REVIEWED,Generated replacement for unanswered M1 question,1,Generated,{}
M1,M1.15.5,1,A torque wrench is set to 150 lbf·in. What is this in lbf·ft? (12 in = 1 ft),12.5 lbf·ft,"1,800 lbf·ft",0.125 lbf·ft,,A,MEDIUM,Units,Generated,1.0,REVIEWED,Generated replacement for unanswered M1 question,1,Generated,{}
M1,M1.3.5,1,What is the complement of 35°?,55°,145°,90°,,A,MEDIUM,Angles,Generated,1.0,REVIEWED,Generated replacement for unanswered M1 question,1,Generated,{}
M1,M1.7.1,1,Make a the subject: v = u + at,a = (v - u)/t,a = v/t - u,a = (v + u)/t,,A,MEDIUM,Algebra,Generated,1.0,REVIEWED,Generated replacement for unanswered M1 question,1,Generated,{}
M1,M1.10.1,2,A square has sides of 12 cm. What is its area?,144 cm²,48 cm²,24 cm²,,A,MEDIUM,Area,Generated,1.0,REVIEWED,Generated replacement for unanswered M1 question,1,Generated,{}
M1,M1.13.3,1,What is 1/3 + 1/6?,1/2,2/9,1/3,,A,MEDIUM,Fractions,Generated,1.0,REVIEWED,Generated replacement for unanswered M1 question,1,Generated,{}
M1,M1.6.3,1,Make a the subject: v = u + at,a = (v - u)/t,a = v/t - u,a = (v + u)/t,,A,MEDIUM,Algebra,Generated,1.0,REVIEWED,Generated replacement for unanswered M1 question,1,Generated,{}
M1,M1.3.5,2,Solve: 4x + 7 = 23,x = 4,x = 5,x = 6,,A,MEDIUM,Equations,Generated,1.0,REVIEWED,Generated replacement for unanswered M1 question,1,Generated,{}
M1,M1.6.4,1,"A rectangular fuel tank is 2 m long, 1 m wide and 0.5 m deep. What is its volume?",1 m³,3.5 m³,2.5 m³,,A,MEDIUM,Volume,Generated,1.0,REVIEWED,Generated replacement for unanswered M1 question,1,Generated,{}
M1,M1.11.1,1,What is the volume of a cylinder with radius 2 cm and height 10 cm? (Use π = 3.14),125.6 cm³,62.8 cm³,251.2 cm³,,A,MEDIUM,Volume,Generated,1.0,REVIEWED,Generated replacement for unanswered M1 question,1,Generated,{}
M1,M1.11.4,1,Convert 0.75 hours to minutes.,45 minutes,75 minutes,30 minutes,,A,MEDIUM,Units,Generated,1.0,REVIEWED,Generated replacement for unanswered M1 question,1,Generated,{}
M1,M1.11.2,2,What is the area of a circle with radius 7 cm? (Use π = 3.14),154 cm²,44 cm²,308 cm²,,A,MEDIUM,Area,Generated,1.0,REVIEWED,Generated replacement for unanswered M1 question,1,Generated,{}
M1,M1.15.2,1,"In an equilateral triangle, each interior angle is:",60°,90°,45°,,A,MEDIUM,Angles,Generated,1.0,REVIEWED,Generated replacement for unanswered M1 question,1,Generated,{}
M1,M1.18.5,1,"A rectangular fuel tank is 2 m long, 1 m wide and 0.5 m deep. What is its volume?",1 m³,3.5 m³,2.5 m³,,A,MEDIUM,Volume,Generated,1.0,REVIEWED,Generated replacement for unanswered M1 question,1,Generated,{}
M1,M1.13.3,1,A straight angle measures:,180°,90°,360°,,A,MEDIUM,Angles,Generated,1.0,REVIEWED,Generated replacement for unanswered M1 question,1,Generated,{}
M1,M1.17.4,1,Multiply: 0.5 × 0.4,0.20,0.04,2.0,,A,MEDIUM,Decimals,Generated,1.0,REVIEWED,Generated replacement for unanswered M1 question,1,Generated,{}
M1,M1.4.2,2,What is 3.5 hours in minutes?,210 minutes,35 minutes,350 minutes,,A,MEDIUM,Units,Generated,1.0,REVIEWED,Generated replacement for unanswered M1 question,1,Generated,{}
M1,M1.3.4,1,A straight angle measures:,180°,90°,360°,,A,MEDIUM,Angles,Generated,1.0,REVIEWED,Generated replacement for unanswered M1 question,1,Generated,{}
M1,M1.17.3,2,What is the decimal value of binary 1111?,15,14,16,,A,MEDIUM,Number systems,Generated,1.0,REVIEWED,Generated replacement for unanswered M1 question,1,Generated,{}
M1,M1.4.5,2,"A runway is 2,400 metres long. What is this in kilometres?",24 km,2.4 km,240 km,,B,MEDIUM,Units,Generated,1.0,REVIEWED,Generated replacement for unanswered M1 question,1,Generated,{}
M1,M1.4.3,1,What is the square root of 81?,9,8,81,,A,MEDIUM,Indices,Generated,1.0,REVIEWED,Generated replacement for unanswered M1 question,1,Generated,{}
M1,M1.1.3,2,Convert decimal 13 to binary.,1101,1110,1011,,A,MEDIUM,Number systems,Generated,1.0,REVIEWED,Generated replacement for unanswered M1 question,1,Generated,{}
M1,M1.17.1,2,"What is 5% of 1,500?",75,150,750,,A,MEDIUM,Percentages,Generated,1.0,REVIEWED,Generated replacement for unanswered M1 question,1,Generated,{}
M1,M1.17.5,1,What is the value of x when 3x + 2 = 2x + 7?,5,3,7,,A,MEDIUM,Equations,Generated,1.0,REVIEWED,Generated replacement for unanswered M1 question,1,Generated,{}
M1,M1.6.5,2,What is the supplement of 70°?,110°,20°,160°,,A,MEDIUM,Angles,Generated,1.0,REVIEWED,Generated replacement for unanswered M1 question,1,Generated,{}
M1,M1.1.5,1,Simplify: √81,9,8,81,,A,MEDIUM,Roots,Generated,1.0,REVIEWED,Generated replacement for unanswered M1 question,1,Generated,{}
M1,M1.4.3,2,How many millimetres are in 2.5 centimetres?,25 mm,0.25 mm,250 mm,,A,MEDIUM,Units,Generated,1.0,REVIEWED,Generated replacement for unanswered M1 question,1,Generated,{}
M1,M1.8.1,1,What is 3⁰?,1,0,3,,A,MEDIUM,Indices,Generated,1.0,REVIEWED,Generated replacement for unanswered M1 question,1,Generated,{}
M1,M1.3.4,2,Multiply: 3/4 × 2/5,6/20,5/20,3/10,,A,MEDIUM,Fractions,Generated,1.0,REVIEWED,Generated replacement for unanswered M1 question,1,Generated,{}
M1,M1.5.4,2,Add: 2.5 + 3.75,6.25,5.25,6.35,,A,MEDIUM,Decimals,Generated,1.0,REVIEWED,Generated replacement for unanswered M1 question,1,Generated,{}
M1,M1.9.5,2,Decrease 120 by 10%.,108,110,100,,A,MEDIUM,Percentages,Generated,1.0,REVIEWED,Generated replacement for unanswered M1 question,1,Generated,{}
M1,M1.7.5,2,A straight angle measures:,180°,90°,360°,,A,MEDIUM,Angles,Generated,1.0,REVIEWED,Generated replacement for unanswered M1 question,1,Generated,{}
M1,M1.10.4,2,Divide 120 in the ratio 2:3.,48 and 72,60 and 60,40 and 80,,A,MEDIUM,Ratios,Generated,1.0,REVIEWED,Generated replacement for unanswered M1 question,1,Generated,{}
M1,M1.15.5,1,What is the supplement of 70°?,110°,20°,160°,,A,MEDIUM,Angles,Generated,1.0,REVIEWED,Generated replacement for unanswered M1 question,1,Generated,{}
M1,M1.8.1,1,"A rectangular fuel tank is 2 m long, 1 m wide and 0.5 m deep. What is its volume?",1 m³,3.5 m³,2.5 m³,,A,MEDIUM,Volume,Generated,1.0,REVIEWED,Generated replacement for unanswered M1 question,1,Generated,{}
M1,M1.8.1,1,A square has sides of 12 cm. What is its area?,144 cm²,48 cm²,24 cm²,,A,MEDIUM,Area,Generated,1.0,REVIEWED,Generated replacement for unanswered M1 question,1,Generated,{}
M1,M1.8.1,2,Convert 65 mph to knots. (1 knot = 1.15 mph),56.5 knots,74.75 knots,65 knots,,A,MEDIUM,Units,Generated,1.0,REVIEWED,Generated replacement for unanswered M1 question,1,Generated,{}
M1,M1.3.5,1,Simplify: (x²)³,x⁶,x⁵,x⁸,,A,MEDIUM,Indices,Generated,1.0,REVIEWED,Generated replacement for unanswered M1 question,1,Generated,{}
M1,M1.7.5,1,The mean of five numbers is 20. What is their sum?,100,20,50,,A,MEDIUM,Averages,Generated,1.0,REVIEWED,Generated replacement for unanswered M1 question,1,Generated,{}
M1,M1.8.4,2,Convert hexadecimal A to decimal.,10,11,9,,A,MEDIUM,Number systems,Generated,1.0,REVIEWED,Generated replacement for unanswered M1 question,1,Generated,{}
M1,M1.4.1,2,Express the ratio 3:5 as a fraction.,3/8,3/5,5/3,,B,MEDIUM,Ratios,Generated,1.0,REVIEWED,Generated replacement for unanswered M1 question,1,Generated,{}
M1,M1.14.4,1,Transpose for r: A = πr²,r = √(A/π),r = A/π,r = πA,,A,MEDIUM,Algebra,Generated,1.0,REVIEWED,Generated replacement for unanswered M1 question,1,Generated,{}
M1,M1.4.1,1,What is 3.5 hours in minutes?,210 minutes,35 minutes,350 minutes,,A,MEDIUM,Units,Generated,1.0,REVIEWED,Generated replacement for unanswered M1 question,1,Generated,{}
M1,M1.4.2,1,What is the square root of 81?,9,8,81,,A,MEDIUM,Indices,Generated,1.0,REVIEWED,Generated replacement for unanswered M1 question,1,Generated,{}
M1,M1.5.4,1,Which point lies on the line y = x + 2?,"(2, 4)","(1, 3)","(3, 5)",,A,MEDIUM,Graphs,Generated,1.0,REVIEWED,Generated replacement for unanswered M1 question,1,Generated,{}
M1,M1.8.1,1,What is the decimal value of binary 1111?,15,14,16,,A,MEDIUM,Number systems,Generated,1.0,REVIEWED,Generated replacement for unanswered M1 question,1,Generated,{}
M1,M1.2.5,2,What is 1/3 + 1/6?,1/2,2/9,1/3,,A,MEDIUM,Fractions,Generated,1.0,REVIEWED,Generated replacement for unanswered M1 question,1,Generated,{}
M1,M1.8.2,1,Divide: 2/3 ÷ 4/5,10/12,8/15,6/20,,A,MEDIUM,Fractions,Generated,1.0,REVIEWED,Generated replacement for unanswered M1 question,1,Generated,{}
M1,M1.7.4,2,"What is the average of 4, 8, 12, and 16?",10,8,12,,A,MEDIUM,Averages,Generated,1.0,REVIEWED,Generated replacement for unanswered M1 question,1,Generated,{}
M1,M1.13.1,2,Decrease 120 by 10%.,108,110,100,,A,MEDIUM,Percentages,Generated,1.0,REVIEWED,Generated replacement for unanswered M1 question,1,Generated,{}
M1,M1.15.3,1,Solve: 3x - 4 = 11,x = 5,x = 3,x = 4,,A,MEDIUM,Equations,Generated,1.0,REVIEWED,Generated replacement for unanswered M1 question,1,Generated,{}
M1,M1.5.2,1,The mean of five numbers is 20. What is their sum?,100,20,50,,A,MEDIUM,Averages,Generated,1.0,REVIEWED,Generated replacement for unanswered M1 question,1,Generated,{}
M1,M1.18.1,2,Convert 65 mph to knots. (1 knot = 1.15 mph),56.5 knots,74.75 knots,65 knots,,A,MEDIUM,Units,Generated,1.0,REVIEWED,Generated replacement for unanswered M1 question,1,Generated,{}
M1,M1.2.5,1,Convert 65 mph to knots. (1 knot = 1.15 mph),56.5 knots,74.75 knots,65 knots,,A,MEDIUM,Units,Generated,1.0,REVIEWED,Generated replacement for unanswered M1 question,1,Generated,{}
M1,M1.6.1,2,Simplify: √81,9,8,81,,A,MEDIUM,Roots,Generated,1.0,REVIEWED,Generated replacement for unanswered M1 question,1,Generated,{}
M1,M1.6.1,2,Multiply: 3/4 × 2/5,6/20,5/20,3/10,,A,MEDIUM,Fractions,Generated,1.0,REVIEWED,Generated replacement for unanswered M1 question,1,Generated,{}
M1,M1.13.1,2,What is the area of a triangle with base 10 cm and height 6 cm?,30 cm²,60 cm²,16 cm²,,A,MEDIUM,Area,Generated,1.0,REVIEWED,Generated replacement for unanswered M1 question,1,Generated,{}
M1,M1.2.5,1,"A rectangular fuel tank is 2 m long, 1 m wide and 0.5 m deep. What is its volume?",1 m³,3.5 m³,2.5 m³,,A,MEDIUM,Volume,Generated,1.0,REVIEWED,Generated replacement for unanswered M1 question,1,Generated,{}
M1,M1.11.3,1,What is 2⁵?,32,64,16,,A,MEDIUM,Powers,Generated,1.0,REVIEWED,Generated replacement for unanswered M1 question,1,Generated,{}
M1,M1.8.3,1,Simplify: x³ × x²,x⁵,x⁶,2x⁵,,A,MEDIUM,Indices,Generated,1.0,REVIEWED,Generated replacement for unanswered M1 question,1,Generated,{}
M1,M1.15.3,2,What is the value of x when 3x + 2 = 2x + 7?,5,3,7,,A,MEDIUM,Equations,Generated,1.0,REVIEWED,Generated replacement for unanswered M1 question,1,Generated,{}
M1,M1.1.4,2,Subtract: 5/8 - 1/4,3/8,4/4,1/2,,A,MEDIUM,Fractions,Generated,1.0,REVIEWED,Generated replacement for unanswered M1 question,1,Generated,{}
M1,M1.3.5,1,What is 1/3 + 1/6?,1/2,2/9,1/3,,A,MEDIUM,Fractions,Generated,1.0,REVIEWED,Generated replacement for unanswered M1 question,1,Generated,{}
M1,M1.5.3,2,Solve: 3x - 4 = 11,x = 5,x = 3,x = 4,,A,MEDIUM,Equations,Generated,1.0,REVIEWED,Generated replacement for unanswered M1 question,1,Generated,{}
M1,M1.12.3,1,"A rectangular fuel tank is 2 m long, 1 m wide and 0.5 m deep. What is its volume?",1 m³,3.5 m³,2.5 m³,,A,MEDIUM,Volume,Generated,1.0,REVIEWED,Generated replacement for unanswered M1 question,1,Generated,{}
M1,M1.17.1,2,What is the value of x when 3x + 2 = 2x + 7?,5,3,7,,A,MEDIUM,Equations,Generated,1.0,REVIEWED,Generated replacement for unanswered M1 question,1,Generated,{}
M1,M1.4.2,1,What is the value of x when 3x + 2 = 2x + 7?,5,3,7,,A,MEDIUM,Equations,Generated,1.0,REVIEWED,Generated replacement for unanswered M1 question,1,Generated,{}
M1,M1.18.2,1,Simplify: 12/18,2/3,6/9,12/18,,A,MEDIUM,Fractions,Generated,1.0,REVIEWED,Generated replacement for unanswered M1 question,1,Generated,{}
M1,M1.11.2,2,"The ratio of rivets to bolts is 4:1. If there are 80 rivets, how many bolts are there?",20,320,84,,A,MEDIUM,Ratios,Generated,1.0,REVIEWED,Generated replacement for unanswered M1 question,1,Generated,{}
M1,M1.17.4,1,Solve: 3x - 4 = 11,x = 5,x = 3,x = 4,,A,MEDIUM,Equations,Generated,1.0,REVIEWED,Generated replacement for unanswered M1 question,1,Generated,{}
M1,M1.3.4,2,What is 3.5 hours in minutes?,210 minutes,35 minutes,350 minutes,,A,MEDIUM,Units,Generated,1.0,REVIEWED,Generated replacement for unanswered M1 question,1,Generated,{}
M1,M1.1.3,2,A torque wrench is set to 150 lbf·in. What is this in lbf·ft? (12 in = 1 ft),12.5 lbf·ft,"1,800 lbf·ft",0.125 lbf·ft,,A,MEDIUM,Units,Generated,1.0,REVIEWED,Generated replacement for unanswered M1 question,1,Generated,{}
M1,M1.6.4,2,Solve: 3x - 4 = 11,x = 5,x = 3,x = 4,,A,MEDIUM,Equations,Generated,1.0,REVIEWED,Generated replacement for unanswered M1 question,1,Generated,{}
M1,M1.18.1,1,A straight angle measures:,180°,90°,360°,,A,MEDIUM,Angles,Generated,1.0,REVIEWED,Generated replacement for unanswered M1 question,1,Generated,{}
M1,M1.18.1,2,What is 15% of 200?,30,15,200,,A,MEDIUM,Percentages,Generated,1.0,REVIEWED,Generated replacement for unanswered M1 question,1,Generated,{}
M1,M1.14.2,1,Divide: 1.2 ÷ 0.3,4,0.4,40,,A,MEDIUM,Decimals,Generated,1.0,REVIEWED,Generated replacement for unanswered M1 question,1,Generated,{}
M1,M1.2.3,1,Make a the subject: v = u + at,a = (v - u)/t,a = v/t - u,a = (v + u)/t,,A,MEDIUM,Algebra,Generated,1.0,REVIEWED,Generated replacement for unanswered M1 question,1,Generated,{}
M1,M1.4.3,2,"A rectangular fuel tank is 2 m long, 1 m wide and 0.5 m deep. What is its volume?",1 m³,3.5 m³,2.5 m³,,A,MEDIUM,Volume,Generated,1.0,REVIEWED,Generated replacement for unanswered M1 question,1,Generated,{}
M1,M1.5.2,2,Two angles are supplementary. One is 110°. What is the other?,70°,110°,180°,,A,MEDIUM,Angles,Generated,1.0,REVIEWED,Generated replacement for unanswered M1 question,1,Generated,{}
M1,M1.14.1,1,"What is 5% of 1,500?",75,150,750,,A,MEDIUM,Percentages,Generated,1.0,REVIEWED,Generated replacement for unanswered M1 question,1,Generated,{}
M1,M1.14.2,1,Simplify: (x²)³,x⁶,x⁵,x⁸,,A,MEDIUM,Indices,Generated,1.0,REVIEWED,Generated replacement for unanswered M1 question,1,Generated,{}
M1,M1.13.1,2,Simplify: 12/18,2/3,6/9,12/18,,A,MEDIUM,Fractions,Generated,1.0,REVIEWED,Generated replacement for unanswered M1 question,1,Generated,{}
M1,M1.7.4,1,What is the volume of a cylinder with radius 2 cm and height 10 cm? (Use π = 3.14),125.6 cm³,62.8 cm³,251.2 cm³,,A,MEDIUM,Volume,Generated,1.0,REVIEWED,Generated replacement for unanswered M1 question,1,Generated,{}
M1,M1.8.1,2,A square has sides of 12 cm. What is its area?,144 cm²,48 cm²,24 cm²,,A,MEDIUM,Area,Generated,1.0,REVIEWED,Generated replacement for unanswered M1 question,1,Generated,{}
M1,M1.11.3,2,What is the exterior angle of a regular pentagon?,72°,108°,360°,,A,MEDIUM,Angles,Generated,1.0,REVIEWED,Generated replacement for unanswered M1 question,1,Generated,{}
M1,M1.12.5,1,"If 5x = 35, what is x?",7,5,35,,A,MEDIUM,Equations,Generated,1.0,REVIEWED,Generated replacement for unanswered M1 question,1,Generated,{}
M1,M1.1.1,2,Simplify: (x²)³,x⁶,x⁵,x⁸,,A,MEDIUM,Indices,Generated,1.0,REVIEWED,Generated replacement for unanswered M1 question,1,Generated,{}
M1,M1.6.5,2,Solve: 3x - 4 = 11,x = 5,x = 3,x = 4,,A,MEDIUM,Equations,Generated,1.0,REVIEWED,Generated replacement for unanswered M1 question,1,Generated,{}
M1,M1.2.1,2,Solve: 3x - 4 = 11,x = 5,x = 3,x = 4,,A,MEDIUM,Equations,Generated,1.0,REVIEWED,Generated replacement for unanswered M1 question,1,Generated,{}
M1,M1.11.4,2,Make x the subject of: y = 2x + 3,x = (y - 3)/2,x = y/2 - 3,x = 2y - 3,,A,MEDIUM,Algebra,Generated,1.0,REVIEWED,Generated replacement for unanswered M1 question,1,Generated,{}
M1,M1.4.4,2,What is the cube root of 27?,3,9,27,,A,MEDIUM,Roots,Generated,1.0,REVIEWED,Generated replacement for unanswered M1 question,1,Generated,{}
M1,M1.9.1,2,Express the ratio 3:5 as a fraction.,3/8,3/5,5/3,,B,MEDIUM,Ratios,Generated,1.0,REVIEWED,Generated replacement for unanswered M1 question,1,Generated,{}
M1,M1.17.5,2,Convert 5.5 kilometres to metres.,550 m,"5,500 m",55 m,,B,MEDIUM,Units,Generated,1.0,REVIEWED,Generated replacement for unanswered M1 question,1,Generated,{}
M1,M1.12.4,1,Divide 120 in the ratio 2:3.,48 and 72,60 and 60,40 and 80,,A,MEDIUM,Ratios,Generated,1.0,REVIEWED,Generated replacement for unanswered M1 question,1,Generated,{}
M1,M1.11.1,2,Simplify: (x²)³,x⁶,x⁵,x⁸,,A,MEDIUM,Indices,Generated,1.0,REVIEWED,Generated replacement for unanswered M1 question,1,Generated,{}
M1,M1.17.3,2,What is the value of x when 3x + 2 = 2x + 7?,5,3,7,,A,MEDIUM,Equations,Generated,1.0,REVIEWED,Generated replacement for unanswered M1 question,1,Generated,{}
M1,M1.13.3,2,What is 2⁻³?,1/8,8,-8,,A,MEDIUM,Indices,Generated,1.0,REVIEWED,Generated replacement for unanswered M1 question,1,Generated,{}
M1,M1.14.4,2,Express the ratio 3:5 as a fraction.,3/8,3/5,5/3,,B,MEDIUM,Ratios,Generated,1.0,REVIEWED,Generated replacement for unanswered M1 question,1,Generated,{}
M1,M1.10.4,2,"What is 5% of 1,500?",75,150,750,,A,MEDIUM,Percentages,Generated,1.0,REVIEWED,Generated replacement for unanswered M1 question,1,Generated,{}
M1,M1.10.3,1,Convert 5.5 kilometres to metres.,550 m,"5,500 m",55 m,,B,MEDIUM,Units,Generated,1.0,REVIEWED,Generated replacement for unanswered M1 question,1,Generated,{}
M1,M1.15.4,1,What is 2⁻³?,1/8,8,-8,,A,MEDIUM,Indices,Generated,1.0,REVIEWED,Generated replacement for unanswered M1 question,1,Generated,{}
M1,M1.17.4,2,What is the area of a circle with radius 7 cm? (Use π = 3.14),154 cm²,44 cm²,308 cm²,,A,MEDIUM,Area,Generated,1.0,REVIEWED,Generated replacement for unanswered M1 question,1,Generated,{}
