module,syllabusRef,level,text,optionA,optionB,optionC,optionD,correctAnswer,difficulty,subTopic,aiSourceRef,aiConfidence,status,reviewNote,points,sourceFile,rawJson,isEssay
M6,M6.06.02,,**What property of ferrous materials makes them widely used in aircraft structures?**,High electrical conductivity,High tensile strength,Resistance to corrosion,,High tensile strength,MEDIUM,,,,APPROVED,Answer extracted from source document bold marker,1,Materials Q1 set.docx,"{""raw"": ""**What property of ferrous materials makes them widely used in aircraft structures?**"", ""question"": ""**What property of ferrous materials makes them widely used in aircraft structures?**"", ""options"": [""High electrical conductivity"", ""High tensile strength"", ""Resistance to corrosion""], ""correct"": ""High tensile strength"", ""answer_text"": null, ""category"": null, ""source_file"": ""Materials Q1 set.docx"", ""source_module"": ""M6"", ""fmt"": ""csv"", ""module"": ""M6"", ""syllabusRef"": ""M6.06.02"", ""level"": """", ""difficulty"": ""MEDIUM"", ""subTopic"": """", ""isEssay"": false}",False
M6,M6.6.1(c),,**Which of the following is a common alloying element in steel?**,Aluminum,Carbon,Copper,,Carbon,MEDIUM,,,,APPROVED,Answer extracted from source document bold marker,1,Materials Q1 set.docx,"{""raw"": ""**Which of the following is a common alloying element in steel?**"", ""question"": ""**Which of the following is a common alloying element in steel?**"", ""options"": [""Aluminum"", ""Carbon"", ""Copper""], ""correct"": ""Carbon"", ""answer_text"": null, ""category"": null, ""source_file"": ""Materials Q1 set.docx"", ""source_module"": ""M6"", ""fmt"": ""csv"", ""module"": ""M6"", ""syllabusRef"": ""M6.6.1(c)"", ""level"": """", ""difficulty"": ""MEDIUM"", ""subTopic"": """", ""isEssay"": false}",False
M6,M6.06.09,,**What type of steel is most commonly used for aircraft landing gear components?**,High-strength low-alloy steel (HSLA),Stainless steel,Cast iron,,High-strength low-alloy steel (HSLA),MEDIUM,,,,APPROVED,Answer extracted from source document bold marker,1,Materials Q1 set.docx,"{""raw"": ""**What type of steel is most commonly used for aircraft landing gear components?**"", ""question"": ""**What type of steel is most commonly used for aircraft landing gear components?**"", ""options"": [""High-strength low-alloy steel (HSLA)"", ""Stainless steel"", ""Cast iron""], ""correct"": ""High-strength low-alloy steel (HSLA)"", ""answer_text"": null, ""category"": null, ""source_file"": ""Materials Q1 set.docx"", ""source_module"": ""M6"", ""fmt"": ""csv"", ""module"": ""M6"", ""syllabusRef"": ""M6.06.09"", ""level"": """", ""difficulty"": ""MEDIUM"", ""subTopic"": """", ""isEssay"": false}",False
M6,M6.06.01,,**Which process is used to improve the toughness of steel after hardening?**,Tempering,Annealing,Cold working,,Tempering,MEDIUM,,,,APPROVED,Answer extracted from source document bold marker,1,Materials Q1 set.docx,"{""raw"": ""**Which process is used to improve the toughness of steel after hardening?**"", ""question"": ""**Which process is used to improve the toughness of steel after hardening?**"", ""options"": [""Tempering"", ""Annealing"", ""Cold working""], ""correct"": ""Tempering"", ""answer_text"": null, ""category"": null, ""source_file"": ""Materials Q1 set.docx"", ""source_module"": ""M6"", ""fmt"": ""csv"", ""module"": ""M6"", ""syllabusRef"": ""M6.06.01"", ""level"": """", ""difficulty"": ""MEDIUM"", ""subTopic"": """", ""isEssay"": false}",False
M6,M6.6.1(c),,**What is the effect of adding carbon to iron to form steel?**,Decreases strength and hardness,Increases strength and hardness,Improves ductility,,Increases strength and hardness,MEDIUM,,,,APPROVED,Answer extracted from source document bold marker,1,Materials Q1 set.docx,"{""raw"": ""**What is the effect of adding carbon to iron to form steel?**"", ""question"": ""**What is the effect of adding carbon to iron to form steel?**"", ""options"": [""Decreases strength and hardness"", ""Increases strength and hardness"", ""Improves ductility""], ""correct"": ""Increases strength and hardness"", ""answer_text"": null, ""category"": null, ""source_file"": ""Materials Q1 set.docx"", ""source_module"": ""M6"", ""fmt"": ""csv"", ""module"": ""M6"", ""syllabusRef"": ""M6.6.1(c)"", ""level"": """", ""difficulty"": ""MEDIUM"", ""subTopic"": """", ""isEssay"": false}",False
M6,M6.06.04,,**Which of the following is a characteristic of mild steel?**,Low carbon content,High corrosion resistance,High cost,,Low carbon content,MEDIUM,,,,APPROVED,Answer extracted from source document bold marker,1,Materials Q1 set.docx,"{""raw"": ""**Which of the following is a characteristic of mild steel?**"", ""question"": ""**Which of the following is a characteristic of mild steel?**"", ""options"": [""Low carbon content"", ""High corrosion resistance"", ""High cost""], ""correct"": ""Low carbon content"", ""answer_text"": null, ""category"": null, ""source_file"": ""Materials Q1 set.docx"", ""source_module"": ""M6"", ""fmt"": ""csv"", ""module"": ""M6"", ""syllabusRef"": ""M6.06.04"", ""level"": """", ""difficulty"": ""MEDIUM"", ""subTopic"": """", ""isEssay"": false}",False
M6,M6.06.04,,**Stainless steel is characterized by its resistance to which of the following?**,Electrical current,Corrosion,High temperatures,,Corrosion,MEDIUM,,,,APPROVED,Answer extracted from source document bold marker,1,Materials Q1 set.docx,"{""raw"": ""**Stainless steel is characterized by its resistance to which of the following?**"", ""question"": ""**Stainless steel is characterized by its resistance to which of the following?**"", ""options"": [""Electrical current"", ""Corrosion"", ""High temperatures""], ""correct"": ""Corrosion"", ""answer_text"": null, ""category"": null, ""source_file"": ""Materials Q1 set.docx"", ""source_module"": ""M6"", ""fmt"": ""csv"", ""module"": ""M6"", ""syllabusRef"": ""M6.06.04"", ""level"": """", ""difficulty"": ""MEDIUM"", ""subTopic"": """", ""isEssay"": false}",False
M6,M6.06.04,,**What is the primary advantage of stainless steel in aircraft applications?**,Corrosion resistance,High electrical conductivity,Lightweight,,Corrosion resistance,MEDIUM,,,,APPROVED,Answer extracted from source document bold marker,1,Materials Q1 set.docx,"{""raw"": ""**What is the primary advantage of stainless steel in aircraft applications?**"", ""question"": ""**What is the primary advantage of stainless steel in aircraft applications?**"", ""options"": [""Corrosion resistance"", ""High electrical conductivity"", ""Lightweight""], ""correct"": ""Corrosion resistance"", ""answer_text"": null, ""category"": null, ""source_file"": ""Materials Q1 set.docx"", ""source_module"": ""M6"", ""fmt"": ""csv"", ""module"": ""M6"", ""syllabusRef"": ""M6.06.04"", ""level"": """", ""difficulty"": ""MEDIUM"", ""subTopic"": """", ""isEssay"": false}",False
M6,M6.06.04,,**What element is added to stainless steel to enhance its corrosion resistance?**,Carbon,Chromium,Nickel,,Chromium,MEDIUM,,,,APPROVED,Answer extracted from source document bold marker,1,Materials Q1 set.docx,"{""raw"": ""**What element is added to stainless steel to enhance its corrosion resistance?**"", ""question"": ""**What element is added to stainless steel to enhance its corrosion resistance?**"", ""options"": [""Carbon"", ""Chromium"", ""Nickel""], ""correct"": ""Chromium"", ""answer_text"": null, ""category"": null, ""source_file"": ""Materials Q1 set.docx"", ""source_module"": ""M6"", ""fmt"": ""csv"", ""module"": ""M6"", ""syllabusRef"": ""M6.06.04"", ""level"": """", ""difficulty"": ""MEDIUM"", ""subTopic"": """", ""isEssay"": false}",False
M6,M6.6.3,,**Martensitic stainless steels are typically used for which application?**,Cutting tools and turbine blades,Aircraft skins,Fasteners,,Cutting tools and turbine blades,MEDIUM,,,,APPROVED,Answer extracted from source document bold marker,1,Materials Q1 set.docx,"{""raw"": ""**Martensitic stainless steels are typically used for which application?**"", ""question"": ""**Martensitic stainless steels are typically used for which application?**"", ""options"": [""Cutting tools and turbine blades"", ""Aircraft skins"", ""Fasteners""], ""correct"": ""Cutting tools and turbine blades"", ""answer_text"": null, ""category"": null, ""source_file"": ""Materials Q1 set.docx"", ""source_module"": ""M6"", ""fmt"": ""csv"", ""module"": ""M6"", ""syllabusRef"": ""M6.6.3"", ""level"": """", ""difficulty"": ""MEDIUM"", ""subTopic"": """", ""isEssay"": false}",False
M6,M6.6.1(c),,**What is the main characteristic of high-carbon steel?**,High ductility,High hardness and brittleness,Low tensile strength,,High hardness and brittleness,MEDIUM,,,,APPROVED,Answer extracted from source document bold marker,1,Materials Q1 set.docx,"{""raw"": ""**What is the main characteristic of high-carbon steel?**"", ""question"": ""**What is the main characteristic of high-carbon steel?**"", ""options"": [""High ductility"", ""High hardness and brittleness"", ""Low tensile strength""], ""correct"": ""High hardness and brittleness"", ""answer_text"": null, ""category"": null, ""source_file"": ""Materials Q1 set.docx"", ""source_module"": ""M6"", ""fmt"": ""csv"", ""module"": ""M6"", ""syllabusRef"": ""M6.6.1(c)"", ""level"": """", ""difficulty"": ""MEDIUM"", ""subTopic"": """", ""isEssay"": false}",False
M6,M6.6.4(b),,**Ferritic stainless steels are primarily used in aircraft for which of the following reasons?**,Good formability and resistance to stress corrosion,High tensile strength,Low cost,,Good formability and resistance to stress corrosion,MEDIUM,,,,APPROVED,Answer extracted from source document bold marker,1,Materials Q1 set.docx,"{""raw"": ""**Ferritic stainless steels are primarily used in aircraft for which of the following reasons?**"", ""question"": ""**Ferritic stainless steels are primarily used in aircraft for which of the following reasons?**"", ""options"": [""Good formability and resistance to stress corrosion"", ""High tensile strength"", ""Low cost""], ""correct"": ""Good formability and resistance to stress corrosion"", ""answer_text"": null, ""category"": null, ""source_file"": ""Materials Q1 set.docx"", ""source_module"": ""M6"", ""fmt"": ""csv"", ""module"": ""M6"", ""syllabusRef"": ""M6.6.4(b)"", ""level"": """", ""difficulty"": ""MEDIUM"", ""subTopic"": """", ""isEssay"": false}",False
M6,M6.06.02,,**How does annealing affect the properties of ferrous materials?**,Relieves internal stresses and softens the material,Increases hardness,Improves electrical conductivity,,Relieves internal stresses and softens the material,MEDIUM,,,,APPROVED,Answer extracted from source document bold marker,1,Materials Q1 set.docx,"{""raw"": ""**How does annealing affect the properties of ferrous materials?**"", ""question"": ""**How does annealing affect the properties of ferrous materials?**"", ""options"": [""Relieves internal stresses and softens the material"", ""Increases hardness"", ""Improves electrical conductivity""], ""correct"": ""Relieves internal stresses and softens the material"", ""answer_text"": null, ""category"": null, ""source_file"": ""Materials Q1 set.docx"", ""source_module"": ""M6"", ""fmt"": ""csv"", ""module"": ""M6"", ""syllabusRef"": ""M6.06.02"", ""level"": """", ""difficulty"": ""MEDIUM"", ""subTopic"": """", ""isEssay"": false}",False
M6,M6.06.02,,**Which of the following is an important consideration when using ferrous materials in aircraft?**,Low thermal conductivity,Susceptibility to corrosion,High weight-to-strength ratio,,Susceptibility to corrosion,MEDIUM,,,,APPROVED,Answer extracted from source document bold marker,1,Materials Q1 set.docx,"{""raw"": ""**Which of the following is an important consideration when using ferrous materials in aircraft?**"", ""question"": ""**Which of the following is an important consideration when using ferrous materials in aircraft?**"", ""options"": [""Low thermal conductivity"", ""Susceptibility to corrosion"", ""High weight-to-strength ratio""], ""correct"": ""Susceptibility to corrosion"", ""answer_text"": null, ""category"": null, ""source_file"": ""Materials Q1 set.docx"", ""source_module"": ""M6"", ""fmt"": ""csv"", ""module"": ""M6"", ""syllabusRef"": ""M6.06.02"", ""level"": """", ""difficulty"": ""MEDIUM"", ""subTopic"": """", ""isEssay"": false}",False
M6,M6.6.4(b),,**Which process involves heating steel to a high temperature and then rapidly cooling it?**,Quenching,Normalizing,Tempering,,Quenching,MEDIUM,,,,APPROVED,Answer extracted from source document bold marker,1,Materials Q1 set.docx,"{""raw"": ""**Which process involves heating steel to a high temperature and then rapidly cooling it?**"", ""question"": ""**Which process involves heating steel to a high temperature and then rapidly cooling it?**"", ""options"": [""Quenching"", ""Normalizing"", ""Tempering""], ""correct"": ""Quenching"", ""answer_text"": null, ""category"": null, ""source_file"": ""Materials Q1 set.docx"", ""source_module"": ""M6"", ""fmt"": ""csv"", ""module"": ""M6"", ""syllabusRef"": ""M6.6.4(b)"", ""level"": """", ""difficulty"": ""MEDIUM"", ""subTopic"": """", ""isEssay"": false}",False
M6,M6.06.04,,**What is the main drawback of using high-strength steels in aircraft structures?**,Increased susceptibility to corrosion,Low tensile strength,High electrical conductivity,,Increased susceptibility to corrosion,MEDIUM,,,,APPROVED,Answer extracted from source document bold marker,1,Materials Q1 set.docx,"{""raw"": ""**What is the main drawback of using high-strength steels in aircraft structures?**"", ""question"": ""**What is the main drawback of using high-strength steels in aircraft structures?**"", ""options"": [""Increased susceptibility to corrosion"", ""Low tensile strength"", ""High electrical conductivity""], ""correct"": ""Increased susceptibility to corrosion"", ""answer_text"": null, ""category"": null, ""source_file"": ""Materials Q1 set.docx"", ""source_module"": ""M6"", ""fmt"": ""csv"", ""module"": ""M6"", ""syllabusRef"": ""M6.06.04"", ""level"": """", ""difficulty"": ""MEDIUM"", ""subTopic"": """", ""isEssay"": false}",False
M6,M6.06.02,,**Which of the following ferrous materials is most susceptible to corrosion?**,Mild steel,Stainless steel,Alloy steel,,Mild steel,MEDIUM,,,,APPROVED,Answer extracted from source document bold marker,1,Materials Q1 set.docx,"{""raw"": ""**Which of the following ferrous materials is most susceptible to corrosion?**"", ""question"": ""**Which of the following ferrous materials is most susceptible to corrosion?**"", ""options"": [""Mild steel"", ""Stainless steel"", ""Alloy steel""], ""correct"": ""Mild steel"", ""answer_text"": null, ""category"": null, ""source_file"": ""Materials Q1 set.docx"", ""source_module"": ""M6"", ""fmt"": ""csv"", ""module"": ""M6"", ""syllabusRef"": ""M6.06.02"", ""level"": """", ""difficulty"": ""MEDIUM"", ""subTopic"": """", ""isEssay"": false}",False
M6,M6.6.1(c),,**What is the purpose of normalizing steel in the heat treatment process?**,Increase hardness,Refine the grain structure and improve mechanical properties,Increase electrical resistance,,Refine the grain structure and improve mechanical properties,MEDIUM,,,,APPROVED,Answer extracted from source document bold marker,1,Materials Q1 set.docx,"{""raw"": ""**What is the purpose of normalizing steel in the heat treatment process?**"", ""question"": ""**What is the purpose of normalizing steel in the heat treatment process?**"", ""options"": [""Increase hardness"", ""Refine the grain structure and improve mechanical properties"", ""Increase electrical resistance""], ""correct"": ""Refine the grain structure and improve mechanical properties"", ""answer_text"": null, ""category"": null, ""source_file"": ""Materials Q1 set.docx"", ""source_module"": ""M6"", ""fmt"": ""csv"", ""module"": ""M6"", ""syllabusRef"": ""M6.6.1(c)"", ""level"": """", ""difficulty"": ""MEDIUM"", ""subTopic"": """", ""isEssay"": false}",False
M6,,,**What is a common characteristic of tool steels?**,High formability,High wear resistance,Low hardness,,High wear resistance,MEDIUM,,,,APPROVED,Answer extracted from source document bold marker,1,Materials Q1 set.docx,"{""raw"": ""**What is a common characteristic of tool steels?**"", ""question"": ""**What is a common characteristic of tool steels?**"", ""options"": [""High formability"", ""High wear resistance"", ""Low hardness""], ""correct"": ""High wear resistance"", ""answer_text"": null, ""category"": null, ""source_file"": ""Materials Q1 set.docx"", ""source_module"": ""M6"", ""fmt"": ""csv"", ""module"": ""M6"", ""syllabusRef"": """", ""level"": """", ""difficulty"": ""MEDIUM"", ""subTopic"": """", ""isEssay"": false}",False
M6,M6.06.09,,**What type of steel is used in high-temperature environments in aircraft engines?**,Heat-resistant alloy steel,Mild steel,Carbon steel,,Heat-resistant alloy steel,MEDIUM,,,,APPROVED,Answer extracted from source document bold marker,1,Materials Q1 set.docx,"{""raw"": ""**What type of steel is used in high-temperature environments in aircraft engines?**"", ""question"": ""**What type of steel is used in high-temperature environments in aircraft engines?**"", ""options"": [""Heat-resistant alloy steel"", ""Mild steel"", ""Carbon steel""], ""correct"": ""Heat-resistant alloy steel"", ""answer_text"": null, ""category"": null, ""source_file"": ""Materials Q1 set.docx"", ""source_module"": ""M6"", ""fmt"": ""csv"", ""module"": ""M6"", ""syllabusRef"": ""M6.06.09"", ""level"": """", ""difficulty"": ""MEDIUM"", ""subTopic"": """", ""isEssay"": false}",False
M6,M6.06.02,,**Which of the following is a key difference between ferrous and non-ferrous materials?**,"Ferrous materials contain iron, while non-ferrous materials do not",Non-ferrous materials are always heavier,Ferrous materials are non-magnetic,,"Ferrous materials contain iron, while non-ferrous materials do not",MEDIUM,,,,APPROVED,Answer extracted from source document bold marker,1,Materials Q1 set.docx,"{""raw"": ""**Which of the following is a key difference between ferrous and non-ferrous materials?**"", ""question"": ""**Which of the following is a key difference between ferrous and non-ferrous materials?**"", ""options"": [""Ferrous materials contain iron, while non-ferrous materials do not"", ""Non-ferrous materials are always heavier"", ""Ferrous materials are non-magnetic""], ""correct"": ""Ferrous materials contain iron, while non-ferrous materials do not"", ""answer_text"": null, ""category"": null, ""source_file"": ""Materials Q1 set.docx"", ""source_module"": ""M6"", ""fmt"": ""csv"", ""module"": ""M6"", ""syllabusRef"": ""M6.06.02"", ""level"": """", ""difficulty"": ""MEDIUM"", ""subTopic"": """", ""isEssay"": false}",False
M6,M6.06.09,,**What is the primary disadvantage of using aluminum in aircraft structures?**,High weight,Lower strength compared to steel,Poor thermal conductivity,,Lower strength compared to steel,MEDIUM,,,,APPROVED,Answer extracted from source document bold marker,1,Materials Q1 set.docx,"{""raw"": ""**What is the primary disadvantage of using aluminum in aircraft structures?**"", ""question"": ""**What is the primary disadvantage of using aluminum in aircraft structures?**"", ""options"": [""High weight"", ""Lower strength compared to steel"", ""Poor thermal conductivity""], ""correct"": ""Lower strength compared to steel"", ""answer_text"": null, ""category"": null, ""source_file"": ""Materials Q1 set.docx"", ""source_module"": ""M6"", ""fmt"": ""csv"", ""module"": ""M6"", ""syllabusRef"": ""M6.06.09"", ""level"": """", ""difficulty"": ""MEDIUM"", ""subTopic"": """", ""isEssay"": false}",False
M6,M6.6.4(b),,**What is the primary reason for using titanium in aircraft components?**,High strength-to-weight ratio and corrosion resistance,Low cost,Electrical conductivity,,High strength-to-weight ratio and corrosion resistance,MEDIUM,,,,APPROVED,Answer extracted from source document bold marker,1,Materials Q1 set.docx,"{""raw"": ""**What is the primary reason for using titanium in aircraft components?**"", ""question"": ""**What is the primary reason for using titanium in aircraft components?**"", ""options"": [""High strength-to-weight ratio and corrosion resistance"", ""Low cost"", ""Electrical conductivity""], ""correct"": ""High strength-to-weight ratio and corrosion resistance"", ""answer_text"": null, ""category"": null, ""source_file"": ""Materials Q1 set.docx"", ""source_module"": ""M6"", ""fmt"": ""csv"", ""module"": ""M6"", ""syllabusRef"": ""M6.6.4(b)"", ""level"": """", ""difficulty"": ""MEDIUM"", ""subTopic"": """", ""isEssay"": false}",False
M6,M6.06.02,,**Which of the following is a non-ferrous material commonly used in aircraft?**,Aluminum,Stainless steel,Cast iron,,Aluminum,MEDIUM,,,,APPROVED,Answer extracted from source document bold marker,1,Materials Q1 set.docx,"{""raw"": ""**Which of the following is a non-ferrous material commonly used in aircraft?**"", ""question"": ""**Which of the following is a non-ferrous material commonly used in aircraft?**"", ""options"": [""Aluminum"", ""Stainless steel"", ""Cast iron""], ""correct"": ""Aluminum"", ""answer_text"": null, ""category"": null, ""source_file"": ""Materials Q1 set.docx"", ""source_module"": ""M6"", ""fmt"": ""csv"", ""module"": ""M6"", ""syllabusRef"": ""M6.06.02"", ""level"": """", ""difficulty"": ""MEDIUM"", ""subTopic"": """", ""isEssay"": false}",False
M6,M6.6.4(b),,**Why is aluminum commonly used in aircraft construction?**,Low weight and good corrosion resistance,High tensile strength,High thermal conductivity,,Low weight and good corrosion resistance,MEDIUM,,,,APPROVED,Answer extracted from source document bold marker,1,Materials Q1 set.docx,"{""raw"": ""**Why is aluminum commonly used in aircraft construction?**"", ""question"": ""**Why is aluminum commonly used in aircraft construction?**"", ""options"": [""Low weight and good corrosion resistance"", ""High tensile strength"", ""High thermal conductivity""], ""correct"": ""Low weight and good corrosion resistance"", ""answer_text"": null, ""category"": null, ""source_file"": ""Materials Q1 set.docx"", ""source_module"": ""M6"", ""fmt"": ""csv"", ""module"": ""M6"", ""syllabusRef"": ""M6.6.4(b)"", ""level"": """", ""difficulty"": ""MEDIUM"", ""subTopic"": """", ""isEssay"": false}",False
M6,M6.06.02,,**Which non-ferrous metal is known for its excellent corrosion resistance and is often used in aircraft hydraulic systems?**,Aluminum,Titanium,Copper,,Titanium,MEDIUM,,,,APPROVED,Answer extracted from source document bold marker,1,Materials Q1 set.docx,"{""raw"": ""**Which non-ferrous metal is known for its excellent corrosion resistance and is often used in aircraft hydraulic systems?**"", ""question"": ""**Which non-ferrous metal is known for its excellent corrosion resistance and is often used in aircraft hydraulic systems?**"", ""options"": [""Aluminum"", ""Titanium"", ""Copper""], ""correct"": ""Titanium"", ""answer_text"": null, ""category"": null, ""source_file"": ""Materials Q1 set.docx"", ""source_module"": ""M6"", ""fmt"": ""csv"", ""module"": ""M6"", ""syllabusRef"": ""M6.06.02"", ""level"": """", ""difficulty"": ""MEDIUM"", ""subTopic"": """", ""isEssay"": false}",False
M6,M6.06.04,,**What is the primary advantage of using copper in electrical systems of aircraft?**,High electrical conductivity,Lightweight,Corrosion resistance,,High electrical conductivity,MEDIUM,,,,APPROVED,Answer extracted from source document bold marker,1,Materials Q1 set.docx,"{""raw"": ""**What is the primary advantage of using copper in electrical systems of aircraft?**"", ""question"": ""**What is the primary advantage of using copper in electrical systems of aircraft?**"", ""options"": [""High electrical conductivity"", ""Lightweight"", ""Corrosion resistance""], ""correct"": ""High electrical conductivity"", ""answer_text"": null, ""category"": null, ""source_file"": ""Materials Q1 set.docx"", ""source_module"": ""M6"", ""fmt"": ""csv"", ""module"": ""M6"", ""syllabusRef"": ""M6.06.04"", ""level"": """", ""difficulty"": ""MEDIUM"", ""subTopic"": """", ""isEssay"": false}",False
M6,M6.06.02,,**Which material is primarily used for aircraft skins due to its lightweight properties?**,Titanium,Aluminum,Steel,,Aluminum,MEDIUM,,,,APPROVED,Answer extracted from source document bold marker,1,Materials Q1 set.docx,"{""raw"": ""**Which material is primarily used for aircraft skins due to its lightweight properties?**"", ""question"": ""**Which material is primarily used for aircraft skins due to its lightweight properties?**"", ""options"": [""Titanium"", ""Aluminum"", ""Steel""], ""correct"": ""Aluminum"", ""answer_text"": null, ""category"": null, ""source_file"": ""Materials Q1 set.docx"", ""source_module"": ""M6"", ""fmt"": ""csv"", ""module"": ""M6"", ""syllabusRef"": ""M6.06.02"", ""level"": """", ""difficulty"": ""MEDIUM"", ""subTopic"": """", ""isEssay"": false}",False
M6,M6.06.04,,**Which property makes magnesium alloys attractive for aerospace applications?**,Lightweight with good strength,High corrosion resistance,High electrical conductivity,,Lightweight with good strength,MEDIUM,,,,APPROVED,Answer extracted from source document bold marker,1,Materials Q1 set.docx,"{""raw"": ""**Which property makes magnesium alloys attractive for aerospace applications?**"", ""question"": ""**Which property makes magnesium alloys attractive for aerospace applications?**"", ""options"": [""Lightweight with good strength"", ""High corrosion resistance"", ""High electrical conductivity""], ""correct"": ""Lightweight with good strength"", ""answer_text"": null, ""category"": null, ""source_file"": ""Materials Q1 set.docx"", ""source_module"": ""M6"", ""fmt"": ""csv"", ""module"": ""M6"", ""syllabusRef"": ""M6.06.04"", ""level"": """", ""difficulty"": ""MEDIUM"", ""subTopic"": """", ""isEssay"": false}",False
M6,M6.06.04,,**What is a common disadvantage of magnesium alloys in aircraft?**,High susceptibility to corrosion,Low strength,High electrical resistance,,High susceptibility to corrosion,MEDIUM,,,,APPROVED,Answer extracted from source document bold marker,1,Materials Q1 set.docx,"{""raw"": ""**What is a common disadvantage of magnesium alloys in aircraft?**"", ""question"": ""**What is a common disadvantage of magnesium alloys in aircraft?**"", ""options"": [""High susceptibility to corrosion"", ""Low strength"", ""High electrical resistance""], ""correct"": ""High susceptibility to corrosion"", ""answer_text"": null, ""category"": null, ""source_file"": ""Materials Q1 set.docx"", ""source_module"": ""M6"", ""fmt"": ""csv"", ""module"": ""M6"", ""syllabusRef"": ""M6.06.04"", ""level"": """", ""difficulty"": ""MEDIUM"", ""subTopic"": """", ""isEssay"": false}",False
M6,M6.06.09,,**What is a common application of copper alloys in aircraft?**,Electrical wiring,Airframe structures,Landing gear,,Electrical wiring,MEDIUM,,,,APPROVED,Answer extracted from source document bold marker,1,Materials Q1 set.docx,"{""raw"": ""**What is a common application of copper alloys in aircraft?**"", ""question"": ""**What is a common application of copper alloys in aircraft?**"", ""options"": [""Electrical wiring"", ""Airframe structures"", ""Landing gear""], ""correct"": ""Electrical wiring"", ""answer_text"": null, ""category"": null, ""source_file"": ""Materials Q1 set.docx"", ""source_module"": ""M6"", ""fmt"": ""csv"", ""module"": ""M6"", ""syllabusRef"": ""M6.06.09"", ""level"": """", ""difficulty"": ""MEDIUM"", ""subTopic"": """", ""isEssay"": false}",False
M6,M6.06.02,,**Which non-ferrous material is commonly used in high-temperature areas such as jet engines?**,Aluminum,Titanium,Copper,,Titanium,MEDIUM,,,,APPROVED,Answer extracted from source document bold marker,1,Materials Q1 set.docx,"{""raw"": ""**Which non-ferrous material is commonly used in high-temperature areas such as jet engines?**"", ""question"": ""**Which non-ferrous material is commonly used in high-temperature areas such as jet engines?**"", ""options"": [""Aluminum"", ""Titanium"", ""Copper""], ""correct"": ""Titanium"", ""answer_text"": null, ""category"": null, ""source_file"": ""Materials Q1 set.docx"", ""source_module"": ""M6"", ""fmt"": ""csv"", ""module"": ""M6"", ""syllabusRef"": ""M6.06.02"", ""level"": """", ""difficulty"": ""MEDIUM"", ""subTopic"": """", ""isEssay"": false}",False
M6,M6.6.3,,**Why is beryllium-copper alloy used in aircraft components?**,High strength and excellent fatigue resistance,Lightweight,Low cost,,High strength and excellent fatigue resistance,MEDIUM,,,,APPROVED,Answer extracted from source document bold marker,1,Materials Q1 set.docx,"{""raw"": ""**Why is beryllium-copper alloy used in aircraft components?**"", ""question"": ""**Why is beryllium-copper alloy used in aircraft components?**"", ""options"": [""High strength and excellent fatigue resistance"", ""Lightweight"", ""Low cost""], ""correct"": ""High strength and excellent fatigue resistance"", ""answer_text"": null, ""category"": null, ""source_file"": ""Materials Q1 set.docx"", ""source_module"": ""M6"", ""fmt"": ""csv"", ""module"": ""M6"", ""syllabusRef"": ""M6.6.3"", ""level"": """", ""difficulty"": ""MEDIUM"", ""subTopic"": """", ""isEssay"": false}",False
M6,M6.06.04,,**What is a notable property of zinc when used in aircraft alloys?**,High corrosion resistance,Provides good strength when alloyed with other metals,Low tensile strength,,Provides good strength when alloyed with other metals,MEDIUM,,,,APPROVED,Answer extracted from source document bold marker,1,Materials Q1 set.docx,"{""raw"": ""**What is a notable property of zinc when used in aircraft alloys?**"", ""question"": ""**What is a notable property of zinc when used in aircraft alloys?**"", ""options"": [""High corrosion resistance"", ""Provides good strength when alloyed with other metals"", ""Low tensile strength""], ""correct"": ""Provides good strength when alloyed with other metals"", ""answer_text"": null, ""category"": null, ""source_file"": ""Materials Q1 set.docx"", ""source_module"": ""M6"", ""fmt"": ""csv"", ""module"": ""M6"", ""syllabusRef"": ""M6.06.04"", ""level"": """", ""difficulty"": ""MEDIUM"", ""subTopic"": """", ""isEssay"": false}",False
M6,M6.06.02,,**Which material is commonly used in aircraft brake systems due to its high strength and heat resistance?**,Aluminum,Titanium,Magnesium,,Titanium,MEDIUM,,,,APPROVED,Answer extracted from source document bold marker,1,Materials Q1 set.docx,"{""raw"": ""**Which material is commonly used in aircraft brake systems due to its high strength and heat resistance?**"", ""question"": ""**Which material is commonly used in aircraft brake systems due to its high strength and heat resistance?**"", ""options"": [""Aluminum"", ""Titanium"", ""Magnesium""], ""correct"": ""Titanium"", ""answer_text"": null, ""category"": null, ""source_file"": ""Materials Q1 set.docx"", ""source_module"": ""M6"", ""fmt"": ""csv"", ""module"": ""M6"", ""syllabusRef"": ""M6.06.02"", ""level"": """", ""difficulty"": ""MEDIUM"", ""subTopic"": """", ""isEssay"": false}",False
M6,M6.6.2(b),,**Which non-ferrous alloy is known for its ability to retain strength at high temperatures?**,Nickel-based alloys,Aluminum alloys,Copper alloys,,Nickel-based alloys,MEDIUM,,,,APPROVED,Answer extracted from source document bold marker,1,Materials Q1 set.docx,"{""raw"": ""**Which non-ferrous alloy is known for its ability to retain strength at high temperatures?**"", ""question"": ""**Which non-ferrous alloy is known for its ability to retain strength at high temperatures?**"", ""options"": [""Nickel-based alloys"", ""Aluminum alloys"", ""Copper alloys""], ""correct"": ""Nickel-based alloys"", ""answer_text"": null, ""category"": null, ""source_file"": ""Materials Q1 set.docx"", ""source_module"": ""M6"", ""fmt"": ""csv"", ""module"": ""M6"", ""syllabusRef"": ""M6.6.2(b)"", ""level"": """", ""difficulty"": ""MEDIUM"", ""subTopic"": """", ""isEssay"": false}",False
M6,M6.06.02,,"**In aircraft, where are magnesium alloys most commonly used?**",Non-structural components such as engine housings,Airframe structures,Electrical wiring,,Non-structural components such as engine housings,MEDIUM,,,,APPROVED,Answer extracted from source document bold marker,1,Materials Q1 set.docx,"{""raw"": ""**In aircraft, where are magnesium alloys most commonly used?**"", ""question"": ""**In aircraft, where are magnesium alloys most commonly used?**"", ""options"": [""Non-structural components such as engine housings"", ""Airframe structures"", ""Electrical wiring""], ""correct"": ""Non-structural components such as engine housings"", ""answer_text"": null, ""category"": null, ""source_file"": ""Materials Q1 set.docx"", ""source_module"": ""M6"", ""fmt"": ""csv"", ""module"": ""M6"", ""syllabusRef"": ""M6.06.02"", ""level"": """", ""difficulty"": ""MEDIUM"", ""subTopic"": """", ""isEssay"": false}",False
M6,M6.6.4(b),,**Which alloy is typically used for making aircraft fasteners due to its strength and resistance to corrosion?**,Copper alloys,Nickel-based alloys,Magnesium alloys,,Nickel-based alloys,MEDIUM,,,,APPROVED,Answer extracted from source document bold marker,1,Materials Q1 set.docx,"{""raw"": ""**Which alloy is typically used for making aircraft fasteners due to its strength and resistance to corrosion?**"", ""question"": ""**Which alloy is typically used for making aircraft fasteners due to its strength and resistance to corrosion?**"", ""options"": [""Copper alloys"", ""Nickel-based alloys"", ""Magnesium alloys""], ""correct"": ""Nickel-based alloys"", ""answer_text"": null, ""category"": null, ""source_file"": ""Materials Q1 set.docx"", ""source_module"": ""M6"", ""fmt"": ""csv"", ""module"": ""M6"", ""syllabusRef"": ""M6.6.4(b)"", ""level"": """", ""difficulty"": ""MEDIUM"", ""subTopic"": """", ""isEssay"": false}",False
M6,M6.6.4(b),,**What is the advantage of using brass (a copper-zinc alloy) in aircraft?**,High strength,Good corrosion resistance and workability,Lightweight,,Good corrosion resistance and workability,MEDIUM,,,,APPROVED,Answer extracted from source document bold marker,1,Materials Q1 set.docx,"{""raw"": ""**What is the advantage of using brass (a copper-zinc alloy) in aircraft?**"", ""question"": ""**What is the advantage of using brass (a copper-zinc alloy) in aircraft?**"", ""options"": [""High strength"", ""Good corrosion resistance and workability"", ""Lightweight""], ""correct"": ""Good corrosion resistance and workability"", ""answer_text"": null, ""category"": null, ""source_file"": ""Materials Q1 set.docx"", ""source_module"": ""M6"", ""fmt"": ""csv"", ""module"": ""M6"", ""syllabusRef"": ""M6.6.4(b)"", ""level"": """", ""difficulty"": ""MEDIUM"", ""subTopic"": """", ""isEssay"": false}",False
M6,M6.6.3,,**Which of the following is a common use of aluminum alloys in aircraft?**,Airframe skins and structures,Hydraulic system components,Brake systems,,Airframe skins and structures,MEDIUM,,,,APPROVED,Answer extracted from source document bold marker,1,Materials Q1 set.docx,"{""raw"": ""**Which of the following is a common use of aluminum alloys in aircraft?**"", ""question"": ""**Which of the following is a common use of aluminum alloys in aircraft?**"", ""options"": [""Airframe skins and structures"", ""Hydraulic system components"", ""Brake systems""], ""correct"": ""Airframe skins and structures"", ""answer_text"": null, ""category"": null, ""source_file"": ""Materials Q1 set.docx"", ""source_module"": ""M6"", ""fmt"": ""csv"", ""module"": ""M6"", ""syllabusRef"": ""M6.6.3"", ""level"": """", ""difficulty"": ""MEDIUM"", ""subTopic"": """", ""isEssay"": false}",False
M6,M6.6.1(c),,1. What does the pitch of a screw thread refer to?,The diameter of the thread,The distance between two corresponding points on adjacent threads,The angle of the thread,,The distance between two corresponding points on adjacent threads,MEDIUM,,,,APPROVED,,1,Sub5-10 questions.docx,"{""raw"": ""1. What does the pitch of a screw thread refer to?"", ""question"": ""1. What does the pitch of a screw thread refer to?"", ""options"": [""The diameter of the thread"", ""The distance between two corresponding points on adjacent threads"", ""The angle of the thread""], ""correct"": ""The distance between two corresponding points on adjacent threads"", ""answer_text"": null, ""category"": null, ""source_file"": ""Sub5-10 questions.docx"", ""source_module"": ""M6"", ""fmt"": ""csv"", ""module"": ""M6"", ""syllabusRef"": ""M6.6.1(c)"", ""level"": """", ""difficulty"": ""MEDIUM"", ""subTopic"": """", ""isEssay"": false}",False
M6,,,Which type of thread is more likely to loosen due to vibration?,Fine thread,Coarse thread,Single-start thread,,Coarse thread,MEDIUM,,,,APPROVED,Answer extracted from source document bold marker,1,Sub5-10 questions.docx,"{""raw"": ""Which type of thread is more likely to loosen due to vibration?"", ""question"": ""Which type of thread is more likely to loosen due to vibration?"", ""options"": [""Fine thread"", ""Coarse thread"", ""Single-start thread""], ""correct"": ""Coarse thread"", ""answer_text"": null, ""category"": null, ""source_file"": ""Sub5-10 questions.docx"", ""source_module"": ""M6"", ""fmt"": ""csv"", ""module"": ""M6"", ""syllabusRef"": """", ""level"": """", ""difficulty"": ""MEDIUM"", ""subTopic"": """", ""isEssay"": false}",False
M6,M6.6.1(c),,What is the purpose of the flank in a screw thread?,Connect the major and minor diameters,Connect the crest and root of the thread,Provide a smooth surface,,Connect the crest and root of the thread,MEDIUM,,,,APPROVED,Answer extracted from source document bold marker,1,Sub5-10 questions.docx,"{""raw"": ""What is the purpose of the flank in a screw thread?"", ""question"": ""What is the purpose of the flank in a screw thread?"", ""options"": [""Connect the major and minor diameters"", ""Connect the crest and root of the thread"", ""Provide a smooth surface""], ""correct"": ""Connect the crest and root of the thread"", ""answer_text"": null, ""category"": null, ""source_file"": ""Sub5-10 questions.docx"", ""source_module"": ""M6"", ""fmt"": ""csv"", ""module"": ""M6"", ""syllabusRef"": ""M6.6.1(c)"", ""level"": """", ""difficulty"": ""MEDIUM"", ""subTopic"": """", ""isEssay"": false}",False
M6,M6.6.1(c),,"In a multi-start thread, how is lead defined?",Equal to the diameter of the thread,Equal to the pitch multiplied by the number of starts,Half the distance of the pitch,,Equal to the pitch multiplied by the number of starts,MEDIUM,,,,APPROVED,Answer extracted from source document bold marker,1,Sub5-10 questions.docx,"{""raw"": ""In a multi-start thread, how is lead defined?"", ""question"": ""In a multi-start thread, how is lead defined?"", ""options"": [""Equal to the diameter of the thread"", ""Equal to the pitch multiplied by the number of starts"", ""Half the distance of the pitch""], ""correct"": ""Equal to the pitch multiplied by the number of starts"", ""answer_text"": null, ""category"": null, ""source_file"": ""Sub5-10 questions.docx"", ""source_module"": ""M6"", ""fmt"": ""csv"", ""module"": ""M6"", ""syllabusRef"": ""M6.6.1(c)"", ""level"": """", ""difficulty"": ""MEDIUM"", ""subTopic"": """", ""isEssay"": false}",False
M6,M6.06.02,,What are wire thread inserts used for?,Joining two materials,Strengthening worn or damaged threads,Holding rivets together,,Strengthening worn or damaged threads,MEDIUM,,,,APPROVED,Answer extracted from source document bold marker,1,Sub5-10 questions.docx,"{""raw"": ""What are wire thread inserts used for?"", ""question"": ""What are wire thread inserts used for?"", ""options"": [""Joining two materials"", ""Strengthening worn or damaged threads"", ""Holding rivets together""], ""correct"": ""Strengthening worn or damaged threads"", ""answer_text"": null, ""category"": null, ""source_file"": ""Sub5-10 questions.docx"", ""source_module"": ""M6"", ""fmt"": ""csv"", ""module"": ""M6"", ""syllabusRef"": ""M6.06.02"", ""level"": """", ""difficulty"": ""MEDIUM"", ""subTopic"": """", ""isEssay"": false}",False
M6,M6.6.1(c),,6. What type of gauge is used to ensure the correct size of an internal thread?,GO/NO GO plug gauge,Micrometer,Vernier caliper,,GO/NO GO plug gauge,MEDIUM,,,,APPROVED,Answer extracted from source document bold marker,1,Sub5-10 questions.docx,"{""raw"": ""6. What type of gauge is used to ensure the correct size of an internal thread?"", ""question"": ""6. What type of gauge is used to ensure the correct size of an internal thread?"", ""options"": [""GO/NO GO plug gauge"", ""Micrometer"", ""Vernier caliper""], ""correct"": ""GO/NO GO plug gauge"", ""answer_text"": null, ""category"": null, ""source_file"": ""Sub5-10 questions.docx"", ""source_module"": ""M6"", ""fmt"": ""csv"", ""module"": ""M6"", ""syllabusRef"": ""M6.6.1(c)"", ""level"": """", ""difficulty"": ""MEDIUM"", ""subTopic"": """", ""isEssay"": false}",False
M6,M6.6.1(c),,"7. When installing a wire thread insert, which step must be followed?",Solder the insert,Leave the tang attached,Remove the tang after installation,,Remove the tang after installation,MEDIUM,,,,APPROVED,Answer extracted from source document bold marker,1,Sub5-10 questions.docx,"{""raw"": ""7. When installing a wire thread insert, which step must be followed?"", ""question"": ""7. When installing a wire thread insert, which step must be followed?"", ""options"": [""Solder the insert"", ""Leave the tang attached"", ""Remove the tang after installation""], ""correct"": ""Remove the tang after installation"", ""answer_text"": null, ""category"": null, ""source_file"": ""Sub5-10 questions.docx"", ""source_module"": ""M6"", ""fmt"": ""csv"", ""module"": ""M6"", ""syllabusRef"": ""M6.6.1(c)"", ""level"": """", ""difficulty"": ""MEDIUM"", ""subTopic"": """", ""isEssay"": false}",False
M6,M6.6.1(c),,Which of the following is a characteristic of early series AN bolts?,Made from high-strength steel,Made from low-strength steel or aluminum alloy,Used in naval applications only,,Made from low-strength steel or aluminum alloy,MEDIUM,,,,APPROVED,Answer extracted from source document bold marker,1,Sub5-10 questions.docx,"{""raw"": ""Which of the following is a characteristic of early series AN bolts?"", ""question"": ""Which of the following is a characteristic of early series AN bolts?"", ""options"": [""Made from high-strength steel"", ""Made from low-strength steel or aluminum alloy"", ""Used in naval applications only""], ""correct"": ""Made from low-strength steel or aluminum alloy"", ""answer_text"": null, ""category"": null, ""source_file"": ""Sub5-10 questions.docx"", ""source_module"": ""M6"", ""fmt"": ""csv"", ""module"": ""M6"", ""syllabusRef"": ""M6.6.1(c)"", ""level"": """", ""difficulty"": ""MEDIUM"", ""subTopic"": """", ""isEssay"": false}",False
M6,M6.6.3,,What is the main difference between AN and MS bolts?,Material strength,AN bolts are standardized for military and naval use,MS bolts are used only for non-structural applications,,AN bolts are standardized for military and naval use,MEDIUM,,,,APPROVED,Answer extracted from source document bold marker,1,Sub5-10 questions.docx,"{""raw"": ""What is the main difference between AN and MS bolts?"", ""question"": ""What is the main difference between AN and MS bolts?"", ""options"": [""Material strength"", ""AN bolts are standardized for military and naval use"", ""MS bolts are used only for non-structural applications""], ""correct"": ""AN bolts are standardized for military and naval use"", ""answer_text"": null, ""category"": null, ""source_file"": ""Sub5-10 questions.docx"", ""source_module"": ""M6"", ""fmt"": ""csv"", ""module"": ""M6"", ""syllabusRef"": ""M6.6.3"", ""level"": """", ""difficulty"": ""MEDIUM"", ""subTopic"": """", ""isEssay"": false}",False
M6,,,10. Which type of fastener uses a UNF or UNC thread system?,AN bolts,Metric bolts,British Standard bolts,,AN bolts,MEDIUM,,,,APPROVED,Answer extracted from source document bold marker,1,Sub5-10 questions.docx,"{""raw"": ""10. Which type of fastener uses a UNF or UNC thread system?"", ""question"": ""10. Which type of fastener uses a UNF or UNC thread system?"", ""options"": [""AN bolts"", ""Metric bolts"", ""British Standard bolts""], ""correct"": ""AN bolts"", ""answer_text"": null, ""category"": null, ""source_file"": ""Sub5-10 questions.docx"", ""source_module"": ""M6"", ""fmt"": ""csv"", ""module"": ""M6"", ""syllabusRef"": """", ""level"": """", ""difficulty"": ""MEDIUM"", ""subTopic"": """", ""isEssay"": false}",False
M6,M6.6.6(A),,What does the identification marking on an AN bolt indicate?,The type of bolt head,The material from which the bolt is made,The length of the bolt,,The material from which the bolt is made,MEDIUM,,,,APPROVED,Answer extracted from source document bold marker,1,Sub5-10 questions.docx,"{""raw"": ""What does the identification marking on an AN bolt indicate?"", ""question"": ""What does the identification marking on an AN bolt indicate?"", ""options"": [""The type of bolt head"", ""The material from which the bolt is made"", ""The length of the bolt""], ""correct"": ""The material from which the bolt is made"", ""answer_text"": null, ""category"": null, ""source_file"": ""Sub5-10 questions.docx"", ""source_module"": ""M6"", ""fmt"": ""csv"", ""module"": ""M6"", ""syllabusRef"": ""M6.6.6(A)"", ""level"": """", ""difficulty"": ""MEDIUM"", ""subTopic"": """", ""isEssay"": false}",False
M6,M6.6.1(c),,How are eye bolts identified?,By the length of the shaft,By the diameter of the pin hole,By the type of thread,,By the diameter of the pin hole,MEDIUM,,,,APPROVED,Answer extracted from source document bold marker,1,Sub5-10 questions.docx,"{""raw"": ""How are eye bolts identified?"", ""question"": ""How are eye bolts identified?"", ""options"": [""By the length of the shaft"", ""By the diameter of the pin hole"", ""By the type of thread""], ""correct"": ""By the diameter of the pin hole"", ""answer_text"": null, ""category"": null, ""source_file"": ""Sub5-10 questions.docx"", ""source_module"": ""M6"", ""fmt"": ""csv"", ""module"": ""M6"", ""syllabusRef"": ""M6.6.1(c)"", ""level"": """", ""difficulty"": ""MEDIUM"", ""subTopic"": """", ""isEssay"": false}",False
M6,M6.6.1(c),,Which marking indicates a close tolerance AN bolt?,A smooth head,A raised cross on the bolt head,A single groove along the length,,A raised cross on the bolt head,MEDIUM,,,,APPROVED,Answer extracted from source document bold marker,1,Sub5-10 questions.docx,"{""raw"": ""Which marking indicates a close tolerance AN bolt?"", ""question"": ""Which marking indicates a close tolerance AN bolt?"", ""options"": [""A smooth head"", ""A raised cross on the bolt head"", ""A single groove along the length""], ""correct"": ""A raised cross on the bolt head"", ""answer_text"": null, ""category"": null, ""source_file"": ""Sub5-10 questions.docx"", ""source_module"": ""M6"", ""fmt"": ""csv"", ""module"": ""M6"", ""syllabusRef"": ""M6.6.1(c)"", ""level"": """", ""difficulty"": ""MEDIUM"", ""subTopic"": """", ""isEssay"": false}",False
M6,M6.06.05,,What is the main purpose of a locking device in aviation?,To increase the strength of the fastener,To prevent loosening due to vibration or stress,To allow for easier removal,,To prevent loosening due to vibration or stress,MEDIUM,,,,APPROVED,Answer extracted from source document bold marker,1,Sub5-10 questions.docx,"{""raw"": ""What is the main purpose of a locking device in aviation?"", ""question"": ""What is the main purpose of a locking device in aviation?"", ""options"": [""To increase the strength of the fastener"", ""To prevent loosening due to vibration or stress"", ""To allow for easier removal""], ""correct"": ""To prevent loosening due to vibration or stress"", ""answer_text"": null, ""category"": null, ""source_file"": ""Sub5-10 questions.docx"", ""source_module"": ""M6"", ""fmt"": ""csv"", ""module"": ""M6"", ""syllabusRef"": ""M6.06.05"", ""level"": """", ""difficulty"": ""MEDIUM"", ""subTopic"": """", ""isEssay"": false}",False
M6,M6.06.05,,15. Which locking device uses a cotter pin to prevent rotation?,Castellated nut,Locking washer,Split ring,,Castellated nut,MEDIUM,,,,APPROVED,Answer extracted from source document bold marker,1,Sub5-10 questions.docx,"{""raw"": ""15. Which locking device uses a cotter pin to prevent rotation?"", ""question"": ""15. Which locking device uses a cotter pin to prevent rotation?"", ""options"": [""Castellated nut"", ""Locking washer"", ""Split ring""], ""correct"": ""Castellated nut"", ""answer_text"": null, ""category"": null, ""source_file"": ""Sub5-10 questions.docx"", ""source_module"": ""M6"", ""fmt"": ""csv"", ""module"": ""M6"", ""syllabusRef"": ""M6.06.05"", ""level"": """", ""difficulty"": ""MEDIUM"", ""subTopic"": """", ""isEssay"": false}",False
M6,M6.6.1(c),,16. What is the most common method of ensuring a fastener does not loosen during flight?,Use of a locking device such as a safety wire or locknut,Applying torque,Using a longer fastener,,Use of a locking device such as a safety wire or locknut,MEDIUM,,,,APPROVED,Answer extracted from source document bold marker,1,Sub5-10 questions.docx,"{""raw"": ""16. What is the most common method of ensuring a fastener does not loosen during flight?"", ""question"": ""16. What is the most common method of ensuring a fastener does not loosen during flight?"", ""options"": [""Use of a locking device such as a safety wire or locknut"", ""Applying torque"", ""Using a longer fastener""], ""correct"": ""Use of a locking device such as a safety wire or locknut"", ""answer_text"": null, ""category"": null, ""source_file"": ""Sub5-10 questions.docx"", ""source_module"": ""M6"", ""fmt"": ""csv"", ""module"": ""M6"", ""syllabusRef"": ""M6.6.1(c)"", ""level"": """", ""difficulty"": ""MEDIUM"", ""subTopic"": """", ""isEssay"": false}",False
M6,M6.6.1(c),,17. What is the primary function of rivets in aircraft construction?,To permanently join sheets of metal,To allow for easy disassembly,To absorb shock,,To permanently join sheets of metal,MEDIUM,,,,APPROVED,Answer extracted from source document bold marker,1,Sub5-10 questions.docx,"{""raw"": ""17. What is the primary function of rivets in aircraft construction?"", ""question"": ""17. What is the primary function of rivets in aircraft construction?"", ""options"": [""To permanently join sheets of metal"", ""To allow for easy disassembly"", ""To absorb shock""], ""correct"": ""To permanently join sheets of metal"", ""answer_text"": null, ""category"": null, ""source_file"": ""Sub5-10 questions.docx"", ""source_module"": ""M6"", ""fmt"": ""csv"", ""module"": ""M6"", ""syllabusRef"": ""M6.6.1(c)"", ""level"": """", ""difficulty"": ""MEDIUM"", ""subTopic"": """", ""isEssay"": false}",False
M6,M6.6.1(c),,18. Which type of rivet is typically used in areas where both sides of the material are accessible?,Solid shank rivets,Blind rivets,Huck bolts,,Solid shank rivets,MEDIUM,,,,APPROVED,Answer extracted from source document bold marker,1,Sub5-10 questions.docx,"{""raw"": ""18. Which type of rivet is typically used in areas where both sides of the material are accessible?"", ""question"": ""18. Which type of rivet is typically used in areas where both sides of the material are accessible?"", ""options"": [""Solid shank rivets"", ""Blind rivets"", ""Huck bolts""], ""correct"": ""Solid shank rivets"", ""answer_text"": null, ""category"": null, ""source_file"": ""Sub5-10 questions.docx"", ""source_module"": ""M6"", ""fmt"": ""csv"", ""module"": ""M6"", ""syllabusRef"": ""M6.6.1(c)"", ""level"": """", ""difficulty"": ""MEDIUM"", ""subTopic"": """", ""isEssay"": false}",False
M6,M6.6.1(c),,What is the significance of the grip length of a rivet?,It is the distance from the head to the tail,It determines the thickness of the materials that can be joined,It defines the rivet's strength,,It determines the thickness of the materials that can be joined,MEDIUM,,,,APPROVED,Answer extracted from source document bold marker,1,Sub5-10 questions.docx,"{""raw"": ""What is the significance of the grip length of a rivet?"", ""question"": ""What is the significance of the grip length of a rivet?"", ""options"": [""It is the distance from the head to the tail"", ""It determines the thickness of the materials that can be joined"", ""It defines the rivet's strength""], ""correct"": ""It determines the thickness of the materials that can be joined"", ""answer_text"": null, ""category"": null, ""source_file"": ""Sub5-10 questions.docx"", ""source_module"": ""M6"", ""fmt"": ""csv"", ""module"": ""M6"", ""syllabusRef"": ""M6.6.1(c)"", ""level"": """", ""difficulty"": ""MEDIUM"", ""subTopic"": """", ""isEssay"": false}",False
M6,,,How can a rivet be identified as aluminum alloy?,By its length,By its head marking,By its weight,,By its head marking,MEDIUM,,,,APPROVED,Answer extracted from source document bold marker,1,Sub5-10 questions.docx,"{""raw"": ""How can a rivet be identified as aluminum alloy?"", ""question"": ""How can a rivet be identified as aluminum alloy?"", ""options"": [""By its length"", ""By its head marking"", ""By its weight""], ""correct"": ""By its head marking"", ""answer_text"": null, ""category"": null, ""source_file"": ""Sub5-10 questions.docx"", ""source_module"": ""M6"", ""fmt"": ""csv"", ""module"": ""M6"", ""syllabusRef"": """", ""level"": """", ""difficulty"": ""MEDIUM"", ""subTopic"": """", ""isEssay"": false}",False
M6,M6.06.04,,"What does the term ""close tolerance"" refer to in bolt specifications?",The bolt can be used for multiple applications,The bolt is manufactured to precise measurements,The bolt is made from corrosion-resistant steel,,The bolt is manufactured to precise measurements,MEDIUM,,,,APPROVED,Answer extracted from source document bold marker,1,Sub5-10 questions.docx,"{""raw"": ""What does the term \""close tolerance\"" refer to in bolt specifications?"", ""question"": ""What does the term \""close tolerance\"" refer to in bolt specifications?"", ""options"": [""The bolt can be used for multiple applications"", ""The bolt is manufactured to precise measurements"", ""The bolt is made from corrosion-resistant steel""], ""correct"": ""The bolt is manufactured to precise measurements"", ""answer_text"": null, ""category"": null, ""source_file"": ""Sub5-10 questions.docx"", ""source_module"": ""M6"", ""fmt"": ""csv"", ""module"": ""M6"", ""syllabusRef"": ""M6.06.04"", ""level"": """", ""difficulty"": ""MEDIUM"", ""subTopic"": """", ""isEssay"": false}",False
M6,M6.06.09,,Which material is commonly used for high-strength aircraft bolts?,Stainless steel,Cadmium-plated steel,Brass,,Cadmium-plated steel,MEDIUM,,,,APPROVED,Answer extracted from source document bold marker,1,Sub5-10 questions.docx,"{""raw"": ""Which material is commonly used for high-strength aircraft bolts?"", ""question"": ""Which material is commonly used for high-strength aircraft bolts?"", ""options"": [""Stainless steel"", ""Cadmium-plated steel"", ""Brass""], ""correct"": ""Cadmium-plated steel"", ""answer_text"": null, ""category"": null, ""source_file"": ""Sub5-10 questions.docx"", ""source_module"": ""M6"", ""fmt"": ""csv"", ""module"": ""M6"", ""syllabusRef"": ""M6.06.09"", ""level"": """", ""difficulty"": ""MEDIUM"", ""subTopic"": """", ""isEssay"": false}",False
M6,M6.6.1(c),,23. What does a bolt's part number typically indicate?,"The type, diameter, and length of the bolt",The manufacturer and batch number,The material of the bolt,,"The type, diameter, and length of the bolt",MEDIUM,,,,APPROVED,Answer extracted from source document bold marker,1,Sub5-10 questions.docx,"{""raw"": ""23. What does a bolt's part number typically indicate?"", ""question"": ""23. What does a bolt's part number typically indicate?"", ""options"": [""The type, diameter, and length of the bolt"", ""The manufacturer and batch number"", ""The material of the bolt""], ""correct"": ""The type, diameter, and length of the bolt"", ""answer_text"": null, ""category"": null, ""source_file"": ""Sub5-10 questions.docx"", ""source_module"": ""M6"", ""fmt"": ""csv"", ""module"": ""M6"", ""syllabusRef"": ""M6.6.1(c)"", ""level"": """", ""difficulty"": ""MEDIUM"", ""subTopic"": """", ""isEssay"": false}",False
M6,M6.06.05,,How are replacement fasteners selected when the original is unavailable?,Based on visual inspection,According to the Structural Repair Manual (SRM),Chosen by the mechanic,,According to the Structural Repair Manual (SRM),MEDIUM,,,,APPROVED,Answer extracted from source document bold marker,1,Sub5-10 questions.docx,"{""raw"": ""How are replacement fasteners selected when the original is unavailable?"", ""question"": ""How are replacement fasteners selected when the original is unavailable?"", ""options"": [""Based on visual inspection"", ""According to the Structural Repair Manual (SRM)"", ""Chosen by the mechanic""], ""correct"": ""According to the Structural Repair Manual (SRM)"", ""answer_text"": null, ""category"": null, ""source_file"": ""Sub5-10 questions.docx"", ""source_module"": ""M6"", ""fmt"": ""csv"", ""module"": ""M6"", ""syllabusRef"": ""M6.06.05"", ""level"": """", ""difficulty"": ""MEDIUM"", ""subTopic"": """", ""isEssay"": false}",False
M6,M6.06.05,,25. Why are safety wires used on fasteners?,To prevent fasteners from loosening due to vibration,To indicate the fastener has been inspected,To ensure the fastener can be easily removed,,To prevent fasteners from loosening due to vibration,MEDIUM,,,,APPROVED,Answer extracted from source document bold marker,1,Sub5-10 questions.docx,"{""raw"": ""25. Why are safety wires used on fasteners?"", ""question"": ""25. Why are safety wires used on fasteners?"", ""options"": [""To prevent fasteners from loosening due to vibration"", ""To indicate the fastener has been inspected"", ""To ensure the fastener can be easily removed""], ""correct"": ""To prevent fasteners from loosening due to vibration"", ""answer_text"": null, ""category"": null, ""source_file"": ""Sub5-10 questions.docx"", ""source_module"": ""M6"", ""fmt"": ""csv"", ""module"": ""M6"", ""syllabusRef"": ""M6.06.05"", ""level"": """", ""difficulty"": ""MEDIUM"", ""subTopic"": """", ""isEssay"": false}",False
M6,M6.06.05,,What should be ensured when installing locking devices on aircraft?,They are easy to remove,They match the material and specifications in the manual,They are installed as quickly as possible,,They match the material and specifications in the manual,MEDIUM,,,,APPROVED,Answer extracted from source document bold marker,1,Sub5-10 questions.docx,"{""raw"": ""What should be ensured when installing locking devices on aircraft?"", ""question"": ""What should be ensured when installing locking devices on aircraft?"", ""options"": [""They are easy to remove"", ""They match the material and specifications in the manual"", ""They are installed as quickly as possible""], ""correct"": ""They match the material and specifications in the manual"", ""answer_text"": null, ""category"": null, ""source_file"": ""Sub5-10 questions.docx"", ""source_module"": ""M6"", ""fmt"": ""csv"", ""module"": ""M6"", ""syllabusRef"": ""M6.06.05"", ""level"": """", ""difficulty"": ""MEDIUM"", ""subTopic"": """", ""isEssay"": false}",False
M6,M6.06.05,,What is the recommended inspection procedure for fasteners with locking devices?,Apply maximum torque to the fasteners,Ensure the locking device is intact and secure,Replace the locking device after each inspection,,Ensure the locking device is intact and secure,MEDIUM,,,,APPROVED,Answer extracted from source document bold marker,1,Sub5-10 questions.docx,"{""raw"": ""What is the recommended inspection procedure for fasteners with locking devices?"", ""question"": ""What is the recommended inspection procedure for fasteners with locking devices?"", ""options"": [""Apply maximum torque to the fasteners"", ""Ensure the locking device is intact and secure"", ""Replace the locking device after each inspection""], ""correct"": ""Ensure the locking device is intact and secure"", ""answer_text"": null, ""category"": null, ""source_file"": ""Sub5-10 questions.docx"", ""source_module"": ""M6"", ""fmt"": ""csv"", ""module"": ""M6"", ""syllabusRef"": ""M6.06.05"", ""level"": """", ""difficulty"": ""MEDIUM"", ""subTopic"": """", ""isEssay"": false}",False
M6,M6.6.1(c),,What happens when a thread insert is improperly installed?,It can still be used if checked,It may distort and cause misalignment,The fastener will fit too tightly,,It may distort and cause misalignment,MEDIUM,,,,APPROVED,Answer extracted from source document bold marker,1,Sub5-10 questions.docx,"{""raw"": ""What happens when a thread insert is improperly installed?"", ""question"": ""What happens when a thread insert is improperly installed?"", ""options"": [""It can still be used if checked"", ""It may distort and cause misalignment"", ""The fastener will fit too tightly""], ""correct"": ""It may distort and cause misalignment"", ""answer_text"": null, ""category"": null, ""source_file"": ""Sub5-10 questions.docx"", ""source_module"": ""M6"", ""fmt"": ""csv"", ""module"": ""M6"", ""syllabusRef"": ""M6.6.1(c)"", ""level"": """", ""difficulty"": ""MEDIUM"", ""subTopic"": """", ""isEssay"": false}",False
M6,,,How is a fine-thread fastener advantageous over a coarse-thread fastener?,It is easier to install,It has better resistance to loosening due to vibration,It has a larger core diameter,,It has better resistance to loosening due to vibration,MEDIUM,,,,APPROVED,Answer extracted from source document bold marker,1,Sub5-10 questions.docx,"{""raw"": ""How is a fine-thread fastener advantageous over a coarse-thread fastener?"", ""question"": ""How is a fine-thread fastener advantageous over a coarse-thread fastener?"", ""options"": [""It is easier to install"", ""It has better resistance to loosening due to vibration"", ""It has a larger core diameter""], ""correct"": ""It has better resistance to loosening due to vibration"", ""answer_text"": null, ""category"": null, ""source_file"": ""Sub5-10 questions.docx"", ""source_module"": ""M6"", ""fmt"": ""csv"", ""module"": ""M6"", ""syllabusRef"": """", ""level"": """", ""difficulty"": ""MEDIUM"", ""subTopic"": """", ""isEssay"": false}",False
M6,M6.6.1(c),,What is the difference between a standard and close-tolerance bolt?,Standard bolts are used in critical areas,Close-tolerance bolts are machined to precise dimensions,Standard bolts are stronger,,Close-tolerance bolts are machined to precise dimensions,MEDIUM,,,,APPROVED,Answer extracted from source document bold marker,1,Sub5-10 questions.docx,"{""raw"": ""What is the difference between a standard and close-tolerance bolt?"", ""question"": ""What is the difference between a standard and close-tolerance bolt?"", ""options"": [""Standard bolts are used in critical areas"", ""Close-tolerance bolts are machined to precise dimensions"", ""Standard bolts are stronger""], ""correct"": ""Close-tolerance bolts are machined to precise dimensions"", ""answer_text"": null, ""category"": null, ""source_file"": ""Sub5-10 questions.docx"", ""source_module"": ""M6"", ""fmt"": ""csv"", ""module"": ""M6"", ""syllabusRef"": ""M6.6.1(c)"", ""level"": """", ""difficulty"": ""MEDIUM"", ""subTopic"": """", ""isEssay"": false}",False
M6,M6.06.09,,What material has largely replaced copper in aircraft pipe systems?,Brass,Stainless steel,Aluminum bronze,,Stainless steel,MEDIUM,,,,APPROVED,Answer extracted from source document bold marker,1,Sub5-10 questions.docx,"{""raw"": ""What material has largely replaced copper in aircraft pipe systems?"", ""question"": ""What material has largely replaced copper in aircraft pipe systems?"", ""options"": [""Brass"", ""Stainless steel"", ""Aluminum bronze""], ""correct"": ""Stainless steel"", ""answer_text"": null, ""category"": null, ""source_file"": ""Sub5-10 questions.docx"", ""source_module"": ""M6"", ""fmt"": ""csv"", ""module"": ""M6"", ""syllabusRef"": ""M6.06.09"", ""level"": """", ""difficulty"": ""MEDIUM"", ""subTopic"": """", ""isEssay"": false}",False
M6,M6.06.06,,What is the primary reason why rigid pipes are generally not repaired in maintenance organizations?,Lack of suitable tools,The variety of materials and heat treatments required,Difficulty in sourcing replacement parts,,The variety of materials and heat treatments required,MEDIUM,,,,APPROVED,Answer extracted from source document bold marker,1,Sub5-10 questions.docx,"{""raw"": ""What is the primary reason why rigid pipes are generally not repaired in maintenance organizations?"", ""question"": ""What is the primary reason why rigid pipes are generally not repaired in maintenance organizations?"", ""options"": [""Lack of suitable tools"", ""The variety of materials and heat treatments required"", ""Difficulty in sourcing replacement parts""], ""correct"": ""The variety of materials and heat treatments required"", ""answer_text"": null, ""category"": null, ""source_file"": ""Sub5-10 questions.docx"", ""source_module"": ""M6"", ""fmt"": ""csv"", ""module"": ""M6"", ""syllabusRef"": ""M6.06.06"", ""level"": """", ""difficulty"": ""MEDIUM"", ""subTopic"": """", ""isEssay"": false}",False
M6,M6.06.06,,3. How are rigid pipes classified in terms of size?,By material and outside diameter,By wall thickness only,By inner diameter in millimeters,,By material and outside diameter,MEDIUM,,,,APPROVED,Answer extracted from source document bold marker,1,Sub5-10 questions.docx,"{""raw"": ""3. How are rigid pipes classified in terms of size?"", ""question"": ""3. How are rigid pipes classified in terms of size?"", ""options"": [""By material and outside diameter"", ""By wall thickness only"", ""By inner diameter in millimeters""], ""correct"": ""By material and outside diameter"", ""answer_text"": null, ""category"": null, ""source_file"": ""Sub5-10 questions.docx"", ""source_module"": ""M6"", ""fmt"": ""csv"", ""module"": ""M6"", ""syllabusRef"": ""M6.06.06"", ""level"": """", ""difficulty"": ""MEDIUM"", ""subTopic"": """", ""isEssay"": false}",False
M6,M6.06.04,,What is a major risk of using U-bends in fuel pipe systems?,Pressure build-up,Vapor locks,Corrosion,,Vapor locks,MEDIUM,,,,APPROVED,Answer extracted from source document bold marker,1,Sub5-10 questions.docx,"{""raw"": ""What is a major risk of using U-bends in fuel pipe systems?"", ""question"": ""What is a major risk of using U-bends in fuel pipe systems?"", ""options"": [""Pressure build-up"", ""Vapor locks"", ""Corrosion""], ""correct"": ""Vapor locks"", ""answer_text"": null, ""category"": null, ""source_file"": ""Sub5-10 questions.docx"", ""source_module"": ""M6"", ""fmt"": ""csv"", ""module"": ""M6"", ""syllabusRef"": ""M6.06.04"", ""level"": """", ""difficulty"": ""MEDIUM"", ""subTopic"": """", ""isEssay"": false}",False
M6,M6.06.06,,5. What measurement standard is used to determine the wall thickness of rigid pipes in imperial sizes?,Millimeters,Tolerance grade,Standard Wire Gauge (SWG),,Standard Wire Gauge (SWG),MEDIUM,,,,APPROVED,Answer extracted from source document bold marker,1,Sub5-10 questions.docx,"{""raw"": ""5. What measurement standard is used to determine the wall thickness of rigid pipes in imperial sizes?"", ""question"": ""5. What measurement standard is used to determine the wall thickness of rigid pipes in imperial sizes?"", ""options"": [""Millimeters"", ""Tolerance grade"", ""Standard Wire Gauge (SWG)""], ""correct"": ""Standard Wire Gauge (SWG)"", ""answer_text"": null, ""category"": null, ""source_file"": ""Sub5-10 questions.docx"", ""source_module"": ""M6"", ""fmt"": ""csv"", ""module"": ""M6"", ""syllabusRef"": ""M6.06.06"", ""level"": """", ""difficulty"": ""MEDIUM"", ""subTopic"": """", ""isEssay"": false}",False
M6,,,Flareless couplings are designed to work at what pressure range?,1000 psi,3000 - 5000 psi,1500 psi,,3000 - 5000 psi,MEDIUM,,,,APPROVED,Answer extracted from source document bold marker,1,Sub5-10 questions.docx,"{""raw"": ""Flareless couplings are designed to work at what pressure range?"", ""question"": ""Flareless couplings are designed to work at what pressure range?"", ""options"": [""1000 psi"", ""3000 - 5000 psi"", ""1500 psi""], ""correct"": ""3000 - 5000 psi"", ""answer_text"": null, ""category"": null, ""source_file"": ""Sub5-10 questions.docx"", ""source_module"": ""M6"", ""fmt"": ""csv"", ""module"": ""M6"", ""syllabusRef"": """", ""level"": """", ""difficulty"": ""MEDIUM"", ""subTopic"": """", ""isEssay"": false}",False
M6,M6.6.1(c),,What is the function of the reverse angle in flareless couplings?,To ensure a smoother connection,To prevent inward collapse of the tubing when tightened,To improve airflow in the pipes,,To prevent inward collapse of the tubing when tightened,MEDIUM,,,,APPROVED,Answer extracted from source document bold marker,1,Sub5-10 questions.docx,"{""raw"": ""What is the function of the reverse angle in flareless couplings?"", ""question"": ""What is the function of the reverse angle in flareless couplings?"", ""options"": [""To ensure a smoother connection"", ""To prevent inward collapse of the tubing when tightened"", ""To improve airflow in the pipes""], ""correct"": ""To prevent inward collapse of the tubing when tightened"", ""answer_text"": null, ""category"": null, ""source_file"": ""Sub5-10 questions.docx"", ""source_module"": ""M6"", ""fmt"": ""csv"", ""module"": ""M6"", ""syllabusRef"": ""M6.6.1(c)"", ""level"": """", ""difficulty"": ""MEDIUM"", ""subTopic"": """", ""isEssay"": false}",False
M6,M6.6.1(c),,8. Which component of the flareless coupling bites into the tube during installation?,Nut,Body,Sleeve (or ferrule),,Sleeve (or ferrule),MEDIUM,,,,APPROVED,Answer extracted from source document bold marker,1,Sub5-10 questions.docx,"{""raw"": ""8. Which component of the flareless coupling bites into the tube during installation?"", ""question"": ""8. Which component of the flareless coupling bites into the tube during installation?"", ""options"": [""Nut"", ""Body"", ""Sleeve (or ferrule)""], ""correct"": ""Sleeve (or ferrule)"", ""answer_text"": null, ""category"": null, ""source_file"": ""Sub5-10 questions.docx"", ""source_module"": ""M6"", ""fmt"": ""csv"", ""module"": ""M6"", ""syllabusRef"": ""M6.6.1(c)"", ""level"": """", ""difficulty"": ""MEDIUM"", ""subTopic"": """", ""isEssay"": false}",False
M6,M6.6.1(c),,9. What is the first step when performing a pre-setting operation on a flareless coupling?,Cut the tube to the correct length with perfectly square ends,Apply lubrication to the tube,Assemble the sleeve and nut on the fitting,,Cut the tube to the correct length with perfectly square ends,MEDIUM,,,,APPROVED,Answer extracted from source document bold marker,1,Sub5-10 questions.docx,"{""raw"": ""9. What is the first step when performing a pre-setting operation on a flareless coupling?"", ""question"": ""9. What is the first step when performing a pre-setting operation on a flareless coupling?"", ""options"": [""Cut the tube to the correct length with perfectly square ends"", ""Apply lubrication to the tube"", ""Assemble the sleeve and nut on the fitting""], ""correct"": ""Cut the tube to the correct length with perfectly square ends"", ""answer_text"": null, ""category"": null, ""source_file"": ""Sub5-10 questions.docx"", ""source_module"": ""M6"", ""fmt"": ""csv"", ""module"": ""M6"", ""syllabusRef"": ""M6.6.1(c)"", ""level"": """", ""difficulty"": ""MEDIUM"", ""subTopic"": """", ""isEssay"": false}",False
M6,M6.6.1(c),,What issue may result from an out-of-square tube cut during the installation of a flareless coupling?,Leaks due to low torque,Uneven bite of the sleeve into the tube,Difficulty in attaching the coupling nut,,Uneven bite of the sleeve into the tube,MEDIUM,,,,APPROVED,Answer extracted from source document bold marker,1,Sub5-10 questions.docx,"{""raw"": ""What issue may result from an out-of-square tube cut during the installation of a flareless coupling?"", ""question"": ""What issue may result from an out-of-square tube cut during the installation of a flareless coupling?"", ""options"": [""Leaks due to low torque"", ""Uneven bite of the sleeve into the tube"", ""Difficulty in attaching the coupling nut""], ""correct"": ""Uneven bite of the sleeve into the tube"", ""answer_text"": null, ""category"": null, ""source_file"": ""Sub5-10 questions.docx"", ""source_module"": ""M6"", ""fmt"": ""csv"", ""module"": ""M6"", ""syllabusRef"": ""M6.6.1(c)"", ""level"": """", ""difficulty"": ""MEDIUM"", ""subTopic"": """", ""isEssay"": false}",False
M6,M6.6.1(c),,11. What is the included flare angle of an American AN pipe coupling?,74°,90°,45°,,74°,MEDIUM,,,,APPROVED,Answer extracted from source document bold marker,1,Sub5-10 questions.docx,"{""raw"": ""11. What is the included flare angle of an American AN pipe coupling?"", ""question"": ""11. What is the included flare angle of an American AN pipe coupling?"", ""options"": [""74°"", ""90°"", ""45°""], ""correct"": ""74°"", ""answer_text"": null, ""category"": null, ""source_file"": ""Sub5-10 questions.docx"", ""source_module"": ""M6"", ""fmt"": ""csv"", ""module"": ""M6"", ""syllabusRef"": ""M6.6.1(c)"", ""level"": """", ""difficulty"": ""MEDIUM"", ""subTopic"": """", ""isEssay"": false}",False
M6,M6.6.1(C),,What type of thread is typically used in American AN couplings for sealing?,Parallel threads,Tapered pipe threads,Buttress threads,,Tapered pipe threads,MEDIUM,,,,APPROVED,Answer extracted from source document bold marker,1,Sub5-10 questions.docx,"{""raw"": ""What type of thread is typically used in American AN couplings for sealing?"", ""question"": ""What type of thread is typically used in American AN couplings for sealing?"", ""options"": [""Parallel threads"", ""Tapered pipe threads"", ""Buttress threads""], ""correct"": ""Tapered pipe threads"", ""answer_text"": null, ""category"": null, ""source_file"": ""Sub5-10 questions.docx"", ""source_module"": ""M6"", ""fmt"": ""csv"", ""module"": ""M6"", ""syllabusRef"": ""M6.6.1(C)"", ""level"": """", ""difficulty"": ""MEDIUM"", ""subTopic"": """", ""isEssay"": false}",False
M6,M6.6.1(C),,What is the primary sealing method for American AN fittings?,O-rings,Wedging action of tapered threads,Thread sealant,,Wedging action of tapered threads,MEDIUM,,,,APPROVED,Answer extracted from source document bold marker,1,Sub5-10 questions.docx,"{""raw"": ""What is the primary sealing method for American AN fittings?"", ""question"": ""What is the primary sealing method for American AN fittings?"", ""options"": [""O-rings"", ""Wedging action of tapered threads"", ""Thread sealant""], ""correct"": ""Wedging action of tapered threads"", ""answer_text"": null, ""category"": null, ""source_file"": ""Sub5-10 questions.docx"", ""source_module"": ""M6"", ""fmt"": ""csv"", ""module"": ""M6"", ""syllabusRef"": ""M6.6.1(C)"", ""level"": """", ""difficulty"": ""MEDIUM"", ""subTopic"": """", ""isEssay"": false}",False
M6,M6.6.1(C),,14. Which type of flare is recommended for thin-walled tubing?,Double flare,Single flare,No flare,,Double flare,MEDIUM,,,,APPROVED,Answer extracted from source document bold marker,1,Sub5-10 questions.docx,"{""raw"": ""14. Which type of flare is recommended for thin-walled tubing?"", ""question"": ""14. Which type of flare is recommended for thin-walled tubing?"", ""options"": [""Double flare"", ""Single flare"", ""No flare""], ""correct"": ""Double flare"", ""answer_text"": null, ""category"": null, ""source_file"": ""Sub5-10 questions.docx"", ""source_module"": ""M6"", ""fmt"": ""csv"", ""module"": ""M6"", ""syllabusRef"": ""M6.6.1(C)"", ""level"": """", ""difficulty"": ""MEDIUM"", ""subTopic"": """", ""isEssay"": false}",False
M6,M6.6.1(C),,15. In what situation would a split retainer be used in a coupling?,For securing the nut,For leak-proofing the connection,For enclosing the beaded ends of pipes,,For enclosing the beaded ends of pipes,MEDIUM,,,,APPROVED,Answer extracted from source document bold marker,1,Sub5-10 questions.docx,"{""raw"": ""15. In what situation would a split retainer be used in a coupling?"", ""question"": ""15. In what situation would a split retainer be used in a coupling?"", ""options"": [""For securing the nut"", ""For leak-proofing the connection"", ""For enclosing the beaded ends of pipes""], ""correct"": ""For enclosing the beaded ends of pipes"", ""answer_text"": null, ""category"": null, ""source_file"": ""Sub5-10 questions.docx"", ""source_module"": ""M6"", ""fmt"": ""csv"", ""module"": ""M6"", ""syllabusRef"": ""M6.6.1(C)"", ""level"": """", ""difficulty"": ""MEDIUM"", ""subTopic"": """", ""isEssay"": false}",False
M6,M6.06.09,,What is a common material used for standard pipe unions in aircraft?,Brass,Aluminum alloy,Copper,,Aluminum alloy,MEDIUM,,,,APPROVED,Answer extracted from source document bold marker,1,Sub5-10 questions.docx,"{""raw"": ""What is a common material used for standard pipe unions in aircraft?"", ""question"": ""What is a common material used for standard pipe unions in aircraft?"", ""options"": [""Brass"", ""Aluminum alloy"", ""Copper""], ""correct"": ""Aluminum alloy"", ""answer_text"": null, ""category"": null, ""source_file"": ""Sub5-10 questions.docx"", ""source_module"": ""M6"", ""fmt"": ""csv"", ""module"": ""M6"", ""syllabusRef"": ""M6.06.09"", ""level"": """", ""difficulty"": ""MEDIUM"", ""subTopic"": """", ""isEssay"": false}",False
M6,M6.06.09,,What is a standard pipe coupling size for use in aircraft fuel systems?,1 inch,Up to 2.5 inches,Over 3 inches,,Up to 2.5 inches,MEDIUM,,,,APPROVED,Answer extracted from source document bold marker,1,Sub5-10 questions.docx,"{""raw"": ""What is a standard pipe coupling size for use in aircraft fuel systems?"", ""question"": ""What is a standard pipe coupling size for use in aircraft fuel systems?"", ""options"": [""1 inch"", ""Up to 2.5 inches"", ""Over 3 inches""], ""correct"": ""Up to 2.5 inches"", ""answer_text"": null, ""category"": null, ""source_file"": ""Sub5-10 questions.docx"", ""source_module"": ""M6"", ""fmt"": ""csv"", ""module"": ""M6"", ""syllabusRef"": ""M6.06.09"", ""level"": """", ""difficulty"": ""MEDIUM"", ""subTopic"": """", ""isEssay"": false}",False
M6,,,What is a key feature of a flexible coupling in a fuel system?,It is used to reduce vibration,It allows for misalignment and movement,It provides additional torque,,It allows for misalignment and movement,MEDIUM,,,,APPROVED,Answer extracted from source document bold marker,1,Sub5-10 questions.docx,"{""raw"": ""What is a key feature of a flexible coupling in a fuel system?"", ""question"": ""What is a key feature of a flexible coupling in a fuel system?"", ""options"": [""It is used to reduce vibration"", ""It allows for misalignment and movement"", ""It provides additional torque""], ""correct"": ""It allows for misalignment and movement"", ""answer_text"": null, ""category"": null, ""source_file"": ""Sub5-10 questions.docx"", ""source_module"": ""M6"", ""fmt"": ""csv"", ""module"": ""M6"", ""syllabusRef"": """", ""level"": """", ""difficulty"": ""MEDIUM"", ""subTopic"": """", ""isEssay"": false}",False
M6,M6.06.06,,How are pipes and unions designed to prevent cross-connection in different aircraft systems?,By color coding the pipes,By using different sizes or lengths of pipe couplings,By using only metal pipes,,By using different sizes or lengths of pipe couplings,MEDIUM,,,,APPROVED,Answer extracted from source document bold marker,1,Sub5-10 questions.docx,"{""raw"": ""How are pipes and unions designed to prevent cross-connection in different aircraft systems?"", ""question"": ""How are pipes and unions designed to prevent cross-connection in different aircraft systems?"", ""options"": [""By color coding the pipes"", ""By using different sizes or lengths of pipe couplings"", ""By using only metal pipes""], ""correct"": ""By using different sizes or lengths of pipe couplings"", ""answer_text"": null, ""category"": null, ""source_file"": ""Sub5-10 questions.docx"", ""source_module"": ""M6"", ""fmt"": ""csv"", ""module"": ""M6"", ""syllabusRef"": ""M6.06.06"", ""level"": """", ""difficulty"": ""MEDIUM"", ""subTopic"": """", ""isEssay"": false}",False
M6,M6.6.1(c),,"When using flexible couplings in aircraft, what is the function of the O-ring seals?",To absorb shock,To expand and form a seal between the coupling and pipes,To prevent corrosion inside the pipes,,To expand and form a seal between the coupling and pipes,MEDIUM,,,,APPROVED,Answer extracted from source document bold marker,1,Sub5-10 questions.docx,"{""raw"": ""When using flexible couplings in aircraft, what is the function of the O-ring seals?"", ""question"": ""When using flexible couplings in aircraft, what is the function of the O-ring seals?"", ""options"": [""To absorb shock"", ""To expand and form a seal between the coupling and pipes"", ""To prevent corrosion inside the pipes""], ""correct"": ""To expand and form a seal between the coupling and pipes"", ""answer_text"": null, ""category"": null, ""source_file"": ""Sub5-10 questions.docx"", ""source_module"": ""M6"", ""fmt"": ""csv"", ""module"": ""M6"", ""syllabusRef"": ""M6.6.1(c)"", ""level"": """", ""difficulty"": ""MEDIUM"", ""subTopic"": """", ""isEssay"": false}",False
M6,M6.06.06,,21. How are rigid pipes typically identified in aircraft systems?,By part numbers,By color codes,By length and diameter,,By part numbers,MEDIUM,,,,APPROVED,Answer extracted from source document bold marker,1,Sub5-10 questions.docx,"{""raw"": ""21. How are rigid pipes typically identified in aircraft systems?"", ""question"": ""21. How are rigid pipes typically identified in aircraft systems?"", ""options"": [""By part numbers"", ""By color codes"", ""By length and diameter""], ""correct"": ""By part numbers"", ""answer_text"": null, ""category"": null, ""source_file"": ""Sub5-10 questions.docx"", ""source_module"": ""M6"", ""fmt"": ""csv"", ""module"": ""M6"", ""syllabusRef"": ""M6.06.06"", ""level"": """", ""difficulty"": ""MEDIUM"", ""subTopic"": """", ""isEssay"": false}",False
M6,M6.6.1(c),,What does the presence of a part number on a rigid pipe ensure?,It indicates the date of manufacture,It ensures the pipe will fit according to the applicable drawing,It specifies the material of the pipe,,It ensures the pipe will fit according to the applicable drawing,MEDIUM,,,,APPROVED,Answer extracted from source document bold marker,1,Sub5-10 questions.docx,"{""raw"": ""What does the presence of a part number on a rigid pipe ensure?"", ""question"": ""What does the presence of a part number on a rigid pipe ensure?"", ""options"": [""It indicates the date of manufacture"", ""It ensures the pipe will fit according to the applicable drawing"", ""It specifies the material of the pipe""], ""correct"": ""It ensures the pipe will fit according to the applicable drawing"", ""answer_text"": null, ""category"": null, ""source_file"": ""Sub5-10 questions.docx"", ""source_module"": ""M6"", ""fmt"": ""csv"", ""module"": ""M6"", ""syllabusRef"": ""M6.6.1(c)"", ""level"": """", ""difficulty"": ""MEDIUM"", ""subTopic"": """", ""isEssay"": false}",False
M6,M6.06.01,,What information is most critical when identifying a pipe for high-pressure hydraulic systems?,Wall thickness,Material and pressure rating,Color markings,,Material and pressure rating,MEDIUM,,,,APPROVED,Answer extracted from source document bold marker,1,Sub5-10 questions.docx,"{""raw"": ""What information is most critical when identifying a pipe for high-pressure hydraulic systems?"", ""question"": ""What information is most critical when identifying a pipe for high-pressure hydraulic systems?"", ""options"": [""Wall thickness"", ""Material and pressure rating"", ""Color markings""], ""correct"": ""Material and pressure rating"", ""answer_text"": null, ""category"": null, ""source_file"": ""Sub5-10 questions.docx"", ""source_module"": ""M6"", ""fmt"": ""csv"", ""module"": ""M6"", ""syllabusRef"": ""M6.06.01"", ""level"": """", ""difficulty"": ""MEDIUM"", ""subTopic"": """", ""isEssay"": false}",False
M6,M6.06.09,,"When replacing a rigid pipe in an aircraft, what is the first thing to verify?",The age of the replacement pipe,The part number and specifications,The material is identical to the original,,The part number and specifications,MEDIUM,,,,APPROVED,Answer extracted from source document bold marker,1,Sub5-10 questions.docx,"{""raw"": ""When replacing a rigid pipe in an aircraft, what is the first thing to verify?"", ""question"": ""When replacing a rigid pipe in an aircraft, what is the first thing to verify?"", ""options"": [""The age of the replacement pipe"", ""The part number and specifications"", ""The material is identical to the original""], ""correct"": ""The part number and specifications"", ""answer_text"": null, ""category"": null, ""source_file"": ""Sub5-10 questions.docx"", ""source_module"": ""M6"", ""fmt"": ""csv"", ""module"": ""M6"", ""syllabusRef"": ""M6.06.09"", ""level"": """", ""difficulty"": ""MEDIUM"", ""subTopic"": """", ""isEssay"": false}",False
M6,M6.6.1(c),,25. Which of the following is commonly marked on a flexible coupling?,Date of installation,Pressure rating,Maximum allowable misalignment,,Maximum allowable misalignment,MEDIUM,,,,APPROVED,Answer extracted from source document bold marker,1,Sub5-10 questions.docx,"{""raw"": ""25. Which of the following is commonly marked on a flexible coupling?"", ""question"": ""25. Which of the following is commonly marked on a flexible coupling?"", ""options"": [""Date of installation"", ""Pressure rating"", ""Maximum allowable misalignment""], ""correct"": ""Maximum allowable misalignment"", ""answer_text"": null, ""category"": null, ""source_file"": ""Sub5-10 questions.docx"", ""source_module"": ""M6"", ""fmt"": ""csv"", ""module"": ""M6"", ""syllabusRef"": ""M6.6.1(c)"", ""level"": """", ""difficulty"": ""MEDIUM"", ""subTopic"": """", ""isEssay"": false}",False
M6,M6.6.1(c),,What is the proper method of tightening a flareless coupling?,Use a torque wrench to tighten until no more turns are possible,"Tighten until a distinct increase in torque is felt, then turn further",Hand tighten only,,"Tighten until a distinct increase in torque is felt, then turn further",MEDIUM,,,,APPROVED,Answer extracted from source document bold marker,1,Sub5-10 questions.docx,"{""raw"": ""What is the proper method of tightening a flareless coupling?"", ""question"": ""What is the proper method of tightening a flareless coupling?"", ""options"": [""Use a torque wrench to tighten until no more turns are possible"", ""Tighten until a distinct increase in torque is felt, then turn further"", ""Hand tighten only""], ""correct"": ""Tighten until a distinct increase in torque is felt, then turn further"", ""answer_text"": null, ""category"": null, ""source_file"": ""Sub5-10 questions.docx"", ""source_module"": ""M6"", ""fmt"": ""csv"", ""module"": ""M6"", ""syllabusRef"": ""M6.6.1(c)"", ""level"": """", ""difficulty"": ""MEDIUM"", ""subTopic"": """", ""isEssay"": false}",False
M6,M6.6.1(c),,"27. If a flareless coupling leaks, what is the first course of action?",Add more lubricant to the coupling,Tighten the nut until the leak stops,Unscrew the nut and inspect for foreign matter or damage,,Unscrew the nut and inspect for foreign matter or damage,MEDIUM,,,,APPROVED,Answer extracted from source document bold marker,1,Sub5-10 questions.docx,"{""raw"": ""27. If a flareless coupling leaks, what is the first course of action?"", ""question"": ""27. If a flareless coupling leaks, what is the first course of action?"", ""options"": [""Add more lubricant to the coupling"", ""Tighten the nut until the leak stops"", ""Unscrew the nut and inspect for foreign matter or damage""], ""correct"": ""Unscrew the nut and inspect for foreign matter or damage"", ""answer_text"": null, ""category"": null, ""source_file"": ""Sub5-10 questions.docx"", ""source_module"": ""M6"", ""fmt"": ""csv"", ""module"": ""M6"", ""syllabusRef"": ""M6.6.1(c)"", ""level"": """", ""difficulty"": ""MEDIUM"", ""subTopic"": """", ""isEssay"": false}",False
M6,M6.06.09,,Which material is commonly used in aircraft rigid pipe systems today?,Copper,Aluminum alloy,Brass,,Aluminum alloy,MEDIUM,,,,APPROVED,Answer extracted from source document bold marker,1,Sub5-10 questions.docx,"{""raw"": ""Which material is commonly used in aircraft rigid pipe systems today?"", ""question"": ""Which material is commonly used in aircraft rigid pipe systems today?"", ""options"": [""Copper"", ""Aluminum alloy"", ""Brass""], ""correct"": ""Aluminum alloy"", ""answer_text"": null, ""category"": null, ""source_file"": ""Sub5-10 questions.docx"", ""source_module"": ""M6"", ""fmt"": ""csv"", ""module"": ""M6"", ""syllabusRef"": ""M6.06.09"", ""level"": """", ""difficulty"": ""MEDIUM"", ""subTopic"": """", ""isEssay"": false}",False
M6,M6.06.09,,2. What is the main reason for using stainless steel in aircraft hydraulic systems?,High resistance to corrosion and high-pressure conditions,Ease of manufacturing,Light weight,,High resistance to corrosion and high-pressure conditions,MEDIUM,,,,APPROVED,Answer extracted from source document bold marker,1,Sub5-10 questions.docx,"{""raw"": ""2. What is the main reason for using stainless steel in aircraft hydraulic systems?"", ""question"": ""2. What is the main reason for using stainless steel in aircraft hydraulic systems?"", ""options"": [""High resistance to corrosion and high-pressure conditions"", ""Ease of manufacturing"", ""Light weight""], ""correct"": ""High resistance to corrosion and high-pressure conditions"", ""answer_text"": null, ""category"": null, ""source_file"": ""Sub5-10 questions.docx"", ""source_module"": ""M6"", ""fmt"": ""csv"", ""module"": ""M6"", ""syllabusRef"": ""M6.06.09"", ""level"": """", ""difficulty"": ""MEDIUM"", ""subTopic"": """", ""isEssay"": false}",False
M6,M6.06.06,,Why are rigid pipes pre-manufactured with bends and fittings?,To save time during installation,To ensure precise fit and compliance with design specifications,To allow for custom repairs on-site,,To ensure precise fit and compliance with design specifications,MEDIUM,,,,APPROVED,Answer extracted from source document bold marker,1,Sub5-10 questions.docx,"{""raw"": ""Why are rigid pipes pre-manufactured with bends and fittings?"", ""question"": ""Why are rigid pipes pre-manufactured with bends and fittings?"", ""options"": [""To save time during installation"", ""To ensure precise fit and compliance with design specifications"", ""To allow for custom repairs on-site""], ""correct"": ""To ensure precise fit and compliance with design specifications"", ""answer_text"": null, ""category"": null, ""source_file"": ""Sub5-10 questions.docx"", ""source_module"": ""M6"", ""fmt"": ""csv"", ""module"": ""M6"", ""syllabusRef"": ""M6.06.06"", ""level"": """", ""difficulty"": ""MEDIUM"", ""subTopic"": """", ""isEssay"": false}",False
M6,M6.06.09,,4. What is the main advantage of flareless couplings in aircraft?,Eliminates the need for flaring and provides high-pressure connection,Easier installation process,Can handle higher temperatures,,Eliminates the need for flaring and provides high-pressure connection,MEDIUM,,,,APPROVED,Answer extracted from source document bold marker,1,Sub5-10 questions.docx,"{""raw"": ""4. What is the main advantage of flareless couplings in aircraft?"", ""question"": ""4. What is the main advantage of flareless couplings in aircraft?"", ""options"": [""Eliminates the need for flaring and provides high-pressure connection"", ""Easier installation process"", ""Can handle higher temperatures""], ""correct"": ""Eliminates the need for flaring and provides high-pressure connection"", ""answer_text"": null, ""category"": null, ""source_file"": ""Sub5-10 questions.docx"", ""source_module"": ""M6"", ""fmt"": ""csv"", ""module"": ""M6"", ""syllabusRef"": ""M6.06.09"", ""level"": """", ""difficulty"": ""MEDIUM"", ""subTopic"": """", ""isEssay"": false}",False
M6,M6.6.1(c),,What is the function of the sleeve in a flareless coupling?,To connect the nut and body,To bite into the tube and create a tight seal,To provide structural support,,To bite into the tube and create a tight seal,MEDIUM,,,,APPROVED,Answer extracted from source document bold marker,1,Sub5-10 questions.docx,"{""raw"": ""What is the function of the sleeve in a flareless coupling?"", ""question"": ""What is the function of the sleeve in a flareless coupling?"", ""options"": [""To connect the nut and body"", ""To bite into the tube and create a tight seal"", ""To provide structural support""], ""correct"": ""To bite into the tube and create a tight seal"", ""answer_text"": null, ""category"": null, ""source_file"": ""Sub5-10 questions.docx"", ""source_module"": ""M6"", ""fmt"": ""csv"", ""module"": ""M6"", ""syllabusRef"": ""M6.6.1(c)"", ""level"": """", ""difficulty"": ""MEDIUM"", ""subTopic"": """", ""isEssay"": false}",False
M6,M6.6.1(c),,What happens if a flareless coupling is over-tightened?,It strengthens the connection,"It damages the sleeve and tube, leading to leaks",It loosens the connection over time,,"It damages the sleeve and tube, leading to leaks",MEDIUM,,,,APPROVED,Answer extracted from source document bold marker,1,Sub5-10 questions.docx,"{""raw"": ""What happens if a flareless coupling is over-tightened?"", ""question"": ""What happens if a flareless coupling is over-tightened?"", ""options"": [""It strengthens the connection"", ""It damages the sleeve and tube, leading to leaks"", ""It loosens the connection over time""], ""correct"": ""It damages the sleeve and tube, leading to leaks"", ""answer_text"": null, ""category"": null, ""source_file"": ""Sub5-10 questions.docx"", ""source_module"": ""M6"", ""fmt"": ""csv"", ""module"": ""M6"", ""syllabusRef"": ""M6.6.1(c)"", ""level"": """", ""difficulty"": ""MEDIUM"", ""subTopic"": """", ""isEssay"": false}",False
M6,M6.6.1(c),,8. What ensures a tight seal in an AN flared coupling?,The metal-to-metal contact between the flare and the fitting,The use of sealant,The addition of O-rings,,The metal-to-metal contact between the flare and the fitting,MEDIUM,,,,APPROVED,Answer extracted from source document bold marker,1,Sub5-10 questions.docx,"{""raw"": ""8. What ensures a tight seal in an AN flared coupling?"", ""question"": ""8. What ensures a tight seal in an AN flared coupling?"", ""options"": [""The metal-to-metal contact between the flare and the fitting"", ""The use of sealant"", ""The addition of O-rings""], ""correct"": ""The metal-to-metal contact between the flare and the fitting"", ""answer_text"": null, ""category"": null, ""source_file"": ""Sub5-10 questions.docx"", ""source_module"": ""M6"", ""fmt"": ""csv"", ""module"": ""M6"", ""syllabusRef"": ""M6.6.1(c)"", ""level"": """", ""difficulty"": ""MEDIUM"", ""subTopic"": """", ""isEssay"": false}",False
M6,M6.06.09,,Why are American AN couplings commonly used in aircraft systems?,They are cheaper than other couplings,"They provide reliable, high-pressure connections",They are easier to install,,"They provide reliable, high-pressure connections",MEDIUM,,,,APPROVED,Answer extracted from source document bold marker,1,Sub5-10 questions.docx,"{""raw"": ""Why are American AN couplings commonly used in aircraft systems?"", ""question"": ""Why are American AN couplings commonly used in aircraft systems?"", ""options"": [""They are cheaper than other couplings"", ""They provide reliable, high-pressure connections"", ""They are easier to install""], ""correct"": ""They provide reliable, high-pressure connections"", ""answer_text"": null, ""category"": null, ""source_file"": ""Sub5-10 questions.docx"", ""source_module"": ""M6"", ""fmt"": ""csv"", ""module"": ""M6"", ""syllabusRef"": ""M6.06.09"", ""level"": """", ""difficulty"": ""MEDIUM"", ""subTopic"": """", ""isEssay"": false}",False
M6,M6.6.1(c),,10. What is the primary function of a union in pipe systems?,To connect two sections of pipe and allow for disconnection,To support the weight of the pipes,To prevent leaks,,To connect two sections of pipe and allow for disconnection,MEDIUM,,,,APPROVED,Answer extracted from source document bold marker,1,Sub5-10 questions.docx,"{""raw"": ""10. What is the primary function of a union in pipe systems?"", ""question"": ""10. What is the primary function of a union in pipe systems?"", ""options"": [""To connect two sections of pipe and allow for disconnection"", ""To support the weight of the pipes"", ""To prevent leaks""], ""correct"": ""To connect two sections of pipe and allow for disconnection"", ""answer_text"": null, ""category"": null, ""source_file"": ""Sub5-10 questions.docx"", ""source_module"": ""M6"", ""fmt"": ""csv"", ""module"": ""M6"", ""syllabusRef"": ""M6.6.1(c)"", ""level"": """", ""difficulty"": ""MEDIUM"", ""subTopic"": """", ""isEssay"": false}",False
M6,M6.06.06,,How are standard unions typically joined?,By welding,By screwing a nut onto a threaded fitting,By using adhesives,,By screwing a nut onto a threaded fitting,MEDIUM,,,,APPROVED,Answer extracted from source document bold marker,1,Sub5-10 questions.docx,"{""raw"": ""How are standard unions typically joined?"", ""question"": ""How are standard unions typically joined?"", ""options"": [""By welding"", ""By screwing a nut onto a threaded fitting"", ""By using adhesives""], ""correct"": ""By screwing a nut onto a threaded fitting"", ""answer_text"": null, ""category"": null, ""source_file"": ""Sub5-10 questions.docx"", ""source_module"": ""M6"", ""fmt"": ""csv"", ""module"": ""M6"", ""syllabusRef"": ""M6.06.06"", ""level"": """", ""difficulty"": ""MEDIUM"", ""subTopic"": """", ""isEssay"": false}",False
M6,M6.06.09,,Which material is commonly used for unions in aircraft fluid systems?,Copper,Aluminum alloy,PVC,,Aluminum alloy,MEDIUM,,,,APPROVED,Answer extracted from source document bold marker,1,Sub5-10 questions.docx,"{""raw"": ""Which material is commonly used for unions in aircraft fluid systems?"", ""question"": ""Which material is commonly used for unions in aircraft fluid systems?"", ""options"": [""Copper"", ""Aluminum alloy"", ""PVC""], ""correct"": ""Aluminum alloy"", ""answer_text"": null, ""category"": null, ""source_file"": ""Sub5-10 questions.docx"", ""source_module"": ""M6"", ""fmt"": ""csv"", ""module"": ""M6"", ""syllabusRef"": ""M6.06.09"", ""level"": """", ""difficulty"": ""MEDIUM"", ""subTopic"": """", ""isEssay"": false}",False
M6,M6.06.09,,What is the purpose of pipe markings on aircraft?,To show the type of material used,To indicate the function and contents of the pipe,To show the date of manufacture,,To indicate the function and contents of the pipe,MEDIUM,,,,APPROVED,Answer extracted from source document bold marker,1,Sub5-10 questions.docx,"{""raw"": ""What is the purpose of pipe markings on aircraft?"", ""question"": ""What is the purpose of pipe markings on aircraft?"", ""options"": [""To show the type of material used"", ""To indicate the function and contents of the pipe"", ""To show the date of manufacture""], ""correct"": ""To indicate the function and contents of the pipe"", ""answer_text"": null, ""category"": null, ""source_file"": ""Sub5-10 questions.docx"", ""source_module"": ""M6"", ""fmt"": ""csv"", ""module"": ""M6"", ""syllabusRef"": ""M6.06.09"", ""level"": """", ""difficulty"": ""MEDIUM"", ""subTopic"": """", ""isEssay"": false}",False
M6,,,What information is typically included in pipe markings?,Manufacturer's address,"Pipe size, function, and flow direction",Installation instructions,,"Pipe size, function, and flow direction",MEDIUM,,,,APPROVED,Answer extracted from source document bold marker,1,Sub5-10 questions.docx,"{""raw"": ""What information is typically included in pipe markings?"", ""question"": ""What information is typically included in pipe markings?"", ""options"": [""Manufacturer's address"", ""Pipe size, function, and flow direction"", ""Installation instructions""], ""correct"": ""Pipe size, function, and flow direction"", ""answer_text"": null, ""category"": null, ""source_file"": ""Sub5-10 questions.docx"", ""source_module"": ""M6"", ""fmt"": ""csv"", ""module"": ""M6"", ""syllabusRef"": """", ""level"": """", ""difficulty"": ""MEDIUM"", ""subTopic"": """", ""isEssay"": false}",False
M6,M6.6.1(c),,How are dangerous pipe contents indicated in the marking system?,By red tape,By using a skull and crossbones symbol,By a solid black line,,By using a skull and crossbones symbol,MEDIUM,,,,APPROVED,Answer extracted from source document bold marker,1,Sub5-10 questions.docx,"{""raw"": ""How are dangerous pipe contents indicated in the marking system?"", ""question"": ""How are dangerous pipe contents indicated in the marking system?"", ""options"": [""By red tape"", ""By using a skull and crossbones symbol"", ""By a solid black line""], ""correct"": ""By using a skull and crossbones symbol"", ""answer_text"": null, ""category"": null, ""source_file"": ""Sub5-10 questions.docx"", ""source_module"": ""M6"", ""fmt"": ""csv"", ""module"": ""M6"", ""syllabusRef"": ""M6.6.1(c)"", ""level"": """", ""difficulty"": ""MEDIUM"", ""subTopic"": """", ""isEssay"": false}",False
M6,M6.6.1(c),,What is a critical step before installing a rigid pipe assembly?,Flaring both ends,Ensuring the pipe has the correct bends and fittings installed,Sanding the pipe ends,,Ensuring the pipe has the correct bends and fittings installed,MEDIUM,,,,APPROVED,Answer extracted from source document bold marker,1,Sub5-10 questions.docx,"{""raw"": ""What is a critical step before installing a rigid pipe assembly?"", ""question"": ""What is a critical step before installing a rigid pipe assembly?"", ""options"": [""Flaring both ends"", ""Ensuring the pipe has the correct bends and fittings installed"", ""Sanding the pipe ends""], ""correct"": ""Ensuring the pipe has the correct bends and fittings installed"", ""answer_text"": null, ""category"": null, ""source_file"": ""Sub5-10 questions.docx"", ""source_module"": ""M6"", ""fmt"": ""csv"", ""module"": ""M6"", ""syllabusRef"": ""M6.6.1(c)"", ""level"": """", ""difficulty"": ""MEDIUM"", ""subTopic"": """", ""isEssay"": false}",False
M6,M6.6.1(c),,"17. When repairing a rigid pipe, what is generally not allowed?",Heating and bending the pipe without specific approvals,Cutting the pipe to length,Replacing fittings,,Heating and bending the pipe without specific approvals,MEDIUM,,,,APPROVED,Answer extracted from source document bold marker,1,Sub5-10 questions.docx,"{""raw"": ""17. When repairing a rigid pipe, what is generally not allowed?"", ""question"": ""17. When repairing a rigid pipe, what is generally not allowed?"", ""options"": [""Heating and bending the pipe without specific approvals"", ""Cutting the pipe to length"", ""Replacing fittings""], ""correct"": ""Heating and bending the pipe without specific approvals"", ""answer_text"": null, ""category"": null, ""source_file"": ""Sub5-10 questions.docx"", ""source_module"": ""M6"", ""fmt"": ""csv"", ""module"": ""M6"", ""syllabusRef"": ""M6.6.1(c)"", ""level"": """", ""difficulty"": ""MEDIUM"", ""subTopic"": """", ""isEssay"": false}",False
M6,M6.06.06,,18. Which component is often used with rigid pipes to prevent vibration damage?,Clamps,Teflon tape,Rubber sleeves,,Clamps,MEDIUM,,,,APPROVED,Answer extracted from source document bold marker,1,Sub5-10 questions.docx,"{""raw"": ""18. Which component is often used with rigid pipes to prevent vibration damage?"", ""question"": ""18. Which component is often used with rigid pipes to prevent vibration damage?"", ""options"": [""Clamps"", ""Teflon tape"", ""Rubber sleeves""], ""correct"": ""Clamps"", ""answer_text"": null, ""category"": null, ""source_file"": ""Sub5-10 questions.docx"", ""source_module"": ""M6"", ""fmt"": ""csv"", ""module"": ""M6"", ""syllabusRef"": ""M6.06.06"", ""level"": """", ""difficulty"": ""MEDIUM"", ""subTopic"": """", ""isEssay"": false}",False
M6,M6.6.1(c),,19. What is the primary concern when pre-setting a flareless coupling?,Ensuring the sleeve bites evenly into the pipe,Tightening the nut as much as possible,Lubricating the pipe,,Ensuring the sleeve bites evenly into the pipe,MEDIUM,,,,APPROVED,Answer extracted from source document bold marker,1,Sub5-10 questions.docx,"{""raw"": ""19. What is the primary concern when pre-setting a flareless coupling?"", ""question"": ""19. What is the primary concern when pre-setting a flareless coupling?"", ""options"": [""Ensuring the sleeve bites evenly into the pipe"", ""Tightening the nut as much as possible"", ""Lubricating the pipe""], ""correct"": ""Ensuring the sleeve bites evenly into the pipe"", ""answer_text"": null, ""category"": null, ""source_file"": ""Sub5-10 questions.docx"", ""source_module"": ""M6"", ""fmt"": ""csv"", ""module"": ""M6"", ""syllabusRef"": ""M6.6.1(c)"", ""level"": """", ""difficulty"": ""MEDIUM"", ""subTopic"": """", ""isEssay"": false}",False
M6,M6.6.1(c),,How can you check if a flareless coupling has been properly pre-set?,By loosening and retightening the nut,By checking if the sleeve is bowed and gripping the tube,By applying hydraulic fluid,,By checking if the sleeve is bowed and gripping the tube,MEDIUM,,,,APPROVED,Answer extracted from source document bold marker,1,Sub5-10 questions.docx,"{""raw"": ""How can you check if a flareless coupling has been properly pre-set?"", ""question"": ""How can you check if a flareless coupling has been properly pre-set?"", ""options"": [""By loosening and retightening the nut"", ""By checking if the sleeve is bowed and gripping the tube"", ""By applying hydraulic fluid""], ""correct"": ""By checking if the sleeve is bowed and gripping the tube"", ""answer_text"": null, ""category"": null, ""source_file"": ""Sub5-10 questions.docx"", ""source_module"": ""M6"", ""fmt"": ""csv"", ""module"": ""M6"", ""syllabusRef"": ""M6.6.1(c)"", ""level"": """", ""difficulty"": ""MEDIUM"", ""subTopic"": """", ""isEssay"": false}",False
M6,M6.6.1(c),,What should be done if a flareless coupling joint leaks after installation?,Tighten the nut further,Inspect the joint for foreign material or damage,Replace the entire coupling,,Inspect the joint for foreign material or damage,MEDIUM,,,,APPROVED,Answer extracted from source document bold marker,1,Sub5-10 questions.docx,"{""raw"": ""What should be done if a flareless coupling joint leaks after installation?"", ""question"": ""What should be done if a flareless coupling joint leaks after installation?"", ""options"": [""Tighten the nut further"", ""Inspect the joint for foreign material or damage"", ""Replace the entire coupling""], ""correct"": ""Inspect the joint for foreign material or damage"", ""answer_text"": null, ""category"": null, ""source_file"": ""Sub5-10 questions.docx"", ""source_module"": ""M6"", ""fmt"": ""csv"", ""module"": ""M6"", ""syllabusRef"": ""M6.6.1(c)"", ""level"": """", ""difficulty"": ""MEDIUM"", ""subTopic"": """", ""isEssay"": false}",False
M6,M6.6.1(C),,22. What is the consequence of over-flaring a pipe for a flared coupling?,"The pipe end may crack, causing potential leaks",The pipe will be stronger,The pipe will fit more securely,,"The pipe end may crack, causing potential leaks",MEDIUM,,,,APPROVED,Answer extracted from source document bold marker,1,Sub5-10 questions.docx,"{""raw"": ""22. What is the consequence of over-flaring a pipe for a flared coupling?"", ""question"": ""22. What is the consequence of over-flaring a pipe for a flared coupling?"", ""options"": [""The pipe end may crack, causing potential leaks"", ""The pipe will be stronger"", ""The pipe will fit more securely""], ""correct"": ""The pipe end may crack, causing potential leaks"", ""answer_text"": null, ""category"": null, ""source_file"": ""Sub5-10 questions.docx"", ""source_module"": ""M6"", ""fmt"": ""csv"", ""module"": ""M6"", ""syllabusRef"": ""M6.6.1(C)"", ""level"": """", ""difficulty"": ""MEDIUM"", ""subTopic"": """", ""isEssay"": false}",False
M6,,,23. Why is a 37° flare used in AN fittings rather than a 45° flare?,It provides better sealing and durability under pressure,It requires less material to manufacture,It is easier to install,,It provides better sealing and durability under pressure,MEDIUM,,,,APPROVED,Answer extracted from source document bold marker,1,Sub5-10 questions.docx,"{""raw"": ""23. Why is a 37° flare used in AN fittings rather than a 45° flare?"", ""question"": ""23. Why is a 37° flare used in AN fittings rather than a 45° flare?"", ""options"": [""It provides better sealing and durability under pressure"", ""It requires less material to manufacture"", ""It is easier to install""], ""correct"": ""It provides better sealing and durability under pressure"", ""answer_text"": null, ""category"": null, ""source_file"": ""Sub5-10 questions.docx"", ""source_module"": ""M6"", ""fmt"": ""csv"", ""module"": ""M6"", ""syllabusRef"": """", ""level"": """", ""difficulty"": ""MEDIUM"", ""subTopic"": """", ""isEssay"": false}",False
M6,,,What material is commonly used in American AN fittings?,Brass,Aluminum and steel,Plastic,,Aluminum and steel,MEDIUM,,,,APPROVED,Answer extracted from source document bold marker,1,Sub5-10 questions.docx,"{""raw"": ""What material is commonly used in American AN fittings?"", ""question"": ""What material is commonly used in American AN fittings?"", ""options"": [""Brass"", ""Aluminum and steel"", ""Plastic""], ""correct"": ""Aluminum and steel"", ""answer_text"": null, ""category"": null, ""source_file"": ""Sub5-10 questions.docx"", ""source_module"": ""M6"", ""fmt"": ""csv"", ""module"": ""M6"", ""syllabusRef"": """", ""level"": """", ""difficulty"": ""MEDIUM"", ""subTopic"": """", ""isEssay"": false}",False
M6,M6.06.04,,25. Why are fuel pipes in aircraft systems often flared or beaded at the ends?,To ensure a secure connection with the couplings,To reduce weight,To prevent corrosion,,To ensure a secure connection with the couplings,MEDIUM,,,,APPROVED,Answer extracted from source document bold marker,1,Sub5-10 questions.docx,"{""raw"": ""25. Why are fuel pipes in aircraft systems often flared or beaded at the ends?"", ""question"": ""25. Why are fuel pipes in aircraft systems often flared or beaded at the ends?"", ""options"": [""To ensure a secure connection with the couplings"", ""To reduce weight"", ""To prevent corrosion""], ""correct"": ""To ensure a secure connection with the couplings"", ""answer_text"": null, ""category"": null, ""source_file"": ""Sub5-10 questions.docx"", ""source_module"": ""M6"", ""fmt"": ""csv"", ""module"": ""M6"", ""syllabusRef"": ""M6.06.04"", ""level"": """", ""difficulty"": ""MEDIUM"", ""subTopic"": """", ""isEssay"": false}",False
M6,M6.06.01,,"What is the risk of using inverted ""U"" bends in fluid systems?",Reduces fluid pressure,"Can cause vapor locks, leading to system malfunctions",Causes excess wear on the pipes,,"Can cause vapor locks, leading to system malfunctions",MEDIUM,,,,APPROVED,Answer extracted from source document bold marker,1,Sub5-10 questions.docx,"{""raw"": ""What is the risk of using inverted \""U\"" bends in fluid systems?"", ""question"": ""What is the risk of using inverted \""U\"" bends in fluid systems?"", ""options"": [""Reduces fluid pressure"", ""Can cause vapor locks, leading to system malfunctions"", ""Causes excess wear on the pipes""], ""correct"": ""Can cause vapor locks, leading to system malfunctions"", ""answer_text"": null, ""category"": null, ""source_file"": ""Sub5-10 questions.docx"", ""source_module"": ""M6"", ""fmt"": ""csv"", ""module"": ""M6"", ""syllabusRef"": ""M6.06.01"", ""level"": """", ""difficulty"": ""MEDIUM"", ""subTopic"": """", ""isEssay"": false}",False
M6,M6.6.1(c),,What must be done to prevent cross-connection in pipe systems?,Color-code the pipes,Use different sizes or lengths of pipe couplings,Label each pipe manually,,Use different sizes or lengths of pipe couplings,MEDIUM,,,,APPROVED,Answer extracted from source document bold marker,1,Sub5-10 questions.docx,"{""raw"": ""What must be done to prevent cross-connection in pipe systems?"", ""question"": ""What must be done to prevent cross-connection in pipe systems?"", ""options"": [""Color-code the pipes"", ""Use different sizes or lengths of pipe couplings"", ""Label each pipe manually""], ""correct"": ""Use different sizes or lengths of pipe couplings"", ""answer_text"": null, ""category"": null, ""source_file"": ""Sub5-10 questions.docx"", ""source_module"": ""M6"", ""fmt"": ""csv"", ""module"": ""M6"", ""syllabusRef"": ""M6.6.1(c)"", ""level"": """", ""difficulty"": ""MEDIUM"", ""subTopic"": """", ""isEssay"": false}",False
M6,M6.06.01,,28. What should be inspected regularly in pipe systems?,Tightness of fittings and condition of the pipes,Color of the pipes,Length of the pipes,,Tightness of fittings and condition of the pipes,MEDIUM,,,,APPROVED,Answer extracted from source document bold marker,1,Sub5-10 questions.docx,"{""raw"": ""28. What should be inspected regularly in pipe systems?"", ""question"": ""28. What should be inspected regularly in pipe systems?"", ""options"": [""Tightness of fittings and condition of the pipes"", ""Color of the pipes"", ""Length of the pipes""], ""correct"": ""Tightness of fittings and condition of the pipes"", ""answer_text"": null, ""category"": null, ""source_file"": ""Sub5-10 questions.docx"", ""source_module"": ""M6"", ""fmt"": ""csv"", ""module"": ""M6"", ""syllabusRef"": ""M6.06.01"", ""level"": """", ""difficulty"": ""MEDIUM"", ""subTopic"": """", ""isEssay"": false}",False
M6,M6.06.02,,Which pipe material is most likely to require regular inspections for fatigue?,Titanium,Aluminum alloy,Tungsten,,Aluminum alloy,MEDIUM,,,,APPROVED,Answer extracted from source document bold marker,1,Sub5-10 questions.docx,"{""raw"": ""Which pipe material is most likely to require regular inspections for fatigue?"", ""question"": ""Which pipe material is most likely to require regular inspections for fatigue?"", ""options"": [""Titanium"", ""Aluminum alloy"", ""Tungsten""], ""correct"": ""Aluminum alloy"", ""answer_text"": null, ""category"": null, ""source_file"": ""Sub5-10 questions.docx"", ""source_module"": ""M6"", ""fmt"": ""csv"", ""module"": ""M6"", ""syllabusRef"": ""M6.06.02"", ""level"": """", ""difficulty"": ""MEDIUM"", ""subTopic"": """", ""isEssay"": false}",False
M6,M6.6.1(c),,What is the first step in troubleshooting a leaking pipe system?,Replace the leaking section,Check the fittings and couplings for tightness and damage,Flush the system with water,,Check the fittings and couplings for tightness and damage,MEDIUM,,,,APPROVED,Answer extracted from source document bold marker,1,Sub5-10 questions.docx,"{""raw"": ""What is the first step in troubleshooting a leaking pipe system?"", ""question"": ""What is the first step in troubleshooting a leaking pipe system?"", ""options"": [""Replace the leaking section"", ""Check the fittings and couplings for tightness and damage"", ""Flush the system with water""], ""correct"": ""Check the fittings and couplings for tightness and damage"", ""answer_text"": null, ""category"": null, ""source_file"": ""Sub5-10 questions.docx"", ""source_module"": ""M6"", ""fmt"": ""csv"", ""module"": ""M6"", ""syllabusRef"": ""M6.6.1(c)"", ""level"": """", ""difficulty"": ""MEDIUM"", ""subTopic"": """", ""isEssay"": false}",False
M6,M6.6.1(c),,What is the primary function of a compression spring?,To resist tension,To resist compression,To store energy through bending,,To resist compression,MEDIUM,,,,APPROVED,Answer extracted from source document bold marker,1,Sub5-10 questions.docx,"{""raw"": ""What is the primary function of a compression spring?"", ""question"": ""What is the primary function of a compression spring?"", ""options"": [""To resist tension"", ""To resist compression"", ""To store energy through bending""], ""correct"": ""To resist compression"", ""answer_text"": null, ""category"": null, ""source_file"": ""Sub5-10 questions.docx"", ""source_module"": ""M6"", ""fmt"": ""csv"", ""module"": ""M6"", ""syllabusRef"": ""M6.6.1(c)"", ""level"": """", ""difficulty"": ""MEDIUM"", ""subTopic"": """", ""isEssay"": false}",False
M6,M6.06.07,,2. Which of the following is a key feature of extension springs?,They have hooks or loops at both ends,They are used in torsional applications,They are used in high-temperature environments,,They have hooks or loops at both ends,MEDIUM,,,,APPROVED,Answer extracted from source document bold marker,1,Sub5-10 questions.docx,"{""raw"": ""2. Which of the following is a key feature of extension springs?"", ""question"": ""2. Which of the following is a key feature of extension springs?"", ""options"": [""They have hooks or loops at both ends"", ""They are used in torsional applications"", ""They are used in high-temperature environments""], ""correct"": ""They have hooks or loops at both ends"", ""answer_text"": null, ""category"": null, ""source_file"": ""Sub5-10 questions.docx"", ""source_module"": ""M6"", ""fmt"": ""csv"", ""module"": ""M6"", ""syllabusRef"": ""M6.06.07"", ""level"": """", ""difficulty"": ""MEDIUM"", ""subTopic"": """", ""isEssay"": false}",False
M6,M6.6.1(c),,3. What is the purpose of a Belleville (cone disc) spring?,To absorb bending forces,To store torsional energy,To provide a high load in a small space,,To provide a high load in a small space,MEDIUM,,,,APPROVED,Answer extracted from source document bold marker,1,Sub5-10 questions.docx,"{""raw"": ""3. What is the purpose of a Belleville (cone disc) spring?"", ""question"": ""3. What is the purpose of a Belleville (cone disc) spring?"", ""options"": [""To absorb bending forces"", ""To store torsional energy"", ""To provide a high load in a small space""], ""correct"": ""To provide a high load in a small space"", ""answer_text"": null, ""category"": null, ""source_file"": ""Sub5-10 questions.docx"", ""source_module"": ""M6"", ""fmt"": ""csv"", ""module"": ""M6"", ""syllabusRef"": ""M6.6.1(c)"", ""level"": """", ""difficulty"": ""MEDIUM"", ""subTopic"": """", ""isEssay"": false}",False
M6,M6.6.1(C),,What is a key characteristic of a torsion spring?,It resists compressive forces,It stores energy through twisting,It acts as a buffer for vibrations,,It stores energy through twisting,MEDIUM,,,,APPROVED,Answer extracted from source document bold marker,1,Sub5-10 questions.docx,"{""raw"": ""What is a key characteristic of a torsion spring?"", ""question"": ""What is a key characteristic of a torsion spring?"", ""options"": [""It resists compressive forces"", ""It stores energy through twisting"", ""It acts as a buffer for vibrations""], ""correct"": ""It stores energy through twisting"", ""answer_text"": null, ""category"": null, ""source_file"": ""Sub5-10 questions.docx"", ""source_module"": ""M6"", ""fmt"": ""csv"", ""module"": ""M6"", ""syllabusRef"": ""M6.6.1(C)"", ""level"": """", ""difficulty"": ""MEDIUM"", ""subTopic"": """", ""isEssay"": false}",False
M6,,,Which spring type is often used when space is limited?,Helical tension spring,Conical compression spring,Leaf spring,,Conical compression spring,MEDIUM,,,,APPROVED,Answer extracted from source document bold marker,1,Sub5-10 questions.docx,"{""raw"": ""Which spring type is often used when space is limited?"", ""question"": ""Which spring type is often used when space is limited?"", ""options"": [""Helical tension spring"", ""Conical compression spring"", ""Leaf spring""], ""correct"": ""Conical compression spring"", ""answer_text"": null, ""category"": null, ""source_file"": ""Sub5-10 questions.docx"", ""source_module"": ""M6"", ""fmt"": ""csv"", ""module"": ""M6"", ""syllabusRef"": """", ""level"": """", ""difficulty"": ""MEDIUM"", ""subTopic"": """", ""isEssay"": false}",False
M6,M6.06.07,,6. Which of the following springs is known for its ability to return to its original shape after deformation?,Flat spring,Conical spring,Spiral spring,,Flat spring,MEDIUM,,,,APPROVED,Answer extracted from source document bold marker,1,Sub5-10 questions.docx,"{""raw"": ""6. Which of the following springs is known for its ability to return to its original shape after deformation?"", ""question"": ""6. Which of the following springs is known for its ability to return to its original shape after deformation?"", ""options"": [""Flat spring"", ""Conical spring"", ""Spiral spring""], ""correct"": ""Flat spring"", ""answer_text"": null, ""category"": null, ""source_file"": ""Sub5-10 questions.docx"", ""source_module"": ""M6"", ""fmt"": ""csv"", ""module"": ""M6"", ""syllabusRef"": ""M6.06.07"", ""level"": """", ""difficulty"": ""MEDIUM"", ""subTopic"": """", ""isEssay"": false}",False
M6,M6.06.07,,Which material is commonly used in high-stress springs such as valve springs?,Aluminum alloy,Chrome-silicon steel,Plastic,,Chrome-silicon steel,MEDIUM,,,,APPROVED,Answer extracted from source document bold marker,1,Sub5-10 questions.docx,"{""raw"": ""Which material is commonly used in high-stress springs such as valve springs?"", ""question"": ""Which material is commonly used in high-stress springs such as valve springs?"", ""options"": [""Aluminum alloy"", ""Chrome-silicon steel"", ""Plastic""], ""correct"": ""Chrome-silicon steel"", ""answer_text"": null, ""category"": null, ""source_file"": ""Sub5-10 questions.docx"", ""source_module"": ""M6"", ""fmt"": ""csv"", ""module"": ""M6"", ""syllabusRef"": ""M6.06.07"", ""level"": """", ""difficulty"": ""MEDIUM"", ""subTopic"": """", ""isEssay"": false}",False
M6,,,What defines a progressive rate spring?,A spring that has a uniform spacing between coils,A spring with varying coil spacing for variable stiffness,A spring that is entirely flat,,A spring with varying coil spacing for variable stiffness,MEDIUM,,,,APPROVED,Answer extracted from source document bold marker,1,Sub5-10 questions.docx,"{""raw"": ""What defines a progressive rate spring?"", ""question"": ""What defines a progressive rate spring?"", ""options"": [""A spring that has a uniform spacing between coils"", ""A spring with varying coil spacing for variable stiffness"", ""A spring that is entirely flat""], ""correct"": ""A spring with varying coil spacing for variable stiffness"", ""answer_text"": null, ""category"": null, ""source_file"": ""Sub5-10 questions.docx"", ""source_module"": ""M6"", ""fmt"": ""csv"", ""module"": ""M6"", ""syllabusRef"": """", ""level"": """", ""difficulty"": ""MEDIUM"", ""subTopic"": """", ""isEssay"": false}",False
M6,M6.6.1(c),,What is the benefit of using a conical compression spring?,Increased tension strength,Compactness in fully compressed state,Even load distribution,,Compactness in fully compressed state,MEDIUM,,,,APPROVED,Answer extracted from source document bold marker,1,Sub5-10 questions.docx,"{""raw"": ""What is the benefit of using a conical compression spring?"", ""question"": ""What is the benefit of using a conical compression spring?"", ""options"": [""Increased tension strength"", ""Compactness in fully compressed state"", ""Even load distribution""], ""correct"": ""Compactness in fully compressed state"", ""answer_text"": null, ""category"": null, ""source_file"": ""Sub5-10 questions.docx"", ""source_module"": ""M6"", ""fmt"": ""csv"", ""module"": ""M6"", ""syllabusRef"": ""M6.6.1(c)"", ""level"": """", ""difficulty"": ""MEDIUM"", ""subTopic"": """", ""isEssay"": false}",False
M6,M6.06.07,,10. What type of spring is typically used in aircraft landing gear systems?,Compression springs,Spiral springs,Torsion springs,,Compression springs,MEDIUM,,,,APPROVED,Answer extracted from source document bold marker,1,Sub5-10 questions.docx,"{""raw"": ""10. What type of spring is typically used in aircraft landing gear systems?"", ""question"": ""10. What type of spring is typically used in aircraft landing gear systems?"", ""options"": [""Compression springs"", ""Spiral springs"", ""Torsion springs""], ""correct"": ""Compression springs"", ""answer_text"": null, ""category"": null, ""source_file"": ""Sub5-10 questions.docx"", ""source_module"": ""M6"", ""fmt"": ""csv"", ""module"": ""M6"", ""syllabusRef"": ""M6.06.07"", ""level"": """", ""difficulty"": ""MEDIUM"", ""subTopic"": """", ""isEssay"": false}",False
M6,M6.06.09,,Where are Belleville washers typically used in an aircraft?,In vibration-dampening systems,As wheel brake return springs,As part of seat-adjustment mechanisms,,As wheel brake return springs,MEDIUM,,,,APPROVED,Answer extracted from source document bold marker,1,Sub5-10 questions.docx,"{""raw"": ""Where are Belleville washers typically used in an aircraft?"", ""question"": ""Where are Belleville washers typically used in an aircraft?"", ""options"": [""In vibration-dampening systems"", ""As wheel brake return springs"", ""As part of seat-adjustment mechanisms""], ""correct"": ""As wheel brake return springs"", ""answer_text"": null, ""category"": null, ""source_file"": ""Sub5-10 questions.docx"", ""source_module"": ""M6"", ""fmt"": ""csv"", ""module"": ""M6"", ""syllabusRef"": ""M6.06.09"", ""level"": """", ""difficulty"": ""MEDIUM"", ""subTopic"": """", ""isEssay"": false}",False
M6,,,What spring is often used in instruments to prevent gear backlash?,Conical spring,Spiral spring,Compression spring,,Spiral spring,MEDIUM,,,,APPROVED,Answer extracted from source document bold marker,1,Sub5-10 questions.docx,"{""raw"": ""What spring is often used in instruments to prevent gear backlash?"", ""question"": ""What spring is often used in instruments to prevent gear backlash?"", ""options"": [""Conical spring"", ""Spiral spring"", ""Compression spring""], ""correct"": ""Spiral spring"", ""answer_text"": null, ""category"": null, ""source_file"": ""Sub5-10 questions.docx"", ""source_module"": ""M6"", ""fmt"": ""csv"", ""module"": ""M6"", ""syllabusRef"": """", ""level"": """", ""difficulty"": ""MEDIUM"", ""subTopic"": """", ""isEssay"": false}",False
M6,M6.06.07,,13. What type of spring is typically used in aircraft control surface return mechanisms?,Tension springs,Torsion springs,Belleville washers,,Tension springs,MEDIUM,,,,APPROVED,Answer extracted from source document bold marker,1,Sub5-10 questions.docx,"{""raw"": ""13. What type of spring is typically used in aircraft control surface return mechanisms?"", ""question"": ""13. What type of spring is typically used in aircraft control surface return mechanisms?"", ""options"": [""Tension springs"", ""Torsion springs"", ""Belleville washers""], ""correct"": ""Tension springs"", ""answer_text"": null, ""category"": null, ""source_file"": ""Sub5-10 questions.docx"", ""source_module"": ""M6"", ""fmt"": ""csv"", ""module"": ""M6"", ""syllabusRef"": ""M6.06.07"", ""level"": """", ""difficulty"": ""MEDIUM"", ""subTopic"": """", ""isEssay"": false}",False
M6,M6.06.07,,Why are double torsion springs used in some aircraft applications?,For increased resistance to compressive loads,To provide balanced torque from opposite directions,To reduce wear on bearings,,To provide balanced torque from opposite directions,MEDIUM,,,,APPROVED,Answer extracted from source document bold marker,1,Sub5-10 questions.docx,"{""raw"": ""Why are double torsion springs used in some aircraft applications?"", ""question"": ""Why are double torsion springs used in some aircraft applications?"", ""options"": [""For increased resistance to compressive loads"", ""To provide balanced torque from opposite directions"", ""To reduce wear on bearings""], ""correct"": ""To provide balanced torque from opposite directions"", ""answer_text"": null, ""category"": null, ""source_file"": ""Sub5-10 questions.docx"", ""source_module"": ""M6"", ""fmt"": ""csv"", ""module"": ""M6"", ""syllabusRef"": ""M6.06.07"", ""level"": """", ""difficulty"": ""MEDIUM"", ""subTopic"": """", ""isEssay"": false}",False
M6,M6.06.09,,Which spring type is used in power flying control artificial feel units?,Leaf spring,Compression spring,Flat spring,,Compression spring,MEDIUM,,,,APPROVED,Answer extracted from source document bold marker,1,Sub5-10 questions.docx,"{""raw"": ""Which spring type is used in power flying control artificial feel units?"", ""question"": ""Which spring type is used in power flying control artificial feel units?"", ""options"": [""Leaf spring"", ""Compression spring"", ""Flat spring""], ""correct"": ""Compression spring"", ""answer_text"": null, ""category"": null, ""source_file"": ""Sub5-10 questions.docx"", ""source_module"": ""M6"", ""fmt"": ""csv"", ""module"": ""M6"", ""syllabusRef"": ""M6.06.09"", ""level"": """", ""difficulty"": ""MEDIUM"", ""subTopic"": """", ""isEssay"": false}",False
M6,M6.06.01,,16. Why are progressive rate springs commonly used in engine valve systems?,To prevent valve bounce at high engine speeds,To provide constant tension,To increase the valve opening speed,,To prevent valve bounce at high engine speeds,MEDIUM,,,,APPROVED,Answer extracted from source document bold marker,1,Sub5-10 questions.docx,"{""raw"": ""16. Why are progressive rate springs commonly used in engine valve systems?"", ""question"": ""16. Why are progressive rate springs commonly used in engine valve systems?"", ""options"": [""To prevent valve bounce at high engine speeds"", ""To provide constant tension"", ""To increase the valve opening speed""], ""correct"": ""To prevent valve bounce at high engine speeds"", ""answer_text"": null, ""category"": null, ""source_file"": ""Sub5-10 questions.docx"", ""source_module"": ""M6"", ""fmt"": ""csv"", ""module"": ""M6"", ""syllabusRef"": ""M6.06.01"", ""level"": """", ""difficulty"": ""MEDIUM"", ""subTopic"": """", ""isEssay"": false}",False
M6,M6.06.07,,17. What is a common application of multi-cup (Belleville) springs in aircraft?,In control surface linkages,In the fuel system,In hydraulic components like ball-type non-return valves,,In hydraulic components like ball-type non-return valves,MEDIUM,,,,APPROVED,Answer extracted from source document bold marker,1,Sub5-10 questions.docx,"{""raw"": ""17. What is a common application of multi-cup (Belleville) springs in aircraft?"", ""question"": ""17. What is a common application of multi-cup (Belleville) springs in aircraft?"", ""options"": [""In control surface linkages"", ""In the fuel system"", ""In hydraulic components like ball-type non-return valves""], ""correct"": ""In hydraulic components like ball-type non-return valves"", ""answer_text"": null, ""category"": null, ""source_file"": ""Sub5-10 questions.docx"", ""source_module"": ""M6"", ""fmt"": ""csv"", ""module"": ""M6"", ""syllabusRef"": ""M6.06.07"", ""level"": """", ""difficulty"": ""MEDIUM"", ""subTopic"": """", ""isEssay"": false}",False
M6,M6.06.07,,Where are torsion springs typically used in aircraft systems?,In landing gear shock absorbers,In seat adjustment and hatch release mechanisms,In brake return mechanisms,,In seat adjustment and hatch release mechanisms,MEDIUM,,,,APPROVED,Answer extracted from source document bold marker,1,Sub5-10 questions.docx,"{""raw"": ""Where are torsion springs typically used in aircraft systems?"", ""question"": ""Where are torsion springs typically used in aircraft systems?"", ""options"": [""In landing gear shock absorbers"", ""In seat adjustment and hatch release mechanisms"", ""In brake return mechanisms""], ""correct"": ""In seat adjustment and hatch release mechanisms"", ""answer_text"": null, ""category"": null, ""source_file"": ""Sub5-10 questions.docx"", ""source_module"": ""M6"", ""fmt"": ""csv"", ""module"": ""M6"", ""syllabusRef"": ""M6.06.07"", ""level"": """", ""difficulty"": ""MEDIUM"", ""subTopic"": """", ""isEssay"": false}",False
M6,M6.6.1(c),,19. What is the function of a conical spring in a hydraulic system?,It is used in non-return valve applications,It maintains fuel pressure,It absorbs excess hydraulic fluid,,It is used in non-return valve applications,MEDIUM,,,,APPROVED,Answer extracted from source document bold marker,1,Sub5-10 questions.docx,"{""raw"": ""19. What is the function of a conical spring in a hydraulic system?"", ""question"": ""19. What is the function of a conical spring in a hydraulic system?"", ""options"": [""It is used in non-return valve applications"", ""It maintains fuel pressure"", ""It absorbs excess hydraulic fluid""], ""correct"": ""It is used in non-return valve applications"", ""answer_text"": null, ""category"": null, ""source_file"": ""Sub5-10 questions.docx"", ""source_module"": ""M6"", ""fmt"": ""csv"", ""module"": ""M6"", ""syllabusRef"": ""M6.6.1(c)"", ""level"": """", ""difficulty"": ""MEDIUM"", ""subTopic"": """", ""isEssay"": false}",False
M6,M6.06.07,,Where are leaf springs primarily used in aircraft?,As flight control linkages,In tailwheel shock absorbers,In cockpit instrumentation,,In tailwheel shock absorbers,MEDIUM,,,,APPROVED,Answer extracted from source document bold marker,1,Sub5-10 questions.docx,"{""raw"": ""Where are leaf springs primarily used in aircraft?"", ""question"": ""Where are leaf springs primarily used in aircraft?"", ""options"": [""As flight control linkages"", ""In tailwheel shock absorbers"", ""In cockpit instrumentation""], ""correct"": ""In tailwheel shock absorbers"", ""answer_text"": null, ""category"": null, ""source_file"": ""Sub5-10 questions.docx"", ""source_module"": ""M6"", ""fmt"": ""csv"", ""module"": ""M6"", ""syllabusRef"": ""M6.06.07"", ""level"": """", ""difficulty"": ""MEDIUM"", ""subTopic"": """", ""isEssay"": false}",False
M6,M6.06.04,,Why is music wire commonly used in small springs with high fatigue stresses?,It is corrosion resistant,It offers excellent elasticity and fatigue resistance,It is lightweight,,It offers excellent elasticity and fatigue resistance,MEDIUM,,,,APPROVED,Answer extracted from source document bold marker,1,Sub5-10 questions.docx,"{""raw"": ""Why is music wire commonly used in small springs with high fatigue stresses?"", ""question"": ""Why is music wire commonly used in small springs with high fatigue stresses?"", ""options"": [""It is corrosion resistant"", ""It offers excellent elasticity and fatigue resistance"", ""It is lightweight""], ""correct"": ""It offers excellent elasticity and fatigue resistance"", ""answer_text"": null, ""category"": null, ""source_file"": ""Sub5-10 questions.docx"", ""source_module"": ""M6"", ""fmt"": ""csv"", ""module"": ""M6"", ""syllabusRef"": ""M6.06.04"", ""level"": """", ""difficulty"": ""MEDIUM"", ""subTopic"": """", ""isEssay"": false}",False
M6,M6.06.09,,What characteristic defines a flat spring in an aircraft system?,It is primarily used in torsional applications,"It is made from flat, rectangular spring steel",It provides constant load over a short distance,,"It is made from flat, rectangular spring steel",MEDIUM,,,,APPROVED,Answer extracted from source document bold marker,1,Sub5-10 questions.docx,"{""raw"": ""What characteristic defines a flat spring in an aircraft system?"", ""question"": ""What characteristic defines a flat spring in an aircraft system?"", ""options"": [""It is primarily used in torsional applications"", ""It is made from flat, rectangular spring steel"", ""It provides constant load over a short distance""], ""correct"": ""It is made from flat, rectangular spring steel"", ""answer_text"": null, ""category"": null, ""source_file"": ""Sub5-10 questions.docx"", ""source_module"": ""M6"", ""fmt"": ""csv"", ""module"": ""M6"", ""syllabusRef"": ""M6.06.09"", ""level"": """", ""difficulty"": ""MEDIUM"", ""subTopic"": """", ""isEssay"": false}",False
M6,M6.06.07,,23. Where would you commonly find spiral springs in aircraft systems?,In clocks and instrument mechanisms,In high-pressure hydraulic systems,In landing gear assemblies,,In clocks and instrument mechanisms,MEDIUM,,,,APPROVED,Answer extracted from source document bold marker,1,Sub5-10 questions.docx,"{""raw"": ""23. Where would you commonly find spiral springs in aircraft systems?"", ""question"": ""23. Where would you commonly find spiral springs in aircraft systems?"", ""options"": [""In clocks and instrument mechanisms"", ""In high-pressure hydraulic systems"", ""In landing gear assemblies""], ""correct"": ""In clocks and instrument mechanisms"", ""answer_text"": null, ""category"": null, ""source_file"": ""Sub5-10 questions.docx"", ""source_module"": ""M6"", ""fmt"": ""csv"", ""module"": ""M6"", ""syllabusRef"": ""M6.06.07"", ""level"": """", ""difficulty"": ""MEDIUM"", ""subTopic"": """", ""isEssay"": false}",False
M6,M6.06.07,,What is a primary application of cylindrical helical torsion springs?,To prevent over-extension of control surfaces,To provide torque in systems like seat adjusters,To maintain hydraulic pressure in brake systems,,To provide torque in systems like seat adjusters,MEDIUM,,,,APPROVED,Answer extracted from source document bold marker,1,Sub5-10 questions.docx,"{""raw"": ""What is a primary application of cylindrical helical torsion springs?"", ""question"": ""What is a primary application of cylindrical helical torsion springs?"", ""options"": [""To prevent over-extension of control surfaces"", ""To provide torque in systems like seat adjusters"", ""To maintain hydraulic pressure in brake systems""], ""correct"": ""To provide torque in systems like seat adjusters"", ""answer_text"": null, ""category"": null, ""source_file"": ""Sub5-10 questions.docx"", ""source_module"": ""M6"", ""fmt"": ""csv"", ""module"": ""M6"", ""syllabusRef"": ""M6.06.07"", ""level"": """", ""difficulty"": ""MEDIUM"", ""subTopic"": """", ""isEssay"": false}",False
M6,M6.06.01,,What makes Belleville washers suitable for use in braking systems?,Their ability to provide tension over a wide range of movement,Their compact size and high load capacity,Their lightweight design,,Their compact size and high load capacity,MEDIUM,,,,APPROVED,Answer extracted from source document bold marker,1,Sub5-10 questions.docx,"{""raw"": ""What makes Belleville washers suitable for use in braking systems?"", ""question"": ""What makes Belleville washers suitable for use in braking systems?"", ""options"": [""Their ability to provide tension over a wide range of movement"", ""Their compact size and high load capacity"", ""Their lightweight design""], ""correct"": ""Their compact size and high load capacity"", ""answer_text"": null, ""category"": null, ""source_file"": ""Sub5-10 questions.docx"", ""source_module"": ""M6"", ""fmt"": ""csv"", ""module"": ""M6"", ""syllabusRef"": ""M6.06.01"", ""level"": """", ""difficulty"": ""MEDIUM"", ""subTopic"": """", ""isEssay"": false}",False
M6,M6.06.07,,Which of the following springs is best suited for reducing the height of a compressed spring assembly?,Cylindrical helical compression spring,Conical compression spring,Torsion spring,,Conical compression spring,MEDIUM,,,,APPROVED,Answer extracted from source document bold marker,1,Sub5-10 questions.docx,"{""raw"": ""Which of the following springs is best suited for reducing the height of a compressed spring assembly?"", ""question"": ""Which of the following springs is best suited for reducing the height of a compressed spring assembly?"", ""options"": [""Cylindrical helical compression spring"", ""Conical compression spring"", ""Torsion spring""], ""correct"": ""Conical compression spring"", ""answer_text"": null, ""category"": null, ""source_file"": ""Sub5-10 questions.docx"", ""source_module"": ""M6"", ""fmt"": ""csv"", ""module"": ""M6"", ""syllabusRef"": ""M6.06.07"", ""level"": """", ""difficulty"": ""MEDIUM"", ""subTopic"": """", ""isEssay"": false}",False
M6,M6.06.07,,27. Where are flat springs most likely to be found in an aircraft engine?,In the magneto system,In the fuel injection system,In the landing gear,,In the magneto system,MEDIUM,,,,APPROVED,Answer extracted from source document bold marker,1,Sub5-10 questions.docx,"{""raw"": ""27. Where are flat springs most likely to be found in an aircraft engine?"", ""question"": ""27. Where are flat springs most likely to be found in an aircraft engine?"", ""options"": [""In the magneto system"", ""In the fuel injection system"", ""In the landing gear""], ""correct"": ""In the magneto system"", ""answer_text"": null, ""category"": null, ""source_file"": ""Sub5-10 questions.docx"", ""source_module"": ""M6"", ""fmt"": ""csv"", ""module"": ""M6"", ""syllabusRef"": ""M6.06.07"", ""level"": """", ""difficulty"": ""MEDIUM"", ""subTopic"": """", ""isEssay"": false}",False
M6,M6.06.07,,28. Why are cup springs (Belleville washers) sometimes stacked in series?,To increase deflection capacity,To reduce spring stiffness,To minimize wear,,To increase deflection capacity,MEDIUM,,,,APPROVED,Answer extracted from source document bold marker,1,Sub5-10 questions.docx,"{""raw"": ""28. Why are cup springs (Belleville washers) sometimes stacked in series?"", ""question"": ""28. Why are cup springs (Belleville washers) sometimes stacked in series?"", ""options"": [""To increase deflection capacity"", ""To reduce spring stiffness"", ""To minimize wear""], ""correct"": ""To increase deflection capacity"", ""answer_text"": null, ""category"": null, ""source_file"": ""Sub5-10 questions.docx"", ""source_module"": ""M6"", ""fmt"": ""csv"", ""module"": ""M6"", ""syllabusRef"": ""M6.06.07"", ""level"": """", ""difficulty"": ""MEDIUM"", ""subTopic"": """", ""isEssay"": false}",False
M6,M6.06.07,,What material is commonly used in high-temperature springs for aircraft engines?,Brass,Chrome vanadium steel,Titanium,,Chrome vanadium steel,MEDIUM,,,,APPROVED,Answer extracted from source document bold marker,1,Sub5-10 questions.docx,"{""raw"": ""What material is commonly used in high-temperature springs for aircraft engines?"", ""question"": ""What material is commonly used in high-temperature springs for aircraft engines?"", ""options"": [""Brass"", ""Chrome vanadium steel"", ""Titanium""], ""correct"": ""Chrome vanadium steel"", ""answer_text"": null, ""category"": null, ""source_file"": ""Sub5-10 questions.docx"", ""source_module"": ""M6"", ""fmt"": ""csv"", ""module"": ""M6"", ""syllabusRef"": ""M6.06.07"", ""level"": """", ""difficulty"": ""MEDIUM"", ""subTopic"": """", ""isEssay"": false}",False
M6,M6.06.07,,30. Why are leaf springs used less frequently in modern aircraft?,More compact and efficient spring types are available,They are difficult to manufacture,They are prone to corrosion,,More compact and efficient spring types are available,MEDIUM,,,,APPROVED,Answer extracted from source document bold marker,1,Sub5-10 questions.docx,"{""raw"": ""30. Why are leaf springs used less frequently in modern aircraft?"", ""question"": ""30. Why are leaf springs used less frequently in modern aircraft?"", ""options"": [""More compact and efficient spring types are available"", ""They are difficult to manufacture"", ""They are prone to corrosion""], ""correct"": ""More compact and efficient spring types are available"", ""answer_text"": null, ""category"": null, ""source_file"": ""Sub5-10 questions.docx"", ""source_module"": ""M6"", ""fmt"": ""csv"", ""module"": ""M6"", ""syllabusRef"": ""M6.06.07"", ""level"": """", ""difficulty"": ""MEDIUM"", ""subTopic"": """", ""isEssay"": false}",False
M6,,,1. What type of load do angular contact bearings primarily handle?,Combined axial and radial loads,Pure radial loads,Pure axial loads,,Combined axial and radial loads,MEDIUM,,,,APPROVED,Answer extracted from source document bold marker,1,Sub5-10 questions.docx,"{""raw"": ""1. What type of load do angular contact bearings primarily handle?"", ""question"": ""1. What type of load do angular contact bearings primarily handle?"", ""options"": [""Combined axial and radial loads"", ""Pure radial loads"", ""Pure axial loads""], ""correct"": ""Combined axial and radial loads"", ""answer_text"": null, ""category"": null, ""source_file"": ""Sub5-10 questions.docx"", ""source_module"": ""M6"", ""fmt"": ""csv"", ""module"": ""M6"", ""syllabusRef"": """", ""level"": """", ""difficulty"": ""MEDIUM"", ""subTopic"": """", ""isEssay"": false}",False
M6,,,How are angular contact bearings typically installed to handle axial loads in both directions?,"Singly, with an axial load limitation","In pairs, back-to-back or face-to-face",With additional thrust bearings,,"In pairs, back-to-back or face-to-face",MEDIUM,,,,APPROVED,Answer extracted from source document bold marker,1,Sub5-10 questions.docx,"{""raw"": ""How are angular contact bearings typically installed to handle axial loads in both directions?"", ""question"": ""How are angular contact bearings typically installed to handle axial loads in both directions?"", ""options"": [""Singly, with an axial load limitation"", ""In pairs, back-to-back or face-to-face"", ""With additional thrust bearings""], ""correct"": ""In pairs, back-to-back or face-to-face"", ""answer_text"": null, ""category"": null, ""source_file"": ""Sub5-10 questions.docx"", ""source_module"": ""M6"", ""fmt"": ""csv"", ""module"": ""M6"", ""syllabusRef"": """", ""level"": """", ""difficulty"": ""MEDIUM"", ""subTopic"": """", ""isEssay"": false}",False
M6,,,3. What is a key feature of angular contact ball bearings?,The ability to handle high-speed loads efficiently,Their use in low-load applications,No axial load capability,,The ability to handle high-speed loads efficiently,MEDIUM,,,,APPROVED,Answer extracted from source document bold marker,1,Sub5-10 questions.docx,"{""raw"": ""3. What is a key feature of angular contact ball bearings?"", ""question"": ""3. What is a key feature of angular contact ball bearings?"", ""options"": [""The ability to handle high-speed loads efficiently"", ""Their use in low-load applications"", ""No axial load capability""], ""correct"": ""The ability to handle high-speed loads efficiently"", ""answer_text"": null, ""category"": null, ""source_file"": ""Sub5-10 questions.docx"", ""source_module"": ""M6"", ""fmt"": ""csv"", ""module"": ""M6"", ""syllabusRef"": """", ""level"": """", ""difficulty"": ""MEDIUM"", ""subTopic"": """", ""isEssay"": false}",False
M6,M6.6.1(C),,4. What is the primary characteristic of roller bearings compared to ball bearings?,They have a greater load-carrying capacity due to line contact,They are used only for high-speed applications,They are more compact in size,,They have a greater load-carrying capacity due to line contact,MEDIUM,,,,APPROVED,Answer extracted from source document bold marker,1,Sub5-10 questions.docx,"{""raw"": ""4. What is the primary characteristic of roller bearings compared to ball bearings?"", ""question"": ""4. What is the primary characteristic of roller bearings compared to ball bearings?"", ""options"": [""They have a greater load-carrying capacity due to line contact"", ""They are used only for high-speed applications"", ""They are more compact in size""], ""correct"": ""They have a greater load-carrying capacity due to line contact"", ""answer_text"": null, ""category"": null, ""source_file"": ""Sub5-10 questions.docx"", ""source_module"": ""M6"", ""fmt"": ""csv"", ""module"": ""M6"", ""syllabusRef"": ""M6.6.1(C)"", ""level"": """", ""difficulty"": ""MEDIUM"", ""subTopic"": """", ""isEssay"": false}",False
M6,M6.6.4(b),,Which type of roller bearing is commonly used to handle both radial and axial loads?,Cylindrical roller bearing,Tapered roller bearing,Needle roller bearing,,Tapered roller bearing,MEDIUM,,,,APPROVED,Answer extracted from source document bold marker,1,Sub5-10 questions.docx,"{""raw"": ""Which type of roller bearing is commonly used to handle both radial and axial loads?"", ""question"": ""Which type of roller bearing is commonly used to handle both radial and axial loads?"", ""options"": [""Cylindrical roller bearing"", ""Tapered roller bearing"", ""Needle roller bearing""], ""correct"": ""Tapered roller bearing"", ""answer_text"": null, ""category"": null, ""source_file"": ""Sub5-10 questions.docx"", ""source_module"": ""M6"", ""fmt"": ""csv"", ""module"": ""M6"", ""syllabusRef"": ""M6.6.4(b)"", ""level"": """", ""difficulty"": ""MEDIUM"", ""subTopic"": """", ""isEssay"": false}",False
M6,,,Why are needle roller bearings advantageous in certain applications?,They handle heavy axial loads,They are compact and suitable for space-constrained environments,They have low load-carrying capacity,,They are compact and suitable for space-constrained environments,MEDIUM,,,,APPROVED,Answer extracted from source document bold marker,1,Sub5-10 questions.docx,"{""raw"": ""Why are needle roller bearings advantageous in certain applications?"", ""question"": ""Why are needle roller bearings advantageous in certain applications?"", ""options"": [""They handle heavy axial loads"", ""They are compact and suitable for space-constrained environments"", ""They have low load-carrying capacity""], ""correct"": ""They are compact and suitable for space-constrained environments"", ""answer_text"": null, ""category"": null, ""source_file"": ""Sub5-10 questions.docx"", ""source_module"": ""M6"", ""fmt"": ""csv"", ""module"": ""M6"", ""syllabusRef"": """", ""level"": """", ""difficulty"": ""MEDIUM"", ""subTopic"": """", ""isEssay"": false}",False
M6,M6.6.1(c),,"7. What does the term ""pitch circle"" refer to in gear nomenclature?",The theoretical circle where power transmission occurs between gears,The diameter of the largest gear in a system,The thickness of the gear teeth,,The theoretical circle where power transmission occurs between gears,MEDIUM,,,,APPROVED,Answer extracted from source document bold marker,1,Sub5-10 questions.docx,"{""raw"": ""7. What does the term \""pitch circle\"" refer to in gear nomenclature?"", ""question"": ""7. What does the term \""pitch circle\"" refer to in gear nomenclature?"", ""options"": [""The theoretical circle where power transmission occurs between gears"", ""The diameter of the largest gear in a system"", ""The thickness of the gear teeth""], ""correct"": ""The theoretical circle where power transmission occurs between gears"", ""answer_text"": null, ""category"": null, ""source_file"": ""Sub5-10 questions.docx"", ""source_module"": ""M6"", ""fmt"": ""csv"", ""module"": ""M6"", ""syllabusRef"": ""M6.6.1(c)"", ""level"": """", ""difficulty"": ""MEDIUM"", ""subTopic"": """", ""isEssay"": false}",False
M6,M6.6.1(c),,"8. What is the function of the ""addendum"" in a gear tooth?",The portion of the tooth that extends beyond the pitch circle,The base of the gear tooth,The width of the tooth,,The portion of the tooth that extends beyond the pitch circle,MEDIUM,,,,APPROVED,Answer extracted from source document bold marker,1,Sub5-10 questions.docx,"{""raw"": ""8. What is the function of the \""addendum\"" in a gear tooth?"", ""question"": ""8. What is the function of the \""addendum\"" in a gear tooth?"", ""options"": [""The portion of the tooth that extends beyond the pitch circle"", ""The base of the gear tooth"", ""The width of the tooth""], ""correct"": ""The portion of the tooth that extends beyond the pitch circle"", ""answer_text"": null, ""category"": null, ""source_file"": ""Sub5-10 questions.docx"", ""source_module"": ""M6"", ""fmt"": ""csv"", ""module"": ""M6"", ""syllabusRef"": ""M6.6.1(c)"", ""level"": """", ""difficulty"": ""MEDIUM"", ""subTopic"": """", ""isEssay"": false}",False
M6,M6.6.1(c),,9. What is the term used to describe the gap between meshing gear teeth?,Backlash,Pitch diameter,Dedendum,,Backlash,MEDIUM,,,,APPROVED,Answer extracted from source document bold marker,1,Sub5-10 questions.docx,"{""raw"": ""9. What is the term used to describe the gap between meshing gear teeth?"", ""question"": ""9. What is the term used to describe the gap between meshing gear teeth?"", ""options"": [""Backlash"", ""Pitch diameter"", ""Dedendum""], ""correct"": ""Backlash"", ""answer_text"": null, ""category"": null, ""source_file"": ""Sub5-10 questions.docx"", ""source_module"": ""M6"", ""fmt"": ""csv"", ""module"": ""M6"", ""syllabusRef"": ""M6.6.1(c)"", ""level"": """", ""difficulty"": ""MEDIUM"", ""subTopic"": """", ""isEssay"": false}",False
M6,M6.6.1(c),,10. What is the significance of the involute curve in gear teeth design?,It ensures smooth power transmission between meshing gears,It reduces gear size,It is used only in low-load applications,,It ensures smooth power transmission between meshing gears,MEDIUM,,,,APPROVED,Answer extracted from source document bold marker,1,Sub5-10 questions.docx,"{""raw"": ""10. What is the significance of the involute curve in gear teeth design?"", ""question"": ""10. What is the significance of the involute curve in gear teeth design?"", ""options"": [""It ensures smooth power transmission between meshing gears"", ""It reduces gear size"", ""It is used only in low-load applications""], ""correct"": ""It ensures smooth power transmission between meshing gears"", ""answer_text"": null, ""category"": null, ""source_file"": ""Sub5-10 questions.docx"", ""source_module"": ""M6"", ""fmt"": ""csv"", ""module"": ""M6"", ""syllabusRef"": ""M6.6.1(c)"", ""level"": """", ""difficulty"": ""MEDIUM"", ""subTopic"": """", ""isEssay"": false}",False
M6,M6.6.1(c),,How is the involute curve generated?,By a straight line along the gear's radius,By unwinding a string from a cylinder,By rotating a gear in reverse,,By unwinding a string from a cylinder,MEDIUM,,,,APPROVED,Answer extracted from source document bold marker,1,Sub5-10 questions.docx,"{""raw"": ""How is the involute curve generated?"", ""question"": ""How is the involute curve generated?"", ""options"": [""By a straight line along the gear's radius"", ""By unwinding a string from a cylinder"", ""By rotating a gear in reverse""], ""correct"": ""By unwinding a string from a cylinder"", ""answer_text"": null, ""category"": null, ""source_file"": ""Sub5-10 questions.docx"", ""source_module"": ""M6"", ""fmt"": ""csv"", ""module"": ""M6"", ""syllabusRef"": ""M6.6.1(c)"", ""level"": """", ""difficulty"": ""MEDIUM"", ""subTopic"": """", ""isEssay"": false}",False
M6,M6.6.1(c),,What happens if gear teeth do not follow the involute curve?,They transmit more power,They become noisy and wear quickly,They last longer,,They become noisy and wear quickly,MEDIUM,,,,APPROVED,Answer extracted from source document bold marker,1,Sub5-10 questions.docx,"{""raw"": ""What happens if gear teeth do not follow the involute curve?"", ""question"": ""What happens if gear teeth do not follow the involute curve?"", ""options"": [""They transmit more power"", ""They become noisy and wear quickly"", ""They last longer""], ""correct"": ""They become noisy and wear quickly"", ""answer_text"": null, ""category"": null, ""source_file"": ""Sub5-10 questions.docx"", ""source_module"": ""M6"", ""fmt"": ""csv"", ""module"": ""M6"", ""syllabusRef"": ""M6.6.1(c)"", ""level"": """", ""difficulty"": ""MEDIUM"", ""subTopic"": """", ""isEssay"": false}",False
M6,M6.6.1(c),,13. What is the main advantage of helical gears over spur gears?,They operate more quietly and can handle higher loads,They are cheaper to manufacture,They have simpler design requirements,,They operate more quietly and can handle higher loads,MEDIUM,,,,APPROVED,Answer extracted from source document bold marker,1,Sub5-10 questions.docx,"{""raw"": ""13. What is the main advantage of helical gears over spur gears?"", ""question"": ""13. What is the main advantage of helical gears over spur gears?"", ""options"": [""They operate more quietly and can handle higher loads"", ""They are cheaper to manufacture"", ""They have simpler design requirements""], ""correct"": ""They operate more quietly and can handle higher loads"", ""answer_text"": null, ""category"": null, ""source_file"": ""Sub5-10 questions.docx"", ""source_module"": ""M6"", ""fmt"": ""csv"", ""module"": ""M6"", ""syllabusRef"": ""M6.6.1(c)"", ""level"": """", ""difficulty"": ""MEDIUM"", ""subTopic"": """", ""isEssay"": false}",False
M6,M6.06.01,,Which type of gear is commonly used in differential systems?,Spur gear,Bevel gear,Worm gear,,Bevel gear,MEDIUM,,,,APPROVED,Answer extracted from source document bold marker,1,Sub5-10 questions.docx,"{""raw"": ""Which type of gear is commonly used in differential systems?"", ""question"": ""Which type of gear is commonly used in differential systems?"", ""options"": [""Spur gear"", ""Bevel gear"", ""Worm gear""], ""correct"": ""Bevel gear"", ""answer_text"": null, ""category"": null, ""source_file"": ""Sub5-10 questions.docx"", ""source_module"": ""M6"", ""fmt"": ""csv"", ""module"": ""M6"", ""syllabusRef"": ""M6.06.01"", ""level"": """", ""difficulty"": ""MEDIUM"", ""subTopic"": """", ""isEssay"": false}",False
M6,M6.06.01,,In what situation would a worm gear be ideal?,"High-speed, low-torque systems","Low-speed, high-torque systems requiring self-locking",Parallel shaft drives,,"Low-speed, high-torque systems requiring self-locking",MEDIUM,,,,APPROVED,Answer extracted from source document bold marker,1,Sub5-10 questions.docx,"{""raw"": ""In what situation would a worm gear be ideal?"", ""question"": ""In what situation would a worm gear be ideal?"", ""options"": [""High-speed, low-torque systems"", ""Low-speed, high-torque systems requiring self-locking"", ""Parallel shaft drives""], ""correct"": ""Low-speed, high-torque systems requiring self-locking"", ""answer_text"": null, ""category"": null, ""source_file"": ""Sub5-10 questions.docx"", ""source_module"": ""M6"", ""fmt"": ""csv"", ""module"": ""M6"", ""syllabusRef"": ""M6.06.01"", ""level"": """", ""difficulty"": ""MEDIUM"", ""subTopic"": """", ""isEssay"": false}",False
M6,M6.6.1(c),,What is the purpose of an idler gear in a gear train?,To increase gear ratio,To change the direction of rotation without affecting the gear ratio,To reduce gear speed,,To change the direction of rotation without affecting the gear ratio,MEDIUM,,,,APPROVED,Answer extracted from source document bold marker,1,Sub5-10 questions.docx,"{""raw"": ""What is the purpose of an idler gear in a gear train?"", ""question"": ""What is the purpose of an idler gear in a gear train?"", ""options"": [""To increase gear ratio"", ""To change the direction of rotation without affecting the gear ratio"", ""To reduce gear speed""], ""correct"": ""To change the direction of rotation without affecting the gear ratio"", ""answer_text"": null, ""category"": null, ""source_file"": ""Sub5-10 questions.docx"", ""source_module"": ""M6"", ""fmt"": ""csv"", ""module"": ""M6"", ""syllabusRef"": ""M6.6.1(c)"", ""level"": """", ""difficulty"": ""MEDIUM"", ""subTopic"": """", ""isEssay"": false}",False
M6,M6.6.1(C),,How is a gear ratio of 4:1 interpreted in a gear system?,The driving gear rotates four times for every driven gear rotation,The driven gear rotates four times for every driving gear rotation,Both gears rotate at the same speed,,The driven gear rotates four times for every driving gear rotation,MEDIUM,,,,APPROVED,Answer extracted from source document bold marker,1,Sub5-10 questions.docx,"{""raw"": ""How is a gear ratio of 4:1 interpreted in a gear system?"", ""question"": ""How is a gear ratio of 4:1 interpreted in a gear system?"", ""options"": [""The driving gear rotates four times for every driven gear rotation"", ""The driven gear rotates four times for every driving gear rotation"", ""Both gears rotate at the same speed""], ""correct"": ""The driven gear rotates four times for every driving gear rotation"", ""answer_text"": null, ""category"": null, ""source_file"": ""Sub5-10 questions.docx"", ""source_module"": ""M6"", ""fmt"": ""csv"", ""module"": ""M6"", ""syllabusRef"": ""M6.6.1(C)"", ""level"": """", ""difficulty"": ""MEDIUM"", ""subTopic"": """", ""isEssay"": false}",False
M6,M6.6.1(c),,What is the main benefit of a compound gear train?,It reduces gear wear,It allows for a larger range of gear ratios,It simplifies power transmission,,It allows for a larger range of gear ratios,MEDIUM,,,,APPROVED,Answer extracted from source document bold marker,1,Sub5-10 questions.docx,"{""raw"": ""What is the main benefit of a compound gear train?"", ""question"": ""What is the main benefit of a compound gear train?"", ""options"": [""It reduces gear wear"", ""It allows for a larger range of gear ratios"", ""It simplifies power transmission""], ""correct"": ""It allows for a larger range of gear ratios"", ""answer_text"": null, ""category"": null, ""source_file"": ""Sub5-10 questions.docx"", ""source_module"": ""M6"", ""fmt"": ""csv"", ""module"": ""M6"", ""syllabusRef"": ""M6.6.1(c)"", ""level"": """", ""difficulty"": ""MEDIUM"", ""subTopic"": """", ""isEssay"": false}",False
M6,M6.6.1(c),,19. What is the main purpose of a belt in a belt and pulley system?,To transfer power between rotating shafts,To increase friction,To cool the system,,To transfer power between rotating shafts,MEDIUM,,,,APPROVED,Answer extracted from source document bold marker,1,Sub5-10 questions.docx,"{""raw"": ""19. What is the main purpose of a belt in a belt and pulley system?"", ""question"": ""19. What is the main purpose of a belt in a belt and pulley system?"", ""options"": [""To transfer power between rotating shafts"", ""To increase friction"", ""To cool the system""], ""correct"": ""To transfer power between rotating shafts"", ""answer_text"": null, ""category"": null, ""source_file"": ""Sub5-10 questions.docx"", ""source_module"": ""M6"", ""fmt"": ""csv"", ""module"": ""M6"", ""syllabusRef"": ""M6.6.1(c)"", ""level"": """", ""difficulty"": ""MEDIUM"", ""subTopic"": """", ""isEssay"": false}",False
M6,,,How does a V-belt differ from a flat belt?,It is used in low-power applications,It has a higher grip and transmits more torque,It is easier to install,,It has a higher grip and transmits more torque,MEDIUM,,,,APPROVED,Answer extracted from source document bold marker,1,Sub5-10 questions.docx,"{""raw"": ""How does a V-belt differ from a flat belt?"", ""question"": ""How does a V-belt differ from a flat belt?"", ""options"": [""It is used in low-power applications"", ""It has a higher grip and transmits more torque"", ""It is easier to install""], ""correct"": ""It has a higher grip and transmits more torque"", ""answer_text"": null, ""category"": null, ""source_file"": ""Sub5-10 questions.docx"", ""source_module"": ""M6"", ""fmt"": ""csv"", ""module"": ""M6"", ""syllabusRef"": """", ""level"": """", ""difficulty"": ""MEDIUM"", ""subTopic"": """", ""isEssay"": false}",False
M6,M6.06.09,,21. Why are toothed belts used in aircraft systems?,"They provide positive engagement, preventing slip",They reduce noise in the system,They are more flexible than flat belts,,"They provide positive engagement, preventing slip",MEDIUM,,,,APPROVED,Answer extracted from source document bold marker,1,Sub5-10 questions.docx,"{""raw"": ""21. Why are toothed belts used in aircraft systems?"", ""question"": ""21. Why are toothed belts used in aircraft systems?"", ""options"": [""They provide positive engagement, preventing slip"", ""They reduce noise in the system"", ""They are more flexible than flat belts""], ""correct"": ""They provide positive engagement, preventing slip"", ""answer_text"": null, ""category"": null, ""source_file"": ""Sub5-10 questions.docx"", ""source_module"": ""M6"", ""fmt"": ""csv"", ""module"": ""M6"", ""syllabusRef"": ""M6.06.09"", ""level"": """", ""difficulty"": ""MEDIUM"", ""subTopic"": """", ""isEssay"": false}",False
M6,M6.6.1(c),,22. What is the main application of thrust bearings?,They support axial loads only,They support radial loads only,They support combined radial and axial loads,,They support axial loads only,MEDIUM,,,,APPROVED,Answer extracted from source document bold marker,1,Sub5-10 questions.docx,"{""raw"": ""22. What is the main application of thrust bearings?"", ""question"": ""22. What is the main application of thrust bearings?"", ""options"": [""They support axial loads only"", ""They support radial loads only"", ""They support combined radial and axial loads""], ""correct"": ""They support axial loads only"", ""answer_text"": null, ""category"": null, ""source_file"": ""Sub5-10 questions.docx"", ""source_module"": ""M6"", ""fmt"": ""csv"", ""module"": ""M6"", ""syllabusRef"": ""M6.6.1(c)"", ""level"": """", ""difficulty"": ""MEDIUM"", ""subTopic"": """", ""isEssay"": false}",False
M6,M6.6.1(C),,23. What is a deep groove ball bearing best suited for?,High-speed applications with both radial and moderate axial loads,Low-speed oscillating applications,Only axial load-bearing applications,,High-speed applications with both radial and moderate axial loads,MEDIUM,,,,APPROVED,Answer extracted from source document bold marker,1,Sub5-10 questions.docx,"{""raw"": ""23. What is a deep groove ball bearing best suited for?"", ""question"": ""23. What is a deep groove ball bearing best suited for?"", ""options"": [""High-speed applications with both radial and moderate axial loads"", ""Low-speed oscillating applications"", ""Only axial load-bearing applications""], ""correct"": ""High-speed applications with both radial and moderate axial loads"", ""answer_text"": null, ""category"": null, ""source_file"": ""Sub5-10 questions.docx"", ""source_module"": ""M6"", ""fmt"": ""csv"", ""module"": ""M6"", ""syllabusRef"": ""M6.6.1(C)"", ""level"": """", ""difficulty"": ""MEDIUM"", ""subTopic"": """", ""isEssay"": false}",False
M6,,,Which type of bearing is used when misalignment is a concern?,Cylindrical roller bearing,Spherical roller bearing,Needle roller bearing,,Spherical roller bearing,MEDIUM,,,,APPROVED,Answer extracted from source document bold marker,1,Sub5-10 questions.docx,"{""raw"": ""Which type of bearing is used when misalignment is a concern?"", ""question"": ""Which type of bearing is used when misalignment is a concern?"", ""options"": [""Cylindrical roller bearing"", ""Spherical roller bearing"", ""Needle roller bearing""], ""correct"": ""Spherical roller bearing"", ""answer_text"": null, ""category"": null, ""source_file"": ""Sub5-10 questions.docx"", ""source_module"": ""M6"", ""fmt"": ""csv"", ""module"": ""M6"", ""syllabusRef"": """", ""level"": """", ""difficulty"": ""MEDIUM"", ""subTopic"": """", ""isEssay"": false}",False
M6,M6.6.1(c),,25. What type of load is a radial bearing designed to handle?,Loads perpendicular to the shaft,Axial loads along the shaft,Combined radial and axial loads,,Loads perpendicular to the shaft,MEDIUM,,,,APPROVED,Answer extracted from source document bold marker,1,Sub5-10 questions.docx,"{""raw"": ""25. What type of load is a radial bearing designed to handle?"", ""question"": ""25. What type of load is a radial bearing designed to handle?"", ""options"": [""Loads perpendicular to the shaft"", ""Axial loads along the shaft"", ""Combined radial and axial loads""], ""correct"": ""Loads perpendicular to the shaft"", ""answer_text"": null, ""category"": null, ""source_file"": ""Sub5-10 questions.docx"", ""source_module"": ""M6"", ""fmt"": ""csv"", ""module"": ""M6"", ""syllabusRef"": ""M6.6.1(c)"", ""level"": """", ""difficulty"": ""MEDIUM"", ""subTopic"": """", ""isEssay"": false}",False
M6,M6.6.1(C),,What happens if an angular contact bearing is overloaded in the axial direction?,It increases the bearing's life,It decreases the bearing's life and may cause premature failure,"No effect, as it is designed for axial loads",,It decreases the bearing's life and may cause premature failure,MEDIUM,,,,APPROVED,Answer extracted from source document bold marker,1,Sub5-10 questions.docx,"{""raw"": ""What happens if an angular contact bearing is overloaded in the axial direction?"", ""question"": ""What happens if an angular contact bearing is overloaded in the axial direction?"", ""options"": [""It increases the bearing's life"", ""It decreases the bearing's life and may cause premature failure"", ""No effect, as it is designed for axial loads""], ""correct"": ""It decreases the bearing's life and may cause premature failure"", ""answer_text"": null, ""category"": null, ""source_file"": ""Sub5-10 questions.docx"", ""source_module"": ""M6"", ""fmt"": ""csv"", ""module"": ""M6"", ""syllabusRef"": ""M6.6.1(C)"", ""level"": """", ""difficulty"": ""MEDIUM"", ""subTopic"": """", ""isEssay"": false}",False
M6,M6.06.09,,Which bearing type is most commonly used for supporting aircraft engine shafts?,Thrust bearing,Tapered roller bearing,Needle roller bearing,,Tapered roller bearing,MEDIUM,,,,APPROVED,Answer extracted from source document bold marker,1,Sub5-10 questions.docx,"{""raw"": ""Which bearing type is most commonly used for supporting aircraft engine shafts?"", ""question"": ""Which bearing type is most commonly used for supporting aircraft engine shafts?"", ""options"": [""Thrust bearing"", ""Tapered roller bearing"", ""Needle roller bearing""], ""correct"": ""Tapered roller bearing"", ""answer_text"": null, ""category"": null, ""source_file"": ""Sub5-10 questions.docx"", ""source_module"": ""M6"", ""fmt"": ""csv"", ""module"": ""M6"", ""syllabusRef"": ""M6.06.09"", ""level"": """", ""difficulty"": ""MEDIUM"", ""subTopic"": """", ""isEssay"": false}",False
M6,M6.06.09,,28. What is a key requirement for tensioning belts in aircraft systems?,Correct tension to prevent slip and wear,Over-tensioning for maximum friction,Loose fitting to allow for expansion,,Correct tension to prevent slip and wear,MEDIUM,,,,APPROVED,Answer extracted from source document bold marker,1,Sub5-10 questions.docx,"{""raw"": ""28. What is a key requirement for tensioning belts in aircraft systems?"", ""question"": ""28. What is a key requirement for tensioning belts in aircraft systems?"", ""options"": [""Correct tension to prevent slip and wear"", ""Over-tensioning for maximum friction"", ""Loose fitting to allow for expansion""], ""correct"": ""Correct tension to prevent slip and wear"", ""answer_text"": null, ""category"": null, ""source_file"": ""Sub5-10 questions.docx"", ""source_module"": ""M6"", ""fmt"": ""csv"", ""module"": ""M6"", ""syllabusRef"": ""M6.06.09"", ""level"": """", ""difficulty"": ""MEDIUM"", ""subTopic"": """", ""isEssay"": false}",False
M6,M6.6.1(c),,29. How does pulley size affect the speed of rotation in a belt drive system?,A smaller pulley increases the rotation speed,A smaller pulley decreases the rotation speed,Pulley size does not affect speed,,A smaller pulley increases the rotation speed,MEDIUM,,,,APPROVED,Answer extracted from source document bold marker,1,Sub5-10 questions.docx,"{""raw"": ""29. How does pulley size affect the speed of rotation in a belt drive system?"", ""question"": ""29. How does pulley size affect the speed of rotation in a belt drive system?"", ""options"": [""A smaller pulley increases the rotation speed"", ""A smaller pulley decreases the rotation speed"", ""Pulley size does not affect speed""], ""correct"": ""A smaller pulley increases the rotation speed"", ""answer_text"": null, ""category"": null, ""source_file"": ""Sub5-10 questions.docx"", ""source_module"": ""M6"", ""fmt"": ""csv"", ""module"": ""M6"", ""syllabusRef"": ""M6.6.1(c)"", ""level"": """", ""difficulty"": ""MEDIUM"", ""subTopic"": """", ""isEssay"": false}",False
M6,M6.06.01,,30. What is the primary purpose of using tensioners in belt systems?,To maintain the correct belt tension during operation,To decrease the load on the belt,To reduce the need for lubrication,,To maintain the correct belt tension during operation,MEDIUM,,,,APPROVED,Answer extracted from source document bold marker,1,Sub5-10 questions.docx,"{""raw"": ""30. What is the primary purpose of using tensioners in belt systems?"", ""question"": ""30. What is the primary purpose of using tensioners in belt systems?"", ""options"": [""To maintain the correct belt tension during operation"", ""To decrease the load on the belt"", ""To reduce the need for lubrication""], ""correct"": ""To maintain the correct belt tension during operation"", ""answer_text"": null, ""category"": null, ""source_file"": ""Sub5-10 questions.docx"", ""source_module"": ""M6"", ""fmt"": ""csv"", ""module"": ""M6"", ""syllabusRef"": ""M6.06.01"", ""level"": """", ""difficulty"": ""MEDIUM"", ""subTopic"": """", ""isEssay"": false}",False
M6,M6.06.09,,1. What is the most common type of end fitting used in modern aircraft control cables?,Swaged cable end fittings,Nicropress thimble-eye fittings,Ball and socket fittings,,Swaged cable end fittings,MEDIUM,,,,APPROVED,Answer extracted from source document bold marker,1,Sub5-10 questions.docx,"{""raw"": ""1. What is the most common type of end fitting used in modern aircraft control cables?"", ""question"": ""1. What is the most common type of end fitting used in modern aircraft control cables?"", ""options"": [""Swaged cable end fittings"", ""Nicropress thimble-eye fittings"", ""Ball and socket fittings""], ""correct"": ""Swaged cable end fittings"", ""answer_text"": null, ""category"": null, ""source_file"": ""Sub5-10 questions.docx"", ""source_module"": ""M6"", ""fmt"": ""csv"", ""module"": ""M6"", ""syllabusRef"": ""M6.06.09"", ""level"": """", ""difficulty"": ""MEDIUM"", ""subTopic"": """", ""isEssay"": false}",False
M6,M6.6.1(c),,2. How is a swaged cable end fitting attached?,By squeezing it onto the cable using a special swaging tool,By welding it onto the cable,By screwing it onto the cable,,By squeezing it onto the cable using a special swaging tool,MEDIUM,,,,APPROVED,Answer extracted from source document bold marker,1,Sub5-10 questions.docx,"{""raw"": ""2. How is a swaged cable end fitting attached?"", ""question"": ""2. How is a swaged cable end fitting attached?"", ""options"": [""By squeezing it onto the cable using a special swaging tool"", ""By welding it onto the cable"", ""By screwing it onto the cable""], ""correct"": ""By squeezing it onto the cable using a special swaging tool"", ""answer_text"": null, ""category"": null, ""source_file"": ""Sub5-10 questions.docx"", ""source_module"": ""M6"", ""fmt"": ""csv"", ""module"": ""M6"", ""syllabusRef"": ""M6.6.1(c)"", ""level"": """", ""difficulty"": ""MEDIUM"", ""subTopic"": """", ""isEssay"": false}",False
M6,M6.6.1(c),,What ensures a properly installed Nicropress thimble-eye fitting?,A gap between the sleeve and the thimble,The cable protrudes 1/16 inch from the sleeve,The cable is crimped multiple times,,The cable protrudes 1/16 inch from the sleeve,MEDIUM,,,,APPROVED,Answer extracted from source document bold marker,1,Sub5-10 questions.docx,"{""raw"": ""What ensures a properly installed Nicropress thimble-eye fitting?"", ""question"": ""What ensures a properly installed Nicropress thimble-eye fitting?"", ""options"": [""A gap between the sleeve and the thimble"", ""The cable protrudes 1/16 inch from the sleeve"", ""The cable is crimped multiple times""], ""correct"": ""The cable protrudes 1/16 inch from the sleeve"", ""answer_text"": null, ""category"": null, ""source_file"": ""Sub5-10 questions.docx"", ""source_module"": ""M6"", ""fmt"": ""csv"", ""module"": ""M6"", ""syllabusRef"": ""M6.6.1(c)"", ""level"": """", ""difficulty"": ""MEDIUM"", ""subTopic"": """", ""isEssay"": false}",False
M6,M6.06.09,,4. What is the purpose of a turnbuckle in aircraft control systems?,To adjust control cable tension,To connect two different cables,To terminate the cable,,To adjust control cable tension,MEDIUM,,,,APPROVED,Answer extracted from source document bold marker,1,Sub5-10 questions.docx,"{""raw"": ""4. What is the purpose of a turnbuckle in aircraft control systems?"", ""question"": ""4. What is the purpose of a turnbuckle in aircraft control systems?"", ""options"": [""To adjust control cable tension"", ""To connect two different cables"", ""To terminate the cable""], ""correct"": ""To adjust control cable tension"", ""answer_text"": null, ""category"": null, ""source_file"": ""Sub5-10 questions.docx"", ""source_module"": ""M6"", ""fmt"": ""csv"", ""module"": ""M6"", ""syllabusRef"": ""M6.06.09"", ""level"": """", ""difficulty"": ""MEDIUM"", ""subTopic"": """", ""isEssay"": false}",False
M6,M6.6.1(c),,How is safety indicated in a correctly installed turnbuckle?,The end fittings are fully visible,No more than three threads are visible on the end fittings,All threads are completely hidden,,No more than three threads are visible on the end fittings,MEDIUM,,,,APPROVED,Answer extracted from source document bold marker,1,Sub5-10 questions.docx,"{""raw"": ""How is safety indicated in a correctly installed turnbuckle?"", ""question"": ""How is safety indicated in a correctly installed turnbuckle?"", ""options"": [""The end fittings are fully visible"", ""No more than three threads are visible on the end fittings"", ""All threads are completely hidden""], ""correct"": ""No more than three threads are visible on the end fittings"", ""answer_text"": null, ""category"": null, ""source_file"": ""Sub5-10 questions.docx"", ""source_module"": ""M6"", ""fmt"": ""csv"", ""module"": ""M6"", ""syllabusRef"": ""M6.6.1(c)"", ""level"": """", ""difficulty"": ""MEDIUM"", ""subTopic"": """", ""isEssay"": false}",False
M6,M6.6.1(c),,How is a turnbuckle locked after adjustment?,Using a single wrap of lockwire,Using the double figure-of-eight method with lockwire,By screwing the end fittings tight,,Using the double figure-of-eight method with lockwire,MEDIUM,,,,APPROVED,Answer extracted from source document bold marker,1,Sub5-10 questions.docx,"{""raw"": ""How is a turnbuckle locked after adjustment?"", ""question"": ""How is a turnbuckle locked after adjustment?"", ""options"": [""Using a single wrap of lockwire"", ""Using the double figure-of-eight method with lockwire"", ""By screwing the end fittings tight""], ""correct"": ""Using the double figure-of-eight method with lockwire"", ""answer_text"": null, ""category"": null, ""source_file"": ""Sub5-10 questions.docx"", ""source_module"": ""M6"", ""fmt"": ""csv"", ""module"": ""M6"", ""syllabusRef"": ""M6.6.1(c)"", ""level"": """", ""difficulty"": ""MEDIUM"", ""subTopic"": """", ""isEssay"": false}",False
M6,M6.6.1(C),,7. What is the material typically used for barrel-type turnbuckles?,Brass or steel,Aluminum,Copper,,Brass or steel,MEDIUM,,,,APPROVED,Answer extracted from source document bold marker,1,Sub5-10 questions.docx,"{""raw"": ""7. What is the material typically used for barrel-type turnbuckles?"", ""question"": ""7. What is the material typically used for barrel-type turnbuckles?"", ""options"": [""Brass or steel"", ""Aluminum"", ""Copper""], ""correct"": ""Brass or steel"", ""answer_text"": null, ""category"": null, ""source_file"": ""Sub5-10 questions.docx"", ""source_module"": ""M6"", ""fmt"": ""csv"", ""module"": ""M6"", ""syllabusRef"": ""M6.6.1(C)"", ""level"": """", ""difficulty"": ""MEDIUM"", ""subTopic"": """", ""isEssay"": false}",False
M6,M6.06.05,,8. What does a groove on the turnbuckle barrel indicate?,The left-hand threaded end,The safety-locking point,The tension level,,The left-hand threaded end,MEDIUM,,,,APPROVED,Answer extracted from source document bold marker,1,Sub5-10 questions.docx,"{""raw"": ""8. What does a groove on the turnbuckle barrel indicate?"", ""question"": ""8. What does a groove on the turnbuckle barrel indicate?"", ""options"": [""The left-hand threaded end"", ""The safety-locking point"", ""The tension level""], ""correct"": ""The left-hand threaded end"", ""answer_text"": null, ""category"": null, ""source_file"": ""Sub5-10 questions.docx"", ""source_module"": ""M6"", ""fmt"": ""csv"", ""module"": ""M6"", ""syllabusRef"": ""M6.06.05"", ""level"": """", ""difficulty"": ""MEDIUM"", ""subTopic"": """", ""isEssay"": false}",False
M6,M6.6.1(c),,How is a barrel-type turnbuckle tensioned?,By rotating the end fittings,By rotating the barrel,By twisting the cable,,By rotating the barrel,MEDIUM,,,,APPROVED,Answer extracted from source document bold marker,1,Sub5-10 questions.docx,"{""raw"": ""How is a barrel-type turnbuckle tensioned?"", ""question"": ""How is a barrel-type turnbuckle tensioned?"", ""options"": [""By rotating the end fittings"", ""By rotating the barrel"", ""By twisting the cable""], ""correct"": ""By rotating the barrel"", ""answer_text"": null, ""category"": null, ""source_file"": ""Sub5-10 questions.docx"", ""source_module"": ""M6"", ""fmt"": ""csv"", ""module"": ""M6"", ""syllabusRef"": ""M6.6.1(c)"", ""level"": """", ""difficulty"": ""MEDIUM"", ""subTopic"": """", ""isEssay"": false}",False
M6,M6.06.09,,10. What is the function of a fairlead in an aircraft control system?,To guide the control cable and prevent it from rubbing against the structure,To change the direction of cable tension,To connect two control cables,,To guide the control cable and prevent it from rubbing against the structure,MEDIUM,,,,APPROVED,Answer extracted from source document bold marker,1,Sub5-10 questions.docx,"{""raw"": ""10. What is the function of a fairlead in an aircraft control system?"", ""question"": ""10. What is the function of a fairlead in an aircraft control system?"", ""options"": [""To guide the control cable and prevent it from rubbing against the structure"", ""To change the direction of cable tension"", ""To connect two control cables""], ""correct"": ""To guide the control cable and prevent it from rubbing against the structure"", ""answer_text"": null, ""category"": null, ""source_file"": ""Sub5-10 questions.docx"", ""source_module"": ""M6"", ""fmt"": ""csv"", ""module"": ""M6"", ""syllabusRef"": ""M6.06.09"", ""level"": """", ""difficulty"": ""MEDIUM"", ""subTopic"": """", ""isEssay"": false}",False
M6,M6.06.09,,What material are most aircraft fairleads made of?,Aluminum,Tufnol or Nylon,Stainless steel,,Tufnol or Nylon,MEDIUM,,,,APPROVED,Answer extracted from source document bold marker,1,Sub5-10 questions.docx,"{""raw"": ""What material are most aircraft fairleads made of?"", ""question"": ""What material are most aircraft fairleads made of?"", ""options"": [""Aluminum"", ""Tufnol or Nylon"", ""Stainless steel""], ""correct"": ""Tufnol or Nylon"", ""answer_text"": null, ""category"": null, ""source_file"": ""Sub5-10 questions.docx"", ""source_module"": ""M6"", ""fmt"": ""csv"", ""module"": ""M6"", ""syllabusRef"": ""M6.06.09"", ""level"": """", ""difficulty"": ""MEDIUM"", ""subTopic"": """", ""isEssay"": false}",False
M6,M6.06.09,,Why are pulleys used in control cable systems?,To absorb cable tension,To change the direction of the cable run,To lock the cable in place,,To change the direction of the cable run,MEDIUM,,,,APPROVED,Answer extracted from source document bold marker,1,Sub5-10 questions.docx,"{""raw"": ""Why are pulleys used in control cable systems?"", ""question"": ""Why are pulleys used in control cable systems?"", ""options"": [""To absorb cable tension"", ""To change the direction of the cable run"", ""To lock the cable in place""], ""correct"": ""To change the direction of the cable run"", ""answer_text"": null, ""category"": null, ""source_file"": ""Sub5-10 questions.docx"", ""source_module"": ""M6"", ""fmt"": ""csv"", ""module"": ""M6"", ""syllabusRef"": ""M6.06.09"", ""level"": """", ""difficulty"": ""MEDIUM"", ""subTopic"": """", ""isEssay"": false}",False
M6,M6.06.09,,Why is cable tension compensation important in aircraft systems?,To allow for easy cable replacement,To maintain proper tension despite temperature changes,To reduce cable length during flight,,To maintain proper tension despite temperature changes,MEDIUM,,,,APPROVED,Answer extracted from source document bold marker,1,Sub5-10 questions.docx,"{""raw"": ""Why is cable tension compensation important in aircraft systems?"", ""question"": ""Why is cable tension compensation important in aircraft systems?"", ""options"": [""To allow for easy cable replacement"", ""To maintain proper tension despite temperature changes"", ""To reduce cable length during flight""], ""correct"": ""To maintain proper tension despite temperature changes"", ""answer_text"": null, ""category"": null, ""source_file"": ""Sub5-10 questions.docx"", ""source_module"": ""M6"", ""fmt"": ""csv"", ""module"": ""M6"", ""syllabusRef"": ""M6.06.09"", ""level"": """", ""difficulty"": ""MEDIUM"", ""subTopic"": """", ""isEssay"": false}",False
M6,,,What component is used to maintain cable tension during temperature fluctuations?,Fairlead,Cable tension regulator,Turnbuckle,,Cable tension regulator,MEDIUM,,,,APPROVED,Answer extracted from source document bold marker,1,Sub5-10 questions.docx,"{""raw"": ""What component is used to maintain cable tension during temperature fluctuations?"", ""question"": ""What component is used to maintain cable tension during temperature fluctuations?"", ""options"": [""Fairlead"", ""Cable tension regulator"", ""Turnbuckle""], ""correct"": ""Cable tension regulator"", ""answer_text"": null, ""category"": null, ""source_file"": ""Sub5-10 questions.docx"", ""source_module"": ""M6"", ""fmt"": ""csv"", ""module"": ""M6"", ""syllabusRef"": """", ""level"": """", ""difficulty"": ""MEDIUM"", ""subTopic"": """", ""isEssay"": false}",False
M6,M6.06.07,,15. What role do compression springs play in a cable tension regulator?,They maintain the desired cable tension,They reduce vibration in the system,They increase cable flexibility,,They maintain the desired cable tension,MEDIUM,,,,APPROVED,Answer extracted from source document bold marker,1,Sub5-10 questions.docx,"{""raw"": ""15. What role do compression springs play in a cable tension regulator?"", ""question"": ""15. What role do compression springs play in a cable tension regulator?"", ""options"": [""They maintain the desired cable tension"", ""They reduce vibration in the system"", ""They increase cable flexibility""], ""correct"": ""They maintain the desired cable tension"", ""answer_text"": null, ""category"": null, ""source_file"": ""Sub5-10 questions.docx"", ""source_module"": ""M6"", ""fmt"": ""csv"", ""module"": ""M6"", ""syllabusRef"": ""M6.06.07"", ""level"": """", ""difficulty"": ""MEDIUM"", ""subTopic"": """", ""isEssay"": false}",False
M6,M6.06.09,,16. What is the primary feature of Bowden controls?,A flexible outer casing with a control wire running through it,A rigid control rod system,A hydraulic-based system,,A flexible outer casing with a control wire running through it,MEDIUM,,,,APPROVED,Answer extracted from source document bold marker,1,Sub5-10 questions.docx,"{""raw"": ""16. What is the primary feature of Bowden controls?"", ""question"": ""16. What is the primary feature of Bowden controls?"", ""options"": [""A flexible outer casing with a control wire running through it"", ""A rigid control rod system"", ""A hydraulic-based system""], ""correct"": ""A flexible outer casing with a control wire running through it"", ""answer_text"": null, ""category"": null, ""source_file"": ""Sub5-10 questions.docx"", ""source_module"": ""M6"", ""fmt"": ""csv"", ""module"": ""M6"", ""syllabusRef"": ""M6.06.09"", ""level"": """", ""difficulty"": ""MEDIUM"", ""subTopic"": """", ""isEssay"": false}",False
M6,M6.06.09,,What is a common use for Bowden controls in aircraft?,Flight control surfaces,Throttle controls,Landing gear operation,,Throttle controls,MEDIUM,,,,APPROVED,Answer extracted from source document bold marker,1,Sub5-10 questions.docx,"{""raw"": ""What is a common use for Bowden controls in aircraft?"", ""question"": ""What is a common use for Bowden controls in aircraft?"", ""options"": [""Flight control surfaces"", ""Throttle controls"", ""Landing gear operation""], ""correct"": ""Throttle controls"", ""answer_text"": null, ""category"": null, ""source_file"": ""Sub5-10 questions.docx"", ""source_module"": ""M6"", ""fmt"": ""csv"", ""module"": ""M6"", ""syllabusRef"": ""M6.06.09"", ""level"": """", ""difficulty"": ""MEDIUM"", ""subTopic"": """", ""isEssay"": false}",False
M6,M6.06.09,,How is a Bowden control different from a standard control cable?,It is rigid,It has a flexible housing,It is used only for low-load applications,,It has a flexible housing,MEDIUM,,,,APPROVED,Answer extracted from source document bold marker,1,Sub5-10 questions.docx,"{""raw"": ""How is a Bowden control different from a standard control cable?"", ""question"": ""How is a Bowden control different from a standard control cable?"", ""options"": [""It is rigid"", ""It has a flexible housing"", ""It is used only for low-load applications""], ""correct"": ""It has a flexible housing"", ""answer_text"": null, ""category"": null, ""source_file"": ""Sub5-10 questions.docx"", ""source_module"": ""M6"", ""fmt"": ""csv"", ""module"": ""M6"", ""syllabusRef"": ""M6.06.09"", ""level"": """", ""difficulty"": ""MEDIUM"", ""subTopic"": """", ""isEssay"": false}",False
M6,M6.06.09,,What is the key benefit of Bowden Flex remote control systems?,High rigidity,Flexibility to operate in complex paths,Extreme strength,,Flexibility to operate in complex paths,MEDIUM,,,,APPROVED,Answer extracted from source document bold marker,1,Sub5-10 questions.docx,"{""raw"": ""What is the key benefit of Bowden Flex remote control systems?"", ""question"": ""What is the key benefit of Bowden Flex remote control systems?"", ""options"": [""High rigidity"", ""Flexibility to operate in complex paths"", ""Extreme strength""], ""correct"": ""Flexibility to operate in complex paths"", ""answer_text"": null, ""category"": null, ""source_file"": ""Sub5-10 questions.docx"", ""source_module"": ""M6"", ""fmt"": ""csv"", ""module"": ""M6"", ""syllabusRef"": ""M6.06.09"", ""level"": """", ""difficulty"": ""MEDIUM"", ""subTopic"": """", ""isEssay"": false}",False
M6,M6.06.09,,20. Where are Bowden Flex controls typically used in aircraft?,Throttle control systems,Primary flight control systems,Brake systems,,Throttle control systems,MEDIUM,,,,APPROVED,Answer extracted from source document bold marker,1,Sub5-10 questions.docx,"{""raw"": ""20. Where are Bowden Flex controls typically used in aircraft?"", ""question"": ""20. Where are Bowden Flex controls typically used in aircraft?"", ""options"": [""Throttle control systems"", ""Primary flight control systems"", ""Brake systems""], ""correct"": ""Throttle control systems"", ""answer_text"": null, ""category"": null, ""source_file"": ""Sub5-10 questions.docx"", ""source_module"": ""M6"", ""fmt"": ""csv"", ""module"": ""M6"", ""syllabusRef"": ""M6.06.09"", ""level"": """", ""difficulty"": ""MEDIUM"", ""subTopic"": """", ""isEssay"": false}",False
M6,M6.6.1(c),,What ensures smooth operation of a Bowden Flex cable?,Loose-fitting housing,Correct lubrication and tension,Minimal bends in the cable,,Correct lubrication and tension,MEDIUM,,,,APPROVED,Answer extracted from source document bold marker,1,Sub5-10 questions.docx,"{""raw"": ""What ensures smooth operation of a Bowden Flex cable?"", ""question"": ""What ensures smooth operation of a Bowden Flex cable?"", ""options"": [""Loose-fitting housing"", ""Correct lubrication and tension"", ""Minimal bends in the cable""], ""correct"": ""Correct lubrication and tension"", ""answer_text"": null, ""category"": null, ""source_file"": ""Sub5-10 questions.docx"", ""source_module"": ""M6"", ""fmt"": ""csv"", ""module"": ""M6"", ""syllabusRef"": ""M6.6.1(c)"", ""level"": """", ""difficulty"": ""MEDIUM"", ""subTopic"": """", ""isEssay"": false}",False
M6,M6.06.09,,22. What is the defining characteristic of Teleflex controls?,They are multi-stranded cables within a flexible sheath,They are single-strand rigid cables,"They only operate in tension, not compression",,They are multi-stranded cables within a flexible sheath,MEDIUM,,,,APPROVED,Answer extracted from source document bold marker,1,Sub5-10 questions.docx,"{""raw"": ""22. What is the defining characteristic of Teleflex controls?"", ""question"": ""22. What is the defining characteristic of Teleflex controls?"", ""options"": [""They are multi-stranded cables within a flexible sheath"", ""They are single-strand rigid cables"", ""They only operate in tension, not compression""], ""correct"": ""They are multi-stranded cables within a flexible sheath"", ""answer_text"": null, ""category"": null, ""source_file"": ""Sub5-10 questions.docx"", ""source_module"": ""M6"", ""fmt"": ""csv"", ""module"": ""M6"", ""syllabusRef"": ""M6.06.09"", ""level"": """", ""difficulty"": ""MEDIUM"", ""subTopic"": """", ""isEssay"": false}",False
M6,M6.06.09,,Where are Teleflex controls typically used in aircraft?,Landing gear controls,Throttle and engine control systems,Aileron control systems,,Throttle and engine control systems,MEDIUM,,,,APPROVED,Answer extracted from source document bold marker,1,Sub5-10 questions.docx,"{""raw"": ""Where are Teleflex controls typically used in aircraft?"", ""question"": ""Where are Teleflex controls typically used in aircraft?"", ""options"": [""Landing gear controls"", ""Throttle and engine control systems"", ""Aileron control systems""], ""correct"": ""Throttle and engine control systems"", ""answer_text"": null, ""category"": null, ""source_file"": ""Sub5-10 questions.docx"", ""source_module"": ""M6"", ""fmt"": ""csv"", ""module"": ""M6"", ""syllabusRef"": ""M6.06.09"", ""level"": """", ""difficulty"": ""MEDIUM"", ""subTopic"": """", ""isEssay"": false}",False
M6,M6.6.1(c),,What is the main advantage of Teleflex controls?,High-speed operation,Their ability to transmit both push and pull forces,Simplicity in installation,,Their ability to transmit both push and pull forces,MEDIUM,,,,APPROVED,Answer extracted from source document bold marker,1,Sub5-10 questions.docx,"{""raw"": ""What is the main advantage of Teleflex controls?"", ""question"": ""What is the main advantage of Teleflex controls?"", ""options"": [""High-speed operation"", ""Their ability to transmit both push and pull forces"", ""Simplicity in installation""], ""correct"": ""Their ability to transmit both push and pull forces"", ""answer_text"": null, ""category"": null, ""source_file"": ""Sub5-10 questions.docx"", ""source_module"": ""M6"", ""fmt"": ""csv"", ""module"": ""M6"", ""syllabusRef"": ""M6.6.1(c)"", ""level"": """", ""difficulty"": ""MEDIUM"", ""subTopic"": """", ""isEssay"": false}",False
M6,M6.06.09,,25. What is the purpose of conduit connectors in aircraft control systems?,To join flexible conduits together,To terminate control cables,To tension the cable,,To join flexible conduits together,MEDIUM,,,,APPROVED,Answer extracted from source document bold marker,1,Sub5-10 questions.docx,"{""raw"": ""25. What is the purpose of conduit connectors in aircraft control systems?"", ""question"": ""25. What is the purpose of conduit connectors in aircraft control systems?"", ""options"": [""To join flexible conduits together"", ""To terminate control cables"", ""To tension the cable""], ""correct"": ""To join flexible conduits together"", ""answer_text"": null, ""category"": null, ""source_file"": ""Sub5-10 questions.docx"", ""source_module"": ""M6"", ""fmt"": ""csv"", ""module"": ""M6"", ""syllabusRef"": ""M6.06.09"", ""level"": """", ""difficulty"": ""MEDIUM"", ""subTopic"": """", ""isEssay"": false}",False
M6,,,How are conduit connectors typically installed?,By welding,By screwing or clamping onto the conduit ends,By inserting into a crimped fitting,,By screwing or clamping onto the conduit ends,MEDIUM,,,,APPROVED,Answer extracted from source document bold marker,1,Sub5-10 questions.docx,"{""raw"": ""How are conduit connectors typically installed?"", ""question"": ""How are conduit connectors typically installed?"", ""options"": [""By welding"", ""By screwing or clamping onto the conduit ends"", ""By inserting into a crimped fitting""], ""correct"": ""By screwing or clamping onto the conduit ends"", ""answer_text"": null, ""category"": null, ""source_file"": ""Sub5-10 questions.docx"", ""source_module"": ""M6"", ""fmt"": ""csv"", ""module"": ""M6"", ""syllabusRef"": """", ""level"": """", ""difficulty"": ""MEDIUM"", ""subTopic"": """", ""isEssay"": false}",False
M6,M6.6.1(C),,27. What ensures a proper fit for a conduit connector?,"A tight, secure connection between the conduit and the connector",A flexible connection that allows movement,A loose-fitting conduit for easy adjustment,,"A tight, secure connection between the conduit and the connector",MEDIUM,,,,APPROVED,Answer extracted from source document bold marker,1,Sub5-10 questions.docx,"{""raw"": ""27. What ensures a proper fit for a conduit connector?"", ""question"": ""27. What ensures a proper fit for a conduit connector?"", ""options"": [""A tight, secure connection between the conduit and the connector"", ""A flexible connection that allows movement"", ""A loose-fitting conduit for easy adjustment""], ""correct"": ""A tight, secure connection between the conduit and the connector"", ""answer_text"": null, ""category"": null, ""source_file"": ""Sub5-10 questions.docx"", ""source_module"": ""M6"", ""fmt"": ""csv"", ""module"": ""M6"", ""syllabusRef"": ""M6.6.1(C)"", ""level"": """", ""difficulty"": ""MEDIUM"", ""subTopic"": """", ""isEssay"": false}",False
M6,M6.6.1(C),,Why are safety wires often used in conjunction with turnbuckles?,To increase cable tension,To prevent the turnbuckle from loosening,To allow for quick adjustments,,To prevent the turnbuckle from loosening,MEDIUM,,,,APPROVED,Answer extracted from source document bold marker,1,Sub5-10 questions.docx,"{""raw"": ""Why are safety wires often used in conjunction with turnbuckles?"", ""question"": ""Why are safety wires often used in conjunction with turnbuckles?"", ""options"": [""To increase cable tension"", ""To prevent the turnbuckle from loosening"", ""To allow for quick adjustments""], ""correct"": ""To prevent the turnbuckle from loosening"", ""answer_text"": null, ""category"": null, ""source_file"": ""Sub5-10 questions.docx"", ""source_module"": ""M6"", ""fmt"": ""csv"", ""module"": ""M6"", ""syllabusRef"": ""M6.6.1(C)"", ""level"": """", ""difficulty"": ""MEDIUM"", ""subTopic"": """", ""isEssay"": false}",False
M6,M6.6.1(c),,29. What is a visual indicator of correct turnbuckle safety installation?,Safety holes are properly aligned and secured,The lockwire is twisted at both ends,The turnbuckle is fully tightened,,Safety holes are properly aligned and secured,MEDIUM,,,,APPROVED,Answer extracted from source document bold marker,1,Sub5-10 questions.docx,"{""raw"": ""29. What is a visual indicator of correct turnbuckle safety installation?"", ""question"": ""29. What is a visual indicator of correct turnbuckle safety installation?"", ""options"": [""Safety holes are properly aligned and secured"", ""The lockwire is twisted at both ends"", ""The turnbuckle is fully tightened""], ""correct"": ""Safety holes are properly aligned and secured"", ""answer_text"": null, ""category"": null, ""source_file"": ""Sub5-10 questions.docx"", ""source_module"": ""M6"", ""fmt"": ""csv"", ""module"": ""M6"", ""syllabusRef"": ""M6.6.1(c)"", ""level"": """", ""difficulty"": ""MEDIUM"", ""subTopic"": """", ""isEssay"": false}",False
M6,M6.6.1(C),,What must be checked during routine inspection of cable-operated control systems?,Cable length,"Cable tension, integrity, and locking mechanisms",Cable color and markings,,"Cable tension, integrity, and locking mechanisms",MEDIUM,,,,APPROVED,Answer extracted from source document bold marker,1,Sub5-10 questions.docx,"{""raw"": ""What must be checked during routine inspection of cable-operated control systems?"", ""question"": ""What must be checked during routine inspection of cable-operated control systems?"", ""options"": [""Cable length"", ""Cable tension, integrity, and locking mechanisms"", ""Cable color and markings""], ""correct"": ""Cable tension, integrity, and locking mechanisms"", ""answer_text"": null, ""category"": null, ""source_file"": ""Sub5-10 questions.docx"", ""source_module"": ""M6"", ""fmt"": ""csv"", ""module"": ""M6"", ""syllabusRef"": ""M6.6.1(C)"", ""level"": """", ""difficulty"": ""MEDIUM"", ""subTopic"": """", ""isEssay"": false}",False
M6,M6.06.09,,1. What is the purpose of cable identification in aircraft systems?,To ensure proper identification of circuits and voltages,To match cables by color,To reduce installation time,,To ensure proper identification of circuits and voltages,MEDIUM,,,,APPROVED,Answer extracted from source document bold marker,1,Sub5-10 questions.docx,"{""raw"": ""1. What is the purpose of cable identification in aircraft systems?"", ""question"": ""1. What is the purpose of cable identification in aircraft systems?"", ""options"": [""To ensure proper identification of circuits and voltages"", ""To match cables by color"", ""To reduce installation time""], ""correct"": ""To ensure proper identification of circuits and voltages"", ""answer_text"": null, ""category"": null, ""source_file"": ""Sub5-10 questions.docx"", ""source_module"": ""M6"", ""fmt"": ""csv"", ""module"": ""M6"", ""syllabusRef"": ""M6.06.09"", ""level"": """", ""difficulty"": ""MEDIUM"", ""subTopic"": """", ""isEssay"": false}",False
M6,M6.6.6(A),,Where should identification markings be placed on a wire?,Only at one end,At each end and at maximum 15-inch intervals,Every 30 inches along the length,,At each end and at maximum 15-inch intervals,MEDIUM,,,,APPROVED,Answer extracted from source document bold marker,1,Sub5-10 questions.docx,"{""raw"": ""Where should identification markings be placed on a wire?"", ""question"": ""Where should identification markings be placed on a wire?"", ""options"": [""Only at one end"", ""At each end and at maximum 15-inch intervals"", ""Every 30 inches along the length""], ""correct"": ""At each end and at maximum 15-inch intervals"", ""answer_text"": null, ""category"": null, ""source_file"": ""Sub5-10 questions.docx"", ""source_module"": ""M6"", ""fmt"": ""csv"", ""module"": ""M6"", ""syllabusRef"": ""M6.6.6(A)"", ""level"": """", ""difficulty"": ""MEDIUM"", ""subTopic"": """", ""isEssay"": false}",False
M6,M6.6.1(c),,What is a commonly used method of marking wires?,By stamping the wire,Direct marking or heat shrinkable sleeves,Using stickers,,Direct marking or heat shrinkable sleeves,MEDIUM,,,,APPROVED,Answer extracted from source document bold marker,1,Sub5-10 questions.docx,"{""raw"": ""What is a commonly used method of marking wires?"", ""question"": ""What is a commonly used method of marking wires?"", ""options"": [""By stamping the wire"", ""Direct marking or heat shrinkable sleeves"", ""Using stickers""], ""correct"": ""Direct marking or heat shrinkable sleeves"", ""answer_text"": null, ""category"": null, ""source_file"": ""Sub5-10 questions.docx"", ""source_module"": ""M6"", ""fmt"": ""csv"", ""module"": ""M6"", ""syllabusRef"": ""M6.6.1(c)"", ""level"": """", ""difficulty"": ""MEDIUM"", ""subTopic"": """", ""isEssay"": false}",False
M6,M6.06.09,,What unit is used to indicate wire size in aircraft electrical installations?,Square inches,Circular mil,Square meters,,Circular mil,MEDIUM,,,,APPROVED,Answer extracted from source document bold marker,1,Sub5-10 questions.docx,"{""raw"": ""What unit is used to indicate wire size in aircraft electrical installations?"", ""question"": ""What unit is used to indicate wire size in aircraft electrical installations?"", ""options"": [""Square inches"", ""Circular mil"", ""Square meters""], ""correct"": ""Circular mil"", ""answer_text"": null, ""category"": null, ""source_file"": ""Sub5-10 questions.docx"", ""source_module"": ""M6"", ""fmt"": ""csv"", ""module"": ""M6"", ""syllabusRef"": ""M6.06.09"", ""level"": """", ""difficulty"": ""MEDIUM"", ""subTopic"": """", ""isEssay"": false}",False
M6,M6.6.1(c),,5. How is the size of a wire in American Wire Gauge (AWG) determined?,By the cross-sectional area of the wire,By its length,By the number of strands,,By the cross-sectional area of the wire,MEDIUM,,,,APPROVED,Answer extracted from source document bold marker,1,Sub5-10 questions.docx,"{""raw"": ""5. How is the size of a wire in American Wire Gauge (AWG) determined?"", ""question"": ""5. How is the size of a wire in American Wire Gauge (AWG) determined?"", ""options"": [""By the cross-sectional area of the wire"", ""By its length"", ""By the number of strands""], ""correct"": ""By the cross-sectional area of the wire"", ""answer_text"": null, ""category"": null, ""source_file"": ""Sub5-10 questions.docx"", ""source_module"": ""M6"", ""fmt"": ""csv"", ""module"": ""M6"", ""syllabusRef"": ""M6.6.1(c)"", ""level"": """", ""difficulty"": ""MEDIUM"", ""subTopic"": """", ""isEssay"": false}",False
M6,M6.6.1(c),,6. What happens to the resistance of a wire as the cross-sectional area increases?,The resistance decreases,The resistance increases,The resistance stays the same,,The resistance decreases,MEDIUM,,,,APPROVED,Answer extracted from source document bold marker,1,Sub5-10 questions.docx,"{""raw"": ""6. What happens to the resistance of a wire as the cross-sectional area increases?"", ""question"": ""6. What happens to the resistance of a wire as the cross-sectional area increases?"", ""options"": [""The resistance decreases"", ""The resistance increases"", ""The resistance stays the same""], ""correct"": ""The resistance decreases"", ""answer_text"": null, ""category"": null, ""source_file"": ""Sub5-10 questions.docx"", ""source_module"": ""M6"", ""fmt"": ""csv"", ""module"": ""M6"", ""syllabusRef"": ""M6.6.1(c)"", ""level"": """", ""difficulty"": ""MEDIUM"", ""subTopic"": """", ""isEssay"": false}",False
M6,M6.6.1(c),,7. What is the approximate diameter of a wire with AWG size 20?,0.032 inches,0.125 inches,0.050 inches,,0.032 inches,MEDIUM,,,,APPROVED,Answer extracted from source document bold marker,1,Sub5-10 questions.docx,"{""raw"": ""7. What is the approximate diameter of a wire with AWG size 20?"", ""question"": ""7. What is the approximate diameter of a wire with AWG size 20?"", ""options"": [""0.032 inches"", ""0.125 inches"", ""0.050 inches""], ""correct"": ""0.032 inches"", ""answer_text"": null, ""category"": null, ""source_file"": ""Sub5-10 questions.docx"", ""source_module"": ""M6"", ""fmt"": ""csv"", ""module"": ""M6"", ""syllabusRef"": ""M6.6.1(c)"", ""level"": """", ""difficulty"": ""MEDIUM"", ""subTopic"": """", ""isEssay"": false}",False
M6,M6.6.1(c),,How are larger wires represented in the AWG system?,By increasing numbers,By smaller numbers,By color coding,,By smaller numbers,MEDIUM,,,,APPROVED,Answer extracted from source document bold marker,1,Sub5-10 questions.docx,"{""raw"": ""How are larger wires represented in the AWG system?"", ""question"": ""How are larger wires represented in the AWG system?"", ""options"": [""By increasing numbers"", ""By smaller numbers"", ""By color coding""], ""correct"": ""By smaller numbers"", ""answer_text"": null, ""category"": null, ""source_file"": ""Sub5-10 questions.docx"", ""source_module"": ""M6"", ""fmt"": ""csv"", ""module"": ""M6"", ""syllabusRef"": ""M6.6.1(c)"", ""level"": """", ""difficulty"": ""MEDIUM"", ""subTopic"": """", ""isEssay"": false}",False
M6,M6.6.6(A),,What should wire identification indicate?,Only the voltage rating,"Type of circuit, size of cable, and location",The wire’s length and insulation type,,"Type of circuit, size of cable, and location",MEDIUM,,,,APPROVED,Answer extracted from source document bold marker,1,Sub5-10 questions.docx,"{""raw"": ""What should wire identification indicate?"", ""question"": ""What should wire identification indicate?"", ""options"": [""Only the voltage rating"", ""Type of circuit, size of cable, and location"", ""The wire’s length and insulation type""], ""correct"": ""Type of circuit, size of cable, and location"", ""answer_text"": null, ""category"": null, ""source_file"": ""Sub5-10 questions.docx"", ""source_module"": ""M6"", ""fmt"": ""csv"", ""module"": ""M6"", ""syllabusRef"": ""M6.6.6(A)"", ""level"": """", ""difficulty"": ""MEDIUM"", ""subTopic"": """", ""isEssay"": false}",False
M6,,,11. How are individual wires inside a cable typically identified?,By their color,By their thickness,Within 3 inches of their termination with identification marks,,Within 3 inches of their termination with identification marks,MEDIUM,,,,APPROVED,Answer extracted from source document bold marker,1,Sub5-10 questions.docx,"{""raw"": ""11. How are individual wires inside a cable typically identified?"", ""question"": ""11. How are individual wires inside a cable typically identified?"", ""options"": [""By their color"", ""By their thickness"", ""Within 3 inches of their termination with identification marks""], ""correct"": ""Within 3 inches of their termination with identification marks"", ""answer_text"": null, ""category"": null, ""source_file"": ""Sub5-10 questions.docx"", ""source_module"": ""M6"", ""fmt"": ""csv"", ""module"": ""M6"", ""syllabusRef"": """", ""level"": """", ""difficulty"": ""MEDIUM"", ""subTopic"": """", ""isEssay"": false}",False
M6,M6.6.6(A),,What is the preferred method for wire identification?,Using a barcode,Direct marking on the wire without damaging the insulation,Attaching labels,,Direct marking on the wire without damaging the insulation,MEDIUM,,,,APPROVED,Answer extracted from source document bold marker,1,Sub5-10 questions.docx,"{""raw"": ""What is the preferred method for wire identification?"", ""question"": ""What is the preferred method for wire identification?"", ""options"": [""Using a barcode"", ""Direct marking on the wire without damaging the insulation"", ""Attaching labels""], ""correct"": ""Direct marking on the wire without damaging the insulation"", ""answer_text"": null, ""category"": null, ""source_file"": ""Sub5-10 questions.docx"", ""source_module"": ""M6"", ""fmt"": ""csv"", ""module"": ""M6"", ""syllabusRef"": ""M6.6.6(A)"", ""level"": """", ""difficulty"": ""MEDIUM"", ""subTopic"": """", ""isEssay"": false}",False
M6,M6.6.6(A),,13. Where should identification numbers be placed on a wire less than 3 inches long?,At both ends,Every inch along the wire,No identification is required,,No identification is required,MEDIUM,,,,APPROVED,Answer extracted from source document bold marker,1,Sub5-10 questions.docx,"{""raw"": ""13. Where should identification numbers be placed on a wire less than 3 inches long?"", ""question"": ""13. Where should identification numbers be placed on a wire less than 3 inches long?"", ""options"": [""At both ends"", ""Every inch along the wire"", ""No identification is required""], ""correct"": ""No identification is required"", ""answer_text"": null, ""category"": null, ""source_file"": ""Sub5-10 questions.docx"", ""source_module"": ""M6"", ""fmt"": ""csv"", ""module"": ""M6"", ""syllabusRef"": ""M6.6.6(A)"", ""level"": """", ""difficulty"": ""MEDIUM"", ""subTopic"": """", ""isEssay"": false}",False
M6,M6.6.6(A),,14. How should identification numbers be positioned on a wire?,Horizontally or vertically,Only horizontally,Randomly,,Horizontally or vertically,MEDIUM,,,,APPROVED,Answer extracted from source document bold marker,1,Sub5-10 questions.docx,"{""raw"": ""14. How should identification numbers be positioned on a wire?"", ""question"": ""14. How should identification numbers be positioned on a wire?"", ""options"": [""Horizontally or vertically"", ""Only horizontally"", ""Randomly""], ""correct"": ""Horizontally or vertically"", ""answer_text"": null, ""category"": null, ""source_file"": ""Sub5-10 questions.docx"", ""source_module"": ""M6"", ""fmt"": ""csv"", ""module"": ""M6"", ""syllabusRef"": ""M6.6.6(A)"", ""level"": """", ""difficulty"": ""MEDIUM"", ""subTopic"": """", ""isEssay"": false}",False
M6,M6.6.6(A),,15. What is the maximum spacing between identification numbers on wires longer than 15 inches?,15 inches,10 inches,20 inches,,15 inches,MEDIUM,,,,APPROVED,Answer extracted from source document bold marker,1,Sub5-10 questions.docx,"{""raw"": ""15. What is the maximum spacing between identification numbers on wires longer than 15 inches?"", ""question"": ""15. What is the maximum spacing between identification numbers on wires longer than 15 inches?"", ""options"": [""15 inches"", ""10 inches"", ""20 inches""], ""correct"": ""15 inches"", ""answer_text"": null, ""category"": null, ""source_file"": ""Sub5-10 questions.docx"", ""source_module"": ""M6"", ""fmt"": ""csv"", ""module"": ""M6"", ""syllabusRef"": ""M6.6.6(A)"", ""level"": """", ""difficulty"": ""MEDIUM"", ""subTopic"": """", ""isEssay"": false}",False
M6,M6.06.01,,What is the benefit of open wiring systems?,Increased mechanical protection,Ease of installation and maintenance,Lower electrical resistance,,Ease of installation and maintenance,MEDIUM,,,,APPROVED,Answer extracted from source document bold marker,1,Sub5-10 questions.docx,"{""raw"": ""What is the benefit of open wiring systems?"", ""question"": ""What is the benefit of open wiring systems?"", ""options"": [""Increased mechanical protection"", ""Ease of installation and maintenance"", ""Lower electrical resistance""], ""correct"": ""Ease of installation and maintenance"", ""answer_text"": null, ""category"": null, ""source_file"": ""Sub5-10 questions.docx"", ""source_module"": ""M6"", ""fmt"": ""csv"", ""module"": ""M6"", ""syllabusRef"": ""M6.06.01"", ""level"": """", ""difficulty"": ""MEDIUM"", ""subTopic"": """", ""isEssay"": false}",False
M6,,,17. In what situation is open wiring typically used?,When there is no danger of mechanical damage,When routing through hydraulic lines,In high-vibration areas,,When there is no danger of mechanical damage,MEDIUM,,,,APPROVED,Answer extracted from source document bold marker,1,Sub5-10 questions.docx,"{""raw"": ""17. In what situation is open wiring typically used?"", ""question"": ""17. In what situation is open wiring typically used?"", ""options"": [""When there is no danger of mechanical damage"", ""When routing through hydraulic lines"", ""In high-vibration areas""], ""correct"": ""When there is no danger of mechanical damage"", ""answer_text"": null, ""category"": null, ""source_file"": ""Sub5-10 questions.docx"", ""source_module"": ""M6"", ""fmt"": ""csv"", ""module"": ""M6"", ""syllabusRef"": """", ""level"": """", ""difficulty"": ""MEDIUM"", ""subTopic"": """", ""isEssay"": false}",False
M6,,,What is a key disadvantage of open wiring?,Increased weight,Lack of mechanical protection,Complicated installation,,Lack of mechanical protection,MEDIUM,,,,APPROVED,Answer extracted from source document bold marker,1,Sub5-10 questions.docx,"{""raw"": ""What is a key disadvantage of open wiring?"", ""question"": ""What is a key disadvantage of open wiring?"", ""options"": [""Increased weight"", ""Lack of mechanical protection"", ""Complicated installation""], ""correct"": ""Lack of mechanical protection"", ""answer_text"": null, ""category"": null, ""source_file"": ""Sub5-10 questions.docx"", ""source_module"": ""M6"", ""fmt"": ""csv"", ""module"": ""M6"", ""syllabusRef"": """", ""level"": """", ""difficulty"": ""MEDIUM"", ""subTopic"": """", ""isEssay"": false}",False
M6,M6.6.1(c),,Why is slack provided in wire bundles?,To save wire,To allow for movement and prevent stress on connectors,To make the wires appear longer,,To allow for movement and prevent stress on connectors,MEDIUM,,,,APPROVED,Answer extracted from source document bold marker,1,Sub5-10 questions.docx,"{""raw"": ""Why is slack provided in wire bundles?"", ""question"": ""Why is slack provided in wire bundles?"", ""options"": [""To save wire"", ""To allow for movement and prevent stress on connectors"", ""To make the wires appear longer""], ""correct"": ""To allow for movement and prevent stress on connectors"", ""answer_text"": null, ""category"": null, ""source_file"": ""Sub5-10 questions.docx"", ""source_module"": ""M6"", ""fmt"": ""csv"", ""module"": ""M6"", ""syllabusRef"": ""M6.6.1(c)"", ""level"": """", ""difficulty"": ""MEDIUM"", ""subTopic"": """", ""isEssay"": false}",False
M6,M6.6.1(c),,How much slack is generally allowed in wire bundles?,10% of the wire length,Enough to allow movement without stretching,No slack is required,,Enough to allow movement without stretching,MEDIUM,,,,APPROVED,Answer extracted from source document bold marker,1,Sub5-10 questions.docx,"{""raw"": ""How much slack is generally allowed in wire bundles?"", ""question"": ""How much slack is generally allowed in wire bundles?"", ""options"": [""10% of the wire length"", ""Enough to allow movement without stretching"", ""No slack is required""], ""correct"": ""Enough to allow movement without stretching"", ""answer_text"": null, ""category"": null, ""source_file"": ""Sub5-10 questions.docx"", ""source_module"": ""M6"", ""fmt"": ""csv"", ""module"": ""M6"", ""syllabusRef"": ""M6.6.1(c)"", ""level"": """", ""difficulty"": ""MEDIUM"", ""subTopic"": """", ""isEssay"": false}",False
M6,M6.6.1(c),,What is the effect of too much slack in a wire bundle?,Improved performance,Increased risk of chafing or wear,No significant effect,,Increased risk of chafing or wear,MEDIUM,,,,APPROVED,Answer extracted from source document bold marker,1,Sub5-10 questions.docx,"{""raw"": ""What is the effect of too much slack in a wire bundle?"", ""question"": ""What is the effect of too much slack in a wire bundle?"", ""options"": [""Improved performance"", ""Increased risk of chafing or wear"", ""No significant effect""], ""correct"": ""Increased risk of chafing or wear"", ""answer_text"": null, ""category"": null, ""source_file"": ""Sub5-10 questions.docx"", ""source_module"": ""M6"", ""fmt"": ""csv"", ""module"": ""M6"", ""syllabusRef"": ""M6.6.1(c)"", ""level"": """", ""difficulty"": ""MEDIUM"", ""subTopic"": """", ""isEssay"": false}",False
M6,M6.06.09,,Why is grounding important in aircraft electrical systems?,To increase current flow,To prevent electrical interference and ensure safety,To reduce the number of wires required,,To prevent electrical interference and ensure safety,MEDIUM,,,,APPROVED,Answer extracted from source document bold marker,1,Sub5-10 questions.docx,"{""raw"": ""Why is grounding important in aircraft electrical systems?"", ""question"": ""Why is grounding important in aircraft electrical systems?"", ""options"": [""To increase current flow"", ""To prevent electrical interference and ensure safety"", ""To reduce the number of wires required""], ""correct"": ""To prevent electrical interference and ensure safety"", ""answer_text"": null, ""category"": null, ""source_file"": ""Sub5-10 questions.docx"", ""source_module"": ""M6"", ""fmt"": ""csv"", ""module"": ""M6"", ""syllabusRef"": ""M6.06.09"", ""level"": """", ""difficulty"": ""MEDIUM"", ""subTopic"": """", ""isEssay"": false}",False
M6,M6.06.01,,What is bonding in electrical systems?,The process of gluing wires together,Connecting conductive parts to maintain an electrical connection,Insulating wires from the airframe,,Connecting conductive parts to maintain an electrical connection,MEDIUM,,,,APPROVED,Answer extracted from source document bold marker,1,Sub5-10 questions.docx,"{""raw"": ""What is bonding in electrical systems?"", ""question"": ""What is bonding in electrical systems?"", ""options"": [""The process of gluing wires together"", ""Connecting conductive parts to maintain an electrical connection"", ""Insulating wires from the airframe""], ""correct"": ""Connecting conductive parts to maintain an electrical connection"", ""answer_text"": null, ""category"": null, ""source_file"": ""Sub5-10 questions.docx"", ""source_module"": ""M6"", ""fmt"": ""csv"", ""module"": ""M6"", ""syllabusRef"": ""M6.06.01"", ""level"": """", ""difficulty"": ""MEDIUM"", ""subTopic"": """", ""isEssay"": false}",False
M6,M6.06.04,,24. How is proper grounding achieved in an aircraft?,By ensuring a low-resistance connection to the aircraft structure,By using insulated wires only,By connecting to any available metal surface,,By ensuring a low-resistance connection to the aircraft structure,MEDIUM,,,,APPROVED,Answer extracted from source document bold marker,1,Sub5-10 questions.docx,"{""raw"": ""24. How is proper grounding achieved in an aircraft?"", ""question"": ""24. How is proper grounding achieved in an aircraft?"", ""options"": [""By ensuring a low-resistance connection to the aircraft structure"", ""By using insulated wires only"", ""By connecting to any available metal surface""], ""correct"": ""By ensuring a low-resistance connection to the aircraft structure"", ""answer_text"": null, ""category"": null, ""source_file"": ""Sub5-10 questions.docx"", ""source_module"": ""M6"", ""fmt"": ""csv"", ""module"": ""M6"", ""syllabusRef"": ""M6.06.04"", ""level"": """", ""difficulty"": ""MEDIUM"", ""subTopic"": """", ""isEssay"": false}",False
M6,M6.06.09,,What is crimping used for in aircraft wiring?,To solder two wires together,To attach a terminal to a wire by compressing it,To remove insulation,,To attach a terminal to a wire by compressing it,MEDIUM,,,,APPROVED,Answer extracted from source document bold marker,1,Sub5-10 questions.docx,"{""raw"": ""What is crimping used for in aircraft wiring?"", ""question"": ""What is crimping used for in aircraft wiring?"", ""options"": [""To solder two wires together"", ""To attach a terminal to a wire by compressing it"", ""To remove insulation""], ""correct"": ""To attach a terminal to a wire by compressing it"", ""answer_text"": null, ""category"": null, ""source_file"": ""Sub5-10 questions.docx"", ""source_module"": ""M6"", ""fmt"": ""csv"", ""module"": ""M6"", ""syllabusRef"": ""M6.06.09"", ""level"": """", ""difficulty"": ""MEDIUM"", ""subTopic"": """", ""isEssay"": false}",False
M6,M6.06.09,,26. Why is crimping preferred over soldering in many aircraft applications?,"It provides a stronger, more reliable connection",It is faster than soldering,It is cheaper,,"It provides a stronger, more reliable connection",MEDIUM,,,,APPROVED,Answer extracted from source document bold marker,1,Sub5-10 questions.docx,"{""raw"": ""26. Why is crimping preferred over soldering in many aircraft applications?"", ""question"": ""26. Why is crimping preferred over soldering in many aircraft applications?"", ""options"": [""It provides a stronger, more reliable connection"", ""It is faster than soldering"", ""It is cheaper""], ""correct"": ""It provides a stronger, more reliable connection"", ""answer_text"": null, ""category"": null, ""source_file"": ""Sub5-10 questions.docx"", ""source_module"": ""M6"", ""fmt"": ""csv"", ""module"": ""M6"", ""syllabusRef"": ""M6.06.09"", ""level"": """", ""difficulty"": ""MEDIUM"", ""subTopic"": """", ""isEssay"": false}",False
M6,,,27. What tool is used to crimp electrical connectors?,Crimping pliers,Wire cutters,Pliers,,Crimping pliers,MEDIUM,,,,APPROVED,Answer extracted from source document bold marker,1,Sub5-10 questions.docx,"{""raw"": ""27. What tool is used to crimp electrical connectors?"", ""question"": ""27. What tool is used to crimp electrical connectors?"", ""options"": [""Crimping pliers"", ""Wire cutters"", ""Pliers""], ""correct"": ""Crimping pliers"", ""answer_text"": null, ""category"": null, ""source_file"": ""Sub5-10 questions.docx"", ""source_module"": ""M6"", ""fmt"": ""csv"", ""module"": ""M6"", ""syllabusRef"": """", ""level"": """", ""difficulty"": ""MEDIUM"", ""subTopic"": """", ""isEssay"": false}",False
M6,M6.6.1(c),,What is the purpose of wire splicing?,To increase the length of the wire,To join two sections of wire,To insulate the wire,,To join two sections of wire,MEDIUM,,,,APPROVED,Answer extracted from source document bold marker,1,Sub5-10 questions.docx,"{""raw"": ""What is the purpose of wire splicing?"", ""question"": ""What is the purpose of wire splicing?"", ""options"": [""To increase the length of the wire"", ""To join two sections of wire"", ""To insulate the wire""], ""correct"": ""To join two sections of wire"", ""answer_text"": null, ""category"": null, ""source_file"": ""Sub5-10 questions.docx"", ""source_module"": ""M6"", ""fmt"": ""csv"", ""module"": ""M6"", ""syllabusRef"": ""M6.6.1(c)"", ""level"": """", ""difficulty"": ""MEDIUM"", ""subTopic"": """", ""isEssay"": false}",False
M6,M6.6.1(c),,What must be ensured when splicing wires in aircraft systems?,The wires are different sizes,The splice is properly insulated and secure,The splice is exposed for easy access,,The splice is properly insulated and secure,MEDIUM,,,,APPROVED,Answer extracted from source document bold marker,1,Sub5-10 questions.docx,"{""raw"": ""What must be ensured when splicing wires in aircraft systems?"", ""question"": ""What must be ensured when splicing wires in aircraft systems?"", ""options"": [""The wires are different sizes"", ""The splice is properly insulated and secure"", ""The splice is exposed for easy access""], ""correct"": ""The splice is properly insulated and secure"", ""answer_text"": null, ""category"": null, ""source_file"": ""Sub5-10 questions.docx"", ""source_module"": ""M6"", ""fmt"": ""csv"", ""module"": ""M6"", ""syllabusRef"": ""M6.6.1(c)"", ""level"": """", ""difficulty"": ""MEDIUM"", ""subTopic"": """", ""isEssay"": false}",False
M6,M6.6.1(c),,"30. When splicing a wire, what is a common method of joining the two sections?",Using a crimped splice connector,Using electrical tape,Tying the wires together,,Using a crimped splice connector,MEDIUM,,,,APPROVED,Answer extracted from source document bold marker,1,Sub5-10 questions.docx,"{""raw"": ""30. When splicing a wire, what is a common method of joining the two sections?"", ""question"": ""30. When splicing a wire, what is a common method of joining the two sections?"", ""options"": [""Using a crimped splice connector"", ""Using electrical tape"", ""Tying the wires together""], ""correct"": ""Using a crimped splice connector"", ""answer_text"": null, ""category"": null, ""source_file"": ""Sub5-10 questions.docx"", ""source_module"": ""M6"", ""fmt"": ""csv"", ""module"": ""M6"", ""syllabusRef"": ""M6.6.1(c)"", ""level"": """", ""difficulty"": ""MEDIUM"", ""subTopic"": """", ""isEssay"": false}",False
